Date,Close,High,Low,Open,Volume,Ticker,Company,Sector
2021-05-21,3205.83349609375,3217.3330410586686,3183.377114895649,3204.5008232311825,471439,APOLLOHOSP.NS,Apollo Hospitals,Healthcare
2021-05-24,3219.01123046875,3242.602672542831,3198.331425503573,3206.080207129107,611909,APOLLOHOSP.NS,Apollo Hospitals,Healthcare
2021-05-25,3158.3544921875,3224.835354148701,3129.728772790404,3224.0950338194657,622276,APOLLOHOSP.NS,Apollo Hospitals,Healthcare
2021-05-26,3142.51123046875,3178.4413405310697,3137.0822157566627,3163.6349367708317,260821,APOLLOHOSP.NS,Apollo Hospitals,Healthcare
2021-05-27,3157.712646484375,3181.9952471326687,3112.898690316818,3145.3739756244017,1084157,APOLLOHOSP.NS,Apollo Hospitals,Healthcare
2021-05-28,3108.70361328125,3165.6094681923,3099.4741908711635,3157.712718661418,555829,APOLLOHOSP.NS,Apollo Hospitals,Healthcare
2021-05-31,3127.85302734375,3145.176569231586,3084.6676798261833,3104.409552977071,635444,APOLLOHOSP.NS,Apollo Hospitals,Healthcare
2021-06-01,3197.986083984375,3207.06729744742,3120.0550878198965,3148.828771578107,706976,APOLLOHOSP.NS,Apollo Hospitals,Healthcare
2021-06-02,3231.350341796875,3258.3966153680017,3178.4420180202865,3202.4284454225403,843219,APOLLOHOSP.NS,Apollo Hospitals,Healthcare
2021-06-03,3381.43701171875,3390.6664330488156,3224.884115182538,3228.7830866092218,1098294,APOLLOHOSP.NS,Apollo Hospitals,Healthcare
2021-06-04,3336.525146484375,3384.3991977186965,3331.4417096048605,3381.1419808388487,380548,APOLLOHOSP.NS,Apollo Hospitals,Healthcare
2021-06-07,3272.511962890625,3336.524848088332,3265.306130305979,3336.524848088332,526855,APOLLOHOSP.NS,Apollo Hospitals,Healthcare
2021-06-08,3246.9951171875,3269.7476737263805,3213.5821421569512,3256.4219096221373,766456,APOLLOHOSP.NS,Apollo Hospitals,Healthcare
2021-06-09,3263.23291015625,3288.601410600482,3209.041563356706,3247.5382169927907,587528,APOLLOHOSP.NS,Apollo Hospitals,Healthcare
2021-06-10,3282.77734375,3301.8282996258936,3254.497206727545,3279.5692893482706,749909,APOLLOHOSP.NS,Apollo Hospitals,Healthcare
2021-06-11,3293.4873046875,3302.8152913081167,3259.086995230643,3299.212495948667,277612,APOLLOHOSP.NS,Apollo Hospitals,Healthcare
2021-06-14,3306.961181640625,3316.6347478531297,3242.6027222314083,3301.8283427287856,317756,APOLLOHOSP.NS,Apollo Hospitals,Healthcare
2021-06-15,3255.73095703125,3313.623901839364,3252.4734998653203,3311.699117465296,461588,APOLLOHOSP.NS,Apollo Hospitals,Healthcare
2021-06-16,3251.684326171875,3282.086863207951,3235.6934549159887,3267.280456306261,419575,APOLLOHOSP.NS,Apollo Hospitals,Healthcare
2021-06-17,3198.77587890625,3240.579151700993,3183.574491625706,3214.9641188780834,356502,APOLLOHOSP.NS,Apollo Hospitals,Healthcare
2021-06-18,3179.92236328125,3211.0158149166245,3121.733237704412,3193.248128267839,520516,APOLLOHOSP.NS,Apollo Hospitals,Healthcare
2021-06-21,3196.20947265625,3210.0287847677964,3139.9451304878107,3153.764442599357,200280,APOLLOHOSP.NS,Apollo Hospitals,Healthcare
2021-06-22,3216.148681640625,3260.3211252169176,3188.4114929496527,3196.2094368722787,567861,APOLLOHOSP.NS,Apollo Hospitals,Healthcare
2021-06-23,3202.921875,3232.682655415664,3170.5451515311343,3232.682655415664,504942,APOLLOHOSP.NS,Apollo Hospitals,Healthcare
2021-06-24,3161.907958984375,3239.296010246156,3101.2016951968035,3188.213910229785,1754163,APOLLOHOSP.NS,Apollo Hospitals,Healthcare
2021-06-25,3394.615234375,3420.279670575567,3180.6626748952726,3211.262579595949,3717669,APOLLOHOSP.NS,Apollo Hospitals,Healthcare
2021-06-28,3409.56982421875,3444.9572320093343,3358.290351441649,3403.351326305154,1213113,APOLLOHOSP.NS,Apollo Hospitals,Healthcare
2021-06-29,3544.801513671875,3558.4234551961645,3375.860520009382,3375.860520009382,2268589,APOLLOHOSP.NS,Apollo Hospitals,Healthcare
2021-06-30,3573.131103515625,3612.614850158384,3536.361864454556,3570.317790171463,1291906,APOLLOHOSP.NS,Apollo Hospitals,Healthcare
2021-07-01,3630.97509765625,3649.2363327412186,3548.6021692141553,3573.1315462511934,876022,APOLLOHOSP.NS,Apollo Hospitals,Healthcare
2021-07-02,3685.0185546875,3696.567504039587,3619.672992816058,3653.2341822776743,573795,APOLLOHOSP.NS,Apollo Hospitals,Healthcare
2021-07-05,3670.11328125,3714.384290293993,3654.9118932666242,3711.472411998473,444545,APOLLOHOSP.NS,Apollo Hospitals,Healthcare
2021-07-06,3658.415771484375,3702.341438082973,3648.298061762226,3669.9153158946624,344090,APOLLOHOSP.NS,Apollo Hospitals,Healthcare
2021-07-07,3667.6455078125,3709.30081443257,3649.8778209233033,3667.0531551869894,466002,APOLLOHOSP.NS,Apollo Hospitals,Healthcare
2021-07-08,3624.015869140625,3671.9887214130235,3609.8018156471576,3652.2468465667166,459811,APOLLOHOSP.NS,Apollo Hospitals,Healthcare
2021-07-09,3677.81201171875,3695.6785025849067,3625.594855767725,3625.594855767725,469932,APOLLOHOSP.NS,Apollo Hospitals,Healthcare
2021-07-12,3699.034912109375,3739.900736735235,3681.958383535066,3696.6659835758514,464757,APOLLOHOSP.NS,Apollo Hospitals,Healthcare
2021-07-13,3701.897705078125,3721.2940006929434,3672.975810268827,3719.369216095926,246112,APOLLOHOSP.NS,Apollo Hospitals,Healthcare
2021-07-14,3706.33935546875,3726.278599378751,3661.0316114811803,3705.5496323358493,395272,APOLLOHOSP.NS,Apollo Hospitals,Healthcare
2021-07-15,3713.7919921875,3748.9817853779214,3702.1442386005565,3726.130663150434,399845,APOLLOHOSP.NS,Apollo Hospitals,Healthcare
2021-07-16,3730.325927734375,3738.1238716305256,3694.0993958645154,3713.792108127876,226565,APOLLOHOSP.NS,Apollo Hospitals,Healthcare
2021-07-19,3833.625244140625,3869.357988691422,3716.407864612669,3730.325982493544,1044561,APOLLOHOSP.NS,Apollo Hospitals,Healthcare
2021-07-20,3832.835205078125,3857.561948982817,3768.0326039430975,3839.794263445025,357815,APOLLOHOSP.NS,Apollo Hospitals,Healthcare
2021-07-22,3933.86474609375,3952.323350908297,3839.7946640942246,3839.7946640942246,760359,APOLLOHOSP.NS,Apollo Hospitals,Healthcare
2021-07-23,3868.3212890625,3948.127908721095,3862.4975328022115,3933.8644533798024,335985,APOLLOHOSP.NS,Apollo Hospitals,Healthcare
2021-07-26,4047.4296875,4105.1250241980015,3879.2781818720937,3886.187837666777,1982531,APOLLOHOSP.NS,Apollo Hospitals,Healthcare
2021-07-27,4025.615234375,4135.577385783788,3998.173978915215,4067.7146879689694,859687,APOLLOHOSP.NS,Apollo Hospitals,Healthcare
2021-07-28,3976.408447265625,4047.08445760405,3934.0622209221806,4047.08445760405,455244,APOLLOHOSP.NS,Apollo Hospitals,Healthcare
2021-07-29,3986.62451171875,4002.220639714926,3941.6623473936024,3987.858378791396,449417,APOLLOHOSP.NS,Apollo Hospitals,Healthcare
2021-07-30,3982.9228515625,4033.708771323153,3955.7777763659774,3978.97447698846,627367,APOLLOHOSP.NS,Apollo Hospitals,Healthcare
2021-08-02,3995.9033203125,4040.1251668796986,3982.97253725815,4007.254898018896,344295,APOLLOHOSP.NS,Apollo Hospitals,Healthcare
2021-08-03,4039.87841796875,4170.470965268465,4011.5982792983627,4037.805665751417,981680,APOLLOHOSP.NS,Apollo Hospitals,Healthcare
2021-08-04,4013.917724609375,4075.3151455307925,4000.345186236657,4057.7445884861386,305863,APOLLOHOSP.NS,Apollo Hospitals,Healthcare
2021-08-05,4021.1728515625,4058.6332492555644,3983.910065395827,4032.080284850281,270458,APOLLOHOSP.NS,Apollo Hospitals,Healthcare
2021-08-06,4035.28857421875,4124.126768997192,4020.6301359211375,4037.0159882475746,717143,APOLLOHOSP.NS,Apollo Hospitals,Healthcare
2021-08-09,3952.02685546875,4057.9420538436275,3938.503720466085,4055.967866515073,431991,APOLLOHOSP.NS,Apollo Hospitals,Healthcare
2021-08-10,4010.364501953125,4034.0547517537857,3948.3749667767925,3972.0652165774536,364246,APOLLOHOSP.NS,Apollo Hospitals,Healthcare
2021-08-11,3974.384765625,4030.4514942912137,3864.4717871104235,4012.5358402564166,831738,APOLLOHOSP.NS,Apollo Hospitals,Healthcare
2021-08-12,4079.75732421875,4089.4802941705652,3924.0432832594074,3975.0265796720905,556973,APOLLOHOSP.NS,Apollo Hospitals,Healthcare
2021-08-13,4011.64794921875,4092.2440603923187,3986.0820755857585,4091.4545781558368,553736,APOLLOHOSP.NS,Apollo Hospitals,Healthcare
2021-08-16,4289.02099609375,4318.041454909754,4071.9095407560267,4092.490541103176,3709012,APOLLOHOSP.NS,Apollo Hospitals,Healthcare
2021-08-17,4856.99560546875,4909.8051298854925,4276.337610363174,4288.923057770901,8069431,APOLLOHOSP.NS,Apollo Hospitals,Healthcare
2021-08-18,4728.9892578125,4901.934912013204,4703.457221507821,4790.325271663115,2941548,APOLLOHOSP.NS,Apollo Hospitals,Healthcare
2021-08-20,4688.09912109375,4873.98370346691,4639.405900610117,4660.937480762964,2331020,APOLLOHOSP.NS,Apollo Hospitals,Healthcare
2021-08-23,4684.88916015625,4780.102960299687,4662.12295974004,4721.186988994228,699991,APOLLOHOSP.NS,Apollo Hospitals,Healthcare
2021-08-24,4781.189453125,4828.796593643864,4692.197946304859,4760.694760948717,1576663,APOLLOHOSP.NS,Apollo Hospitals,Healthcare
2021-08-25,4712.93896484375,4819.955910248304,4691.5554454261155,4805.14047199959,469002,APOLLOHOSP.NS,Apollo Hospitals,Healthcare
2021-08-26,4642.56591796875,4721.18661155306,4589.230337001414,4717.680483861794,800419,APOLLOHOSP.NS,Apollo Hospitals,Healthcare
2021-08-27,4706.47021484375,4772.546979508502,4618.812196542554,4659.06080776254,937887,APOLLOHOSP.NS,Apollo Hospitals,Healthcare
2021-08-30,4699.0126953125,4768.596068214768,4663.505315113102,4731.261354044905,632354,APOLLOHOSP.NS,Apollo Hospitals,Healthcare
2021-08-31,4908.40380859375,4983.913350622217,4707.457373585184,4707.457373585184,2883159,APOLLOHOSP.NS,Apollo Hospitals,Healthcare
2021-09-01,4977.048828125,5009.395868824909,4884.452337571826,4923.664057680766,841956,APOLLOHOSP.NS,Apollo Hospitals,Healthcare
2021-09-02,4981.44384765625,5058.977969206962,4951.3191252703045,4977.048408366011,900686,APOLLOHOSP.NS,Apollo Hospitals,Healthcare
2021-09-03,4952.8505859375,5010.8777236183,4905.885835923939,4991.815384489549,567961,APOLLOHOSP.NS,Apollo Hospitals,Healthcare
2021-09-06,4934.03515625,4977.987626363728,4910.824301246122,4967.122970829997,439776,APOLLOHOSP.NS,Apollo Hospitals,Healthcare
2021-09-07,4817.04248046875,4961.19690148313,4800.202456939681,4958.628795483581,479021,APOLLOHOSP.NS,Apollo Hospitals,Healthcare
2021-09-08,4752.2001953125,4841.14250493544,4733.137856395139,4839.710152899196,642506,APOLLOHOSP.NS,Apollo Hospitals,Healthcare
2021-09-09,4661.48046875,4760.694724962801,4627.355764823802,4756.447825067749,838279,APOLLOHOSP.NS,Apollo Hospitals,Healthcare
2021-09-13,4687.4560546875,4736.988900973414,4623.749677683166,4676.739459155362,1151299,APOLLOHOSP.NS,Apollo Hospitals,Healthcare
2021-09-14,4674.22119140625,4714.272063270772,4638.911066482317,4714.272063270772,528943,APOLLOHOSP.NS,Apollo Hospitals,Healthcare
2021-09-15,4733.08837890625,4759.904710870131,4628.886451896609,4691.555955410358,659281,APOLLOHOSP.NS,Apollo Hospitals,Healthcare
2021-09-16,4820.69677734375,4829.832964444181,4733.087957860529,4759.706555348979,779552,APOLLOHOSP.NS,Apollo Hospitals,Healthcare
2021-09-17,4847.857421875,4884.6490867178345,4804.5965431033455,4815.0165398340805,814867,APOLLOHOSP.NS,Apollo Hospitals,Healthcare
2021-09-20,4818.080078125,4891.613757854502,4722.866277727838,4804.153467711689,434640,APOLLOHOSP.NS,Apollo Hospitals,Healthcare
2021-09-21,4831.4130859375,4858.426663719827,4731.211149675667,4798.226409131486,462221,APOLLOHOSP.NS,Apollo Hospitals,Healthcare
2021-09-22,4844.5498046875,4948.3567462583005,4809.980446180705,4864.402589884657,562041,APOLLOHOSP.NS,Apollo Hospitals,Healthcare
2021-09-23,5021.64306640625,5070.830123231419,4844.647790114942,4870.722862194228,696944,APOLLOHOSP.NS,Apollo Hospitals,Healthcare
2021-09-24,4673.57958984375,5134.043643169769,4653.578746485884,5092.659278553116,1949974,APOLLOHOSP.NS,Apollo Hospitals,Healthcare
2021-09-27,4509.375,4712.297323514269,4409.173536383428,4690.370280765875,1885178,APOLLOHOSP.NS,Apollo Hospitals,Healthcare
2021-09-28,4356.775390625,4572.932714147258,4322.15684554613,4523.646789899743,1051440,APOLLOHOSP.NS,Apollo Hospitals,Healthcare
2021-09-29,4369.07373046875,4451.645221490462,4345.8628719481185,4365.6167940933365,571896,APOLLOHOSP.NS,Apollo Hospitals,Healthcare
2021-09-30,4426.4580078125,4445.273421653273,4329.713002243047,4390.308241696162,808446,APOLLOHOSP.NS,Apollo Hospitals,Healthcare
2021-10-01,4404.5302734375,4464.384731558634,4380.430593907642,4426.457311709789,534563,APOLLOHOSP.NS,Apollo Hospitals,Healthcare
2021-10-04,4492.2880859375,4508.831993031317,4386.2096378025735,4405.025052662595,535335,APOLLOHOSP.NS,Apollo Hospitals,Healthcare
2021-10-05,4427.24853515625,4520.536616976849,4414.062696859689,4514.758498816171,425555,APOLLOHOSP.NS,Apollo Hospitals,Healthcare
2021-10-06,4324.87353515625,4453.52092949347,4302.403452843991,4439.693186532079,480575,APOLLOHOSP.NS,Apollo Hospitals,Healthcare
2021-10-07,4373.81396484375,4413.025688603066,4327.096137370195,4355.739321114485,276775,APOLLOHOSP.NS,Apollo Hospitals,Healthcare
2021-10-08,4325.3671875,4404.135934021237,4311.88523517706,4404.135934021237,269607,APOLLOHOSP.NS,Apollo Hospitals,Healthcare
2021-10-11,4323.29296875,4368.529729879077,4306.354080690036,4346.948478226447,331320,APOLLOHOSP.NS,Apollo Hospitals,Healthcare
2021-10-12,4297.76123046875,4352.825280144325,4240.474864886986,4295.489722674012,612692,APOLLOHOSP.NS,Apollo Hospitals,Healthcare
2021-10-13,4323.63818359375,4354.750599991969,4286.599592643489,4331.045901783802,302343,APOLLOHOSP.NS,Apollo Hospitals,Healthcare
2021-10-14,4275.14404296875,4375.2471471238905,4259.291712211736,4349.764778625592,436160,APOLLOHOSP.NS,Apollo Hospitals,Healthcare
2021-10-18,4277.1181640625,4394.2589924812755,4268.475825068521,4394.2589924812755,345049,APOLLOHOSP.NS,Apollo Hospitals,Healthcare
2021-10-19,4248.12939453125,4333.663958679252,4174.6449136604915,4298.4526951654925,285362,APOLLOHOSP.NS,Apollo Hospitals,Healthcare
2021-10-20,4095.727294921875,4264.22828400659,4084.1218700191603,4248.128554139264,510321,APOLLOHOSP.NS,Apollo Hospitals,Healthcare
2021-10-21,4083.97509765625,4182.793894279791,4025.1083167821444,4135.4833500685445,698306,APOLLOHOSP.NS,Apollo Hospitals,Healthcare
2021-10-22,3978.834228515625,4137.902949027636,3953.1049421862144,4104.370478952961,347114,APOLLOHOSP.NS,Apollo Hospitals,Healthcare
2021-10-25,4112.765625,4198.596300114129,3906.3371870497117,3995.624797727601,1151030,APOLLOHOSP.NS,Apollo Hospitals,Healthcare
2021-10-26,4215.4375,4255.48838144775,4084.6661586970336,4112.766303898905,790450,APOLLOHOSP.NS,Apollo Hospitals,Healthcare
2021-10-27,4223.9306640625,4271.88358887005,4163.286232891387,4226.152979814259,623848,APOLLOHOSP.NS,Apollo Hospitals,Healthcare
2021-10-28,4236.72119140625,4260.9197388335615,4173.014811444552,4225.164957480603,537955,APOLLOHOSP.NS,Apollo Hospitals,Healthcare
2021-10-29,4209.609375,4295.489731663833,4109.852083002288,4236.721822021616,705546,APOLLOHOSP.NS,Apollo Hospitals,Healthcare
2021-11-01,4283.2421875,4296.477216263235,4205.609192379047,4228.523930441809,239375,APOLLOHOSP.NS,Apollo Hospitals,Healthcare
2021-11-02,4237.1162109375,4340.923138298932,4218.004200324449,4286.599868081312,389193,APOLLOHOSP.NS,Apollo Hospitals,Healthcare
2021-11-03,4383.98681640625,4395.197260554214,4247.141269517501,4263.882906779382,667752,APOLLOHOSP.NS,Apollo Hospitals,Healthcare
2021-11-04,4383.9375,4422.902296661771,4365.467875798254,4393.27141928351,69818,APOLLOHOSP.NS,Apollo Hospitals,Healthcare
2021-11-08,4351.14697265625,4419.939907385784,4324.133388722897,4383.987866940178,285968,APOLLOHOSP.NS,Apollo Hospitals,Healthcare
2021-11-09,4477.126953125,4499.49817032669,4365.616174886321,4399.197837770062,547476,APOLLOHOSP.NS,Apollo Hospitals,Healthcare
2021-11-10,4496.83154296875,4527.598174949864,4424.877797507721,4466.459892907732,359967,APOLLOHOSP.NS,Apollo Hospitals,Healthcare
2021-11-11,4511.0537109375,4669.924679230649,4471.3481462662285,4489.176345090507,1110123,APOLLOHOSP.NS,Apollo Hospitals,Healthcare
2021-11-12,4612.04638671875,4630.318762380876,4514.906390460276,4556.142697697776,423439,APOLLOHOSP.NS,Apollo Hospitals,Healthcare
2021-11-15,5018.43359375,5084.213753792992,4741.730206082132,4741.730206082132,3044498,APOLLOHOSP.NS,Apollo Hospitals,Healthcare
2021-11-16,5034.1376953125,5140.956905158086,4977.987089720798,5017.494923766201,1118231,APOLLOHOSP.NS,Apollo Hospitals,Healthcare
2021-11-17,5663.3994140625,5772.4901429278325,5012.705029546647,5017.495451383064,6482125,APOLLOHOSP.NS,Apollo Hospitals,Healthcare
2021-11-18,5519.837890625,5771.897617199148,5477.910003058195,5663.399598821921,2165157,APOLLOHOSP.NS,Apollo Hospitals,Healthcare
2021-11-22,5352.81787109375,5570.604814645032,5247.628258902315,5528.133891412809,1204625,APOLLOHOSP.NS,Apollo Hospitals,Healthcare
2021-11-23,5387.14013671875,5471.835056592909,5284.172843460661,5308.371391996136,763056,APOLLOHOSP.NS,Apollo Hospitals,Healthcare
2021-11-24,5330.7919921875,5414.005363767057,5239.825112083251,5398.745270668947,697909,APOLLOHOSP.NS,Apollo Hospitals,Healthcare
2021-11-25,5630.90380859375,5679.251718305034,5259.530131014151,5333.5581354516835,1575738,APOLLOHOSP.NS,Apollo Hospitals,Healthcare
2021-11-26,5617.61962890625,5862.37049446469,5558.2098134689295,5638.756225959279,2613669,APOLLOHOSP.NS,Apollo Hospitals,Healthcare
2021-11-29,5657.0283203125,5785.92263647152,5481.712296418049,5699.005396456242,1189390,APOLLOHOSP.NS,Apollo Hospitals,Healthcare
2021-11-30,5617.767578125,5758.218133587108,5560.333155715813,5684.190130035493,1352746,APOLLOHOSP.NS,Apollo Hospitals,Healthcare
2021-12-01,5502.45361328125,5694.0666093280215,5463.637359053288,5648.33648410868,835169,APOLLOHOSP.NS,Apollo Hospitals,Healthcare
2021-12-02,5524.13427734375,5737.52579523853,5510.207667941423,5556.530511716846,1236317,APOLLOHOSP.NS,Apollo Hospitals,Healthcare
2021-12-03,5365.55908203125,5585.074494633138,5353.311749391379,5524.133947292843,844674,APOLLOHOSP.NS,Apollo Hospitals,Healthcare
2021-12-06,5234.59033203125,5400.720968786593,5211.132555328857,5399.73327292544,489242,APOLLOHOSP.NS,Apollo Hospitals,Healthcare
2021-12-07,5249.2578125,5368.374032089771,5171.526436103397,5234.5904322264505,595254,APOLLOHOSP.NS,Apollo Hospitals,Healthcare
2021-12-08,5267.8759765625,5300.963788546159,5213.058855216439,5247.628211020261,557196,APOLLOHOSP.NS,Apollo Hospitals,Healthcare
2021-12-09,5168.41455078125,5319.72974497736,5146.882974577984,5303.9266116837025,689987,APOLLOHOSP.NS,Apollo Hospitals,Healthcare
2021-12-10,5180.76171875,5262.839354117409,5166.144010625584,5200.219523170576,416165,APOLLOHOSP.NS,Apollo Hospitals,Healthcare
2021-12-13,5142.6357421875,5263.430741564402,5111.325593468902,5221.651403535811,480443,APOLLOHOSP.NS,Apollo Hospitals,Healthcare
2021-12-14,5147.87060546875,5185.403046567716,5002.728512046434,5062.928765086878,1007056,APOLLOHOSP.NS,Apollo Hospitals,Healthcare
2021-12-15,5128.66015625,5205.058530623518,5106.436998484339,5165.649560640423,377883,APOLLOHOSP.NS,Apollo Hospitals,Healthcare
2021-12-16,5140.26513671875,5177.501461850862,5079.719576173023,5165.599920190322,265216,APOLLOHOSP.NS,Apollo Hospitals,Healthcare
2021-12-17,4727.80419921875,5136.018725386768,4671.801648284502,5136.018725386768,1133941,APOLLOHOSP.NS,Apollo Hospitals,Healthcare
2021-12-20,4647.06005859375,4764.6450636163,4586.020162071445,4721.186443633067,994682,APOLLOHOSP.NS,Apollo Hospitals,Healthcare
2021-12-21,4787.955078125,4810.079371386755,4637.2817686161725,4701.432814743523,1004676,APOLLOHOSP.NS,Apollo Hospitals,Healthcare
2021-12-22,4716.79150390625,4839.957389687215,4691.556063673133,4839.908197795922,779992,APOLLOHOSP.NS,Apollo Hospitals,Healthcare
2021-12-23,4817.5361328125,4838.722403606607,4727.6558023923735,4743.903593493067,582129,APOLLOHOSP.NS,Apollo Hospitals,Healthcare
2021-12-24,4782.91748046875,4845.586979343157,4764.398182015722,4819.956077374806,348742,APOLLOHOSP.NS,Apollo Hospitals,Healthcare
2021-12-27,4780.4970703125,4800.201795282727,4696.493731804397,4794.621410226423,315490,APOLLOHOSP.NS,Apollo Hospitals,Healthcare
2021-12-28,4784.59619140625,4833.783249379443,4751.014534177214,4795.06538107663,348173,APOLLOHOSP.NS,Apollo Hospitals,Healthcare
2021-12-29,4915.3681640625,4929.88700635334,4773.534917563908,4805.141190554193,861183,APOLLOHOSP.NS,Apollo Hospitals,Healthcare
2021-12-30,4909.58935546875,4948.010629215297,4879.217706787834,4938.430268426324,617460,APOLLOHOSP.NS,Apollo Hospitals,Healthcare
2021-12-31,4951.71435546875,4994.580259575267,4892.057621649324,4918.725410016886,504012,APOLLOHOSP.NS,Apollo Hospitals,Healthcare
2022-01-03,4929.09716796875,5005.643612316526,4917.590605369874,4976.457386768147,310798,APOLLOHOSP.NS,Apollo Hospitals,Healthcare
2022-01-04,4903.515625,4967.024284462512,4860.550849289626,4953.295406609746,369814,APOLLOHOSP.NS,Apollo Hospitals,Healthcare
2022-01-05,4912.05908203125,5075.4239023147065,4861.439662546185,4900.947502144284,966342,APOLLOHOSP.NS,Apollo Hospitals,Healthcare
2022-01-06,4903.36669921875,4976.011533762412,4844.647989897704,4908.848218102261,585391,APOLLOHOSP.NS,Apollo Hospitals,Healthcare
2022-01-07,4960.06103515625,4996.852709532553,4896.9965518847375,4898.971943797559,549876,APOLLOHOSP.NS,Apollo Hospitals,Healthcare
2022-01-10,5002.92578125,5022.432771858497,4901.933893162974,4960.059883152319,542304,APOLLOHOSP.NS,Apollo Hospitals,Healthcare
2022-01-11,4996.80322265625,5078.238950223986,4958.53000291081,4987.864766825076,742409,APOLLOHOSP.NS,Apollo Hospitals,Healthcare
2022-01-12,4952.7021484375,5036.261316748804,4944.059809445236,5012.556615512882,360219,APOLLOHOSP.NS,Apollo Hospitals,Healthcare
2022-01-13,4922.0341796875,4988.851707066334,4892.205572295201,4963.072749088314,457570,APOLLOHOSP.NS,Apollo Hospitals,Healthcare
2022-01-14,4912.8486328125,4953.29497310946,4869.34082102286,4936.405276646772,207639,APOLLOHOSP.NS,Apollo Hospitals,Healthcare
2022-01-17,4851.3154296875,4923.368039881067,4839.710002640352,4912.79950063941,337077,APOLLOHOSP.NS,Apollo Hospitals,Healthcare
2022-01-18,4559.00634765625,4849.487795898337,4449.56983951818,4839.709703360507,3507266,APOLLOHOSP.NS,Apollo Hospitals,Healthcare
2022-01-19,4460.38623046875,4558.217332640189,4345.862679006897,4558.217332640189,2404880,APOLLOHOSP.NS,Apollo Hospitals,Healthcare
2022-01-20,4587.64990234375,4666.863309522683,4434.754763969703,4469.324121818019,2747887,APOLLOHOSP.NS,Apollo Hospitals,Healthcare
2022-01-21,4633.9228515625,4675.504940730077,4488.929302660547,4592.736226529153,1008450,APOLLOHOSP.NS,Apollo Hospitals,Healthcare
2022-01-24,4442.8046875,4652.83814646431,4407.3464973826585,4632.294262474014,737762,APOLLOHOSP.NS,Apollo Hospitals,Healthcare
2022-01-25,4430.80322265625,4479.200315369169,4197.805887050146,4360.676823010999,917284,APOLLOHOSP.NS,Apollo Hospitals,Healthcare
2022-01-27,4239.4375,4372.529515405673,4098.937765740579,4372.529515405673,1244330,APOLLOHOSP.NS,Apollo Hospitals,Healthcare
2022-01-28,4423.4951171875,4508.831949637234,4281.908808250782,4292.526539567015,932049,APOLLOHOSP.NS,Apollo Hospitals,Healthcare
2022-01-31,4402.50634765625,4527.597934985589,4304.427856951892,4527.597934985589,934551,APOLLOHOSP.NS,Apollo Hospitals,Healthcare
2022-02-01,4456.53271484375,4476.484363241529,4389.320207456639,4423.691828953126,548762,APOLLOHOSP.NS,Apollo Hospitals,Healthcare
2022-02-02,4608.88623046875,4625.380948648795,4465.028386464193,4474.263441678207,676206,APOLLOHOSP.NS,Apollo Hospitals,Healthcare
2022-02-03,4585.67431640625,4646.862270117729,4546.166480537243,4610.515254027598,777217,APOLLOHOSP.NS,Apollo Hospitals,Healthcare
2022-02-04,4630.21923828125,4735.01386350477,4545.12933800231,4582.908703934529,829635,APOLLOHOSP.NS,Apollo Hospitals,Healthcare
2022-02-07,4420.08740234375,4666.418674044399,4395.296137722674,4629.7258662209315,597040,APOLLOHOSP.NS,Apollo Hospitals,Healthcare
2022-02-08,4345.3681640625,4473.9663646911295,4326.108093781963,4442.162363421092,628869,APOLLOHOSP.NS,Apollo Hospitals,Healthcare
2022-02-09,4520.93115234375,4530.561187569126,4375.54211992923,4459.150965422622,842211,APOLLOHOSP.NS,Apollo Hospitals,Healthcare
2022-02-10,4534.16552734375,4566.1175822203995,4472.385349332059,4519.745072528622,487802,APOLLOHOSP.NS,Apollo Hospitals,Healthcare
2022-02-11,4459.34765625,4556.685366382801,4421.3710422293225,4553.27762297471,572726,APOLLOHOSP.NS,Apollo Hospitals,Healthcare
2022-02-14,4431.1494140625,4620.441229010089,4348.5779437845595,4423.988619083808,1094132,APOLLOHOSP.NS,Apollo Hospitals,Healthcare
2022-02-15,4606.02099609375,4617.478365069242,4446.5081071186305,4474.262458559073,791080,APOLLOHOSP.NS,Apollo Hospitals,Healthcare
2022-02-16,4528.388671875,4665.876155392042,4499.004714291826,4637.23296984878,584166,APOLLOHOSP.NS,Apollo Hospitals,Healthcare
2022-02-17,4508.5361328125,4610.071088899124,4494.016808675097,4527.598472739922,520450,APOLLOHOSP.NS,Apollo Hospitals,Healthcare
2022-02-18,4416.53125,4536.289373570744,4407.641987219491,4448.582173712405,388145,APOLLOHOSP.NS,Apollo Hospitals,Healthcare
2022-02-21,4372.18408203125,4469.274881091149,4336.627028632971,4415.988492880755,392246,APOLLOHOSP.NS,Apollo Hospitals,Healthcare
2022-02-22,4519.74560546875,4548.882634358765,4247.092346680182,4273.760135833756,833525,APOLLOHOSP.NS,Apollo Hospitals,Healthcare
2022-02-23,4554.06787109375,4676.739889618866,4534.017838077171,4538.462469440061,755051,APOLLOHOSP.NS,Apollo Hospitals,Healthcare
2022-02-24,4328.0341796875,4479.200842099727,4297.513990997597,4370.554294661806,814710,APOLLOHOSP.NS,Apollo Hospitals,Healthcare
2022-02-25,4576.439453125,4689.184836076304,4410.802668920151,4513.769959573439,1187316,APOLLOHOSP.NS,Apollo Hospitals,Healthcare
2022-02-28,4743.705078125,4766.619813028167,4514.955122315539,4558.216004377329,1617666,APOLLOHOSP.NS,Apollo Hospitals,Healthcare
2022-03-02,4801.43701171875,4843.611822349978,4721.384446633815,4767.608424904378,1194676,APOLLOHOSP.NS,Apollo Hospitals,Healthcare
2022-03-03,4857.29052734375,4907.86074849275,4815.066529155369,4819.955816591793,930907,APOLLOHOSP.NS,Apollo Hospitals,Healthcare
2022-03-04,4688.83984375,4829.240733927376,4673.975211834806,4819.956487966718,738388,APOLLOHOSP.NS,Apollo Hospitals,Healthcare
2022-03-07,4606.95947265625,4674.566967721129,4527.449952619326,4563.155062988683,643012,APOLLOHOSP.NS,Apollo Hospitals,Healthcare
2022-03-08,4664.14697265625,4681.678574914633,4538.8576510480025,4602.662902764175,670238,APOLLOHOSP.NS,Apollo Hospitals,Healthcare
2022-03-09,4652.98583984375,4755.656531491813,4636.244202700117,4720.198347827835,447387,APOLLOHOSP.NS,Apollo Hospitals,Healthcare
2022-03-10,4711.01318359375,4759.706397070702,4686.616902697755,4746.471368868654,363906,APOLLOHOSP.NS,Apollo Hospitals,Healthcare
2022-03-11,4794.37451171875,4803.1649083103375,4676.986763741831,4689.579885802485,436703,APOLLOHOSP.NS,Apollo Hospitals,Healthcare
2022-03-14,4862.919921875,4954.82481655184,4804.2012178748955,4829.832114952524,626924,APOLLOHOSP.NS,Apollo Hospitals,Healthcare
2022-03-15,4753.73193359375,4937.492592210834,4642.171470972379,4889.046293492307,686998,APOLLOHOSP.NS,Apollo Hospitals,Healthcare
2022-03-16,4882.82275390625,4896.156648595371,4772.744334892319,4833.388766875569,477521,APOLLOHOSP.NS,Apollo Hospitals,Healthcare
2022-03-17,4780.349609375,4936.504438053837,4765.5341698850425,4886.131943787981,852493,APOLLOHOSP.NS,Apollo Hospitals,Healthcare
2022-03-21,4708.7421875,4854.427359057519,4696.544044477608,4815.0183819858075,509842,APOLLOHOSP.NS,Apollo Hospitals,Healthcare
2022-03-22,4620.04638671875,4768.59575196574,4416.827957562381,4738.964875296525,1255679,APOLLOHOSP.NS,Apollo Hospitals,Healthcare
2022-03-23,4551.50048828125,4658.023106424138,4539.0554233526145,4639.701540191282,896055,APOLLOHOSP.NS,Apollo Hospitals,Healthcare
2022-03-24,4571.59912109375,4627.354740924143,4502.510090473193,4543.351407533454,719101,APOLLOHOSP.NS,Apollo Hospitals,Healthcare
2022-03-25,4625.5771484375,4705.382775908818,4565.524954628649,4612.539371010534,968364,APOLLOHOSP.NS,Apollo Hospitals,Healthcare
2022-03-28,4601.27978515625,4661.924211280528,4543.449906264601,4654.812608557372,524802,APOLLOHOSP.NS,Apollo Hospitals,Healthcare
2022-03-29,4556.98193359375,4639.701464764376,4542.462611034149,4628.244095932633,778391,APOLLOHOSP.NS,Apollo Hospitals,Healthcare
2022-03-30,4558.01904296875,4635.948638658064,4523.301627041288,4619.453923507397,4839707,APOLLOHOSP.NS,Apollo Hospitals,Healthcare
2022-03-31,4460.533203125,4577.674024198501,4445.470841822832,4568.093181805159,1225845,APOLLOHOSP.NS,Apollo Hospitals,Healthcare
2022-04-01,4451.44677734375,4501.918136806509,4400.284320080545,4501.918136806509,827880,APOLLOHOSP.NS,Apollo Hospitals,Healthcare
2022-04-04,4508.7822265625,4526.906059041399,4443.6434943220775,4500.929851883909,619577,APOLLOHOSP.NS,Apollo Hospitals,Healthcare
2022-04-05,4498.21435546875,4548.339925769027,4486.26313781932,4548.339925769027,487075,APOLLOHOSP.NS,Apollo Hospitals,Healthcare
2022-04-06,4456.23681640625,4552.290239223451,4442.804056195134,4510.807012916794,653418,APOLLOHOSP.NS,Apollo Hospitals,Healthcare
2022-04-07,4480.6826171875,4527.302058312723,4434.754756127383,4475.250289535228,413722,APOLLOHOSP.NS,Apollo Hospitals,Healthcare
2022-04-08,4549.4755859375,4571.550686788796,4458.4595009537925,4517.721257723227,685882,APOLLOHOSP.NS,Apollo Hospitals,Healthcare
2022-04-11,4604.78662109375,4628.985172101318,4519.2028626584,4550.315285382417,652187,APOLLOHOSP.NS,Apollo Hospitals,Healthcare
2022-04-12,4569.37744140625,4624.392297055029,4538.018095948861,4611.552250096099,574409,APOLLOHOSP.NS,Apollo Hospitals,Healthcare
2022-04-13,4686.07373046875,4705.382991270433,4572.0440526009315,4572.0440526009315,812061,APOLLOHOSP.NS,Apollo Hospitals,Healthcare
2022-04-18,4498.4599609375,4686.072947694672,4462.409068726672,4666.368226029031,579482,APOLLOHOSP.NS,Apollo Hospitals,Healthcare
2022-04-19,4757.0888671875,4810.078651565787,4527.00493261856,4537.474604783004,1713344,APOLLOHOSP.NS,Apollo Hospitals,Healthcare
2022-04-20,4722.12548828125,4790.325705676398,4673.184861037539,4746.867080717684,777140,APOLLOHOSP.NS,Apollo Hospitals,Healthcare
2022-04-21,4825.1416015625,4843.315110444034,4711.408510274503,4780.448360178599,771623,APOLLOHOSP.NS,Apollo Hospitals,Healthcare
2022-04-22,4754.47216796875,4800.202297357254,4729.088189248258,4790.276146009737,381911,APOLLOHOSP.NS,Apollo Hospitals,Healthcare
2022-04-25,4618.515625,4706.964089959654,4551.648896074591,4706.964089959654,421185,APOLLOHOSP.NS,Apollo Hospitals,Healthcare
2022-04-26,4567.154296875,4682.665506659201,4544.388102961187,4674.763940733601,548203,APOLLOHOSP.NS,Apollo Hospitals,Healthcare
2022-04-27,4467.29931640625,4601.625957380742,4444.631502832451,4563.15500957465,476441,APOLLOHOSP.NS,Apollo Hospitals,Healthcare
2022-04-28,4482.01611328125,4546.364407252927,4449.61939711775,4523.647400655747,552600,APOLLOHOSP.NS,Apollo Hospitals,Healthcare
2022-04-29,4399.5439453125,4539.450992703871,4376.481146360064,4489.0784947430575,465103,APOLLOHOSP.NS,Apollo Hospitals,Healthcare
2022-05-02,4251.78369140625,4385.369554525524,4237.215177683445,4385.369554525524,568610,APOLLOHOSP.NS,Apollo Hospitals,Healthcare
2022-05-04,3963.919677734375,4272.130206211797,3946.881924860432,4249.561260298019,1729814,APOLLOHOSP.NS,Apollo Hospitals,Healthcare
2022-05-05,3900.509765625,4004.2670214372224,3881.6446784936784,3992.2666133515136,1122769,APOLLOHOSP.NS,Apollo Hospitals,Healthcare
2022-05-06,3780.25830078125,3850.68083115783,3744.4048885247344,3850.68083115783,891448,APOLLOHOSP.NS,Apollo Hospitals,Healthcare
2022-05-09,3720.00830078125,3761.096302792988,3693.636629104528,3758.18264831007,521295,APOLLOHOSP.NS,Apollo Hospitals,Healthcare
2022-05-10,3641.535888671875,3736.1572033765046,3616.7448664584836,3723.613513772302,836241,APOLLOHOSP.NS,Apollo Hospitals,Healthcare
2022-05-11,3634.375244140625,3688.9454444498638,3575.1134881486914,3664.2530461198917,524764,APOLLOHOSP.NS,Apollo Hospitals,Healthcare
2022-05-12,3536.791015625,3605.0900917300837,3497.875651870607,3605.0900917300837,717916,APOLLOHOSP.NS,Apollo Hospitals,Healthcare
2022-05-13,3504.1474609375,3667.215904630945,3486.5664261984534,3557.5816629006254,957908,APOLLOHOSP.NS,Apollo Hospitals,Healthcare
2022-05-16,3641.3876953125,3662.2773662019263,3509.3328076577504,3536.9388585920015,600622,APOLLOHOSP.NS,Apollo Hospitals,Healthcare
2022-05-17,3766.232421875,3785.7888483887746,3632.794854107636,3666.327080770427,843357,APOLLOHOSP.NS,Apollo Hospitals,Healthcare
2022-05-18,3689.043701171875,3794.727148568231,3679.166743471281,3774.973233167043,427461,APOLLOHOSP.NS,Apollo Hospitals,Healthcare
2022-05-19,3587.114013671875,3672.105293995283,3565.187212944737,3565.187212944737,572640,APOLLOHOSP.NS,Apollo Hospitals,Healthcare
2022-05-20,3622.868408203125,3649.536196376921,3541.877347823448,3649.536196376921,692428,APOLLOHOSP.NS,Apollo Hospitals,Healthcare
2022-05-23,3671.216552734375,3718.329603113651,3620.8934903955283,3622.8688823706484,401917,APOLLOHOSP.NS,Apollo Hospitals,Healthcare
2022-05-24,3586.965576171875,3693.982519136837,3569.0389927542674,3693.982519136837,471324,APOLLOHOSP.NS,Apollo Hospitals,Healthcare
2022-05-25,3480.936767578125,3628.7453650629072,3443.256023672648,3605.3370200636164,370431,APOLLOHOSP.NS,Apollo Hospitals,Healthcare
2022-05-26,3617.732421875,3663.3639220976256,3320.1890458890443,3344.3381612894477,1730687,APOLLOHOSP.NS,Apollo Hospitals,Healthcare
2022-05-27,3814.23486328125,3832.260314502816,3529.0376555975677,3654.4750421805206,1733752,APOLLOHOSP.NS,Apollo Hospitals,Healthcare
2022-05-30,3844.06298828125,3867.3727078455777,3773.4427318261664,3842.1370295143593,666686,APOLLOHOSP.NS,Apollo Hospitals,Healthcare
2022-05-31,3930.338623046875,3950.58639043908,3791.814263205084,3807.567965704847,1361696,APOLLOHOSP.NS,Apollo Hospitals,Healthcare
2022-06-01,3791.76513671875,3940.660316286437,3743.417463288794,3891.0780227937307,794887,APOLLOHOSP.NS,Apollo Hospitals,Healthcare
2022-06-02,3600.398193359375,3797.690433706,3579.16273319691,3797.690433706,1891062,APOLLOHOSP.NS,Apollo Hospitals,Healthcare
2022-06-03,3544.64306640625,3648.4991930237734,3502.715424006723,3643.610146584375,1305662,APOLLOHOSP.NS,Apollo Hospitals,Healthcare
2022-06-06,3588.990234375,3604.990858349046,3498.5174424121587,3536.049883378361,561188,APOLLOHOSP.NS,Apollo Hospitals,Healthcare
2022-06-07,3564.890625,3588.990306915997,3481.627817893675,3588.990306915997,490554,APOLLOHOSP.NS,Apollo Hospitals,Healthcare
2022-06-08,3591.459716796875,3600.151488783141,3513.234251193863,3555.7051741068058,342056,APOLLOHOSP.NS,Apollo Hospitals,Healthcare
2022-06-09,3624.893310546875,3635.36274218687,3517.1850266671768,3580.200072002452,483671,APOLLOHOSP.NS,Apollo Hospitals,Healthcare
2022-06-10,3654.968505859375,3669.2900957350566,3551.260441242368,3575.9528375797504,624657,APOLLOHOSP.NS,Apollo Hospitals,Healthcare
2022-06-13,3606.966796875,3632.795191032798,3547.8039050467496,3604.1025750321796,523342,APOLLOHOSP.NS,Apollo Hospitals,Healthcare
2022-06-14,3660.598388671875,3711.6130250882366,3578.175216468788,3583.558110738105,655865,APOLLOHOSP.NS,Apollo Hospitals,Healthcare
2022-06-15,3676.895751953125,3709.8849421467507,3601.040652968574,3691.9581155474925,466405,APOLLOHOSP.NS,Apollo Hospitals,Healthcare
2022-06-16,3618.572265625,3728.5523089953494,3602.12722408107,3698.921429718565,678602,APOLLOHOSP.NS,Apollo Hospitals,Healthcare
2022-06-17,3655.70947265625,3678.1795545212767,3512.345508332528,3555.7052621580547,768620,APOLLOHOSP.NS,Apollo Hospitals,Healthcare
2022-06-20,3764.800537109375,3777.9369412369642,3637.585252795415,3654.4749496932727,673219,APOLLOHOSP.NS,Apollo Hospitals,Healthcare
2022-06-21,3761.343505859375,3821.395465249067,3747.367705226104,3802.5798099881285,596024,APOLLOHOSP.NS,Apollo Hospitals,Healthcare
2022-06-22,3741.144775390625,3760.898691437833,3667.561438114775,3742.4288281610275,359601,APOLLOHOSP.NS,Apollo Hospitals,Healthcare
2022-06-23,3803.122802734375,3809.542825645107,3677.3396420209783,3715.51423062603,646244,APOLLOHOSP.NS,Apollo Hospitals,Healthcare
2022-06-24,3791.171630859375,3873.74309986601,3715.71176483833,3853.98918298755,1024811,APOLLOHOSP.NS,Apollo Hospitals,Healthcare
2022-06-27,3747.811767578125,3822.382801562088,3728.551699198161,3801.6411894605885,708737,APOLLOHOSP.NS,Apollo Hospitals,Healthcare
2022-06-28,3790.13525390625,3799.320633583248,3677.0932564259306,3712.79861067755,463753,APOLLOHOSP.NS,Apollo Hospitals,Healthcare
2022-06-29,3667.314697265625,3770.973328671477,3649.536171935493,3720.8477641990203,567477,APOLLOHOSP.NS,Apollo Hospitals,Healthcare
2022-06-30,3638.177734375,3719.1687956533356,3611.4110798637043,3668.302458387064,534241,APOLLOHOSP.NS,Apollo Hospitals,Healthcare
2022-07-01,3690.179931640625,3698.9211367897187,3590.4720789977578,3634.7209034408984,316894,APOLLOHOSP.NS,Apollo Hospitals,Healthcare
2022-07-04,3723.712646484375,3736.256336986875,3654.5244960503064,3686.0813338401654,300790,APOLLOHOSP.NS,Apollo Hospitals,Healthcare
2022-07-05,3770.43017578125,3827.0746312532497,3714.724224309561,3714.724224309561,468762,APOLLOHOSP.NS,Apollo Hospitals,Healthcare
2022-07-06,3835.717041015625,3841.692649458786,3736.9474506714605,3762.232562254245,390568,APOLLOHOSP.NS,Apollo Hospitals,Healthcare
2022-07-07,3867.076416015625,3881.6449307046564,3820.6547081929484,3846.137310927204,398354,APOLLOHOSP.NS,Apollo Hospitals,Healthcare
2022-07-08,3887.71923828125,3897.4481396460965,3861.891086167318,3869.7926536070468,268377,APOLLOHOSP.NS,Apollo Hospitals,Healthcare
2022-07-11,3884.85498046875,3919.325471649832,3847.1250445217033,3886.583448330142,199806,APOLLOHOSP.NS,Apollo Hospitals,Healthcare
2022-07-12,3881.3486328125,4048.269485470623,3852.014112032821,3852.014112032821,1125104,APOLLOHOSP.NS,Apollo Hospitals,Healthcare
2022-07-13,3820.703857421875,3910.2383886598554,3813.6911205191304,3902.5343128980167,385514,APOLLOHOSP.NS,Apollo Hospitals,Healthcare
2022-07-14,3850.087890625,3930.3381791525485,3832.309365166589,3878.68163750994,656393,APOLLOHOSP.NS,Apollo Hospitals,Healthcare
2022-07-15,3883.32373046875,3895.472437667514,3827.3214239253593,3850.0878615259808,318645,APOLLOHOSP.NS,Apollo Hospitals,Healthcare
2022-07-18,3898.53466796875,3921.9430130795276,3842.2851923334074,3891.620796518673,291155,APOLLOHOSP.NS,Apollo Hospitals,Healthcare
2022-07-19,3970.735107421875,3983.3282304591685,3875.126093703553,3895.867708117919,412946,APOLLOHOSP.NS,Apollo Hospitals,Healthcare
2022-07-20,4059.67724609375,4090.74047638275,3980.464079763164,4039.676403265845,753440,APOLLOHOSP.NS,Apollo Hospitals,Healthcare
2022-07-21,4098.9873046875,4118.543973481288,4045.948322567837,4061.405667430102,542974,APOLLOHOSP.NS,Apollo Hospitals,Healthcare
2022-07-22,4074.54150390625,4118.296719498406,4039.626600232399,4099.135516431051,378496,APOLLOHOSP.NS,Apollo Hospitals,Healthcare
2022-07-25,4138.3466796875,4200.57151724853,4087.134554224267,4093.011537347707,1127478,APOLLOHOSP.NS,Apollo Hospitals,Healthcare
2022-07-26,4059.627685546875,4137.408733925349,4037.7006447136923,4133.507142398924,363638,APOLLOHOSP.NS,Apollo Hospitals,Healthcare
2022-07-27,4074.838623046875,4086.0490688511877,3972.5132232775322,4061.4058612921963,440198,APOLLOHOSP.NS,Apollo Hospitals,Healthcare
2022-07-28,4138.939453125,4154.248738776697,4084.1223335334385,4097.950075412391,364711,APOLLOHOSP.NS,Apollo Hospitals,Healthcare
2022-07-29,4160.470703125,4200.4723818490675,4135.4821930289245,4154.248412677253,333278,APOLLOHOSP.NS,Apollo Hospitals,Healthcare
2022-08-01,4235.3388671875,4240.91925254403,4138.445803355921,4187.830598145371,311325,APOLLOHOSP.NS,Apollo Hospitals,Healthcare
2022-08-02,4272.673828125,4294.7489291369675,4218.400224852683,4257.9572548748265,440869,APOLLOHOSP.NS,Apollo Hospitals,Healthcare
2022-08-03,4257.01806640625,4332.774526757843,4227.436866723373,4272.722815358321,367949,APOLLOHOSP.NS,Apollo Hospitals,Healthcare
2022-08-04,4341.71435546875,4354.752136994232,4256.970222373586,4269.761079872248,358472,APOLLOHOSP.NS,Apollo Hospitals,Healthcare
2022-08-05,4320.28076171875,4367.591299192457,4281.661755314179,4341.713473528952,207510,APOLLOHOSP.NS,Apollo Hospitals,Healthcare
2022-08-08,4372.87548828125,4419.4944448531,4326.157183392494,4334.948062618601,445755,APOLLOHOSP.NS,Apollo Hospitals,Healthcare
2022-08-10,4461.5693359375,4569.030912671654,4342.996665346885,4384.282150857375,867000,APOLLOHOSP.NS,Apollo Hospitals,Healthcare
2022-08-11,4375.14794921875,4496.486512010739,4363.641386065557,4483.745328727943,446510,APOLLOHOSP.NS,Apollo Hospitals,Healthcare
2022-08-12,4259.685546875,4340.725803590845,4223.4865881345095,4296.526411503974,1412625,APOLLOHOSP.NS,Apollo Hospitals,Healthcare
2022-08-16,4295.884765625,4327.639094680929,4155.138089567072,4296.477479663086,596342,APOLLOHOSP.NS,Apollo Hospitals,Healthcare
2022-08-17,4252.771484375,4316.280135789012,4233.116433053082,4295.489330673373,502434,APOLLOHOSP.NS,Apollo Hospitals,Healthcare
2022-08-18,4225.68408203125,4296.943454604579,4209.194042090848,4273.569950969884,580509,APOLLOHOSP.NS,Apollo Hospitals,Healthcare
2022-08-19,4095.644287109375,4268.072752296672,4080.441574331073,4249.79970763462,719126,APOLLOHOSP.NS,Apollo Hospitals,Healthcare
2022-08-22,3986.255126953125,4093.3173096065207,3957.2366421490037,4093.3173096065207,723542,APOLLOHOSP.NS,Apollo Hospitals,Healthcare
2022-08-23,4031.863037109375,4054.1470050832004,3949.561060470629,3986.156239517228,497236,APOLLOHOSP.NS,Apollo Hospitals,Healthcare
2022-08-24,4170.3203125,4179.48149824853,4038.7953487455807,4039.835315487146,956039,APOLLOHOSP.NS,Apollo Hospitals,Healthcare
2022-08-25,4128.7734375,4199.141547286927,4116.790001467535,4174.530045672712,414795,APOLLOHOSP.NS,Apollo Hospitals,Healthcare
2022-08-26,4174.77734375,4195.080513324017,4116.294504828883,4166.606555994603,342452,APOLLOHOSP.NS,Apollo Hospitals,Healthcare
2022-08-29,4210.67919921875,4230.982368355287,4046.7682483847616,4060.6338273072743,914112,APOLLOHOSP.NS,Apollo Hospitals,Healthcare
2022-08-30,4281.39404296875,4295.853959354587,4192.555578045835,4210.679679123003,848217,APOLLOHOSP.NS,Apollo Hospitals,Healthcare
2022-09-01,4236.08349609375,4287.3864364039555,4203.251877510887,4256.733404698821,390072,APOLLOHOSP.NS,Apollo Hospitals,Healthcare
2022-09-02,4270.9453125,4355.772852158697,4242.8674167002855,4268.419506024708,735146,APOLLOHOSP.NS,Apollo Hospitals,Healthcare
2022-09-05,4241.431640625,4267.231816194299,4192.35757984973,4240.887114792475,522750,APOLLOHOSP.NS,Apollo Hospitals,Healthcare
2022-09-06,4373.10498046875,4379.542571313059,4250.543154779019,4257.624407989147,1078704,APOLLOHOSP.NS,Apollo Hospitals,Healthcare
2022-09-07,4334.47900390625,4367.657353416328,4293.377466453466,4337.153273274119,396347,APOLLOHOSP.NS,Apollo Hospitals,Healthcare
2022-09-08,4372.41162109375,4402.222716185424,4319.128368933951,4357.7539149987115,562760,APOLLOHOSP.NS,Apollo Hospitals,Healthcare
2022-09-09,4417.52490234375,4431.935009874332,4372.610224945338,4394.299859580352,476210,APOLLOHOSP.NS,Apollo Hospitals,Healthcare
2022-09-12,4438.5703125,4458.576073388168,4404.3517518704,4430.052788109192,331303,APOLLOHOSP.NS,Apollo Hospitals,Healthcare
2022-09-13,4446.98876953125,4476.601590412936,4423.416993125011,4476.601590412936,309270,APOLLOHOSP.NS,Apollo Hospitals,Healthcare
2022-09-14,4385.0888671875,4436.985656269902,4363.052498693749,4363.052498693749,362669,APOLLOHOSP.NS,Apollo Hospitals,Healthcare
2022-09-15,4300.16259765625,4416.336169171732,4286.494805741243,4407.026518315284,427750,APOLLOHOSP.NS,Apollo Hospitals,Healthcare
2022-09-16,4238.65771484375,4321.40531089781,4216.1261503802425,4300.310017606534,458526,APOLLOHOSP.NS,Apollo Hospitals,Healthcare
2022-09-19,4266.83544921875,4289.416343899953,4186.117963181381,4254.653256262178,266140,APOLLOHOSP.NS,Apollo Hospitals,Healthcare
2022-09-20,4515.57373046875,4550.881342095233,4275.055345626566,4275.055345626566,1173769,APOLLOHOSP.NS,Apollo Hospitals,Healthcare
2022-09-21,4560.58740234375,4623.675988295586,4512.256142802761,4512.256142802761,1177984,APOLLOHOSP.NS,Apollo Hospitals,Healthcare
2022-09-22,4564.64794921875,4586.734127856524,4478.780681913419,4525.6756681160905,511789,APOLLOHOSP.NS,Apollo Hospitals,Healthcare
2022-09-23,4376.02734375,4673.691480570309,4340.769053196178,4565.738021917594,1205497,APOLLOHOSP.NS,Apollo Hospitals,Healthcare
2022-09-26,4241.580078125,4378.007478857188,4150.859473914062,4376.026681750369,843901,APOLLOHOSP.NS,Apollo Hospitals,Healthcare
2022-09-27,4202.2119140625,4312.294621229745,4164.626093927403,4293.377911337763,651304,APOLLOHOSP.NS,Apollo Hospitals,Healthcare
2022-09-28,4227.9619140625,4253.761601819095,4142.93610523303,4188.395300138056,395837,APOLLOHOSP.NS,Apollo Hospitals,Healthcare
2022-09-29,4349.53369140625,4362.359063021185,4243.808641674212,4256.1886240784315,631907,APOLLOHOSP.NS,Apollo Hospitals,Healthcare
2022-09-30,4341.31298828125,4441.8384429802245,4310.412843101041,4310.412843101041,761064,APOLLOHOSP.NS,Apollo Hospitals,Healthcare
2022-10-03,4323.28857421875,4446.890137842242,4309.175392823593,4342.898274930564,454169,APOLLOHOSP.NS,Apollo Hospitals,Healthcare
2022-10-04,4362.111328125,4401.875733655839,4323.287994664928,4387.46562802134,307009,APOLLOHOSP.NS,Apollo Hospitals,Healthcare
2022-10-06,4348.3447265625,4407.273438834557,4319.424896178329,4383.949746994342,272050,APOLLOHOSP.NS,Apollo Hospitals,Healthcare
2022-10-07,4351.9111328125,4390.437546483728,4311.750174371057,4337.550351304714,501530,APOLLOHOSP.NS,Apollo Hospitals,Healthcare
2022-10-10,4298.923828125,4377.561372348586,4253.761559782167,4332.993439824675,207878,APOLLOHOSP.NS,Apollo Hospitals,Healthcare
2022-10-11,4234.4990234375,4320.465921871776,4222.713375472795,4320.465921871776,258216,APOLLOHOSP.NS,Apollo Hospitals,Healthcare
2022-10-12,4245.888671875,4308.234465216942,4204.242598815154,4238.906554282417,621343,APOLLOHOSP.NS,Apollo Hospitals,Healthcare
2022-10-13,4225.08984375,4276.491919055215,4195.328558625686,4229.101248320962,277038,APOLLOHOSP.NS,Apollo Hospitals,Healthcare
2022-10-14,4255.89111328125,4282.483411572646,4223.108823934736,4259.7042444898125,254366,APOLLOHOSP.NS,Apollo Hospitals,Healthcare
2022-10-17,4249.65185546875,4259.258431565494,4180.52174423766,4248.80991995481,254734,APOLLOHOSP.NS,Apollo Hospitals,Healthcare
2022-10-18,4324.080078125,4334.974462197234,4217.117034506699,4283.473737492127,387469,APOLLOHOSP.NS,Apollo Hospitals,Healthcare
2022-10-19,4346.611328125,4363.596565334588,4299.4189372821875,4337.945341426944,249672,APOLLOHOSP.NS,Apollo Hospitals,Healthcare
2022-10-20,4280.99755859375,4351.117579650107,4253.959872713525,4341.907066946212,370651,APOLLOHOSP.NS,Apollo Hospitals,Healthcare
2022-10-21,4346.90869140625,4387.46570666923,4281.196132538595,4302.439891910539,364601,APOLLOHOSP.NS,Apollo Hospitals,Healthcare
2022-10-24,4367.80615234375,4392.417653501937,4278.5218180672755,4367.855962428031,30919,APOLLOHOSP.NS,Apollo Hospitals,Healthcare
2022-10-25,4361.7646484375,4407.174519795353,4330.022567563103,4395.19060032571,474364,APOLLOHOSP.NS,Apollo Hospitals,Healthcare
2022-10-27,4389.29736328125,4455.802520903319,4360.5758089122355,4402.321005871362,421237,APOLLOHOSP.NS,Apollo Hospitals,Healthcare
2022-10-28,4523.150390625,4539.987166767024,4372.609803943371,4411.482948859515,691801,APOLLOHOSP.NS,Apollo Hospitals,Healthcare
2022-10-31,4474.12548828125,4580.593333326127,4448.375125758768,4538.105331882642,433481,APOLLOHOSP.NS,Apollo Hospitals,Healthcare
2022-11-01,4468.03515625,4602.3826397070325,4427.082074346984,4533.054732502494,866656,APOLLOHOSP.NS,Apollo Hospitals,Healthcare
2022-11-02,4341.015625,4489.27798561277,4328.041308341063,4468.67789090043,643118,APOLLOHOSP.NS,Apollo Hospitals,Healthcare
2022-11-03,4352.8017578125,4382.513715203711,4307.590159367484,4328.041793319823,457168,APOLLOHOSP.NS,Apollo Hospitals,Healthcare
2022-11-04,4320.712890625,4367.65768604208,4298.3791127548275,4367.65768604208,669679,APOLLOHOSP.NS,Apollo Hospitals,Healthcare
2022-11-07,4321.90087890625,4377.5614693061325,4294.813866191188,4342.352995269626,356178,APOLLOHOSP.NS,Apollo Hospitals,Healthcare
2022-11-09,4319.32568359375,4392.4168918747955,4302.290637723588,4305.261832915386,378028,APOLLOHOSP.NS,Apollo Hospitals,Healthcare
2022-11-10,4244.30419921875,4335.420877404681,4209.194372719648,4332.4990078734345,527721,APOLLOHOSP.NS,Apollo Hospitals,Healthcare
2022-11-11,4378.94775390625,4496.409110652016,4288.47475580922,4343.887744343556,1685313,APOLLOHOSP.NS,Apollo Hospitals,Healthcare
2022-11-14,4512.94921875,4524.1405288100605,4382.711810794982,4387.46553034776,886587,APOLLOHOSP.NS,Apollo Hospitals,Healthcare
2022-11-15,4567.66845703125,4584.554557654971,4483.5339128330215,4516.217062628358,492794,APOLLOHOSP.NS,Apollo Hospitals,Healthcare
2022-11-16,4436.2431640625,4565.737787872551,4418.168388654978,4560.785794610217,499585,APOLLOHOSP.NS,Apollo Hospitals,Healthcare
2022-11-17,4358.05126953125,4472.591267725955,4328.735854459547,4446.89022765006,430622,APOLLOHOSP.NS,Apollo Hospitals,Healthcare
2022-11-18,4356.91162109375,4406.283084811197,4278.521673720919,4387.46551263511,385705,APOLLOHOSP.NS,Apollo Hospitals,Healthcare
2022-11-21,4376.4228515625,4397.369684761164,4299.320225573922,4361.666009474143,336664,APOLLOHOSP.NS,Apollo Hospitals,Healthcare
2022-11-22,4426.8828125,4436.985070159436,4337.945224843377,4378.502234937501,310657,APOLLOHOSP.NS,Apollo Hospitals,Healthcare
2022-11-23,4560.98388671875,4571.8284613769065,4405.2930312942335,4439.263510288073,799422,APOLLOHOSP.NS,Apollo Hospitals,Healthcare
2022-11-24,4768.818359375,4786.596206839274,4569.698923723652,4585.545300572282,1822610,APOLLOHOSP.NS,Apollo Hospitals,Healthcare
2022-11-25,4743.46435546875,4838.096740027368,4705.432665663511,4768.7688440597285,1069669,APOLLOHOSP.NS,Apollo Hospitals,Healthcare
2022-11-28,4676.513671875,4723.0624055349745,4638.284189639899,4715.287679896558,598162,APOLLOHOSP.NS,Apollo Hospitals,Healthcare
2022-11-29,4673.88916015625,4795.50991203033,4662.449766430827,4679.633278468259,910558,APOLLOHOSP.NS,Apollo Hospitals,Healthcare
2022-11-30,4681.01953125,4714.396155260703,4598.024327593491,4673.888951965787,1113421,APOLLOHOSP.NS,Apollo Hospitals,Healthcare
2022-12-01,4729.8466796875,4747.970780217315,4655.913039007628,4719.249221471737,611403,APOLLOHOSP.NS,Apollo Hospitals,Healthcare
2022-12-02,4824.67822265625,4836.067808372211,4697.510635266136,4725.192473986968,996306,APOLLOHOSP.NS,Apollo Hospitals,Healthcare
2022-12-05,4732.470703125,4854.884052734627,4721.180257101226,4838.096604956785,684834,APOLLOHOSP.NS,Apollo Hospitals,Healthcare
2022-12-06,4742.078125,4753.913582460239,4669.729696104172,4724.548358820536,354855,APOLLOHOSP.NS,Apollo Hospitals,Healthcare
2022-12-07,4682.009765625,4768.768770822111,4665.668190397883,4758.567859723603,354913,APOLLOHOSP.NS,Apollo Hospitals,Healthcare
2022-12-08,4659.3291015625,4731.974918251249,4636.450802644719,4692.507446743145,336491,APOLLOHOSP.NS,Apollo Hospitals,Healthcare
2022-12-09,4640.1162109375,4690.478072486746,4630.360688779724,4682.604210801676,271785,APOLLOHOSP.NS,Apollo Hospitals,Healthcare
2022-12-12,4696.76708984375,4710.335744108202,4585.545520441752,4632.094254666539,445259,APOLLOHOSP.NS,Apollo Hospitals,Healthcare
2022-12-13,4633.9267578125,4715.634645336196,4616.544971583427,4700.431929544989,363818,APOLLOHOSP.NS,Apollo Hospitals,Healthcare
2022-12-14,4621.34814453125,4666.75801523083,4611.890031719433,4666.75801523083,356293,APOLLOHOSP.NS,Apollo Hospitals,Healthcare
2022-12-15,4598.3212890625,4641.601898739271,4583.217711312998,4635.015845160555,316614,APOLLOHOSP.NS,Apollo Hospitals,Healthcare
2022-12-16,4521.31787109375,4593.468502615187,4507.997300671705,4593.468502615187,342890,APOLLOHOSP.NS,Apollo Hospitals,Healthcare
2022-12-19,4566.1826171875,4575.640728719847,4477.640611017107,4555.8327601972505,308464,APOLLOHOSP.NS,Apollo Hospitals,Healthcare
2022-12-20,4552.515625,4572.12580742304,4496.657240715072,4566.08427924837,282355,APOLLOHOSP.NS,Apollo Hospitals,Healthcare
2022-12-21,4720.4384765625,4742.474847633696,4558.013089790535,4566.530131734572,877375,APOLLOHOSP.NS,Apollo Hospitals,Healthcare
2022-12-22,4735.78857421875,4802.24392491685,4679.632787333546,4748.960680479227,902304,APOLLOHOSP.NS,Apollo Hospitals,Healthcare
2022-12-23,4655.02099609375,4758.864366235826,4641.353691455174,4719.941902109422,473498,APOLLOHOSP.NS,Apollo Hospitals,Healthcare
2022-12-26,4639.07666015625,4694.48965874257,4607.829775801647,4678.346353986242,247357,APOLLOHOSP.NS,Apollo Hospitals,Healthcare
2022-12-27,4599.212890625,4667.4517420095335,4581.237252498072,4640.017506962303,226485,APOLLOHOSP.NS,Apollo Hospitals,Healthcare
2022-12-28,4544.5927734375,4634.669726170111,4538.006718981693,4607.334626080933,313366,APOLLOHOSP.NS,Apollo Hospitals,Healthcare
2022-12-29,4481.00927734375,4565.7376867484545,4435.500266833613,4544.592579267999,530411,APOLLOHOSP.NS,Apollo Hospitals,Healthcare
2022-12-30,4434.60888671875,4538.452277083851,4425.200099979202,4506.313648941536,348965,APOLLOHOSP.NS,Apollo Hospitals,Healthcare
2023-01-02,4411.58251953125,4473.333974823484,4403.3125937173645,4444.909338867191,246577,APOLLOHOSP.NS,Apollo Hospitals,Healthcare
2023-01-03,4447.78125,4465.658235987044,4382.613211542945,4424.11081872054,430096,APOLLOHOSP.NS,Apollo Hospitals,Healthcare
2023-01-04,4390.7333984375,4470.757885968505,4382.513284471062,4451.841178236707,414977,APOLLOHOSP.NS,Apollo Hospitals,Healthcare
2023-01-05,4386.52392578125,4412.720157410226,4314.175514684985,4412.720157410226,468816,APOLLOHOSP.NS,Apollo Hospitals,Healthcare
2023-01-06,4345.32421875,4431.339944104413,4327.051172455884,4399.3995915496635,299640,APOLLOHOSP.NS,Apollo Hospitals,Healthcare
2023-01-09,4365.38037109375,4409.403301414974,4338.985859906242,4381.870412079144,407803,APOLLOHOSP.NS,Apollo Hospitals,Healthcare
2023-01-10,4423.763671875,4445.89917661261,4363.696095378739,4367.6576896550705,557940,APOLLOHOSP.NS,Apollo Hospitals,Healthcare
2023-01-11,4318.73193359375,4439.412091387263,4294.417359487262,4431.043030358068,462687,APOLLOHOSP.NS,Apollo Hospitals,Healthcare
2023-01-12,4317.8896484375,4340.322076642832,4283.7209018646245,4328.982304530239,207917,APOLLOHOSP.NS,Apollo Hospitals,Healthcare
2023-01-13,4293.92236328125,4328.041787745436,4227.070459237128,4323.089794853278,366497,APOLLOHOSP.NS,Apollo Hospitals,Healthcare
2023-01-16,4253.4150390625,4322.346874910109,4243.857789766815,4322.346874910109,210854,APOLLOHOSP.NS,Apollo Hospitals,Healthcare
2023-01-17,4281.34423828125,4294.813754555297,4233.953573494411,4274.75818499664,294500,APOLLOHOSP.NS,Apollo Hospitals,Healthcare
2023-01-18,4298.1318359375,4310.214892815071,4263.666156610497,4295.358913175313,331806,APOLLOHOSP.NS,Apollo Hospitals,Healthcare
2023-01-19,4276.689453125,4298.131485270398,4244.501499864942,4298.131485270398,162244,APOLLOHOSP.NS,Apollo Hospitals,Healthcare
2023-01-20,4244.10546875,4280.9484889622045,4223.257772305139,4260.694644784435,242706,APOLLOHOSP.NS,Apollo Hospitals,Healthcare
2023-01-23,4293.8232421875,4311.699741142079,4245.739106290927,4253.167094819368,161350,APOLLOHOSP.NS,Apollo Hospitals,Healthcare
2023-01-24,4263.66552734375,4308.184133197705,4249.6016752565365,4308.184133197705,178860,APOLLOHOSP.NS,Apollo Hospitals,Healthcare
2023-01-25,4183.79052734375,4276.5412618365735,4153.731832362804,4273.5207394682,423714,APOLLOHOSP.NS,Apollo Hospitals,Healthcare
2023-01-27,4203.39990234375,4244.20451597379,4151.849851338335,4187.405062506191,421866,APOLLOHOSP.NS,Apollo Hospitals,Healthcare
2023-01-30,4197.01220703125,4219.097901670852,4083.413297790826,4195.823535311869,623069,APOLLOHOSP.NS,Apollo Hospitals,Healthcare
2023-01-31,4215.03759765625,4262.428270675027,4087.424632467929,4198.795156207209,671038,APOLLOHOSP.NS,Apollo Hospitals,Healthcare
2023-02-01,4221.7216796875,4310.213874214238,4171.062897806357,4233.953196752268,321331,APOLLOHOSP.NS,Apollo Hospitals,Healthcare
2023-02-02,4190.87158203125,4221.078738654659,4129.962069495525,4221.078738654659,479256,APOLLOHOSP.NS,Apollo Hospitals,Healthcare
2023-02-03,4210.77880859375,4218.899787004419,4118.077402384236,4204.242081077701,413966,APOLLOHOSP.NS,Apollo Hospitals,Healthcare
2023-02-06,4279.2158203125,4294.021990596327,4149.423781620053,4170.5688904047265,257669,APOLLOHOSP.NS,Apollo Hospitals,Healthcare
2023-02-07,4274.1640625,4318.137661230621,4230.338926832694,4263.6657411921615,319090,APOLLOHOSP.NS,Apollo Hospitals,Healthcare
2023-02-08,4349.08740234375,4362.011909299504,4261.238862174317,4278.52150939368,250175,APOLLOHOSP.NS,Apollo Hospitals,Healthcare
2023-02-09,4347.15576171875,4362.160685243778,4283.473334255913,4305.608836528413,284239,APOLLOHOSP.NS,Apollo Hospitals,Healthcare
2023-02-10,4373.84765625,4382.810569812851,4308.481351056114,4343.293763846066,359807,APOLLOHOSP.NS,Apollo Hospitals,Healthcare
2023-02-13,4316.80029296875,4396.973244380372,4286.444675889751,4387.861384811424,272935,APOLLOHOSP.NS,Apollo Hospitals,Healthcare
2023-02-14,4227.86328125,4338.391864889848,4210.233895509941,4338.391864889848,339582,APOLLOHOSP.NS,Apollo Hospitals,Healthcare
2023-02-15,4444.80908203125,4470.658578149427,4129.961513266086,4129.961513266086,2724361,APOLLOHOSP.NS,Apollo Hospitals,Healthcare
2023-02-16,4598.568359375,4623.179857003308,4456.941384321128,4466.647579061028,1419679,APOLLOHOSP.NS,Apollo Hospitals,Healthcare
2023-02-17,4570.392578125,4624.12170176669,4532.063959159048,4595.597932147614,408098,APOLLOHOSP.NS,Apollo Hospitals,Healthcare
2023-02-20,4566.33203125,4605.304314153454,4531.420479457992,4548.900918601189,232327,APOLLOHOSP.NS,Apollo Hospitals,Healthcare
2023-02-21,4458.82421875,4595.449911162428,4447.8805066876,4566.728349217663,490637,APOLLOHOSP.NS,Apollo Hospitals,Healthcare
2023-02-22,4406.38232421875,4492.39853576022,4397.369600615995,4461.745506931319,333978,APOLLOHOSP.NS,Apollo Hospitals,Healthcare
2023-02-23,4405.34228515625,4474.917786582986,4358.744224613008,4428.4188626180385,443522,APOLLOHOSP.NS,Apollo Hospitals,Healthcare
2023-02-24,4433.70654296875,4448.929794598909,4360.565978467709,4418.235357221638,358946,APOLLOHOSP.NS,Apollo Hospitals,Healthcare
2023-02-27,4403.0615234375,4457.607023474453,4378.565441540578,4447.937593922447,215703,APOLLOHOSP.NS,Apollo Hospitals,Healthcare
2023-02-28,4365.27587890625,4436.432956652199,4325.259223352488,4412.234688386447,312308,APOLLOHOSP.NS,Apollo Hospitals,Healthcare
2023-03-01,4377.3251953125,4409.2592957412735,4301.407980309005,4365.275696920344,287008,APOLLOHOSP.NS,Apollo Hospitals,Healthcare
2023-03-02,4365.82177734375,4413.425120221169,4345.143978432122,4392.400116751811,313250,APOLLOHOSP.NS,Apollo Hospitals,Healthcare
2023-03-03,4371.87109375,4408.268010958554,4357.59018736915,4380.2514594828335,168868,APOLLOHOSP.NS,Apollo Hospitals,Healthcare
2023-03-06,4384.5654296875,4451.80495677488,4375.589925672026,4379.50747773489,242661,APOLLOHOSP.NS,Apollo Hospitals,Healthcare
2023-03-08,4339.8876953125,4404.499706427038,4323.97052046663,4378.41674966637,246734,APOLLOHOSP.NS,Apollo Hospitals,Healthcare
2023-03-09,4381.63916015625,4500.746773673405,4348.911865817855,4362.647508927297,684685,APOLLOHOSP.NS,Apollo Hospitals,Healthcare
2023-03-10,4281.57373046875,4363.34258571735,4256.185183217042,4363.34258571735,328154,APOLLOHOSP.NS,Apollo Hospitals,Healthcare
2023-03-13,4309.09375,4399.292350272122,4286.283817606444,4291.242498561564,496455,APOLLOHOSP.NS,Apollo Hospitals,Healthcare
2023-03-14,4264.06982421875,4318.763988571566,4239.673012490601,4309.094558893956,279237,APOLLOHOSP.NS,Apollo Hospitals,Healthcare
2023-03-15,4293.02783203125,4331.854694942771,4273.688974495275,4298.928856618925,279479,APOLLOHOSP.NS,Apollo Hospitals,Healthcare
2023-03-16,4283.35888671875,4333.888049784894,4230.747464618388,4295.160937226177,300181,APOLLOHOSP.NS,Apollo Hospitals,Healthcare
2023-03-17,4310.58203125,4340.036794447671,4261.193754879197,4304.135744995973,368653,APOLLOHOSP.NS,Apollo Hospitals,Healthcare
2023-03-20,4277.35888671875,4317.920806671444,4160.333997167901,4286.284513887882,563835,APOLLOHOSP.NS,Apollo Hospitals,Healthcare
2023-03-21,4238.68115234375,4317.920789718238,4230.747261557894,4284.301024362424,239304,APOLLOHOSP.NS,Apollo Hospitals,Healthcare
2023-03-22,4249.689453125,4259.5075459626005,4176.300964556611,4239.7222124405935,302705,APOLLOHOSP.NS,Apollo Hospitals,Healthcare
2023-03-23,4237.7392578125,4263.822217080463,4208.483032441963,4240.66507404808,233054,APOLLOHOSP.NS,Apollo Hospitals,Healthcare
2023-03-24,4247.95361328125,4318.664215039962,4225.78821098364,4242.151859301225,354933,APOLLOHOSP.NS,Apollo Hospitals,Healthcare
2023-03-27,4282.41650390625,4371.47422766074,4241.656046173735,4269.127334676766,495895,APOLLOHOSP.NS,Apollo Hospitals,Healthcare
2023-03-28,4297.78857421875,4307.606666848446,4209.970033331546,4298.978367244208,343628,APOLLOHOSP.NS,Apollo Hospitals,Healthcare
2023-03-29,4326.94580078125,4343.805319143221,4275.474779807781,4297.788848228037,250790,APOLLOHOSP.NS,Apollo Hospitals,Healthcare
2023-03-31,4275.27587890625,4364.582022435221,4264.416657070377,4348.614971305044,465663,APOLLOHOSP.NS,Apollo Hospitals,Healthcare
2023-04-03,4199.3583984375,4308.052785993478,4185.275550286137,4307.606310991911,493574,APOLLOHOSP.NS,Apollo Hospitals,Healthcare
2023-04-05,4166.2353515625,4214.879829781813,4133.557442477788,4214.879829781813,622533,APOLLOHOSP.NS,Apollo Hospitals,Healthcare
2023-04-06,4167.2265625,4190.085890642761,4148.581629409276,4182.15200019894,286725,APOLLOHOSP.NS,Apollo Hospitals,Healthcare
2023-04-10,4201.98681640625,4208.581766129834,4152.697327268666,4180.168617217924,323560,APOLLOHOSP.NS,Apollo Hospitals,Healthcare
2023-04-11,4236.00341796875,4251.375331901474,4186.267935222774,4227.772199690385,284178,APOLLOHOSP.NS,Apollo Hospitals,Healthcare
2023-04-12,4284.49951171875,4293.177204657197,4231.24307678658,4252.26808080452,304498,APOLLOHOSP.NS,Apollo Hospitals,Healthcare
2023-04-13,4361.9541015625,4444.070167670749,4284.598660817131,4293.226961368018,1257056,APOLLOHOSP.NS,Apollo Hospitals,Healthcare
2023-04-17,4350.4501953125,4411.640039740813,4304.135912418152,4373.557459392638,334963,APOLLOHOSP.NS,Apollo Hospitals,Healthcare
2023-04-18,4302.79638671875,4347.870993005983,4258.416189505408,4343.804777529373,409038,APOLLOHOSP.NS,Apollo Hospitals,Healthcare
2023-04-19,4284.59814453125,4319.011587850507,4186.664184875627,4319.011587850507,517278,APOLLOHOSP.NS,Apollo Hospitals,Healthcare
2023-04-20,4312.46630859375,4322.8301472966,4198.168692636776,4284.59841991464,484517,APOLLOHOSP.NS,Apollo Hospitals,Healthcare
2023-04-21,4325.25927734375,4391.408281424129,4282.763764817742,4304.135488116694,485292,APOLLOHOSP.NS,Apollo Hospitals,Healthcare
2023-04-24,4362.69775390625,4425.32629406154,4326.251441731013,4326.251441731013,571150,APOLLOHOSP.NS,Apollo Hospitals,Healthcare
2023-04-25,4380.00341796875,4409.507573223946,4346.879522027292,4373.507738829549,252655,APOLLOHOSP.NS,Apollo Hospitals,Healthcare
2023-04-26,4373.9541015625,4451.607351872571,4364.631876294699,4383.4254746866445,438486,APOLLOHOSP.NS,Apollo Hospitals,Healthcare
2023-04-27,4380.99560546875,4401.8220701467,4328.978836896019,4383.326282889113,400508,APOLLOHOSP.NS,Apollo Hospitals,Healthcare
2023-04-28,4476.400390625,4491.573762518582,4394.334210707047,4406.235046465541,713399,APOLLOHOSP.NS,Apollo Hospitals,Healthcare
2023-05-02,4453.68896484375,4535.507205598123,4439.9039277961965,4492.317285540816,384900,APOLLOHOSP.NS,Apollo Hospitals,Healthcare
2023-05-03,4478.13623046875,4487.06185788815,4444.962454861466,4472.483139404618,287955,APOLLOHOSP.NS,Apollo Hospitals,Healthcare
2023-05-04,4515.57373046875,4532.135435454722,4462.813167764688,4472.73053035972,391146,APOLLOHOSP.NS,Apollo Hospitals,Healthcare
2023-05-05,4564.466796875,4591.739547969853,4484.136148195614,4512.400635693916,332169,APOLLOHOSP.NS,Apollo Hospitals,Healthcare
2023-05-08,4586.8798828125,4621.49138452979,4547.111158383925,4572.896303447825,274255,APOLLOHOSP.NS,Apollo Hospitals,Healthcare
2023-05-09,4555.0947265625,4609.491565527851,4544.433560149592,4607.508092706845,207566,APOLLOHOSP.NS,Apollo Hospitals,Healthcare
2023-05-10,4563.2763671875,4595.706340196416,4539.177367086533,4555.094542132122,293523,APOLLOHOSP.NS,Apollo Hospitals,Healthcare
2023-05-11,4557.326171875,4606.615665590712,4546.764275863433,4572.847234227151,409446,APOLLOHOSP.NS,Apollo Hospitals,Healthcare
2023-05-12,4567.19384765625,4601.656685983388,4497.52436873592,4557.028550020187,427837,APOLLOHOSP.NS,Apollo Hospitals,Healthcare
2023-05-15,4587.6240234375,4650.252081622244,4553.161182781417,4571.855511180811,401847,APOLLOHOSP.NS,Apollo Hospitals,Healthcare
2023-05-16,4517.45849609375,4603.888225042864,4503.474916240971,4586.780772432171,310725,APOLLOHOSP.NS,Apollo Hospitals,Healthcare
2023-05-17,4445.11083984375,4561.590464064341,4421.160504618853,4542.2017285041875,266803,APOLLOHOSP.NS,Apollo Hospitals,Healthcare
2023-05-18,4405.29248046875,4492.466001141614,4396.3668541012985,4472.73054635616,167057,APOLLOHOSP.NS,Apollo Hospitals,Healthcare
2023-05-19,4410.39990234375,4428.102491797382,4373.8049304477945,4418.185128993804,177405,APOLLOHOSP.NS,Apollo Hospitals,Healthcare
2023-05-22,4567.2421875,4586.779582881221,4415.1598399704735,4422.944581162872,361967,APOLLOHOSP.NS,Apollo Hospitals,Healthcare
2023-05-23,4512.796875,4578.896004191043,4495.540759799721,4566.945775177082,433331,APOLLOHOSP.NS,Apollo Hospitals,Healthcare
2023-05-24,4498.96240234375,4568.929205706813,4485.970559760886,4503.425215763694,225979,APOLLOHOSP.NS,Apollo Hospitals,Healthcare
2023-05-25,4530.400390625,4559.954424926084,4493.508088299491,4531.2434633866815,202680,APOLLOHOSP.NS,Apollo Hospitals,Healthcare
2023-05-26,4571.8056640625,4581.822298837791,4513.6404193908,4552.070205988195,289579,APOLLOHOSP.NS,Apollo Hospitals,Healthcare
2023-05-29,4602.10302734375,4626.449960446742,4542.796904505598,4596.69787066895,332364,APOLLOHOSP.NS,Apollo Hospitals,Healthcare
2023-05-30,4561.14404296875,4755.375699950494,4497.97072932738,4633.392131422045,1298380,APOLLOHOSP.NS,Apollo Hospitals,Healthcare
2023-05-31,4583.755859375,4691.904510934893,4487.606829841553,4561.987053540584,1655511,APOLLOHOSP.NS,Apollo Hospitals,Healthcare
2023-06-01,4774.46630859375,4806.945671237245,4647.27613274556,4650.2513415373305,1692479,APOLLOHOSP.NS,Apollo Hospitals,Healthcare
2023-06-02,4926.25146484375,4960.86344865793,4766.284595445015,4799.656424654179,1326161,APOLLOHOSP.NS,Apollo Hospitals,Healthcare
2023-06-05,4909.29345703125,4967.805901485339,4893.276527635366,4926.89677718481,698352,APOLLOHOSP.NS,Apollo Hospitals,Healthcare
2023-06-06,4899.2763671875,4928.383923103246,4853.061360883436,4927.937448090281,382992,APOLLOHOSP.NS,Apollo Hospitals,Healthcare
2023-06-07,4984.91357421875,4998.351408612836,4909.144526580051,4923.425918001687,552840,APOLLOHOSP.NS,Apollo Hospitals,Healthcare
2023-06-08,4885.9375,4986.99533117871,4879.342550515725,4978.516179591247,411502,APOLLOHOSP.NS,Apollo Hospitals,Healthcare
2023-06-09,4885.9873046875,4924.813683043812,4866.499299467038,4885.937427325963,249400,APOLLOHOSP.NS,Apollo Hospitals,Healthcare
2023-06-12,4884.0537109375,4953.72319125495,4874.433674405121,4908.103318022171,343835,APOLLOHOSP.NS,Apollo Hospitals,Healthcare
2023-06-13,4910.13671875,4948.76504844794,4876.120351093468,4884.302177075371,308751,APOLLOHOSP.NS,Apollo Hospitals,Healthcare
2023-06-14,4967.60693359375,4981.044766237884,4910.135623544342,4923.970538090031,360156,APOLLOHOSP.NS,Apollo Hospitals,Healthcare
2023-06-15,5175.62451171875,5216.33509861061,4976.533422717066,4998.30223112835,1712253,APOLLOHOSP.NS,Apollo Hospitals,Healthcare
2023-06-16,5157.078125,5250.25194357551,5120.383882100058,5175.623787407385,797312,APOLLOHOSP.NS,Apollo Hospitals,Healthcare
2023-06-19,5102.4833984375,5218.46715548824,5092.863362374597,5176.863622904519,327818,APOLLOHOSP.NS,Apollo Hospitals,Healthcare
2023-06-20,5119.39208984375,5154.945932465507,5058.946053896802,5132.1858753011375,334154,APOLLOHOSP.NS,Apollo Hospitals,Healthcare
2023-06-21,5076.4501953125,5130.251889690171,5044.565970055903,5127.128017188457,410174,APOLLOHOSP.NS,Apollo Hospitals,Healthcare
2023-06-22,5024.13623046875,5112.400763534624,5013.227130876338,5087.5080848881435,329800,APOLLOHOSP.NS,Apollo Hospitals,Healthcare
2023-06-23,5003.755859375,5042.38369578881,4959.672989336579,5042.38369578881,335552,APOLLOHOSP.NS,Apollo Hospitals,Healthcare
2023-06-26,4995.32666015625,5013.227307784252,4958.731201016952,5008.2192328567835,430106,APOLLOHOSP.NS,Apollo Hospitals,Healthcare
2023-06-27,5100.30126953125,5107.441964617173,4995.326369170044,4998.350971198165,556456,APOLLOHOSP.NS,Apollo Hospitals,Healthcare
2023-06-28,5084.53271484375,5133.177670669446,5073.871549670702,5102.483238635525,362944,APOLLOHOSP.NS,Apollo Hospitals,Healthcare
2023-06-30,5056.0703125,5106.40093086122,5022.202129693429,5085.623861208679,411015,APOLLOHOSP.NS,Apollo Hospitals,Healthcare
2023-07-03,5026.615234375,5100.003717623249,5018.1854761640525,5085.127673721577,150815,APOLLOHOSP.NS,Apollo Hospitals,Healthcare
2023-07-04,5067.7236328125,5082.351744775813,5010.301707606937,5077.591119487435,233404,APOLLOHOSP.NS,Apollo Hospitals,Healthcare
2023-07-05,5035.68994140625,5105.95455810433,5008.665126079778,5082.648754061317,279982,APOLLOHOSP.NS,Apollo Hospitals,Healthcare
2023-07-06,5239.39208984375,5266.119575928544,5028.301412883593,5047.937597264838,1251554,APOLLOHOSP.NS,Apollo Hospitals,Healthcare
2023-07-07,5103.72314453125,5231.359805307951,5087.607428991074,5231.359805307951,559765,APOLLOHOSP.NS,Apollo Hospitals,Healthcare
2023-07-10,5115.72314453125,5160.499942542341,5068.516398836989,5137.045475417127,271366,APOLLOHOSP.NS,Apollo Hospitals,Healthcare
2023-07-11,5213.5576171875,5228.830259030414,5122.417150023139,5157.028649300932,503174,APOLLOHOSP.NS,Apollo Hospitals,Healthcare
2023-07-12,5208.64892578125,5244.748517860081,5162.830995002118,5218.169691997136,263391,APOLLOHOSP.NS,Apollo Hospitals,Healthcare
2023-07-13,5139.177734375,5246.185989038496,5125.293425559629,5246.185989038496,338327,APOLLOHOSP.NS,Apollo Hospitals,Healthcare
2023-07-14,5129.06201171875,5155.492173618725,5054.136521976433,5137.194443725862,508041,APOLLOHOSP.NS,Apollo Hospitals,Healthcare
2023-07-17,5176.1689453125,5274.995852492297,5109.6238286710795,5109.6238286710795,469609,APOLLOHOSP.NS,Apollo Hospitals,Healthcare
2023-07-18,5119.9384765625,5280.004635957327,5064.252574105033,5163.475608022506,511024,APOLLOHOSP.NS,Apollo Hospitals,Healthcare
2023-07-19,5132.8310546875,5180.78160690647,5119.938481371962,5119.938481371962,265631,APOLLOHOSP.NS,Apollo Hospitals,Healthcare
2023-07-20,5152.5166015625,5166.946171163509,5090.235270794203,5127.276718793732,276787,APOLLOHOSP.NS,Apollo Hospitals,Healthcare
2023-07-21,5161.888671875,5209.591289382798,5082.698423786981,5087.657105768118,313184,APOLLOHOSP.NS,Apollo Hospitals,Healthcare
2023-07-24,5137.98681640625,5182.51616009446,5101.491117197872,5101.491117197872,249814,APOLLOHOSP.NS,Apollo Hospitals,Healthcare
2023-07-25,5169.12890625,5176.86425684331,5111.2111103089555,5111.2111103089555,547945,APOLLOHOSP.NS,Apollo Hospitals,Healthcare
2023-07-26,5113.14404296875,5211.573863317806,5100.54879921049,5153.061426032221,297720,APOLLOHOSP.NS,Apollo Hospitals,Healthcare
2023-07-27,5172.40087890625,5221.491827713816,5101.690271595068,5104.219005562409,363050,APOLLOHOSP.NS,Apollo Hospitals,Healthcare
2023-07-28,5302.7646484375,5319.673558798943,5134.218869109271,5134.218869109271,453505,APOLLOHOSP.NS,Apollo Hospitals,Healthcare
2023-07-31,5130.6982421875,5295.822332508933,5115.920984245235,5295.822332508933,689230,APOLLOHOSP.NS,Apollo Hospitals,Healthcare
2023-08-01,4990.81396484375,5166.946439357076,4980.053528480672,5166.946439357076,1044095,APOLLOHOSP.NS,Apollo Hospitals,Healthcare
2023-08-02,4955.45849609375,5002.020710383957,4934.879967291239,4991.408937977654,1016605,APOLLOHOSP.NS,Apollo Hospitals,Healthcare
2023-08-03,4955.01220703125,4988.433916232149,4915.342752429006,4919.012370678222,412037,APOLLOHOSP.NS,Apollo Hospitals,Healthcare
2023-08-04,4939.14501953125,4994.831410527064,4922.979908534152,4983.4758340822145,358846,APOLLOHOSP.NS,Apollo Hospitals,Healthcare
2023-08-07,4972.96240234375,4983.375633486365,4915.392303868077,4939.144097688487,608113,APOLLOHOSP.NS,Apollo Hospitals,Healthcare
2023-08-08,4981.8388671875,5013.227225668098,4938.995663370526,4975.541244545371,519420,APOLLOHOSP.NS,Apollo Hospitals,Healthcare
2023-08-09,4940.18603515625,4984.466966973001,4917.0288942005855,4981.83896245686,268668,APOLLOHOSP.NS,Apollo Hospitals,Healthcare
2023-08-10,4881.822265625,4940.285318146992,4863.078545141535,4940.235440780888,370166,APOLLOHOSP.NS,Apollo Hospitals,Healthcare
2023-08-11,4865.60693359375,4970.58231741392,4771.391985438458,4889.259941111458,1066479,APOLLOHOSP.NS,Apollo Hospitals,Healthcare
2023-08-14,4781.01220703125,4886.830183419082,4690.912864154839,4822.813796698727,832136,APOLLOHOSP.NS,Apollo Hospitals,Healthcare
2023-08-16,4901.06103515625,4913.011746926706,4714.81317029615,4760.333765075446,667417,APOLLOHOSP.NS,Apollo Hospitals,Healthcare
2023-08-17,4852.31787109375,4919.012138495734,4832.2846037667,4899.673280289954,375779,APOLLOHOSP.NS,Apollo Hospitals,Healthcare
2023-08-18,4817.1455078125,4863.495165528786,4794.045147731082,4843.574403901114,336848,APOLLOHOSP.NS,Apollo Hospitals,Healthcare
2023-08-21,4900.9033203125,4913.621230473063,4808.849713627914,4849.585837235092,243126,APOLLOHOSP.NS,Apollo Hospitals,Healthcare
2023-08-22,4887.98681640625,4927.083655080973,4874.5737030076625,4916.054998147738,175172,APOLLOHOSP.NS,Apollo Hospitals,Healthcare
2023-08-23,4913.77001953125,4954.903470463655,4879.3926094740345,4926.090115612353,597123,APOLLOHOSP.NS,Apollo Hospitals,Healthcare
2023-08-24,4888.28515625,4951.425951299606,4868.562814788981,4923.109378687578,534065,APOLLOHOSP.NS,Apollo Hospitals,Healthcare
2023-08-25,4834.185546875,4881.479289372109,4814.811049256243,4868.463504200493,249504,APOLLOHOSP.NS,Apollo Hospitals,Healthcare
2023-08-28,4873.87890625,4880.237619068055,4810.837073957718,4843.525233793508,204098,APOLLOHOSP.NS,Apollo Hospitals,Healthcare
2023-08-29,4847.00244140625,4913.173899753207,4827.627943722693,4874.424904386094,591619,APOLLOHOSP.NS,Apollo Hospitals,Healthcare
2023-08-30,4843.126953125,4858.477708556124,4813.816819753949,4850.529197811432,396122,APOLLOHOSP.NS,Apollo Hospitals,Healthcare
2023-08-31,4783.11669921875,4880.187613975479,4774.869826677283,4855.9947179287765,488260,APOLLOHOSP.NS,Apollo Hospitals,Healthcare
2023-09-01,4809.197265625,4818.735576380771,4770.2993347930515,4808.849421221771,206097,APOLLOHOSP.NS,Apollo Hospitals,Healthcare
2023-09-04,4793.79736328125,4838.6566808615025,4786.594024279968,4828.721040859734,354446,APOLLOHOSP.NS,Apollo Hospitals,Healthcare
2023-09-05,4952.41943359375,4959.871163105628,4800.950417660199,4828.720723696584,800554,APOLLOHOSP.NS,Apollo Hospitals,Healthcare
2023-09-06,5000.70703125,5011.188937322892,4922.116022359402,4947.948686182847,535407,APOLLOHOSP.NS,Apollo Hospitals,Healthcare
2023-09-07,4996.6826171875,5012.430702912539,4954.903446907198,4997.57721285852,334709,APOLLOHOSP.NS,Apollo Hospitals,Healthcare
2023-09-08,4953.06494140625,5017.298750025248,4945.9115724638,5007.562017934712,292671,APOLLOHOSP.NS,Apollo Hospitals,Healthcare
2023-09-11,5063.15185546875,5073.931635045221,4971.545075166919,4971.793466127457,543287,APOLLOHOSP.NS,Apollo Hospitals,Healthcare
2023-09-12,4947.15380859375,5092.015238293047,4934.038570412346,5078.105343007955,483061,APOLLOHOSP.NS,Apollo Hospitals,Healthcare
2023-09-13,4978.74951171875,4988.884059200599,4913.174283665779,4942.981205508038,232238,APOLLOHOSP.NS,Apollo Hospitals,Healthcare
2023-09-14,5051.8251953125,5067.1759518102,4963.348522993697,4968.813124510355,414391,APOLLOHOSP.NS,Apollo Hospitals,Healthcare
2023-09-15,5059.02880859375,5117.251754035646,5029.1229213247025,5051.8254698394385,658355,APOLLOHOSP.NS,Apollo Hospitals,Healthcare
2023-09-18,5042.486328125,5128.777460102347,5034.736722841302,5067.176490996119,371912,APOLLOHOSP.NS,Apollo Hospitals,Healthcare
2023-09-20,4974.07861328125,5027.234280379209,4897.276320109175,5018.93841016733,509910,APOLLOHOSP.NS,Apollo Hospitals,Healthcare
2023-09-21,4987.74072265625,5014.467982144869,4943.428156735782,4957.884318760066,422586,APOLLOHOSP.NS,Apollo Hospitals,Healthcare
2023-09-22,4957.4375,4984.512121391311,4923.110054823568,4980.736771913329,348459,APOLLOHOSP.NS,Apollo Hospitals,Healthcare
2023-09-25,5064.24560546875,5080.540444509609,4940.84523768049,4982.624413234877,386746,APOLLOHOSP.NS,Apollo Hospitals,Healthcare
2023-09-26,5021.1748046875,5064.195933749811,4997.875533793405,5064.195933749811,267102,APOLLOHOSP.NS,Apollo Hospitals,Healthcare
2023-09-27,5072.4921875,5085.905301825438,4987.691401014771,5021.472577834393,460768,APOLLOHOSP.NS,Apollo Hospitals,Healthcare
2023-09-28,4987.79052734375,5112.3833507681275,4962.8519749464185,5072.491854844086,407714,APOLLOHOSP.NS,Apollo Hospitals,Healthcare
2023-09-29,5104.68310546875,5153.5666451111,4994.248571155355,5021.472125938215,410567,APOLLOHOSP.NS,Apollo Hospitals,Healthcare
2023-10-03,5086.0048828125,5121.773188577404,5033.395472361143,5105.876163793002,268482,APOLLOHOSP.NS,Apollo Hospitals,Healthcare
2023-10-04,5014.9150390625,5064.046974901798,4950.233923023097,5052.273143998666,442482,APOLLOHOSP.NS,Apollo Hospitals,Healthcare
2023-10-05,5014.56689453125,5047.156084180074,4994.298286353532,5022.416438089389,363289,APOLLOHOSP.NS,Apollo Hospitals,Healthcare
2023-10-06,5027.681640625,5051.278782854108,4996.433862438798,5017.497610820858,407753,APOLLOHOSP.NS,Apollo Hospitals,Healthcare
2023-10-09,5014.81494140625,5033.394780625083,4954.952715679313,4967.819562401384,176296,APOLLOHOSP.NS,Apollo Hospitals,Healthcare
2023-10-10,5034.0908203125,5051.825549275541,5000.607520072563,5036.326339271403,202645,APOLLOHOSP.NS,Apollo Hospitals,Healthcare
2023-10-11,5060.07275390625,5106.919201695621,5032.401898168934,5040.300926398241,336099,APOLLOHOSP.NS,Apollo Hospitals,Healthcare
2023-10-12,4961.708984375,5081.0361011110435,4840.34525577931,5060.021837339619,1029595,APOLLOHOSP.NS,Apollo Hospitals,Healthcare
2023-10-13,4985.00830078125,4996.732646682587,4901.996225340447,4956.8411504096,410013,APOLLOHOSP.NS,Apollo Hospitals,Healthcare
2023-10-16,4989.38037109375,5016.951771199852,4954.307271947659,4997.626757970924,259806,APOLLOHOSP.NS,Apollo Hospitals,Healthcare
2023-10-17,4996.43359375,5035.381489937549,4979.940822284517,5017.497340999334,217907,APOLLOHOSP.NS,Apollo Hospitals,Healthcare
2023-10-18,4945.21630859375,5007.512964058392,4906.666220309883,4988.68473262328,341459,APOLLOHOSP.NS,Apollo Hospitals,Healthcare
2023-10-19,4964.88818359375,4987.641184515832,4903.3866765597795,4945.215812860479,231958,APOLLOHOSP.NS,Apollo Hospitals,Healthcare
2023-10-20,4945.513671875,4967.769890785547,4908.702324362259,4957.983189589226,252447,APOLLOHOSP.NS,Apollo Hospitals,Healthcare
2023-10-23,4937.5654296875,4978.301550779644,4912.32900291668,4944.967675014576,363474,APOLLOHOSP.NS,Apollo Hospitals,Healthcare
2023-10-25,4828.62109375,4939.353984303767,4800.403976057651,4928.076937026999,894230,APOLLOHOSP.NS,Apollo Hospitals,Healthcare
2023-10-26,4729.66259765625,4828.621670810383,4695.58354591719,4828.621670810383,836962,APOLLOHOSP.NS,Apollo Hospitals,Healthcare
2023-10-27,4799.11279296875,4829.267070788232,4746.056089843552,4749.186204401943,333727,APOLLOHOSP.NS,Apollo Hospitals,Healthcare
2023-10-30,4810.58837890625,4837.066761828505,4752.26597948252,4808.849641948934,234759,APOLLOHOSP.NS,Apollo Hospitals,Healthcare
2023-10-31,4788.87841796875,4868.115136898805,4774.273320108069,4800.900637868618,276660,APOLLOHOSP.NS,Apollo Hospitals,Healthcare
2023-11-01,4765.6787109375,4824.746278605614,4759.171061474648,4803.8814367912155,281746,APOLLOHOSP.NS,Apollo Hospitals,Healthcare
2023-11-02,4855.546875,4863.495386356661,4779.241360031512,4806.6633361010845,214035,APOLLOHOSP.NS,Apollo Hospitals,Healthcare
2023-11-03,5120.03369140625,5132.254333339587,4905.274465980212,4918.886485486586,1262458,APOLLOHOSP.NS,Apollo Hospitals,Healthcare
2023-11-06,5131.70849609375,5194.352511264611,5094.49933081662,5107.9619287519035,399720,APOLLOHOSP.NS,Apollo Hospitals,Healthcare
2023-11-07,5103.78955078125,5148.599386143626,5088.0909478202675,5116.8548209176015,222204,APOLLOHOSP.NS,Apollo Hospitals,Healthcare
2023-11-08,5078.05615234375,5120.481044331972,5054.70739819437,5101.9511726411565,400498,APOLLOHOSP.NS,Apollo Hospitals,Healthcare
2023-11-09,5263.50439453125,5278.805182089289,5089.083954809675,5114.37035098901,1032216,APOLLOHOSP.NS,Apollo Hospitals,Healthcare
2023-11-10,5244.52734375,5303.644399154589,5185.062443932948,5265.888968812163,696409,APOLLOHOSP.NS,Apollo Hospitals,Healthcare
2023-11-13,5187.0498046875,5245.024361172406,5166.731711950667,5216.211005143992,150128,APOLLOHOSP.NS,Apollo Hospitals,Healthcare
2023-11-15,5191.322265625,5260.9212277554225,5173.487598285645,5249.843086503745,356675,APOLLOHOSP.NS,Apollo Hospitals,Healthcare
2023-11-16,5304.3896484375,5333.4513945797235,5168.271384455119,5190.378182802622,449045,APOLLOHOSP.NS,Apollo Hospitals,Healthcare
2023-11-17,5443.68701171875,5457.994234556029,5271.998882255561,5297.8815124000685,735541,APOLLOHOSP.NS,Apollo Hospitals,Healthcare
2023-11-20,5438.72021484375,5558.990951015329,5419.941465879491,5439.763263057896,526567,APOLLOHOSP.NS,Apollo Hospitals,Healthcare
2023-11-21,5431.615234375,5484.770905960027,5387.501091806931,5464.601751731823,382979,APOLLOHOSP.NS,Apollo Hospitals,Healthcare
2023-11-22,5496.39599609375,5504.2950238746225,5404.14348253722,5431.814336703639,302473,APOLLOHOSP.NS,Apollo Hospitals,Healthcare
2023-11-23,5458.5908203125,5514.27988527864,5438.073336772575,5494.408606412771,234584,APOLLOHOSP.NS,Apollo Hospitals,Healthcare
2023-11-24,5366.5361328125,5457.646130280779,5360.276874725068,5457.646130280779,270183,APOLLOHOSP.NS,Apollo Hospitals,Healthcare
2023-11-28,5332.2587890625,5389.935467186381,5306.625033322094,5366.536745184876,362746,APOLLOHOSP.NS,Apollo Hospitals,Healthcare
2023-11-29,5387.0537109375,5400.019525125462,5329.973273695591,5337.524455983837,277119,APOLLOHOSP.NS,Apollo Hospitals,Healthcare
2023-11-30,5493.36572265625,5514.28005023275,5347.361302766245,5347.361302766245,775261,APOLLOHOSP.NS,Apollo Hospitals,Healthcare
2023-12-01,5555.16552734375,5651.044457930811,5494.757027309141,5514.280463815452,546990,APOLLOHOSP.NS,Apollo Hospitals,Healthcare
2023-12-04,5586.36279296875,5621.833220038902,5533.753872899893,5589.790782651679,936113,APOLLOHOSP.NS,Apollo Hospitals,Healthcare
2023-12-05,5544.28564453125,5652.385206221425,5489.4407214577905,5573.893655634064,787929,APOLLOHOSP.NS,Apollo Hospitals,Healthcare
2023-12-06,5507.42431640625,5602.707000248144,5473.295298389246,5498.5317251789165,574427,APOLLOHOSP.NS,Apollo Hospitals,Healthcare
2023-12-07,5426.25048828125,5484.274530518544,5406.478661141622,5454.9149075315245,510609,APOLLOHOSP.NS,Apollo Hospitals,Healthcare
2023-12-08,5519.595703125,5536.684712342394,5404.043922218642,5459.6340204495655,456382,APOLLOHOSP.NS,Apollo Hospitals,Healthcare
2023-12-11,5511.64697265625,5519.59548410857,5454.6659841547025,5514.279820047103,238128,APOLLOHOSP.NS,Apollo Hospitals,Healthcare
2023-12-12,5394.00830078125,5514.279002814231,5368.42403333576,5514.279002814231,615205,APOLLOHOSP.NS,Apollo Hospitals,Healthcare
2023-12-13,5391.8232421875,5416.910732281061,5334.842251818551,5368.176613897347,476781,APOLLOHOSP.NS,Apollo Hospitals,Healthcare
2023-12-14,5480.3994140625,5497.339970861913,5417.010226728243,5459.435117233466,490550,APOLLOHOSP.NS,Apollo Hospitals,Healthcare
2023-12-15,5515.47216796875,5552.035125779564,5464.601501751539,5494.408419033821,349758,APOLLOHOSP.NS,Apollo Hospitals,Healthcare
2023-12-18,5463.26025390625,5571.658176634268,5458.640278619529,5514.776641149927,428321,APOLLOHOSP.NS,Apollo Hospitals,Healthcare
2023-12-19,5519.7451171875,5638.8238664148475,5468.278693104142,5473.345481682528,682732,APOLLOHOSP.NS,Apollo Hospitals,Healthcare
2023-12-20,5367.431640625,5569.7208831315065,5340.505959168323,5519.744807933255,437044,APOLLOHOSP.NS,Apollo Hospitals,Healthcare
2023-12-21,5440.60693359375,5517.260290813508,5250.836230272053,5309.605437440552,487514,APOLLOHOSP.NS,Apollo Hospitals,Healthcare
2023-12-22,5505.73486328125,5513.286045900764,5427.541675933643,5474.5370540481545,220537,APOLLOHOSP.NS,Apollo Hospitals,Healthcare
2023-12-26,5596.89453125,5608.668360797737,5490.583191195907,5505.735041063429,243281,APOLLOHOSP.NS,Apollo Hospitals,Healthcare
2023-12-27,5650.84521484375,5678.2177063192,5579.457551376999,5598.732594069763,307177,APOLLOHOSP.NS,Apollo Hospitals,Healthcare
2023-12-28,5723.4248046875,5732.863661669451,5638.226700876728,5638.475091849937,568149,APOLLOHOSP.NS,Apollo Hospitals,Healthcare
2023-12-29,5667.38818359375,5721.885262888295,5640.7603788414535,5703.057032115314,325682,APOLLOHOSP.NS,Apollo Hospitals,Healthcare
2024-01-01,5713.04248046875,5727.896456314662,5671.11437077893,5704.050920330004,127030,APOLLOHOSP.NS,Apollo Hospitals,Healthcare
2024-01-02,5709.3671875,5745.433370428882,5643.444112155092,5701.170283639915,166449,APOLLOHOSP.NS,Apollo Hospitals,Healthcare
2024-01-03,5731.17431640625,5748.760591080797,5636.5373571424325,5693.121013980811,198997,APOLLOHOSP.NS,Apollo Hospitals,Healthcare
2024-01-04,5725.1142578125,5802.363853185293,5694.611651178978,5731.174609660099,220702,APOLLOHOSP.NS,Apollo Hospitals,Healthcare
2024-01-05,5717.21533203125,5771.414051189904,5678.217947179666,5725.114359451551,144894,APOLLOHOSP.NS,Apollo Hospitals,Healthcare
2024-01-08,5645.43017578125,5737.682682492414,5603.700491271779,5712.992522129917,157009,APOLLOHOSP.NS,Apollo Hospitals,Healthcare
2024-01-09,5760.33642578125,5811.356035964532,5638.178018861071,5665.501029801236,329437,APOLLOHOSP.NS,Apollo Hospitals,Healthcare
2024-01-10,5763.564453125,5781.845930977524,5684.476673463179,5762.670342685752,239740,APOLLOHOSP.NS,Apollo Hospitals,Healthcare
2024-01-11,5832.12158203125,5854.079444797283,5764.907070362362,5766.645807468335,213210,APOLLOHOSP.NS,Apollo Hospitals,Healthcare
2024-01-12,5758.39892578125,5883.88586180791,5705.888972658187,5832.2205350915965,250919,APOLLOHOSP.NS,Apollo Hospitals,Healthcare
2024-01-15,5858.4501953125,5886.021594066391,5766.644986219163,5797.445467709997,375458,APOLLOHOSP.NS,Apollo Hospitals,Healthcare
2024-01-16,5866.5478515625,5929.043412390963,5791.484288880116,5844.143178451337,347797,APOLLOHOSP.NS,Apollo Hospitals,Healthcare
2024-01-17,5887.7607421875,5941.860495414615,5793.720007707492,5835.052366655163,378205,APOLLOHOSP.NS,Apollo Hospitals,Healthcare
2024-01-18,5952.29248046875,5990.14736267873,5800.426138950015,5920.647372730925,591170,APOLLOHOSP.NS,Apollo Hospitals,Healthcare
2024-01-19,6055.42431640625,6080.611259090504,5912.698954713658,5948.46725623772,326813,APOLLOHOSP.NS,Apollo Hospitals,Healthcare
2024-01-23,6114.14404296875,6387.324639967818,6094.173310919503,6386.628951160369,982889,APOLLOHOSP.NS,Apollo Hospitals,Healthcare
2024-01-24,6173.36083984375,6189.903583050012,6044.197522701455,6113.945422875097,435151,APOLLOHOSP.NS,Apollo Hospitals,Healthcare
2024-01-25,6129.14697265625,6198.050728522308,6079.71716692868,6170.081515663033,337391,APOLLOHOSP.NS,Apollo Hospitals,Healthcare
2024-01-29,6289.0107421875,6308.136846186411,6138.038522021174,6159.151753708284,554591,APOLLOHOSP.NS,Apollo Hospitals,Healthcare
2024-01-30,6269.18994140625,6346.737902791648,6243.357277372207,6290.253692289477,304312,APOLLOHOSP.NS,Apollo Hospitals,Healthcare
2024-01-31,6312.06298828125,6330.642345117818,6215.289460737807,6239.582296057396,499281,APOLLOHOSP.NS,Apollo Hospitals,Healthcare
2024-02-01,6247.48095703125,6335.957637305728,6227.460254290908,6249.169724750527,255111,APOLLOHOSP.NS,Apollo Hospitals,Healthcare
2024-02-02,6279.8701171875,6318.12232735637,6250.808373098163,6279.32385109768,239428,APOLLOHOSP.NS,Apollo Hospitals,Healthcare
2024-02-05,6194.37451171875,6305.753128718198,6169.2375375736365,6279.870496464058,147909,APOLLOHOSP.NS,Apollo Hospitals,Healthcare
2024-02-06,6157.4130859375,6257.36570680097,6115.435013054195,6219.660249578298,326654,APOLLOHOSP.NS,Apollo Hospitals,Healthcare
2024-02-07,6138.1884765625,6208.6320621851255,6115.3859903092225,6197.603405532307,323738,APOLLOHOSP.NS,Apollo Hospitals,Healthcare
2024-02-08,6190.89697265625,6322.246320906085,6110.418292703569,6161.586836130274,794455,APOLLOHOSP.NS,Apollo Hospitals,Healthcare
2024-02-09,6395.9189453125,6432.28348265297,6173.609013072724,6229.049687035052,933104,APOLLOHOSP.NS,Apollo Hospitals,Healthcare
2024-02-12,6571.87939453125,6634.821283911294,6333.970307891532,6423.291611754695,709946,APOLLOHOSP.NS,Apollo Hospitals,Healthcare
2024-02-13,6675.65625,6696.620544875925,6555.782865018927,6571.878793915172,521773,APOLLOHOSP.NS,Apollo Hospitals,Healthcare
2024-02-14,6710.63037109375,6731.395760619074,6656.878464376059,6675.557272578849,452781,APOLLOHOSP.NS,Apollo Hospitals,Healthcare
2024-02-15,6584.9443359375,6720.863686194144,6543.214651280277,6706.556462767966,446114,APOLLOHOSP.NS,Apollo Hospitals,Healthcare
2024-02-16,6558.068359375,6617.583228301985,6483.104250164831,6588.372059957472,391508,APOLLOHOSP.NS,Apollo Hospitals,Healthcare
2024-02-19,6614.30419921875,6632.983492693269,6469.144408075428,6577.393395244466,334607,APOLLOHOSP.NS,Apollo Hospitals,Healthcare
2024-02-20,6722.0048828125,6747.4131492989345,6601.078412969933,6630.564063809969,559251,APOLLOHOSP.NS,Apollo Hospitals,Healthcare
2024-02-21,6722.7001953125,6784.158128585155,6680.087477540819,6747.363100247052,537325,APOLLOHOSP.NS,Apollo Hospitals,Healthcare
2024-02-22,6731.701171875,6836.368123345939,6652.989246987088,6727.524244189091,564432,APOLLOHOSP.NS,Apollo Hospitals,Healthcare
2024-02-23,6736.5234375,6749.2028060172925,6685.855977790408,6741.44621009606,352524,APOLLOHOSP.NS,Apollo Hospitals,Healthcare
2024-02-26,6547.5263671875,6754.125486686771,6534.498840635703,6732.446447198475,453443,APOLLOHOSP.NS,Apollo Hospitals,Healthcare
2024-02-27,6583.92333984375,6631.508357836955,6533.6035562828465,6551.50383999869,313760,APOLLOHOSP.NS,Apollo Hospitals,Healthcare
2024-02-28,6327.1044921875,6593.2716903862465,6310.148652980312,6593.2716903862465,536602,APOLLOHOSP.NS,Apollo Hospitals,Healthcare
2024-02-29,6067.798828125,6357.136749836006,6028.467633440517,6357.136749836006,1543361,APOLLOHOSP.NS,Apollo Hospitals,Healthcare
2024-03-01,6051.68798828125,6073.168425660836,5908.93342117172,6068.196124673722,1749136,APOLLOHOSP.NS,Apollo Hospitals,Healthcare
2024-03-04,5999.876953125,6137.5601717453865,5989.485134648651,6110.95835952127,551616,APOLLOHOSP.NS,Apollo Hospitals,Healthcare
2024-03-05,6027.52294921875,6069.687965520066,5943.093373478652,6001.616969087564,724456,APOLLOHOSP.NS,Apollo Hospitals,Healthcare
2024-03-06,6020.7607421875,6045.224562447615,5912.0664266728045,5991.623249908099,588776,APOLLOHOSP.NS,Apollo Hospitals,Healthcare
2024-03-07,6015.291015625,6108.82029425535,5998.584277517605,6031.898696167612,738112,APOLLOHOSP.NS,Apollo Hospitals,Healthcare
2024-03-11,6170.32763671875,6190.514985331968,6002.661543374261,6015.290897058803,521556,APOLLOHOSP.NS,Apollo Hospitals,Healthcare
2024-03-12,6110.75830078125,6239.4913564847375,6073.66513284146,6205.431097655459,482112,APOLLOHOSP.NS,Apollo Hospitals,Healthcare
2024-03-13,5975.11474609375,6145.764218599238,5923.054655961718,6145.764218599238,356191,APOLLOHOSP.NS,Apollo Hospitals,Healthcare
2024-03-14,5989.78271484375,6061.234775639013,5946.871855343937,5975.114427240686,439181,APOLLOHOSP.NS,Apollo Hospitals,Healthcare
2024-03-15,5950.05517578125,5997.441112873581,5908.685529389258,5981.678819699755,764270,APOLLOHOSP.NS,Apollo Hospitals,Healthcare
2024-03-18,6102.5546875,6110.908541834608,5945.529515396355,5964.523802771782,419258,APOLLOHOSP.NS,Apollo Hospitals,Healthcare
2024-03-19,6079.3349609375,6091.765714811712,6000.6230389449265,6043.335303487251,542392,APOLLOHOSP.NS,Apollo Hospitals,Healthcare
2024-03-20,6139.84716796875,6166.349922332658,6039.804854372428,6113.941672451811,413963,APOLLOHOSP.NS,Apollo Hospitals,Healthcare
2024-03-21,6148.25048828125,6179.9736731031,6071.776592262852,6155.609397007202,350032,APOLLOHOSP.NS,Apollo Hospitals,Healthcare
2024-03-22,6340.5791015625,6355.496005525888,6134.52722616068,6134.9744419338,727548,APOLLOHOSP.NS,Apollo Hospitals,Healthcare
2024-03-26,6287.42529296875,6427.644185790693,6274.546838723738,6362.5565693247445,629120,APOLLOHOSP.NS,Apollo Hospitals,Healthcare
2024-03-27,6196.9296875,6363.948999680619,6185.542923097537,6319.795060495956,603420,APOLLOHOSP.NS,Apollo Hospitals,Healthcare
2024-03-28,6321.5849609375,6390.004120058828,6078.638506947607,6196.929752368548,818070,APOLLOHOSP.NS,Apollo Hospitals,Healthcare
2024-04-01,6421.47802734375,6520.675430762782,6337.446141740661,6365.539641957079,440465,APOLLOHOSP.NS,Apollo Hospitals,Healthcare
2024-04-02,6384.18603515625,6433.660431394269,6368.7223728741765,6433.660431394269,213898,APOLLOHOSP.NS,Apollo Hospitals,Healthcare
2024-04-03,6339.7333984375,6373.495516962107,6276.038415906984,6364.097673701281,289202,APOLLOHOSP.NS,Apollo Hospitals,Healthcare
2024-04-04,6404.92041015625,6439.129743648178,6291.352861991439,6389.406734044717,547885,APOLLOHOSP.NS,Apollo Hospitals,Healthcare
2024-04-05,6362.30810546875,6444.102461558751,6346.197655084335,6404.9208245713235,239001,APOLLOHOSP.NS,Apollo Hospitals,Healthcare
2024-04-08,6272.806640625,6362.308063106273,6245.210368693274,6362.308063106273,491584,APOLLOHOSP.NS,Apollo Hospitals,Healthcare
2024-04-09,6469.01318359375,6503.769762103389,6295.878049794494,6312.634315842869,592624,APOLLOHOSP.NS,Apollo Hospitals,Healthcare
2024-04-10,6453.89794921875,6479.803444495277,6415.263071399127,6469.013453669791,174947,APOLLOHOSP.NS,Apollo Hospitals,Healthcare
2024-04-12,6371.0595703125,6442.014411275882,6327.452873731659,6414.269065456845,450885,APOLLOHOSP.NS,Apollo Hospitals,Healthcare
2024-04-15,6268.23193359375,6363.6505873796505,6248.193656972259,6290.060529984147,251305,APOLLOHOSP.NS,Apollo Hospitals,Healthcare
2024-04-16,6299.65673828125,6312.4356489387765,6167.64214701769,6265.049717626846,290190,APOLLOHOSP.NS,Apollo Hospitals,Healthcare
2024-04-18,6040.50048828125,6299.308762253649,6019.66683787977,6271.1657320714085,518459,APOLLOHOSP.NS,Apollo Hospitals,Healthcare
2024-04-19,6135.3720703125,6164.659119044691,6016.484541090559,6105.985964015874,560178,APOLLOHOSP.NS,Apollo Hospitals,Healthcare
2024-04-22,6203.98974609375,6223.3321920236685,6115.930485929301,6120.405557016566,197001,APOLLOHOSP.NS,Apollo Hospitals,Healthcare
2024-04-23,6160.58203125,6268.878661084158,6146.7591301595985,6206.9239784648325,217146,APOLLOHOSP.NS,Apollo Hospitals,Healthcare
2024-04-24,6248.5419921875,6275.541491219393,6151.880260369384,6195.387896886435,207837,APOLLOHOSP.NS,Apollo Hospitals,Healthcare
2024-04-25,6348.7333984375,6366.7332249983965,6134.675842460994,6245.209995505038,520353,APOLLOHOSP.NS,Apollo Hospitals,Healthcare
2024-04-26,6223.92919921875,6344.656579973198,6216.42073276657,6344.656579973198,261065,APOLLOHOSP.NS,Apollo Hospitals,Healthcare
2024-04-29,5935.28662109375,6165.653228893527,5701.240316330095,6165.653228893527,2785015,APOLLOHOSP.NS,Apollo Hospitals,Healthcare
2024-04-30,5914.15478515625,5989.634222742324,5868.31006946745,5966.761636469192,1040838,APOLLOHOSP.NS,Apollo Hospitals,Healthcare
2024-05-02,5925.541015625,5966.761587824743,5906.547213031466,5914.154736940682,572406,APOLLOHOSP.NS,Apollo Hospitals,Healthcare
2024-05-03,5976.30810546875,5994.307932175191,5927.032311291866,5966.7611904487785,563849,APOLLOHOSP.NS,Apollo Hospitals,Healthcare
2024-05-06,6023.1474609375,6052.434023324707,5953.038014819508,6016.484383175206,419144,APOLLOHOSP.NS,Apollo Hospitals,Healthcare
2024-05-07,5867.56396484375,6046.3181909664845,5823.9567866966045,6046.3181909664845,455928,APOLLOHOSP.NS,Apollo Hospitals,Healthcare
2024-05-08,5814.11181640625,5877.260041898732,5780.449240032401,5859.359757507163,511587,APOLLOHOSP.NS,Apollo Hospitals,Healthcare
2024-05-09,5774.23388671875,5859.35978106055,5757.924835767241,5827.437509985339,598157,APOLLOHOSP.NS,Apollo Hospitals,Healthcare
2024-05-10,5810.08447265625,5848.420721002616,5721.378424265992,5787.709117066629,372227,APOLLOHOSP.NS,Apollo Hospitals,Healthcare
2024-05-13,5797.8525390625,5810.034677565485,5758.124141984266,5787.758864275289,348407,APOLLOHOSP.NS,Apollo Hospitals,Healthcare
2024-05-14,5830.3212890625,5861.994944757767,5708.201766067734,5822.564693436686,558136,APOLLOHOSP.NS,Apollo Hospitals,Healthcare
2024-05-15,5816.39892578125,5850.857361962913,5787.758664763453,5837.432148565266,509306,APOLLOHOSP.NS,Apollo Hospitals,Healthcare
2024-05-16,5898.83984375,5911.568740254666,5817.592250061367,5857.370658608796,378026,APOLLOHOSP.NS,Apollo Hospitals,Healthcare
2024-05-17,5920.0712890625,5939.910964918684,5877.359513449748,5892.176873789252,267904,APOLLOHOSP.NS,Apollo Hospitals,Healthcare
2024-05-21,5915.2978515625,6008.428951656313,5887.602038032164,5966.761166624638,606639,APOLLOHOSP.NS,Apollo Hospitals,Healthcare
2024-05-22,5835.64111328125,5925.590226247694,5812.569929616775,5925.590226247694,735701,APOLLOHOSP.NS,Apollo Hospitals,Healthcare
2024-05-23,5936.9775390625,5958.259378012659,5828.134150219865,5845.885363747769,308200,APOLLOHOSP.NS,Apollo Hospitals,Healthcare
2024-05-24,5881.5859375,5938.767400521655,5834.498148661694,5905.402968578033,608807,APOLLOHOSP.NS,Apollo Hospitals,Healthcare
2024-05-27,5906.3974609375,5926.485751851865,5885.2156522291025,5917.038379649063,189637,APOLLOHOSP.NS,Apollo Hospitals,Healthcare
2024-05-28,5871.791015625,5938.370328916604,5847.7248814201885,5911.221270575028,314362,APOLLOHOSP.NS,Apollo Hospitals,Healthcare
2024-05-29,5870.74658203125,5912.066211363753,5848.321211952713,5877.160559325219,337183,APOLLOHOSP.NS,Apollo Hospitals,Healthcare
2024-05-30,5734.505859375,5869.056145334891,5718.146793014889,5867.31583978919,643549,APOLLOHOSP.NS,Apollo Hospitals,Healthcare
2024-05-31,5806.8525390625,5926.33684207595,5711.185267908286,5823.509748402124,1382132,APOLLOHOSP.NS,Apollo Hospitals,Healthcare
2024-06-03,5818.78564453125,5984.810481522877,5780.3493698154325,5953.136827429214,804820,APOLLOHOSP.NS,Apollo Hospitals,Healthcare
2024-06-04,5813.31640625,5930.712243089998,5661.6612199877945,5718.494525461947,642000,APOLLOHOSP.NS,Apollo Hospitals,Healthcare
2024-06-05,5901.7734375,5911.8175831606,5744.797789604321,5882.232390663183,487289,APOLLOHOSP.NS,Apollo Hospitals,Healthcare
2024-06-06,5928.97216796875,5941.900151562107,5867.315630831202,5936.927850180046,490549,APOLLOHOSP.NS,Apollo Hospitals,Healthcare
2024-06-07,5981.23095703125,5997.590023070682,5932.403345138668,5954.579615427206,436163,APOLLOHOSP.NS,Apollo Hospitals,Healthcare
2024-06-10,6023.1474609375,6041.345888890806,5958.855218695931,6006.539780888966,443756,APOLLOHOSP.NS,Apollo Hospitals,Healthcare
2024-06-11,6074.11328125,6133.084575990469,6025.633347230861,6048.058230172286,521348,APOLLOHOSP.NS,Apollo Hospitals,Healthcare
2024-06-12,6134.427734375,6154.565554894163,6041.34615574894,6083.411631047337,321285,APOLLOHOSP.NS,Apollo Hospitals,Healthcare
2024-06-13,6171.8193359375,6176.144849520622,6125.875078617354,6173.559641357561,401804,APOLLOHOSP.NS,Apollo Hospitals,Healthcare
2024-06-14,6173.21142578125,6185.493106746791,6140.791925142165,6175.598033219894,216573,APOLLOHOSP.NS,Apollo Hospitals,Healthcare
2024-06-18,6201.80224609375,6215.177445043382,6132.040957021441,6190.515025197609,267887,APOLLOHOSP.NS,Apollo Hospitals,Healthcare
2024-06-19,6139.349609375,6234.271030250494,6094.101670010445,6230.293189427236,401714,APOLLOHOSP.NS,Apollo Hospitals,Healthcare
2024-06-20,6141.63720703125,6159.388418958555,6081.870051081025,6131.543532978869,252844,APOLLOHOSP.NS,Apollo Hospitals,Healthcare
2024-06-21,6135.81982421875,6204.537125524207,6110.958317637636,6118.118625763517,434583,APOLLOHOSP.NS,Apollo Hospitals,Healthcare
2024-06-24,6224.87353515625,6260.127345654195,6122.046441240431,6135.819812976391,357273,APOLLOHOSP.NS,Apollo Hospitals,Healthcare
2024-06-25,6260.47509765625,6280.016143410039,6207.66916408572,6223.331912186861,348730,APOLLOHOSP.NS,Apollo Hospitals,Healthcare
2024-06-26,6102.8037109375,6250.829222158528,6091.06927375084,6245.011532349152,538411,APOLLOHOSP.NS,Apollo Hospitals,Healthcare
2024-06-27,6158.1953125,6166.051451633224,6021.457023364957,6081.8704856555305,440975,APOLLOHOSP.NS,Apollo Hospitals,Healthcare
2024-06-28,6151.43359375,6188.029540473974,6111.10793512959,6188.029540473974,334692,APOLLOHOSP.NS,Apollo Hospitals,Healthcare
2024-07-01,6106.4833984375,6145.76457981333,6074.611140437763,6145.76457981333,374933,APOLLOHOSP.NS,Apollo Hospitals,Healthcare
2024-07-02,6063.82080078125,6129.604247937101,6043.334822910365,6100.764901242284,436037,APOLLOHOSP.NS,Apollo Hospitals,Healthcare
2024-07-03,6158.39404296875,6183.305077428613,6045.373249690907,6098.278728006371,188203,APOLLOHOSP.NS,Apollo Hospitals,Healthcare
2024-07-04,6190.564453125,6209.409668691468,6126.869469700214,6166.598350071698,222050,APOLLOHOSP.NS,Apollo Hospitals,Healthcare
2024-07-05,6293.4912109375,6307.712283835749,6124.8806700476125,6166.648000481449,350300,APOLLOHOSP.NS,Apollo Hospitals,Healthcare
2024-07-08,6282.453125,6352.562572897371,6257.93929128123,6344.656419648639,317731,APOLLOHOSP.NS,Apollo Hospitals,Healthcare
2024-07-09,6285.287109375,6315.220460898839,6221.2439644998185,6274.348046302099,176239,APOLLOHOSP.NS,Apollo Hospitals,Healthcare
2024-07-10,6340.38037109375,6381.451384935202,6266.243068567219,6285.286885122135,295890,APOLLOHOSP.NS,Apollo Hospitals,Healthcare
2024-07-11,6353.65625,6376.131149416012,6304.878167555664,6360.468400025002,354777,APOLLOHOSP.NS,Apollo Hospitals,Healthcare
2024-07-12,6318.70068359375,6384.385072354621,6284.988579310489,6349.827579770596,211028,APOLLOHOSP.NS,Apollo Hospitals,Healthcare
2024-07-15,6401.58935546875,6430.876404570304,6305.375324610604,6305.375324610604,359221,APOLLOHOSP.NS,Apollo Hospitals,Healthcare
2024-07-16,6417.94873046875,6428.191477484831,6367.5293982573285,6401.589664053098,298376,APOLLOHOSP.NS,Apollo Hospitals,Healthcare
2024-07-18,6484.7265625,6503.472236322672,6394.379746877148,6396.368667482709,583444,APOLLOHOSP.NS,Apollo Hospitals,Healthcare
2024-07-19,6346.59521484375,6489.101161597413,6329.738920894607,6489.101161597413,228785,APOLLOHOSP.NS,Apollo Hospitals,Healthcare
2024-07-22,6366.68359375,6398.357249834364,6334.860865743363,6346.595788041587,222285,APOLLOHOSP.NS,Apollo Hospitals,Healthcare
2024-07-23,6368.1259765625,6438.53357049252,6289.76221477814,6368.523663561139,284679,APOLLOHOSP.NS,Apollo Hospitals,Healthcare
2024-07-24,6387.02001953125,6408.251841390932,6314.871642461446,6364.545122452339,309594,APOLLOHOSP.NS,Apollo Hospitals,Healthcare
2024-07-25,6350.423828125,6398.50607649474,6336.700471428688,6369.318572154684,412373,APOLLOHOSP.NS,Apollo Hospitals,Healthcare
2024-07-26,6627.62939453125,6642.9444697553445,6358.130685908097,6397.362334216768,432671,APOLLOHOSP.NS,Apollo Hospitals,Healthcare
2024-07-29,6644.63525390625,6739.457136167379,6579.746722382726,6739.457136167379,367708,APOLLOHOSP.NS,Apollo Hospitals,Healthcare
2024-07-30,6604.21044921875,6675.960658369286,6547.625758717602,6644.635160831205,264929,APOLLOHOSP.NS,Apollo Hospitals,Healthcare
2024-07-31,6578.65283203125,6649.707212576285,6547.675491725978,6627.331856494038,352268,APOLLOHOSP.NS,Apollo Hospitals,Healthcare
2024-08-01,6669.248046875,6697.6897068135495,6570.001109295568,6578.652622025413,361725,APOLLOHOSP.NS,Apollo Hospitals,Healthcare
2024-08-02,6672.97802734375,6758.203473657495,6643.989605226516,6669.24880102739,587569,APOLLOHOSP.NS,Apollo Hospitals,Healthcare
2024-08-05,6650.55224609375,6719.070457948023,6563.486962726471,6651.944393282665,907845,APOLLOHOSP.NS,Apollo Hospitals,Healthcare
2024-08-06,6620.81787109375,6697.689450361828,6594.315118289432,6652.093353053687,334936,APOLLOHOSP.NS,Apollo Hospitals,Healthcare
2024-08-07,6683.12060546875,6730.506536197739,6625.093756523246,6664.076790029601,358284,APOLLOHOSP.NS,Apollo Hospitals,Healthcare
2024-08-08,6505.6591796875,6706.98784433008,6463.99139381799,6702.661845282039,509454,APOLLOHOSP.NS,Apollo Hospitals,Healthcare
2024-08-09,6551.35498046875,6561.448654776042,6493.825358546158,6545.785906016914,115598,APOLLOHOSP.NS,Apollo Hospitals,Healthcare
2024-08-12,6466.37841796875,6555.382612896779,6385.3799196286345,6513.714824341823,230114,APOLLOHOSP.NS,Apollo Hospitals,Healthcare
2024-08-13,6552.89599609375,6605.204700138739,6474.2340965423355,6474.2340965423355,400126,APOLLOHOSP.NS,Apollo Hospitals,Healthcare
2024-08-14,6479.75341796875,6826.969090396383,6424.461335212415,6563.437144445174,1723346,APOLLOHOSP.NS,Apollo Hospitals,Healthcare
2024-08-16,6660.0771484375,6687.865137603918,6529.7023168916085,6529.9017091728565,611092,APOLLOHOSP.NS,Apollo Hospitals,Healthcare
2024-08-19,6697.9248046875,6729.796445434941,6538.715902001771,6722.924220163302,398225,APOLLOHOSP.NS,Apollo Hospitals,Healthcare
2024-08-20,6646.1337890625,6761.369891614773,6623.325742042407,6747.824346216136,146064,APOLLOHOSP.NS,Apollo Hospitals,Healthcare
2024-08-21,6725.36474609375,6761.269947692598,6600.517453138968,6648.225219245503,291296,APOLLOHOSP.NS,Apollo Hospitals,Healthcare
2024-08-22,6803.15087890625,6830.490965093489,6723.92016700877,6733.431665205967,344641,APOLLOHOSP.NS,Apollo Hospitals,Healthcare
2024-08-23,6833.1806640625,6899.612826292235,6803.300999584239,6836.467232626043,468784,APOLLOHOSP.NS,Apollo Hospitals,Healthcare
2024-08-26,6752.8037109375,6850.410608234237,6582.290242763536,6802.603148333795,385016,APOLLOHOSP.NS,Apollo Hospitals,Healthcare
2024-08-27,6754.248046875,6823.269872145192,6706.988186552672,6752.803668670495,297297,APOLLOHOSP.NS,Apollo Hospitals,Healthcare
2024-08-28,6749.26904296875,6821.02984727093,6719.488586387282,6758.680846094708,250361,APOLLOHOSP.NS,Apollo Hospitals,Healthcare
2024-08-29,6829.6943359375,6879.643075106448,6733.182635804537,6772.623888059406,659960,APOLLOHOSP.NS,Apollo Hospitals,Healthcare
2024-08-30,6899.71240234375,6961.961702256632,6823.519259250384,6837.463102430869,499581,APOLLOHOSP.NS,Apollo Hospitals,Healthcare
2024-09-02,6852.4521484375,6970.925203802718,6837.5123173106185,6960.965316384797,248292,APOLLOHOSP.NS,Apollo Hospitals,Healthcare
2024-09-03,6817.39404296875,6898.019044630054,6807.03585670109,6863.309223967324,361990,APOLLOHOSP.NS,Apollo Hospitals,Healthcare
2024-09-04,6903.09814453125,6910.169761730667,6762.813035600574,6810.57088940823,389768,APOLLOHOSP.NS,Apollo Hospitals,Healthcare
2024-09-05,6906.48486328125,7015.745027935887,6872.522034643088,6903.098598664039,387284,APOLLOHOSP.NS,Apollo Hospitals,Healthcare
2024-09-06,6879.09521484375,6934.522380344161,6830.391460032308,6906.484906706516,185503,APOLLOHOSP.NS,Apollo Hospitals,Healthcare
2024-09-09,6833.1806640625,6900.210516846332,6793.0921142208335,6879.095359419296,304409,APOLLOHOSP.NS,Apollo Hospitals,Healthcare
2024-09-10,6893.7861328125,6947.868616828162,6833.180602962473,6872.322768549933,354522,APOLLOHOSP.NS,Apollo Hospitals,Healthcare
2024-09-11,6872.57177734375,6926.056570900872,6845.8794717992205,6872.322780141571,223028,APOLLOHOSP.NS,Apollo Hospitals,Healthcare
2024-09-12,7033.4736328125,7067.985034376988,6887.262669017379,6915.150355891202,831152,APOLLOHOSP.NS,Apollo Hospitals,Healthcare
2024-09-13,6990.99462890625,7071.470815056651,6979.939056055574,7067.735857088359,238034,APOLLOHOSP.NS,Apollo Hospitals,Healthcare
2024-09-16,7003.14599609375,7034.619339662762,6982.379532201105,6996.821369904109,226343,APOLLOHOSP.NS,Apollo Hospitals,Healthcare
2024-09-17,6979.939453125,7123.760631863761,6971.822241276675,7003.195889995092,266003,APOLLOHOSP.NS,Apollo Hospitals,Healthcare
2024-09-18,7007.67724609375,7039.648582676887,6932.828787757235,7001.701313510832,251334,APOLLOHOSP.NS,Apollo Hospitals,Healthcare
2024-09-19,7002.05029296875,7096.0715388508,6983.325897972859,7039.648870339338,407897,APOLLOHOSP.NS,Apollo Hospitals,Healthcare
2024-09-20,7054.23974609375,7091.4400238203125,6989.749473405215,7011.661226287806,493357,APOLLOHOSP.NS,Apollo Hospitals,Healthcare
2024-09-23,7124.1083984375,7153.191465535991,7061.958795416672,7061.958795416672,254282,APOLLOHOSP.NS,Apollo Hospitals,Healthcare
2024-09-24,7093.431640625,7171.11876053075,7047.815551927337,7047.815551927337,333949,APOLLOHOSP.NS,Apollo Hospitals,Healthcare
2024-09-25,7104.8359375,7116.28980779336,7045.77351454154,7064.299002019671,236185,APOLLOHOSP.NS,Apollo Hospitals,Healthcare
2024-09-26,7139.0986328125,7165.094038541609,7065.9430587155,7079.488604068855,405696,APOLLOHOSP.NS,Apollo Hospitals,Healthcare
2024-09-27,7204.98291015625,7250.698698373635,7081.480300139749,7130.582352980152,772592,APOLLOHOSP.NS,Apollo Hospitals,Healthcare
2024-09-30,7170.27294921875,7287.600726184317,7131.778077876355,7131.778077876355,442794,APOLLOHOSP.NS,Apollo Hospitals,Healthcare
2024-10-01,7124.65625,7214.892928368183,7106.3797591013445,7172.613011235926,310719,APOLLOHOSP.NS,Apollo Hospitals,Healthcare
2024-10-03,6878.24853515625,7171.118825435437,6828.449098868504,7064.896725098199,655420,APOLLOHOSP.NS,Apollo Hospitals,Healthcare
2024-10-04,6746.4296875,6930.388523100485,6700.365206493092,6874.414245540814,429272,APOLLOHOSP.NS,Apollo Hospitals,Healthcare
2024-10-07,6745.9814453125,6829.993197880158,6716.101781304275,6773.719830664667,260810,APOLLOHOSP.NS,Apollo Hospitals,Healthcare
2024-10-08,6896.5244140625,6912.161631302128,6721.629186051907,6791.646997672797,345891,APOLLOHOSP.NS,Apollo Hospitals,Healthcare
2024-10-09,6980.7861328125,7041.641148631688,6908.576941401496,6931.086386609324,391824,APOLLOHOSP.NS,Apollo Hospitals,Healthcare
2024-10-10,6927.15185546875,7026.750737575965,6856.436649172628,7026.651527751991,237853,APOLLOHOSP.NS,Apollo Hospitals,Healthcare
2024-10-11,6955.38818359375,6990.795877710645,6902.302174358209,6953.99389651925,75315,APOLLOHOSP.NS,Apollo Hospitals,Healthcare
2024-10-14,7064.14990234375,7072.914408810763,6933.82467720022,6948.8642045829965,168515,APOLLOHOSP.NS,Apollo Hospitals,Healthcare
2024-10-15,7111.50927734375,7121.668557553225,7011.761097069711,7086.460256484516,322659,APOLLOHOSP.NS,Apollo Hospitals,Healthcare
2024-10-16,7042.935546875,7106.579621517922,7027.697112461229,7056.680484381746,223419,APOLLOHOSP.NS,Apollo Hospitals,Healthcare
2024-10-17,6961.2646484375,7074.110476509149,6932.7296652575005,7060.564930935862,183572,APOLLOHOSP.NS,Apollo Hospitals,Healthcare
2024-10-18,6954.89013671875,7013.404479076011,6922.1222022632155,6955.288434976651,236651,APOLLOHOSP.NS,Apollo Hospitals,Healthcare
2024-10-21,6958.3759765625,7003.793162594709,6929.591997831725,6944.282832466007,222611,APOLLOHOSP.NS,Apollo Hospitals,Healthcare
2024-10-22,6864.30517578125,7009.022153282737,6843.9866152886925,6991.791741644362,112233,APOLLOHOSP.NS,Apollo Hospitals,Healthcare
2024-10-23,6879.04541015625,6931.036218274933,6827.25399431984,6857.382654493906,109466,APOLLOHOSP.NS,Apollo Hospitals,Healthcare
2024-10-24,6926.25537109375,6950.0098010833935,6843.090306836017,6909.4232577480325,147408,APOLLOHOSP.NS,Apollo Hospitals,Healthcare
2024-10-25,6916.99267578125,6952.997572391807,6848.4683569169665,6926.255176771926,175261,APOLLOHOSP.NS,Apollo Hospitals,Healthcare
2024-10-28,6898.51708984375,6942.0419953046385,6766.996962209259,6895.230521304736,238427,APOLLOHOSP.NS,Apollo Hospitals,Healthcare
2024-10-29,6959.42236328125,6969.631248815988,6828.300044403761,6929.990601482619,196146,APOLLOHOSP.NS,Apollo Hospitals,Healthcare
2024-10-30,6954.49169921875,7006.781110491072,6911.962783521535,6952.599417789615,191699,APOLLOHOSP.NS,Apollo Hospitals,Healthcare
2024-10-31,6994.53076171875,7021.7210615129925,6928.147718937242,6971.821925215581,224153,APOLLOHOSP.NS,Apollo Hospitals,Healthcare
2024-11-01,7003.74365234375,7017.737100485966,6972.668607185229,6994.530755923158,18769,APOLLOHOSP.NS,Apollo Hospitals,Healthcare
2024-11-04,6930.48828125,7061.560502941484,6864.504024082176,7061.560502941484,273442,APOLLOHOSP.NS,Apollo Hospitals,Healthcare
2024-11-05,6938.3564453125,6958.5252181125215,6786.916545804852,6892.2423593160765,246059,APOLLOHOSP.NS,Apollo Hospitals,Healthcare
2024-11-06,6940.1494140625,7113.102765924989,6863.358582978836,6991.841133726807,459745,APOLLOHOSP.NS,Apollo Hospitals,Healthcare
2024-11-07,7395.06787109375,7453.880817846269,7171.418284214943,7287.152382502199,2502817,APOLLOHOSP.NS,Apollo Hospitals,Healthcare
2024-11-08,7391.630859375,7514.735166928777,7350.397022125166,7360.406514597787,1032481,APOLLOHOSP.NS,Apollo Hospitals,Healthcare
2024-11-11,7126.74853515625,7424.250109680674,6954.591767007646,7370.317411293648,625620,APOLLOHOSP.NS,Apollo Hospitals,Healthcare
2024-11-12,6991.39306640625,7203.837771667591,6972.917668484182,7132.52487550812,194183,APOLLOHOSP.NS,Apollo Hospitals,Healthcare
2024-11-13,6831.337890625,6970.129027423095,6803.051905917854,6942.041948682719,299775,APOLLOHOSP.NS,Apollo Hospitals,Healthcare
2024-11-14,6833.13037109375,6880.290537400829,6799.665050601561,6832.483075647031,192648,APOLLOHOSP.NS,Apollo Hospitals,Healthcare
2024-11-18,6714.85693359375,6846.875543582557,6667.696765664991,6846.875543582557,268706,APOLLOHOSP.NS,Apollo Hospitals,Healthcare
2024-11-19,6660.0771484375,6769.635912143735,6634.480529074262,6722.924136518968,290018,APOLLOHOSP.NS,Apollo Hospitals,Healthcare
2024-11-21,6715.45458984375,6734.826766838141,6567.699551770419,6596.981525687408,258574,APOLLOHOSP.NS,Apollo Hospitals,Healthcare
2024-11-22,6907.28173828125,6922.4204756211275,6724.517801045079,6724.517801045079,498633,APOLLOHOSP.NS,Apollo Hospitals,Healthcare
2024-11-25,7046.62060546875,7118.331797496136,6903.0985252716355,6952.001671543729,639047,APOLLOHOSP.NS,Apollo Hospitals,Healthcare
2024-11-26,7048.16455078125,7083.52215419796,7014.251325695136,7066.540739198721,179222,APOLLOHOSP.NS,Apollo Hospitals,Healthcare
2024-11-27,6954.69140625,7086.858832358551,6942.042153564508,7048.1645690013365,227250,APOLLOHOSP.NS,Apollo Hospitals,Healthcare
2024-11-28,6813.6591796875,7001.801369579959,6788.659763166003,6954.69129315865,412343,APOLLOHOSP.NS,Apollo Hospitals,Healthcare
2024-11-29,6801.5078125,6864.803192472588,6784.675699060755,6839.504687918847,410883,APOLLOHOSP.NS,Apollo Hospitals,Healthcare
2024-12-02,7037.45751953125,7051.600755122849,6793.73935019793,6830.491239919844,579743,APOLLOHOSP.NS,Apollo Hospitals,Healthcare
2024-12-03,7097.96337890625,7106.777976542611,7048.163941777238,7075.902325522623,351470,APOLLOHOSP.NS,Apollo Hospitals,Healthcare
2024-12-04,7203.33984375,7239.94243290613,7096.469951508705,7187.702624737906,604278,APOLLOHOSP.NS,Apollo Hospitals,Healthcare
2024-12-05,7245.56982421875,7305.52854700212,7111.758626107617,7228.140019493662,510951,APOLLOHOSP.NS,Apollo Hospitals,Healthcare
2024-12-06,7204.28564453125,7280.727785483219,7178.838325036564,7233.86670663391,189048,APOLLOHOSP.NS,Apollo Hospitals,Healthcare
2024-12-09,7164.994140625,7198.957456038171,7134.0187916178675,7134.0187916178675,203674,APOLLOHOSP.NS,Apollo Hospitals,Healthcare
2024-12-10,7229.18505859375,7279.134284217463,7186.258331879629,7199.803390025749,333300,APOLLOHOSP.NS,Apollo Hospitals,Healthcare
2024-12-11,7311.35400390625,7334.461137379791,7187.104407642246,7226.595750542978,391192,APOLLOHOSP.NS,Apollo Hospitals,Healthcare
2024-12-12,7198.11083984375,7289.293421045356,7160.661563251275,7270.718326967703,396742,APOLLOHOSP.NS,Apollo Hospitals,Healthcare
2024-12-13,7230.33056640625,7248.158667373907,7175.302189181224,7192.034605283496,314999,APOLLOHOSP.NS,Apollo Hospitals,Healthcare
2024-12-16,7230.08203125,7240.938211815018,7137.305286244866,7222.562024079061,219812,APOLLOHOSP.NS,Apollo Hospitals,Healthcare
2024-12-17,7189.79443359375,7277.690448660714,7172.115631696428,7198.011341517857,237831,APOLLOHOSP.NS,Apollo Hospitals,Healthcare
2024-12-18,7208.369140625,7238.348500340199,7148.858810677242,7204.235884428723,253532,APOLLOHOSP.NS,Apollo Hospitals,Healthcare
2024-12-19,7268.27783203125,7283.915050632362,7108.770323872915,7119.327902358066,292899,APOLLOHOSP.NS,Apollo Hospitals,Healthcare
2024-12-20,7222.6123046875,7360.257667516113,7181.128981367319,7295.418698211739,349055,APOLLOHOSP.NS,Apollo Hospitals,Healthcare
2024-12-23,7235.95849609375,7300.498377302682,7156.179694097524,7222.014652570108,179062,APOLLOHOSP.NS,Apollo Hospitals,Healthcare
2024-12-24,7210.958984375,7250.549539572363,7181.477618334569,7230.87876057493,146814,APOLLOHOSP.NS,Apollo Hospitals,Healthcare
2024-12-26,7232.02392578125,7268.775814972087,7195.770030986828,7243.029893735596,116439,APOLLOHOSP.NS,Apollo Hospitals,Healthcare
2024-12-27,7217.2333984375,7265.738247200788,7126.299816137304,7232.023929282693,189089,APOLLOHOSP.NS,Apollo Hospitals,Healthcare
2024-12-30,7284.91064453125,7348.803224963915,7191.088310655739,7210.958480555935,428884,APOLLOHOSP.NS,Apollo Hospitals,Healthcare
2024-12-31,7267.0830078125,7336.403925840035,7223.707403601825,7276.295904250112,212227,APOLLOHOSP.NS,Apollo Hospitals,Healthcare
2025-01-01,7340.0888671875,7415.136721600807,7271.11664180525,7290.63811982779,341399,APOLLOHOSP.NS,Apollo Hospitals,Healthcare
2025-01-02,7391.88037109375,7415.087202526482,7303.63566387098,7375.29725441015,265991,APOLLOHOSP.NS,Apollo Hospitals,Healthcare
2025-01-03,7269.0751953125,7407.716549048129,7250.798702965628,7398.155445311148,180636,APOLLOHOSP.NS,Apollo Hospitals,Healthcare
2025-01-06,7399.349609375,7443.02381264575,7261.504865789776,7269.074477436224,527272,APOLLOHOSP.NS,Apollo Hospitals,Healthcare
2025-01-07,7406.919921875,7515.084405936943,7315.737339136088,7436.30159232181,398234,APOLLOHOSP.NS,Apollo Hospitals,Healthcare
2025-01-08,7113.9990234375,7430.07615386966,7102.3958516413595,7418.871280313221,450295,APOLLOHOSP.NS,Apollo Hospitals,Healthcare
2025-01-09,7063.10400390625,7134.964983091644,6963.057223235731,7111.359854591464,305521,APOLLOHOSP.NS,Apollo Hospitals,Healthcare
2025-01-10,7008.5244140625,7110.364272141569,6988.704333568859,7061.560819370182,185381,APOLLOHOSP.NS,Apollo Hospitals,Healthcare
2025-01-13,6812.1650390625,6971.921544035586,6728.949883696884,6971.921544035586,431086,APOLLOHOSP.NS,Apollo Hospitals,Healthcare
2025-01-14,6679.94775390625,6871.326909528497,6656.293019292349,6827.1051029253595,362659,APOLLOHOSP.NS,Apollo Hospitals,Healthcare
2025-01-15,6665.00732421875,6732.8342544451,6581.493571391098,6722.525673756861,547360,APOLLOHOSP.NS,Apollo Hospitals,Healthcare
2025-01-16,6762.4150390625,6780.492137930959,6673.174348215843,6732.884069365978,579821,APOLLOHOSP.NS,Apollo Hospitals,Healthcare
2025-01-17,6800.7109375,6817.5430502499685,6735.174585413292,6792.593726384755,166710,APOLLOHOSP.NS,Apollo Hospitals,Healthcare
2025-01-20,6753.65087890625,6882.282737583675,6712.964638395654,6873.318838214897,120356,APOLLOHOSP.NS,Apollo Hospitals,Healthcare
2025-01-21,6891.3955078125,6986.811522486259,6810.5711174807175,6810.5711174807175,799900,APOLLOHOSP.NS,Apollo Hospitals,Healthcare
2025-01-22,6865.25048828125,6914.104026345765,6802.503199492876,6880.290015080764,247081,APOLLOHOSP.NS,Apollo Hospitals,Healthcare
2025-01-23,6893.08935546875,6935.169883317082,6795.831143990335,6864.603977814577,271085,APOLLOHOSP.NS,Apollo Hospitals,Healthcare
2025-01-24,6717.99365234375,6887.511130323293,6701.4606283273615,6887.511130323293,317194,APOLLOHOSP.NS,Apollo Hospitals,Healthcare
2025-01-27,6668.59375,6702.805577989317,6647.578287969774,6673.1253047450455,191705,APOLLOHOSP.NS,Apollo Hospitals,Healthcare
2025-01-28,6682.03955078125,6720.434726195839,6608.435586137206,6672.129267252453,202194,APOLLOHOSP.NS,Apollo Hospitals,Healthcare
2025-01-29,6757.08642578125,6771.478658053845,6670.385797779168,6713.960306518253,146288,APOLLOHOSP.NS,Apollo Hospitals,Healthcare
2025-01-30,6797.27490234375,6867.342812056165,6743.192904748861,6759.029029487476,204648,APOLLOHOSP.NS,Apollo Hospitals,Healthcare
2025-01-31,6783.181640625,6852.4028613905,6761.917182736824,6794.884508883915,187712,APOLLOHOSP.NS,Apollo Hospitals,Healthcare
2025-02-01,6813.6591796875,6912.162376228295,6782.932827479646,6782.982432391332,117096,APOLLOHOSP.NS,Apollo Hospitals,Healthcare
2025-02-03,6771.37890625,6859.125613534109,6697.974826211083,6754.397492370044,250589,APOLLOHOSP.NS,Apollo Hospitals,Healthcare
2025-02-04,6764.955078125,6789.257106704785,6679.399254229739,6757.783764494344,223642,APOLLOHOSP.NS,Apollo Hospitals,Healthcare
2025-02-05,6916.79345703125,6979.889444177147,6769.188210065273,6798.768785351028,389639,APOLLOHOSP.NS,Apollo Hospitals,Healthcare
2025-02-06,6846.67578125,6897.222211173037,6758.331383091911,6809.973497923129,334197,APOLLOHOSP.NS,Apollo Hospitals,Healthcare
2025-02-07,6763.3115234375,6902.053054499303,6722.924372293009,6893.686845878313,259335,APOLLOHOSP.NS,Apollo Hospitals,Healthcare
2025-02-10,6734.12890625,6806.935780818557,6659.18075314291,6789.854671095885,213808,APOLLOHOSP.NS,Apollo Hospitals,Healthcare
2025-02-11,6292.009765625,6787.6634807121045,6257.299459658664,6772.623952991413,1728723,APOLLOHOSP.NS,Apollo Hospitals,Healthcare
2025-02-12,6348.98046875,6468.001135191058,6190.070643775548,6324.130838972857,1133586,APOLLOHOSP.NS,Apollo Hospitals,Healthcare
2025-02-13,6346.6396484375,6399.227659420889,6319.000960881246,6346.6892533454875,636246,APOLLOHOSP.NS,Apollo Hospitals,Healthcare
2025-02-14,6254.18115234375,6363.296343685195,6214.385088677594,6360.653337657951,320088,APOLLOHOSP.NS,Apollo Hospitals,Healthcare
2025-02-17,6283.80419921875,6300.560283147624,6133.994893360438,6133.994893360438,482329,APOLLOHOSP.NS,Apollo Hospitals,Healthcare
2025-02-18,6360.25439453125,6373.370074355719,6303.552248815046,6303.552248815046,220118,APOLLOHOSP.NS,Apollo Hospitals,Healthcare
2025-02-19,6405.93505859375,6418.253015318179,6267.895339784502,6331.7287808070905,195067,APOLLOHOSP.NS,Apollo Hospitals,Healthcare
2025-02-20,6374.3173828125,6452.613082083915,6361.301053975747,6367.634625140561,165304,APOLLOHOSP.NS,Apollo Hospitals,Healthcare
2025-02-21,6301.1083984375,6378.955565730267,6276.5728094792485,6345.741936683745,220428,APOLLOHOSP.NS,Apollo Hospitals,Healthcare
2025-02-24,6235.13037109375,6258.669048502964,6219.770547643742,6258.669048502964,458224,APOLLOHOSP.NS,Apollo Hospitals,Healthcare
2025-02-25,6235.0810546875,6263.606721027249,6196.880437645116,6234.731868155043,421160,APOLLOHOSP.NS,Apollo Hospitals,Healthcare
2025-02-27,6169.10302734375,6265.9002570202465,6129.456477904209,6244.705560778983,397857,APOLLOHOSP.NS,Apollo Hospitals,Healthcare
2025-02-28,6036.84814453125,6129.057250262549,5985.731523175903,6129.057250262549,845516,APOLLOHOSP.NS,Apollo Hospitals,Healthcare
2025-03-03,6154.54150390625,6178.877907058175,5985.382779702358,6009.918857171232,373515,APOLLOHOSP.NS,Apollo Hospitals,Healthcare
2025-03-04,6172.04541015625,6204.311317561263,6096.392710320739,6117.039033936698,445246,APOLLOHOSP.NS,Apollo Hospitals,Healthcare
2025-03-05,6198.22705078125,6218.823212166801,6114.69500848266,6183.8646238955935,345922,APOLLOHOSP.NS,Apollo Hospitals,Healthcare
2025-03-06,6257.77197265625,6275.625291133245,6200.87015106991,6238.721582332875,284475,APOLLOHOSP.NS,Apollo Hospitals,Healthcare
2025-03-07,6199.9228515625,6298.316019985903,6181.171485889195,6275.874575676994,299433,APOLLOHOSP.NS,Apollo Hospitals,Healthcare
2025-03-10,6133.595703125,6195.83320911127,6117.936367724691,6190.247685764061,266043,APOLLOHOSP.NS,Apollo Hospitals,Healthcare
2025-03-11,6118.833984375,6139.679981720381,6024.280896238241,6114.046671182188,526709,APOLLOHOSP.NS,Apollo Hospitals,Healthcare
2025-03-12,6127.76123046875,6141.924470558438,6047.969426043521,6118.136441462062,250139,APOLLOHOSP.NS,Apollo Hospitals,Healthcare
2025-03-13,6089.759765625,6183.864314326566,6066.271250009453,6139.081265323298,247628,APOLLOHOSP.NS,Apollo Hospitals,Healthcare
2025-03-17,6140.62744140625,6188.053986440044,5986.380009896248,5986.380009896248,287639,APOLLOHOSP.NS,Apollo Hospitals,Healthcare
2025-03-18,6140.62744140625,6140.62744140625,6140.62744140625,6140.62744140625,0,APOLLOHOSP.NS,Apollo Hospitals,Healthcare
2025-03-19,6410.822265625,6418.153234834269,6210.894223988234,6258.918817404511,579880,APOLLOHOSP.NS,Apollo Hospitals,Healthcare
2025-03-20,6457.50048828125,6467.773487546892,6347.188229313708,6448.174724417698,457285,APOLLOHOSP.NS,Apollo Hospitals,Healthcare
2025-03-21,6594.34326171875,6616.834867602567,6453.211515139204,6477.099380124182,496635,APOLLOHOSP.NS,Apollo Hospitals,Healthcare
2025-03-24,6598.58251953125,6682.513913010905,6583.272856740102,6632.095174628822,389998,APOLLOHOSP.NS,Apollo Hospitals,Healthcare
2025-03-25,6627.4072265625,6649.798507770052,6544.97193527686,6579.3324732484025,223668,APOLLOHOSP.NS,Apollo Hospitals,Healthcare
2025-03-26,6502.83251953125,6662.615805969646,6474.157339228611,6636.48379468094,281646,APOLLOHOSP.NS,Apollo Hospitals,Healthcare
2025-03-27,6475.154296875,6542.877977275219,6413.515325686059,6483.133476938838,728926,APOLLOHOSP.NS,Apollo Hospitals,Healthcare
2025-03-28,6598.9814453125,6632.443936182036,6416.208355902318,6475.154157748995,413873,APOLLOHOSP.NS,Apollo Hospitals,Healthcare
2025-04-01,6615.0390625,6644.562125090072,6528.614668904192,6581.825921467723,319668,APOLLOHOSP.NS,Apollo Hospitals,Healthcare
2025-04-02,6714.62939453125,6728.842308720632,6615.0391580547775,6615.0391580547775,292940,APOLLOHOSP.NS,Apollo Hospitals,Healthcare
2025-04-03,6653.98779296875,6757.318269568567,6642.716909209037,6657.677871448089,312519,APOLLOHOSP.NS,Apollo Hospitals,Healthcare
2025-04-04,6697.0751953125,6717.472169011471,6564.870351363548,6654.636126450561,279891,APOLLOHOSP.NS,Apollo Hospitals,Healthcare
2025-04-07,6665.90673828125,6708.196783293852,6473.957875239059,6547.914804917633,744140,APOLLOHOSP.NS,Apollo Hospitals,Healthcare
2025-04-08,6738.0185546875,6772.3289308082,6698.77086620627,6707.498094209889,578124,APOLLOHOSP.NS,Apollo Hospitals,Healthcare
2025-04-09,6816.314453125,6833.619397408445,6647.654435974469,6647.654435974469,680834,APOLLOHOSP.NS,Apollo Hospitals,Healthcare
2025-04-11,6763.302734375,6853.0685088699265,6747.892748282507,6804.944079765703,651996,APOLLOHOSP.NS,Apollo Hospitals,Healthcare
2025-04-15,6887.02978515625,6946.873635570352,6817.211959673131,6946.873635570352,778401,APOLLOHOSP.NS,Apollo Hospitals,Healthcare
2025-04-16,6987.2685546875,7016.193083712686,6847.134198548239,6852.121186311201,621996,APOLLOHOSP.NS,Apollo Hospitals,Healthcare
2025-04-17,7055.09130859375,7073.543162585265,6981.782591384216,7019.683696880302,533349,APOLLOHOSP.NS,Apollo Hospitals,Healthcare
2025-04-21,7123.91162109375,7170.290604696251,7039.6315326117865,7131.39210231996,244570,APOLLOHOSP.NS,Apollo Hospitals,Healthcare
2025-04-22,7070.05224609375,7153.833636891786,7051.600392167992,7122.914314097273,305540,APOLLOHOSP.NS,Apollo Hospitals,Healthcare
2025-04-23,7123.4130859375,7150.342818970307,7053.09656079628,7070.052318631751,287593,APOLLOHOSP.NS,Apollo Hospitals,Healthcare
2025-04-24,7140.86767578125,7165.802614239876,7075.039438250478,7122.91452009104,277769,APOLLOHOSP.NS,Apollo Hospitals,Healthcare
2025-04-25,6934.90478515625,7224.150058807237,6880.047922912097,7150.841342899142,550158,APOLLOHOSP.NS,Apollo Hospitals,Healthcare
2025-04-28,7026.6650390625,7037.636411018452,6936.400569788524,6936.400569788524,379519,APOLLOHOSP.NS,Apollo Hospitals,Healthcare
2025-04-29,6974.30224609375,7071.54850551372,6957.845186807293,7030.655206680707,174253,APOLLOHOSP.NS,Apollo Hospitals,Healthcare
2025-04-30,6958.84228515625,7017.19003829967,6901.9906282472775,6973.803247500717,499567,APOLLOHOSP.NS,Apollo Hospitals,Healthcare
2025-05-02,6909.9697265625,7079.527297797435,6899.995751783975,6903.985341695385,207912,APOLLOHOSP.NS,Apollo Hospitals,Healthcare
2025-05-05,6955.85009765625,7012.701754605835,6931.912557888004,6941.88653279144,259097,APOLLOHOSP.NS,Apollo Hospitals,Healthcare
2025-05-06,6990.7587890625,7055.589623887591,6931.912338990494,6981.283513203448,292595,APOLLOHOSP.NS,Apollo Hospitals,Healthcare
2025-05-07,6964.82666015625,7037.636676795431,6931.912543045387,6951.8604928095465,338311,APOLLOHOSP.NS,Apollo Hospitals,Healthcare
2025-05-08,6833.6689453125,6960.837126079828,6788.287359234748,6931.9125986896115,383274,APOLLOHOSP.NS,Apollo Hospitals,Healthcare
2025-05-09,6704.50634765625,6826.188849056735,6660.122156571647,6717.9712146145,428193,APOLLOHOSP.NS,Apollo Hospitals,Healthcare
2025-05-12,6907.97509765625,6922.437361432747,6740.911016100168,6782.303012426003,237009,APOLLOHOSP.NS,Apollo Hospitals,Healthcare
2025-05-13,6899.49755859375,6994.749024708055,6882.043101452385,6890.022281859866,323598,APOLLOHOSP.NS,Apollo Hospitals,Healthcare
2025-05-14,6898.49951171875,6974.800417183434,6844.640049037797,6911.964377388988,324593,APOLLOHOSP.NS,Apollo Hospitals,Healthcare
2025-05-15,7054.09375,7078.031289766702,6852.120758218452,6923.933377518558,656146,APOLLOHOSP.NS,Apollo Hospitals,Healthcare
2025-05-16,6996.74365234375,7086.509429779379,6974.8009067483745,7061.574491602816,270772,APOLLOHOSP.NS,Apollo Hospitals,Healthcare
2025-05-19,6956.34912109375,7042.62400803541,6947.37254326167,6966.821795231177,307173,APOLLOHOSP.NS,Apollo Hospitals,Healthcare
2025-05-20,6894.01171875,6988.764483981662,6873.066370646159,6967.320437113444,365507,APOLLOHOSP.NS,Apollo Hospitals,Healthcare
2025-05-21,6965.82421875,7024.67067191527,6910.4686568741945,6910.4686568741945,449740,APOLLOHOSP.NS,Apollo Hospitals,Healthcare
2025-05-22,6936.40087890625,6982.779862423274,6897.003677854154,6965.824105008448,229993,APOLLOHOSP.NS,Apollo Hospitals,Healthcare
2025-05-23,7046.11474609375,7069.553587700829,6911.964780300048,6969.31513742375,321466,APOLLOHOSP.NS,Apollo Hospitals,Healthcare
2025-05-26,7078.03173828125,7101.470580788065,7061.574678648806,7076.535641951028,228090,APOLLOHOSP.NS,Apollo Hospitals,Healthcare
2025-05-27,7055.09130859375,7105.95858175955,7011.205818019335,7099.97419668122,218088,APOLLOHOSP.NS,Apollo Hospitals,Healthcare
2025-05-28,6938.39599609375,7082.519940812437,6914.458455102411,7081.522543271131,278102,APOLLOHOSP.NS,Apollo Hospitals,Healthcare
2025-05-29,6904.98291015625,6962.831965304172,6868.577901313161,6947.372304014641,308885,APOLLOHOSP.NS,Apollo Hospitals,Healthcare
2025-05-30,6862.59326171875,6974.800476593157,6835.663530148892,6931.912385574496,911209,APOLLOHOSP.NS,Apollo Hospitals,Healthcare
2025-06-02,6897.50244140625,7071.548305917188,6865.585721266709,6925.928270280529,1217905,APOLLOHOSP.NS,Apollo Hospitals,Healthcare
2025-06-03,6794.7705078125,6932.411363603785,6781.804340237958,6931.912664850917,489548,APOLLOHOSP.NS,Apollo Hospitals,Healthcare
2025-06-04,6837.15966796875,6850.125835099836,6754.375677824124,6794.770275424815,629518,APOLLOHOSP.NS,Apollo Hospitals,Healthcare
2025-06-05,6858.10498046875,6901.491770266654,6824.193466603721,6850.6244994691115,488647,APOLLOHOSP.NS,Apollo Hospitals,Healthcare
2025-06-06,6924.43212890625,6936.899597629524,6790.282165443824,6849.128617817677,269399,APOLLOHOSP.NS,Apollo Hospitals,Healthcare
2025-06-09,6913.95947265625,6958.3436614233015,6868.079187638623,6958.3436614233015,239444,APOLLOHOSP.NS,Apollo Hospitals,Healthcare
2025-06-10,6900.49462890625,6974.30204417532,6893.014147628979,6933.40874652624,559472,APOLLOHOSP.NS,Apollo Hospitals,Healthcare
2025-06-11,6909.4716796875,6928.920932340536,6845.139536296689,6899.996402753969,526939,APOLLOHOSP.NS,Apollo Hospitals,Healthcare
2025-06-12,6978.29150390625,7036.639256779617,6911.964571152764,6913.959366122794,552007,APOLLOHOSP.NS,Apollo Hospitals,Healthcare
2025-06-13,6976.296875,7019.184967876546,6904.982953123883,6960.837213614268,367775,APOLLOHOSP.NS,Apollo Hospitals,Healthcare
2025-06-16,7095.48583984375,7119.4233799275635,6963.829369382775,6992.255198232304,589027,APOLLOHOSP.NS,Apollo Hospitals,Healthcare
2025-06-17,6988.265625,7115.932505753586,6981.283842458788,7101.470241918219,264117,APOLLOHOSP.NS,Apollo Hospitals,Healthcare
2025-06-18,6915.45556640625,7011.704425158424,6898.998507655878,6988.265583907894,394355,APOLLOHOSP.NS,Apollo Hospitals,Healthcare
2025-06-19,6991.2578125,7016.691448881875,6894.011555745774,6918.946493375062,462080,APOLLOHOSP.NS,Apollo Hospitals,Healthcare
2025-06-20,7045.1171875,7058.582053647271,6956.348810677249,6986.769434195158,378436,APOLLOHOSP.NS,Apollo Hospitals,Healthcare
2025-06-23,6989.2626953125,7031.153388598711,6977.293925802154,6981.7822143685335,137379,APOLLOHOSP.NS,Apollo Hospitals,Healthcare
2025-06-24,6987.7666015625,7057.584423730553,6975.299133318205,7016.192429159492,238243,APOLLOHOSP.NS,Apollo Hospitals,Healthcare
2025-06-25,7023.67333984375,7042.623892734553,6976.7956563770285,6976.7956563770285,378904,APOLLOHOSP.NS,Apollo Hospitals,Healthcare
2025-06-26,7083.0185546875,7103.9639028038755,7002.229354810053,7036.140870807994,426516,APOLLOHOSP.NS,Apollo Hospitals,Healthcare
2025-06-27,7289.4794921875,7304.939153147875,7098.976573256417,7111.44404177285,523582,APOLLOHOSP.NS,Apollo Hospitals,Healthcare
2025-06-30,7223.15283203125,7317.406897569354,7184.753027552763,7317.406897569354,353888,APOLLOHOSP.NS,Apollo Hospitals,Healthcare
2025-07-01,7476.49169921875,7564.761378431778,7385.229827490026,7455.5463516088785,1872535,APOLLOHOSP.NS,Apollo Hospitals,Healthcare
2025-07-02,7421.634765625,7512.397937735183,7397.198526979951,7450.559293000772,910865,APOLLOHOSP.NS,Apollo Hospitals,Healthcare
2025-07-03,7545.3125,7580.720113185724,7420.637805684071,7454.549322538004,894597,APOLLOHOSP.NS,Apollo Hospitals,Healthcare
2025-07-04,7533.84228515625,7573.239487812459,7505.416455391644,7573.239487812459,349076,APOLLOHOSP.NS,Apollo Hospitals,Healthcare
2025-07-07,7596.17919921875,7605.654475268196,7515.888702168184,7542.818434098188,449086,APOLLOHOSP.NS,Apollo Hospitals,Healthcare
2025-07-08,7545.3125,7615.13032881692,7534.341126900198,7585.208402181097,481581,APOLLOHOSP.NS,Apollo Hospitals,Healthcare
2025-07-09,7449.56201171875,7548.803064090689,7429.115362737596,7525.3642225757085,266815,APOLLOHOSP.NS,Apollo Hospitals,Healthcare
2025-07-10,7339.84814453125,7435.598303775033,7328.8767721179,7435.598303775033,384661,APOLLOHOSP.NS,Apollo Hospitals,Healthcare
2025-07-11,7170.78955078125,7364.78337060557,7140.368926078721,7335.8588421998875,578061,APOLLOHOSP.NS,Apollo Hospitals,Healthcare
2025-07-14,7201.2099609375,7237.614969742793,7154.3322783663,7181.262010907202,670246,APOLLOHOSP.NS,Apollo Hospitals,Healthcare
2025-07-15,7341.34423828125,7354.809104420343,7208.690371873885,7241.6044891027805,517978,APOLLOHOSP.NS,Apollo Hospitals,Healthcare
2025-07-16,7333.365234375,7390.715591529242,7290.975839956648,7355.307979720971,527782,APOLLOHOSP.NS,Apollo Hospitals,Healthcare
2025-07-17,7331.37060546875,7389.219662691686,7312.420052240547,7341.843279621178,378666,APOLLOHOSP.NS,Apollo Hospitals,Healthcare
2025-07-18,7284.49267578125,7365.281873664221,7236.11889680194,7365.281873664221,192649,APOLLOHOSP.NS,Apollo Hospitals,Healthcare
2025-07-21,7235.62060546875,7303.443639609198,7227.142726201195,7284.493085952308,217270,APOLLOHOSP.NS,Apollo Hospitals,Healthcare
2025-07-22,7227.64111328125,7272.524001585625,7197.7191877449995,7251.079954951313,300768,APOLLOHOSP.NS,Apollo Hospitals,Healthcare
2025-07-23,7354.31005859375,7370.76711643152,7225.1470895033735,7232.128871616366,508883,APOLLOHOSP.NS,Apollo Hospitals,Healthcare
2025-07-24,7344.3369140625,7466.019416067745,7330.373348258619,7353.81219085799,454916,APOLLOHOSP.NS,Apollo Hospitals,Healthcare
2025-07-25,7449.0634765625,7464.024439560216,7324.388784914871,7345.832831878263,434232,APOLLOHOSP.NS,Apollo Hospitals,Healthcare
2025-07-28,7337.35498046875,7482.47632209292,7303.942162981399,7460.533576280331,240740,APOLLOHOSP.NS,Apollo Hospitals,Healthcare
2025-07-29,7436.595703125,7449.561870525835,7291.474367984886,7337.354652633994,336770,APOLLOHOSP.NS,Apollo Hospitals,Healthcare
2025-07-30,7430.611328125,7455.047566720847,7380.741453439597,7440.58530306208,266922,APOLLOHOSP.NS,Apollo Hospitals,Healthcare
2025-07-31,7478.486328125,7505.416060168128,7335.858488044729,7358.798630155542,342605,APOLLOHOSP.NS,Apollo Hospitals,Healthcare
2025-08-01,7332.36767578125,7518.382308377754,7312.419725904949,7518.382308377754,215243,APOLLOHOSP.NS,Apollo Hospitals,Healthcare
2025-08-04,7288.98095703125,7368.772757327159,7276.014789483164,7367.775359823459,260996,APOLLOHOSP.NS,Apollo Hospitals,Healthcare
2025-08-05,7255.06982421875,7322.892858044276,7216.670018302828,7292.9709313565445,282791,APOLLOHOSP.NS,Apollo Hospitals,Healthcare
2025-08-06,7170.78955078125,7260.056629826374,7145.854612500489,7251.0800520453,296623,APOLLOHOSP.NS,Apollo Hospitals,Healthcare
2025-08-07,7151.34033203125,7178.768764267074,7035.14351910494,7145.355946816161,407857,APOLLOHOSP.NS,Apollo Hospitals,Healthcare
2025-08-08,7066.0625,7179.765813571882,7047.610646481756,7151.339985178912,327102,APOLLOHOSP.NS,Apollo Hospitals,Healthcare
2025-08-11,7240.1083984375,7300.949645483193,7002.229096463765,7082.5195946142285,498598,APOLLOHOSP.NS,Apollo Hospitals,Healthcare
2025-08-12,7217.6669921875,7266.040770826496,7186.248971009595,7240.1084358860035,342006,APOLLOHOSP.NS,Apollo Hospitals,Healthcare
2025-08-13,7788.17822265625,7819.596243276558,7369.769979792154,7383.733544512291,2291645,APOLLOHOSP.NS,Apollo Hospitals,Healthcare
2025-08-14,7801.14453125,7839.045636177124,7728.8332126390405,7809.622409983699,673142,APOLLOHOSP.NS,Apollo Hospitals,Healthcare
2025-08-18,7802.14208984375,7896.894854117979,7785.685030785595,7829.570521607343,633876,APOLLOHOSP.NS,Apollo Hospitals,Healthcare
2025-08-19,7813.12744140625,7854.07308275573,7789.658598193743,7820.118160661039,384598,APOLLOHOSP.NS,Apollo Hospitals,Healthcare
2025-08-20,7872.54833984375,7907.501935162097,7802.141812131079,7819.618609790253,452843,APOLLOHOSP.NS,Apollo Hospitals,Healthcare
2025-08-21,7915.99072265625,7936.463542919223,7842.5881719573,7882.535138324076,482016,APOLLOHOSP.NS,Apollo Hospitals,Healthcare
2025-08-22,7911.99609375,7969.419858393815,7841.589564925845,7884.532554137741,843648,APOLLOHOSP.NS,Apollo Hospitals,Healthcare
2025-08-25,7840.5908203125,7939.459562028324,7828.107393328179,7915.491382218428,402979,APOLLOHOSP.NS,Apollo Hospitals,Healthcare
2025-08-26,7783.1669921875,7823.613295284131,7710.263779198511,7817.121913305659,671659,APOLLOHOSP.NS,Apollo Hospitals,Healthcare
2025-08-28,7717.75390625,7817.621322221144,7704.271805093896,7744.718108562209,418353,APOLLOHOSP.NS,Apollo Hospitals,Healthcare
2025-08-29,7599.91015625,7733.732490144546,7575.941977045007,7659.830604262484,481590,APOLLOHOSP.NS,Apollo Hospitals,Healthcare
2025-09-01,7661.32861328125,7674.311377013591,7585.429379153716,7585.429379153716,255894,APOLLOHOSP.NS,Apollo Hospitals,Healthcare
2025-09-02,7671.81494140625,7688.792402224254,7621.381896035121,7621.381896035121,195907,APOLLOHOSP.NS,Apollo Hospitals,Healthcare
2025-09-03,7725.7431640625,7765.190792679417,7645.849232686466,7674.810782810278,321268,APOLLOHOSP.NS,Apollo Hospitals,Healthcare
2025-09-04,7889.52587890625,7908.001350901157,7740.723428785107,7779.671721098694,386286,APOLLOHOSP.NS,Apollo Hospitals,Healthcare
2025-09-05,7794.15234375,7904.505836476552,7785.164276469104,7889.525724341726,228324,APOLLOHOSP.NS,Apollo Hospitals,Healthcare
2025-09-08,7776.17626953125,7839.09274098575,7730.237258627964,7824.11262873468,314960,APOLLOHOSP.NS,Apollo Hospitals,Healthcare
2025-09-09,7815.12451171875,7837.594679952559,7744.717984586148,7744.717984586148,303494,APOLLOHOSP.NS,Apollo Hospitals,Healthcare
2025-09-10,7918.4873046875,7928.474046148828,7794.651710567025,7794.651710567025,337313,APOLLOHOSP.NS,Apollo Hospitals,Healthcare
2025-09-11,7869.05322265625,7930.971021984214,7849.579076093423,7865.058525925414,161041,APOLLOHOSP.NS,Apollo Hospitals,Healthcare
2025-09-12,7864.0595703125,7904.50587326477,7831.103323462501,7864.558907385985,117761,APOLLOHOSP.NS,Apollo Hospitals,Healthcare
2025-09-15,7806.13671875,7945.4517666954525,7785.663898084181,7889.526012681507,214626,APOLLOHOSP.NS,Apollo Hospitals,Healthcare
2025-09-16,7842.0888671875,7851.576271738698,7795.151181513153,7795.151181513153,194911,APOLLOHOSP.NS,Apollo Hospitals,Healthcare
2025-09-17,7877.54150390625,7900.511008798471,7849.578628385284,7858.566695517024,249447,APOLLOHOSP.NS,Apollo Hospitals,Healthcare
2025-09-18,7840.09130859375,7875.544240439502,7810.630421566998,7864.558824938002,264065,APOLLOHOSP.NS,Apollo Hospitals,Healthcare
2025-09-19,7796.14990234375,7866.05709419209,7788.160508989655,7840.091565791278,207129,APOLLOHOSP.NS,Apollo Hospitals,Healthcare
2025-09-22,7728.7392578125,7786.163021518951,7601.408303506893,7601.408303506893,302818,APOLLOHOSP.NS,Apollo Hospitals,Healthcare
2025-09-23,7673.81201171875,7738.72583014167,7654.337866191874,7714.7576510316685,443181,APOLLOHOSP.NS,Apollo Hospitals,Healthcare
2025-09-24,7633.36572265625,7719.751035014432,7624.377655474474,7687.793462812561,201984,APOLLOHOSP.NS,Apollo Hospitals,Healthcare
2025-09-25,7613.8916015625,7693.785532323911,7604.903534351841,7638.858454925441,374239,APOLLOHOSP.NS,Apollo Hospitals,Healthcare
2025-09-26,7500.04296875,7620.3832054656295,7481.0681596413115,7539.989935294608,207170,APOLLOHOSP.NS,Apollo Hospitals,Healthcare
2025-09-29,7434.13037109375,7584.930167713195,7416.154236397392,7539.989830972301,388214,APOLLOHOSP.NS,Apollo Hospitals,Healthcare
2025-09-30,7399.1767578125,7468.085273980547,7390.188690486233,7434.1303529702045,369272,APOLLOHOSP.NS,Apollo Hospitals,Healthcare
2025-10-01,7431.13427734375,7472.079917092587,7349.242997846077,7399.67604192696,220764,APOLLOHOSP.NS,Apollo Hospitals,Healthcare
2025-10-03,7439.623046875,7474.077304894624,7394.183373254917,7431.134316638281,478143,APOLLOHOSP.NS,Apollo Hospitals,Healthcare
2025-10-06,7651.84130859375,7719.751150538983,7539.989804213366,7539.989804213366,423558,APOLLOHOSP.NS,Apollo Hospitals,Healthcare
2025-10-07,7689.791015625,7696.282397651177,7623.379184126421,7664.324824599229,210121,APOLLOHOSP.NS,Apollo Hospitals,Healthcare
2025-10-08,7651.84130859375,7751.7087232190925,7633.3658368880615,7687.294240785746,188810,APOLLOHOSP.NS,Apollo Hospitals,Healthcare
2025-10-09,7684.7978515625,7739.724931723116,7609.8972877071155,7679.804480638808,295802,APOLLOHOSP.NS,Apollo Hospitals,Healthcare
2025-10-10,7670.81640625,7728.739508914041,7649.844248388882,7684.298507732147,273853,APOLLOHOSP.NS,Apollo Hospitals,Healthcare
2025-10-13,7660.82958984375,7733.732804556121,7632.866712967772,7698.779208461148,191488,APOLLOHOSP.NS,Apollo Hospitals,Healthcare
2025-10-14,7748.712890625,7838.094228904539,7664.8242602844275,7838.094228904539,413862,APOLLOHOSP.NS,Apollo Hospitals,Healthcare
2025-10-15,7815.6240234375,7839.592203422486,7730.237382240988,7789.658495120432,212807,APOLLOHOSP.NS,Apollo Hospitals,Healthcare
2025-10-16,7823.11376953125,7859.565375146606,7797.148242243599,7803.639624065512,178563,APOLLOHOSP.NS,Apollo Hospitals,Healthcare
2025-10-17,7891.02392578125,8019.353556163189,7830.104801631069,7839.592206211834,610960,APOLLOHOSP.NS,Apollo Hospitals,Healthcare
2025-10-20,7999.3798828125,8054.306960659527,7910.997221185919,7939.459434252107,498555,APOLLOHOSP.NS,Apollo Hospitals,Healthcare
2025-10-21,8001.37744140625,8047.815790261142,7981.903295112264,8027.342969798233,31082,APOLLOHOSP.NS,Apollo Hospitals,Healthcare
2025-10-23,7957.93505859375,8088.761373794325,7909.499361744682,7939.459586599775,456860,APOLLOHOSP.NS,Apollo Hospitals,Healthcare
2025-10-24,7827.10888671875,7971.4173057466105,7814.126122377143,7964.426586485745,287555,APOLLOHOSP.NS,Apollo Hospitals,Healthcare
2025-10-27,7835.09814453125,7892.52190889433,7823.613391658633,7827.10875122856,266541,APOLLOHOSP.NS,Apollo Hospitals,Healthcare
2025-10-28,7870.0517578125,7890.524578196379,7818.120701229002,7853.57363408889,348079,APOLLOHOSP.NS,Apollo Hospitals,Healthcare
2025-10-29,7848.0810546875,7894.519404123521,7835.597627419753,7880.038628492934,199897,APOLLOHOSP.NS,Apollo Hospitals,Healthcare
2025-10-30,7779.671875,7827.108898628049,7754.705020458922,7756.702368822208,209452,APOLLOHOSP.NS,Apollo Hospitals,Healthcare
2025-10-31,7670.81640625,7822.614882197142,7640.856180734117,7822.614882197142,347031,APOLLOHOSP.NS,Apollo Hospitals,Healthcare
2025-11-03,7814.1259765625,7834.598796873003,7651.342088239963,7664.824189420051,332284,APOLLOHOSP.NS,Apollo Hospitals,Healthcare
2025-11-04,7800.14453125,7873.047744972713,7770.184306432447,7814.125969498192,384562,APOLLOHOSP.NS,Apollo Hospitals,Healthcare
2025-11-06,7771.68212890625,7840.091307244734,7689.790849727336,7722.247759158003,425649,APOLLOHOSP.NS,Apollo Hospitals,Healthcare
2025-11-07,7631.86767578125,7880.537533314557,7615.389552691694,7778.672772397299,486385,APOLLOHOSP.NS,Apollo Hospitals,Healthcare
2025-11-10,7519.51708984375,7642.354011558443,7505.03631451966,7621.38185419252,377719,APOLLOHOSP.NS,Apollo Hospitals,Healthcare
2025-11-11,7491.0546875,7558.964528687842,7431.134239393081,7491.554024567558,306736,APOLLOHOSP.NS,Apollo Hospitals,Healthcare
2025-11-12,7488.05859375,7529.004232899606,7448.111628725993,7510.029424513204,420561,APOLLOHOSP.NS,Apollo Hospitals,Healthcare
2025-11-13,7430.63525390625,7499.044435398431,7415.155804079552,7470.082884109771,448567,APOLLOHOSP.NS,Apollo Hospitals,Healthcare
2025-11-14,7410.66162109375,7457.099969639112,7365.221946710654,7430.135767257934,218565,APOLLOHOSP.NS,Apollo Hospitals,Healthcare
2025-11-17,7477.57275390625,7494.550214582899,7415.15561906563,7465.089326938126,248470,APOLLOHOSP.NS,Apollo Hospitals,Healthcare
2025-11-18,7375.7080078125,7464.090670962105,7363.224580813969,7440.122491124924,285148,APOLLOHOSP.NS,Apollo Hospitals,Healthcare
2025-11-19,7449.1103515625,7472.079856601505,7322.278736781907,7409.163386277273,454714,APOLLOHOSP.NS,Apollo Hospitals,Healthcare
2025-11-20,7413.158203125,7481.068045212094,7405.168809938283,7471.081303728698,228411,APOLLOHOSP.NS,Apollo Hospitals,Healthcare
2025-11-21,7381.20068359375,7425.142346437496,7371.713279116123,7415.654941959869,138622,APOLLOHOSP.NS,Apollo Hospitals,Healthcare
2025-11-24,7344.7490234375,7411.160854297327,7322.278855101469,7389.1900230354295,751685,APOLLOHOSP.NS,Apollo Hospitals,Healthcare
2025-11-25,7320.78076171875,7399.676018546495,7304.801975525789,7399.176681477964,237415,APOLLOHOSP.NS,Apollo Hospitals,Healthcare
2025-11-26,7383.1982421875,7392.186309843349,7298.810273640923,7331.766521712368,272489,APOLLOHOSP.NS,Apollo Hospitals,Healthcare
2025-11-27,7312.79150390625,7386.194054338084,7300.30807696206,7380.202009404874,243681,APOLLOHOSP.NS,Apollo Hospitals,Healthcare
2025-11-28,7325.7744140625,7349.243257185732,7290.321480833788,7320.2817060974885,299937,APOLLOHOSP.NS,Apollo Hospitals,Healthcare
2025-12-01,7277.837890625,7371.713261015223,7272.345182783019,7365.221879020154,227568,APOLLOHOSP.NS,Apollo Hospitals,Healthcare
2025-12-02,7232.3984375,7289.322865964167,7220.414347297017,7277.838112852975,329723,APOLLOHOSP.NS,Apollo Hospitals,Healthcare
2025-12-03,7174.47509765625,7247.3783106474675,7141.019513612335,7190.453884065284,329160,APOLLOHOSP.NS,Apollo Hospitals,Healthcare
2025-12-04,7191.45263671875,7217.917501997606,7148.5096477757,7174.475175973823,306183,APOLLOHOSP.NS,Apollo Hospitals,Healthcare
2025-12-05,7179.9677734375,7209.927997820715,7137.524122227946,7191.452526117732,260117,APOLLOHOSP.NS,Apollo Hospitals,Healthcare
2025-12-08,7086.591796875,7209.428717818577,7072.61035871882,7147.510920269782,287363,APOLLOHOSP.NS,Apollo Hospitals,Healthcare
2025-12-09,7081.5986328125,7171.978646388798,7049.641058951267,7090.586700460971,560843,APOLLOHOSP.NS,Apollo Hospitals,Healthcare
2025-12-10,7009.1943359375,7106.5650629808715,6996.2115723317165,7091.584951128046,266098,APOLLOHOSP.NS,Apollo Hospitals,Healthcare
2025-12-11,7000.20654296875,7056.13229607614,6963.754936032683,7018.682014977441,350620,APOLLOHOSP.NS,Apollo Hospitals,Healthcare
2025-12-12,7091.5849609375,7120.546510559692,6986.724177822665,7005.698986195826,306662,APOLLOHOSP.NS,Apollo Hospitals,Healthcare
2025-12-15,7077.1044921875,7088.589245120564,7006.198626252933,7065.619739254436,205982,APOLLOHOSP.NS,Apollo Hospitals,Healthcare
2025-12-16,7042.15087890625,7138.522935889084,7015.686013517182,7100.5733175953255,385236,APOLLOHOSP.NS,Apollo Hospitals,Healthcare
2025-12-17,6912.3232421875,7099.574648372598,6902.336500524295,7099.574648372598,358023,APOLLOHOSP.NS,Apollo Hospitals,Healthcare
2025-12-18,6909.3271484375,6940.286047274179,6871.876867586679,6912.323170905565,384579,APOLLOHOSP.NS,Apollo Hospitals,Healthcare
2025-12-19,7003.20263671875,7014.687389705882,6892.849140625,6909.8266015624995,235742,APOLLOHOSP.NS,Apollo Hospitals,Healthcare
2025-12-22,7044.6474609375,7094.5811684859655,7003.701820747759,7004.700494898728,358776,APOLLOHOSP.NS,Apollo Hospitals,Healthcare
2025-12-23,7064.12158203125,7088.589098643926,7006.6978185525195,7060.126885441426,286197,APOLLOHOSP.NS,Apollo Hospitals,Healthcare
2025-12-24,7162.4912109375,7199.941492645553,7035.16025313012,7060.626444691596,351381,APOLLOHOSP.NS,Apollo Hospitals,Healthcare
2025-12-26,7146.51220703125,7192.451217864598,7122.044690391749,7172.477734893577,228172,APOLLOHOSP.NS,Apollo Hospitals,Healthcare
2025-12-29,7075.10693359375,7170.480313812284,7060.626158586748,7158.496224151317,234376,APOLLOHOSP.NS,Apollo Hospitals,Healthcare
2025-12-30,6980.732421875,7055.632984341471,6927.802691065362,7045.646242679274,433130,APOLLOHOSP.NS,Apollo Hospitals,Healthcare
2025-12-31,7033.16259765625,7044.148013144247,6945.778610819911,6980.732205554446,226286,APOLLOHOSP.NS,Apollo Hospitals,Healthcare
2026-01-01,7102.0712890625,7115.553390222923,7014.187962979747,7053.635592300983,81987,APOLLOHOSP.NS,Apollo Hospitals,Healthcare
2026-01-02,7120.04736328125,7141.518857538989,7066.118959099023,7120.546700357012,353245,APOLLOHOSP.NS,Apollo Hospitals,Healthcare
2026-01-05,7073.60888671875,7125.040604587734,7054.134741117872,7120.047233920843,349588,APOLLOHOSP.NS,Apollo Hospitals,Healthcare
2026-01-06,7338.2578125,7350.2419025585195,7030.666167664671,7030.666167664671,581189,APOLLOHOSP.NS,Apollo Hospitals,Healthcare
2026-01-07,7437.6259765625,7478.072280966768,7305.301647338662,7339.256569554591,567878,APOLLOHOSP.NS,Apollo Hospitals,Healthcare
2026-01-08,7354.73583984375,7433.131761281422,7315.288210585304,7415.155626429472,778407,APOLLOHOSP.NS,Apollo Hospitals,Healthcare
2026-01-09,7246.87890625,7350.74101694386,7215.420670799455,7338.257590177771,312461,APOLLOHOSP.NS,Apollo Hospitals,Healthcare
2026-01-12,7258.86328125,7279.835439041325,7101.5720978150575,7193.450122424675,333583,APOLLOHOSP.NS,Apollo Hospitals,Healthcare
2026-01-13,7301.80615234375,7311.792893986838,7230.400949595672,7289.3227252898905,275363,APOLLOHOSP.NS,Apollo Hospitals,Healthcare
2026-01-14,7262.85791015625,7315.78764123061,7232.89768501982,7248.377134673642,383251,APOLLOHOSP.NS,Apollo Hospitals,Healthcare
2026-01-15,7262.85791015625,7262.85791015625,7262.85791015625,7262.85791015625,0,APOLLOHOSP.NS,Apollo Hospitals,Healthcare
2026-01-16,7225.90673828125,7289.322546156429,6940.785271377885,6940.785271377885,501597,APOLLOHOSP.NS,Apollo Hospitals,Healthcare
2026-01-19,7123.54296875,7250.374590372214,7094.581417355951,7244.382545256204,364331,APOLLOHOSP.NS,Apollo Hospitals,Healthcare
2026-01-20,6903.3349609375,7119.54791125113,6875.87142221406,7119.54791125113,499367,APOLLOHOSP.NS,Apollo Hospitals,Healthcare
2026-01-21,6817.44921875,6902.336523165696,6729.066554740717,6870.878286823409,620592,APOLLOHOSP.NS,Apollo Hospitals,Healthcare
2026-01-22,6787.98828125,6905.332495321925,6771.510157571815,6869.380225478612,714732,APOLLOHOSP.NS,Apollo Hospitals,Healthcare
2026-01-23,6793.98046875,6826.936716797736,6687.621668232306,6800.971188032853,458099,APOLLOHOSP.NS,Apollo Hospitals,Healthcare
2026-01-27,6784.49267578125,6832.928370897963,6699.605375061237,6792.981405853251,515312,APOLLOHOSP.NS,Apollo Hospitals,Healthcare
2026-01-28,6868.38134765625,6880.864774315021,6775.504653314987,6789.486091172812,399249,APOLLOHOSP.NS,Apollo Hospitals,Healthcare
2026-01-29,6791.98291015625,6889.8529770868945,6747.042573300342,6889.8529770868945,517720,APOLLOHOSP.NS,Apollo Hospitals,Healthcare
2026-01-30,6951.271484375,6965.252922602318,6758.0280345902775,6778.001517772161,489138,APOLLOHOSP.NS,Apollo Hospitals,Healthcare
2026-02-02,6924.30712890625,6940.78525216679,6821.9430298635025,6905.831657371706,343776,APOLLOHOSP.NS,Apollo Hospitals,Healthcare
2026-02-03,7079.1015625,7154.002122165303,6993.215587417119,7060.6260911158915,438009,APOLLOHOSP.NS,Apollo Hospitals,Healthcare
2026-02-04,7106.5654296875,7150.507093389896,7040.6529341339065,7070.61315938554,216137,APOLLOHOSP.NS,Apollo Hospitals,Healthcare
2026-02-05,7112.55712890625,7123.542544297708,7033.661872913046,7106.5650841472725,234707,APOLLOHOSP.NS,Apollo Hospitals,Healthcare
2026-02-06,7143.01708984375,7166.985270222114,6984.727231928303,7070.613211617441,668962,APOLLOHOSP.NS,Apollo Hospitals,Healthcare
2026-02-09,7201.439453125,7270.347970981833,7154.002429962687,7189.455363062942,412161,APOLLOHOSP.NS,Apollo Hospitals,Healthcare
2026-02-10,7209.4287109375,7270.847171350667,7175.473789733472,7240.387609682349,277132,APOLLOHOSP.NS,Apollo Hospitals,Healthcare
2026-02-11,7497.046875,7629.870537498335,7395.182111279472,7395.182111279472,1496488,APOLLOHOSP.NS,Apollo Hospitals,Healthcare
2026-02-12,7529.00439453125,7569.450697486352,7400.175429563146,7502.040192561181,434146,APOLLOHOSP.NS,Apollo Hospitals,Healthcare
2026-02-13,7532.5,7587.9264169705,7475.076234670202,7508.032482598607,431623,APOLLOHOSP.NS,Apollo Hospitals,Healthcare
2026-02-16,7618.0,7631.0,7478.0,7526.5,494924,APOLLOHOSP.NS,Apollo Hospitals,Healthcare
2026-02-17,7601.5,7615.0,7554.5,7590.0,525344,APOLLOHOSP.NS,Apollo Hospitals,Healthcare
2026-02-18,7647.5,7670.0,7590.0,7590.0,385965,APOLLOHOSP.NS,Apollo Hospitals,Healthcare
2026-02-19,7592.5,7649.0,7551.5,7610.0,186713,APOLLOHOSP.NS,Apollo Hospitals,Healthcare
2026-02-20,7615.5,7635.0,7540.0,7540.0,256304,APOLLOHOSP.NS,Apollo Hospitals,Healthcare
2026-02-23,7693.0,7710.0,7615.5,7680.0,399710,APOLLOHOSP.NS,Apollo Hospitals,Healthcare
2026-02-24,7720.5,7729.5,7658.0,7658.0,377143,APOLLOHOSP.NS,Apollo Hospitals,Healthcare
2026-02-25,7783.0,7800.0,7714.0,7770.5,383833,APOLLOHOSP.NS,Apollo Hospitals,Healthcare
2026-02-26,7775.0,7831.0,7729.0,7800.0,361759,APOLLOHOSP.NS,Apollo Hospitals,Healthcare
2026-02-27,7821.5,7870.5,7731.5,7735.5,698131,APOLLOHOSP.NS,Apollo Hospitals,Healthcare
2026-03-02,7791.5,7819.0,7605.0,7621.0,533503,APOLLOHOSP.NS,Apollo Hospitals,Healthcare
2026-03-04,7666.0,7715.0,7476.0,7620.0,625428,APOLLOHOSP.NS,Apollo Hospitals,Healthcare
2026-03-05,7775.0,7796.5,7635.0,7700.0,446578,APOLLOHOSP.NS,Apollo Hospitals,Healthcare
2026-03-06,7724.5,7781.0,7669.0,7770.0,225749,APOLLOHOSP.NS,Apollo Hospitals,Healthcare
2026-03-09,7779.0,7809.0,7556.0,7588.0,358612,APOLLOHOSP.NS,Apollo Hospitals,Healthcare
2026-03-10,7803.0,7870.0,7770.0,7865.0,381453,APOLLOHOSP.NS,Apollo Hospitals,Healthcare
2026-03-11,7684.0,7798.5,7659.0,7770.5,331690,APOLLOHOSP.NS,Apollo Hospitals,Healthcare
2026-03-12,7574.5,7662.5,7542.5,7590.0,550020,APOLLOHOSP.NS,Apollo Hospitals,Healthcare
2026-03-13,7550.0,7616.0,7485.5,7556.0,394082,APOLLOHOSP.NS,Apollo Hospitals,Healthcare
2026-03-16,7490.0,7750.0,7410.0,7565.0,481339,APOLLOHOSP.NS,Apollo Hospitals,Healthcare
2026-03-17,7500.0,7574.5,7470.0,7490.0,343558,APOLLOHOSP.NS,Apollo Hospitals,Healthcare
2026-03-18,7471.0,7605.0,7455.5,7511.5,497712,APOLLOHOSP.NS,Apollo Hospitals,Healthcare
2026-03-19,7252.0,7407.0,7229.0,7407.0,264884,APOLLOHOSP.NS,Apollo Hospitals,Healthcare
2026-03-20,7364.5,7447.5,7202.5,7231.5,696455,APOLLOHOSP.NS,Apollo Hospitals,Healthcare
2026-03-23,7145.0,7288.0,7080.0,7288.0,464969,APOLLOHOSP.NS,Apollo Hospitals,Healthcare
2026-03-24,7413.0,7464.0,7199.0,7210.0,653790,APOLLOHOSP.NS,Apollo Hospitals,Healthcare
2026-03-25,7580.5,7612.5,7437.5,7461.0,450043,APOLLOHOSP.NS,Apollo Hospitals,Healthcare
2026-03-27,7549.0,7621.0,7510.0,7510.0,533512,APOLLOHOSP.NS,Apollo Hospitals,Healthcare
2026-03-30,7419.0,7509.5,7360.5,7470.0,764508,APOLLOHOSP.NS,Apollo Hospitals,Healthcare
2026-04-01,7305.5,7587.0,7250.5,7549.0,618068,APOLLOHOSP.NS,Apollo Hospitals,Healthcare
2026-04-02,7317.5,7368.0,7150.5,7150.5,338111,APOLLOHOSP.NS,Apollo Hospitals,Healthcare
2026-04-06,7373.0,7397.0,7243.0,7350.0,360086,APOLLOHOSP.NS,Apollo Hospitals,Healthcare
2026-04-07,7326.5,7370.5,7220.5,7370.5,311560,APOLLOHOSP.NS,Apollo Hospitals,Healthcare
2026-04-08,7401.5,7518.0,7332.5,7385.0,387242,APOLLOHOSP.NS,Apollo Hospitals,Healthcare
2026-04-09,7481.5,7512.0,7364.0,7400.0,416753,APOLLOHOSP.NS,Apollo Hospitals,Healthcare
2026-04-10,7511.5,7563.0,7461.5,7500.0,437163,APOLLOHOSP.NS,Apollo Hospitals,Healthcare
2026-04-13,7516.5,7566.0,7403.5,7420.0,310575,APOLLOHOSP.NS,Apollo Hospitals,Healthcare
2026-04-15,7642.0,7686.0,7500.0,7516.5,464570,APOLLOHOSP.NS,Apollo Hospitals,Healthcare
2026-04-16,7553.0,7678.0,7510.0,7678.0,400487,APOLLOHOSP.NS,Apollo Hospitals,Healthcare
2026-04-17,7699.0,7710.0,7515.0,7553.0,343875,APOLLOHOSP.NS,Apollo Hospitals,Healthcare
2026-04-20,7657.0,7730.5,7622.0,7705.0,344019,APOLLOHOSP.NS,Apollo Hospitals,Healthcare
2026-04-21,7744.0,7765.0,7667.5,7686.5,312758,APOLLOHOSP.NS,Apollo Hospitals,Healthcare
2026-04-22,7662.0,7801.5,7615.0,7702.0,608446,APOLLOHOSP.NS,Apollo Hospitals,Healthcare
2026-04-23,7781.0,7815.0,7601.0,7685.0,304110,APOLLOHOSP.NS,Apollo Hospitals,Healthcare
2026-04-24,7732.5,7845.0,7684.5,7814.0,407458,APOLLOHOSP.NS,Apollo Hospitals,Healthcare
2026-04-27,7825.0,7850.0,7735.0,7759.0,289661,APOLLOHOSP.NS,Apollo Hospitals,Healthcare
2026-04-28,7753.0,7878.5,7711.0,7840.0,353826,APOLLOHOSP.NS,Apollo Hospitals,Healthcare
2026-04-29,7709.0,7799.0,7681.0,7745.0,321242,APOLLOHOSP.NS,Apollo Hospitals,Healthcare
2026-04-30,7636.5,7680.0,7561.5,7634.5,392016,APOLLOHOSP.NS,Apollo Hospitals,Healthcare
2026-05-01,7636.5,7636.5,7636.5,7636.5,0,APOLLOHOSP.NS,Apollo Hospitals,Healthcare
2026-05-04,7737.5,7790.0,7673.0,7699.5,328426,APOLLOHOSP.NS,Apollo Hospitals,Healthcare
2026-05-05,7772.0,7780.5,7678.0,7724.5,254331,APOLLOHOSP.NS,Apollo Hospitals,Healthcare
2026-05-06,7760.5,7815.0,7742.5,7810.5,437084,APOLLOHOSP.NS,Apollo Hospitals,Healthcare
2026-05-07,7837.0,7855.0,7744.0,7760.5,405862,APOLLOHOSP.NS,Apollo Hospitals,Healthcare
2026-05-08,8097.0,8115.0,7812.5,7837.0,922866,APOLLOHOSP.NS,Apollo Hospitals,Healthcare
2026-05-11,8082.0,8144.0,8022.5,8046.0,466135,APOLLOHOSP.NS,Apollo Hospitals,Healthcare
2026-05-12,8022.5,8078.0,7995.0,8050.0,390002,APOLLOHOSP.NS,Apollo Hospitals,Healthcare
2026-05-13,8004.5,8112.0,7981.0,7981.0,329337,APOLLOHOSP.NS,Apollo Hospitals,Healthcare
2026-05-14,8119.0,8180.0,8011.0,8011.0,431011,APOLLOHOSP.NS,Apollo Hospitals,Healthcare
2026-05-15,8082.5,8170.0,8028.5,8170.0,300134,APOLLOHOSP.NS,Apollo Hospitals,Healthcare
2026-05-18,8020.5,8099.0,8006.0,8062.5,323387,APOLLOHOSP.NS,Apollo Hospitals,Healthcare
2026-05-19,8026.0,8093.5,7983.0,8030.0,396261,APOLLOHOSP.NS,Apollo Hospitals,Healthcare
2026-05-20,,,,,492002,APOLLOHOSP.NS,Apollo Hospitals,Healthcare
