Date,Close,High,Low,Open,Volume,Ticker,Company,Sector
2021-05-21,3607.71533203125,3613.355905924471,3546.108394719533,3569.806704436467,378016,BAJAJ-AUTO.NS,Bajaj Auto,Auto
2021-05-24,3622.36279296875,3659.572218975409,3591.843488792557,3607.234441139963,500267,BAJAJ-AUTO.NS,Bajaj Auto,Auto
2021-05-25,3629.183837890625,3661.45210276484,3621.2259750535477,3642.6943137197795,297915,BAJAJ-AUTO.NS,Bajaj Auto,Auto
2021-05-26,3643.35009765625,3655.3306584103148,3622.1003796974937,3629.1837613479743,261524,BAJAJ-AUTO.NS,Bajaj Auto,Auto
2021-05-27,3713.134033203125,3737.5319688459526,3631.501142635711,3646.585940591395,878610,BAJAJ-AUTO.NS,Bajaj Auto,Auto
2021-05-28,3672.3828125,3721.7909870222647,3662.0201276662674,3707.974358572394,285520,BAJAJ-AUTO.NS,Bajaj Auto,Auto
2021-05-31,3666.524169921875,3697.9183828745277,3643.962728433487,3664.0757936492228,321021,BAJAJ-AUTO.NS,Bajaj Auto,Auto
2021-06-01,3706.881591796875,3801.3690977921688,3677.105256056784,3677.105256056784,1248169,BAJAJ-AUTO.NS,Bajaj Auto,Auto
2021-06-02,3755.939697265625,3765.427902143213,3672.8204435020243,3697.2183796210325,351583,BAJAJ-AUTO.NS,Bajaj Auto,Auto
2021-06-03,3736.9638671875,3760.2687029362232,3709.5487995012695,3755.2839899050095,323999,BAJAJ-AUTO.NS,Bajaj Auto,Auto
2021-06-04,3716.588134765625,3756.2899173010906,3707.79977072879,3729.137023633498,374317,BAJAJ-AUTO.NS,Bajaj Auto,Auto
2021-06-07,3716.325927734375,3747.063851950484,3707.7997373007233,3724.02119035433,159646,BAJAJ-AUTO.NS,Bajaj Auto,Auto
2021-06-08,3733.946533203125,3738.4064719366065,3702.552749047858,3716.5444457849303,150816,BAJAJ-AUTO.NS,Bajaj Auto,Auto
2021-06-09,3694.244873046875,3736.219959780512,3673.694570166865,3732.2847953992336,262617,BAJAJ-AUTO.NS,Bajaj Auto,Auto
2021-06-10,3655.243408203125,3702.115679839868,3643.088206498852,3698.1805149504667,332571,BAJAJ-AUTO.NS,Bajaj Auto,Auto
2021-06-11,3648.77197265625,3687.5552904064457,3639.5899221558566,3659.702985156718,188155,BAJAJ-AUTO.NS,Bajaj Auto,Auto
2021-06-14,3626.03564453125,3668.8852156350804,3609.1143509519125,3649.2093921690357,200657,BAJAJ-AUTO.NS,Bajaj Auto,Auto
2021-06-15,3618.68994140625,3648.159695154206,3612.5685743556583,3633.4685850298574,138010,BAJAJ-AUTO.NS,Bajaj Auto,Auto
2021-06-16,3594.510986328125,3636.1359448395992,3587.121450281188,3618.690303196834,216236,BAJAJ-AUTO.NS,Bajaj Auto,Auto
2021-06-17,3545.05859375,3602.8618757473,3534.696121549846,3602.8618757473,357704,BAJAJ-AUTO.NS,Bajaj Auto,Auto
2021-06-18,3644.05029296875,3667.005421943029,3524.158848241685,3546.0208758362364,701993,BAJAJ-AUTO.NS,Bajaj Auto,Auto
2021-06-21,3657.64794921875,3669.322356222523,3591.012751757508,3631.7196724004143,374649,BAJAJ-AUTO.NS,Bajaj Auto,Auto
2021-06-22,3691.709228515625,3699.579557842907,3633.730879609031,3658.216348627242,591793,BAJAJ-AUTO.NS,Bajaj Auto,Auto
2021-06-23,3671.595947265625,3724.9828405773046,3665.1684266304114,3699.0545647829745,418053,BAJAJ-AUTO.NS,Bajaj Auto,Auto
2021-06-24,3696.34375,3704.476679707928,3634.998991647039,3664.0754856561243,314542,BAJAJ-AUTO.NS,Bajaj Auto,Auto
2021-06-25,3669.453125,3715.6695282540786,3653.5813812768984,3690.309580897202,175051,BAJAJ-AUTO.NS,Bajaj Auto,Auto
2021-06-28,3658.34765625,3677.411170971553,3643.0877922281647,3669.453308590476,158954,BAJAJ-AUTO.NS,Bajaj Auto,Auto
2021-06-29,3606.92822265625,3663.070077566437,3600.23852793851,3659.7032400832313,332405,BAJAJ-AUTO.NS,Bajaj Auto,Auto
2021-06-30,3614.973388671875,3641.338905579589,3602.6866743534547,3611.6065514033867,331122,BAJAJ-AUTO.NS,Bajaj Auto,Auto
2021-07-01,3676.79931640625,3716.5446529626693,3621.226213627862,3621.226213627862,755502,BAJAJ-AUTO.NS,Bajaj Auto,Auto
2021-07-02,3651.264404296875,3698.617466028122,3647.4603264696298,3698.617466028122,375525,BAJAJ-AUTO.NS,Bajaj Auto,Auto
2021-07-05,3674.1318359375,3716.4566299533126,3661.320774984377,3665.4745596376442,375703,BAJAJ-AUTO.NS,Bajaj Auto,Auto
2021-07-06,3668.7978515625,3715.670123026999,3648.3350796113536,3675.881233735936,515181,BAJAJ-AUTO.NS,Bajaj Auto,Auto
2021-07-07,3662.54541015625,3693.808108995404,3646.5861303292695,3672.8205629215663,392794,BAJAJ-AUTO.NS,Bajaj Auto,Auto
2021-07-08,3688.827392578125,3726.0113779762464,3646.531589341227,3681.046685876802,625491,BAJAJ-AUTO.NS,Bajaj Auto,Auto
2021-07-09,3615.1826171875,3691.2246309824336,3609.844839736238,3688.555742256803,656635,BAJAJ-AUTO.NS,Bajaj Auto,Auto
2021-07-12,3579.219970703125,3646.0338556403544,3570.851282572933,3635.1771791471324,512870,BAJAJ-AUTO.NS,Bajaj Auto,Auto
2021-07-13,3588.22216796875,3636.7151907994894,3577.7725725914947,3605.321345219058,614101,BAJAJ-AUTO.NS,Bajaj Auto,Auto
2021-07-14,3577.139404296875,3621.6970155644476,3564.608901405807,3590.845870477068,527932,BAJAJ-AUTO.NS,Bajaj Auto,Auto
2021-07-15,3564.60888671875,3591.705298420288,3555.8331171380387,3577.2750096664818,310788,BAJAJ-AUTO.NS,Bajaj Auto,Auto
2021-07-16,3557.32568359375,3583.2461310036197,3551.037902693572,3580.893762767174,323569,BAJAJ-AUTO.NS,Bajaj Auto,Auto
2021-07-19,3512.90380859375,3563.7039169766595,3505.801644652083,3548.3236258904435,408067,BAJAJ-AUTO.NS,Bajaj Auto,Auto
2021-07-20,3533.305419921875,3557.7782233539147,3512.044427592169,3517.472766059328,467908,BAJAJ-AUTO.NS,Bajaj Auto,Auto
2021-07-22,3486.07861328125,3631.2413741995306,3421.3005791231785,3546.514153750684,1707977,BAJAJ-AUTO.NS,Bajaj Auto,Auto
2021-07-23,3475.855712890625,3551.0382935205985,3460.611260642422,3503.992690651026,709478,BAJAJ-AUTO.NS,Bajaj Auto,Auto
2021-07-26,3470.83447265625,3502.454500093033,3465.0893927524344,3484.993300491482,408134,BAJAJ-AUTO.NS,Bajaj Auto,Auto
2021-07-27,3457.308837890625,3491.326515509964,3448.8045289256243,3483.1840074406223,391373,BAJAJ-AUTO.NS,Bajaj Auto,Auto
2021-07-28,3454.68505859375,3475.4484089692724,3420.7579433135966,3468.7082662428797,235770,BAJAJ-AUTO.NS,Bajaj Auto,Auto
2021-07-29,3405.1513671875,3463.0989225074645,3392.7114252947526,3463.0989225074645,355185,BAJAJ-AUTO.NS,Bajaj Auto,Auto
2021-07-30,3464.7275390625,3490.421585763955,3395.56128401983,3416.234294412829,511767,BAJAJ-AUTO.NS,Bajaj Auto,Auto
2021-08-02,3475.538818359375,3510.325374869979,3449.8898319720615,3504.897036661417,351187,BAJAJ-AUTO.NS,Bajaj Auto,Auto
2021-08-03,3463.460693359375,3472.3270233165717,3443.0591446561425,3465.089239005333,408981,BAJAJ-AUTO.NS,Bajaj Auto,Auto
2021-08-04,3466.89892578125,3496.6191680245333,3452.423356153771,3469.613095086402,363955,BAJAJ-AUTO.NS,Bajaj Auto,Auto
2021-08-05,3454.9111328125,3490.4215123772506,3450.251897476246,3475.9459436374796,333818,BAJAJ-AUTO.NS,Bajaj Auto,Auto
2021-08-06,3481.23876953125,3503.404484849907,3435.4596936233033,3467.803543527058,504011,BAJAJ-AUTO.NS,Bajaj Auto,Auto
2021-08-09,3487.843017578125,3527.4246514664137,3471.467662714419,3490.557186759036,396098,BAJAJ-AUTO.NS,Bajaj Auto,Auto
2021-08-10,3436.0927734375,3493.814146689309,3424.4672150777474,3489.516712314537,253258,BAJAJ-AUTO.NS,Bajaj Auto,Auto
2021-08-11,3372.03857421875,3443.6022589403165,3343.1327156890948,3437.947739631712,497724,BAJAJ-AUTO.NS,Bajaj Auto,Auto
2021-08-12,3410.218017578125,3417.1390607631533,3380.0454146177235,3389.816468022207,316454,BAJAJ-AUTO.NS,Bajaj Auto,Auto
2021-08-13,3461.244140625,3492.230904479514,3401.7586012546562,3419.853061899628,581862,BAJAJ-AUTO.NS,Bajaj Auto,Auto
2021-08-16,3391.308837890625,3464.184318700484,3387.282864772685,3461.470149738326,294567,BAJAJ-AUTO.NS,Bajaj Auto,Auto
2021-08-17,3444.687744140625,3455.5897011057486,3385.0665832968134,3391.8067258660694,319770,BAJAJ-AUTO.NS,Bajaj Auto,Auto
2021-08-18,3467.8486328125,3488.657262373461,3415.3294170707545,3446.9947229243908,493285,BAJAJ-AUTO.NS,Bajaj Auto,Auto
2021-08-20,3394.068603515625,3460.5657492862233,3370.81726474864,3419.8532110593264,301943,BAJAJ-AUTO.NS,Bajaj Auto,Auto
2021-08-23,3318.75048828125,3427.000518084596,3299.660742653373,3427.000518084596,455643,BAJAJ-AUTO.NS,Bajaj Auto,Auto
2021-08-24,3360.81982421875,3367.37906608579,3305.586439907266,3338.4279295692004,276602,BAJAJ-AUTO.NS,Bajaj Auto,Auto
2021-08-25,3338.111572265625,3401.7136517948875,3329.3810825071137,3375.9290428678623,398715,BAJAJ-AUTO.NS,Bajaj Auto,Auto
2021-08-26,3339.694580078125,3365.2530062533287,3320.333595150362,3338.1113147398382,283891,BAJAJ-AUTO.NS,Bajaj Auto,Auto
2021-08-27,3346.9775390625,3392.62077133966,3328.47599744129,3354.170042910398,274822,BAJAJ-AUTO.NS,Bajaj Auto,Auto
2021-08-30,3365.931640625,3398.6827926509927,3351.9989936187712,3363.6698329369983,561903,BAJAJ-AUTO.NS,Bajaj Auto,Auto
2021-08-31,3372.671875,3382.759448550075,3352.5417873481574,3377.2858299789254,693952,BAJAJ-AUTO.NS,Bajaj Auto,Auto
2021-09-01,3400.220703125,3446.994840911038,3374.7075571398564,3396.3303498110336,585605,BAJAJ-AUTO.NS,Bajaj Auto,Auto
2021-09-02,3366.42919921875,3427.995647139156,3362.855587336037,3427.995647139156,474397,BAJAJ-AUTO.NS,Bajaj Auto,Auto
2021-09-03,3399.4970703125,3446.5426718178223,3370.0935693716733,3370.9982924775445,740269,BAJAJ-AUTO.NS,Bajaj Auto,Auto
2021-09-06,3420.848388671875,3464.1845341105336,3410.805874535574,3423.879078340291,779715,BAJAJ-AUTO.NS,Bajaj Auto,Auto
2021-09-07,3411.439208984375,3438.5356205413723,3403.703782620914,3435.052569277119,450262,BAJAJ-AUTO.NS,Bajaj Auto,Auto
2021-09-08,3370.41015625,3410.579771956731,3363.760353374925,3410.579771956731,396710,BAJAJ-AUTO.NS,Bajaj Auto,Auto
2021-09-09,3348.01806640625,3373.6668312674947,3342.9515291874245,3370.0026588931332,479537,BAJAJ-AUTO.NS,Bajaj Auto,Auto
2021-09-13,3347.068115234375,3365.569656941363,3329.3807358989825,3346.5704733941134,342427,BAJAJ-AUTO.NS,Bajaj Auto,Auto
2021-09-14,3393.661376953125,3408.091665152876,3338.427991615108,3363.2173143662994,741880,BAJAJ-AUTO.NS,Bajaj Auto,Auto
2021-09-15,3419.038818359375,3439.3950861017393,3399.9943548067013,3404.110888681641,510406,BAJAJ-AUTO.NS,Bajaj Auto,Auto
2021-09-16,3450.161376953125,3468.7081996166985,3419.8984348804433,3436.1381695733494,558125,BAJAJ-AUTO.NS,Bajaj Auto,Auto
2021-09-17,3458.032470703125,3509.782586082184,3447.401974640693,3474.1365855098047,1304667,BAJAJ-AUTO.NS,Bajaj Auto,Auto
2021-09-20,3416.279541015625,3450.0708146416086,3379.140615377513,3450.0708146416086,399648,BAJAJ-AUTO.NS,Bajaj Auto,Auto
2021-09-21,3373.53125,3432.383526781286,3343.8562906902403,3417.138855502445,354217,BAJAJ-AUTO.NS,Bajaj Auto,Auto
2021-09-22,3399.18017578125,3410.805955519964,3367.4245287231674,3376.4264790452266,245919,BAJAJ-AUTO.NS,Bajaj Auto,Auto
2021-09-23,3437.223876953125,3456.0421611689294,3399.18022731197,3399.18022731197,228970,BAJAJ-AUTO.NS,Bajaj Auto,Auto
2021-09-24,3446.81396484375,3482.3696253465864,3426.2315151888615,3437.9476346626366,363519,BAJAJ-AUTO.NS,Bajaj Auto,Auto
2021-09-27,3540.543212890625,3550.857188530334,3458.5754343711033,3465.99411945111,962801,BAJAJ-AUTO.NS,Bajaj Auto,Auto
2021-09-28,3536.291015625,3568.9516067677678,3506.1636932513634,3554.6569381016343,478682,BAJAJ-AUTO.NS,Bajaj Auto,Auto
2021-09-29,3527.741455078125,3560.8994674709215,3483.1838435726822,3528.419997385314,379896,BAJAJ-AUTO.NS,Bajaj Auto,Auto
2021-09-30,3467.48681640625,3525.1629126264447,3448.8043731981597,3521.408400204758,576711,BAJAJ-AUTO.NS,Bajaj Auto,Auto
2021-10-01,3485.5361328125,3511.0039984791115,3440.345039475645,3456.04207284422,407091,BAJAJ-AUTO.NS,Bajaj Auto,Auto
2021-10-04,3461.425048828125,3514.487187316443,3457.172894742938,3489.019101373669,237249,BAJAJ-AUTO.NS,Bajaj Auto,Auto
2021-10-05,3495.849853515625,3504.806523328828,3456.042039448677,3460.0680128317904,287612,BAJAJ-AUTO.NS,Bajaj Auto,Auto
2021-10-06,3410.85107421875,3513.944218428487,3401.7585636691842,3506.7064342504677,383507,BAJAJ-AUTO.NS,Bajaj Auto,Auto
2021-10-07,3463.77734375,3500.056604128908,3424.3766122651814,3451.518302719067,343916,BAJAJ-AUTO.NS,Bajaj Auto,Auto
2021-10-08,3452.016357421875,3509.0139141920636,3443.4667680822804,3477.348604875292,215542,BAJAJ-AUTO.NS,Bajaj Auto,Auto
2021-10-11,3485.083740234375,3510.2348642555407,3465.4060139478183,3478.6601182441445,239321,BAJAJ-AUTO.NS,Bajaj Auto,Auto
2021-10-12,3599.666748046875,3613.9161357394264,3490.4214424039824,3492.2308884601794,1353877,BAJAJ-AUTO.NS,Bajaj Auto,Auto
2021-10-13,3589.62451171875,3664.128547196953,3579.62749818877,3614.323496472084,648769,BAJAJ-AUTO.NS,Bajaj Auto,Auto
2021-10-14,3588.041259765625,3627.080194121828,3577.456043654366,3591.750712833515,272066,BAJAJ-AUTO.NS,Bajaj Auto,Auto
2021-10-18,3542.85009765625,3591.4789604158564,3493.1356114388705,3493.1356114388705,463126,BAJAJ-AUTO.NS,Bajaj Auto,Auto
2021-10-19,3538.86962890625,3578.179802791325,3521.408429181931,3555.742626097258,275481,BAJAJ-AUTO.NS,Bajaj Auto,Auto
2021-10-20,3481.96240234375,3537.3766911346524,3463.279959046109,3531.812732530368,321450,BAJAJ-AUTO.NS,Bajaj Auto,Auto
2021-10-21,3441.56640625,3505.937361485073,3410.3534617138207,3501.2781262322555,373336,BAJAJ-AUTO.NS,Bajaj Auto,Auto
2021-10-22,3498.111572265625,3537.4670238092835,3449.754170809174,3473.6387702907086,408499,BAJAJ-AUTO.NS,Bajaj Auto,Auto
2021-10-25,3405.1513671875,3514.6228558436774,3379.140579593574,3486.8026221562604,306195,BAJAJ-AUTO.NS,Bajaj Auto,Auto
2021-10-26,3430.48388671875,3448.6236294319583,3403.7945547063014,3419.717769953731,170050,BAJAJ-AUTO.NS,Bajaj Auto,Auto
2021-10-27,3416.6865234375,3451.5183600990504,3401.758593439693,3433.4238994956477,251226,BAJAJ-AUTO.NS,Bajaj Auto,Auto
2021-10-28,3348.108642578125,3492.231072735066,3337.387806657238,3487.662177026152,706705,BAJAJ-AUTO.NS,Bajaj Auto,Auto
2021-10-29,3354.034423828125,3397.0993280338416,3315.809876142714,3365.5696423604086,316325,BAJAJ-AUTO.NS,Bajaj Auto,Auto
2021-11-01,3371.1337890625,3392.711522698726,3330.828552876564,3367.1983762239634,228051,BAJAJ-AUTO.NS,Bajaj Auto,Auto
2021-11-02,3385.337890625,3428.900215298639,3371.94794587218,3379.140449641271,250053,BAJAJ-AUTO.NS,Bajaj Auto,Auto
2021-11-03,3346.02783203125,3405.332475542331,3337.5688035554836,3371.179178442379,261709,BAJAJ-AUTO.NS,Bajaj Auto,Auto
2021-11-04,3401.1708984375,3406.1919349743484,3364.212871188751,3364.212871188751,65679,BAJAJ-AUTO.NS,Bajaj Auto,Auto
2021-11-08,3417.410400390625,3437.947569326196,3386.9212779648988,3429.8050619251608,261609,BAJAJ-AUTO.NS,Bajaj Auto,Auto
2021-11-09,3432.92626953125,3478.660063040521,3412.615281609583,3419.853065875987,521920,BAJAJ-AUTO.NS,Bajaj Auto,Auto
2021-11-10,3412.343994140625,3439.3953467404467,3387.2832090190595,3428.900470668332,373526,BAJAJ-AUTO.NS,Bajaj Auto,Auto
2021-11-11,3392.666259765625,3421.527058461165,3370.998186238814,3414.8772554907146,446382,BAJAJ-AUTO.NS,Bajaj Auto,Auto
2021-11-12,3288.713623046875,3421.6626333310164,3271.2071433795836,3421.6626333310164,745428,BAJAJ-AUTO.NS,Bajaj Auto,Auto
2021-11-15,3258.043212890625,3323.861812550564,3238.95368970948,3303.1437437586055,551238,BAJAJ-AUTO.NS,Bajaj Auto,Auto
2021-11-16,3264.8740234375,3303.867675209467,3241.7132459060163,3268.67381606817,473529,BAJAJ-AUTO.NS,Bajaj Auto,Auto
2021-11-17,3242.3466796875,3296.8109659590805,3235.6515962409053,3266.0503806564984,348752,BAJAJ-AUTO.NS,Bajaj Auto,Auto
2021-11-18,3209.550048828125,3252.3885493626785,3189.1485014725654,3248.407856606311,384426,BAJAJ-AUTO.NS,Bajaj Auto,Auto
2021-11-22,3116.047119140625,3229.8613242669135,3099.5812036242146,3229.8613242669135,422572,BAJAJ-AUTO.NS,Bajaj Auto,Auto
2021-11-23,3107.588134765625,3119.9375163567142,3054.390373912363,3112.2473702383927,713102,BAJAJ-AUTO.NS,Bajaj Auto,Auto
2021-11-24,3082.48193359375,3129.4369706470907,3063.075447835283,3129.4369706470907,287005,BAJAJ-AUTO.NS,Bajaj Auto,Auto
2021-11-25,3068.54931640625,3088.634125196359,3055.2952112467415,3077.8680085799415,264226,BAJAJ-AUTO.NS,Bajaj Auto,Auto
2021-11-26,3016.8896484375,3061.1305183679465,3003.680603216073,3048.9167568789658,341506,BAJAJ-AUTO.NS,Bajaj Auto,Auto
2021-11-29,2983.957763671875,3034.7580996168904,2936.9121612196022,3004.585495076882,403739,BAJAJ-AUTO.NS,Bajaj Auto,Auto
2021-11-30,2931.57421875,3006.3494924104652,2915.9677457347225,2981.9672497596302,682518,BAJAJ-AUTO.NS,Bajaj Auto,Auto
2021-12-01,2939.94287109375,2980.338667471122,2919.8127829588016,2967.4916441631754,551434,BAJAJ-AUTO.NS,Bajaj Auto,Auto
2021-12-02,3011.2802734375,3019.3777218748005,2928.136309016729,2949.352021505849,502905,BAJAJ-AUTO.NS,Bajaj Auto,Auto
2021-12-03,2974.59375,3024.6247576535784,2968.034507927841,3017.251353193287,315536,BAJAJ-AUTO.NS,Bajaj Auto,Auto
2021-12-06,2940.12353515625,2985.5858653790674,2933.7451939042858,2983.5955189780752,251407,BAJAJ-AUTO.NS,Bajaj Auto,Auto
2021-12-07,2973.3271484375,3000.966482952351,2950.3019900233994,2971.9700638054746,286908,BAJAJ-AUTO.NS,Bajaj Auto,Auto
2021-12-08,3014.582275390625,3019.9200526662876,2982.8716904952985,2988.1644083252836,334037,BAJAJ-AUTO.NS,Bajaj Auto,Auto
2021-12-09,3022.6796875,3030.8221948892547,2991.0143809862316,3030.8221948892547,237723,BAJAJ-AUTO.NS,Bajaj Auto,Auto
2021-12-10,3026.072509765625,3043.669329425538,3003.680613624897,3003.861514064244,220039,BAJAJ-AUTO.NS,Bajaj Auto,Auto
2021-12-13,2990.516845703125,3051.133291760968,2981.062533740184,3046.2025951754777,214515,BAJAJ-AUTO.NS,Bajaj Auto,Auto
2021-12-14,2978.03125,2990.109389896517,2956.6346402970703,2985.585775085781,181626,BAJAJ-AUTO.NS,Bajaj Auto,Auto
2021-12-15,2980.610107421875,3012.5921557972188,2962.9680078332494,2976.2221122492533,295667,BAJAJ-AUTO.NS,Bajaj Auto,Auto
2021-12-16,2943.199951171875,3010.6923847732614,2919.8582712075467,3010.6923847732614,324140,BAJAJ-AUTO.NS,Bajaj Auto,Auto
2021-12-17,2876.25,2951.025487513322,2849.063250904368,2938.5855464237734,3170631,BAJAJ-AUTO.NS,Bajaj Auto,Auto
2021-12-20,2809.34619140625,2868.96757761332,2738.6421678456004,2849.787270742658,595625,BAJAJ-AUTO.NS,Bajaj Auto,Auto
2021-12-21,2832.5068359375,2858.9699839057594,2797.403539072052,2815.4979992212893,326850,BAJAJ-AUTO.NS,Bajaj Auto,Auto
2021-12-22,2837.075927734375,2871.1839433013274,2828.1643171419983,2833.592655562616,294578,BAJAJ-AUTO.NS,Bajaj Auto,Auto
2021-12-23,2871.681640625,2886.9260921228497,2839.021048811663,2849.8777258625682,224147,BAJAJ-AUTO.NS,Bajaj Auto,Auto
2021-12-24,2851.732177734375,2890.589986427639,2836.3066064008285,2878.195325497445,123753,BAJAJ-AUTO.NS,Bajaj Auto,Auto
2021-12-27,2853.5869140625,2871.726433581324,2824.5452172945156,2845.353846377723,94069,BAJAJ-AUTO.NS,Bajaj Auto,Auto
2021-12-28,2873.44580078125,2883.85011626777,2849.8777202206365,2860.010574605489,214640,BAJAJ-AUTO.NS,Bajaj Auto,Auto
2021-12-29,2951.6591796875,2957.5398799688696,2851.7325552361585,2884.935849571959,563709,BAJAJ-AUTO.NS,Bajaj Auto,Auto
2021-12-30,2895.837646484375,2966.72256648747,2883.3524239430803,2965.682223308885,594987,BAJAJ-AUTO.NS,Bajaj Auto,Auto
2021-12-31,2939.67138671875,2953.649313743806,2910.4940681924195,2922.2554679084597,248103,BAJAJ-AUTO.NS,Bajaj Auto,Auto
2022-01-03,2964.8681640625,2978.891372134733,2941.7071643139143,2948.221126468309,266680,BAJAJ-AUTO.NS,Bajaj Auto,Auto
2022-01-04,2975.769775390625,3000.0616779928205,2959.0323987190727,2971.110539966352,244503,BAJAJ-AUTO.NS,Bajaj Auto,Auto
2022-01-05,3038.5576171875,3044.393036633051,2968.396301097486,2975.76970553866,312215,BAJAJ-AUTO.NS,Bajaj Auto,Auto
2022-01-06,3092.524169921875,3102.2952226731522,3015.4418131144985,3026.1175888820117,410181,BAJAJ-AUTO.NS,Bajaj Auto,Auto
2022-01-07,3069.27294921875,3109.9854864965223,3055.2497419341835,3109.9854864965223,263996,BAJAJ-AUTO.NS,Bajaj Auto,Auto
2022-01-10,3107.814453125,3122.425643044825,3080.0845571899354,3089.4485297592632,318473,BAJAJ-AUTO.NS,Bajaj Auto,Auto
2022-01-11,3109.306640625,3117.630047702075,3087.8194702707865,3087.8194702707865,225782,BAJAJ-AUTO.NS,Bajaj Auto,Auto
2022-01-12,3112.337890625,3123.1040066994783,3088.950711145334,3117.766228991222,198452,BAJAJ-AUTO.NS,Bajaj Auto,Auto
2022-01-13,3122.19921875,3143.279309809985,3103.200034863083,3117.585042882746,291271,BAJAJ-AUTO.NS,Bajaj Auto,Auto
2022-01-14,3105.7333984375,3132.3321683399167,3098.6765143165558,3122.1993141332655,127752,BAJAJ-AUTO.NS,Bajaj Auto,Auto
2022-01-17,3157.25732421875,3190.9582584768336,3106.864293544338,3121.294582292338,646271,BAJAJ-AUTO.NS,Bajaj Auto,Auto
2022-01-18,3076.917724609375,3163.997315678219,3069.3634198859945,3156.533350729461,656590,BAJAJ-AUTO.NS,Bajaj Auto,Auto
2022-01-19,3109.35205078125,3132.4224872827735,3060.723189528039,3076.9176428772525,694189,BAJAJ-AUTO.NS,Bajaj Auto,Auto
2022-01-20,2993.502685546875,3119.4853826265585,2981.062742388199,3075.0633881589806,874508,BAJAJ-AUTO.NS,Bajaj Auto,Auto
2022-01-21,3093.97216796875,3142.9628365334806,2958.4446005036875,2993.5026213812157,1609260,BAJAJ-AUTO.NS,Bajaj Auto,Auto
2022-01-24,3060.044921875,3125.094423064739,3030.8223221748153,3095.0576609432965,788137,BAJAJ-AUTO.NS,Bajaj Auto,Auto
2022-01-25,3138.574951171875,3157.4835753486027,3011.5969774904474,3038.9648508870937,571406,BAJAJ-AUTO.NS,Bajaj Auto,Auto
2022-01-27,3167.52587890625,3199.82444680161,3070.8108547700353,3116.77082872808,664333,BAJAJ-AUTO.NS,Bajaj Auto,Auto
2022-01-28,3163.997314453125,3222.8948716505597,3153.0502983936385,3171.054198214238,575466,BAJAJ-AUTO.NS,Bajaj Auto,Auto
2022-01-31,3225.02099609375,3244.020180522336,3154.7693382132466,3184.625199458167,470500,BAJAJ-AUTO.NS,Bajaj Auto,Auto
2022-02-01,3197.6982421875,3250.081837709654,3176.980173327423,3236.1942509646437,487464,BAJAJ-AUTO.NS,Bajaj Auto,Auto
2022-02-02,3198.196044921875,3243.432198315395,3185.9370031763,3202.719660261227,212256,BAJAJ-AUTO.NS,Bajaj Auto,Auto
2022-02-03,3276.0927734375,3303.0986243539114,3185.5299064335513,3211.7668752738164,760774,BAJAJ-AUTO.NS,Bajaj Auto,Auto
2022-02-04,3225.654541015625,3276.0928530287524,3211.766953302299,3276.0928530287524,296588,BAJAJ-AUTO.NS,Bajaj Auto,Auto
2022-02-07,3144.8173828125,3229.8613511624353,3137.57959827208,3229.8613511624353,286849,BAJAJ-AUTO.NS,Bajaj Auto,Auto
2022-02-08,3129.120361328125,3178.2468682619597,3117.5851421722637,3144.9079556216366,397493,BAJAJ-AUTO.NS,Bajaj Auto,Auto
2022-02-09,3224.025634765625,3229.8610538382295,3123.103741694557,3123.103741694557,352729,BAJAJ-AUTO.NS,Bajaj Auto,Auto
2022-02-10,3229.2734375,3240.311014980562,3207.831323643902,3223.845098980413,239918,BAJAJ-AUTO.NS,Bajaj Auto,Auto
2022-02-11,3226.83056640625,3234.385092666862,3173.768644776322,3193.6725530388876,339577,BAJAJ-AUTO.NS,Bajaj Auto,Auto
2022-02-14,3155.628662109375,3200.91009413478,3131.563161933945,3134.8653126560243,282645,BAJAJ-AUTO.NS,Bajaj Auto,Auto
2022-02-15,3247.23193359375,3257.907709781739,3142.781701431357,3157.483451024235,357052,BAJAJ-AUTO.NS,Bajaj Auto,Auto
2022-02-16,3245.15087890625,3293.1917591289157,3230.8564320401174,3256.0981156881776,244587,BAJAJ-AUTO.NS,Bajaj Auto,Auto
2022-02-17,3254.560302734375,3311.286394330166,3248.0463408886726,3248.0463408886726,513917,BAJAJ-AUTO.NS,Bajaj Auto,Auto
2022-02-18,3286.089599609375,3295.453571135219,3224.071013841896,3254.288674090153,277299,BAJAJ-AUTO.NS,Bajaj Auto,Auto
2022-02-21,3238.4560546875,3291.3370711056446,3227.463758330752,3278.851849235991,344326,BAJAJ-AUTO.NS,Bajaj Auto,Auto
2022-02-22,3257.636474609375,3270.574059324267,3180.101747863015,3184.625363436078,432562,BAJAJ-AUTO.NS,Bajaj Auto,Auto
2022-02-23,3239.18017578125,3293.1015402910393,3229.8614836273446,3270.6645839992643,209392,BAJAJ-AUTO.NS,Bajaj Auto,Auto
2022-02-24,3147.440673828125,3220.180533648805,3107.7234235212927,3153.4119338234254,628362,BAJAJ-AUTO.NS,Bajaj Auto,Auto
2022-02-25,3174.13037109375,3220.814170455588,3157.5741154044044,3157.5741154044044,327777,BAJAJ-AUTO.NS,Bajaj Auto,Auto
2022-02-28,3193.989013671875,3221.7186859842736,3119.530264678056,3164.449674433224,387040,BAJAJ-AUTO.NS,Bajaj Auto,Auto
2022-03-02,3050.99755859375,3164.992661881312,3015.4418988686043,3164.992661881312,982580,BAJAJ-AUTO.NS,Bajaj Auto,Auto
2022-03-03,2982.96240234375,3080.401028883579,2966.5868270842293,3075.153591112929,536758,BAJAJ-AUTO.NS,Bajaj Auto,Auto
2022-03-04,2933.202880859375,2972.874856672298,2850.782517254607,2941.2548281798563,509620,BAJAJ-AUTO.NS,Bajaj Auto,Auto
2022-03-07,2926.46240234375,2966.5869590190327,2827.2596056524785,2881.5429900810063,335205,BAJAJ-AUTO.NS,Bajaj Auto,Auto
2022-03-08,3001.05712890625,3034.8484046762724,2873.1291480970026,2921.3509342347543,557492,BAJAJ-AUTO.NS,Bajaj Auto,Auto
2022-03-09,3020.8701171875,3039.8693003144654,2979.2528589093854,3003.6803800726266,508262,BAJAJ-AUTO.NS,Bajaj Auto,Auto
2022-03-10,3096.279296875,3112.2475717911884,3062.8496004684484,3075.1539234064676,350154,BAJAJ-AUTO.NS,Bajaj Auto,Auto
2022-03-11,3096.866943359375,3117.22321161108,3063.799272312343,3076.0583135909656,156038,BAJAJ-AUTO.NS,Bajaj Auto,Auto
2022-03-14,3123.6015625,3134.820039795914,3047.107185620909,3077.8677688486737,245299,BAJAJ-AUTO.NS,Bajaj Auto,Auto
2022-03-15,3124.958740234375,3161.1023824288022,3099.8979555627734,3113.152060085148,229544,BAJAJ-AUTO.NS,Bajaj Auto,Auto
2022-03-16,3229.6806640625,3249.9463737624724,3149.341206181057,3157.528994659185,262987,BAJAJ-AUTO.NS,Bajaj Auto,Auto
2022-03-17,3302.646240234375,3315.6743847868506,3234.972911374668,3238.9085450256525,429272,BAJAJ-AUTO.NS,Bajaj Auto,Auto
2022-03-21,3247.096435546875,3363.7604332949295,3239.1348282152153,3302.646344667929,432309,BAJAJ-AUTO.NS,Bajaj Auto,Auto
2022-03-22,3308.07470703125,3313.095964370004,3224.885462860972,3238.908670793177,213667,BAJAJ-AUTO.NS,Bajaj Auto,Auto
2022-03-23,3258.360107421875,3332.411778390002,3247.95579221006,3315.764741523306,281347,BAJAJ-AUTO.NS,Bajaj Auto,Auto
2022-03-24,3242.436767578125,3291.2918110280593,3229.5897447727752,3248.2271274777563,385957,BAJAJ-AUTO.NS,Bajaj Auto,Auto
2022-03-25,3306.175048828125,3310.517543135728,3249.7654734852204,3249.7654734852204,492945,BAJAJ-AUTO.NS,Bajaj Auto,Auto
2022-03-28,3336.392333984375,3380.9499429461353,3297.7607050097017,3306.1746733144505,688267,BAJAJ-AUTO.NS,Bajaj Auto,Auto
2022-03-29,3337.614013671875,3379.1407148275302,3312.0555865784672,3345.4850603176296,376929,BAJAJ-AUTO.NS,Bajaj Auto,Auto
2022-03-30,3324.043212890625,3374.3004041322774,3316.0363251451217,3374.3004041322774,343930,BAJAJ-AUTO.NS,Bajaj Auto,Auto
2022-03-31,3304.953369140625,3361.181819494509,3289.663637635253,3329.380891989461,511249,BAJAJ-AUTO.NS,Bajaj Auto,Auto
2022-04-01,3383.57373046875,3389.0926295628265,3289.5730915884774,3289.5730915884774,391985,BAJAJ-AUTO.NS,Bajaj Auto,Auto
2022-04-04,3405.06103515625,3412.6155614556646,3362.312868327305,3392.711653090865,419517,BAJAJ-AUTO.NS,Bajaj Auto,Auto
2022-04-05,3446.723388671875,3455.9968000131066,3406.282312169459,3406.282312169459,339228,BAJAJ-AUTO.NS,Bajaj Auto,Auto
2022-04-06,3439.576416015625,3446.99510145437,3385.1121281423325,3438.852593340698,240470,BAJAJ-AUTO.NS,Bajaj Auto,Auto
2022-04-07,3439.983154296875,3455.6801872807414,3411.755839826197,3439.6213534353155,224527,BAJAJ-AUTO.NS,Bajaj Auto,Auto
2022-04-08,3447.3115234375,3470.5175810590936,3408.0916913059455,3449.075689189377,229962,BAJAJ-AUTO.NS,Bajaj Auto,Auto
2022-04-11,3426.32177734375,3460.5656328071786,3409.1320395598714,3456.0420176008947,135225,BAJAJ-AUTO.NS,Bajaj Auto,Auto
2022-04-12,3358.377197265625,3416.867453318407,3325.8071678987717,3409.448768582998,266145,BAJAJ-AUTO.NS,Bajaj Auto,Auto
2022-04-13,3345.032470703125,3390.449522194755,3319.519325679349,3358.3771352668,198206,BAJAJ-AUTO.NS,Bajaj Auto,Auto
2022-04-18,3360.684326171875,3400.175398908919,3297.941694371779,3338.4280508145844,373718,BAJAJ-AUTO.NS,Bajaj Auto,Auto
2022-04-19,3308.70751953125,3414.967409001965,3273.6044450186077,3383.663905905638,211918,BAJAJ-AUTO.NS,Bajaj Auto,Auto
2022-04-20,3366.248291015625,3379.0953141601067,3304.3200423688663,3316.7147039879815,174080,BAJAJ-AUTO.NS,Bajaj Auto,Auto
2022-04-21,3349.6015625,3383.211936358518,3329.471474096744,3351.998990295042,216475,BAJAJ-AUTO.NS,Bajaj Auto,Auto
2022-04-22,3295.453857421875,3342.7256389044537,3277.676137043927,3320.3337424127058,228316,BAJAJ-AUTO.NS,Bajaj Auto,Auto
2022-04-25,3332.049560546875,3369.8670264845464,3257.0028311549413,3258.8122771722497,444222,BAJAJ-AUTO.NS,Bajaj Auto,Auto
2022-04-26,3521.2724609375,3532.943299233561,3351.9534197153353,3351.9534197153353,1107122,BAJAJ-AUTO.NS,Bajaj Auto,Auto
2022-04-27,3533.531494140625,3545.60963521771,3479.564852525469,3501.2782057393565,541564,BAJAJ-AUTO.NS,Bajaj Auto,Auto
2022-04-28,3469.070068359375,3618.8922978418923,3442.4712983221,3618.8922978418923,1628318,BAJAJ-AUTO.NS,Bajaj Auto,Auto
2022-04-29,3374.209716796875,3474.1363282070056,3357.743802333905,3442.471023132202,594650,BAJAJ-AUTO.NS,Bajaj Auto,Auto
2022-05-02,3278.21875,3365.569806216303,3262.4313766709647,3365.569806216303,376660,BAJAJ-AUTO.NS,Bajaj Auto,Auto
2022-05-04,3163.725830078125,3332.094871908726,3153.3215153816955,3279.6209369180374,575428,BAJAJ-AUTO.NS,Bajaj Auto,Auto
2022-05-05,3188.1533203125,3252.479214548756,3175.9395597015377,3201.633825662753,323081,BAJAJ-AUTO.NS,Bajaj Auto,Auto
2022-05-06,3166.3046875,3216.2906390635044,3130.3419440674334,3155.945652121143,436366,BAJAJ-AUTO.NS,Bajaj Auto,Auto
2022-05-09,3228.730224609375,3243.1605123655013,3148.436057902802,3157.483287954247,502719,BAJAJ-AUTO.NS,Bajaj Auto,Auto
2022-05-10,3250.71533203125,3299.2536372985783,3202.7197280883443,3225.292524933826,507087,BAJAJ-AUTO.NS,Bajaj Auto,Auto
2022-05-11,3268.628662109375,3282.2898472293564,3200.276793543455,3257.002882911569,437746,BAJAJ-AUTO.NS,Bajaj Auto,Auto
2022-05-12,3243.432373046875,3305.8582680929653,3201.996010130203,3243.432373046875,777332,BAJAJ-AUTO.NS,Bajaj Auto,Auto
2022-05-13,3295.091796875,3380.045200033624,3273.3331640853644,3273.3331640853644,633218,BAJAJ-AUTO.NS,Bajaj Auto,Auto
2022-05-16,3361.8154296875,3370.093557725753,3302.239325019865,3302.239325019865,401803,BAJAJ-AUTO.NS,Bajaj Auto,Auto
2022-05-17,3386.2880859375,3426.1864639808264,3370.1841910650905,3370.1841910650905,402398,BAJAJ-AUTO.NS,Bajaj Auto,Auto
2022-05-18,3429.98583984375,3464.6367753886257,3380.2260741703267,3386.3782348295144,507061,BAJAJ-AUTO.NS,Bajaj Auto,Auto
2022-05-19,3346.16357421875,3418.0437783730836,3329.42619732624,3340.1470332404047,261026,BAJAJ-AUTO.NS,Bajaj Auto,Auto
2022-05-20,3426.91015625,3482.279165049128,3379.140733036761,3401.7588102324557,396832,BAJAJ-AUTO.NS,Bajaj Auto,Auto
2022-05-23,3425.417236328125,3505.349609622603,3410.8060467872533,3470.5177706832637,339483,BAJAJ-AUTO.NS,Bajaj Auto,Auto
2022-05-24,3422.839111328125,3475.9463156500187,3411.756252825597,3453.6900379787867,369304,BAJAJ-AUTO.NS,Bajaj Auto,Auto
2022-05-25,3430.52880859375,3455.1372306850726,3385.6997385522945,3451.111257401837,225253,BAJAJ-AUTO.NS,Bajaj Auto,Auto
2022-05-26,3489.83349609375,3501.2781541631216,3396.3755621697455,3438.942825248356,419826,BAJAJ-AUTO.NS,Bajaj Auto,Auto
2022-05-27,3467.8486328125,3519.372564875559,3458.801402568604,3505.801719509715,422591,BAJAJ-AUTO.NS,Bajaj Auto,Auto
2022-05-30,3489.245361328125,3531.2697030483396,3476.8959799817644,3492.230991584944,271827,BAJAJ-AUTO.NS,Bajaj Auto,Auto
2022-05-31,3495.940673828125,3580.894085897112,3473.2320353105133,3506.706790534918,1154256,BAJAJ-AUTO.NS,Bajaj Auto,Auto
2022-06-01,3365.66064453125,3532.039141776915,3354.0801441527683,3507.7925174268976,784215,BAJAJ-AUTO.NS,Bajaj Auto,Auto
2022-06-02,3337.251708984375,3392.620712791045,3317.031282322436,3365.6601439084593,346754,BAJAJ-AUTO.NS,Bajaj Auto,Auto
2022-06-03,3322.7763671875,3378.1453747651676,3302.239197722799,3364.6650894057775,409815,BAJAJ-AUTO.NS,Bajaj Auto,Auto
2022-06-06,3453.327880859375,3501.0520217331846,3302.6914930775865,3311.286362050121,1136609,BAJAJ-AUTO.NS,Bajaj Auto,Auto
2022-06-07,3468.798828125,3486.485987526896,3406.2823753282028,3406.2823753282028,561644,BAJAJ-AUTO.NS,Bajaj Auto,Auto
2022-06-08,3432.65478515625,3483.1836545751266,3409.0416466750994,3468.2557246269475,346603,BAJAJ-AUTO.NS,Bajaj Auto,Auto
2022-06-09,3509.10400390625,3523.8963142705175,3419.3102403141193,3432.654905432345,627869,BAJAJ-AUTO.NS,Bajaj Auto,Auto
2022-06-10,3511.23046875,3592.6555504782914,3483.184051710255,3579.3561646386047,1412838,BAJAJ-AUTO.NS,Bajaj Auto,Auto
2022-06-13,3511.45654296875,3523.941765964127,3432.9265334647175,3460.565868432971,519745,BAJAJ-AUTO.NS,Bajaj Auto,Auto
2022-06-14,3330.964111328125,3542.6693064257774,3259.671890341532,3514.8490724546114,1733394,BAJAJ-AUTO.NS,Bajaj Auto,Auto
2022-06-15,3345.756591796875,3386.061829286507,3297.715706729688,3347.475477338778,753821,BAJAJ-AUTO.NS,Bajaj Auto,Auto
2022-06-16,3309.657958984375,3380.769282109734,3286.85898132453,3380.769282109734,438590,BAJAJ-AUTO.NS,Bajaj Auto,Auto
2022-06-17,3283.1943359375,3360.0957874068345,3271.116416969799,3320.3332575583217,727356,BAJAJ-AUTO.NS,Bajaj Auto,Auto
2022-06-20,3271.433349609375,3292.1063601664655,3234.2040835303783,3275.323702996793,268242,BAJAJ-AUTO.NS,Bajaj Auto,Auto
2022-06-21,3297.94140625,3324.8569146063373,3271.523539703068,3285.0491039280573,424763,BAJAJ-AUTO.NS,Bajaj Auto,Auto
2022-06-22,3289.25634765625,3366.926911722578,3269.804801612441,3297.7155967294902,585483,BAJAJ-AUTO.NS,Bajaj Auto,Auto
2022-06-23,3424.19580078125,3434.328654637972,3316.036117337151,3329.47134281266,1186420,BAJAJ-AUTO.NS,Bajaj Auto,Auto
2022-06-24,3450.025634765625,3475.357879458503,3421.617199260825,3438.6713166291383,558798,BAJAJ-AUTO.NS,Bajaj Auto,Auto
2022-06-27,3493.316650390625,3581.3009683608407,3453.3279351394754,3501.278257529413,1819576,BAJAJ-AUTO.NS,Bajaj Auto,Auto
2022-06-28,3518.4677734375,3534.933687985296,3422.612415043178,3474.091065778129,799053,BAJAJ-AUTO.NS,Bajaj Auto,Auto
2022-06-29,3499.06201171875,3528.420233330398,3488.657695646109,3510.32577059537,524392,BAJAJ-AUTO.NS,Bajaj Auto,Auto
2022-06-30,3479.395751953125,3537.3606475508345,3465.6905999472806,3520.1353601848054,715926,BAJAJ-AUTO.NS,Bajaj Auto,Auto
2022-07-01,3402.422119140625,3453.205801004689,3380.36260425745,3443.1147463240877,756589,BAJAJ-AUTO.NS,Bajaj Auto,Auto
2022-07-04,3454.191650390625,3468.64758193288,3386.8397240598883,3421.0084145282126,536505,BAJAJ-AUTO.NS,Bajaj Auto,Auto
2022-07-05,3457.007568359375,3473.2001908708676,3438.468188962159,3473.2001908708676,294980,BAJAJ-AUTO.NS,Bajaj Auto,Auto
2022-07-06,3541.772705078125,3545.762192045375,3449.8735619037043,3456.3037678622927,333226,BAJAJ-AUTO.NS,Bajaj Auto,Auto
2022-07-07,3562.846435546875,3600.9578604493718,3552.990056262659,3554.210415723421,534547,BAJAJ-AUTO.NS,Bajaj Auto,Auto
2022-07-08,3590.538330078125,3595.2318442350897,3560.2181827890327,3595.2318442350897,326804,BAJAJ-AUTO.NS,Bajaj Auto,Auto
2022-07-11,3612.644775390625,3621.51547118401,3562.3771936607873,3585.844764106511,372417,BAJAJ-AUTO.NS,Bajaj Auto,Auto
2022-07-12,3611.987548828125,3626.208804137659,3597.155999212191,3616.8217764282685,244636,BAJAJ-AUTO.NS,Bajaj Auto,Auto
2022-07-13,3624.096923828125,3641.1812693713,3612.128462835103,3621.515491064924,308508,BAJAJ-AUTO.NS,Bajaj Auto,Auto
2022-07-14,3626.396484375,3647.7519723285827,3605.5573287784687,3622.360016640985,377688,BAJAJ-AUTO.NS,Bajaj Auto,Auto
2022-07-15,3673.47265625,3678.776235345231,3624.33147350547,3626.2088790861512,281730,BAJAJ-AUTO.NS,Bajaj Auto,Auto
2022-07-18,3739.839111328125,3745.4243474146083,3684.502624511573,3689.1021767767947,513318,BAJAJ-AUTO.NS,Bajaj Auto,Auto
2022-07-19,3756.6884765625,3788.6043706662294,3722.895176923257,3733.2678883420654,512451,BAJAJ-AUTO.NS,Bajaj Auto,Auto
2022-07-20,3756.7353515625,3806.4396158780196,3753.8722623665103,3771.7076144507723,377717,BAJAJ-AUTO.NS,Bajaj Auto,Auto
2022-07-21,3808.3642578125,3821.0837266451686,3748.662667792084,3759.176093364572,371547,BAJAJ-AUTO.NS,Bajaj Auto,Auto
2022-07-22,3805.970458984375,3840.233110791732,3797.2874581838805,3815.826838271423,280291,BAJAJ-AUTO.NS,Bajaj Auto,Auto
2022-07-25,3774.664794921875,3824.2283502037894,3753.215572751799,3805.970625986984,372987,BAJAJ-AUTO.NS,Bajaj Auto,Auto
2022-07-26,3684.971923828125,3782.972407681996,3676.89898781399,3767.953162390951,882407,BAJAJ-AUTO.NS,Bajaj Auto,Auto
2022-07-27,3645.781005859375,3717.263133279902,3609.453023716474,3691.9181573711753,514997,BAJAJ-AUTO.NS,Bajaj Auto,Auto
2022-07-28,3621.750244140625,3673.801270951828,3611.189837156479,3645.921842348782,423758,BAJAJ-AUTO.NS,Bajaj Auto,Auto
2022-07-29,3674.505126953125,3709.9881386024226,3640.2894557531013,3660.002214538768,412805,BAJAJ-AUTO.NS,Bajaj Auto,Auto
2022-08-01,3729.747802734375,3743.781363464512,3675.021384808767,3679.667917736072,459482,BAJAJ-AUTO.NS,Bajaj Auto,Auto
2022-08-02,3751.244140625,3759.5047712258383,3699.7564287665655,3729.747937847988,398168,BAJAJ-AUTO.NS,Bajaj Auto,Auto
2022-08-03,3758.0498046875,3764.1983540685214,3720.1263019675816,3753.8726229226977,312355,BAJAJ-AUTO.NS,Bajaj Auto,Auto
2022-08-04,3765.7939453125,3787.665766203992,3732.282301468915,3765.136899193113,310996,BAJAJ-AUTO.NS,Bajaj Auto,Auto
2022-08-05,3767.1083984375,3790.716682814547,3748.287360962351,3778.2788703840897,287542,BAJAJ-AUTO.NS,Bajaj Auto,Auto
2022-08-08,3776.072509765625,3792.2651321351495,3754.8109842375698,3767.0141199363416,238574,BAJAJ-AUTO.NS,Bajaj Auto,Auto
2022-08-10,3787.52490234375,3816.765401489198,3767.9528582335565,3767.9528582335565,218912,BAJAJ-AUTO.NS,Bajaj Auto,Auto
2022-08-11,3786.2578125,3809.4907072215506,3775.791367760286,3801.840370932934,277432,BAJAJ-AUTO.NS,Bajaj Auto,Auto
2022-08-12,3790.48193359375,3811.1333953419085,3767.7183905304396,3786.257770963445,217139,BAJAJ-AUTO.NS,Bajaj Auto,Auto
2022-08-16,3840.373779296875,3848.6813905539957,3790.4818183065936,3790.4818183065936,302627,BAJAJ-AUTO.NS,Bajaj Auto,Auto
2022-08-17,3818.549072265625,3867.878179982236,3811.133411730729,3844.081972058992,313179,BAJAJ-AUTO.NS,Bajaj Auto,Auto
2022-08-18,3811.743408203125,3828.968696140586,3792.8286385771116,3828.968696140586,451908,BAJAJ-AUTO.NS,Bajaj Auto,Auto
2022-08-19,3824.79150390625,3837.839381034374,3801.746304546065,3803.6237101285565,223883,BAJAJ-AUTO.NS,Bajaj Auto,Auto
2022-08-22,3793.861083984375,3823.711647762858,3763.071588290832,3782.972040534978,388178,BAJAJ-AUTO.NS,Bajaj Auto,Auto
2022-08-23,3815.310791015625,3823.196032539809,3769.877664291314,3778.2790090477606,172256,BAJAJ-AUTO.NS,Bajaj Auto,Auto
2022-08-24,3816.531005859375,3833.6153514174116,3802.1688068201565,3802.1688068201565,245586,BAJAJ-AUTO.NS,Bajaj Auto,Auto
2022-08-25,3813.90234375,3844.5978782541733,3802.778853517663,3823.336352349917,374693,BAJAJ-AUTO.NS,Bajaj Auto,Auto
2022-08-26,3805.876708984375,3871.539156089027,3793.720553021804,3825.2140791898655,453561,BAJAJ-AUTO.NS,Bajaj Auto,Auto
2022-08-29,3783.019287109375,3801.7463622438486,3741.200031289595,3778.2318111311683,608621,BAJAJ-AUTO.NS,Bajaj Auto,Auto
2022-08-30,3834.460205078125,3875.8570900213385,3765.6532443470583,3801.980996690324,740581,BAJAJ-AUTO.NS,Bajaj Auto,Auto
2022-09-01,3826.4345703125,3878.4855988296968,3764.198523944354,3764.198523944354,510034,BAJAJ-AUTO.NS,Bajaj Auto,Auto
2022-09-02,3783.817138671875,3851.309780351945,3778.6542731165696,3829.9075392085288,556543,BAJAJ-AUTO.NS,Bajaj Auto,Auto
2022-09-05,3714.118408203125,3807.237910964603,3702.5255659216223,3801.7464078164494,799837,BAJAJ-AUTO.NS,Bajaj Auto,Auto
2022-09-06,3688.53857421875,3745.424053773319,3679.2455084622866,3719.14037620298,508096,BAJAJ-AUTO.NS,Bajaj Auto,Auto
2022-09-07,3609.92236328125,3696.142307898878,3577.584097368509,3675.0214947108843,724097,BAJAJ-AUTO.NS,Bajaj Auto,Auto
2022-09-08,3610.814208984375,3642.1198092247378,3604.6186789597195,3627.992286535906,493973,BAJAJ-AUTO.NS,Bajaj Auto,Auto
2022-09-09,3612.691650390625,3642.166826335621,3599.92520077245,3628.8842735231738,485613,BAJAJ-AUTO.NS,Bajaj Auto,Auto
2022-09-12,3633.0615234375,3651.3662281924926,3590.538240402343,3604.618782521568,369281,BAJAJ-AUTO.NS,Bajaj Auto,Auto
2022-09-13,3629.494384765625,3651.5539006176855,3618.6993025401484,3628.086330562302,507487,BAJAJ-AUTO.NS,Bajaj Auto,Auto
2022-09-14,3614.240478515625,3678.7293154476265,3577.959706736791,3581.1512046067423,576311,BAJAJ-AUTO.NS,Bajaj Auto,Auto
2022-09-15,3537.0322265625,3646.4850670695305,3521.4029162761512,3628.086400123159,351737,BAJAJ-AUTO.NS,Bajaj Auto,Auto
2022-09-16,3463.390869140625,3567.0705447984196,3450.765362652685,3567.0705447984196,579176,BAJAJ-AUTO.NS,Bajaj Auto,Auto
2022-09-19,3480.94482421875,3503.098303026161,3436.6850767567676,3473.200525749174,454942,BAJAJ-AUTO.NS,Bajaj Auto,Auto
2022-09-20,3537.595458984375,3574.4862956342854,3496.667925289317,3498.357636162138,268923,BAJAJ-AUTO.NS,Bajaj Auto,Auto
2022-09-21,3501.9248046875,3574.063978337349,3495.7292744535566,3542.523701336296,197924,BAJAJ-AUTO.NS,Bajaj Auto,Auto
2022-09-22,3500.328857421875,3529.5226068240477,3473.2004375662173,3491.974493985494,149651,BAJAJ-AUTO.NS,Bajaj Auto,Auto
2022-09-23,3472.16796875,3538.9098347574045,3457.242684724541,3501.361719799766,158122,BAJAJ-AUTO.NS,Bajaj Auto,Auto
2022-09-26,3355.39306640625,3460.76245281109,3347.4140928254824,3444.0065166212858,517637,BAJAJ-AUTO.NS,Bajaj Auto,Auto
2022-09-27,3324.79150390625,3374.5897355019106,3294.9409368755682,3369.943202269814,344198,BAJAJ-AUTO.NS,Bajaj Auto,Auto
2022-09-28,3328.546142578125,3354.829820786465,3290.1532900082802,3308.92734587138,181128,BAJAJ-AUTO.NS,Bajaj Auto,Auto
2022-09-29,3263.587890625,3345.3959749368864,3252.652094971075,3344.5979859082818,350931,BAJAJ-AUTO.NS,Bajaj Auto,Auto
2022-09-30,3311.5087890625,3336.1027564861192,3249.0850531195742,3272.7872987219635,276996,BAJAJ-AUTO.NS,Bajaj Auto,Auto
2022-10-03,3299.869140625,3341.688169064633,3261.9923891270946,3311.508964242621,442640,BAJAJ-AUTO.NS,Bajaj Auto,Auto
2022-10-04,3360.180419921875,3379.2359022043333,3322.256691718924,3332.864078516485,317554,BAJAJ-AUTO.NS,Bajaj Auto,Auto
2022-10-06,3374.307861328125,3395.428673908616,3351.168929437914,3376.983255925181,353529,BAJAJ-AUTO.NS,Bajaj Auto,Auto
2022-10-07,3382.662353515625,3444.006440957106,3360.5558578336077,3360.6028388063824,591544,BAJAJ-AUTO.NS,Bajaj Auto,Auto
2022-10-10,3395.2412109375,3402.703852723557,3312.729322494535,3339.2946588552613,240975,BAJAJ-AUTO.NS,Bajaj Auto,Auto
2022-10-11,3312.447509765625,3412.2316633692203,3303.8584708047597,3412.2316633692203,258827,BAJAJ-AUTO.NS,Bajaj Auto,Auto
2022-10-12,3402.328125,3429.0811534349564,3300.3381626541195,3329.0153483905074,496229,BAJAJ-AUTO.NS,Bajaj Auto,Auto
2022-10-13,3383.8359375,3425.138861166571,3369.943090067964,3395.147352202875,336605,BAJAJ-AUTO.NS,Bajaj Auto,Auto
2022-10-14,3351.638427734375,3438.4684388155765,3334.413139271312,3435.6053493718546,499983,BAJAJ-AUTO.NS,Bajaj Auto,Auto
2022-10-17,3406.552490234375,3449.545124675903,3358.6786470263414,3360.556052642343,921084,BAJAJ-AUTO.NS,Bajaj Auto,Auto
2022-10-18,3389.9375,3440.205081257392,3381.301479992239,3423.5898581975857,496519,BAJAJ-AUTO.NS,Bajaj Auto,Auto
2022-10-19,3431.756591796875,3489.1111931779583,3401.624141399146,3406.927720346106,456361,BAJAJ-AUTO.NS,Bajaj Auto,Auto
2022-10-20,3465.550048828125,3476.8612343092595,3366.18826506178,3406.881123405269,310251,BAJAJ-AUTO.NS,Bajaj Auto,Auto
2022-10-21,3443.725341796875,3492.3032139263128,3418.5210787899528,3472.2618165563354,207556,BAJAJ-AUTO.NS,Bajaj Auto,Auto
2022-10-24,3473.0126953125,3491.9744462013987,3454.4263338766527,3487.2809321608056,29986,BAJAJ-AUTO.NS,Bajaj Auto,Auto
2022-10-25,3430.114013671875,3498.5453565310904,3420.6330236649565,3472.2616779738405,351456,BAJAJ-AUTO.NS,Bajaj Auto,Auto
2022-10-27,3400.26318359375,3464.3766303920243,3385.1029959339144,3464.3766303920243,333703,BAJAJ-AUTO.NS,Bajaj Auto,Auto
2022-10-28,3445.696533203125,3491.0359270556464,3408.430075595335,3417.3007717636433,500485,BAJAJ-AUTO.NS,Bajaj Auto,Auto
2022-10-31,3446.77587890625,3479.1611246705497,3434.807418515096,3462.9685017884,314769,BAJAJ-AUTO.NS,Bajaj Auto,Auto
2022-11-01,3503.89599609375,3514.6910786029744,3438.4684548946807,3460.574952303017,514106,BAJAJ-AUTO.NS,Bajaj Auto,Auto
2022-11-02,3507.74462890625,3516.3806487327493,3467.1927142434147,3516.3806487327493,317571,BAJAJ-AUTO.NS,Bajaj Auto,Auto
2022-11-03,3542.195068359375,3580.2125323234814,3502.3471797432067,3523.8903634877684,637882,BAJAJ-AUTO.NS,Bajaj Auto,Auto
2022-11-04,3539.9423828125,3576.3638697795236,3532.2448361597076,3547.7804140460403,230932,BAJAJ-AUTO.NS,Bajaj Auto,Auto
2022-11-07,3538.768798828125,3584.577311565646,3528.1144305086627,3557.683568345838,272013,BAJAJ-AUTO.NS,Bajaj Auto,Auto
2022-11-09,3510.325927734375,3561.4382468280587,3489.95612381824,3557.683435814007,249436,BAJAJ-AUTO.NS,Bajaj Auto,Auto
2022-11-10,3496.292724609375,3538.909742302714,3489.1584912836042,3510.3262863730615,291055,BAJAJ-AUTO.NS,Bajaj Auto,Auto
2022-11-11,3499.1552734375,3552.0042849897536,3481.1792071417312,3513.799128254897,268871,BAJAJ-AUTO.NS,Bajaj Auto,Auto
2022-11-14,3497.606689453125,3537.0322076917273,3483.009814841592,3516.662402436881,200313,BAJAJ-AUTO.NS,Bajaj Auto,Auto
2022-11-15,3533.418212890625,3556.7450701967146,3497.653772097034,3497.653772097034,296104,BAJAJ-AUTO.NS,Bajaj Auto,Auto
2022-11-16,3517.74169921875,3565.6625221382637,3510.419771674379,3526.7063566337915,329588,BAJAJ-AUTO.NS,Bajaj Auto,Auto
2022-11-17,3467.708740234375,3536.42196622203,3452.924171631991,3519.1966787516,185433,BAJAJ-AUTO.NS,Bajaj Auto,Auto
2022-11-18,3410.26025390625,3479.630527568352,3399.042801404759,3467.7088187991208,327528,BAJAJ-AUTO.NS,Bajaj Auto,Auto
2022-11-21,3397.634765625,3422.3226949622212,3385.3376673434814,3393.410603048591,226673,BAJAJ-AUTO.NS,Bajaj Auto,Auto
2022-11-22,3397.259521484375,3419.6944275684687,3365.249663143826,3413.123507724115,322261,BAJAJ-AUTO.NS,Bajaj Auto,Auto
2022-11-23,3386.69873046875,3430.160483455098,3374.636308738121,3400.168977116567,340707,BAJAJ-AUTO.NS,Bajaj Auto,Auto
2022-11-24,3398.244873046875,3407.1625497080113,3377.875067982325,3395.4757456029884,397640,BAJAJ-AUTO.NS,Bajaj Auto,Auto
2022-11-25,3417.11279296875,3428.7995967380652,3380.2687088745192,3409.6031707329835,224797,BAJAJ-AUTO.NS,Bajaj Auto,Auto
2022-11-28,3451.32861328125,3482.5874630297967,3407.6789321408496,3407.6789321408496,185431,BAJAJ-AUTO.NS,Bajaj Auto,Auto
2022-11-29,3435.74609375,3470.384134228313,3428.142509656965,3454.7548248071066,134922,BAJAJ-AUTO.NS,Bajaj Auto,Auto
2022-11-30,3520.79248046875,3541.6316364050413,3445.9779145389984,3449.685744694757,1267676,BAJAJ-AUTO.NS,Bajaj Auto,Auto
2022-12-01,3480.33447265625,3514.550142698525,3374.0263842306726,3514.550142698525,514227,BAJAJ-AUTO.NS,Bajaj Auto,Auto
2022-12-02,3435.042236328125,3484.7934855026697,3417.629253281936,3479.771333774288,349992,BAJAJ-AUTO.NS,Bajaj Auto,Auto
2022-12-05,3435.55810546875,3446.9165004219212,3415.0006068994962,3446.9165004219212,163476,BAJAJ-AUTO.NS,Bajaj Auto,Auto
2022-12-06,3468.319091796875,3473.012605716386,3418.849500920327,3428.142566810765,251515,BAJAJ-AUTO.NS,Bajaj Auto,Auto
2022-12-07,3411.85595703125,3481.2262297625,3407.068710373449,3468.319066577697,167024,BAJAJ-AUTO.NS,Bajaj Auto,Auto
2022-12-08,3413.26416015625,3434.291240785705,3396.2267956789697,3412.2317245616987,141912,BAJAJ-AUTO.NS,Bajaj Auto,Auto
2022-12-09,3395.2412109375,3444.3823965658817,3380.2689463880156,3426.2653858140116,166035,BAJAJ-AUTO.NS,Bajaj Auto,Auto
2022-12-12,3376.279296875,3402.422261532745,3354.5014377438088,3395.2410476053783,171844,BAJAJ-AUTO.NS,Bajaj Auto,Auto
2022-12-13,3413.827392578125,3418.7555822560066,3371.1633963447066,3393.1759310708126,126272,BAJAJ-AUTO.NS,Bajaj Auto,Auto
2022-12-14,3428.189697265625,3443.1149805102687,3417.816985216124,3426.265310639619,132320,BAJAJ-AUTO.NS,Bajaj Auto,Auto
2022-12-15,3397.447265625,3431.8976143320187,3388.7172832983006,3412.1848545122775,161541,BAJAJ-AUTO.NS,Bajaj Auto,Auto
2022-12-16,3332.01953125,3405.519776723871,3322.0691899574404,3392.2372238510034,228381,BAJAJ-AUTO.NS,Bajaj Auto,Auto
2022-12-19,3407.25634765625,3413.451877550708,3332.3948024463634,3348.681387024286,238078,BAJAJ-AUTO.NS,Bajaj Auto,Auto
2022-12-20,3392.096435546875,3411.2458804648722,3361.8700228859143,3411.2458804648722,152284,BAJAJ-AUTO.NS,Bajaj Auto,Auto
2022-12-21,3389.702880859375,3432.9769435713615,3372.383859579314,3393.4107111817225,149348,BAJAJ-AUTO.NS,Bajaj Auto,Auto
2022-12-22,3380.1279296875,3424.293711266154,3362.0109205593667,3406.69303449183,158182,BAJAJ-AUTO.NS,Bajaj Auto,Auto
2022-12-23,3324.69775390625,3379.3302131842966,3316.437123105589,3360.5561564443838,122024,BAJAJ-AUTO.NS,Bajaj Auto,Auto
2022-12-26,3334.4599609375,3355.6747353826104,3308.035569416812,3324.8852384405545,140091,BAJAJ-AUTO.NS,Bajaj Auto,Auto
2022-12-27,3370.834716796875,3379.3300228282483,3332.3948836223008,3337.0883975428956,115917,BAJAJ-AUTO.NS,Bajaj Auto,Auto
2022-12-28,3366.986328125,3383.976711795618,3332.395037265162,3360.5561220871214,229748,BAJAJ-AUTO.NS,Bajaj Auto,Auto
2022-12-29,3350.042724609375,3379.3302072369966,3323.00803711638,3359.6174476947804,748244,BAJAJ-AUTO.NS,Bajaj Auto,Auto
2022-12-30,3394.396240234375,3419.7881963191917,3348.962888086332,3360.5559591126826,287867,BAJAJ-AUTO.NS,Bajaj Auto,Auto
2023-01-02,3354.876953125,3398.104264535195,3304.6563514253776,3395.2881560286737,471328,BAJAJ-AUTO.NS,Bajaj Auto,Auto
2023-01-03,3380.92578125,3398.1040880828637,3344.1286778439785,3344.1286778439785,218996,BAJAJ-AUTO.NS,Bajaj Auto,Auto
2023-01-04,3335.0703125,3381.7237955150486,3326.2933497080976,3368.065624030663,250071,BAJAJ-AUTO.NS,Bajaj Auto,Auto
2023-01-05,3399.18359375,3409.837962329333,3340.233240535876,3349.2916309954744,294998,BAJAJ-AUTO.NS,Bajaj Auto,Auto
2023-01-06,3418.990234375,3424.387775413549,3377.452635947903,3396.2266917341617,173591,BAJAJ-AUTO.NS,Bajaj Auto,Auto
2023-01-09,3398.80810546875,3444.1005148007575,3384.9622394035246,3436.1215411360517,200031,BAJAJ-AUTO.NS,Bajaj Auto,Auto
2023-01-10,3355.111572265625,3413.1234523569556,3344.8798032013087,3408.05454880088,247609,BAJAJ-AUTO.NS,Bajaj Auto,Auto
2023-01-11,3321.177490234375,3369.8960739261224,3314.6065706287177,3365.24954089722,308958,BAJAJ-AUTO.NS,Bajaj Auto,Auto
2023-01-12,3351.450439453125,3360.5558101987363,3304.2806267541064,3321.1772760791278,182941,BAJAJ-AUTO.NS,Bajaj Auto,Auto
2023-01-13,3384.30517578125,3396.085941495642,3337.2290938977394,3360.555949631717,180876,BAJAJ-AUTO.NS,Bajaj Auto,Auto
2023-01-16,3363.512939453125,3398.9959521125156,3341.782060700509,3388.670221026082,226147,BAJAJ-AUTO.NS,Bajaj Auto,Auto
2023-01-17,3385.85400390625,3391.2515449827865,3349.4322895894816,3369.9430373505143,106465,BAJAJ-AUTO.NS,Bajaj Auto,Auto
2023-01-18,3388.623291015625,3415.7049596243783,3359.617464924947,3402.7977955722076,306275,BAJAJ-AUTO.NS,Bajaj Auto,Auto
2023-01-19,3356.75439453125,3406.5056453427596,3353.046564126624,3379.2832628232545,226186,BAJAJ-AUTO.NS,Bajaj Auto,Auto
2023-01-20,3353.750244140625,3366.7513688753584,3333.5681350512614,3363.418928283648,191361,BAJAJ-AUTO.NS,Bajaj Auto,Auto
2023-01-23,3401.436767578125,3404.6752465846894,3352.1078868359323,3363.8416724941367,173482,BAJAJ-AUTO.NS,Bajaj Auto,Auto
2023-01-24,3460.52783203125,3469.539470476841,3390.0781418739107,3403.7363132904684,212778,BAJAJ-AUTO.NS,Bajaj Auto,Auto
2023-01-25,3489.533935546875,3510.748711947024,3448.5126662183166,3462.874865875019,375571,BAJAJ-AUTO.NS,Bajaj Auto,Auto
2023-01-27,3695.438232421875,3750.1176702928537,3595.231708941584,3614.0057648629504,2375899,BAJAJ-AUTO.NS,Bajaj Auto,Auto
2023-01-30,3605.697998046875,3706.890200936889,3584.765109937121,3698.4888571092615,654472,BAJAJ-AUTO.NS,Bajaj Auto,Auto
2023-01-31,3584.2021484375,3640.2896435908137,3568.00952431374,3640.2896435908137,359118,BAJAJ-AUTO.NS,Bajaj Auto,Auto
2023-02-01,3577.677978515625,3648.174420325609,3529.6164416484307,3594.7153424322787,328212,BAJAJ-AUTO.NS,Bajaj Auto,Auto
2023-02-02,3558.340576171875,3622.5479837183916,3510.7483911430804,3566.13185506753,309024,BAJAJ-AUTO.NS,Bajaj Auto,Auto
2023-02-03,3616.3994140625,3621.515298340404,3538.1584462604587,3552.9899959093905,242350,BAJAJ-AUTO.NS,Bajaj Auto,Auto
2023-02-06,3613.160888671875,3632.498028041243,3570.919264431124,3610.76715079647,205412,BAJAJ-AUTO.NS,Bajaj Auto,Auto
2023-02-07,3641.650634765625,3656.247509554143,3584.1550866372063,3635.5960473692417,246673,BAJAJ-AUTO.NS,Bajaj Auto,Auto
2023-02-08,3642.448486328125,3659.8614689390247,3600.394555449581,3659.8614689390247,309039,BAJAJ-AUTO.NS,Bajaj Auto,Auto
2023-02-09,3610.016357421875,3652.0233084703386,3597.3438693960816,3642.072966942852,249061,BAJAJ-AUTO.NS,Bajaj Auto,Auto
2023-02-10,3596.780517578125,3613.020121968935,3567.164627367492,3609.3122917176133,170034,BAJAJ-AUTO.NS,Bajaj Auto,Auto
2023-02-13,3645.452392578125,3672.768736243693,3589.5995749243593,3614.803837250079,372862,BAJAJ-AUTO.NS,Bajaj Auto,Auto
2023-02-14,3638.505859375,3667.464702013077,3625.7863911430622,3656.2002688941025,251160,BAJAJ-AUTO.NS,Bajaj Auto,Auto
2023-02-15,3666.009765625,3672.1113337287584,3614.005722995467,3629.588280899875,214072,BAJAJ-AUTO.NS,Bajaj Auto,Auto
2023-02-16,3667.136474609375,3689.993750436536,3653.431321967769,3670.3279724804665,166844,BAJAJ-AUTO.NS,Bajaj Auto,Auto
2023-02-17,3655.59033203125,3679.7149479724003,3634.6572139155955,3651.5538641868975,167844,BAJAJ-AUTO.NS,Bajaj Auto,Auto
2023-02-20,3664.508056640625,3693.748557351338,3654.698658161742,3656.2004451447133,169828,BAJAJ-AUTO.NS,Bajaj Auto,Auto
2023-02-21,3601.896728515625,3686.286021446402,3590.256675892951,3686.286021446402,177954,BAJAJ-AUTO.NS,Bajaj Auto,Auto
2023-02-22,3605.275634765625,3651.7884022331746,3581.104038760868,3601.896442344033,477992,BAJAJ-AUTO.NS,Bajaj Auto,Auto
2023-02-23,3597.01513671875,3635.3612374392037,3581.3388459286493,3611.658991943021,299446,BAJAJ-AUTO.NS,Bajaj Auto,Auto
2023-02-24,3613.958740234375,3637.37932887828,3598.564106235004,3598.564106235004,263732,BAJAJ-AUTO.NS,Bajaj Auto,Auto
2023-02-27,3416.737548828125,3567.0237327072223,3403.7834040854395,3567.0237327072223,822866,BAJAJ-AUTO.NS,Bajaj Auto,Auto
2023-02-28,3436.77880859375,3513.5647471121997,3403.3611248334355,3423.4492740363858,723245,BAJAJ-AUTO.NS,Bajaj Auto,Auto
2023-03-01,3502.91015625,3518.586676101118,3413.968067364269,3445.0392212204015,432887,BAJAJ-AUTO.NS,Bajaj Auto,Auto
2023-03-02,3487.515625,3527.035105086185,3454.4263508512213,3502.347175276253,276614,BAJAJ-AUTO.NS,Bajaj Auto,Auto
2023-03-03,3503.23876953125,3518.2580139879756,3470.8065426974113,3492.0213171627297,281411,BAJAJ-AUTO.NS,Bajaj Auto,Auto
2023-03-06,3494.83740234375,3542.664262758668,3490.237621254063,3493.570061930917,186747,BAJAJ-AUTO.NS,Bajaj Auto,Auto
2023-03-08,3577.583984375,3583.779514384663,3483.5729927576353,3495.541453186156,478922,BAJAJ-AUTO.NS,Bajaj Auto,Auto
2023-03-09,3579.7431640625,3603.445410002602,3568.009378943638,3577.584101765531,295897,BAJAJ-AUTO.NS,Bajaj Auto,Auto
2023-03-10,3587.628173828125,3609.6876898382798,3565.193268364589,3595.231758250757,530973,BAJAJ-AUTO.NS,Bajaj Auto,Auto
2023-03-13,3546.841552734375,3602.7413503710877,3537.3138109740685,3588.613827380418,247745,BAJAJ-AUTO.NS,Bajaj Auto,Auto
2023-03-14,3522.85791015625,3561.8610602509607,3506.8999613617043,3546.8418143266827,278919,BAJAJ-AUTO.NS,Bajaj Auto,Auto
2023-03-15,3501.361328125,3555.336737338723,3492.490632793667,3543.5089907799584,317890,BAJAJ-AUTO.NS,Bajaj Auto,Auto
2023-03-16,3567.25830078125,3577.396336759881,3511.640160410475,3511.640160410475,377544,BAJAJ-AUTO.NS,Bajaj Auto,Auto
2023-03-17,3580.587890625,3593.307359478161,3559.6080204215327,3583.7796176698816,396793,BAJAJ-AUTO.NS,Bajaj Auto,Auto
2023-03-20,3571.76416015625,3599.8782632296097,3553.0840660742488,3557.683618131981,331370,BAJAJ-AUTO.NS,Bajaj Auto,Auto
2023-03-21,3666.29150390625,3681.5924054805964,3564.019879017964,3573.1722313773307,803886,BAJAJ-AUTO.NS,Bajaj Auto,Auto
2023-03-22,3683.4228515625,3703.6519429865884,3650.239844679358,3681.357751212179,311063,BAJAJ-AUTO.NS,Bajaj Auto,Auto
2023-03-23,3626.162109375,3672.580919226652,3616.869042879399,3663.2878527310513,256313,BAJAJ-AUTO.NS,Bajaj Auto,Auto
2023-03-24,3593.260498046875,3644.8891540813693,3578.3352146089205,3609.406370183515,281359,BAJAJ-AUTO.NS,Bajaj Auto,Auto
2023-03-27,3574.157958984375,3608.6552875311404,3567.0707068764036,3599.8783245163922,198811,BAJAJ-AUTO.NS,Bajaj Auto,Auto
2023-03-28,3559.185791015625,3598.7990051531956,3538.487347493384,3586.7835629282813,144400,BAJAJ-AUTO.NS,Bajaj Auto,Auto
2023-03-29,3641.510009765625,3655.308895817664,3567.2115417251507,3576.927207887316,429300,BAJAJ-AUTO.NS,Bajaj Auto,Auto
2023-03-31,3646.625732421875,3668.3098589511856,3623.392837929967,3638.0834452011186,248433,BAJAJ-AUTO.NS,Bajaj Auto,Auto
2023-04-03,3748.9443359375,3750.117714446401,3649.864208810833,3665.4467670792296,497915,BAJAJ-AUTO.NS,Bajaj Auto,Auto
2023-04-05,3776.542236328125,3780.1093529526293,3717.310224672519,3749.1791402322324,584697,BAJAJ-AUTO.NS,Bajaj Auto,Auto
2023-04-06,3786.351806640625,3815.82698367582,3773.6323375266065,3781.094979150357,321813,BAJAJ-AUTO.NS,Bajaj Auto,Auto
2023-04-10,3812.635498046875,3822.397915788317,3783.066358963542,3787.7128921272524,218632,BAJAJ-AUTO.NS,Bajaj Auto,Auto
2023-04-11,3921.3369140625,3927.1098445077982,3821.0366592035116,3829.907354667829,685931,BAJAJ-AUTO.NS,Bajaj Auto,Auto
2023-04-12,4023.280517578125,4043.3219156063055,3914.8603356415238,3921.3372938013,992142,BAJAJ-AUTO.NS,Bajaj Auto,Auto
2023-04-13,4025.486328125,4042.0075894202523,3998.9207633195756,4008.261039715044,371608,BAJAJ-AUTO.NS,Bajaj Auto,Auto
2023-04-17,3993.570556640625,4046.7479813573173,3962.3114767635902,4046.7479813573173,718984,BAJAJ-AUTO.NS,Bajaj Auto,Auto
2023-04-18,3951.234619140625,4004.5999630762194,3919.130801192031,3993.4762436251126,235015,BAJAJ-AUTO.NS,Bajaj Auto,Auto
2023-04-19,4004.318603515625,4033.512355055308,3923.824830724377,3927.6268524382494,406755,BAJAJ-AUTO.NS,Bajaj Auto,Auto
2023-04-20,4049.892578125,4065.0525369041743,3991.41111778959,4003.567502573907,409146,BAJAJ-AUTO.NS,Bajaj Auto,Auto
2023-04-21,4044.21337890625,4071.154334531889,4020.5111315124454,4058.01249439275,237639,BAJAJ-AUTO.NS,Bajaj Auto,Auto
2023-04-24,4066.5546875,4088.004139183752,4020.1828586157358,4044.2132847728776,279716,BAJAJ-AUTO.NS,Bajaj Auto,Auto
2023-04-25,4076.363525390625,4106.824613579157,4051.5351121659633,4073.970016670524,367525,BAJAJ-AUTO.NS,Bajaj Auto,Auto
2023-04-26,4035.4833984375,4095.2317408939716,4018.5867477810975,4078.6637278927515,964051,BAJAJ-AUTO.NS,Bajaj Auto,Auto
2023-04-27,4137.9892578125,4151.459274330964,4030.7892304757843,4036.4214464475717,667011,BAJAJ-AUTO.NS,Bajaj Auto,Auto
2023-04-28,4160.2841796875,4167.5591266006395,4120.9521645343775,4127.804970185735,457064,BAJAJ-AUTO.NS,Bajaj Auto,Auto
2023-05-02,4222.28515625,4230.264129977907,4152.867901476821,4167.793642542742,522701,BAJAJ-AUTO.NS,Bajaj Auto,Auto
2023-05-03,4175.208984375,4214.728460552955,4163.146562754105,4209.6123473891275,351550,BAJAJ-AUTO.NS,Bajaj Auto,Auto
2023-05-04,4184.45556640625,4196.0014272616845,4165.258911211837,4174.223339421863,191019,BAJAJ-AUTO.NS,Bajaj Auto,Auto
2023-05-05,4189.52490234375,4228.199185868632,4156.0130262917655,4189.52490234375,180033,BAJAJ-AUTO.NS,Bajaj Auto,Auto
2023-05-08,4270.39404296875,4278.607693103602,4191.496249870946,4200.695354681576,365732,BAJAJ-AUTO.NS,Bajaj Auto,Auto
2023-05-09,4251.244140625,4296.4425874264225,4242.60789178225,4292.547062592831,329083,BAJAJ-AUTO.NS,Bajaj Auto,Auto
2023-05-10,4276.68310546875,4295.973264219418,4251.713519899674,4275.791154489118,229527,BAJAJ-AUTO.NS,Bajaj Auto,Auto
2023-05-11,4269.12646484375,4312.400756530503,4257.1112520841025,4312.400756530503,293197,BAJAJ-AUTO.NS,Bajaj Auto,Auto
2023-05-12,4260.6787109375,4345.115224290602,4240.121208085445,4266.404890579664,620213,BAJAJ-AUTO.NS,Bajaj Auto,Auto
2023-05-15,4284.755859375,4326.012032479415,4263.635045502637,4288.933270347932,534604,BAJAJ-AUTO.NS,Bajaj Auto,Auto
2023-05-16,4260.162109375,4313.339533388469,4252.323849020624,4302.544450769543,321308,BAJAJ-AUTO.NS,Bajaj Auto,Auto
2023-05-17,4251.71337890625,4318.032636313351,4232.610686334108,4271.097498962119,346510,BAJAJ-AUTO.NS,Bajaj Auto,Auto
2023-05-18,4241.66943359375,4292.1719206498,4236.60053000288,4261.664078800779,194233,BAJAJ-AUTO.NS,Bajaj Auto,Auto
2023-05-19,4208.39208984375,4271.237960028681,4190.415566620912,4256.078003231248,398571,BAJAJ-AUTO.NS,Bajaj Auto,Auto
2023-05-22,4245.9873046875,4286.7269132380425,4219.422199635102,4219.422199635102,368479,BAJAJ-AUTO.NS,Bajaj Auto,Auto
2023-05-23,4222.37890625,4274.2889846748685,4215.807987039209,4256.970194051282,239196,BAJAJ-AUTO.NS,Bajaj Auto,Auto
2023-05-24,4240.68359375,4273.162800253721,4216.6994637106245,4229.371950712147,395343,BAJAJ-AUTO.NS,Bajaj Auto,Auto
2023-05-25,4359.33544921875,4366.28175770451,4228.480381194473,4229.465835714063,1016606,BAJAJ-AUTO.NS,Bajaj Auto,Auto
2023-05-26,4333.00537109375,4378.625960472895,4323.007819597368,4329.625949345042,484972,BAJAJ-AUTO.NS,Bajaj Auto,Auto
2023-05-29,4335.39892578125,4377.311914556249,4325.636508232408,4374.308340576365,301343,BAJAJ-AUTO.NS,Bajaj Auto,Auto
2023-05-30,4310.42919921875,4351.216018306675,4305.548219778531,4332.207287031931,229574,BAJAJ-AUTO.NS,Bajaj Auto,Auto
2023-05-31,4287.1962890625,4345.208395593672,4273.585098818995,4308.457815255437,719613,BAJAJ-AUTO.NS,Bajaj Auto,Auto
2023-06-01,4358.96044921875,4383.554187768282,4287.290398185381,4305.829778636234,698733,BAJAJ-AUTO.NS,Bajaj Auto,Auto
2023-06-02,4382.8974609375,4418.474206408342,4362.3867124986555,4387.684937025094,606833,BAJAJ-AUTO.NS,Bajaj Auto,Auto
2023-06-05,4421.33740234375,4427.8148190221755,4382.803831712899,4400.639186778769,234925,BAJAJ-AUTO.NS,Bajaj Auto,Auto
2023-06-06,4436.5439453125,4454.097870367212,4421.336777171468,4428.330296114619,353149,BAJAJ-AUTO.NS,Bajaj Auto,Auto
2023-06-07,4487.703125,4494.414757921925,4446.588128321554,4446.588128321554,239491,BAJAJ-AUTO.NS,Bajaj Auto,Auto
2023-06-08,4506.38330078125,4533.840356436048,4483.995148346377,4506.571224673118,295499,BAJAJ-AUTO.NS,Bajaj Auto,Auto
2023-06-09,4452.642578125,4526.236782805938,4444.757566614713,4506.383311110996,208197,BAJAJ-AUTO.NS,Bajaj Auto,Auto
2023-06-12,4477.28369140625,4496.386384941488,4443.208963311697,4458.791521368119,137778,BAJAJ-AUTO.NS,Bajaj Auto,Auto
2023-06-13,4464.423828125,4501.079989642908,4455.5061513989085,4477.612419311089,247078,BAJAJ-AUTO.NS,Bajaj Auto,Auto
2023-06-14,4440.25244140625,4476.157825717911,4423.167866053503,4459.871239464512,191238,BAJAJ-AUTO.NS,Bajaj Auto,Auto
2023-06-15,4432.1318359375,4472.59001658925,4414.2497316885865,4451.234528785759,178304,BAJAJ-AUTO.NS,Bajaj Auto,Auto
2023-06-16,4357.41162109375,4425.749001205885,4336.806911410189,4407.209621011004,658995,BAJAJ-AUTO.NS,Bajaj Auto,Auto
2023-06-19,4315.54541015625,4369.661534917416,4305.501106853751,4360.274506915446,193043,BAJAJ-AUTO.NS,Bajaj Auto,Auto
2023-06-20,4376.232421875,4383.74204422056,4288.979813907137,4303.952306798987,453523,BAJAJ-AUTO.NS,Bajaj Auto,Auto
2023-06-21,4365.10888671875,4415.329488278659,4352.765036136373,4391.251852285088,274821,BAJAJ-AUTO.NS,Bajaj Auto,Auto
2023-06-22,4329.39111328125,4382.803208929127,4319.534734250675,4378.156446902902,180102,BAJAJ-AUTO.NS,Bajaj Auto,Auto
2023-06-23,4339.248046875,4369.661928671814,4323.1021739163,4330.330369469548,348409,BAJAJ-AUTO.NS,Bajaj Auto,Auto
2023-06-26,4324.509765625,4372.43081777746,4318.5489112740825,4341.265701996125,298624,BAJAJ-AUTO.NS,Bajaj Auto,Auto
2023-06-27,4334.9765625,4391.8620475284215,4327.420187811794,4349.855094512244,444793,BAJAJ-AUTO.NS,Bajaj Auto,Auto
2023-06-28,4427.2041015625,4449.451542615981,4336.901161720854,4346.194228335864,769406,BAJAJ-AUTO.NS,Bajaj Auto,Auto
2023-06-30,4538.69921875,4580.7338076874,4483.991805413115,4484.959225435858,587936,BAJAJ-AUTO.NS,Bajaj Auto,Auto
2023-07-03,4460.43505859375,4535.265092250438,4438.571271481583,4532.556505120673,457367,BAJAJ-AUTO.NS,Bajaj Auto,Auto
2023-07-04,4474.7041015625,4522.49455218329,4461.69258677714,4461.69258677714,286373,BAJAJ-AUTO.NS,Bajaj Auto,Auto
2023-07-05,4730.73193359375,4740.357951444369,4482.056814090156,4496.519931891228,891033,BAJAJ-AUTO.NS,Bajaj Auto,Auto
2023-07-06,4757.4814453125,4777.119882042804,4674.5733637162475,4730.68372280059,888595,BAJAJ-AUTO.NS,Bajaj Auto,Auto
2023-07-07,4676.50830078125,4753.079499646904,4663.496312774209,4716.6562309596575,405959,BAJAJ-AUTO.NS,Bajaj Auto,Auto
2023-07-10,4738.37451171875,4789.695948719779,4687.197620855843,4691.019118429046,659388,BAJAJ-AUTO.NS,Bajaj Auto,Auto
2023-07-11,4757.4326171875,4793.033954730489,4745.1948493086375,4777.603417596474,400593,BAJAJ-AUTO.NS,Bajaj Auto,Auto
2023-07-12,4719.51025390625,4786.310415475185,4708.433106036933,4768.413145604282,295827,BAJAJ-AUTO.NS,Bajaj Auto,Auto
2023-07-13,4707.90087890625,4827.425421587741,4691.841613690494,4760.673446820295,501038,BAJAJ-AUTO.NS,Bajaj Auto,Auto
2023-07-14,4701.2744140625,4746.452645480373,4691.987087414862,4735.472806174249,419873,BAJAJ-AUTO.NS,Bajaj Auto,Auto
2023-07-17,4675.685546875,4746.54905684859,4664.028325651076,4724.830762812915,250127,BAJAJ-AUTO.NS,Bajaj Auto,Auto
2023-07-18,4702.24169921875,4832.35968791111,4672.638553041642,4687.681744941244,270028,BAJAJ-AUTO.NS,Bajaj Auto,Auto
2023-07-19,4666.4951171875,4749.209522377991,4661.222961917883,4721.976745436076,247325,BAJAJ-AUTO.NS,Bajaj Auto,Auto
2023-07-20,4710.07763671875,4729.716072492719,4626.2503212704305,4670.703456329484,450566,BAJAJ-AUTO.NS,Bajaj Auto,Auto
2023-07-21,4704.27294921875,4720.4285781680155,4677.717083943765,4684.3440047510285,367833,BAJAJ-AUTO.NS,Bajaj Auto,Auto
2023-07-24,4723.669921875,4758.7388962578725,4693.099355938358,4703.595957228253,288534,BAJAJ-AUTO.NS,Bajaj Auto,Auto
2023-07-25,4690.97119140625,4749.935154386245,4621.703827981476,4725.362781942774,743269,BAJAJ-AUTO.NS,Bajaj Auto,Auto
2023-07-26,4711.7705078125,4743.7435470123255,4683.231620357241,4730.683378176868,387130,BAJAJ-AUTO.NS,Bajaj Auto,Auto
2023-07-27,4692.95458984375,4748.09753183944,4667.124285959701,4739.390751524332,321326,BAJAJ-AUTO.NS,Bajaj Auto,Auto
2023-07-28,4733.10205078125,4740.35770032256,4672.299613150469,4696.8238030747,255158,BAJAJ-AUTO.NS,Bajaj Auto,Auto
2023-07-31,4770.73486328125,4777.506803238319,4707.513872207431,4736.004579976033,325463,BAJAJ-AUTO.NS,Bajaj Auto,Auto
2023-08-01,4763.52783203125,4816.445421875145,4739.535532939429,4780.7477188437415,391794,BAJAJ-AUTO.NS,Bajaj Auto,Auto
2023-08-02,4674.67041015625,4777.071914559237,4664.173808381469,4753.321469456217,249850,BAJAJ-AUTO.NS,Bajaj Auto,Auto
2023-08-03,4669.05859375,4753.562818649311,4649.420158227291,4679.4101758937595,418377,BAJAJ-AUTO.NS,Bajaj Auto,Auto
2023-08-04,4558.4833984375,4705.724922964448,4546.874357524671,4672.638967413652,451353,BAJAJ-AUTO.NS,Bajaj Auto,Auto
2023-08-07,4517.9482421875,4589.004957853523,4513.014305706652,4589.004957853523,436583,BAJAJ-AUTO.NS,Bajaj Auto,Auto
2023-08-08,4498.64794921875,4544.939089980194,4486.023307362466,4517.948166870628,487053,BAJAJ-AUTO.NS,Bajaj Auto,Auto
2023-08-09,4514.513671875,4537.00618717306,4465.707615652073,4498.986769618464,282034,BAJAJ-AUTO.NS,Bajaj Auto,Auto
2023-08-10,4485.53955078125,4555.000116040468,4477.993391552057,4517.85128347324,330123,BAJAJ-AUTO.NS,Bajaj Auto,Auto
2023-08-11,4449.21240234375,4498.502636307984,4432.331208132378,4485.539303830645,274197,BAJAJ-AUTO.NS,Bajaj Auto,Auto
2023-08-14,4466.2880859375,4482.734225874858,4393.054203267223,4426.913903138255,154258,BAJAJ-AUTO.NS,Bajaj Auto,Auto
2023-08-16,4450.71240234375,4464.643155418011,4411.193202148922,4427.881196608501,188763,BAJAJ-AUTO.NS,Bajaj Auto,Auto
2023-08-17,4506.09765625,4516.352403440959,4426.9624112981455,4426.9624112981455,311184,BAJAJ-AUTO.NS,Bajaj Auto,Auto
2023-08-18,4465.17529296875,4498.067573712153,4445.585037525989,4498.067573712153,243546,BAJAJ-AUTO.NS,Bajaj Auto,Auto
2023-08-21,4460.62890625,4479.106723987118,4443.166690633055,4453.034564256502,118491,BAJAJ-AUTO.NS,Bajaj Auto,Auto
2023-08-22,4477.6064453125,4485.490823506477,4451.727961400283,4467.4971901612635,96290,BAJAJ-AUTO.NS,Bajaj Auto,Auto
2023-08-23,4508.90283203125,4514.3204785864,4468.513046430799,4488.828866732822,263771,BAJAJ-AUTO.NS,Bajaj Auto,Auto
2023-08-24,4479.2998046875,4573.091366534747,4425.414791871838,4536.232568528266,433867,BAJAJ-AUTO.NS,Bajaj Auto,Auto
2023-08-25,4434.701171875,4495.503609371124,4420.867255729413,4473.349787295324,293384,BAJAJ-AUTO.NS,Bajaj Auto,Auto
2023-08-28,4450.5673828125,4469.480254246517,4436.587975319161,4437.071685303387,283469,BAJAJ-AUTO.NS,Bajaj Auto,Auto
2023-08-29,4512.57861328125,4518.818661010921,4455.01712530648,4464.64314291702,320941,BAJAJ-AUTO.NS,Bajaj Auto,Auto
2023-08-30,4522.6884765625,4566.99612338367,4509.725143104288,4536.184174441782,370694,BAJAJ-AUTO.NS,Bajaj Auto,Auto
2023-08-31,4463.482421875,4549.8246610305905,4452.260727233345,4522.6887176737755,479472,BAJAJ-AUTO.NS,Bajaj Auto,Auto
2023-09-01,4516.35205078125,4545.906542588808,4468.51294322573,4471.802076724052,456071,BAJAJ-AUTO.NS,Bajaj Auto,Auto
2023-09-04,4486.0712890625,4536.618981026274,4471.801844919616,4530.4275878727785,328037,BAJAJ-AUTO.NS,Bajaj Auto,Auto
2023-09-05,4548.421875,4580.73360787556,4484.330301288964,4487.861289743341,353620,BAJAJ-AUTO.NS,Bajaj Auto,Auto
2023-09-06,4531.20166015625,4556.54825340253,4514.659155860811,4548.325183306156,224928,BAJAJ-AUTO.NS,Bajaj Auto,Auto
2023-09-07,4563.51416015625,4571.059847781132,4503.340442628819,4526.5585243953265,319934,BAJAJ-AUTO.NS,Bajaj Auto,Auto
2023-09-08,4604.4833984375,4628.717551421257,4549.485952604064,4563.513541770499,209769,BAJAJ-AUTO.NS,Bajaj Auto,Auto
2023-09-11,4649.8076171875,4653.290423829637,4607.821681642528,4623.300402387076,151600,BAJAJ-AUTO.NS,Bajaj Auto,Auto
2023-09-12,4663.54443359375,4691.841465481738,4607.434079764577,4686.133782584059,305478,BAJAJ-AUTO.NS,Bajaj Auto,Auto
2023-09-13,4651.6455078125,4685.215171561056,4643.857965576287,4662.964511031239,207142,BAJAJ-AUTO.NS,Bajaj Auto,Auto
2023-09-14,4686.666015625,4699.726185139075,4631.571259725671,4658.078944637847,249498,BAJAJ-AUTO.NS,Bajaj Auto,Auto
2023-09-15,4963.34814453125,4981.245413934588,4733.585902191094,4735.423905655209,1689829,BAJAJ-AUTO.NS,Bajaj Auto,Auto
2023-09-18,5007.99462890625,5103.04364353389,4928.279315693149,4957.060060580398,804973,BAJAJ-AUTO.NS,Bajaj Auto,Auto
2023-09-20,5014.08984375,5091.870319847356,4997.788721736361,5007.3660855784465,622924,BAJAJ-AUTO.NS,Bajaj Auto,Auto
2023-09-21,4919.5244140625,5016.6046339753775,4907.818537490062,4999.626601782708,640829,BAJAJ-AUTO.NS,Bajaj Auto,Auto
2023-09-22,4838.115234375,4918.507924740114,4833.423625629979,4886.438048651894,498375,BAJAJ-AUTO.NS,Bajaj Auto,Auto
2023-09-25,4842.373046875,4895.290642029206,4830.183459345839,4837.100418469633,539731,BAJAJ-AUTO.NS,Bajaj Auto,Auto
2023-09-26,4904.04541015625,4936.695833539769,4837.2447790396345,4847.741379994571,450923,BAJAJ-AUTO.NS,Bajaj Auto,Auto
2023-09-27,4868.9765625,4902.448915807893,4854.513444893719,4900.175856760227,257406,BAJAJ-AUTO.NS,Bajaj Auto,Auto
2023-09-28,4843.4853515625,4961.75245352371,4817.896902107143,4883.342774484683,580065,BAJAJ-AUTO.NS,Bajaj Auto,Auto
2023-09-29,4898.72509765625,4916.9124056526725,4841.840515274734,4865.155432961592,248079,BAJAJ-AUTO.NS,Bajaj Auto,Auto
2023-10-03,4853.01416015625,4907.721571217353,4834.294489020287,4899.982211357361,464531,BAJAJ-AUTO.NS,Bajaj Auto,Auto
2023-10-04,4758.35205078125,4855.6745961167635,4743.308386533498,4847.983418257565,256544,BAJAJ-AUTO.NS,Bajaj Auto,Auto
2023-10-05,4847.78955078125,4875.119164364708,4764.640089514863,4774.217452543841,657876,BAJAJ-AUTO.NS,Bajaj Auto,Auto
2023-10-06,4851.22412109375,4953.190088200461,4834.681145660508,4953.190088200461,279352,BAJAJ-AUTO.NS,Bajaj Auto,Auto
2023-10-09,4844.162109375,4903.562076896021,4795.54925304708,4795.54925304708,244083,BAJAJ-AUTO.NS,Bajaj Auto,Auto
2023-10-10,4873.3779296875,4899.014558002481,4839.228194881278,4844.161658658579,307502,BAJAJ-AUTO.NS,Bajaj Auto,Auto
2023-10-11,4899.4013671875,4929.00451132778,4885.470614760607,4890.307714379182,575680,BAJAJ-AUTO.NS,Bajaj Auto,Auto
2023-10-12,4940.2265625,4983.179911643527,4886.534757977341,4919.330198157122,472168,BAJAJ-AUTO.NS,Bajaj Auto,Auto
2023-10-13,4887.79248046875,4956.527951615177,4875.796567515341,4924.119383160461,387366,BAJAJ-AUTO.NS,Bajaj Auto,Auto
2023-10-16,4911.30126953125,4933.261419957998,4868.057406876275,4870.959666856527,158560,BAJAJ-AUTO.NS,Bajaj Auto,Auto
2023-10-17,4973.748046875,4982.2129718271335,4904.81937226477,4917.395832193654,318565,BAJAJ-AUTO.NS,Bajaj Auto,Auto
2023-10-18,4969.97509765625,5029.374589582288,4958.656095011799,4982.212865852134,360985,BAJAJ-AUTO.NS,Bajaj Auto,Auto
2023-10-19,5303.97705078125,5315.972964452082,5074.117961519776,5127.326062164883,2838352,BAJAJ-AUTO.NS,Bajaj Auto,Auto
2023-10-20,5310.45849609375,5330.484279341041,5259.765781813829,5272.439078477073,763919,BAJAJ-AUTO.NS,Bajaj Auto,Auto
2023-10-23,5229.2919921875,5314.424952491319,5219.279100677158,5275.389460877402,451167,BAJAJ-AUTO.NS,Bajaj Auto,Auto
2023-10-25,5173.08447265625,5247.237589191372,5158.5731735101235,5209.556393459388,620266,BAJAJ-AUTO.NS,Bajaj Auto,Auto
2023-10-26,5088.00048828125,5173.23028503739,5065.411136732024,5160.07327851932,746266,BAJAJ-AUTO.NS,Bajaj Auto,Auto
2023-10-27,5198.4794921875,5246.995982527244,5093.466241346003,5093.466241346003,843465,BAJAJ-AUTO.NS,Bajaj Auto,Auto
2023-10-30,5135.935546875,5221.890901711243,5103.140105882415,5212.458557439706,360967,BAJAJ-AUTO.NS,Bajaj Auto,Auto
2023-10-31,5140.91796875,5191.320644309868,5120.167093550429,5166.0227062436015,400987,BAJAJ-AUTO.NS,Bajaj Auto,Auto
2023-11-01,5170.23095703125,5271.955071337476,5132.162887135573,5132.162887135573,619765,BAJAJ-AUTO.NS,Bajaj Auto,Auto
2023-11-02,5145.12646484375,5217.151073231383,5112.814731121678,5208.492475229459,304362,BAJAJ-AUTO.NS,Bajaj Auto,Auto
2023-11-03,5194.02978515625,5201.8655092385125,5143.385253806378,5182.468927235505,448715,BAJAJ-AUTO.NS,Bajaj Auto,Auto
2023-11-06,5230.69482421875,5250.6719523727,5201.9140797538785,5204.719503227107,394137,BAJAJ-AUTO.NS,Bajaj Auto,Auto
2023-11-07,5242.44921875,5267.602139895506,5229.195375197179,5230.69515968931,202689,BAJAJ-AUTO.NS,Bajaj Auto,Auto
2023-11-08,5221.74609375,5258.169360931078,5205.928682859181,5256.96008597571,202145,BAJAJ-AUTO.NS,Bajaj Auto,Auto
2023-11-09,5242.35205078125,5277.276006638009,5206.799366410224,5245.157474257009,232773,BAJAJ-AUTO.NS,Bajaj Auto,Auto
2023-11-10,5216.376953125,5250.236653975808,5174.777892079722,5233.694149458574,149325,BAJAJ-AUTO.NS,Bajaj Auto,Auto
2023-11-13,5248.44677734375,5262.570730380709,5219.762398607419,5257.9273036799295,93497,BAJAJ-AUTO.NS,Bajaj Auto,Auto
2023-11-15,5356.314453125,5374.018050011103,5283.177407330709,5344.99545028107,640468,BAJAJ-AUTO.NS,Bajaj Auto,Auto
2023-11-16,5370.0517578125,5401.396072355182,5317.8597305424155,5340.158573316914,324712,BAJAJ-AUTO.NS,Bajaj Auto,Auto
2023-11-17,5448.025390625,5490.059975955749,5300.8325412687245,5375.855768646068,531539,BAJAJ-AUTO.NS,Bajaj Auto,Auto
2023-11-20,5466.06787109375,5491.027589844361,5423.35637372038,5427.274235665489,679425,BAJAJ-AUTO.NS,Bajaj Auto,Auto
2023-11-21,5500.70166015625,5521.4043526361265,5456.248524451976,5456.732234427547,746193,BAJAJ-AUTO.NS,Bajaj Auto,Auto
2023-11-22,5564.1640625,5577.079213395369,5476.854411415807,5494.945353553653,497403,BAJAJ-AUTO.NS,Bajaj Auto,Auto
2023-11-23,5732.205078125,5751.311622202122,5594.686426241988,5611.03572897768,1118718,BAJAJ-AUTO.NS,Bajaj Auto,Auto
2023-11-24,5737.0908203125,5765.823384179533,5707.778182325376,5746.47498356148,297211,BAJAJ-AUTO.NS,Bajaj Auto,Auto
2023-11-28,5802.73046875,5842.878400758006,5719.387326056187,5775.304015903652,380535,BAJAJ-AUTO.NS,Bajaj Auto,Auto
2023-11-29,5872.19091796875,5897.778892237762,5778.689401846831,5814.193902982305,406974,BAJAJ-AUTO.NS,Bajaj Auto,Auto
2023-11-30,5892.11962890625,5929.22027998326,5834.509957472858,5896.424836809331,501833,BAJAJ-AUTO.NS,Bajaj Auto,Auto
2023-12-01,5849.06982421875,5891.588124509885,5807.712616940787,5852.8913223784575,439023,BAJAJ-AUTO.NS,Bajaj Auto,Auto
2023-12-04,5999.64892578125,6015.127646098149,5889.121188518394,5892.119812681347,359158,BAJAJ-AUTO.NS,Bajaj Auto,Auto
2023-12-05,5940.0556640625,5992.247689881072,5912.000483932201,5992.247689881072,565826,BAJAJ-AUTO.NS,Bajaj Auto,Auto
2023-12-06,5872.19091796875,5897.392018732135,5792.765645551575,5890.668261126399,699201,BAJAJ-AUTO.NS,Bajaj Auto,Auto
2023-12-07,5895.07080078125,5953.938404196187,5865.564489808697,5872.191411501734,427407,BAJAJ-AUTO.NS,Bajaj Auto,Auto
2023-12-08,5877.75390625,5920.6104234706745,5851.0043652455215,5915.773323451499,233266,BAJAJ-AUTO.NS,Bajaj Auto,Auto
2023-12-11,5938.41064453125,5944.79571080265,5822.223411754382,5886.75051264998,175955,BAJAJ-AUTO.NS,Bajaj Auto,Auto
2023-12-12,6050.4384765625,6094.697942466742,5949.584939502015,5963.177001830489,810900,BAJAJ-AUTO.NS,Bajaj Auto,Auto
2023-12-13,6110.3212890625,6122.800912041733,6021.560507947027,6055.952098492695,373989,BAJAJ-AUTO.NS,Bajaj Auto,Auto
2023-12-14,6128.46044921875,6152.7909668220655,6079.460722550347,6118.931268105277,419212,BAJAJ-AUTO.NS,Bajaj Auto,Auto
2023-12-15,6070.75390625,6193.51940438208,6052.324272635819,6161.449527265577,553522,BAJAJ-AUTO.NS,Bajaj Auto,Auto
2023-12-18,6255.04736328125,6275.411364291317,6058.128748921066,6070.753862699681,851061,BAJAJ-AUTO.NS,Bajaj Auto,Auto
2023-12-19,6209.86865234375,6259.448924727707,6187.52115704828,6259.207069740468,377109,BAJAJ-AUTO.NS,Bajaj Auto,Auto
2023-12-20,6157.0966796875,6255.3379960740795,6143.117271121312,6224.380554707798,385863,BAJAJ-AUTO.NS,Bajaj Auto,Auto
2023-12-21,6042.84423828125,6138.280130388645,6028.961666285585,6126.86476290941,397717,BAJAJ-AUTO.NS,Bajaj Auto,Auto
2023-12-22,6164.49658203125,6186.650403779722,6060.160248925274,6083.136472082391,237213,BAJAJ-AUTO.NS,Bajaj Auto,Auto
2023-12-26,6253.9345703125,6264.0442979356,6162.5133832615475,6171.994382379539,302139,BAJAJ-AUTO.NS,Bajaj Auto,Auto
2023-12-27,6491.04931640625,6520.6524620046785,6254.56378782947,6259.207214742817,1017894,BAJAJ-AUTO.NS,Bajaj Auto,Auto
2023-12-28,6484.90625,6519.104641226485,6448.821673211028,6491.049461430038,406228,BAJAJ-AUTO.NS,Bajaj Auto,Auto
2023-12-29,6575.79541015625,6611.299912107447,6448.8215387254495,6510.688234935613,345626,BAJAJ-AUTO.NS,Bajaj Auto,Auto
2024-01-01,6482.77783203125,6574.102179577411,6464.348198814055,6549.432971192565,253274,BAJAJ-AUTO.NS,Bajaj Auto,Auto
2024-01-02,6447.90234375,6517.314727261177,6347.19430180852,6492.355480745746,361379,BAJAJ-AUTO.NS,Bajaj Auto,Auto
2024-01-03,6758.87939453125,6829.839741433946,6388.841268372486,6427.586247926963,1256275,BAJAJ-AUTO.NS,Bajaj Auto,Auto
2024-01-04,6696.62646484375,6799.947207450818,6662.621745270698,6796.125709383861,619987,BAJAJ-AUTO.NS,Bajaj Auto,Auto
2024-01-05,6751.14013671875,6853.20294168025,6695.029779488731,6723.568668079861,659306,BAJAJ-AUTO.NS,Bajaj Auto,Auto
2024-01-08,6756.31591796875,6820.165634722492,6734.693987593447,6790.272452716936,312733,BAJAJ-AUTO.NS,Bajaj Auto,Auto
2024-01-09,6862.7802734375,7157.940193995075,6845.366714376558,7101.829837020928,2125908,BAJAJ-AUTO.NS,Bajaj Auto,Auto
2024-01-10,6823.93896484375,6907.330759501926,6791.288539174641,6892.867641256313,721432,BAJAJ-AUTO.NS,Bajaj Auto,Auto
2024-01-11,7061.05322265625,7086.254323497778,6844.496171572938,6859.007470876626,1031594,BAJAJ-AUTO.NS,Bajaj Auto,Auto
2024-01-12,7064.052734375,7121.130514992523,7015.729915902978,7120.211277033359,434753,BAJAJ-AUTO.NS,Bajaj Auto,Auto
2024-01-15,7064.052734375,7064.052734375,7064.052734375,7064.052734375,0,BAJAJ-AUTO.NS,Bajaj Auto,Auto
2024-01-16,7056.31298828125,7116.486226216705,7007.99017245269,7099.8950684194215,272181,BAJAJ-AUTO.NS,Bajaj Auto,Auto
2024-01-17,6932.48388671875,6975.098550913452,6850.301364634973,6880.291386143755,619338,BAJAJ-AUTO.NS,Bajaj Auto,Auto
2024-01-18,6852.81640625,6955.0242347720405,6840.771838301176,6915.118159773348,557084,BAJAJ-AUTO.NS,Bajaj Auto,Auto
2024-01-19,6904.041015625,6946.07560359598,6873.519103558418,6906.217710626127,327976,BAJAJ-AUTO.NS,Bajaj Auto,Auto
2024-01-23,6864.71533203125,6975.098046069876,6710.556863958691,6844.496348952063,953921,BAJAJ-AUTO.NS,Bajaj Auto,Auto
2024-01-24,6977.85546875,7001.218567366714,6799.221459526356,6844.593363229098,467134,BAJAJ-AUTO.NS,Bajaj Auto,Auto
2024-01-25,7349.97314453125,7376.722211944935,6975.097910111262,7120.21090408029,2065788,BAJAJ-AUTO.NS,Bajaj Auto,Auto
2024-01-29,7302.85986328125,7391.08875570167,7236.301556629384,7346.5874359683885,457853,BAJAJ-AUTO.NS,Bajaj Auto,Auto
2024-01-30,7319.88671875,7410.4373267737,7297.877913373486,7328.109788890676,266287,BAJAJ-AUTO.NS,Bajaj Auto,Auto
2024-01-31,7417.7412109375,7435.5902993171685,7270.258311804621,7319.886770052245,336874,BAJAJ-AUTO.NS,Bajaj Auto,Auto
2024-02-01,7406.32568359375,7512.016318859089,7387.557830021242,7429.785618652647,394564,BAJAJ-AUTO.NS,Bajaj Auto,Auto
2024-02-02,7486.08935546875,7543.457170393127,7415.854571597473,7424.948224785797,197720,BAJAJ-AUTO.NS,Bajaj Auto,Auto
2024-02-05,7408.744140625,7582.6378838793125,7384.8004958653655,7545.875924248359,252401,BAJAJ-AUTO.NS,Bajaj Auto,Auto
2024-02-06,7468.869140625,7495.279989578876,7420.691814431481,7424.948367881132,131992,BAJAJ-AUTO.NS,Bajaj Auto,Auto
2024-02-07,7450.97216796875,7524.3992531146805,7415.855010142931,7492.668065363589,159783,BAJAJ-AUTO.NS,Bajaj Auto,Auto
2024-02-08,7504.5185546875,7529.86514682506,7418.32134097313,7477.188940562659,282537,BAJAJ-AUTO.NS,Bajaj Auto,Auto
2024-02-09,7531.2197265625,7536.685555120613,7419.144024416915,7525.36655210363,173555,BAJAJ-AUTO.NS,Bajaj Auto,Auto
2024-02-12,7574.8505859375,7617.658921886865,7513.032068668106,7521.690666809348,219911,BAJAJ-AUTO.NS,Bajaj Auto,Auto
2024-02-13,7659.451171875,7676.622877230004,7557.4370141898125,7574.898756601594,258767,BAJAJ-AUTO.NS,Bajaj Auto,Auto
2024-02-14,7819.94580078125,7871.751424567311,7623.269506151704,7641.65048592542,513900,BAJAJ-AUTO.NS,Bajaj Auto,Auto
2024-02-15,7858.400390625,7891.09946817043,7783.1834899458345,7856.030495184967,394525,BAJAJ-AUTO.NS,Bajaj Auto,Auto
2024-02-16,8053.81982421875,8179.971772344052,7871.993515432936,7919.155241265446,938756,BAJAJ-AUTO.NS,Bajaj Auto,Auto
2024-02-19,8232.4541015625,8368.182937601196,8088.694923786809,8126.327939404629,1044959,BAJAJ-AUTO.NS,Bajaj Auto,Auto
2024-02-20,8024.9423828125,8227.906905054399,7970.283154107553,8227.906905054399,547082,BAJAJ-AUTO.NS,Bajaj Auto,Auto
2024-02-21,7964.04296875,8103.9315171209755,7937.680774829937,8029.585671065019,439817,BAJAJ-AUTO.NS,Bajaj Auto,Auto
2024-02-22,8221.5703125,8271.440622273385,7952.192036852307,7990.888835085165,548486,BAJAJ-AUTO.NS,Bajaj Auto,Auto
2024-02-23,8162.07421875,8253.059879249076,8127.3434634438745,8220.651309801784,340749,BAJAJ-AUTO.NS,Bajaj Auto,Auto
2024-02-26,8172.7646484375,8269.458472165534,8102.142984216864,8183.212596112693,345968,BAJAJ-AUTO.NS,Bajaj Auto,Auto
2024-02-27,8187.75927734375,8213.395907679853,8110.365676329099,8184.373307299359,392445,BAJAJ-AUTO.NS,Bajaj Auto,Auto
2024-02-28,7921.86328125,8210.154898801524,7808.868820008442,8194.04697873122,537728,BAJAJ-AUTO.NS,Bajaj Auto,Auto
2024-02-29,7651.66357421875,7878.184875785798,7632.943902492779,7736.844717413317,1042536,BAJAJ-AUTO.NS,Bajaj Auto,Auto
2024-03-01,7778.10498046875,7830.297478407353,7686.4419354873935,7695.826098434703,399007,BAJAJ-AUTO.NS,Bajaj Auto,Auto
2024-03-04,7939.90576171875,7957.029284203574,7784.489837408274,7805.86991330305,410053,BAJAJ-AUTO.NS,Bajaj Auto,Auto
2024-03-05,8079.64990234375,8114.718876984988,7894.195301291765,7894.195301291765,615117,BAJAJ-AUTO.NS,Bajaj Auto,Auto
2024-03-06,8325.4228515625,8398.31851544966,8091.500884384952,8097.015367337159,959543,BAJAJ-AUTO.NS,Bajaj Auto,Auto
2024-03-07,8589.7705078125,8680.514316403132,8223.118321590697,8356.574101804557,1243547,BAJAJ-AUTO.NS,Bajaj Auto,Auto
2024-03-11,8377.2763671875,8730.964709256312,8348.833843865037,8729.465397341319,631957,BAJAJ-AUTO.NS,Bajaj Auto,Auto
2024-03-12,8249.8681640625,8416.506267972494,8199.126793400184,8355.558804713686,324864,BAJAJ-AUTO.NS,Bajaj Auto,Auto
2024-03-13,8111.720703125,8336.452190349624,8026.635921323899,8249.868096429867,430048,BAJAJ-AUTO.NS,Bajaj Auto,Auto
2024-03-14,8110.4140625,8126.328311058382,7934.827325778917,8059.092618484744,392634,BAJAJ-AUTO.NS,Bajaj Auto,Auto
2024-03-15,8078.63427734375,8157.3816974666925,7845.776097438498,8111.622921014078,676870,BAJAJ-AUTO.NS,Bajaj Auto,Auto
2024-03-18,8244.1591796875,8268.68384238283,8023.974775931608,8071.184680764166,367524,BAJAJ-AUTO.NS,Bajaj Auto,Auto
2024-03-19,8358.7021484375,8404.848269595177,8167.491214962486,8223.06968075397,673456,BAJAJ-AUTO.NS,Bajaj Auto,Auto
2024-03-20,8354.251953125,8497.817462099907,8283.050217497654,8358.508979114662,790885,BAJAJ-AUTO.NS,Bajaj Auto,Auto
2024-03-21,8465.5048828125,8484.273208286842,8305.300512330963,8327.744844773024,720691,BAJAJ-AUTO.NS,Bajaj Auto,Auto
2024-03-22,8653.8134765625,8755.150718301962,8399.140169756645,8416.601911245592,851210,BAJAJ-AUTO.NS,Bajaj Auto,Auto
2024-03-26,8668.6142578125,8726.127560226832,8562.681778007085,8653.812922186149,534067,BAJAJ-AUTO.NS,Bajaj Auto,Auto
2024-03-27,8863.9853515625,8985.202883164535,8635.867914765633,8667.115390411835,1034030,BAJAJ-AUTO.NS,Bajaj Auto,Auto
2024-03-28,8850.103515625,8942.44299741672,8687.479649263041,8863.985614514375,847202,BAJAJ-AUTO.NS,Bajaj Auto,Auto
2024-04-01,8747.5576171875,8911.486189503645,8719.453308828266,8895.233721549366,419820,BAJAJ-AUTO.NS,Bajaj Auto,Auto
2024-04-02,8973.8837890625,9053.067678542024,8841.73460225087,8851.892511690514,803845,BAJAJ-AUTO.NS,Bajaj Auto,Auto
2024-04-03,8784.609375,8947.619649584361,8769.856219585095,8947.619649584361,453210,BAJAJ-AUTO.NS,Bajaj Auto,Auto
2024-04-04,8848.1689453125,8882.608719937243,8695.219274141358,8841.251514308979,617929,BAJAJ-AUTO.NS,Bajaj Auto,Auto
2024-04-05,8715.9697265625,8832.543826351699,8707.262947325133,8832.543826351699,356305,BAJAJ-AUTO.NS,Bajaj Auto,Auto
2024-04-08,8736.2861328125,8793.84762164505,8659.666281417269,8754.183402449511,376197,BAJAJ-AUTO.NS,Bajaj Auto,Auto
2024-04-09,8686.3681640625,8835.157177076992,8645.252812414528,8793.84815247204,237944,BAJAJ-AUTO.NS,Bajaj Auto,Auto
2024-04-10,8712.1494140625,8754.957751136113,8611.344056230326,8740.446450433194,319824,BAJAJ-AUTO.NS,Bajaj Auto,Auto
2024-04-12,8769.5166015625,8821.902771221168,8639.06039554831,8657.489557162948,480474,BAJAJ-AUTO.NS,Bajaj Auto,Auto
2024-04-15,8703.92578125,8878.690579321321,8653.571760013781,8763.954002329723,386707,BAJAJ-AUTO.NS,Bajaj Auto,Auto
2024-04-16,8628.564453125,8735.270689955983,8497.913626597245,8656.474142169074,487529,BAJAJ-AUTO.NS,Bajaj Auto,Auto
2024-04-18,8727.3857421875,8831.577063765431,8658.40888604454,8675.726081715062,819240,BAJAJ-AUTO.NS,Bajaj Auto,Auto
2024-04-19,8517.6494140625,8793.847824842765,8416.602205827821,8779.384706852688,1385007,BAJAJ-AUTO.NS,Bajaj Auto,Auto
2024-04-22,8509.1845703125,8594.559386369127,8460.088004704865,8594.559386369127,323734,BAJAJ-AUTO.NS,Bajaj Auto,Auto
2024-04-23,8509.232421875,8572.792103142268,8475.566395715106,8556.829673564675,295346,BAJAJ-AUTO.NS,Bajaj Auto,Auto
2024-04-24,8413.748046875,8580.04792164234,8397.205542885953,8532.547977863851,319824,BAJAJ-AUTO.NS,Bajaj Auto,Auto
2024-04-25,8450.3173828125,8484.273447102578,8359.863612310322,8413.651786710503,524667,BAJAJ-AUTO.NS,Bajaj Auto,Auto
2024-04-26,8681.9169921875,8701.89459279862,8449.978050523245,8462.312655345848,521344,BAJAJ-AUTO.NS,Bajaj Auto,Auto
2024-04-29,8474.6953125,8696.911868851928,8444.608929291659,8681.916859297107,299443,BAJAJ-AUTO.NS,Bajaj Auto,Auto
2024-04-30,8613.5693359375,8673.887594163998,8508.45877656395,8512.715802400628,360403,BAJAJ-AUTO.NS,Bajaj Auto,Auto
2024-05-02,8813.8251953125,8848.458641555442,8538.545084936643,8652.604278174604,638239,BAJAJ-AUTO.NS,Bajaj Auto,Auto
2024-05-03,8808.939453125,8956.954717813389,8769.033376860974,8871.241680996862,396042,BAJAJ-AUTO.NS,Bajaj Auto,Auto
2024-05-06,8757.6181640625,8886.478703368386,8523.502512513618,8822.870835230622,458431,BAJAJ-AUTO.NS,Bajaj Auto,Auto
2024-05-07,8395.1748046875,8779.28874544207,8360.975939174587,8760.134017458582,588285,BAJAJ-AUTO.NS,Bajaj Auto,Auto
2024-05-08,8464.345703125,8499.123699521566,8312.847150366204,8369.15118848546,451581,BAJAJ-AUTO.NS,Bajaj Auto,Auto
2024-05-09,8558.619140625,8713.987357503436,8500.090231366827,8513.295892097889,645689,BAJAJ-AUTO.NS,Bajaj Auto,Auto
2024-05-10,8689.1728515625,8753.168063083362,8616.326313803207,8658.409084212508,482797,BAJAJ-AUTO.NS,Bajaj Auto,Auto
2024-05-13,8699.330078125,8730.964898896245,8581.498519186609,8728.933694934525,435605,BAJAJ-AUTO.NS,Bajaj Auto,Auto
2024-05-14,8769.904296875,8792.880522246698,8593.350144018797,8660.585835106502,408162,BAJAJ-AUTO.NS,Bajaj Auto,Auto
2024-05-15,8613.0849609375,8827.706690354737,8588.124771429884,8773.531175323518,274392,BAJAJ-AUTO.NS,Bajaj Auto,Auto
2024-05-16,8582.8046875,8663.777929868049,8426.228139522238,8658.408937855802,680474,BAJAJ-AUTO.NS,Bajaj Auto,Auto
2024-05-17,8494.625,8666.486596497312,8479.920027021264,8601.331237264967,323961,BAJAJ-AUTO.NS,Bajaj Auto,Auto
2024-05-21,8533.3212890625,8571.340703912814,8489.110008672116,8489.110008672116,417798,BAJAJ-AUTO.NS,Bajaj Auto,Auto
2024-05-22,8518.6650390625,8561.667047249033,8451.381166640402,8561.667047249033,302838,BAJAJ-AUTO.NS,Bajaj Auto,Auto
2024-05-23,8671.4208984375,8692.268610273079,8466.086005557092,8561.666911621229,731514,BAJAJ-AUTO.NS,Bajaj Auto,Auto
2024-05-24,8656.6669921875,8729.997232116226,8581.110930678078,8687.430756250411,455920,BAJAJ-AUTO.NS,Bajaj Auto,Auto
2024-05-27,8705.5224609375,8773.967425292703,8592.334322003806,8708.714757958209,301747,BAJAJ-AUTO.NS,Bajaj Auto,Auto
2024-05-28,8696.86328125,8728.304428850392,8625.709734629701,8705.52187853839,259094,BAJAJ-AUTO.NS,Bajaj Auto,Auto
2024-05-29,8774.6923828125,8841.68621254338,8612.697727604293,8658.408319009117,339934,BAJAJ-AUTO.NS,Bajaj Auto,Auto
2024-05-30,8676.306640625,8831.481193152014,8636.738783036346,8772.564934736856,305109,BAJAJ-AUTO.NS,Bajaj Auto,Auto
2024-05-31,8788.7685546875,8828.190918385291,8632.288374856387,8697.105512715334,560005,BAJAJ-AUTO.NS,Bajaj Auto,Auto
2024-06-03,9031.3017578125,9136.315016024373,8825.337649830222,8880.916121040209,438422,BAJAJ-AUTO.NS,Bajaj Auto,Auto
2024-06-04,8945.4912109375,9067.482499483931,8521.035670472058,8926.384665241334,738601,BAJAJ-AUTO.NS,Bajaj Auto,Auto
2024-06-05,9289.408203125,9363.657684193484,8877.045449959645,8939.927746630021,489543,BAJAJ-AUTO.NS,Bajaj Auto,Auto
2024-06-06,9385.376953125,9422.670805196349,9145.988685043765,9282.684942169932,570095,BAJAJ-AUTO.NS,Bajaj Auto,Auto
2024-06-07,9408.69140625,9422.767178322025,9301.743314037818,9329.411148181134,246783,BAJAJ-AUTO.NS,Bajaj Auto,Auto
2024-06-10,9415.9462890625,9600.675312239036,9366.075980999822,9460.399423456825,201452,BAJAJ-AUTO.NS,Bajaj Auto,Auto
2024-06-11,9493.0029296875,9577.458511246536,9384.070865025029,9422.671302983967,457442,BAJAJ-AUTO.NS,Bajaj Auto,Auto
2024-06-12,9581.5693359375,9620.024280138578,9476.556086068429,9532.95648194746,277175,BAJAJ-AUTO.NS,Bajaj Auto,Auto
2024-06-13,9600.095703125,9616.15449672009,9505.143055221235,9581.327377818488,277783,BAJAJ-AUTO.NS,Bajaj Auto,Auto
2024-06-14,9715.5205078125,9747.94865114924,9570.495808630698,9583.125907573029,320933,BAJAJ-AUTO.NS,Bajaj Auto,Auto
2024-06-18,9673.046875,9790.665561013457,9663.098803228006,9676.752757935838,206100,BAJAJ-AUTO.NS,Bajaj Auto,Auto
2024-06-19,9446.390625,9702.109875533599,9430.9813526749,9693.819974654825,279789,BAJAJ-AUTO.NS,Bajaj Auto,Auto
2024-06-20,9393.9208984375,9495.253129630191,9328.576971922206,9452.437847555675,324597,BAJAJ-AUTO.NS,Bajaj Auto,Auto
2024-06-21,9364.90625,9488.474731445312,9334.52581959525,9435.858050847457,334018,BAJAJ-AUTO.NS,Bajaj Auto,Auto
2024-06-24,9504.3720703125,9517.733631451101,9275.473070161142,9343.206632317668,283754,BAJAJ-AUTO.NS,Bajaj Auto,Auto
2024-06-25,9421.1806640625,9582.150855118321,9406.599999757374,9513.881078033508,282048,BAJAJ-AUTO.NS,Bajaj Auto,Auto
2024-06-26,9240.4609375,9421.521566440117,9208.129940892855,9421.13202488552,431217,BAJAJ-AUTO.NS,Bajaj Auto,Auto
2024-06-27,9184.673828125,9328.235594138327,9134.154388091001,9328.235594138327,637626,BAJAJ-AUTO.NS,Bajaj Auto,Auto
2024-06-28,9266.79296875,9288.297756512138,9150.343862034659,9231.048485614649,237516,BAJAJ-AUTO.NS,Bajaj Auto,Auto
2024-07-01,9296.783203125,9454.339899145025,9270.060081887657,9270.060081887657,289355,BAJAJ-AUTO.NS,Bajaj Auto,Auto
2024-07-02,9168.8740234375,9296.782696195403,9149.22170133526,9284.688812990295,287884,BAJAJ-AUTO.NS,Bajaj Auto,Auto
2024-07-03,9189.501953125,9318.775454416036,9152.635513711944,9239.826147754198,318120,BAJAJ-AUTO.NS,Bajaj Auto,Auto
2024-07-04,9227.0009765625,9264.208384574174,9187.502035666063,9245.58086996064,234656,BAJAJ-AUTO.NS,Bajaj Auto,Auto
2024-07-05,9397.626953125,9421.228980185484,9258.649196429717,9286.639994754263,608628,BAJAJ-AUTO.NS,Bajaj Auto,Auto
2024-07-08,9293.857421875,9427.227303540561,9235.925260496248,9401.723285235885,316215,BAJAJ-AUTO.NS,Bajaj Auto,Auto
2024-07-09,9298.4404296875,9328.57703967195,9246.848557294867,9328.57703967195,262913,BAJAJ-AUTO.NS,Bajaj Auto,Auto
2024-07-10,9306.5849609375,9411.476406464575,9218.321892047858,9313.948153547844,239607,BAJAJ-AUTO.NS,Bajaj Auto,Auto
2024-07-11,9232.8037109375,9332.96540907817,9151.075232079049,9306.584209279772,294900,BAJAJ-AUTO.NS,Bajaj Auto,Auto
2024-07-12,9197.6455078125,9318.190044772482,9179.358960796464,9265.135247817883,171581,BAJAJ-AUTO.NS,Bajaj Auto,Auto
2024-07-15,9434.248046875,9497.788079059028,9171.507527966718,9197.644906976017,504086,BAJAJ-AUTO.NS,Bajaj Auto,Auto
2024-07-16,9478.1357421875,9665.000429587348,9395.530081263827,9474.868926975489,1041123,BAJAJ-AUTO.NS,Bajaj Auto,Auto
2024-07-18,9388.2646484375,9504.128019649335,9061.837403239795,9504.128019649335,1055384,BAJAJ-AUTO.NS,Bajaj Auto,Auto
2024-07-19,9154.0498046875,9435.85786388231,9109.138237587676,9396.846565220265,380782,BAJAJ-AUTO.NS,Bajaj Auto,Auto
2024-07-22,9177.1162109375,9201.790668456015,9034.237320325014,9118.89165342488,247040,BAJAJ-AUTO.NS,Bajaj Auto,Auto
2024-07-23,9150.587890625,9272.985842159605,8528.45481416584,9201.790220948242,431989,BAJAJ-AUTO.NS,Bajaj Auto,Auto
2024-07-24,9031.3115234375,9141.030808653497,9021.363451093046,9128.64452997091,283213,BAJAJ-AUTO.NS,Bajaj Auto,Auto
2024-07-25,9048.9150390625,9079.831685424098,8944.315988817092,9031.116133076684,262328,BAJAJ-AUTO.NS,Bajaj Auto,Auto
2024-07-26,9258.259765625,9270.060303084234,9039.357414695394,9088.65775533319,250956,BAJAJ-AUTO.NS,Bajaj Auto,Auto
2024-07-29,9321.4091796875,9383.241518816443,9273.961305028673,9313.167852066503,302363,BAJAJ-AUTO.NS,Bajaj Auto,Auto
2024-07-30,9327.9423828125,9415.3768360164,9276.8867271792,9314.5817750965,301885,BAJAJ-AUTO.NS,Bajaj Auto,Auto
2024-07-31,9425.3251953125,9440.734468112369,9343.254793114302,9362.711869202349,315292,BAJAJ-AUTO.NS,Bajaj Auto,Auto
2024-08-01,9489.986328125,9600.680891430296,9423.179477143389,9600.680891430296,308658,BAJAJ-AUTO.NS,Bajaj Auto,Auto
2024-08-02,9378.51171875,9489.498676194316,9344.913046312939,9474.674191785698,230615,BAJAJ-AUTO.NS,Bajaj Auto,Auto
2024-08-05,9250.6025390625,9284.68885090651,9137.713596363716,9163.949075031884,310757,BAJAJ-AUTO.NS,Bajaj Auto,Auto
2024-08-06,9194.37890625,9382.21794059827,9167.65578395257,9280.05709555901,246541,BAJAJ-AUTO.NS,Bajaj Auto,Auto
2024-08-07,9468.2373046875,9484.621859419947,9262.745101268993,9333.453079141274,270583,BAJAJ-AUTO.NS,Bajaj Auto,Auto
2024-08-08,9402.9912109375,9536.020128220182,9372.611731760519,9494.375373948196,365016,BAJAJ-AUTO.NS,Bajaj Auto,Auto
2024-08-09,9524.560546875,9533.386663224115,9376.366177006306,9519.732707900826,161640,BAJAJ-AUTO.NS,Bajaj Auto,Auto
2024-08-12,9470.8212890625,9509.93068713557,9377.340846306935,9500.226436180537,307698,BAJAJ-AUTO.NS,Bajaj Auto,Auto
2024-08-13,9432.5419921875,9547.869149599494,9411.476270830814,9460.240396586414,161706,BAJAJ-AUTO.NS,Bajaj Auto,Auto
2024-08-14,9508.6142578125,9543.139640650308,9432.542219798119,9464.141755019988,282934,BAJAJ-AUTO.NS,Bajaj Auto,Auto
2024-08-16,9643.740234375,9679.679014279442,9454.340178441964,9546.065308994173,240190,BAJAJ-AUTO.NS,Bajaj Auto,Auto
2024-08-19,9529.14453125,9698.209375055596,9518.074503197764,9681.580998581021,148301,BAJAJ-AUTO.NS,Bajaj Auto,Auto
2024-08-20,9537.970703125,9632.524534437343,9513.92960790671,9530.656084185277,132844,BAJAJ-AUTO.NS,Bajaj Auto,Auto
2024-08-21,9608.4833984375,9625.063201297167,9494.375343462147,9537.38492167543,134985,BAJAJ-AUTO.NS,Bajaj Auto,Auto
2024-08-22,9669.1455078125,9763.552658990848,9597.851788882936,9655.296306463828,388874,BAJAJ-AUTO.NS,Bajaj Auto,Auto
2024-08-23,10149.228515625,10186.191150020913,9684.554989323122,9723.56628837377,1229549,BAJAJ-AUTO.NS,Bajaj Auto,Auto
2024-08-26,10174.68359375,10257.193067452503,10084.08041793712,10118.653421774095,309223,BAJAJ-AUTO.NS,Bajaj Auto,Auto
2024-08-27,10242.0263671875,10307.224574060916,10094.173920490908,10143.913328215065,262396,BAJAJ-AUTO.NS,Bajaj Auto,Auto
2024-08-28,10393.341796875,10450.15200258199,10202.722641490029,10240.466264779365,338792,BAJAJ-AUTO.NS,Bajaj Auto,Auto
2024-08-29,10540.7060546875,10581.814590957563,10294.49676192763,10320.487467786343,693506,BAJAJ-AUTO.NS,Bajaj Auto,Auto
2024-08-30,10622.337890625,10651.401118553225,10440.399131278935,10567.18585589979,498560,BAJAJ-AUTO.NS,Bajaj Auto,Auto
2024-09-02,10851.08984375,10878.397752747056,10642.428922477988,10655.936203637175,787108,BAJAJ-AUTO.NS,Bajaj Auto,Auto
2024-09-03,10770.6787109375,10843.873470370836,10742.736486994347,10831.4386187858,217394,BAJAJ-AUTO.NS,Bajaj Auto,Auto
2024-09-04,10692.705078125,10757.21944490452,10639.259786898156,10739.811033017426,324246,BAJAJ-AUTO.NS,Bajaj Auto,Auto
2024-09-05,10587.4228515625,10743.565196662848,10557.969129988844,10692.997180713563,297298,BAJAJ-AUTO.NS,Bajaj Auto,Auto
2024-09-06,10562.40625,10644.18425619726,10529.393319508294,10587.422626213005,216847,BAJAJ-AUTO.NS,Bajaj Auto,Auto
2024-09-09,10579.4736328125,10632.919873563389,10513.544919481934,10562.406189761394,193055,BAJAJ-AUTO.NS,Bajaj Auto,Auto
2024-09-10,10716.16015625,10762.92514202891,10513.593793031583,10526.61438569942,466892,BAJAJ-AUTO.NS,Bajaj Auto,Auto
2024-09-11,11138.45703125,11217.015842045026,10715.037774977254,10794.182326696337,1283385,BAJAJ-AUTO.NS,Bajaj Auto,Auto
2024-09-12,11433.724609375,11488.096609799162,11160.498830758113,11196.974777931679,1409151,BAJAJ-AUTO.NS,Bajaj Auto,Auto
2024-09-13,11447.037109375,11599.961211330296,11399.492088606776,11433.72412259018,417878,BAJAJ-AUTO.NS,Bajaj Auto,Auto
2024-09-16,11399.4423828125,11461.324245506177,11352.336430386622,11443.964408168858,172602,BAJAJ-AUTO.NS,Bajaj Auto,Auto
2024-09-17,11654.91796875,11676.910398073076,11355.311001990325,11391.299306282115,444755,BAJAJ-AUTO.NS,Bajaj Auto,Auto
2024-09-18,11473.857421875,11756.055026802518,11449.816327746936,11547.832217094345,446416,BAJAJ-AUTO.NS,Bajaj Auto,Auto
2024-09-19,11574.65234375,11742.644749059315,11519.256489987722,11519.256489987722,500633,BAJAJ-AUTO.NS,Bajaj Auto,Auto
2024-09-20,11646.53125,11718.01926694477,11574.896559710134,11630.24384172421,772831,BAJAJ-AUTO.NS,Bajaj Auto,Auto
2024-09-23,12033.9619140625,12073.997069271792,11703.389727888652,11703.389727888652,735579,BAJAJ-AUTO.NS,Bajaj Auto,Auto
2024-09-24,12136.07421875,12169.08714974332,11928.240950712749,11928.240950712749,503848,BAJAJ-AUTO.NS,Bajaj Auto,Auto
2024-09-25,12090.8212890625,12123.444680024824,12005.727888713978,12083.750490752738,262012,BAJAJ-AUTO.NS,Bajaj Auto,Auto
2024-09-26,12309.6748046875,12363.168669093053,12084.774087680677,12152.02000685516,641805,BAJAJ-AUTO.NS,Bajaj Auto,Auto
2024-09-27,12353.318359375,12458.258373030149,12241.355168969629,12309.6744684878,480852,BAJAJ-AUTO.NS,Bajaj Auto,Auto
2024-09-30,12040.7890625,12338.445469293774,11978.078588801824,12243.30590033947,479000,BAJAJ-AUTO.NS,Bajaj Auto,Auto
2024-10-01,11856.9482421875,12191.031067064474,11812.71861002161,12107.400593944412,670828,BAJAJ-AUTO.NS,Bajaj Auto,Auto
2024-10-03,11514.6240234375,11721.773450680172,11410.805012984081,11442.014052335833,670365,BAJAJ-AUTO.NS,Bajaj Auto,Auto
2024-10-04,11483.3662109375,11652.96725976349,11351.31258450495,11372.96404566392,650553,BAJAJ-AUTO.NS,Bajaj Auto,Auto
2024-10-07,11329.9052734375,11524.913198029668,11240.130710611145,11483.366544876004,341323,BAJAJ-AUTO.NS,Bajaj Auto,Auto
2024-10-08,11595.23046875,11641.80020683565,11276.41119978155,11298.647449681044,359432,BAJAJ-AUTO.NS,Bajaj Auto,Auto
2024-10-09,11525.9853515625,11692.46625929829,11510.283684800872,11648.77379522637,193883,BAJAJ-AUTO.NS,Bajaj Auto,Auto
2024-10-10,11539.5419921875,11733.574626836122,11511.355948305838,11529.301526423642,251378,BAJAJ-AUTO.NS,Bajaj Auto,Auto
2024-10-11,11583.3818359375,11635.75469738257,11416.266605841727,11596.109082250226,200855,BAJAJ-AUTO.NS,Bajaj Auto,Auto
2024-10-14,11605.1787109375,11693.734170301717,11568.410370680498,11633.949544313577,177045,BAJAJ-AUTO.NS,Bajaj Auto,Auto
2024-10-15,11236.716796875,11654.625328529813,11183.563903117269,11654.625328529813,476945,BAJAJ-AUTO.NS,Bajaj Auto,Auto
2024-10-16,11329.80859375,11391.29996687054,11099.837163328355,11252.712700126896,504602,BAJAJ-AUTO.NS,Bajaj Auto,Auto
2024-10-17,9869.322265625,11008.354077507096,9822.06964002356,10944.814996787345,3668914,BAJAJ-AUTO.NS,Bajaj Auto,Auto
2024-10-18,9815.1943359375,9898.239067915994,9597.85206313165,9801.149887211628,1543331,BAJAJ-AUTO.NS,Bajaj Auto,Auto
2024-10-21,10240.9541015625,10562.163018564253,9637.1570743824,9814.267999049896,2110278,BAJAJ-AUTO.NS,Bajaj Auto,Auto
2024-10-22,10112.0703125,10352.575557601782,10064.915782801289,10240.9542807466,1191148,BAJAJ-AUTO.NS,Bajaj Auto,Auto
2024-10-23,10325.072265625,10469.755047156075,10086.81093538895,10111.729213403547,1323887,BAJAJ-AUTO.NS,Bajaj Auto,Auto
2024-10-24,10047.84765625,10331.606281637642,9957.63402769352,10244.367074132493,653421,BAJAJ-AUTO.NS,Bajaj Auto,Auto
2024-10-25,9953.830078125,10111.923938634087,9679.678555620174,10045.409483414387,644769,BAJAJ-AUTO.NS,Bajaj Auto,Auto
2024-10-28,9763.796875,10038.338897256212,9738.195709514297,9953.830288121299,340768,BAJAJ-AUTO.NS,Bajaj Auto,Auto
2024-10-29,9607.361328125,9824.947427457802,9401.72339195838,9824.947427457802,1100706,BAJAJ-AUTO.NS,Bajaj Auto,Auto
2024-10-30,9694.9423828125,9809.147582807376,9528.51004290503,9577.274167996664,604822,BAJAJ-AUTO.NS,Bajaj Auto,Auto
2024-10-31,9593.1708984375,9782.961441111369,9562.644747200038,9694.30788242411,361801,BAJAJ-AUTO.NS,Bajaj Auto,Auto
2024-11-01,9631.8408203125,9704.060294633438,9595.608696634692,9660.172584758211,53757,BAJAJ-AUTO.NS,Bajaj Auto,Auto
2024-11-04,9290.1015625,9651.882778255807,9133.520155445423,9651.882778255807,1125992,BAJAJ-AUTO.NS,Bajaj Auto,Auto
2024-11-05,9630.767578125,9759.94392988644,9265.378577497473,9294.44180419678,1019901,BAJAJ-AUTO.NS,Bajaj Auto,Auto
2024-11-06,9772.818359375,9805.490323352753,9605.362162472822,9639.107508662646,514045,BAJAJ-AUTO.NS,Bajaj Auto,Auto
2024-11-07,9613.0185546875,9830.652271298852,9547.96702199337,9821.679481888574,473407,BAJAJ-AUTO.NS,Bajaj Auto,Auto
2024-11-08,9665.4404296875,9744.09639479338,9535.58117899638,9613.018993356112,273163,BAJAJ-AUTO.NS,Bajaj Auto,Auto
2024-11-11,9674.16796875,9784.912057229054,9557.768384748324,9606.581082799856,359768,BAJAJ-AUTO.NS,Bajaj Auto,Auto
2024-11-12,9439.466796875,9751.849586958477,9423.179388858165,9655.296620750967,316606,BAJAJ-AUTO.NS,Bajaj Auto,Auto
2024-11-13,9218.5166015625,9469.992806076494,9183.356906496492,9439.466655178221,494123,BAJAJ-AUTO.NS,Bajaj Auto,Auto
2024-11-14,9248.5556640625,9281.715270102986,9167.655787664147,9177.408612970174,275791,BAJAJ-AUTO.NS,Bajaj Auto,Auto
2024-11-18,9281.275390625,9365.637322142791,9202.618480442465,9225.2452236581,292519,BAJAJ-AUTO.NS,Bajaj Auto,Auto
2024-11-19,9309.75390625,9458.87402192582,9265.622375232017,9323.700254849282,365397,BAJAJ-AUTO.NS,Bajaj Auto,Auto
2024-11-21,9270.060546875,9317.849391356522,9181.65080361444,9239.339146851164,282212,BAJAJ-AUTO.NS,Bajaj Auto,Auto
2024-11-22,9247.2880859375,9365.541094034967,9210.665464583088,9309.071853940743,619823,BAJAJ-AUTO.NS,Bajaj Auto,Auto
2024-11-25,9188.087890625,9398.163170396683,9159.853271667524,9323.700732233978,1090141,BAJAJ-AUTO.NS,Bajaj Auto,Auto
2024-11-26,8911.5947265625,9249.57866583789,8894.673004765022,9231.048299468117,750430,BAJAJ-AUTO.NS,Bajaj Auto,Auto
2024-11-27,8963.1875,9028.141888542383,8877.996951200721,8948.21729399831,461513,BAJAJ-AUTO.NS,Bajaj Auto,Auto
2024-11-28,8790.708984375,9043.210009495695,8769.984230847738,8938.561433275045,687966,BAJAJ-AUTO.NS,Bajaj Auto,Auto
2024-11-29,8810.361328125,8866.196252460637,8770.715712670659,8835.181506348708,423101,BAJAJ-AUTO.NS,Bajaj Auto,Auto
2024-12-02,8904.669921875,8948.2166651443,8833.084760008418,8854.394301015096,298320,BAJAJ-AUTO.NS,Bajaj Auto,Auto
2024-12-03,8935.3427734375,8997.029389874018,8879.946919438655,8879.946919438655,398985,BAJAJ-AUTO.NS,Bajaj Auto,Auto
2024-12-04,8776.7138671875,9011.610275709621,8729.753633969352,8935.342993930333,456462,BAJAJ-AUTO.NS,Bajaj Auto,Auto
2024-12-05,8672.1630859375,8820.601267266647,8530.308061232525,8820.601267266647,1803653,BAJAJ-AUTO.NS,Bajaj Auto,Auto
2024-12-06,8874.9736328125,8922.81104911484,8709.369901811526,8732.582387329687,746013,BAJAJ-AUTO.NS,Bajaj Auto,Auto
2024-12-09,8853.078125,8944.315610379386,8803.290144957122,8871.169424491429,304202,BAJAJ-AUTO.NS,Bajaj Auto,Auto
2024-12-10,8790.513671875,8870.097296281187,8758.036954721532,8850.785940610824,393944,BAJAJ-AUTO.NS,Bajaj Auto,Auto
2024-12-11,8845.6650390625,8883.262938985692,8790.85492798793,8821.478225085668,254311,BAJAJ-AUTO.NS,Bajaj Auto,Auto
2024-12-12,8741.701171875,8870.194645714793,8722.926983097648,8870.194645714793,599056,BAJAJ-AUTO.NS,Bajaj Auto,Auto
2024-12-13,8798.4140625,8827.282043976595,8683.671693631268,8742.579138511748,243931,BAJAJ-AUTO.NS,Bajaj Auto,Auto
2024-12-16,8775.9326171875,8854.345708604335,8748.28374018239,8839.96029219768,228470,BAJAJ-AUTO.NS,Bajaj Auto,Auto
2024-12-17,8675.1376953125,8767.789531293914,8632.615759979171,8767.594284312252,456493,BAJAJ-AUTO.NS,Bajaj Auto,Auto
2024-12-18,8735.361328125,8783.637810748964,8582.48579981578,8606.867861747076,303382,BAJAJ-AUTO.NS,Bajaj Auto,Auto
2024-12-19,8760.6220703125,8780.468688989647,8545.961812259351,8604.91783216213,516640,BAJAJ-AUTO.NS,Bajaj Auto,Auto
2024-12-20,8570.05078125,8842.642228330642,8542.88954575747,8728.778001330053,316335,BAJAJ-AUTO.NS,Bajaj Auto,Auto
2024-12-23,8551.7158203125,8655.583404044704,8504.366046570143,8631.201342135737,514460,BAJAJ-AUTO.NS,Bajaj Auto,Auto
2024-12-24,8561.078125,8635.151019338342,8515.19127511216,8528.84522973953,297827,BAJAJ-AUTO.NS,Bajaj Auto,Auto
2024-12-26,8659.0458984375,8678.698222286497,8580.145161193213,8592.239045473263,240675,BAJAJ-AUTO.NS,Bajaj Auto,Auto
2024-12-27,8707.6142578125,8952.264436062922,8676.356645236536,8676.356645236536,713799,BAJAJ-AUTO.NS,Bajaj Auto,Auto
2024-12-30,8562.8828125,8740.920434276772,8521.579029052667,8707.321763198035,1065253,BAJAJ-AUTO.NS,Bajaj Auto,Auto
2024-12-31,8581.1201171875,8621.25337253487,8524.11561770839,8553.227419002891,294554,BAJAJ-AUTO.NS,Bajaj Auto,Auto
2025-01-01,8524.5048828125,8550.30129426614,8339.640283708197,8537.67119597237,558535,BAJAJ-AUTO.NS,Bajaj Auto,Auto
2025-01-02,8855.0771484375,8882.189810502516,8463.062170815196,8524.456392523593,734590,BAJAJ-AUTO.NS,Bajaj Auto,Auto
2025-01-03,8744.0908203125,8884.775326079214,8723.90228133979,8875.071074364681,337802,BAJAJ-AUTO.NS,Bajaj Auto,Auto
2025-01-06,8605.74609375,8869.121894419492,8577.609574636921,8782.370325689722,238306,BAJAJ-AUTO.NS,Bajaj Auto,Auto
2025-01-07,8592.53125,8668.262317365612,8519.189815252801,8650.755805943129,270785,BAJAJ-AUTO.NS,Bajaj Auto,Auto
2025-01-08,8428.634765625,8612.670754689325,8399.132471470104,8559.078793499957,415288,BAJAJ-AUTO.NS,Bajaj Auto,Auto
2025-01-09,8617.44921875,8678.06340513997,8477.252363896227,8504.414552099859,612457,BAJAJ-AUTO.NS,Bajaj Auto,Auto
2025-01-10,8547.3759765625,8636.126685584315,8428.488656804204,8614.134255317073,350859,BAJAJ-AUTO.NS,Bajaj Auto,Auto
2025-01-13,8383.7724609375,8533.625002863824,8339.640926389595,8489.346794966465,341577,BAJAJ-AUTO.NS,Bajaj Auto,Auto
2025-01-14,8398.3525390625,8483.00686639822,8314.283000235091,8406.934834255306,355464,BAJAJ-AUTO.NS,Bajaj Auto,Auto
2025-01-15,8365.9736328125,8581.511074273396,8349.686223900493,8410.739482393352,347402,BAJAJ-AUTO.NS,Bajaj Auto,Auto
2025-01-16,8369.826171875,8426.343985466689,8338.37331000796,8407.910764519054,290855,BAJAJ-AUTO.NS,Bajaj Auto,Auto
2025-01-17,8369.2890625,8452.382363961253,8320.426841088021,8354.122658707545,183057,BAJAJ-AUTO.NS,Bajaj Auto,Auto
2025-01-20,8333.2041015625,8396.791758070533,8253.523331519982,8387.42942712161,294136,BAJAJ-AUTO.NS,Bajaj Auto,Auto
2025-01-21,8259.228515625,8396.011887752686,8204.17362741031,8370.313574565092,343149,BAJAJ-AUTO.NS,Bajaj Auto,Auto
2025-01-22,8251.71875,8323.987756376018,8187.496776859409,8271.175826809864,344305,BAJAJ-AUTO.NS,Bajaj Auto,Auto
2025-01-23,8192.32421875,8292.046851847828,8168.625045085447,8230.555482266007,347894,BAJAJ-AUTO.NS,Bajaj Auto,Auto
2025-01-24,8193.8359375,8280.099865254622,8153.361713682081,8206.41746274084,232317,BAJAJ-AUTO.NS,Bajaj Auto,Auto
2025-01-27,8177.35302734375,8210.85455168523,8085.43265442989,8170.965117642021,324406,BAJAJ-AUTO.NS,Bajaj Auto,Auto
2025-01-28,8190.81298828125,8279.17320245136,8154.678009455135,8218.169472119482,651069,BAJAJ-AUTO.NS,Bajaj Auto,Auto
2025-01-29,8412.6396484375,8589.312443294195,8212.024812604042,8212.024812604042,802600,BAJAJ-AUTO.NS,Bajaj Auto,Auto
2025-01-30,8531.576171875,8606.185284076986,8389.867813301715,8445.897984126503,322587,BAJAJ-AUTO.NS,Bajaj Auto,Auto
2025-01-31,8629.1044921875,8738.434234162183,8527.91893071151,8582.486178204394,315913,BAJAJ-AUTO.NS,Bajaj Auto,Auto
2025-02-01,8929.2958984375,8951.142606972722,8588.629918447794,8668.213540319563,418755,BAJAJ-AUTO.NS,Bajaj Auto,Auto
2025-02-03,8705.908203125,8923.835278078353,8666.896901362908,8923.835278078353,667412,BAJAJ-AUTO.NS,Bajaj Auto,Auto
2025-02-04,8691.1328125,8835.7184424767,8658.167502208358,8728.778335861476,440468,BAJAJ-AUTO.NS,Bajaj Auto,Auto
2025-02-05,8707.126953125,8746.33350029047,8675.137877462505,8709.272765119747,329075,BAJAJ-AUTO.NS,Bajaj Auto,Auto
2025-02-06,8627.689453125,8740.140280670124,8593.213599756786,8701.469950860293,580590,BAJAJ-AUTO.NS,Bajaj Auto,Auto
2025-02-07,8767.205078125,8802.900037435582,8632.274169845756,8670.7978294379,244178,BAJAJ-AUTO.NS,Bajaj Auto,Auto
2025-02-10,8661.044921875,8845.617137279913,8627.2024282221,8767.204994765923,192650,BAJAJ-AUTO.NS,Bajaj Auto,Auto
2025-02-11,8545.4248046875,8658.021353732176,8516.702546124805,8611.744011115114,282926,BAJAJ-AUTO.NS,Bajaj Auto,Auto
2025-02-12,8496.2705078125,8601.406721541593,8433.26764030716,8516.166651458556,411042,BAJAJ-AUTO.NS,Bajaj Auto,Auto
2025-02-13,8476.521484375,8560.103388156429,8437.608282661202,8499.635870952385,206920,BAJAJ-AUTO.NS,Bajaj Auto,Auto
2025-02-14,8296.240234375,8507.09649241665,8211.781154426955,8484.95739012079,369356,BAJAJ-AUTO.NS,Bajaj Auto,Auto
2025-02-17,8326.1328125,8340.663949312237,8175.45167644506,8284.048994502657,224417,BAJAJ-AUTO.NS,Bajaj Auto,Auto
2025-02-18,8237.8203125,8338.664898203535,8183.058774710799,8299.75074770888,206278,BAJAJ-AUTO.NS,Bajaj Auto,Auto
2025-02-19,8269.908203125,8316.917011498968,8197.298228369518,8231.433116878201,200819,BAJAJ-AUTO.NS,Bajaj Auto,Auto
2025-02-20,8416.8828125,8426.440390050157,8250.792401315231,8250.840974953004,188845,BAJAJ-AUTO.NS,Bajaj Auto,Auto
2025-02-21,8295.8017578125,8401.083697207698,8241.137362596359,8338.66561540815,222132,BAJAJ-AUTO.NS,Bajaj Auto,Auto
2025-02-24,8238.1630859375,8278.637311564653,8135.416498342628,8241.625148488203,275998,BAJAJ-AUTO.NS,Bajaj Auto,Auto
2025-02-25,8209.8310546875,8258.789474945572,8158.286802373545,8241.1372424138,237383,BAJAJ-AUTO.NS,Bajaj Auto,Auto
2025-02-27,8028.8662109375,8205.978077841162,7981.126420055571,8153.458545704139,350992,BAJAJ-AUTO.NS,Bajaj Auto,Auto
2025-02-28,7707.56005859375,8031.207655013034,7691.370273673645,8031.207655013034,580155,BAJAJ-AUTO.NS,Bajaj Auto,Auto
2025-03-03,7524.109375,7800.601968691989,7489.779716113691,7738.818202182401,497052,BAJAJ-AUTO.NS,Bajaj Auto,Auto
2025-03-04,7152.0390625,7490.169700260969,7136.190721662859,7462.959413389173,1078953,BAJAJ-AUTO.NS,Bajaj Auto,Auto
2025-03-05,7236.888671875,7259.32016977054,7120.537658058217,7150.966663079642,749464,BAJAJ-AUTO.NS,Bajaj Auto,Auto
2025-03-06,7277.8017578125,7314.618671793862,7194.610351936825,7296.088304491985,917093,BAJAJ-AUTO.NS,Bajaj Auto,Auto
2025-03-07,7387.52099609375,7435.553658433447,7266.927412182809,7277.80171663759,942308,BAJAJ-AUTO.NS,Bajaj Auto,Auto
2025-03-10,7200.90087890625,7385.814540351055,7170.277102952721,7385.814540351055,495241,BAJAJ-AUTO.NS,Bajaj Auto,Auto
2025-03-11,7314.5703125,7330.174832790434,7146.870293018873,7173.690562268056,412703,BAJAJ-AUTO.NS,Bajaj Auto,Auto
2025-03-12,7329.29638671875,7381.913066826451,7246.2026054234975,7314.570002288933,529286,BAJAJ-AUTO.NS,Bajaj Auto,Auto
2025-03-13,7319.20263671875,7358.750150898272,7231.719607555838,7358.750150898272,454776,BAJAJ-AUTO.NS,Bajaj Auto,Auto
2025-03-17,7301.01318359375,7422.87491936499,7249.274638764942,7314.618564608781,286383,BAJAJ-AUTO.NS,Bajaj Auto,Auto
2025-03-18,7301.01318359375,7301.01318359375,7301.01318359375,7301.01318359375,0,BAJAJ-AUTO.NS,Bajaj Auto,Auto
2025-03-19,7530.9853515625,7575.653100074049,7430.921270708013,7484.3179881764345,409356,BAJAJ-AUTO.NS,Bajaj Auto,Auto
2025-03-20,7724.2373046875,7755.397770662862,7531.131372070313,7543.761470774328,606109,BAJAJ-AUTO.NS,Bajaj Auto,Auto
2025-03-21,7868.43310546875,7949.527751055698,7741.792576110923,7772.026333966735,703280,BAJAJ-AUTO.NS,Bajaj Auto,Auto
2025-03-24,7924.70654296875,8010.921897107962,7870.529790472111,7917.148103578892,453508,BAJAJ-AUTO.NS,Bajaj Auto,Auto
2025-03-25,7808.11181640625,7966.059010221992,7755.446560587372,7958.305323741569,824076,BAJAJ-AUTO.NS,Bajaj Auto,Auto
2025-03-26,7779.92626953125,7848.537489914551,7714.484717331428,7816.255543326521,391366,BAJAJ-AUTO.NS,Bajaj Auto,Auto
2025-03-27,7777.19482421875,7840.393414117286,7658.161789023037,7705.706809522241,651971,BAJAJ-AUTO.NS,Bajaj Auto,Auto
2025-03-28,7684.1044921875,7826.544308451572,7617.687659802979,7773.391413088225,392400,BAJAJ-AUTO.NS,Bajaj Auto,Auto
2025-04-01,7795.4814453125,7849.073408135462,7442.380613504189,7442.380613504189,283618,BAJAJ-AUTO.NS,Bajaj Auto,Auto
2025-04-02,7873.40673828125,7883.988172019122,7748.619156843824,7765.198958689809,237191,BAJAJ-AUTO.NS,Bajaj Auto,Auto
2025-04-03,7716.63037109375,7743.791607693089,7646.214784253895,7743.791607693089,470005,BAJAJ-AUTO.NS,Bajaj Auto,Auto
2025-04-04,7495.1435546875,7694.832644396336,7463.1054296676075,7685.226016633114,461228,BAJAJ-AUTO.NS,Bajaj Auto,Auto
2025-04-07,7126.19384765625,7175.689433608468,6914.118957712413,7119.562117264753,469629,BAJAJ-AUTO.NS,Bajaj Auto,Auto
2025-04-08,7312.716796875,7343.731066264454,7164.181461833239,7201.9736589058375,259199,BAJAJ-AUTO.NS,Bajaj Auto,Auto
2025-04-09,7385.13134765625,7442.6730140918535,7276.094956658049,7339.439744346171,261256,BAJAJ-AUTO.NS,Bajaj Auto,Auto
2025-04-11,7576.8232421875,7587.64897274675,7447.598316108321,7528.6929574959595,290737,BAJAJ-AUTO.NS,Bajaj Auto,Auto
2025-04-15,7797.87109375,7841.27116424864,7634.9989190697115,7802.25986492402,387999,BAJAJ-AUTO.NS,Bajaj Auto,Auto
2025-04-16,7764.71142578125,7801.772159836351,7670.109025693229,7801.284518598784,294161,BAJAJ-AUTO.NS,Bajaj Auto,Auto
2025-04-17,7819.81494140625,7855.90039324362,7670.10908040527,7796.408161836064,274331,BAJAJ-AUTO.NS,Bajaj Auto,Auto
2025-04-21,8043.642578125,8070.46284740641,7753.496028626098,7812.012979785541,285132,BAJAJ-AUTO.NS,Bajaj Auto,Auto
2025-04-22,7939.77490234375,7984.150256484107,7875.406256777519,7983.662615229817,394636,BAJAJ-AUTO.NS,Bajaj Auto,Auto
2025-04-23,8057.29638671875,8089.480709270552,7851.999420138311,7910.516370232497,598686,BAJAJ-AUTO.NS,Bajaj Auto,Auto
2025-04-24,7998.779296875,8122.152531168079,7967.082616127766,8055.833322220021,322100,BAJAJ-AUTO.NS,Bajaj Auto,Auto
2025-04-25,7835.41943359375,8055.345632532683,7768.1249425658725,8021.698387018744,508224,BAJAJ-AUTO.NS,Bajaj Auto,Auto
2025-04-28,7895.88720703125,7933.435583695122,7773.976893187511,7835.419691364756,282481,BAJAJ-AUTO.NS,Bajaj Auto,Auto
2025-04-29,7878.81982421875,7967.570533385539,7821.7657968972435,7935.3862102811,228383,BAJAJ-AUTO.NS,Bajaj Auto,Auto
2025-04-30,7831.5185546875,7877.844473908877,7780.316222916505,7860.777029985212,447067,BAJAJ-AUTO.NS,Bajaj Auto,Auto
2025-05-02,7627.19677734375,7886.1342806216435,7610.129333624868,7802.259985774567,379515,BAJAJ-AUTO.NS,Bajaj Auto,Auto
2025-05-05,7724.72509765625,7767.637527969598,7655.96768090418,7674.98568979305,250175,BAJAJ-AUTO.NS,Bajaj Auto,Auto
2025-05-06,7749.10693359375,7845.172257734331,7714.484405603997,7733.990055175689,270568,BAJAJ-AUTO.NS,Bajaj Auto,Auto
2025-05-07,7654.9921875,7780.803627452541,7618.4190944905395,7719.848472436775,459640,BAJAJ-AUTO.NS,Bajaj Auto,Auto
2025-05-08,7533.56982421875,7674.985789590194,7480.416926889483,7656.455421713936,461725,BAJAJ-AUTO.NS,Bajaj Auto,Auto
2025-05-09,7492.60791015625,7552.100143481278,7423.8504929527335,7431.652753060934,248982,BAJAJ-AUTO.NS,Bajaj Auto,Auto
2025-05-12,7840.78369140625,7849.561233942808,7585.747316594044,7607.203531683407,296774,BAJAJ-AUTO.NS,Bajaj Auto,Auto
2025-05-13,7863.70263671875,7908.565630801481,7753.49571647204,7840.783498437354,407395,BAJAJ-AUTO.NS,Bajaj Auto,Auto
2025-05-14,7902.2265625,8005.118867633447,7833.469145325517,7890.035531086085,225717,BAJAJ-AUTO.NS,Bajaj Auto,Auto
2025-05-15,8120.2021484375,8159.213448694226,7877.356804339381,7933.923189711633,497959,BAJAJ-AUTO.NS,Bajaj Auto,Auto
2025-05-16,8272.833984375,8285.02501588749,8075.339273872679,8143.609050342618,483122,BAJAJ-AUTO.NS,Bajaj Auto,Auto
2025-05-19,8632.2255859375,8642.46605239918,8282.099161200005,8289.901421361286,858221,BAJAJ-AUTO.NS,Bajaj Auto,Auto
2025-05-20,8353.294921875,8631.250444669438,8315.746544234347,8631.250444669438,449936,BAJAJ-AUTO.NS,Bajaj Auto,Auto
2025-05-21,8472.7666015625,8548.350994267086,8324.52366361286,8395.231643884892,572628,BAJAJ-AUTO.NS,Bajaj Auto,Auto
2025-05-22,8517.6298828125,8558.591748625533,8302.092446034398,8445.946617639693,916615,BAJAJ-AUTO.NS,Bajaj Auto,Auto
2025-05-23,8524.9443359375,8619.546738475647,8498.61170842688,8548.351115946938,321989,BAJAJ-AUTO.NS,Bajaj Auto,Auto
2025-05-26,8737.068359375,8756.574009560578,8553.227606375927,8567.369202760472,440577,BAJAJ-AUTO.NS,Bajaj Auto,Auto
2025-05-27,8741.45703125,8781.93125492476,8680.501875113314,8723.901946282635,401273,BAJAJ-AUTO.NS,Bajaj Auto,Auto
2025-05-28,8630.2744140625,8784.369041412694,8558.10351264532,8767.789239735775,312080,BAJAJ-AUTO.NS,Bajaj Auto,Auto
2025-05-29,8655.14453125,8719.02553488929,8584.436550122542,8686.841212445066,330341,BAJAJ-AUTO.NS,Bajaj Auto,Auto
2025-05-30,8394.2568359375,8645.87973168188,8372.800620021313,8569.807693433579,1434828,BAJAJ-AUTO.NS,Bajaj Auto,Auto
2025-06-02,8303.0673828125,8408.397890517175,8207.00205865592,8408.397890517175,457251,BAJAJ-AUTO.NS,Bajaj Auto,Auto
2025-06-03,8351.34375,8387.429201214527,8280.148130036201,8302.579626737124,566074,BAJAJ-AUTO.NS,Bajaj Auto,Auto
2025-06-04,8351.83203125,8426.92878682964,8316.23421854017,8339.15335823006,431009,BAJAJ-AUTO.NS,Bajaj Auto,Auto
2025-06-05,8345.9794921875,8401.082950125987,8299.165935000821,8401.082950125987,381642,BAJAJ-AUTO.NS,Bajaj Auto,Auto
2025-06-06,8423.5146484375,8470.328206747678,8329.887531817145,8395.231456958434,435024,BAJAJ-AUTO.NS,Bajaj Auto,Auto
2025-06-09,8427.416015625,8489.834095129687,8386.94179219618,8465.452032823168,443544,BAJAJ-AUTO.NS,Bajaj Auto,Auto
2025-06-10,8412.787109375,8449.847845539647,8362.072417781272,8431.317477457324,350288,BAJAJ-AUTO.NS,Bajaj Auto,Auto
2025-06-11,8503.48828125,8553.227689707823,8397.18248670289,8422.052190931801,462124,BAJAJ-AUTO.NS,Bajaj Auto,Auto
2025-06-12,8355.2451171875,8539.573508356922,8328.912489877583,8516.654369772365,368162,BAJAJ-AUTO.NS,Bajaj Auto,Auto
2025-06-13,8254.3037109375,8275.759926645023,8143.609143537323,8250.89022207494,250910,BAJAJ-AUTO.NS,Bajaj Auto,Auto
2025-06-16,8318.671875,8382.55287714696,8242.1122006712,8276.734728552377,203598,BAJAJ-AUTO.NS,Bajaj Auto,Auto
2025-06-17,8284.537109375,8342.566417516482,8246.013451028975,8280.148338171022,286217,BAJAJ-AUTO.NS,Bajaj Auto,Auto
2025-06-18,8258.6923828125,8443.508420429762,8231.872113501287,8294.777836067586,561114,BAJAJ-AUTO.NS,Bajaj Auto,Auto
2025-06-19,8286.0,8343.541666666666,8242.599929378532,8270.395480225989,332303,BAJAJ-AUTO.NS,Bajaj Auto,Auto
2025-06-20,8371.0,8403.0,8250.0,8315.0,567646,BAJAJ-AUTO.NS,Bajaj Auto,Auto
2025-06-23,8286.5,8328.5,8255.0,8275.0,271619,BAJAJ-AUTO.NS,Bajaj Auto,Auto
2025-06-24,8377.0,8424.5,8331.5,8363.0,214129,BAJAJ-AUTO.NS,Bajaj Auto,Auto
2025-06-25,8389.5,8437.0,8371.0,8407.0,276176,BAJAJ-AUTO.NS,Bajaj Auto,Auto
2025-06-26,8433.0,8465.0,8361.0,8370.0,371685,BAJAJ-AUTO.NS,Bajaj Auto,Auto
2025-06-27,8436.0,8507.0,8414.0,8468.0,504248,BAJAJ-AUTO.NS,Bajaj Auto,Auto
2025-06-30,8376.0,8496.0,8360.0,8470.0,303799,BAJAJ-AUTO.NS,Bajaj Auto,Auto
2025-07-01,8399.0,8409.0,8300.0,8370.0,363782,BAJAJ-AUTO.NS,Bajaj Auto,Auto
2025-07-02,8356.5,8409.5,8314.5,8350.0,267604,BAJAJ-AUTO.NS,Bajaj Auto,Auto
2025-07-03,8382.5,8464.5,8350.0,8378.0,175619,BAJAJ-AUTO.NS,Bajaj Auto,Auto
2025-07-04,8433.0,8450.0,8364.5,8382.0,183720,BAJAJ-AUTO.NS,Bajaj Auto,Auto
2025-07-07,8463.5,8484.0,8404.0,8433.0,123117,BAJAJ-AUTO.NS,Bajaj Auto,Auto
2025-07-08,8339.5,8474.0,8291.0,8463.0,253579,BAJAJ-AUTO.NS,Bajaj Auto,Auto
2025-07-09,8361.0,8376.0,8310.5,8350.0,157280,BAJAJ-AUTO.NS,Bajaj Auto,Auto
2025-07-10,8285.0,8394.0,8268.0,8394.0,229552,BAJAJ-AUTO.NS,Bajaj Auto,Auto
2025-07-11,8067.0,8300.0,8045.5,8285.5,539579,BAJAJ-AUTO.NS,Bajaj Auto,Auto
2025-07-14,8087.5,8120.0,8035.5,8090.0,248351,BAJAJ-AUTO.NS,Bajaj Auto,Auto
2025-07-15,8311.0,8326.0,8090.0,8128.0,366546,BAJAJ-AUTO.NS,Bajaj Auto,Auto
2025-07-16,8302.5,8345.0,8184.5,8311.0,275493,BAJAJ-AUTO.NS,Bajaj Auto,Auto
2025-07-17,8330.0,8355.0,8262.5,8278.5,249880,BAJAJ-AUTO.NS,Bajaj Auto,Auto
2025-07-18,8347.5,8365.0,8305.0,8305.0,268313,BAJAJ-AUTO.NS,Bajaj Auto,Auto
2025-07-21,8438.5,8450.0,8306.0,8306.0,253964,BAJAJ-AUTO.NS,Bajaj Auto,Auto
2025-07-22,8295.0,8470.0,8277.0,8470.0,302466,BAJAJ-AUTO.NS,Bajaj Auto,Auto
2025-07-23,8397.0,8405.0,8290.5,8313.5,194644,BAJAJ-AUTO.NS,Bajaj Auto,Auto
2025-07-24,8288.5,8435.0,8276.0,8409.5,298692,BAJAJ-AUTO.NS,Bajaj Auto,Auto
2025-07-25,8075.5,8280.0,8044.5,8275.0,554118,BAJAJ-AUTO.NS,Bajaj Auto,Auto
2025-07-28,8089.5,8158.0,8075.0,8075.5,232171,BAJAJ-AUTO.NS,Bajaj Auto,Auto
2025-07-29,8127.5,8146.0,8056.0,8089.5,209998,BAJAJ-AUTO.NS,Bajaj Auto,Auto
2025-07-30,8043.5,8132.5,8025.0,8090.5,222804,BAJAJ-AUTO.NS,Bajaj Auto,Auto
2025-07-31,8008.0,8094.0,7930.5,7990.0,297025,BAJAJ-AUTO.NS,Bajaj Auto,Auto
2025-08-01,8044.5,8091.0,7951.5,8008.0,329818,BAJAJ-AUTO.NS,Bajaj Auto,Auto
2025-08-04,8187.5,8205.0,8044.5,8044.5,221221,BAJAJ-AUTO.NS,Bajaj Auto,Auto
2025-08-05,8230.5,8236.5,8130.0,8176.0,194083,BAJAJ-AUTO.NS,Bajaj Auto,Auto
2025-08-06,8178.5,8269.0,8120.0,8269.0,515934,BAJAJ-AUTO.NS,Bajaj Auto,Auto
2025-08-07,8229.0,8249.0,7858.5,8070.0,456168,BAJAJ-AUTO.NS,Bajaj Auto,Auto
2025-08-08,8224.0,8277.0,8185.0,8229.0,282679,BAJAJ-AUTO.NS,Bajaj Auto,Auto
2025-08-11,8275.0,8300.0,8132.5,8235.0,180274,BAJAJ-AUTO.NS,Bajaj Auto,Auto
2025-08-12,8196.5,8321.5,8180.0,8275.5,184529,BAJAJ-AUTO.NS,Bajaj Auto,Auto
2025-08-13,8248.5,8309.5,8189.0,8214.5,367519,BAJAJ-AUTO.NS,Bajaj Auto,Auto
2025-08-14,8213.5,8280.0,8198.0,8250.0,364270,BAJAJ-AUTO.NS,Bajaj Auto,Auto
2025-08-18,8588.5,8629.5,8400.0,8400.0,995976,BAJAJ-AUTO.NS,Bajaj Auto,Auto
2025-08-19,8795.5,8856.0,8586.0,8609.0,1052384,BAJAJ-AUTO.NS,Bajaj Auto,Auto
2025-08-20,8827.5,8872.5,8763.5,8794.5,490202,BAJAJ-AUTO.NS,Bajaj Auto,Auto
2025-08-21,8684.5,8869.0,8630.0,8835.0,510564,BAJAJ-AUTO.NS,Bajaj Auto,Auto
2025-08-22,8679.5,8715.0,8581.0,8684.5,369875,BAJAJ-AUTO.NS,Bajaj Auto,Auto
2025-08-25,8750.5,8764.0,8633.5,8750.0,360880,BAJAJ-AUTO.NS,Bajaj Auto,Auto
2025-08-26,8691.5,8825.0,8646.0,8730.0,778390,BAJAJ-AUTO.NS,Bajaj Auto,Auto
2025-08-28,8689.5,8798.0,8661.0,8798.0,394657,BAJAJ-AUTO.NS,Bajaj Auto,Auto
2025-08-29,8631.5,8730.0,8571.5,8714.0,344340,BAJAJ-AUTO.NS,Bajaj Auto,Auto
2025-09-01,8967.0,9037.5,8665.0,8665.0,658701,BAJAJ-AUTO.NS,Bajaj Auto,Auto
2025-09-02,9030.5,9109.5,8926.0,8970.0,548186,BAJAJ-AUTO.NS,Bajaj Auto,Auto
2025-09-03,9116.0,9129.5,8992.0,9052.0,322758,BAJAJ-AUTO.NS,Bajaj Auto,Auto
2025-09-04,9071.0,9353.5,9046.5,9350.0,652617,BAJAJ-AUTO.NS,Bajaj Auto,Auto
2025-09-05,9084.5,9172.0,9053.0,9117.0,231190,BAJAJ-AUTO.NS,Bajaj Auto,Auto
2025-09-08,9433.5,9490.0,9073.0,9102.0,713087,BAJAJ-AUTO.NS,Bajaj Auto,Auto
2025-09-09,9383.0,9428.5,9236.5,9390.5,505482,BAJAJ-AUTO.NS,Bajaj Auto,Auto
2025-09-10,9244.0,9440.0,9180.0,9425.0,454231,BAJAJ-AUTO.NS,Bajaj Auto,Auto
2025-09-11,9113.5,9243.5,9075.0,9243.5,472941,BAJAJ-AUTO.NS,Bajaj Auto,Auto
2025-09-12,8999.5,9205.0,8979.5,9115.0,481492,BAJAJ-AUTO.NS,Bajaj Auto,Auto
2025-09-15,9025.0,9091.5,8964.0,9026.5,325549,BAJAJ-AUTO.NS,Bajaj Auto,Auto
2025-09-16,9072.5,9099.0,9020.0,9032.0,219134,BAJAJ-AUTO.NS,Bajaj Auto,Auto
2025-09-17,9084.0,9136.0,9070.0,9076.5,172732,BAJAJ-AUTO.NS,Bajaj Auto,Auto
2025-09-18,9075.0,9115.0,9025.0,9099.5,183574,BAJAJ-AUTO.NS,Bajaj Auto,Auto
2025-09-19,8971.5,9063.5,8950.5,9050.0,467648,BAJAJ-AUTO.NS,Bajaj Auto,Auto
2025-09-22,9054.5,9195.0,8959.5,8971.5,525239,BAJAJ-AUTO.NS,Bajaj Auto,Auto
2025-09-23,8984.5,9225.0,8950.0,9079.0,451186,BAJAJ-AUTO.NS,Bajaj Auto,Auto
2025-09-24,8839.0,8999.0,8804.0,8990.0,240914,BAJAJ-AUTO.NS,Bajaj Auto,Auto
2025-09-25,8842.5,8910.0,8758.0,8821.0,441002,BAJAJ-AUTO.NS,Bajaj Auto,Auto
2025-09-26,8702.0,8880.0,8668.0,8830.0,335841,BAJAJ-AUTO.NS,Bajaj Auto,Auto
2025-09-29,8717.5,8829.0,8675.5,8745.0,394174,BAJAJ-AUTO.NS,Bajaj Auto,Auto
2025-09-30,8678.5,8769.0,8640.0,8721.0,285609,BAJAJ-AUTO.NS,Bajaj Auto,Auto
2025-10-01,8626.5,8846.5,8586.5,8720.0,551282,BAJAJ-AUTO.NS,Bajaj Auto,Auto
2025-10-03,8679.5,8698.5,8491.5,8626.5,915075,BAJAJ-AUTO.NS,Bajaj Auto,Auto
2025-10-06,8792.0,8803.5,8651.0,8698.0,300715,BAJAJ-AUTO.NS,Bajaj Auto,Auto
2025-10-07,8904.0,8915.0,8785.5,8800.0,490577,BAJAJ-AUTO.NS,Bajaj Auto,Auto
2025-10-08,8792.0,8903.0,8750.5,8903.0,408647,BAJAJ-AUTO.NS,Bajaj Auto,Auto
2025-10-09,8810.0,8817.5,8701.5,8775.0,217161,BAJAJ-AUTO.NS,Bajaj Auto,Auto
2025-10-10,8946.5,8955.0,8781.5,8816.0,228686,BAJAJ-AUTO.NS,Bajaj Auto,Auto
2025-10-13,9066.0,9084.0,8917.0,8947.0,374531,BAJAJ-AUTO.NS,Bajaj Auto,Auto
2025-10-14,9102.5,9120.0,9032.5,9100.0,297332,BAJAJ-AUTO.NS,Bajaj Auto,Auto
2025-10-15,8998.0,9180.0,8955.5,9106.5,300055,BAJAJ-AUTO.NS,Bajaj Auto,Auto
2025-10-16,9151.5,9177.0,9022.0,9030.0,334619,BAJAJ-AUTO.NS,Bajaj Auto,Auto
2025-10-17,9150.5,9194.5,9090.5,9150.0,466036,BAJAJ-AUTO.NS,Bajaj Auto,Auto
2025-10-20,9124.5,9236.5,9100.5,9194.5,303686,BAJAJ-AUTO.NS,Bajaj Auto,Auto
2025-10-21,9118.0,9165.0,9081.0,9159.5,27642,BAJAJ-AUTO.NS,Bajaj Auto,Auto
2025-10-23,9047.0,9157.0,9017.0,9136.0,249420,BAJAJ-AUTO.NS,Bajaj Auto,Auto
2025-10-24,9076.5,9099.0,9012.0,9070.0,332130,BAJAJ-AUTO.NS,Bajaj Auto,Auto
2025-10-27,9095.5,9115.0,9055.0,9099.5,310061,BAJAJ-AUTO.NS,Bajaj Auto,Auto
2025-10-28,9057.5,9130.0,9019.0,9100.0,459991,BAJAJ-AUTO.NS,Bajaj Auto,Auto
2025-10-29,9034.0,9090.0,8960.0,9090.0,226605,BAJAJ-AUTO.NS,Bajaj Auto,Auto
2025-10-30,8923.0,9065.0,8904.5,9034.0,250532,BAJAJ-AUTO.NS,Bajaj Auto,Auto
2025-10-31,8892.5,9051.0,8802.0,8939.5,261013,BAJAJ-AUTO.NS,Bajaj Auto,Auto
2025-11-03,8922.5,8957.5,8855.0,8900.0,206987,BAJAJ-AUTO.NS,Bajaj Auto,Auto
2025-11-04,8751.0,8920.0,8713.0,8920.0,517334,BAJAJ-AUTO.NS,Bajaj Auto,Auto
2025-11-06,8720.5,8820.5,8702.5,8755.0,326774,BAJAJ-AUTO.NS,Bajaj Auto,Auto
2025-11-07,8721.5,8749.5,8605.0,8720.0,290120,BAJAJ-AUTO.NS,Bajaj Auto,Auto
2025-11-10,8772.0,8838.0,8685.5,8795.0,992874,BAJAJ-AUTO.NS,Bajaj Auto,Auto
2025-11-11,8895.0,8945.0,8726.0,8819.0,380748,BAJAJ-AUTO.NS,Bajaj Auto,Auto
2025-11-12,8868.0,8935.0,8800.0,8935.0,439922,BAJAJ-AUTO.NS,Bajaj Auto,Auto
2025-11-13,8867.5,8895.5,8842.0,8888.0,276001,BAJAJ-AUTO.NS,Bajaj Auto,Auto
2025-11-14,8843.0,8867.5,8781.5,8867.5,550371,BAJAJ-AUTO.NS,Bajaj Auto,Auto
2025-11-17,8945.5,9025.0,8850.0,8850.0,457995,BAJAJ-AUTO.NS,Bajaj Auto,Auto
2025-11-18,8921.0,8999.0,8900.0,8975.5,276172,BAJAJ-AUTO.NS,Bajaj Auto,Auto
2025-11-19,8884.5,8975.0,8863.5,8950.0,326292,BAJAJ-AUTO.NS,Bajaj Auto,Auto
2025-11-20,8979.5,9005.0,8890.0,8924.0,189991,BAJAJ-AUTO.NS,Bajaj Auto,Auto
2025-11-21,8892.0,8957.5,8862.0,8950.0,320271,BAJAJ-AUTO.NS,Bajaj Auto,Auto
2025-11-24,9007.5,9049.0,8857.5,8905.0,466198,BAJAJ-AUTO.NS,Bajaj Auto,Auto
2025-11-25,9048.0,9145.0,9001.0,9025.0,482151,BAJAJ-AUTO.NS,Bajaj Auto,Auto
2025-11-26,9164.0,9180.0,9028.0,9054.0,354143,BAJAJ-AUTO.NS,Bajaj Auto,Auto
2025-11-27,9022.5,9254.5,8996.0,9194.0,602295,BAJAJ-AUTO.NS,Bajaj Auto,Auto
2025-11-28,9073.5,9106.0,8922.0,9031.0,432445,BAJAJ-AUTO.NS,Bajaj Auto,Auto
2025-12-01,9096.0,9189.5,9055.5,9129.0,449503,BAJAJ-AUTO.NS,Bajaj Auto,Auto
2025-12-02,9085.5,9142.0,8988.0,9100.0,319833,BAJAJ-AUTO.NS,Bajaj Auto,Auto
2025-12-03,9000.5,9105.0,8950.0,9085.5,412081,BAJAJ-AUTO.NS,Bajaj Auto,Auto
2025-12-04,9085.0,9095.0,8988.0,9005.0,275604,BAJAJ-AUTO.NS,Bajaj Auto,Auto
2025-12-05,9109.0,9130.0,9045.5,9054.0,279893,BAJAJ-AUTO.NS,Bajaj Auto,Auto
2025-12-08,9026.0,9124.5,8956.5,9115.0,299426,BAJAJ-AUTO.NS,Bajaj Auto,Auto
2025-12-09,8961.0,9034.5,8880.0,8990.0,373015,BAJAJ-AUTO.NS,Bajaj Auto,Auto
2025-12-10,8991.0,9001.5,8904.0,8961.0,307300,BAJAJ-AUTO.NS,Bajaj Auto,Auto
2025-12-11,9053.5,9084.0,8961.0,8991.0,136142,BAJAJ-AUTO.NS,Bajaj Auto,Auto
2025-12-12,9015.0,9089.5,8960.0,9065.0,356060,BAJAJ-AUTO.NS,Bajaj Auto,Auto
2025-12-15,8940.0,9042.5,8884.0,9040.0,507849,BAJAJ-AUTO.NS,Bajaj Auto,Auto
2025-12-16,9008.0,9028.0,8891.0,8940.0,278902,BAJAJ-AUTO.NS,Bajaj Auto,Auto
2025-12-17,8895.0,9009.0,8859.0,9008.0,256364,BAJAJ-AUTO.NS,Bajaj Auto,Auto
2025-12-18,8831.0,8891.0,8735.0,8891.0,338487,BAJAJ-AUTO.NS,Bajaj Auto,Auto
2025-12-19,9002.0,9011.0,8827.0,8830.5,215196,BAJAJ-AUTO.NS,Bajaj Auto,Auto
2025-12-22,9164.0,9185.0,8997.5,9010.0,377385,BAJAJ-AUTO.NS,Bajaj Auto,Auto
2025-12-23,9099.0,9184.0,9080.0,9184.0,215559,BAJAJ-AUTO.NS,Bajaj Auto,Auto
2025-12-24,9170.0,9194.5,9070.0,9100.0,167717,BAJAJ-AUTO.NS,Bajaj Auto,Auto
2025-12-26,9064.5,9185.5,9052.0,9182.5,105815,BAJAJ-AUTO.NS,Bajaj Auto,Auto
2025-12-29,9087.0,9127.0,9055.5,9069.5,263943,BAJAJ-AUTO.NS,Bajaj Auto,Auto
2025-12-30,9282.0,9299.0,9025.5,9087.0,464922,BAJAJ-AUTO.NS,Bajaj Auto,Auto
2025-12-31,9343.0,9398.0,9296.5,9320.0,319864,BAJAJ-AUTO.NS,Bajaj Auto,Auto
2026-01-01,9558.0,9585.0,9318.5,9365.0,306936,BAJAJ-AUTO.NS,Bajaj Auto,Auto
2026-01-02,9502.5,9633.0,9310.5,9550.0,733651,BAJAJ-AUTO.NS,Bajaj Auto,Auto
2026-01-05,9497.5,9684.0,9465.0,9520.0,304245,BAJAJ-AUTO.NS,Bajaj Auto,Auto
2026-01-06,9661.0,9783.5,9543.0,9575.0,503002,BAJAJ-AUTO.NS,Bajaj Auto,Auto
2026-01-07,9789.5,9807.0,9608.0,9668.0,334802,BAJAJ-AUTO.NS,Bajaj Auto,Auto
2026-01-08,9760.5,9888.0,9725.0,9799.5,534086,BAJAJ-AUTO.NS,Bajaj Auto,Auto
2026-01-09,9562.5,9830.0,9538.0,9760.5,250994,BAJAJ-AUTO.NS,Bajaj Auto,Auto
2026-01-12,9491.0,9588.5,9360.0,9562.5,332453,BAJAJ-AUTO.NS,Bajaj Auto,Auto
2026-01-13,9554.0,9576.5,9458.5,9506.0,229215,BAJAJ-AUTO.NS,Bajaj Auto,Auto
2026-01-14,9579.5,9610.0,9494.0,9576.0,335206,BAJAJ-AUTO.NS,Bajaj Auto,Auto
2026-01-15,9579.5,9579.5,9579.5,9579.5,0,BAJAJ-AUTO.NS,Bajaj Auto,Auto
2026-01-16,9489.0,9616.5,9389.5,9540.0,528450,BAJAJ-AUTO.NS,Bajaj Auto,Auto
2026-01-19,9429.5,9489.0,9393.5,9489.0,403445,BAJAJ-AUTO.NS,Bajaj Auto,Auto
2026-01-20,9180.0,9468.0,9155.0,9468.0,385253,BAJAJ-AUTO.NS,Bajaj Auto,Auto
2026-01-21,9179.0,9255.0,9072.0,9150.0,323092,BAJAJ-AUTO.NS,Bajaj Auto,Auto
2026-01-22,9370.0,9391.5,9185.5,9225.0,193757,BAJAJ-AUTO.NS,Bajaj Auto,Auto
2026-01-23,9413.5,9548.0,9335.0,9390.0,204212,BAJAJ-AUTO.NS,Bajaj Auto,Auto
2026-01-27,9492.0,9506.0,9330.0,9422.0,302065,BAJAJ-AUTO.NS,Bajaj Auto,Auto
2026-01-28,9433.5,9533.5,9250.0,9500.0,342407,BAJAJ-AUTO.NS,Bajaj Auto,Auto
2026-01-29,9512.0,9533.0,9381.5,9475.0,390096,BAJAJ-AUTO.NS,Bajaj Auto,Auto
2026-01-30,9597.5,9626.0,9382.5,9497.0,283660,BAJAJ-AUTO.NS,Bajaj Auto,Auto
2026-02-02,9496.5,9523.0,9250.5,9454.5,327240,BAJAJ-AUTO.NS,Bajaj Auto,Auto
2026-02-03,9595.5,9941.0,9515.0,9933.0,573385,BAJAJ-AUTO.NS,Bajaj Auto,Auto
2026-02-04,9639.0,9725.0,9529.5,9594.0,201083,BAJAJ-AUTO.NS,Bajaj Auto,Auto
2026-02-05,9647.0,9679.0,9600.0,9640.0,155663,BAJAJ-AUTO.NS,Bajaj Auto,Auto
2026-02-06,9518.5,9668.0,9471.5,9620.0,198790,BAJAJ-AUTO.NS,Bajaj Auto,Auto
2026-02-09,9590.0,9626.5,9505.0,9598.0,171033,BAJAJ-AUTO.NS,Bajaj Auto,Auto
2026-02-10,9774.0,9833.5,9582.5,9605.0,347018,BAJAJ-AUTO.NS,Bajaj Auto,Auto
2026-02-11,9869.5,9905.5,9796.0,9818.0,324008,BAJAJ-AUTO.NS,Bajaj Auto,Auto
2026-02-12,9840.0,9930.0,9809.5,9876.5,372062,BAJAJ-AUTO.NS,Bajaj Auto,Auto
2026-02-13,9760.0,9900.5,9720.0,9800.5,120688,BAJAJ-AUTO.NS,Bajaj Auto,Auto
2026-02-16,9697.5,9774.5,9643.0,9710.0,88321,BAJAJ-AUTO.NS,Bajaj Auto,Auto
2026-02-17,9826.5,9869.0,9632.5,9651.0,159113,BAJAJ-AUTO.NS,Bajaj Auto,Auto
2026-02-18,9980.0,10009.0,9804.5,9826.5,334455,BAJAJ-AUTO.NS,Bajaj Auto,Auto
2026-02-19,9729.0,10059.5,9701.0,9991.0,310761,BAJAJ-AUTO.NS,Bajaj Auto,Auto
2026-02-20,9807.0,9823.0,9670.5,9725.0,291070,BAJAJ-AUTO.NS,Bajaj Auto,Auto
2026-02-23,9905.5,9930.0,9814.0,9851.0,145464,BAJAJ-AUTO.NS,Bajaj Auto,Auto
2026-02-24,9829.0,9875.0,9660.0,9875.0,259761,BAJAJ-AUTO.NS,Bajaj Auto,Auto
2026-02-25,10097.0,10160.0,9839.5,9859.5,334366,BAJAJ-AUTO.NS,Bajaj Auto,Auto
2026-02-26,10110.0,10187.0,10029.5,10146.5,177814,BAJAJ-AUTO.NS,Bajaj Auto,Auto
2026-02-27,9972.5,10091.5,9940.0,10072.5,231926,BAJAJ-AUTO.NS,Bajaj Auto,Auto
2026-03-02,9776.0,9941.5,9565.0,9725.5,330330,BAJAJ-AUTO.NS,Bajaj Auto,Auto
2026-03-04,9652.5,9704.5,9516.5,9516.5,319652,BAJAJ-AUTO.NS,Bajaj Auto,Auto
2026-03-05,9804.5,9853.0,9641.0,9674.5,300749,BAJAJ-AUTO.NS,Bajaj Auto,Auto
2026-03-06,9816.0,9884.5,9690.0,9780.0,386552,BAJAJ-AUTO.NS,Bajaj Auto,Auto
2026-03-09,9383.0,9645.5,9351.0,9600.0,334501,BAJAJ-AUTO.NS,Bajaj Auto,Auto
2026-03-10,9610.0,9637.5,9349.0,9449.5,463535,BAJAJ-AUTO.NS,Bajaj Auto,Auto
2026-03-11,9327.5,9666.0,9270.0,9575.0,489382,BAJAJ-AUTO.NS,Bajaj Auto,Auto
2026-03-12,9162.0,9280.0,9080.0,9280.0,390062,BAJAJ-AUTO.NS,Bajaj Auto,Auto
2026-03-13,8875.0,9119.5,8832.5,9075.0,435631,BAJAJ-AUTO.NS,Bajaj Auto,Auto
2026-03-16,9073.0,9103.5,8742.5,8866.0,580318,BAJAJ-AUTO.NS,Bajaj Auto,Auto
2026-03-17,9110.0,9250.0,9006.5,9100.0,245258,BAJAJ-AUTO.NS,Bajaj Auto,Auto
2026-03-18,9271.0,9288.0,9136.5,9150.0,247437,BAJAJ-AUTO.NS,Bajaj Auto,Auto
2026-03-19,8868.5,9150.0,8811.0,9113.5,288162,BAJAJ-AUTO.NS,Bajaj Auto,Auto
2026-03-20,9051.0,9110.0,8931.5,8957.5,356410,BAJAJ-AUTO.NS,Bajaj Auto,Auto
2026-03-23,8776.0,8989.5,8752.0,8989.5,375189,BAJAJ-AUTO.NS,Bajaj Auto,Auto
2026-03-24,8898.0,9022.5,8792.0,8900.0,438132,BAJAJ-AUTO.NS,Bajaj Auto,Auto
2026-03-25,9048.5,9149.5,8981.0,9020.0,438761,BAJAJ-AUTO.NS,Bajaj Auto,Auto
2026-03-27,8901.0,9004.0,8840.0,8971.5,326675,BAJAJ-AUTO.NS,Bajaj Auto,Auto
2026-03-30,8781.5,8889.0,8745.0,8810.0,325094,BAJAJ-AUTO.NS,Bajaj Auto,Auto
2026-04-01,8895.5,9170.0,8870.0,8993.5,416423,BAJAJ-AUTO.NS,Bajaj Auto,Auto
2026-04-02,8758.5,8835.5,8624.0,8835.5,254975,BAJAJ-AUTO.NS,Bajaj Auto,Auto
2026-04-06,8942.5,8984.5,8755.0,8778.5,313792,BAJAJ-AUTO.NS,Bajaj Auto,Auto
2026-04-07,9049.5,9088.0,8800.5,8900.0,376810,BAJAJ-AUTO.NS,Bajaj Auto,Auto
2026-04-08,9366.0,9501.0,9262.0,9365.0,474100,BAJAJ-AUTO.NS,Bajaj Auto,Auto
2026-04-09,9517.0,9625.0,9366.0,9455.0,539407,BAJAJ-AUTO.NS,Bajaj Auto,Auto
2026-04-10,9813.5,9844.0,9399.5,9400.0,738971,BAJAJ-AUTO.NS,Bajaj Auto,Auto
2026-04-13,9816.0,9851.0,9700.0,9701.5,363886,BAJAJ-AUTO.NS,Bajaj Auto,Auto
2026-04-15,9865.0,9976.0,9830.0,9901.5,551624,BAJAJ-AUTO.NS,Bajaj Auto,Auto
2026-04-16,9825.0,9918.5,9746.0,9871.0,479220,BAJAJ-AUTO.NS,Bajaj Auto,Auto
2026-04-17,9773.5,9830.0,9722.0,9810.0,264575,BAJAJ-AUTO.NS,Bajaj Auto,Auto
2026-04-20,9803.0,9862.5,9690.0,9773.5,349985,BAJAJ-AUTO.NS,Bajaj Auto,Auto
2026-04-21,9793.0,9874.0,9741.0,9803.0,291287,BAJAJ-AUTO.NS,Bajaj Auto,Auto
2026-04-22,9602.0,9790.5,9585.0,9770.5,301870,BAJAJ-AUTO.NS,Bajaj Auto,Auto
2026-04-23,9550.5,9591.0,9477.0,9575.0,444028,BAJAJ-AUTO.NS,Bajaj Auto,Auto
2026-04-24,9576.0,9663.0,9528.0,9600.0,190469,BAJAJ-AUTO.NS,Bajaj Auto,Auto
2026-04-27,9662.0,9715.0,9617.0,9642.5,147736,BAJAJ-AUTO.NS,Bajaj Auto,Auto
2026-04-28,9495.5,9662.5,9475.0,9622.0,256811,BAJAJ-AUTO.NS,Bajaj Auto,Auto
2026-04-29,9543.5,9709.5,9496.0,9510.0,261656,BAJAJ-AUTO.NS,Bajaj Auto,Auto
2026-04-30,9994.0,10045.0,9355.0,9515.0,1209264,BAJAJ-AUTO.NS,Bajaj Auto,Auto
2026-05-01,9994.0,9994.0,9994.0,9994.0,0,BAJAJ-AUTO.NS,Bajaj Auto,Auto
2026-05-04,10132.0,10477.5,10067.0,10244.0,721598,BAJAJ-AUTO.NS,Bajaj Auto,Auto
2026-05-05,10046.0,10175.0,10016.0,10131.0,233441,BAJAJ-AUTO.NS,Bajaj Auto,Auto
2026-05-06,10319.0,10390.0,10141.0,10180.0,393486,BAJAJ-AUTO.NS,Bajaj Auto,Auto
2026-05-07,10605.0,10740.0,10324.5,10582.0,1498254,BAJAJ-AUTO.NS,Bajaj Auto,Auto
2026-05-08,10711.5,10785.0,10540.0,10625.0,375627,BAJAJ-AUTO.NS,Bajaj Auto,Auto
2026-05-11,10595.5,10650.0,10511.0,10599.0,256703,BAJAJ-AUTO.NS,Bajaj Auto,Auto
2026-05-12,10397.0,10684.5,10366.0,10550.0,409439,BAJAJ-AUTO.NS,Bajaj Auto,Auto
2026-05-13,10262.0,10455.0,10220.0,10370.5,367905,BAJAJ-AUTO.NS,Bajaj Auto,Auto
2026-05-14,10451.0,10517.0,10251.5,10380.0,426187,BAJAJ-AUTO.NS,Bajaj Auto,Auto
2026-05-15,10377.5,10540.5,10296.0,10500.0,227162,BAJAJ-AUTO.NS,Bajaj Auto,Auto
2026-05-18,10198.5,10326.0,10144.5,10325.0,295753,BAJAJ-AUTO.NS,Bajaj Auto,Auto
2026-05-19,10205.0,10285.0,10143.0,10198.5,151592,BAJAJ-AUTO.NS,Bajaj Auto,Auto
2026-05-20,,,,,379638,BAJAJ-AUTO.NS,Bajaj Auto,Auto
