Date,Close,High,Low,Open,Volume,Ticker,Company,Sector
2021-05-21,551.66552734375,557.8612769247493,547.213429064802,554.4328055125691,18569660,BAJFINANCE.NS,Bajaj Finance,Finance
2021-05-24,548.8394775390625,557.1755704494911,547.5758624569993,551.8859647170389,12150600,BAJFINANCE.NS,Bajaj Finance,Finance
2021-05-25,550.38232421875,554.3152852189675,546.7922462463555,552.473701431173,13155460,BAJFINANCE.NS,Bajaj Finance,Finance
2021-05-26,565.3207397460938,567.6373976936653,547.1939136778467,552.473774918428,29167460,BAJFINANCE.NS,Bajaj Finance,Finance
2021-05-27,556.6075439453125,566.3983361444451,553.5513106046395,566.1828010845226,21525900,BAJFINANCE.NS,Bajaj Finance,Finance
2021-05-28,549.6085815429688,563.2489907973248,547.7817052519104,560.7021497105823,15263750,BAJFINANCE.NS,Bajaj Finance,Finance
2021-05-31,551.2933959960938,554.8932797231193,544.6372790831371,550.5146597926673,17958110,BAJFINANCE.NS,Bajaj Finance,Finance
2021-06-01,566.6577758789062,569.9099333083112,551.0435340107047,552.8655672428237,28534510,BAJFINANCE.NS,Bajaj Finance,Finance
2021-06-02,568.9940795898438,572.5548020824446,562.5191799239212,563.8856899865663,20131950,BAJFINANCE.NS,Bajaj Finance,Finance
2021-06-03,578.0892944335938,579.4116809483652,566.2022844477517,572.0649563378619,22303780,BAJFINANCE.NS,Bajaj Finance,Finance
2021-06-04,587.0963745117188,588.7175805740072,577.9423835917875,579.4117286348175,24453670,BAJFINANCE.NS,Bajaj Finance,Finance
2021-06-07,561.2652587890625,572.442109540887,556.6319435048385,568.1467148975534,28358050,BAJFINANCE.NS,Bajaj Finance,Finance
2021-06-08,563.77783203125,569.8119753534322,560.324907321205,563.3468217939512,17890070,BAJFINANCE.NS,Bajaj Finance,Finance
2021-06-09,555.853271484375,567.656998670876,551.2297010785354,567.656998670876,15381120,BAJFINANCE.NS,Bajaj Finance,Finance
2021-06-10,596.2014770507812,599.003014001864,556.0981494045899,559.820478335348,52961200,BAJFINANCE.NS,Bajaj Finance,Finance
2021-06-11,599.4927368164062,610.2679330663743,592.1656224985236,598.0576502819381,37027210,BAJFINANCE.NS,Bajaj Finance,Finance
2021-06-14,606.756103515625,612.1290529780466,585.3477694229298,594.5654326081917,26336010,BAJFINANCE.NS,Bajaj Finance,Finance
2021-06-15,603.5235595703125,611.2278144212293,602.4313561897712,609.190366052383,15236610,BAJFINANCE.NS,Bajaj Finance,Finance
2021-06-16,595.731201171875,603.4991908969264,593.8896771387999,601.4518772556619,14816580,BAJFINANCE.NS,Bajaj Finance,Finance
2021-06-17,592.660400390625,599.003049815742,579.9015625362539,579.9015625362539,18718570,BAJFINANCE.NS,Bajaj Finance,Finance
2021-06-18,596.26513671875,602.2355467491625,584.3144516703923,596.5442859720246,27096150,BAJFINANCE.NS,Bajaj Finance,Finance
2021-06-21,599.1008911132812,600.9620853007259,586.4743655992354,587.7379807342062,12719620,BAJFINANCE.NS,Bajaj Finance,Finance
2021-06-22,589.3836059570312,606.2517161221497,587.7379468803019,602.4313955523095,15406110,BAJFINANCE.NS,Bajaj Finance,Finance
2021-06-23,589.2661743164062,599.0030371981053,587.8359901855853,592.7338073335665,12382150,BAJFINANCE.NS,Bajaj Finance,Finance
2021-06-24,592.0089721679688,598.3173633892677,588.8155856477105,590.3829230930144,10824210,BAJFINANCE.NS,Bajaj Finance,Finance
2021-06-25,595.1630859375,598.2193186473073,590.6962796856433,593.3215021523855,9619940,BAJFINANCE.NS,Bajaj Finance,Finance
2021-06-28,591.3673706054688,599.267552238366,589.2074164529477,597.5337057960068,8284810,BAJFINANCE.NS,Bajaj Finance,Finance
2021-06-29,592.8709106445312,601.2217120938454,587.9437380981774,591.6562616601515,13100790,BAJFINANCE.NS,Bajaj Finance,Finance
2021-06-30,589.2906494140625,599.9825620367906,587.7380199544072,592.6358367873605,12257940,BAJFINANCE.NS,Bajaj Finance,Finance
2021-07-01,584.5202026367188,591.6562957247111,581.8606616895337,591.6562957247111,11206010,BAJFINANCE.NS,Bajaj Finance,Finance
2021-07-02,587.5177001953125,590.6767684497585,584.3096059374476,587.7380780594611,8112980,BAJFINANCE.NS,Bajaj Finance,Finance
2021-07-05,594.8594360351562,597.136872922257,588.3306082479202,590.5787491128987,8631790,BAJFINANCE.NS,Bajaj Finance,Finance
2021-07-06,607.5643920898438,621.3175004547238,592.9297125399106,593.1256371769686,34913930,BAJFINANCE.NS,Bajaj Finance,Finance
2021-07-07,607.192138671875,615.753512994774,603.4501994085765,609.2884186413538,19479250,BAJFINANCE.NS,Bajaj Finance,Finance
2021-07-08,600.2456665039062,610.361281692137,596.5761293180999,606.3483672812151,11305600,BAJFINANCE.NS,Bajaj Finance,Finance
2021-07-09,602.0460205078125,605.4653006685446,594.6776029082972,596.831226019797,14475440,BAJFINANCE.NS,Bajaj Finance,Finance
2021-07-12,603.3607788085938,608.2027329151924,598.8523808750673,605.8577791225242,9787400,BAJFINANCE.NS,Bajaj Finance,Finance
2021-07-13,603.8267211914062,610.7634311213548,602.4236894915853,606.8388468249926,10021270,BAJFINANCE.NS,Bajaj Finance,Finance
2021-07-14,601.8253173828125,606.5446284869724,600.46150971235,603.4049484854497,7765740,BAJFINANCE.NS,Bajaj Finance,Finance
2021-07-15,601.4131469726562,606.0735913413147,598.6954127674904,601.8252714862396,8709900,BAJFINANCE.NS,Bajaj Finance,Finance
2021-07-16,600.9961547851562,607.3294699837195,598.2244049202228,600.952019975813,9631210,BAJFINANCE.NS,Bajaj Finance,Finance
2021-07-19,590.1986694335938,600.7558122316335,582.3102754658732,597.3218004976309,12905320,BAJFINANCE.NS,Bajaj Finance,Finance
2021-07-20,582.9823608398438,591.4300153711338,575.7365864670824,590.650020898546,14018370,BAJFINANCE.NS,Bajaj Finance,Finance
2021-07-22,607.8740844726562,612.6277694029138,580.9514277929673,581.8197518439207,34885910,BAJFINANCE.NS,Bajaj Finance,Finance
2021-07-23,606.4367065429688,610.7635351173082,602.4237920675137,607.2314326029256,9537390,BAJFINANCE.NS,Bajaj Finance,Finance
2021-07-26,604.62646484375,608.1438957014271,601.4426500595549,603.4049425556709,7335020,BAJFINANCE.NS,Bajaj Finance,Finance
2021-07-27,611.3963623046875,620.7712069728116,605.857772893925,606.3483459893856,20685280,BAJFINANCE.NS,Bajaj Finance,Finance
2021-07-28,614.3938598632812,616.5523938225195,604.091823129319,613.9915563222031,11491530,BAJFINANCE.NS,Bajaj Finance,Finance
2021-07-29,627.9432983398438,630.8769154725898,614.594825379984,617.1359601356577,14846640,BAJFINANCE.NS,Bajaj Finance,Finance
2021-07-30,611.0676879882812,629.5868232879578,609.5076391158815,629.5868232879578,14068850,BAJFINANCE.NS,Bajaj Finance,Finance
2021-08-02,608.3597412109375,616.5474380880366,605.3672570226361,615.1787198593076,10124350,BAJFINANCE.NS,Bajaj Finance,Finance
2021-08-03,621.251953125,622.2429203499254,608.8992963494693,609.7823518666768,10917100,BAJFINANCE.NS,Bajaj Finance,Finance
2021-08-04,623.9255981445312,635.5325750893696,619.5938589943536,622.3410565268675,16320910,BAJFINANCE.NS,Bajaj Finance,Finance
2021-08-05,613.0447387695312,623.5675087098167,611.4503760583112,623.4203726978926,8665670,BAJFINANCE.NS,Bajaj Finance,Finance
2021-08-06,610.69482421875,618.073062831603,609.3898830005444,616.650388859738,7297890,BAJFINANCE.NS,Bajaj Finance,Finance
2021-08-09,607.6385498046875,615.1737452926474,602.0361835498089,610.7634979974587,8811790,BAJFINANCE.NS,Bajaj Finance,Finance
2021-08-10,605.376953125,613.0641943449582,602.624845553443,610.7634355291257,7310090,BAJFINANCE.NS,Bajaj Finance,Finance
2021-08-11,605.1513671875,608.305718608121,594.2802507896108,605.9656753968178,7919290,BAJFINANCE.NS,Bajaj Finance,Finance
2021-08-12,608.2616577148438,613.6971866321181,603.5276148633968,606.4465011379876,7946020,BAJFINANCE.NS,Bajaj Finance,Finance
2021-08-13,604.047607421875,611.1412754600344,601.5407261206879,609.2918052458577,6679320,BAJFINANCE.NS,Bajaj Finance,Finance
2021-08-16,625.691650390625,627.4429699388122,598.8769090437446,603.3067983327717,14233350,BAJFINANCE.NS,Bajaj Finance,Finance
2021-08-17,628.9244995117188,631.5490534707247,618.6126439540718,628.9097679472969,16027760,BAJFINANCE.NS,Bajaj Finance,Finance
2021-08-18,642.0718383789062,651.4810564927536,628.5271226962366,631.2694693565315,21537300,BAJFINANCE.NS,Bajaj Finance,Finance
2021-08-20,653.55126953125,660.5763097362128,633.3936379708347,634.9929110397438,21647320,BAJFINANCE.NS,Bajaj Finance,Finance
2021-08-23,662.4894409179688,669.0925948925686,657.073555167197,661.2924714204464,17383400,BAJFINANCE.NS,Bajaj Finance,Finance
2021-08-24,684.8499145507812,691.610026694188,660.1102851102783,664.7265950583568,26229900,BAJFINANCE.NS,Bajaj Finance,Finance
2021-08-25,681.4011840820312,692.1006130593215,679.051319567575,687.292972311371,15096670,BAJFINANCE.NS,Bajaj Finance,Finance
2021-08-26,680.1256713867188,686.1401025965164,672.5757439241538,676.9909019805488,12345880,BAJFINANCE.NS,Bajaj Finance,Finance
2021-08-27,683.5252685546875,689.1914116742851,674.2436640566779,681.8965922518307,9359060,BAJFINANCE.NS,Bajaj Finance,Finance
2021-08-30,703.040283203125,706.1309176234539,684.8400335435698,686.4049329559324,15043820,BAJFINANCE.NS,Bajaj Finance,Finance
2021-08-31,738.2634887695312,745.5533980330919,699.5572582273353,702.5006969015036,29464380,BAJFINANCE.NS,Bajaj Finance,Finance
2021-09-01,737.78271484375,752.980659832953,734.2260598844975,738.3125122310161,22277890,BAJFINANCE.NS,Bajaj Finance,Finance
2021-09-02,735.7075805664062,744.3368049458319,730.4682931303839,735.8596869795678,11833780,BAJFINANCE.NS,Bajaj Finance,Finance
2021-09-03,738.1555786132812,741.2559743407999,732.1067737990886,735.8596700934479,8802470,BAJFINANCE.NS,Bajaj Finance,Finance
2021-09-06,736.4827270507812,747.1428715059287,734.3977912635847,740.7654208627396,8970710,BAJFINANCE.NS,Bajaj Finance,Finance
2021-09-07,731.6701049804688,742.3597115310639,726.7545531491426,738.6951450045036,8360130,BAJFINANCE.NS,Bajaj Finance,Finance
2021-09-08,732.2490234375,737.233262794047,727.132319765293,731.6407175973226,8592560,BAJFINANCE.NS,Bajaj Finance,Finance
2021-09-09,729.0554809570312,731.935142964605,724.0859725306683,728.9917040518787,7004360,BAJFINANCE.NS,Bajaj Finance,Finance
2021-09-13,730.517333984375,735.3691093435586,721.3387300414383,729.0554356633837,8025650,BAJFINANCE.NS,Bajaj Finance,Finance
2021-09-14,727.7701416015625,738.8031263942129,726.8331301649935,733.8973951432553,7192580,BAJFINANCE.NS,Bajaj Finance,Finance
2021-09-15,727.4365234375,733.897393034839,724.0859305611111,730.4633811690342,6572830,BAJFINANCE.NS,Bajaj Finance,Finance
2021-09-16,727.176513671875,730.4633294139292,719.2291937005938,730.4633294139292,5771290,BAJFINANCE.NS,Bajaj Finance,Finance
2021-09-17,728.8739624023438,753.5154419515379,722.1236711206797,730.5124599428204,34749690,BAJFINANCE.NS,Bajaj Finance,Finance
2021-09-20,730.2130737304688,743.8068337704251,718.2725424721118,722.12352893418,10838060,BAJFINANCE.NS,Bajaj Finance,Finance
2021-09-21,766.6530151367188,769.9153385778243,726.1463563983157,734.0102584053848,19931330,BAJFINANCE.NS,Bajaj Finance,Finance
2021-09-22,764.6710205078125,774.6149471114524,762.4487099288308,770.1997890848513,15005410,BAJFINANCE.NS,Bajaj Finance,Finance
2021-09-23,775.0123901367188,784.8189425295698,765.7503667495237,771.5341834165489,21091470,BAJFINANCE.NS,Bajaj Finance,Finance
2021-09-24,764.646484375,779.9964755213541,757.9991951029857,779.9964755213541,11293460,BAJFINANCE.NS,Bajaj Finance,Finance
2021-09-27,764.8475341796875,771.1808491422491,759.4120062415751,770.10161236566,6507740,BAJFINANCE.NS,Bajaj Finance,Finance
2021-09-28,740.1080932617188,767.7469673175125,728.5060264752129,766.7658210334006,15723010,BAJFINANCE.NS,Bajaj Finance,Finance
2021-09-29,737.37060546875,749.1885547549151,731.5573261169797,738.7050098344002,9458790,BAJFINANCE.NS,Bajaj Finance,Finance
2021-09-30,752.3526611328125,755.4825196811536,734.966780463367,740.2747546745849,14907070,BAJFINANCE.NS,Bajaj Finance,Finance
2021-10-01,738.0917358398438,749.5171419097306,733.4067390712775,747.6333580900514,9377400,BAJFINANCE.NS,Bajaj Finance,Finance
2021-10-04,754.9968872070312,762.2524822863371,741.7612349750391,744.4937007052606,10901980,BAJFINANCE.NS,Bajaj Finance,Finance
2021-10-05,757.85693359375,761.8600268708936,749.0167967204131,753.8146160268622,7732430,BAJFINANCE.NS,Bajaj Finance,Finance
2021-10-06,758.9313354492188,773.2020905025101,754.0108727660659,766.2752005599186,17646310,BAJFINANCE.NS,Bajaj Finance,Finance
2021-10-07,760.1822509765625,773.6337870827047,759.2109258095436,769.7975317482781,9405500,BAJFINANCE.NS,Bajaj Finance,Finance
2021-10-08,758.641845703125,768.1393937386381,756.6599710752273,760.3883147059353,7565710,BAJFINANCE.NS,Bajaj Finance,Finance
2021-10-11,766.9718017578125,775.5371887443208,760.584530545909,762.7332430750138,9086480,BAJFINANCE.NS,Bajaj Finance,Finance
2021-10-12,770.7639770507812,777.5584028527695,760.388343483781,766.2752209817199,10994490,BAJFINANCE.NS,Bajaj Finance,Finance
2021-10-13,777.9802856445312,785.8981430357779,771.3085031487009,775.8806183058591,10524380,BAJFINANCE.NS,Bajaj Finance,Finance
2021-10-14,771.4654541015625,781.8754612013655,766.5057670534261,781.8754612013655,11348490,BAJFINANCE.NS,Bajaj Finance,Finance
2021-10-18,771.7254638671875,789.8227132214788,765.3725659972148,789.8227132214788,8550980,BAJFINANCE.NS,Bajaj Finance,Finance
2021-10-19,759.3385009765625,776.5477844369395,752.6372554017331,774.1243819730003,12449890,BAJFINANCE.NS,Bajaj Finance,Finance
2021-10-20,761.501953125,768.5858002943156,743.2182832035618,759.5052869741248,11028990,BAJFINANCE.NS,Bajaj Finance,Finance
2021-10-21,759.1421508789062,768.2373943660194,754.0107759518339,768.2373943660194,6394610,BAJFINANCE.NS,Bajaj Finance,Finance
2021-10-22,756.4833984375,778.5395469044976,752.04859823856,760.9770051314621,15173760,BAJFINANCE.NS,Bajaj Finance,Finance
2021-10-25,750.2481689453125,768.9979191262121,721.1915325945907,760.388336906186,11697290,BAJFINANCE.NS,Bajaj Finance,Finance
2021-10-26,770.7540893554688,774.6099865970485,750.6847277866162,754.9919738223966,16605750,BAJFINANCE.NS,Bajaj Finance,Finance
2021-10-27,734.1083374023438,777.0628873092197,732.0331628665933,772.1620667841065,31122330,BAJFINANCE.NS,Bajaj Finance,Finance
2021-10-28,734.3143310546875,745.2786278373707,721.4760713834926,739.784233083881,15723020,BAJFINANCE.NS,Bajaj Finance,Finance
2021-10-29,726.0678100585938,740.7358974364486,717.5170948123222,733.8973373556063,9483340,BAJFINANCE.NS,Bajaj Finance,Finance
2021-11-01,727.4169311523438,735.8793174186499,708.3875807852727,728.9916516945397,10373140,BAJFINANCE.NS,Bajaj Finance,Finance
2021-11-02,731.478759765625,741.2559073815509,726.0726948472538,732.5923702139444,6871160,BAJFINANCE.NS,Bajaj Finance,Finance
2021-11-03,737.4540405273438,739.6665300829585,731.0520373759185,734.4860492060808,6687040,BAJFINANCE.NS,Bajaj Finance,Finance
2021-11-04,738.3223266601562,742.6295727927572,737.3313594299157,741.8446079357357,940330,BAJFINANCE.NS,Bajaj Finance,Finance
2021-11-08,752.897216796875,756.7727561227949,734.4859946512751,740.1668692686719,9003010,BAJFINANCE.NS,Bajaj Finance,Finance
2021-11-09,743.4635620117188,760.8200413612192,740.7654098566119,755.482603429922,8002470,BAJFINANCE.NS,Bajaj Finance,Finance
2021-11-10,743.85107421875,746.652227340967,736.3501926667487,740.2747773045462,4649890,BAJFINANCE.NS,Bajaj Finance,Finance
2021-11-11,731.2188720703125,745.7643170638117,727.0293584933104,742.7473403055303,6344000,BAJFINANCE.NS,Bajaj Finance,Finance
2021-11-12,743.6204833984375,745.6956578956615,731.248244300077,735.8596433754453,4971280,BAJFINANCE.NS,Bajaj Finance,Finance
2021-11-15,739.2200927734375,748.3643829024918,734.8785326449082,743.6107581214236,4025180,BAJFINANCE.NS,Bajaj Finance,Finance
2021-11-16,741.3245849609375,750.5767857349135,735.9331917940256,738.3124591706176,5980490,BAJFINANCE.NS,Bajaj Finance,Finance
2021-11-17,746.4217529296875,754.6977192825208,737.9446348248216,738.6068965770484,6455740,BAJFINANCE.NS,Bajaj Finance,Finance
2021-11-18,734.383056640625,755.2569670357866,729.9728090434076,747.6334415202642,7725390,BAJFINANCE.NS,Bajaj Finance,Finance
2021-11-22,692.5223999023438,737.2822822212428,685.8260654896144,735.074703396238,19352430,BAJFINANCE.NS,Bajaj Finance,Finance
2021-11-23,698.0167846679688,704.2666807305827,679.355366096633,686.8022915787475,11875890,BAJFINANCE.NS,Bajaj Finance,Finance
2021-11-24,704.1980590820312,718.179392752063,693.2778968353166,702.5006952801905,10993800,BAJFINANCE.NS,Bajaj Finance,Finance
2021-11-25,699.1452026367188,706.915864069542,695.3187083569695,701.5195597636676,6154860,BAJFINANCE.NS,Bajaj Finance,Finance
2021-11-26,667.8711547851562,691.5020231795938,664.7265643808555,688.8627374511036,16890820,BAJFINANCE.NS,Bajaj Finance,Finance
2021-11-29,677.5550537109375,684.8400523192564,655.238888028909,663.9416500921271,14918150,BAJFINANCE.NS,Bajaj Finance,Finance
2021-11-30,686.5325317382812,706.4056537044139,672.0115793016555,677.972054711786,21955390,BAJFINANCE.NS,Bajaj Finance,Finance
2021-12-01,690.599365234375,697.3692979115875,681.9946939692418,689.9615962559379,11367680,BAJFINANCE.NS,Bajaj Finance,Finance
2021-12-02,704.5120239257812,707.406417221392,689.0001047451934,695.6326627045311,8477040,BAJFINANCE.NS,Bajaj Finance,Finance
2021-12-03,693.5967407226562,709.7415176355267,692.1986194143992,702.5006541470019,8164110,BAJFINANCE.NS,Bajaj Finance,Finance
2021-12-06,682.0682983398438,696.2115591540402,680.7290433569128,693.5967662022115,8582530,BAJFINANCE.NS,Bajaj Finance,Finance
2021-12-07,696.9228515625,703.4818113834392,682.6815003809937,691.5118160050537,10796080,BAJFINANCE.NS,Bajaj Finance,Finance
2021-12-08,722.2708129882812,724.7089469699592,698.5761078483672,698.5761078483672,14026910,BAJFINANCE.NS,Bajaj Finance,Finance
2021-12-09,730.002197265625,732.7297524172648,719.866940788808,726.0481495445352,10769500,BAJFINANCE.NS,Bajaj Finance,Finance
2021-12-10,731.1992797851562,732.6219538964758,722.1236765137537,723.4973052869764,6791450,BAJFINANCE.NS,Bajaj Finance,Finance
2021-12-13,708.264892578125,733.6030044349448,706.3271528431037,732.916190137987,12985990,BAJFINANCE.NS,Bajaj Finance,Finance
2021-12-14,693.2682495117188,704.4631033990394,690.2364808373596,704.4631033990394,12764810,BAJFINANCE.NS,Bajaj Finance,Finance
2021-12-15,671.8153076171875,693.9156497185818,670.2209450427192,693.9156497185818,18175280,BAJFINANCE.NS,Bajaj Finance,Finance
2021-12-16,689.6329956054688,693.0277233245898,680.2188661409538,681.4060746688888,17683180,BAJFINANCE.NS,Bajaj Finance,Finance
2021-12-17,677.0987548828125,689.2551700477998,673.556831655252,686.8023046739642,16805110,BAJFINANCE.NS,Bajaj Finance,Finance
2021-12-20,650.9071044921875,673.5421552000747,637.0190107490969,672.0851674210635,22263190,BAJFINANCE.NS,Bajaj Finance,Finance
2021-12-21,645.353759765625,662.2736195210055,641.6695513581298,659.8354858273226,13755910,BAJFINANCE.NS,Bajaj Finance,Finance
2021-12-22,664.3536987304688,666.2718562861236,649.8916135726331,650.9904925069862,12678980,BAJFINANCE.NS,Bajaj Finance,Finance
2021-12-23,678.7323608398438,686.1644945692857,670.9322374419887,671.1039260309782,13393990,BAJFINANCE.NS,Bajaj Finance,Finance
2021-12-24,672.2814331054688,685.6200878405801,663.019409963662,685.320845415729,9807740,BAJFINANCE.NS,Bajaj Finance,Finance
2021-12-27,676.0833740234375,677.8543358443011,652.8596587159849,662.3718190497224,9123600,BAJFINANCE.NS,Bajaj Finance,Finance
2021-12-28,677.643310546875,684.840039396051,673.237973743154,684.840039396051,8624640,BAJFINANCE.NS,Bajaj Finance,Finance
2021-12-29,678.1339721679688,681.8917793271506,672.3844691265342,675.5094177486692,5323790,BAJFINANCE.NS,Bajaj Finance,Finance
2021-12-30,674.1553955078125,681.4011702535057,672.7621845796946,676.9811015406589,6589920,BAJFINANCE.NS,Bajaj Finance,Finance
2021-12-31,684.5751342773438,686.70426469575,674.591983445897,675.2248419220662,7699070,BAJFINANCE.NS,Bajaj Finance,Finance
2022-01-03,708.348388671875,710.7374774642668,684.3495291451824,684.3495291451824,12697250,BAJFINANCE.NS,Bajaj Finance,Finance
2022-01-04,720.4556884765625,723.5953684930084,709.9083661561559,711.3310402134659,9591730,BAJFINANCE.NS,Bajaj Finance,Finance
2022-01-05,752.6176147460938,754.6142208367072,727.5198791534488,732.9063620015487,25832620,BAJFINANCE.NS,Bajaj Finance,Finance
2022-01-06,760.2166748046875,763.2680253488854,737.9200897658368,738.3125722297586,15359860,BAJFINANCE.NS,Bajaj Finance,Finance
2022-01-07,751.4942016601562,763.8223058839617,744.1993821618304,761.7570123252189,11659510,BAJFINANCE.NS,Bajaj Finance,Finance
2022-01-10,758.5535888671875,761.2713830847077,752.5146050827786,754.108967705008,6390600,BAJFINANCE.NS,Bajaj Finance,Finance
2022-01-11,752.5244140625,761.3645510261545,742.8257741621774,759.3090784537357,10379120,BAJFINANCE.NS,Bajaj Finance,Finance
2022-01-12,762.7921142578125,772.0639576920936,754.6780161368445,758.0335193252206,14584040,BAJFINANCE.NS,Bajaj Finance,Finance
2022-01-13,766.1133422851562,770.1556599842944,762.7431073618976,768.0412611024661,6163740,BAJFINANCE.NS,Bajaj Finance,Finance
2022-01-14,768.4533081054688,769.8171157136276,758.2788266686812,762.8411805123269,5696350,BAJFINANCE.NS,Bajaj Finance,Finance
2022-01-17,770.4549560546875,776.0867262566359,765.4462233371196,767.207364184692,6797740,BAJFINANCE.NS,Bajaj Finance,Finance
2022-01-18,759.7996826171875,779.5206983575522,757.0573357220459,775.1006296950549,11300240,BAJFINANCE.NS,Bajaj Finance,Finance
2022-01-19,742.904296875,789.3321437665796,733.2105673105815,770.1997922396085,50003170,BAJFINANCE.NS,Bajaj Finance,Finance
2022-01-20,738.8276977539062,750.5769004443504,726.1463342408266,746.6523153439878,29103830,BAJFINANCE.NS,Bajaj Finance,Finance
2022-01-21,723.4727172851562,735.7615980404094,716.8107557950747,726.2935127585515,13704500,BAJFINANCE.NS,Bajaj Finance,Finance
2022-01-24,680.1060180664062,721.1424706341361,668.9160765837399,721.1424706341361,25025820,BAJFINANCE.NS,Bajaj Finance,Finance
2022-01-25,683.2456665039062,686.4098389593688,662.4894904610371,676.9908596484586,25259340,BAJFINANCE.NS,Bajaj Finance,Finance
2022-01-27,670.8096313476562,677.2213950564193,658.1626431657021,669.4948691641495,17610280,BAJFINANCE.NS,Bajaj Finance,Finance
2022-01-28,673.777587890625,691.2763516052539,671.5945615894054,682.9807438686804,14675220,BAJFINANCE.NS,Bajaj Finance,Finance
2022-01-31,686.826904296875,694.2492778215621,679.9441492144887,684.8302382106261,12512490,BAJFINANCE.NS,Bajaj Finance,Finance
2022-02-01,688.2348022460938,698.1639965266489,675.6172172026171,694.2492329565221,13834490,BAJFINANCE.NS,Bajaj Finance,Finance
2022-02-02,711.080810546875,714.2744462753012,696.1232412531954,696.613814361901,13398210,BAJFINANCE.NS,Bajaj Finance,Finance
2022-02-03,697.6587524414062,714.9661864599876,696.6138293020766,711.6253547735344,8398560,BAJFINANCE.NS,Bajaj Finance,Finance
2022-02-04,702.34375,705.287188716686,692.1986715406798,695.6326833768136,8232080,BAJFINANCE.NS,Bajaj Finance,Finance
2022-02-07,679.9932250976562,702.9912958456094,675.1267180858206,702.9912958456094,11830120,BAJFINANCE.NS,Bajaj Finance,Finance
2022-02-08,692.1986694335938,701.2252267808366,678.4331589992759,686.8023651360958,16405420,BAJFINANCE.NS,Bajaj Finance,Finance
2022-02-09,698.3161010742188,702.2946418703233,693.6703880245597,699.4149800664749,6491660,BAJFINANCE.NS,Bajaj Finance,Finance
2022-02-10,700.2440185546875,710.3498119130327,693.1797543046375,700.0477773479955,12442000,BAJFINANCE.NS,Bajaj Finance,Finance
2022-02-11,687.9404296875,694.6465853907483,679.0561582076874,690.7269111897356,12764610,BAJFINANCE.NS,Bajaj Finance,Finance
2022-02-14,665.8008422851562,679.9342813070579,661.6898974095757,668.160527518191,11697660,BAJFINANCE.NS,Bajaj Finance,Finance
2022-02-15,700.739501953125,705.9346540432516,665.8008420831146,667.1793811666589,13468200,BAJFINANCE.NS,Bajaj Finance,Finance
2022-02-16,693.5330810546875,708.8733135190856,691.7081632515611,704.9536387180804,10540410,BAJFINANCE.NS,Bajaj Finance,Finance
2022-02-17,694.891845703125,699.3609592012219,685.0362494580152,698.5760542632012,9036160,BAJFINANCE.NS,Bajaj Finance,Finance
2022-02-18,689.755615234375,698.1836277476068,687.7835017462926,688.7646479684698,7625170,BAJFINANCE.NS,Bajaj Finance,Finance
2022-02-21,687.4254150390625,694.7398771279944,678.0701519748088,686.8023775864598,8166640,BAJFINANCE.NS,Bajaj Finance,Finance
2022-02-22,687.916015625,690.349239268276,666.1002421755467,667.1794791439244,12587320,BAJFINANCE.NS,Bajaj Finance,Finance
2022-02-23,691.1734008789062,698.3161144655438,689.4956192267845,692.6892550731511,7952280,BAJFINANCE.NS,Bajaj Finance,Finance
2022-02-24,650.2841186523438,677.0105320303253,646.8157332388865,667.1794277698806,19300400,BAJFINANCE.NS,Bajaj Finance,Finance
2022-02-25,683.8001098632812,685.8163583388243,663.1568131143215,667.1794890208268,14132810,BAJFINANCE.NS,Bajaj Finance,Finance
2022-02-28,687.0280151367188,689.2552362731692,667.8269759593209,673.066323250383,15808910,BAJFINANCE.NS,Bajaj Finance,Finance
2022-03-02,670.2749633789062,680.5573564283037,663.4510747661081,678.7569315865403,16080090,BAJFINANCE.NS,Bajaj Finance,Finance
2022-03-03,662.11181640625,681.3373474208496,659.8208184744227,678.9531693446849,13339990,BAJFINANCE.NS,Bajaj Finance,Finance
2022-03-04,641.463623046875,657.1717850169628,637.7451000985371,656.2299228874604,19965090,BAJFINANCE.NS,Bajaj Finance,Finance
2022-03-07,600.9519653320312,624.9900439453126,598.4991001674107,623.0277518136161,28435880,BAJFINANCE.NS,Bajaj Finance,Finance
2022-03-08,604.5675659179688,610.012915324663,580.1419122244822,601.2463764655789,28857830,BAJFINANCE.NS,Bajaj Finance,Finance
2022-03-09,635.0469360351562,640.1979540562988,600.6430389899955,610.2239468815809,22801310,BAJFINANCE.NS,Bajaj Finance,Finance
2022-03-10,646.074951171875,666.5907517337566,637.8431201877909,666.5907517337566,20915610,BAJFINANCE.NS,Bajaj Finance,Finance
2022-03-11,650.3037109375,655.8962564397478,636.7688154275197,642.6507823007253,12647710,BAJFINANCE.NS,Bajaj Finance,Finance
2022-03-14,653.9780883789062,656.2887284411167,637.7450409878585,647.6545938248279,12668460,BAJFINANCE.NS,Bajaj Finance,Finance
2022-03-15,654.0859985351562,662.2736342016224,648.0470153928468,655.130861668977,14792700,BAJFINANCE.NS,Bajaj Finance,Finance
2022-03-16,671.1627807617188,676.9319244656713,661.6211591490055,665.2170379506334,16335960,BAJFINANCE.NS,Bajaj Finance,Finance
2022-03-17,686.2529296875,692.3850936981024,679.9441665395219,681.6709935064139,16706780,BAJFINANCE.NS,Bajaj Finance,Finance
2022-03-21,674.086669921875,688.6419954918343,672.0851532137582,686.8023463498258,9620190,BAJFINANCE.NS,Bajaj Finance,Finance
2022-03-22,685.4091796875,687.7835368988867,663.941694458305,674.0474890863555,12737960,BAJFINANCE.NS,Bajaj Finance,Finance
2022-03-23,687.2733154296875,697.0063294794835,683.8589455960373,691.708115703309,11767500,BAJFINANCE.NS,Bajaj Finance,Finance
2022-03-24,686.5619506835938,690.2902941945507,675.1512158076915,683.7607974998208,7837160,BAJFINANCE.NS,Bajaj Finance,Finance
2022-03-25,684.2022705078125,693.4201581105839,680.915454730529,692.5911183259263,7023730,BAJFINANCE.NS,Bajaj Finance,Finance
2022-03-28,686.939697265625,690.2363340410252,674.0474221552016,685.8211762539825,9369730,BAJFINANCE.NS,Bajaj Finance,Finance
2022-03-29,690.6631469726562,692.6892162683076,685.2815744451535,690.726923870947,7159500,BAJFINANCE.NS,Bajaj Finance,Finance
2022-03-30,711.512451171875,713.7298509987133,696.5156589812271,696.6137496400896,12722540,BAJFINANCE.NS,Bajaj Finance,Finance
2022-03-31,712.3071899414062,730.4633041248112,710.4135850698309,715.0543871674117,16330110,BAJFINANCE.NS,Bajaj Finance,Finance
2022-04-01,726.8429565429688,730.8558710848434,708.4170609690485,709.363833572159,8715130,BAJFINANCE.NS,Bajaj Finance,Finance
2022-04-04,734.9421997070312,744.7782132318576,728.9915462644226,730.8557477927504,10497590,BAJFINANCE.NS,Bajaj Finance,Finance
2022-04-05,724.9149169921875,733.8924284480539,719.1801463432848,729.482181181763,10720820,BAJFINANCE.NS,Bajaj Finance,Finance
2022-04-06,720.8432006835938,728.5010394406759,716.2367121773649,721.1424430826893,7670310,BAJFINANCE.NS,Bajaj Finance,Finance
2022-04-07,715.2752075195312,721.7311062690776,713.29327307233,717.2178577934982,7182660,BAJFINANCE.NS,Bajaj Finance,Finance
2022-04-08,722.7711791992188,728.5010997198958,712.312186392787,719.0134321315841,8819730,BAJFINANCE.NS,Bajaj Finance,Finance
2022-04-11,719.8325805664062,724.4783531761578,715.7461283420049,720.6567696952686,5975080,BAJFINANCE.NS,Bajaj Finance,Finance
2022-04-12,713.73486328125,716.2318637609428,708.3876041538977,716.2318637609428,8055980,BAJFINANCE.NS,Bajaj Finance,Finance
2022-04-13,719.0280151367188,724.0858522393564,714.4755425534886,717.5121611161284,6723170,BAJFINANCE.NS,Bajaj Finance,Finance
2022-04-18,712.4544677734375,723.5953643558631,709.5257006848723,712.8518008675269,7582220,BAJFINANCE.NS,Bajaj Finance,Finance
2022-04-19,712.2680053710938,730.2965667703382,701.617622663909,716.2367249767888,11911100,BAJFINANCE.NS,Bajaj Finance,Finance
2022-04-20,689.9910888671875,715.7167143709415,682.8777786726804,713.7789745130998,15581810,BAJFINANCE.NS,Bajaj Finance,Finance
2022-04-21,700.3519287109375,705.1497477414517,691.4431049296086,696.515673625766,8753430,BAJFINANCE.NS,Bajaj Finance,Finance
2022-04-22,697.6685180664062,707.112049861381,693.8077103201488,694.6514816459351,8079870,BAJFINANCE.NS,Bajaj Finance,Finance
2022-04-25,687.3419189453125,694.1559860989736,681.8965698250303,686.8023005431959,6849530,BAJFINANCE.NS,Bajaj Finance,Finance
2022-04-26,710.40380859375,712.6015665124297,696.3194739776702,699.6553351455192,10124190,BAJFINANCE.NS,Bajaj Finance,Finance
2022-04-27,658.7514038085938,696.6138654652053,656.2740453585403,696.6138654652053,39843570,BAJFINANCE.NS,Bajaj Finance,Finance
2022-04-28,660.0808715820312,667.6700234572988,645.5942328213117,662.0774778526325,24990940,BAJFINANCE.NS,Bajaj Finance,Finance
2022-04-29,654.60107421875,669.494865431443,652.5602734807898,667.1793749142926,13375170,BAJFINANCE.NS,Bajaj Finance,Finance
2022-05-02,650.1221923828125,652.4475041313099,640.2469532922647,642.6507735059253,12387410,BAJFINANCE.NS,Bajaj Finance,Finance
2022-05-04,622.0221557617188,654.2087104601861,617.140977232603,650.4901279311225,16491150,BAJFINANCE.NS,Bajaj Finance,Finance
2022-05-05,619.04931640625,637.49485358712,617.1409797992784,627.9335883490273,14860280,BAJFINANCE.NS,Bajaj Finance,Finance
2022-05-06,588.7171630859375,608.8061068931866,586.234834539938,608.4087139511994,30648650,BAJFINANCE.NS,Bajaj Finance,Finance
2022-05-09,592.3131103515625,601.9577950460764,572.2584780044695,584.8612732193329,19356480,BAJFINANCE.NS,Bajaj Finance,Finance
2022-05-10,581.6676025390625,599.7795833338365,578.8762702853404,588.6877324935665,11779330,BAJFINANCE.NS,Bajaj Finance,Finance
2022-05-11,569.751708984375,588.3542058318632,562.883684394996,584.4689045330445,18613390,BAJFINANCE.NS,Bajaj Finance,Finance
2022-05-12,548.7943115234375,565.6062004282822,540.2092827479609,564.1590338170366,24940440,BAJFINANCE.NS,Bajaj Finance,Finance
2022-05-13,541.17578125,564.0610306257785,539.6304638538985,559.253389812222,21053150,BAJFINANCE.NS,Bajaj Finance,Finance
2022-05-16,553.896240234375,560.4257967753825,538.453009016968,546.9889927187891,14149550,BAJFINANCE.NS,Bajaj Finance,Finance
2022-05-17,572.7244262695312,573.872410388406,554.5438191453891,555.3287240930205,14017700,BAJFINANCE.NS,Bajaj Finance,Finance
2022-05-18,570.5562133789062,584.4393975406944,568.0837055492534,577.8902579898727,16550940,BAJFINANCE.NS,Bajaj Finance,Finance
2022-05-19,559.9401245117188,563.6684679363304,550.5210854615106,554.4456700946618,10650250,BAJFINANCE.NS,Bajaj Finance,Finance
2022-05-20,566.0821533203125,573.1807319584829,560.4307414250434,572.9894012565227,10986100,BAJFINANCE.NS,Bajaj Finance,Finance
2022-05-23,568.47607421875,579.4894152360346,566.2390323665305,571.5176031745865,9680210,BAJFINANCE.NS,Bajaj Finance,Finance
2022-05-24,568.9470825195312,572.3025858695619,561.7062185274979,567.3968547033828,10840690,BAJFINANCE.NS,Bajaj Finance,Finance
2022-05-25,571.7531127929688,576.6883068007996,569.2413809787857,572.891275891945,8675980,BAJFINANCE.NS,Bajaj Finance,Finance
2022-05-26,570.811279296875,576.4675417695853,554.6812329689453,573.970541395594,12595460,BAJFINANCE.NS,Bajaj Finance,Finance
2022-05-27,588.0499877929688,596.2425950059826,575.0547103519951,578.8762942030093,16258050,BAJFINANCE.NS,Bajaj Finance,Finance
2022-05-30,599.5980834960938,601.1483113180122,592.7202387940043,597.3218170403844,8174840,BAJFINANCE.NS,Bajaj Finance,Finance
2022-05-31,596.747802734375,605.288636434902,590.3016656585676,599.4802682791111,15489660,BAJFINANCE.NS,Bajaj Finance,Finance
2022-06-01,589.68359375,601.442616504672,586.4555844479567,594.5745931514375,8876200,BAJFINANCE.NS,Bajaj Finance,Finance
2022-06-02,594.3635864257812,596.5368514690059,583.7034432256899,589.3744966437102,7508090,BAJFINANCE.NS,Bajaj Finance,Finance
2022-06-03,591.45458984375,605.170995261132,590.0613789358382,600.9520783613557,10434650,BAJFINANCE.NS,Bajaj Finance,Finance
2022-06-06,590.7481689453125,593.5935171963848,579.9555595417419,589.4923328091581,7376570,BAJFINANCE.NS,Bajaj Finance,Finance
2022-06-07,576.7766723632812,587.7017464274888,572.3664243610633,586.725510611122,8969820,BAJFINANCE.NS,Bajaj Finance,Finance
2022-06-08,584.203857421875,593.9859158867968,569.2855131239434,578.8762408993878,13341460,BAJFINANCE.NS,Bajaj Finance,Finance
2022-06-09,578.7339477539062,581.9766286193499,574.4610753996405,579.3668061887067,12376740,BAJFINANCE.NS,Bajaj Finance,Finance
2022-06-10,556.0646362304688,572.4988358896842,554.5830958140123,571.5176896413728,21518910,BAJFINANCE.NS,Bajaj Finance,Finance
2022-06-13,525.7227172851562,544.9286676867293,522.4603939283447,542.0882300440494,19327850,BAJFINANCE.NS,Bajaj Finance,Finance
2022-06-14,527.439697265625,535.8039329567721,518.4572747735951,524.6189018506501,18845410,BAJFINANCE.NS,Bajaj Finance,Finance
2022-06-15,538.15380859375,539.6206174494472,529.4412250869567,531.585027251777,16599430,BAJFINANCE.NS,Bajaj Finance,Finance
2022-06-16,518.4278564453125,550.9086823244636,515.5775979817952,546.0078618324616,21796860,BAJFINANCE.NS,Bajaj Finance,Finance
2022-06-17,531.737060546875,537.1774989973975,512.1582730166967,512.1582730166967,19379390,BAJFINANCE.NS,Bajaj Finance,Finance
2022-06-20,536.7310791015625,540.6115288941998,525.109431694079,532.5661184836838,11194560,BAJFINANCE.NS,Bajaj Finance,Finance
2022-06-21,544.4527587890625,545.90980650663,535.2152882505161,542.0833121144091,10023590,BAJFINANCE.NS,Bajaj Finance,Finance
2022-06-22,533.7042846679688,542.7210202385364,530.3094974092375,542.7210202385364,8983460,BAJFINANCE.NS,Bajaj Finance,Finance
2022-06-23,534.5431518554688,539.1398192566664,524.2263855278258,534.2929547919035,11018570,BAJFINANCE.NS,Bajaj Finance,Finance
2022-06-24,548.239990234375,551.0754572318209,535.2152505142016,540.6115545982128,13049330,BAJFINANCE.NS,Bajaj Finance,Finance
2022-06-27,553.4841918945312,561.7062018760639,548.2399941778655,559.2533363656881,10490080,BAJFINANCE.NS,Bajaj Finance,Finance
2022-06-28,547.1116333007812,551.3060571332466,542.0832591771918,550.1286697518168,7395000,BAJFINANCE.NS,Bajaj Finance,Finance
2022-06-29,540.8862915039062,544.9286089497097,535.7058109610845,538.1586763958879,7559820,BAJFINANCE.NS,Bajaj Finance,Finance
2022-06-30,531.7973022460938,545.0614938977994,529.4832374276629,542.8557337077725,11982750,BAJFINANCE.NS,Bajaj Finance,Finance
2022-07-01,552.8604125976562,554.7855542872873,525.3523009401324,528.203080516873,12218900,BAJFINANCE.NS,Bajaj Finance,Finance
2022-07-04,554.4262084960938,556.2626992882776,545.6326174565455,552.712747441166,7898180,BAJFINANCE.NS,Bajaj Finance,Finance
2022-07-05,557.4590454101562,566.7055677075056,554.0470290378064,557.3507407861828,12284530,BAJFINANCE.NS,Bajaj Finance,Finance
2022-07-06,582.6284790039062,584.8096573043618,555.9623406778878,559.3202048995447,22229520,BAJFINANCE.NS,Bajaj Finance,Finance
2022-07-07,577.1140747070312,589.541219440329,572.7123510250307,584.4305271693245,13352470,BAJFINANCE.NS,Bajaj Finance,Finance
2022-07-08,578.3449096679688,583.7411481234244,571.2352104385825,583.7411481234244,8032820,BAJFINANCE.NS,Bajaj Finance,Finance
2022-07-11,577.19287109375,581.3729970297981,572.4957438161939,576.0604205849503,7613370,BAJFINANCE.NS,Bajaj Finance,Finance
2022-07-12,578.37939453125,586.8480108523121,569.5612824300628,576.0406877735147,9754460,BAJFINANCE.NS,Bajaj Finance,Finance
2022-07-13,578.9063110351562,588.7633551802405,577.6950661224963,583.9332809401271,8869340,BAJFINANCE.NS,Bajaj Finance,Finance
2022-07-14,574.1747436523438,583.6378762450292,570.6149349490591,583.4458488799379,6929200,BAJFINANCE.NS,Bajaj Finance,Finance
2022-07-15,582.4808349609375,583.765885674875,572.4021932102759,576.5528090492829,5698590,BAJFINANCE.NS,Bajaj Finance,Finance
2022-07-18,596.7197875976562,597.5371209048901,584.0711054023504,587.8671765608831,9664320,BAJFINANCE.NS,Bajaj Finance,Finance
2022-07-19,597.3253173828125,600.496142353257,591.0330115536191,594.7700016058839,9785600,BAJFINANCE.NS,Bajaj Finance,Finance
2022-07-20,598.1575317382812,605.5626356223806,594.9719811566224,605.5035549042611,8270920,BAJFINANCE.NS,Bajaj Finance,Finance
2022-07-21,617.1133422851562,618.713510115035,594.3761618758284,598.6105002153198,13254930,BAJFINANCE.NS,Bajaj Finance,Finance
2022-07-22,616.2615356445312,622.8345203406792,612.2685088963808,617.5170158098325,9532950,BAJFINANCE.NS,Bajaj Finance,Finance
2022-07-25,613.184326171875,623.7208279328833,609.0484957485637,614.4644484189229,7240230,BAJFINANCE.NS,Bajaj Finance,Finance
2022-07-26,616.8720703125,628.6148279724597,611.7564498096442,620.3727378351322,15304060,BAJFINANCE.NS,Bajaj Finance,Finance
2022-07-27,629.8605346679688,633.1150226526149,610.0332146762623,618.304875526415,14449890,BAJFINANCE.NS,Bajaj Finance,Finance
2022-07-28,696.845947265625,700.1300054770292,642.2334914514631,642.2334914514631,64857820,BAJFINANCE.NS,Bajaj Finance,Finance
2022-07-29,709.8934936523438,714.9057380126927,701.6120362727872,706.5356295097893,26067620,BAJFINANCE.NS,Bajaj Finance,Finance
2022-08-01,715.004150390625,719.8292955646664,708.2096281218697,714.0243601932305,12270770,BAJFINANCE.NS,Bajaj Finance,Finance
2022-08-02,722.9705810546875,724.359007892677,707.2445931130192,709.1402245778991,12491240,BAJFINANCE.NS,Bajaj Finance,Finance
2022-08-03,718.4852294921875,726.3679073973515,710.7699369352849,721.4048867445554,12186210,BAJFINANCE.NS,Bajaj Finance,Finance
2022-08-04,720.4841918945312,727.2147659009948,709.489829155947,722.680155483174,9494810,BAJFINANCE.NS,Bajaj Finance,Finance
2022-08-05,719.3074340820312,725.5357918293016,716.4862246458998,722.7785915122473,7580780,BAJFINANCE.NS,Bajaj Finance,Finance
2022-08-08,723.0001220703125,728.4948691462439,715.2996748648775,718.8446380801798,9574820,BAJFINANCE.NS,Bajaj Finance,Finance
2022-08-10,704.0147705078125,725.6392142046711,699.6426171954135,725.6392142046711,19065230,BAJFINANCE.NS,Bajaj Finance,Finance
2022-08-11,720.710693359375,721.3064289245398,710.7059179711133,713.3302317036953,10270510,BAJFINANCE.NS,Bajaj Finance,Finance
2022-08-12,719.7702026367188,723.0788426472159,716.09229315802,719.0415205025267,10369410,BAJFINANCE.NS,Bajaj Finance,Finance
2022-08-16,717.475830078125,727.1162639784033,716.0972600508763,722.6850301217966,8044640,BAJFINANCE.NS,Bajaj Finance,Finance
2022-08-17,741.2076416015625,752.1281384345573,718.4507465429435,718.8446580678004,23444140,BAJFINANCE.NS,Bajaj Finance,Finance
2022-08-18,737.3819580078125,747.2832968602224,733.8517199967891,737.5542717517491,8353540,BAJFINANCE.NS,Bajaj Finance,Finance
2022-08-19,719.0120239257812,742.3498687329952,715.9889303567252,739.5237309210277,11004270,BAJFINANCE.NS,Bajaj Finance,Finance
2022-08-22,699.3668823242188,716.8554959540722,698.0523213326999,715.0042200003065,10608620,BAJFINANCE.NS,Bajaj Finance,Finance
2022-08-23,709.7557373046875,713.9210782942233,694.2267037205896,697.6732192709756,10886030,BAJFINANCE.NS,Bajaj Finance,Finance
2022-08-24,706.7227172851562,712.5818051650606,703.08910312959,705.5508997091754,9530960,BAJFINANCE.NS,Bajaj Finance,Finance
2022-08-25,693.946044921875,712.8378702275278,691.7747234228714,710.257912116801,13542960,BAJFINANCE.NS,Bajaj Finance,Finance
2022-08-26,695.418212890625,703.2368817516622,691.83382240769,701.1197125113813,7591390,BAJFINANCE.NS,Bajaj Finance,Finance
2022-08-29,685.7925415039062,690.8293678622837,675.6499512682612,677.584889788876,9967350,BAJFINANCE.NS,Bajaj Finance,Finance
2022-08-30,719.4600219726562,722.2910879273819,689.3030150636228,689.3030150636228,17313810,BAJFINANCE.NS,Bajaj Finance,Finance
2022-09-01,707.156005859375,722.177893608036,703.2860687939886,711.8137058208464,14625790,BAJFINANCE.NS,Bajaj Finance,Finance
2022-09-02,708.0471801757812,720.124769390479,706.3830031776934,710.6813507659866,9063700,BAJFINANCE.NS,Bajaj Finance,Finance
2022-09-05,708.6232299804688,714.3149326256492,704.861597525834,708.0816467435551,7070250,BAJFINANCE.NS,Bajaj Finance,Finance
2022-09-06,701.0556030273438,714.4133126486421,699.6425343030464,711.8284264381629,7919050,BAJFINANCE.NS,Bajaj Finance,Finance
2022-09-07,705.6986694335938,709.7802875120169,696.1961100852236,696.9838730124944,7919940,BAJFINANCE.NS,Bajaj Finance,Finance
2022-09-08,714.67431640625,716.8209957637405,706.5356026700679,710.9668364150369,7722510,BAJFINANCE.NS,Bajaj Finance,Finance
2022-09-09,707.1166381835938,721.2079595884584,705.5509090930726,718.8446107996414,6496070,BAJFINANCE.NS,Bajaj Finance,Finance
2022-09-12,717.5546875,720.8042472601229,707.8010197153661,710.6567280484063,8347160,BAJFINANCE.NS,Bajaj Finance,Finance
2022-09-13,729.0315551757812,733.0246424934386,720.0657104227956,721.7988249941549,13827000,BAJFINANCE.NS,Bajaj Finance,Finance
2022-09-14,736.9092407226562,744.447290749998,716.1021911841809,716.1021911841809,14933880,BAJFINANCE.NS,Bajaj Finance,Finance
2022-09-15,727.3427124023438,741.7737323923046,725.708045850819,737.5493111882815,7174200,BAJFINANCE.NS,Bajaj Finance,Finance
2022-09-16,716.294189453125,736.5843587491073,708.441082011467,727.2147460728141,11870360,BAJFINANCE.NS,Bajaj Finance,Finance
2022-09-19,738.1549682617188,740.946667405462,708.1062627888864,716.38285228891,16481170,BAJFINANCE.NS,Bajaj Finance,Finance
2022-09-20,751.8721313476562,759.7105142200471,744.9397329973631,745.4271639695146,16134500,BAJFINANCE.NS,Bajaj Finance,Finance
2022-09-21,757.3126831054688,761.6799080994584,747.0125039524615,752.3250805274548,12392620,BAJFINANCE.NS,Bajaj Finance,Finance
2022-09-22,760.1585083007812,765.9141600063678,748.3861799182476,755.2792105227578,12810390,BAJFINANCE.NS,Bajaj Finance,Finance
2022-09-23,739.2431030273438,761.335263991665,736.0772060572135,759.6907405384765,14123310,BAJFINANCE.NS,Bajaj Finance,Finance
2022-09-26,714.8565673828125,734.600165714293,702.0060000969086,732.3353246769528,18752050,BAJFINANCE.NS,Bajaj Finance,Finance
2022-09-27,713.2169799804688,726.7174954258617,709.9871337945145,721.3064708046097,11428290,BAJFINANCE.NS,Bajaj Finance,Finance
2022-09-28,709.2435913085938,718.598418267888,705.0683939452595,706.9295265754347,8690690,BAJFINANCE.NS,Bajaj Finance,Finance
2022-09-29,699.617919921875,720.5087513652612,697.9734566964883,720.0754727792514,9696320,BAJFINANCE.NS,Bajaj Finance,Finance
2022-09-30,722.364990234375,724.9498766710876,691.9420885397849,697.2792467537571,16186650,BAJFINANCE.NS,Bajaj Finance,Finance
2022-10-03,706.2205810546875,728.4949142182677,703.5421749222942,722.4881539255726,8201980,BAJFINANCE.NS,Bajaj Finance,Finance
2022-10-04,737.4262084960938,739.0313046121084,719.4698793635848,722.2910885182965,11914950,BAJFINANCE.NS,Bajaj Finance,Finance
2022-10-06,729.1004638671875,748.2877531314865,723.4629734338413,743.4626075316881,15100600,BAJFINANCE.NS,Bajaj Finance,Finance
2022-10-07,723.2906494140625,729.4549979139831,716.1120118333273,727.259034406889,9911960,BAJFINANCE.NS,Bajaj Finance,Finance
2022-10-10,718.1947631835938,722.5865701205119,711.0653493087284,715.398135630198,6531130,BAJFINANCE.NS,Bajaj Finance,Finance
2022-10-11,709.273193359375,724.0144030184387,706.2993237394878,719.5339450848548,7322060,BAJFINANCE.NS,Bajaj Finance,Finance
2022-10-12,711.577392578125,714.7580146139969,703.5814818750198,709.4897938291837,7407310,BAJFINANCE.NS,Bajaj Finance,Finance
2022-10-13,704.236328125,711.5577092624335,700.5977853127102,711.0161259974053,6086550,BAJFINANCE.NS,Bajaj Finance,Finance
2022-10-14,716.1366577148438,723.2758681217638,711.0653324882551,718.8446340760893,8390120,BAJFINANCE.NS,Bajaj Finance,Finance
2022-10-17,724.2802124023438,725.9640426695355,710.6713947299625,714.4083848257358,6174010,BAJFINANCE.NS,Bajaj Finance,Finance
2022-10-18,727.7464599609375,731.6459675080941,720.9125100272212,728.6918115154639,9069750,BAJFINANCE.NS,Bajaj Finance,Finance
2022-10-19,726.76171875,732.6306634435014,723.7681957405557,730.365822606573,6271770,BAJFINANCE.NS,Bajaj Finance,Finance
2022-10-20,731.8822631835938,733.5169297628352,715.0041714814201,725.7327001622386,10260540,BAJFINANCE.NS,Bajaj Finance,Finance
2022-10-21,708.2835083007812,737.5542451921583,704.3741441324008,737.5542451921583,23869600,BAJFINANCE.NS,Bajaj Finance,Finance
2022-10-24,709.6375122070312,719.82932609364,708.0127024094763,719.82932609364,2278840,BAJFINANCE.NS,Bajaj Finance,Finance
2022-10-25,699.435791015625,713.187413461906,698.1655255890258,713.187413461906,9098990,BAJFINANCE.NS,Bajaj Finance,Finance
2022-10-27,686.4572143554688,709.9821576945134,682.5084828911491,707.6188088567663,16414580,BAJFINANCE.NS,Bajaj Finance,Finance
2022-10-28,689.9776000976562,698.1655382571969,687.3336328681571,689.3030702116189,8396690,BAJFINANCE.NS,Bajaj Finance,Finance
2022-10-31,703.4927978515625,704.0344411706632,693.8327106623598,698.5594080866111,8189860,BAJFINANCE.NS,Bajaj Finance,Finance
2022-11-01,709.9329223632812,712.5423907229299,705.0585530278627,708.697095649987,7627420,BAJFINANCE.NS,Bajaj Finance,Finance
2022-11-02,704.6843872070312,712.936334673465,703.0940761321297,709.6867750027657,5859140,BAJFINANCE.NS,Bajaj Finance,Finance
2022-11-03,701.2771606445312,708.5050214993466,698.3722889024168,699.6425542394521,6323130,BAJFINANCE.NS,Bajaj Finance,Finance
2022-11-04,710.1790771484375,711.4493425248859,701.2771824033927,701.2771824033927,9219250,BAJFINANCE.NS,Bajaj Finance,Finance
2022-11-07,708.0176391601562,713.985031786931,700.2334093672391,713.7339237224849,7224940,BAJFINANCE.NS,Bajaj Finance,Finance
2022-11-09,703.4830322265625,712.4439479595002,700.5928853739074,712.4439479595002,6896340,BAJFINANCE.NS,Bajaj Finance,Finance
2022-11-10,686.8511352539062,705.5509333475907,685.8122642600858,704.8616182519513,10081820,BAJFINANCE.NS,Bajaj Finance,Finance
2022-11-11,694.3695068359375,704.8468684262139,688.8107503824084,703.9754428378162,12333420,BAJFINANCE.NS,Bajaj Finance,Finance
2022-11-14,691.8436889648438,699.8396000918366,689.4064740930726,694.7091939694412,8550600,BAJFINANCE.NS,Bajaj Finance,Finance
2022-11-15,691.8387451171875,695.4477174763872,687.4320929213382,692.7643830891767,7195210,BAJFINANCE.NS,Bajaj Finance,Finance
2022-11-16,678.9684448242188,692.734792465384,674.7883189185437,690.3862288436708,13362040,BAJFINANCE.NS,Bajaj Finance,Finance
2022-11-17,678.9684448242188,684.3794690555331,672.7598008819882,676.5017197714407,7339440,BAJFINANCE.NS,Bajaj Finance,Finance
2022-11-18,668.7716674804688,682.2130404346025,664.6850612112991,680.4307021560452,13276890,BAJFINANCE.NS,Bajaj Finance,Finance
2022-11-21,657.703369140625,664.3896468540382,650.9334288123596,664.3896468540382,10717480,BAJFINANCE.NS,Bajaj Finance,Finance
2022-11-22,658.2893676757812,662.4941356829894,655.8522129774923,657.8167219409515,9587690,BAJFINANCE.NS,Bajaj Finance,Finance
2022-11-23,667.6441650390625,670.1010332329471,658.7767688946975,661.5831929723248,8936670,BAJFINANCE.NS,Bajaj Finance,Finance
2022-11-24,666.7874755859375,673.5327743268097,663.4344797189164,670.9823866695864,7546110,BAJFINANCE.NS,Bajaj Finance,Finance
2022-11-25,664.43896484375,667.4423449577866,657.2997540321647,666.654581992173,8590580,BAJFINANCE.NS,Bajaj Finance,Finance
2022-11-28,667.3881225585938,672.8385738287511,662.5728340370748,662.6171896491579,6040540,BAJFINANCE.NS,Bajaj Finance,Finance
2022-11-29,663.124267578125,670.4850753210754,661.8293601892585,667.146864776057,6818600,BAJFINANCE.NS,Bajaj Finance,Finance
2022-11-30,661.824462890625,665.0986644751437,657.5951130493893,663.208021465356,14828310,BAJFINANCE.NS,Bajaj Finance,Finance
2022-12-01,664.463623046875,666.6545982393944,660.4508820931098,665.138152991069,9816160,BAJFINANCE.NS,Bajaj Finance,Finance
2022-12-02,657.37353515625,663.8923675171488,654.5424691651399,662.7353351760555,14386020,BAJFINANCE.NS,Bajaj Finance,Finance
2022-12-05,655.8668823242188,659.6630133923488,653.0653867597457,657.2553692059328,10292500,BAJFINANCE.NS,Bajaj Finance,Finance
2022-12-06,659.61865234375,663.2079708396539,653.0653813758854,657.2405785840812,8409800,BAJFINANCE.NS,Bajaj Finance,Finance
2022-12-07,652.3958129882812,662.2183573870607,650.012750604315,662.2183573870607,9610270,BAJFINANCE.NS,Bajaj Finance,Finance
2022-12-08,648.1368408203125,657.7919991038465,645.975376365454,657.7919991038465,11377840,BAJFINANCE.NS,Bajaj Finance,Finance
2022-12-09,641.7854614257812,651.6868003887276,639.0824134989169,650.1604984786748,11312920,BAJFINANCE.NS,Bajaj Finance,Finance
2022-12-12,640.707275390625,643.9076113114523,629.4322337413714,640.8648039447207,11000480,BAJFINANCE.NS,Bajaj Finance,Finance
2022-12-13,651.8936157226562,654.6409591724566,640.7564499796543,640.7564499796543,9586360,BAJFINANCE.NS,Bajaj Finance,Finance
2022-12-14,655.3499755859375,658.6339738201455,652.5336345673294,655.6256655548304,6782830,BAJFINANCE.NS,Bajaj Finance,Finance
2022-12-15,652.41552734375,661.1401809909034,650.3082749342321,653.0654753645289,8577060,BAJFINANCE.NS,Bajaj Finance,Finance
2022-12-16,649.6090087890625,659.2986661559809,645.9753947892747,648.9295505581281,8802330,BAJFINANCE.NS,Bajaj Finance,Finance
2022-12-19,658.4813842773438,660.2538658564669,649.6189162792704,649.9241766617723,6595590,BAJFINANCE.NS,Bajaj Finance,Finance
2022-12-20,654.1337890625,659.6482494551601,648.4372182297383,655.8226079590064,6077160,BAJFINANCE.NS,Bajaj Finance,Finance
2022-12-21,642.6963500976562,659.1608783478999,640.5595273041317,659.1608783478999,6223900,BAJFINANCE.NS,Bajaj Finance,Finance
2022-12-22,639.1464233398438,647.4525228833054,630.9092613152958,646.9601635503143,8497060,BAJFINANCE.NS,Bajaj Finance,Finance
2022-12-23,627.71875,636.7190324638829,624.3165303562427,635.1435067207511,9943030,BAJFINANCE.NS,Bajaj Finance,Finance
2022-12-26,633.5384521484375,637.1031289607438,620.3727682090858,627.7237195981054,5305350,BAJFINANCE.NS,Bajaj Finance,Finance
2022-12-27,640.5299682617188,643.0213355165005,633.1741481425877,636.7191115562115,7810350,BAJFINANCE.NS,Bajaj Finance,Finance
2022-12-28,637.7135620117188,646.9600835667355,636.5270194396718,637.6052573964403,7559340,BAJFINANCE.NS,Bajaj Finance,Finance
2022-12-29,641.1405029296875,642.0857943838265,630.4562693381356,634.1588211400672,5218800,BAJFINANCE.NS,Bajaj Finance,Finance
2022-12-30,647.4722290039062,661.7210790867565,641.5442034704415,644.9907187615337,15202660,BAJFINANCE.NS,Bajaj Finance,Finance
2023-01-02,645.3600463867188,650.8990893177511,638.5654630170009,646.4678549729252,5793400,BAJFINANCE.NS,Bajaj Finance,Finance
2023-01-03,650.52978515625,655.8226481196783,643.0213051383632,646.4678205564096,7420810,BAJFINANCE.NS,Bajaj Finance,Finance
2023-01-04,647.05859375,653.6562206528525,644.9907086487498,649.4219425249626,6712530,BAJFINANCE.NS,Bajaj Finance,Finance
2023-01-05,600.6832885742188,639.0823864790428,593.2978988999616,639.0823864790428,51023000,BAJFINANCE.NS,Bajaj Finance,Finance
2023-01-06,588.901123046875,604.6123260226925,585.0804098556723,603.6325357687522,29319220,BAJFINANCE.NS,Bajaj Finance,Finance
2023-01-09,590.1763916015625,598.5120015687879,586.3999738276012,592.8006452463744,14005480,BAJFINANCE.NS,Bajaj Finance,Finance
2023-01-10,581.3926391601562,592.3082670145914,578.5222059369449,590.7327412181287,11203750,BAJFINANCE.NS,Bajaj Finance,Finance
2023-01-11,580.5655517578125,585.8091909658572,577.5916819886103,583.9382013556052,11088910,BAJFINANCE.NS,Bajaj Finance,Finance
2023-01-12,580.8264770507812,587.3748200353668,576.7497274005243,581.6290251575169,14769490,BAJFINANCE.NS,Bajaj Finance,Finance
2023-01-13,588.6451416015625,589.3541101781616,578.2268014885223,582.9534389732192,11084900,BAJFINANCE.NS,Bajaj Finance,Finance
2023-01-16,591.904541015625,597.9408108545704,588.3250792199182,590.8311712760601,9083390,BAJFINANCE.NS,Bajaj Finance,Finance
2023-01-17,589.3491821289062,592.7956973951656,584.9228766165784,592.7956973951656,8170050,BAJFINANCE.NS,Bajaj Finance,Finance
2023-01-18,590.6982421875,595.6563342377351,589.3541108493245,591.220171920138,7962810,BAJFINANCE.NS,Bajaj Finance,Finance
2023-01-19,592.0571899414062,593.7509373585941,586.9563542879763,589.1571861577673,5481420,BAJFINANCE.NS,Bajaj Finance,Finance
2023-01-20,577.08447265625,592.7759613049145,574.7999182684042,592.0620643535365,8330900,BAJFINANCE.NS,Bajaj Finance,Finance
2023-01-23,577.3405151367188,584.4305012242946,575.1741221512851,579.1129966329989,8560640,BAJFINANCE.NS,Bajaj Finance,Finance
2023-01-24,576.5577392578125,583.0519303703655,575.3366976607794,580.2307208525108,6081450,BAJFINANCE.NS,Bajaj Finance,Finance
2023-01-25,570.7330932617188,576.5576822810236,568.8719606392941,576.065322969427,8278370,BAJFINANCE.NS,Bajaj Finance,Finance
2023-01-27,567.2669067382812,577.1978164299509,559.3202196447655,572.6139220482943,16213520,BAJFINANCE.NS,Bajaj Finance,Finance
2023-01-30,592.9779052734375,597.3500587477088,568.1876237823079,568.1876237823079,24481600,BAJFINANCE.NS,Bajaj Finance,Finance
2023-01-31,579.6448364257812,595.7548201119877,578.423794840623,595.7548201119877,19967880,BAJFINANCE.NS,Bajaj Finance,Finance
2023-02-01,572.8305053710938,588.9011209834347,562.1660456440967,585.3167907681543,26348660,BAJFINANCE.NS,Bajaj Finance,Finance
2023-02-02,563.0277099609375,573.0078437441845,555.8737140788048,573.0078437441845,20250440,BAJFINANCE.NS,Bajaj Finance,Finance
2023-02-03,592.234375,593.7853188233877,565.9227227232062,568.1826350930261,14868920,BAJFINANCE.NS,Bajaj Finance,Finance
2023-02-06,601.0919189453125,603.0417026688076,586.4590147800754,590.8311678260867,10738200,BAJFINANCE.NS,Bajaj Finance,Finance
2023-02-07,606.640869140625,608.7531099766406,600.678404647769,602.9383172267305,14721930,BAJFINANCE.NS,Bajaj Finance,Finance
2023-02-08,625.4588012695312,627.9550967109597,606.8624400033925,607.0790492577603,19032080,BAJFINANCE.NS,Bajaj Finance,Finance
2023-02-09,635.6358642578125,638.8657701554268,623.8438829161648,627.7482585566714,18381540,BAJFINANCE.NS,Bajaj Finance,Finance
2023-02-10,633.7156982421875,642.784978975521,632.1893962996505,635.5325354708132,12912820,BAJFINANCE.NS,Bajaj Finance,Finance
2023-02-13,624.8532104492188,637.4231585036655,620.0822774153853,633.6615260296352,7365570,BAJFINANCE.NS,Bajaj Finance,Finance
2023-02-14,636.0001831054688,637.3443143479212,621.3574226601678,625.6704948396025,10340900,BAJFINANCE.NS,Bajaj Finance,Finance
2023-02-15,639.0775146484375,639.6732502354428,629.9540813719826,635.1435682085827,6189790,BAJFINANCE.NS,Bajaj Finance,Finance
2023-02-16,633.8929443359375,642.5043044888401,632.1894002316517,640.5595091132234,5290480,BAJFINANCE.NS,Bajaj Finance,Finance
2023-02-17,631.8644409179688,637.6841621800075,627.0196416696812,631.2046962077198,6160440,BAJFINANCE.NS,Bajaj Finance,Finance
2023-02-20,627.0097045898438,634.508327026849,624.6069888291743,632.6816932774865,4657320,BAJFINANCE.NS,Bajaj Finance,Finance
2023-02-21,628.1766357421875,631.0323438816329,625.4933014492701,629.7275796437405,4485090,BAJFINANCE.NS,Bajaj Finance,Finance
2023-02-22,610.3926391601562,626.2810847876322,609.0485077691045,623.4253765550069,9347000,BAJFINANCE.NS,Bajaj Finance,Finance
2023-02-23,610.7570190429688,616.6751883426119,602.908839460288,611.9042548514709,8097680,BAJFINANCE.NS,Bajaj Finance,Finance
2023-02-24,614.0950927734375,618.9940434152364,610.5254881050812,615.8183501995405,6077610,BAJFINANCE.NS,Bajaj Finance,Finance
2023-02-27,609.9840087890625,614.5629146679756,604.1249205222666,612.0026700971291,5950040,BAJFINANCE.NS,Bajaj Finance,Finance
2023-02-28,601.8699340820312,615.1143524230399,599.6936841332665,612.4950271443215,9778520,BAJFINANCE.NS,Bajaj Finance,Finance
2023-03-01,606.0794677734375,610.9144693952474,600.6881578825843,600.6881578825843,5448040,BAJFINANCE.NS,Bajaj Finance,Finance
2023-03-02,599.0043334960938,611.4709050693656,597.729139692784,607.0987519269909,5822980,BAJFINANCE.NS,Bajaj Finance,Finance
2023-03-03,600.6832885742188,604.7156824871846,598.0196078696827,602.8250395592622,7120370,BAJFINANCE.NS,Bajaj Finance,Finance
2023-03-06,604.1101684570312,608.8515916466014,602.6528039385217,604.6173130383239,6084770,BAJFINANCE.NS,Bajaj Finance,Finance
2023-03-08,590.52099609375,603.5340793855903,589.3541069077302,603.5340793855903,13427950,BAJFINANCE.NS,Bajaj Finance,Finance
2023-03-09,581.112060546875,594.7701043264393,580.009180393407,590.8312294633503,9408580,BAJFINANCE.NS,Bajaj Finance,Finance
2023-03-10,578.4384765625,579.7432407771199,569.2658200540168,577.5374806464574,7708610,BAJFINANCE.NS,Bajaj Finance,Finance
2023-03-13,574.4405517578125,585.6614404550556,572.2200063052675,577.931422785115,7933560,BAJFINANCE.NS,Bajaj Finance,Finance
2023-03-14,564.3964233398438,576.0603864173556,562.879918216012,575.0756678080952,13725650,BAJFINANCE.NS,Bajaj Finance,Finance
2023-03-15,563.1359252929688,573.1062006915984,561.3880258117348,571.1367635758197,6794730,BAJFINANCE.NS,Bajaj Finance,Finance
2023-03-16,562.7765502929688,566.7055679854586,557.8431003714376,564.2142010181165,8849630,BAJFINANCE.NS,Bajaj Finance,Finance
2023-03-17,564.4752197265625,572.7862481082019,560.117851421152,565.2334723719929,10471510,BAJFINANCE.NS,Bajaj Finance,Finance
2023-03-20,546.59765625,565.2728121718287,540.1871280909953,565.1300688343298,17127560,BAJFINANCE.NS,Bajaj Finance,Finance
2023-03-21,562.2841796875,562.7666821870683,550.0785733581116,551.6196603774727,11301140,BAJFINANCE.NS,Bajaj Finance,Finance
2023-03-22,574.5045166015625,576.7497038892943,564.7361247853146,566.1934891003622,12425340,BAJFINANCE.NS,Bajaj Finance,Finance
2023-03-23,574.391357421875,580.9840565984529,568.4288926634863,572.0723640219691,10544190,BAJFINANCE.NS,Bajaj Finance,Finance
2023-03-24,556.292236328125,574.0663980168725,554.1209146224892,571.5209384747825,12780420,BAJFINANCE.NS,Bajaj Finance,Finance
2023-03-27,550.758056640625,563.7514264235016,549.9210698301491,561.0926740513187,11187430,BAJFINANCE.NS,Bajaj Finance,Finance
2023-03-28,544.9876098632812,553.845149139584,543.8305774925232,553.5152467613651,9481360,BAJFINANCE.NS,Bajaj Finance,Finance
2023-03-29,553.9238891601562,555.9720604377843,547.0111458164249,547.7152460135437,11096120,BAJFINANCE.NS,Bajaj Finance,Finance
2023-03-31,553.091796875,560.6987839734904,550.0834888228162,560.6987839734904,12678280,BAJFINANCE.NS,Bajaj Finance,Finance
2023-04-03,562.7716674804688,564.637728656483,554.6132393641805,556.8584268574549,7453860,BAJFINANCE.NS,Bajaj Finance,Finance
2023-04-05,567.3258666992188,585.6170246149501,565.5386002412923,574.2878336143043,24333290,BAJFINANCE.NS,Bajaj Finance,Finance
2023-04-06,584.15478515625,586.7938841027408,561.8361579622914,567.2964062016387,17405020,BAJFINANCE.NS,Bajaj Finance,Finance
2023-04-10,573.9727783203125,587.8671432435414,572.2199503755209,585.4102751620987,9282570,BAJFINANCE.NS,Bajaj Finance,Finance
2023-04-11,574.8541259765625,579.0145380294148,572.2347408376268,576.8481450843242,8116200,BAJFINANCE.NS,Bajaj Finance,Finance
2023-04-12,576.7448120117188,578.6945357569375,569.7582017539212,574.7803030617737,10230690,BAJFINANCE.NS,Bajaj Finance,Finance
2023-04-13,581.4222412109375,584.6275053941237,576.099807777481,576.7448273764676,8330060,BAJFINANCE.NS,Bajaj Finance,Finance
2023-04-17,587.0350952148438,590.6342104824885,580.9839801213035,590.6342104824885,6728570,BAJFINANCE.NS,Bajaj Finance,Finance
2023-04-18,582.5250854492188,590.2403776407479,578.0544844545665,588.369388181281,6408890,BAJFINANCE.NS,Bajaj Finance,Finance
2023-04-19,585.68603515625,586.8922914122146,579.0145425341982,582.5250667820625,5549280,BAJFINANCE.NS,Bajaj Finance,Finance
2023-04-20,582.234619140625,587.4781979034328,579.620162258981,586.8923191521164,4367310,BAJFINANCE.NS,Bajaj Finance,Finance
2023-04-21,584.716064453125,585.4152363302019,573.8940161262567,582.2641246356035,6431010,BAJFINANCE.NS,Bajaj Finance,Finance
2023-04-24,584.3074951171875,587.3551708349107,578.7192281660517,584.9229443431377,5448920,BAJFINANCE.NS,Bajaj Finance,Finance
2023-04-25,598.2412719726562,599.9596013525845,583.8101900994203,586.8825077364672,14944750,BAJFINANCE.NS,Bajaj Finance,Finance
2023-04-26,596.3406982421875,602.6281368209708,592.1409186225487,600.6784130082559,9740070,BAJFINANCE.NS,Bajaj Finance,Finance
2023-04-27,610.5305786132812,615.8874512385872,597.330394375259,598.2166653278418,28271360,BAJFINANCE.NS,Bajaj Finance,Finance
2023-04-28,618.4132080078125,619.9788771026875,601.7615809286756,614.8485310781757,14896680,BAJFINANCE.NS,Bajaj Finance,Finance
2023-05-02,615.365478515625,623.7848716706102,612.9676908316773,623.3269510198019,9912540,BAJFINANCE.NS,Bajaj Finance,Finance
2023-05-03,608.5807495117188,615.9414971594125,606.1878303736011,614.272391885271,6682510,BAJFINANCE.NS,Bajaj Finance,Finance
2023-05-04,629.2598876953125,630.1215165528652,608.7678940700747,610.230186906588,12451410,BAJFINANCE.NS,Bajaj Finance,Finance
2023-05-05,629.2203979492188,634.9465389918666,623.4893285053922,628.245536155093,11600400,BAJFINANCE.NS,Bajaj Finance,Finance
2023-05-08,655.6207275390625,659.2789837175087,629.0382527638926,629.673415517007,22247350,BAJFINANCE.NS,Bajaj Finance,Finance
2023-05-09,645.2122802734375,663.685612533104,644.2029796766318,654.837929519005,21307700,BAJFINANCE.NS,Bajaj Finance,Finance
2023-05-10,653.0161743164062,656.3149576394034,642.5288970138196,649.0230874379074,8353210,BAJFINANCE.NS,Bajaj Finance,Finance
2023-05-11,656.162353515625,657.7920918138354,652.3761389620748,655.7242065841472,5674940,BAJFINANCE.NS,Bajaj Finance,Finance
2023-05-12,661.179443359375,663.075014598504,650.3770493227098,654.8378533230954,9120780,BAJFINANCE.NS,Bajaj Finance,Finance
2023-05-15,660.9727172851562,664.6851260366966,658.3632487777475,661.1795298501422,7390760,BAJFINANCE.NS,Bajaj Finance,Finance
2023-05-16,668.0922241210938,674.4338145097428,659.7614828647534,661.7309201270361,12651330,BAJFINANCE.NS,Bajaj Finance,Finance
2023-05-17,660.2588500976562,670.6377640829513,656.0196430923529,668.1316716935714,7407850,BAJFINANCE.NS,Bajaj Finance,Finance
2023-05-18,668.5648803710938,672.6268447885885,664.2075123800907,665.6500915400799,11067180,BAJFINANCE.NS,Bajaj Finance,Finance
2023-05-19,668.0527954101562,671.5781049304139,660.9431557584586,669.6086676725536,5928340,BAJFINANCE.NS,Bajaj Finance,Finance
2023-05-22,668.9242553710938,671.3811234478985,665.856866575952,668.0527698015046,4197920,BAJFINANCE.NS,Bajaj Finance,Finance
2023-05-23,667.6934204101562,676.8907193685205,665.3842839441708,670.5983525499395,7901960,BAJFINANCE.NS,Bajaj Finance,Finance
2023-05-24,668.2251586914062,674.3895073819222,662.6910443947199,666.5561133817886,5539360,BAJFINANCE.NS,Bajaj Finance,Finance
2023-05-25,673.6608276367188,674.3353575459279,664.301071532189,667.4423266070188,5302600,BAJFINANCE.NS,Bajaj Finance,Finance
2023-05-26,679.8990478515625,681.4253498372087,673.6657615655477,674.1974880340262,6940730,BAJFINANCE.NS,Bajaj Finance,Finance
2023-05-29,682.6118774414062,686.535966657936,679.6330796201527,683.414425508619,6407280,BAJFINANCE.NS,Bajaj Finance,Finance
2023-05-30,689.8742065429688,691.1494003621441,682.414950771463,684.1825039141377,8819230,BAJFINANCE.NS,Bajaj Finance,Finance
2023-05-31,688.3035888671875,691.8633373656315,682.1441685656824,689.7855953248534,21476270,BAJFINANCE.NS,Bajaj Finance,Finance
2023-06-01,693.2911987304688,694.9455189580734,684.487811021188,691.6664489134719,5900260,BAJFINANCE.NS,Bajaj Finance,Finance
2023-06-02,691.6566162109375,699.1503114627287,689.7954833516077,696.762380518014,6642090,BAJFINANCE.NS,Bajaj Finance,Finance
2023-06-05,693.5570678710938,698.3230726246503,690.5881266264698,696.196106721051,5771620,BAJFINANCE.NS,Bajaj Finance,Finance
2023-06-06,700.52392578125,702.3013356878837,691.7648343751308,691.7648343751308,6905860,BAJFINANCE.NS,Bajaj Finance,Finance
2023-06-07,697.1758422851562,703.187530121637,695.4082892220608,701.1196450970233,5344830,BAJFINANCE.NS,Bajaj Finance,Finance
2023-06-08,690.2976684570312,700.2334465251669,688.825518802429,697.1808425830893,4553600,BAJFINANCE.NS,Bajaj Finance,Finance
2023-06-09,692.9613037109375,697.4269762951523,690.4896503098628,690.5585878269096,4473610,BAJFINANCE.NS,Bajaj Finance,Finance
2023-06-12,698.9237670898438,700.1349517820818,693.3994498515026,694.2414251568599,5132550,BAJFINANCE.NS,Bajaj Finance,Finance
2023-06-13,705.7232055664062,708.9974070011735,699.1502207928239,699.1502207928239,8001340,BAJFINANCE.NS,Bajaj Finance,Finance
2023-06-14,698.840087890625,707.2249820419386,697.3827234480685,707.2249820419386,4015200,BAJFINANCE.NS,Bajaj Finance,Finance
2023-06-15,701.76953125,703.2564659528567,694.8174203359279,698.6578469181081,4370180,BAJFINANCE.NS,Bajaj Finance,Finance
2023-06-16,709.3125610351562,710.829006153168,702.2028609699597,706.0432878317853,14148580,BAJFINANCE.NS,Bajaj Finance,Finance
2023-06-19,727.3328857421875,728.578569261232,709.2189669105896,710.1741752560579,11845900,BAJFINANCE.NS,Bajaj Finance,Finance
2023-06-20,713.8027954101562,726.343171861735,709.0958118387119,726.343171861735,8638260,BAJFINANCE.NS,Bajaj Finance,Finance
2023-06-21,709.6029663085938,717.456133005705,706.732533299346,716.3827633138741,5468040,BAJFINANCE.NS,Bajaj Finance,Finance
2023-06-22,692.2572021484375,709.4060555832675,691.2724835109575,709.0072757883652,8271940,BAJFINANCE.NS,Bajaj Finance,Finance
2023-06-23,688.2838745117188,694.7189842281282,684.9801026823255,691.3659884883805,8152260,BAJFINANCE.NS,Bajaj Finance,Finance
2023-06-26,689.175048828125,692.7495823983772,683.8871143932806,688.3183483958289,5635390,BAJFINANCE.NS,Bajaj Finance,Finance
2023-06-27,691.1986694335938,692.2572540687714,684.7734159036066,692.2572540687714,7097890,BAJFINANCE.NS,Bajaj Finance,Finance
2023-06-28,698.1851806640625,701.611982059442,693.2418742032942,694.6549429490282,7097820,BAJFINANCE.NS,Bajaj Finance,Finance
2023-06-30,708.1138305664062,711.5156590643634,701.2508418089282,702.1210812170924,8879080,BAJFINANCE.NS,Bajaj Finance,Finance
2023-07-03,725.1625366210938,727.3381352290382,708.0545272929863,708.1138590569371,12092270,BAJFINANCE.NS,Bajaj Finance,Finance
2023-07-04,777.3221435546875,783.2110770760802,752.8171616958847,756.5106994484865,41622080,BAJFINANCE.NS,Bajaj Finance,Finance
2023-07-05,775.17626953125,791.112430288278,769.3664649278425,779.250544696842,19786660,BAJFINANCE.NS,Bajaj Finance,Finance
2023-07-06,768.0067749023438,773.7177137405557,764.9164530976506,768.9709311622689,10459840,BAJFINANCE.NS,Bajaj Finance,Finance
2023-07-07,753.7764282226562,766.2910240700928,752.1200278472285,763.4330800487938,10949150,BAJFINANCE.NS,Bajaj Finance,Finance
2023-07-10,744.96533203125,754.5280067236724,734.9823252958943,753.7764308192204,14515180,BAJFINANCE.NS,Bajaj Finance,Finance
2023-07-11,736.139404296875,759.477490540125,729.9092672210096,748.3028989097371,16750430,BAJFINANCE.NS,Bajaj Finance,Finance
2023-07-12,734.94775390625,742.4683417182324,731.6052570214027,738.7006237969854,11317550,BAJFINANCE.NS,Bajaj Finance,Finance
2023-07-13,739.1654052734375,743.9417629643731,733.3703882356988,738.705538853855,7470520,BAJFINANCE.NS,Bajaj Finance,Finance
2023-07-14,739.9317626953125,743.5462318437566,731.778262939339,739.106067385201,7266000,BAJFINANCE.NS,Bajaj Finance,Finance
2023-07-17,742.760009765625,745.8305943757243,735.941565175192,743.6549958800384,5067440,BAJFINANCE.NS,Bajaj Finance,Finance
2023-07-18,733.7659301757812,747.1161189323487,729.127973297149,743.6549588843498,13097090,BAJFINANCE.NS,Bajaj Finance,Finance
2023-07-19,750.0531616210938,751.4673458981355,734.7548625660792,735.9366087871717,9759430,BAJFINANCE.NS,Bajaj Finance,Finance
2023-07-20,751.22998046875,755.2400350033565,741.8749972900309,746.72058547891,6494360,BAJFINANCE.NS,Bajaj Finance,Finance
2023-07-21,749.7614135742188,757.2721621796446,744.9504108190794,751.2299198349773,6733940,BAJFINANCE.NS,Bajaj Finance,Finance
2023-07-24,749.7466430664062,755.9965170288039,747.6452242722853,749.7515924098436,5843420,BAJFINANCE.NS,Bajaj Finance,Finance
2023-07-25,752.2040405273438,756.451361440595,745.7365771486303,756.451361440595,8508690,BAJFINANCE.NS,Bajaj Finance,Finance
2023-07-26,735.06640625,764.8175735354147,724.9647359544532,755.0274100866341,22288660,BAJFINANCE.NS,Bajaj Finance,Finance
2023-07-27,720.3267211914062,749.3806926718662,718.7049663380766,749.3806926718662,21471720,BAJFINANCE.NS,Bajaj Finance,Finance
2023-07-28,729.9685668945312,731.254189001507,712.9990190187492,723.7780851969835,10070500,BAJFINANCE.NS,Bajaj Finance,Finance
2023-07-31,721.9288940429688,728.8116203700365,720.0252074606435,726.3492615300701,7493150,BAJFINANCE.NS,Bajaj Finance,Finance
2023-08-01,718.9027099609375,724.8658234007877,716.3612826309005,721.9288107688683,7527650,BAJFINANCE.NS,Bajaj Finance,Finance
2023-08-02,712.3511962890625,720.9101794489335,706.5710880881522,720.9101794489335,8985360,BAJFINANCE.NS,Bajaj Finance,Finance
2023-08-03,702.9468383789062,714.4131389196965,694.0170159187077,709.5378547010682,10818980,BAJFINANCE.NS,Bajaj Finance,Finance
2023-08-04,706.93701171875,712.5045398777197,699.2829129254101,705.9778048769389,7313490,BAJFINANCE.NS,Bajaj Finance,Finance
2023-08-07,704.3115234375,710.3042727499725,699.3125660356488,708.2522871085881,7184090,BAJFINANCE.NS,Bajaj Finance,Finance
2023-08-08,709.3994140625,712.5045838478729,700.6525963387294,705.5822631165265,8073620,BAJFINANCE.NS,Bajaj Finance,Finance
2023-08-09,704.6279296875,713.3946049498472,701.1321843525876,712.0101166909211,5115720,BAJFINANCE.NS,Bajaj Finance,Finance
2023-08-10,706.4573974609375,709.4389541463732,701.3299384143273,702.1259979941526,6161300,BAJFINANCE.NS,Bajaj Finance,Finance
2023-08-11,698.2247924804688,707.9556237595651,695.3025674550223,706.4574213516,6303960,BAJFINANCE.NS,Bajaj Finance,Finance
2023-08-14,694.0169677734375,698.0566577048834,686.3529705713986,696.1876168045688,6937850,BAJFINANCE.NS,Bajaj Finance,Finance
2023-08-16,690.402587890625,691.6387165229881,684.3208108762607,691.6387165229881,5987950,BAJFINANCE.NS,Bajaj Finance,Finance
2023-08-17,684.6422119140625,694.209835394404,682.6396593995953,694.209835394404,7101180,BAJFINANCE.NS,Bajaj Finance,Finance
2023-08-18,678.5950927734375,683.9054966119958,676.9040470556215,681.7002020625492,7455330,BAJFINANCE.NS,Bajaj Finance,Finance
2023-08-21,696.9985961914062,698.4621532675251,672.5528834699409,672.5528834699409,12308310,BAJFINANCE.NS,Bajaj Finance,Finance
2023-08-22,699.1493530273438,707.4116168759223,697.1764967057185,697.2803121885918,12487800,BAJFINANCE.NS,Bajaj Finance,Finance
2023-08-23,703.7478637695312,706.9667477214593,692.528728342332,702.121099091632,8032480,BAJFINANCE.NS,Bajaj Finance,Finance
2023-08-24,705.824462890625,710.620617590687,704.1976983808458,707.0655408013581,9103600,BAJFINANCE.NS,Bajaj Finance,Finance
2023-08-25,713.1473388671875,719.733405516507,702.2199137138255,703.6044018944215,13032760,BAJFINANCE.NS,Bajaj Finance,Finance
2023-08-28,715.5306396484375,718.0424314953203,705.8888355684554,714.4774555576948,7036260,BAJFINANCE.NS,Bajaj Finance,Finance
2023-08-29,721.2415161132812,722.9819345114156,715.5701121270181,716.9546003259571,14183050,BAJFINANCE.NS,Bajaj Finance,Finance
2023-08-30,718.7445068359375,724.9548459549089,717.7457052601033,724.4702328383768,4602680,BAJFINANCE.NS,Bajaj Finance,Finance
2023-08-31,708.3511352539062,720.4157627064197,705.5822192052581,719.9213112563809,14129800,BAJFINANCE.NS,Bajaj Finance,Finance
2023-09-01,723.936279296875,724.8065187072389,707.5600491276065,708.8999932883831,6760760,BAJFINANCE.NS,Bajaj Finance,Finance
2023-09-04,718.9572143554688,728.8214974539898,717.7853667365629,728.8214974539898,5813630,BAJFINANCE.NS,Bajaj Finance,Finance
2023-09-05,726.3590698242188,727.6792165505018,719.9213023669519,720.2179611617435,12213530,BAJFINANCE.NS,Bajaj Finance,Finance
2023-09-06,730.5817260742188,731.4914998577635,720.9794570202578,723.4121799251719,6051570,BAJFINANCE.NS,Bajaj Finance,Finance
2023-09-07,728.1490478515625,730.5817709057587,722.265063062124,729.8103976113132,5496220,BAJFINANCE.NS,Bajaj Finance,Finance
2023-09-08,732.8413696289062,736.7277509931089,728.8214767087295,730.7992826156731,6246420,BAJFINANCE.NS,Bajaj Finance,Finance
2023-09-11,730.96240234375,736.1393549821572,728.030338997531,734.2604152981893,4068490,BAJFINANCE.NS,Bajaj Finance,Finance
2023-09-12,734.8834228515625,737.6227032212357,722.4430073687112,733.8648238845564,9635170,BAJFINANCE.NS,Bajaj Finance,Finance
2023-09-13,739.2939453125,742.4930317070101,729.8746210501239,734.6856239997034,5798460,BAJFINANCE.NS,Bajaj Finance,Finance
2023-09-14,741.113525390625,742.8342068543316,734.4631772415403,739.2939777757487,6503720,BAJFINANCE.NS,Bajaj Finance,Finance
2023-09-15,740.9058837890625,748.1199747008536,737.2815759881529,741.578390950415,7874940,BAJFINANCE.NS,Bajaj Finance,Finance
2023-09-18,746.4882202148438,747.6106347271459,738.2160566452571,740.5795491959524,7066180,BAJFINANCE.NS,Bajaj Finance,Finance
2023-09-20,745.533935546875,756.2140750115316,739.9960429800516,740.5547755441771,8441900,BAJFINANCE.NS,Bajaj Finance,Finance
2023-09-21,740.1146850585938,749.9493315562049,734.260396841882,744.6438772012622,6757250,BAJFINANCE.NS,Bajaj Finance,Finance
2023-09-22,738.843994140625,749.2917559238169,737.0886673112819,741.0789244011612,5263040,BAJFINANCE.NS,Bajaj Finance,Finance
2023-09-25,773.3072509765625,776.2789091396079,742.6661078694559,749.0939769788454,23475330,BAJFINANCE.NS,Bajaj Finance,Finance
2023-09-26,778.3309326171875,781.2284111289094,768.8720731232289,773.3122378818231,12468200,BAJFINANCE.NS,Bajaj Finance,Finance
2023-09-27,775.0576171875,776.7832479638334,765.6828367684684,776.7832479638334,7441100,BAJFINANCE.NS,Bajaj Finance,Finance
2023-09-28,765.3119506835938,774.2120764606503,763.2401677971906,771.813938728893,7775050,BAJFINANCE.NS,Bajaj Finance,Finance
2023-09-29,772.4073486328125,776.0909878109832,763.9274941504476,765.3119823606537,5730050,BAJFINANCE.NS,Bajaj Finance,Finance
2023-10-03,787.9182739257812,788.6994854777103,766.8941888903087,769.445575239037,9445550,BAJFINANCE.NS,Bajaj Finance,Finance
2023-10-04,776.6893310546875,795.374610785803,773.3220876221122,793.5945975917456,11763840,BAJFINANCE.NS,Bajaj Finance,Finance
2023-10-05,776.3778076171875,782.7018006462241,774.004416503966,782.7018006462241,7950610,BAJFINANCE.NS,Bajaj Finance,Finance
2023-10-06,807.7902221679688,810.109230748623,775.7942896144405,776.2887410418556,21450340,BAJFINANCE.NS,Bajaj Finance,Finance
2023-10-09,793.8616333007812,804.4725425437314,792.9023660618836,801.2141242531701,7478000,BAJFINANCE.NS,Bajaj Finance,Finance
2023-10-10,799.3895263671875,804.4725017120741,793.1989846131686,796.5612785852189,9650240,BAJFINANCE.NS,Bajaj Finance,Finance
2023-10-11,801.2041625976562,808.2302981270986,800.5613515933562,804.9471333779061,7123720,BAJFINANCE.NS,Bajaj Finance,Finance
2023-10-12,792.5364379882812,803.681392902601,791.418972890995,803.4836002525088,7640920,BAJFINANCE.NS,Bajaj Finance,Finance
2023-10-13,796.22998046875,799.3203020262785,786.7760711742726,791.077834997058,6622820,BAJFINANCE.NS,Bajaj Finance,Finance
2023-10-16,794.682373046875,797.9458010130005,789.4066145268058,795.5031793817004,4382460,BAJFINANCE.NS,Bajaj Finance,Finance
2023-10-17,800.319091796875,806.8458870447345,796.8134479739599,799.0335301194888,8382830,BAJFINANCE.NS,Bajaj Finance,Finance
2023-10-18,777.9254760742188,799.4884975720454,776.288812726577,796.0668716495471,15446420,BAJFINANCE.NS,Bajaj Finance,Finance
2023-10-19,775.4531860351562,783.5077591488215,764.5208113112154,775.6262319718718,10614530,BAJFINANCE.NS,Bajaj Finance,Finance
2023-10-20,768.2984619140625,774.5433864486874,763.6803020443698,772.333202844484,7711530,BAJFINANCE.NS,Bajaj Finance,Finance
2023-10-23,771.2355346679688,779.7400758783622,767.5221992692816,771.3442995063751,8822300,BAJFINANCE.NS,Bajaj Finance,Finance
2023-10-25,760.9064331054688,776.976105947928,759.0818757874298,771.235531600071,7087740,BAJFINANCE.NS,Bajaj Finance,Finance
2023-10-26,733.9439086914062,757.1039964978623,731.9067712382689,754.0483204970762,13246300,BAJFINANCE.NS,Bajaj Finance,Finance
2023-10-27,742.38916015625,746.5228274156469,733.4297022478072,742.6611325983672,9119440,BAJFINANCE.NS,Bajaj Finance,Finance
2023-10-30,741.978759765625,744.3323534221029,727.0908343181081,742.2507321976938,7992760,BAJFINANCE.NS,Bajaj Finance,Finance
2023-10-31,740.9503784179688,749.5587350831453,737.7710288972904,748.5797308263745,7494100,BAJFINANCE.NS,Bajaj Finance,Finance
2023-11-01,738.8983764648438,746.5228397198252,737.4892018730178,743.6549971038137,4627780,BAJFINANCE.NS,Bajaj Finance,Finance
2023-11-02,736.6436157226562,753.0495410134125,732.8956955467637,744.6438665569267,8550300,BAJFINANCE.NS,Bajaj Finance,Finance
2023-11-03,732.9254150390625,745.430051278167,729.0637202082291,744.4460977124863,11387550,BAJFINANCE.NS,Bajaj Finance,Finance
2023-11-06,747.8133544921875,748.7923587322433,736.0009017912865,737.3259979125064,6340430,BAJFINANCE.NS,Bajaj Finance,Finance
2023-11-07,741.2420654296875,755.5218259149593,736.3370852498974,755.5218259149593,15630070,BAJFINANCE.NS,Bajaj Finance,Finance
2023-11-08,737.7166137695312,745.2372010065922,732.4457444143882,744.3472246116446,9167170,BAJFINANCE.NS,Bajaj Finance,Finance
2023-11-09,730.472900390625,740.1938329594809,728.495094557734,740.1938329594809,7717910,BAJFINANCE.NS,Bajaj Finance,Finance
2023-11-10,736.2183837890625,737.1282178802444,726.4925627650024,728.8214096917744,4962610,BAJFINANCE.NS,Bajaj Finance,Finance
2023-11-13,727.9166259765625,736.7326737599126,723.7780696798894,736.5151440897621,7322400,BAJFINANCE.NS,Bajaj Finance,Finance
2023-11-15,714.4131469726562,739.3236145596386,704.0148180250579,735.6844589667159,19234400,BAJFINANCE.NS,Bajaj Finance,Finance
2023-11-16,728.0748291015625,729.8795890110422,685.4333398092524,686.7485975995427,45570430,BAJFINANCE.NS,Bajaj Finance,Finance
2023-11-17,714.0867919921875,717.9435376183999,702.9171501356352,706.1261353615141,20800340,BAJFINANCE.NS,Bajaj Finance,Finance
2023-11-20,699.015869140625,715.8668126970628,697.1864229718058,707.1644191431084,19029400,BAJFINANCE.NS,Bajaj Finance,Finance
2023-11-21,702.4326171875,704.9741050692668,695.1987895307713,700.6377558784516,16662250,BAJFINANCE.NS,Bajaj Finance,Finance
2023-11-22,704.9246215820312,709.8196426586155,698.709333045161,700.7811160100655,10414040,BAJFINANCE.NS,Bajaj Finance,Finance
2023-11-23,699.5152587890625,708.0544446043598,697.7698307630598,705.5821874653781,6061580,BAJFINANCE.NS,Bajaj Finance,Finance
2023-11-24,694.2890014648438,703.7824456612401,693.3198355285142,702.9122062348217,7264990,BAJFINANCE.NS,Bajaj Finance,Finance
2023-11-28,704.8455200195312,705.5822478814035,695.1888683219288,695.693218478721,7281580,BAJFINANCE.NS,Bajaj Finance,Finance
2023-11-29,705.0977172851562,708.9049695818533,703.510547330593,705.4834039298802,6824300,BAJFINANCE.NS,Bajaj Finance,Finance
2023-11-30,704.2868041992188,708.4105126580453,700.7020309554631,705.2856058499068,12719340,BAJFINANCE.NS,Bajaj Finance,Finance
2023-12-01,717.8792724609375,719.9065114703799,706.2745106367365,708.054523904592,9004770,BAJFINANCE.NS,Bajaj Finance,Finance
2023-12-04,732.544677734375,733.7659583408794,723.3874271414912,725.8547350703577,11014260,BAJFINANCE.NS,Bajaj Finance,Finance
2023-12-05,726.8238525390625,735.7437762375278,723.8818904801752,734.7548733124773,15222420,BAJFINANCE.NS,Bajaj Finance,Finance
2023-12-06,734.4680786132812,737.6226812099829,728.3319193520455,730.7992272052545,7018000,BAJFINANCE.NS,Bajaj Finance,Finance
2023-12-07,730.9179077148438,735.743758702704,724.4702414826704,730.7992441952933,6688620,BAJFINANCE.NS,Bajaj Finance,Finance
2023-12-08,722.6506958007812,731.6002550106168,719.3279965291479,730.8536284894523,11443880,BAJFINANCE.NS,Bajaj Finance,Finance
2023-12-11,721.1822509765625,727.1107195631297,718.9374218784825,724.3714389708716,5900550,BAJFINANCE.NS,Bajaj Finance,Finance
2023-12-12,723.3380126953125,727.2392420139957,719.9213361571722,719.9213361571722,6333120,BAJFINANCE.NS,Bajaj Finance,Finance
2023-12-13,717.7457885742188,722.3442116881533,712.7024073945512,721.8843452336201,6829550,BAJFINANCE.NS,Bajaj Finance,Finance
2023-12-14,739.1257934570312,742.7896956257157,721.90902041276,728.6730824926539,17295670,BAJFINANCE.NS,Bajaj Finance,Finance
2023-12-15,743.16552734375,744.5351676071671,736.2382572471354,744.5302182637156,11739380,BAJFINANCE.NS,Bajaj Finance,Finance
2023-12-18,750.3399658203125,752.5550986347289,744.248290222825,746.4238886504991,10827980,BAJFINANCE.NS,Bajaj Finance,Finance
2023-12-19,754.7949829101562,755.6800099581673,745.1383316511178,755.6206781987596,7914080,BAJFINANCE.NS,Bajaj Finance,Finance
2023-12-20,741.0789184570312,760.9607922259556,737.73642177951,756.5107291135232,8745460,BAJFINANCE.NS,Bajaj Finance,Finance
2023-12-21,728.5396728515625,739.402757412856,722.4430474564191,734.4186478509464,9130820,BAJFINANCE.NS,Bajaj Finance,Finance
2023-12-22,721.4343872070312,735.7437837059992,716.2623838131826,733.6621623421479,11294850,BAJFINANCE.NS,Bajaj Finance,Finance
2023-12-26,708.2819213867188,726.2503309593596,706.5958853602687,724.3713912620949,12258440,BAJFINANCE.NS,Bajaj Finance,Finance
2023-12-27,715.2537841796875,724.2132428622983,711.1102782337936,713.978060692493,16052790,BAJFINANCE.NS,Bajaj Finance,Finance
2023-12-28,717.8099365234375,720.9101565245936,712.0100311354012,719.4268022930615,18560640,BAJFINANCE.NS,Bajaj Finance,Finance
2023-12-29,724.6433715820312,726.1514123416264,712.5194119543202,715.13996851463,9128020,BAJFINANCE.NS,Bajaj Finance,Finance
2024-01-01,721.80517578125,725.5530959166534,719.2290427705543,725.5530959166534,3314890,BAJFINANCE.NS,Bajaj Finance,Finance
2024-01-02,734.7598266601562,736.2481303990959,719.9262827035571,724.272530397351,11129900,BAJFINANCE.NS,Bajaj Finance,Finance
2024-01-03,730.2850341796875,740.2779395735253,728.6434818334453,736.2332999340783,5534050,BAJFINANCE.NS,Bajaj Finance,Finance
2024-01-04,762.0040893554688,764.8126002318069,747.6106144641175,747.6106144641175,29118790,BAJFINANCE.NS,Bajaj Finance,Finance
2024-01-05,762.557861328125,770.256504318614,758.7950929810448,764.9114550934808,10526010,BAJFINANCE.NS,Bajaj Finance,Finance
2024-01-08,765.0153198242188,774.3110319628247,754.6615346138008,759.1808284673047,11212090,BAJFINANCE.NS,Bajaj Finance,Finance
2024-01-09,763.9719848632812,772.3331759020847,761.2574511927395,768.7731495545083,12470830,BAJFINANCE.NS,Bajaj Finance,Finance
2024-01-10,759.5317993164062,764.9411294921276,757.4996111274063,763.0374431491695,5590720,BAJFINANCE.NS,Bajaj Finance,Finance
2024-01-11,758.4638061523438,770.6817429853727,756.6145624883184,759.4774558061606,6517410,BAJFINANCE.NS,Bajaj Finance,Finance
2024-01-12,757.6034545898438,763.3292411436346,753.247368599651,759.8730302560147,8086380,BAJFINANCE.NS,Bajaj Finance,Finance
2024-01-15,739.5015869140625,761.2525016758187,737.1282561355011,761.2525016758187,9972200,BAJFINANCE.NS,Bajaj Finance,Finance
2024-01-16,737.3903198242188,753.0001871844761,734.5472237529737,739.2049785237344,11947230,BAJFINANCE.NS,Bajaj Finance,Finance
2024-01-17,727.7188110351562,739.5213645833167,722.116637548373,722.2254627379597,13802710,BAJFINANCE.NS,Bajaj Finance,Finance
2024-01-18,718.4923095703125,727.0166473873628,715.3723524358429,721.5035018761598,16869960,BAJFINANCE.NS,Bajaj Finance,Finance
2024-01-19,723.7879638671875,730.6806491222688,718.0671866036704,727.8326036705821,8308100,BAJFINANCE.NS,Bajaj Finance,Finance
2024-01-23,699.2236328125,727.3381371100601,696.4448178708938,727.1304457567711,25332970,BAJFINANCE.NS,Bajaj Finance,Finance
2024-01-24,697.70068359375,702.516635830037,691.9155654838189,702.516635830037,20636750,BAJFINANCE.NS,Bajaj Finance,Finance
2024-01-25,700.6871948242188,704.6725028077564,695.7921129987375,697.7007488661789,11683490,BAJFINANCE.NS,Bajaj Finance,Finance
2024-01-29,711.184326171875,714.4773897004653,700.6475972499821,700.6871316368151,18603610,BAJFINANCE.NS,Bajaj Finance,Finance
2024-01-30,674.1548461914062,691.094757450159,672.9484136427529,691.094757450159,41531470,BAJFINANCE.NS,Bajaj Finance,Finance
2024-01-31,678.6741333007812,684.4196565982251,673.6406514604074,674.4317616899417,18105120,BAJFINANCE.NS,Bajaj Finance,Finance
2024-02-01,666.846923828125,680.3602605190216,665.8283248474089,678.9708833006581,19111370,BAJFINANCE.NS,Bajaj Finance,Finance
2024-02-02,677.2304077148438,683.3319218680859,667.8061338582696,668.0039265150391,13675080,BAJFINANCE.NS,Bajaj Finance,Finance
2024-02-05,653.48681640625,681.8485441089881,652.6759087917798,681.7496779629142,17712220,BAJFINANCE.NS,Bajaj Finance,Finance
2024-02-06,652.4930419921875,662.4661505773942,646.2481170693912,657.4227090114159,24395330,BAJFINANCE.NS,Bajaj Finance,Finance
2024-02-07,663.4746704101562,666.2831810073736,655.1728721880445,656.7303458604479,15382370,BAJFINANCE.NS,Bajaj Finance,Finance
2024-02-08,650.2680053710938,666.2733980551434,646.4162088611463,665.7146654443156,21932090,BAJFINANCE.NS,Bajaj Finance,Finance
2024-02-09,658.0654296875,660.3596915985137,649.9069809756037,650.6980912033707,12098740,BAJFINANCE.NS,Bajaj Finance,Finance
2024-02-12,649.6251831054688,659.7812360828563,647.8798152077181,659.5439090235501,5447840,BAJFINANCE.NS,Bajaj Finance,Finance
2024-02-13,653.036865234375,656.532670846935,648.0379682310628,652.6759253268659,9480140,BAJFINANCE.NS,Bajaj Finance,Finance
2024-02-14,657.2743530273438,658.2137625195079,647.7314156611072,649.101055869035,6361260,BAJFINANCE.NS,Bajaj Finance,Finance
2024-02-15,654.5944213867188,660.3300464273348,651.2568739291971,657.2248766772686,8808590,BAJFINANCE.NS,Bajaj Finance,Finance
2024-02-16,654.5745849609375,658.6093256579569,652.8737009595312,657.6253721096629,10294310,BAJFINANCE.NS,Bajaj Finance,Finance
2024-02-19,663.8307495117188,673.1362989885329,655.1778493735877,657.5116456678188,13158810,BAJFINANCE.NS,Bajaj Finance,Finance
2024-02-20,668.8543701171875,671.6628809910871,660.7107689882996,663.7417588779348,11067090,BAJFINANCE.NS,Bajaj Finance,Finance
2024-02-21,661.4573974609375,671.4650902962242,659.1087529992976,671.4650902962242,8549440,BAJFINANCE.NS,Bajaj Finance,Finance
2024-02-22,660.0877685546875,663.2423713736378,648.8192001458722,661.6798878153451,10223740,BAJFINANCE.NS,Bajaj Finance,Finance
2024-02-23,662.3523559570312,664.4439364604978,655.8998002267024,659.9938730501269,12803110,BAJFINANCE.NS,Bajaj Finance,Finance
2024-02-26,656.9529418945312,663.356064133968,655.0690528673524,661.5760509563269,8920560,BAJFINANCE.NS,Bajaj Finance,Finance
2024-02-27,648.3494262695312,656.82928021757,641.9067097632173,655.7414508758554,11503060,BAJFINANCE.NS,Bajaj Finance,Finance
2024-02-28,642.6583862304688,652.3545728791274,640.3146909547527,649.9070621031735,5353210,BAJFINANCE.NS,Bajaj Finance,Finance
2024-02-29,642.3270874023438,646.6436997238424,629.5554268095229,642.6880877001036,16990980,BAJFINANCE.NS,Bajaj Finance,Finance
2024-03-01,649.8526611328125,653.5363005506429,642.9946214544225,643.9488790194872,9190800,BAJFINANCE.NS,Bajaj Finance,Finance
2024-03-04,652.918212890625,656.6265988934682,648.4681496872132,651.4892409079214,3971180,BAJFINANCE.NS,Bajaj Finance,Finance
2024-03-05,625.4068603515625,656.2606407270424,620.239867206623,652.9181443321582,17175580,BAJFINANCE.NS,Bajaj Finance,Finance
2024-03-06,624.121337890625,627.5479129698282,611.9133606571849,626.2227565367214,21047920,BAJFINANCE.NS,Bajaj Finance,Finance
2024-03-07,634.9794921875,639.6817304159486,625.5206333127682,627.9533562326668,14694210,BAJFINANCE.NS,Bajaj Finance,Finance
2024-03-11,636.2354736328125,647.9292637898038,633.2935113231719,647.7314711163663,12039710,BAJFINANCE.NS,Bajaj Finance,Finance
2024-03-12,636.462890625,641.3035900836278,627.0980082658623,633.392366150445,10946770,BAJFINANCE.NS,Bajaj Finance,Finance
2024-03-13,638.4505615234375,644.2653156353725,632.0622871643352,636.7793131416424,11321830,BAJFINANCE.NS,Bajaj Finance,Finance
2024-03-14,632.6456909179688,639.8201863993431,622.7913071643128,638.450546203969,12198650,BAJFINANCE.NS,Bajaj Finance,Finance
2024-03-15,644.2059326171875,650.500289668009,628.9422193772743,630.430523011189,19705000,BAJFINANCE.NS,Bajaj Finance,Finance
2024-03-18,643.2467651367188,648.2258647870518,638.4456004113996,644.2059719984294,6764250,BAJFINANCE.NS,Bajaj Finance,Finance
2024-03-19,652.3051147460938,659.3213522729039,643.2813752394678,643.7461306587277,14080870,BAJFINANCE.NS,Bajaj Finance,Finance
2024-03-20,657.5709838867188,665.6305061655747,653.2692201325056,653.6648054287006,14908310,BAJFINANCE.NS,Bajaj Finance,Finance
2024-03-21,664.1224975585938,669.6504311391669,658.3275408723007,663.3066405694403,18060920,BAJFINANCE.NS,Bajaj Finance,Finance
2024-03-22,668.58740234375,672.7506450116877,661.2101648250671,663.0594084585088,11252380,BAJFINANCE.NS,Bajaj Finance,Finance
2024-03-26,683.341796875,686.7930583099001,667.0150004752018,667.9544702939183,18503210,BAJFINANCE.NS,Bajaj Finance,Finance
2024-03-27,694.4818725585938,697.0777429115047,682.8375156895393,686.8673074518184,15512750,BAJFINANCE.NS,Bajaj Finance,Finance
2024-03-28,716.48486328125,726.7743660744383,695.406396567942,695.406396567942,35745180,BAJFINANCE.NS,Bajaj Finance,Finance
2024-04-01,717.048583984375,726.1959366345027,713.992907548133,718.0671830350213,11252380,BAJFINANCE.NS,Bajaj Finance,Finance
2024-04-02,712.7418212890625,717.4490084518035,705.582174404358,717.0484738309394,9676150,BAJFINANCE.NS,Bajaj Finance,Finance
2024-04-03,722.8139038085938,724.2082908208656,710.6405104511324,711.713491921012,9589430,BAJFINANCE.NS,Bajaj Finance,Finance
2024-04-04,720.257568359375,726.8436351489883,717.4490575518245,726.349183696506,10405890,BAJFINANCE.NS,Bajaj Finance,Finance
2024-04-05,709.6021118164062,717.8446392163069,707.658891060555,715.4465013976555,12004940,BAJFINANCE.NS,Bajaj Finance,Finance
2024-04-08,709.888916015625,714.6752329060805,706.3536362150252,713.4934866243086,5182100,BAJFINANCE.NS,Bajaj Finance,Finance
2024-04-09,711.3771362304688,715.5057935375718,704.5438441276508,713.9878542276537,7102810,BAJFINANCE.NS,Bajaj Finance,Finance
2024-04-10,715.0015869140625,717.3502314444465,708.0545194757877,715.5603195008678,5679860,BAJFINANCE.NS,Bajaj Finance,Finance
2024-04-12,714.9323120117188,718.339089740595,707.6885862073565,714.3834781458953,10925880,BAJFINANCE.NS,Bajaj Finance,Finance
2024-04-15,699.7723999023438,711.8914095157133,698.5065752451884,706.5760565399491,7584480,BAJFINANCE.NS,Bajaj Finance,Finance
2024-04-16,687.707763671875,695.623935944621,685.4085524363373,693.2159598796806,9632930,BAJFINANCE.NS,Bajaj Finance,Finance
2024-04-18,681.6705932617188,691.7376181166,678.9807458337842,685.1218549228721,13851330,BAJFINANCE.NS,Bajaj Finance,Finance
2024-04-19,704.0494384765625,707.0655802789108,673.4478306997319,676.4145394281749,12183750,BAJFINANCE.NS,Bajaj Finance,Finance
2024-04-22,721.1277465820312,722.4924374179874,708.7763589700576,708.7763589700576,11652720,BAJFINANCE.NS,Bajaj Finance,Finance
2024-04-23,717.9336547851562,725.8448785148761,715.6492913475136,722.7892021496662,10815670,BAJFINANCE.NS,Bajaj Finance,Finance
2024-04-24,724.78173828125,733.7115603298254,716.9545936531564,720.2179611113195,8869290,BAJFINANCE.NS,Bajaj Finance,Finance
2024-04-25,721.394775390625,728.3121464292608,704.6032232646588,724.8658342679078,11733540,BAJFINANCE.NS,Bajaj Finance,Finance
2024-04-26,665.6503295898438,692.2320449443337,661.7244139638533,692.2320449443337,58147230,BAJFINANCE.NS,Bajaj Finance,Finance
2024-04-29,675.08447265625,676.3700947991734,663.8554987844434,671.4601650123005,16810300,BAJFINANCE.NS,Bajaj Finance,Finance
2024-04-30,684.671875,689.7597999355404,674.624647697459,675.4157579770705,17986750,BAJFINANCE.NS,Bajaj Finance,Finance
2024-05-02,680.6322021484375,689.2603556030838,678.8818247424582,686.0859556405779,11395720,BAJFINANCE.NS,Bajaj Finance,Finance
2024-05-03,685.4580688476562,731.7881455404229,683.0302953294849,724.7669590979696,68186010,BAJFINANCE.NS,Bajaj Finance,Finance
2024-05-06,678.37255859375,694.2049040819707,676.9040522358486,693.0182085002732,12299880,BAJFINANCE.NS,Bajaj Finance,Finance
2024-05-07,679.6284790039062,686.6051818399118,671.26728794106,681.3491604221108,12981260,BAJFINANCE.NS,Bajaj Finance,Finance
2024-05-08,672.3995971679688,680.3207191435722,670.970625218409,679.524659543034,7259250,BAJFINANCE.NS,Bajaj Finance,Finance
2024-05-09,653.1852416992188,675.6877329895308,651.192587783747,672.4441023656302,13811150,BAJFINANCE.NS,Bajaj Finance,Finance
2024-05-10,660.9974975585938,662.3671377062071,652.7945650598544,656.5227482362066,8249080,BAJFINANCE.NS,Bajaj Finance,Finance
2024-05-13,664.4191284179688,666.9457680559324,654.6537123909883,660.9827150224974,5122560,BAJFINANCE.NS,Bajaj Finance,Finance
2024-05-14,660.1619262695312,666.7035093955961,658.3720144075322,663.5538560253485,7558400,BAJFINANCE.NS,Bajaj Finance,Finance
2024-05-15,660.587158203125,665.7245161749065,657.1309472863635,661.7738537924241,5950590,BAJFINANCE.NS,Bajaj Finance,Finance
2024-05-16,667.2276611328125,668.7060661715958,654.9553420785269,662.5995423460143,10598510,BAJFINANCE.NS,Bajaj Finance,Finance
2024-05-17,665.2745361328125,670.4761751132173,662.6687672994169,667.2128075714031,4801580,BAJFINANCE.NS,Bajaj Finance,Finance
2024-05-21,666.8024291992188,670.9706818791789,663.059457921871,663.059457921871,7616240,BAJFINANCE.NS,Bajaj Finance,Finance
2024-05-22,666.9705810546875,670.2240501533721,665.2597378436934,670.2240501533721,4160460,BAJFINANCE.NS,Bajaj Finance,Finance
2024-05-23,675.08935546875,677.7445572582193,665.5365803097966,668.4538558454839,7093170,BAJFINANCE.NS,Bajaj Finance,Finance
2024-05-24,676.10302734375,683.3319051415707,671.7617291189798,674.4317790253997,7420430,BAJFINANCE.NS,Bajaj Finance,Finance
2024-05-27,681.8980102539062,688.2319625568224,673.4429021878743,678.2885507373569,6554710,BAJFINANCE.NS,Bajaj Finance,Finance
2024-05-28,679.677978515625,686.7931429413794,678.0809098059259,683.7226183986805,7528670,BAJFINANCE.NS,Bajaj Finance,Finance
2024-05-29,673.116455078125,683.134045316922,671.0051379331403,680.1673369032487,7213310,BAJFINANCE.NS,Bajaj Finance,Finance
2024-05-30,654.302734375,672.3502138388423,652.0876013473786,670.4663246819454,11555750,BAJFINANCE.NS,Bajaj Finance,Finance
2024-05-31,662.3375244140625,669.6801164832647,656.8688623246592,659.098843225669,28417330,BAJFINANCE.NS,Bajaj Finance,Finance
2024-06-03,683.8807373046875,691.1145644276157,675.7123896989492,687.1738008596595,11482120,BAJFINANCE.NS,Bajaj Finance,Finance
2024-06-04,643.7313232421875,683.9202924169468,630.4948478762619,683.9202924169468,32993870,BAJFINANCE.NS,Bajaj Finance,Finance
2024-06-05,676.0783081054688,678.5852108638021,646.3024550080901,653.0715270320783,12185170,BAJFINANCE.NS,Bajaj Finance,Finance
2024-06-06,684.8944091796875,693.5126644270805,674.6592276242362,677.3985080589265,14657160,BAJFINANCE.NS,Bajaj Finance,Finance
2024-06-07,711.1596069335938,721.8002112104457,686.3974410485613,691.7375405584097,29840520,BAJFINANCE.NS,Bajaj Finance,Finance
2024-06-10,701.0184326171875,716.9545929818677,699.6735391769244,716.9545929818677,8723180,BAJFINANCE.NS,Bajaj Finance,Finance
2024-06-11,705.8887939453125,708.9445305386997,697.275427746262,700.4399291754343,12052130,BAJFINANCE.NS,Bajaj Finance,Finance
2024-06-12,713.765380859375,719.6246181917677,703.6043799017755,706.8677472450717,12685080,BAJFINANCE.NS,Bajaj Finance,Finance
2024-06-13,721.3997802734375,724.371438580474,715.1895008959891,717.172195857354,13454950,BAJFINANCE.NS,Bajaj Finance,Finance
2024-06-14,726.008056640625,728.821456493451,716.657962574695,721.5085000408552,11874880,BAJFINANCE.NS,Bajaj Finance,Finance
2024-06-18,725.3306274414062,734.7005192323682,721.899163130893,728.3270323916475,9469040,BAJFINANCE.NS,Bajaj Finance,Finance
2024-06-19,715.367431640625,726.7398149744196,709.8245898506901,725.3305800576533,5204000,BAJFINANCE.NS,Bajaj Finance,Finance
2024-06-20,712.7122802734375,718.4281080462251,703.2088768726288,713.9879433741869,9001580,BAJFINANCE.NS,Bajaj Finance,Finance
2024-06-21,709.0497436523438,722.0445703156581,703.1610922206856,719.4903241571948,14998180,BAJFINANCE.NS,Bajaj Finance,Finance
2024-06-24,703.8419189453125,706.3365356007052,697.7495074783413,703.2604847306948,6356540,BAJFINANCE.NS,Bajaj Finance,Finance
2024-06-25,703.1064453125,709.6212380548365,695.5083105439859,705.7451313977621,15608110,BAJFINANCE.NS,Bajaj Finance,Finance
2024-06-26,711.4301147460938,713.5221860504696,699.1856620419774,702.6641976740269,9125520,BAJFINANCE.NS,Bajaj Finance,Finance
2024-06-27,712.2798461914062,719.460573942277,703.9611816136837,710.6151305701421,11376060,BAJFINANCE.NS,Bajaj Finance,Finance
2024-06-28,707.1912841796875,718.1685322186668,706.1726065291518,712.1059655688822,8295840,BAJFINANCE.NS,Bajaj Finance,Finance
2024-07-01,723.21240234375,725.9207272336754,703.1611409512669,703.1611409512669,7727450,BAJFINANCE.NS,Bajaj Finance,Finance
2024-07-02,712.1655883789062,723.1328879337183,707.8323412763633,723.0384996523459,12810270,BAJFINANCE.NS,Bajaj Finance,Finance
2024-07-03,721.4284057617188,723.9975745885878,712.6028592214226,714.5856196463048,8363930,BAJFINANCE.NS,Bajaj Finance,Finance
2024-07-04,706.3464965820312,728.0078180184437,705.6458031305052,725.6274863555675,18979770,BAJFINANCE.NS,Bajaj Finance,Finance
2024-07-05,709.4224853515625,710.6051898962447,703.3599189257211,709.0249748175675,9310790,BAJFINANCE.NS,Bajaj Finance,Finance
2024-07-08,705.4718627929688,710.381569642696,700.3782929206246,710.1132060623411,6777050,BAJFINANCE.NS,Bajaj Finance,Finance
2024-07-09,702.4703979492188,709.8597991954725,699.8813929400646,706.6247561509977,9735030,BAJFINANCE.NS,Bajaj Finance,Finance
2024-07-10,701.16845703125,708.5628327082638,697.7942578905146,702.4654466729166,8097140,BAJFINANCE.NS,Bajaj Finance,Finance
2024-07-11,690.7676391601562,704.4432026593713,688.7500593640043,704.4432026593713,9718010,BAJFINANCE.NS,Bajaj Finance,Finance
2024-07-12,696.134521484375,700.1795689990585,687.2642672527176,695.4040435188992,10688330,BAJFINANCE.NS,Bajaj Finance,Finance
2024-07-15,702.0430297851562,704.1549978450303,695.2350628917839,697.699834439601,5333730,BAJFINANCE.NS,Bajaj Finance,Finance
2024-07-16,701.5808715820312,704.6519483721984,696.2239726888939,703.6580810261163,5582000,BAJFINANCE.NS,Bajaj Finance,Finance
2024-07-18,706.6396484375,707.4247817645261,692.8397913076371,700.3882449748814,8646050,BAJFINANCE.NS,Bajaj Finance,Finance
2024-07-19,688.9786376953125,706.6396797641813,686.7623329353718,706.6396797641813,9385980,BAJFINANCE.NS,Bajaj Finance,Finance
2024-07-22,684.203125,691.5925263932671,680.739511809894,688.9488659071203,5751930,BAJFINANCE.NS,Bajaj Finance,Finance
2024-07-23,668.5845336914062,690.225959062389,657.9401924261825,689.1476517995588,19322120,BAJFINANCE.NS,Bajaj Finance,Finance
2024-07-24,656.6630859375,661.3888693290506,650.0935767208703,658.9340461175844,31006260,BAJFINANCE.NS,Bajaj Finance,Finance
2024-07-25,660.6981811523438,662.5119405080181,651.1272338740966,651.9769710331029,9509650,BAJFINANCE.NS,Bajaj Finance,Finance
2024-07-26,674.81103515625,676.6646486516896,662.6212986541362,663.4114061836091,11101840,BAJFINANCE.NS,Bajaj Finance,Finance
2024-07-29,677.0671997070312,681.2961103946614,672.4258558816498,678.2002231144323,7485650,BAJFINANCE.NS,Bajaj Finance,Finance
2024-07-30,678.17529296875,685.6690914182183,674.1401940578238,677.0671406076982,11794130,BAJFINANCE.NS,Bajaj Finance,Finance
2024-07-31,676.5205688476562,681.2960943669437,675.1341044301417,678.508303623344,8896590,BAJFINANCE.NS,Bajaj Finance,Finance
2024-08-01,673.0121459960938,680.2028222021958,670.8604450731347,678.960488044653,8395230,BAJFINANCE.NS,Bajaj Finance,Finance
2024-08-02,668.3757934570312,670.8604618341949,663.2176194796054,668.3757934570312,6222180,BAJFINANCE.NS,Bajaj Finance,Finance
2024-08-05,655.6244506835938,660.9217805867173,649.2537877299146,660.9217805867173,9440410,BAJFINANCE.NS,Bajaj Finance,Finance
2024-08-06,649.8252563476562,665.5929515605886,647.1567250390367,658.5364572427102,8918280,BAJFINANCE.NS,Bajaj Finance,Finance
2024-08-07,659.6447143554688,661.8510708203485,654.0740464450074,655.9524703505244,4642840,BAJFINANCE.NS,Bajaj Finance,Finance
2024-08-08,654.1832885742188,663.7095282421375,653.1049814038815,658.4420438172821,6903890,BAJFINANCE.NS,Bajaj Finance,Finance
2024-08-09,657.7612915039062,665.8911190814496,655.0579407902627,665.8911190814496,6994900,BAJFINANCE.NS,Bajaj Finance,Finance
2024-08-12,656.762451171875,660.4248499070777,652.3795228768091,657.8507067960495,6748870,BAJFINANCE.NS,Bajaj Finance,Finance
2024-08-13,642.5402221679688,660.4198862613507,641.2630686408131,660.4198862613507,10723270,BAJFINANCE.NS,Bajaj Finance,Finance
2024-08-14,641.8892211914062,645.0149535036422,639.1511117148166,644.2745271606219,7742760,BAJFINANCE.NS,Bajaj Finance,Finance
2024-08-16,655.0480346679688,655.9524272329264,638.5597492381139,646.5106877500282,7534190,BAJFINANCE.NS,Bajaj Finance,Finance
2024-08-19,657.577392578125,661.5180424036324,655.3163202343554,659.7290934180094,5287300,BAJFINANCE.NS,Bajaj Finance,Finance
2024-08-20,668.0974731445312,673.2358109601968,657.577426189841,660.6583906747377,9571590,BAJFINANCE.NS,Bajaj Finance,Finance
2024-08-21,669.4044189453125,670.59209770796,665.3941908785135,668.0726706662808,6331110,BAJFINANCE.NS,Bajaj Finance,Finance
2024-08-22,670.224365234375,672.351255901818,668.2664756906412,670.8604548909493,7282600,BAJFINANCE.NS,Bajaj Finance,Finance
2024-08-23,669.4541625976562,672.0531160191972,666.3830857870794,671.3573967401463,6180450,BAJFINANCE.NS,Bajaj Finance,Finance
2024-08-26,673.6781005859375,677.7181738114756,671.4617351343454,673.4444956552076,8983430,BAJFINANCE.NS,Bajaj Finance,Finance
2024-08-27,682.1507568359375,683.1198138660923,668.872704045291,673.6780743587665,20359020,BAJFINANCE.NS,Bajaj Finance,Finance
2024-08-28,685.7684936523438,687.4580803340922,680.9979423504107,683.3831876709518,8489860,BAJFINANCE.NS,Bajaj Finance,Finance
2024-08-29,702.0231323242188,711.4102164531832,683.9347956052668,684.6801960962405,26391590,BAJFINANCE.NS,Bajaj Finance,Finance
2024-08-30,715.5994262695312,717.0802789395087,702.76856460116,702.76856460116,20443670,BAJFINANCE.NS,Bajaj Finance,Finance
2024-09-02,739.4423217773438,740.4312149901335,718.4667696554383,722.9391729674592,22963780,BAJFINANCE.NS,Bajaj Finance,Finance
2024-09-03,730.8701782226562,741.4250446488375,716.1907380210192,741.4250446488375,18986560,BAJFINANCE.NS,Bajaj Finance,Finance
2024-09-04,725.4734497070312,733.1759213026271,720.0817317222834,721.0457538886551,8867460,BAJFINANCE.NS,Bajaj Finance,Finance
2024-09-05,720.0469360351562,728.1717893689445,714.8887621385913,727.5108894288851,6734470,BAJFINANCE.NS,Bajaj Finance,Finance
2024-09-06,727.2276611328125,734.9648916174853,721.1054044009206,721.1054044009206,18428270,BAJFINANCE.NS,Bajaj Finance,Finance
2024-09-09,730.2390747070312,733.2703580483353,721.8260214040064,727.9084848454536,8789380,BAJFINANCE.NS,Bajaj Finance,Finance
2024-09-10,719.7438354492188,732.4752739711433,714.8887836644249,732.4752739711433,13089320,BAJFINANCE.NS,Bajaj Finance,Finance
2024-09-11,730.0502319335938,738.642234679187,716.2106410666152,720.5538365804458,11048900,BAJFINANCE.NS,Bajaj Finance,Finance
2024-09-12,738.2744750976562,739.4372828719743,725.1851988742337,737.449548240598,14467640,BAJFINANCE.NS,Bajaj Finance,Finance
2024-09-13,755.1900634765625,761.3023717964473,730.6912702845822,738.2744828356314,22084380,BAJFINANCE.NS,Bajaj Finance,Finance
2024-09-16,730.0701293945312,763.290133829076,727.7096944103594,763.290133829076,26795550,BAJFINANCE.NS,Bajaj Finance,Finance
2024-09-17,732.0330200195312,740.9281453656827,724.1466846411676,729.2502034367132,15677860,BAJFINANCE.NS,Bajaj Finance,Finance
2024-09-18,758.4300537109375,762.5446788533827,733.3249562400196,734.1945901194548,29749930,BAJFINANCE.NS,Bajaj Finance,Finance
2024-09-19,754.3800659179688,770.0483990125776,751.3637052470688,762.7931795993721,17206440,BAJFINANCE.NS,Bajaj Finance,Finance
2024-09-20,753.594970703125,760.8054834362413,744.1333337837323,758.8177486656697,16450040,BAJFINANCE.NS,Bajaj Finance,Finance
2024-09-23,754.8521728515625,758.912082003566,748.5510273942898,757.898378593347,5734970,BAJFINANCE.NS,Bajaj Finance,Finance
2024-09-24,750.7872924804688,755.6820772812862,743.8004362192581,755.0410740592386,10695400,BAJFINANCE.NS,Bajaj Finance,Finance
2024-09-25,757.7145385742188,759.3146504386599,745.206696218289,749.872910675352,12720380,BAJFINANCE.NS,Bajaj Finance,Finance
2024-09-26,772.075927734375,773.1691575392751,754.1018151308377,759.3146444535706,16681650,BAJFINANCE.NS,Bajaj Finance,Finance
2024-09-27,770.8434448242188,776.2103524473478,766.3710420252263,773.2287505813528,11781310,BAJFINANCE.NS,Bajaj Finance,Finance
2024-09-30,765.5759887695312,777.6018198056745,762.907457426757,769.8496061373972,9619520,BAJFINANCE.NS,Bajaj Finance,Finance
2024-10-01,765.5759887695312,776.6725562826821,760.4078665442956,761.3123197806568,7882880,BAJFINANCE.NS,Bajaj Finance,Finance
2024-10-03,738.8260498046875,765.2778181913721,733.5734271733912,756.3330125242003,10406620,BAJFINANCE.NS,Bajaj Finance,Finance
2024-10-04,716.7125244140625,738.4434238087,711.112072321837,737.449556481905,17681110,BAJFINANCE.NS,Bajaj Finance,Finance
2024-10-07,722.4818725585938,727.9084096672511,714.6204091776324,716.712480360473,9362270,BAJFINANCE.NS,Bajaj Finance,Finance
2024-10-08,714.2874755859375,725.0659374750487,711.6139700883193,722.0296801140275,9038050,BAJFINANCE.NS,Bajaj Finance,Finance
2024-10-09,725.5678100585938,738.1253326501046,716.1906748453523,717.1745937313798,10543750,BAJFINANCE.NS,Bajaj Finance,Finance
2024-10-10,727.4810791015625,732.2814755457271,722.8397354087292,727.5109242402563,5594270,BAJFINANCE.NS,Bajaj Finance,Finance
2024-10-11,725.721923828125,728.5047401713715,718.1734700449191,728.0078065150473,3615870,BAJFINANCE.NS,Bajaj Finance,Finance
2024-10-14,716.4590454101562,726.8996259775038,715.5844373560757,724.7976063985053,4451810,BAJFINANCE.NS,Bajaj Finance,Finance
2024-10-15,697.3867797851562,721.1650438836688,693.6200443852651,720.0469431204706,14855670,BAJFINANCE.NS,Bajaj Finance,Finance
2024-10-16,691.368896484375,701.605717653894,687.7561791037233,696.7009849013151,11256980,BAJFINANCE.NS,Bajaj Finance,Finance
2024-10-17,685.7188110351562,695.5879068402902,682.8862526053483,693.8138195967275,6897550,BAJFINANCE.NS,Bajaj Finance,Finance
2024-10-18,685.7237548828125,689.6097494762975,677.8871012317123,685.0727426604419,7449290,BAJFINANCE.NS,Bajaj Finance,Finance
2024-10-21,673.9315185546875,690.8123404474528,667.605502099843,686.6679307028929,22099660,BAJFINANCE.NS,Bajaj Finance,Finance
2024-10-22,663.6946411132812,679.1095330759733,660.2906576471223,675.8297830258117,17006190,BAJFINANCE.NS,Bajaj Finance,Finance
2024-10-23,695.2897338867188,705.5315295930252,656.0518098744292,656.5239332596005,26373910,BAJFINANCE.NS,Bajaj Finance,Finance
2024-10-24,699.7720947265625,707.9167843431449,694.7729127990322,696.9494847393045,8951250,BAJFINANCE.NS,Bajaj Finance,Finance
2024-10-25,686.7772216796875,701.6653343097412,685.1025577182729,699.7720486611843,10223240,BAJFINANCE.NS,Bajaj Finance,Finance
2024-10-28,686.896484375,700.1795111005765,683.2837670427912,687.7561698816168,7149810,BAJFINANCE.NS,Bajaj Finance,Finance
2024-10-29,697.943359375,701.670362006052,676.048432134572,686.6728767279247,14097500,BAJFINANCE.NS,Bajaj Finance,Finance
2024-10-30,691.2347412109375,697.7395860249301,688.9488584404686,695.6077818107597,5660440,BAJFINANCE.NS,Bajaj Finance,Finance
2024-10-31,684.749755859375,692.8050922470427,683.7558884764892,690.638468631654,7301530,BAJFINANCE.NS,Bajaj Finance,Finance
2024-11-01,688.1139526367188,690.196136184048,685.9672259489859,688.7500422704345,450110,BAJFINANCE.NS,Bajaj Finance,Finance
2024-11-04,680.1729736328125,693.222456410658,671.148641372924,693.222456410658,7162390,BAJFINANCE.NS,Bajaj Finance,Finance
2024-11-05,688.7847900390625,697.1929291430997,667.0837366036097,680.302159417016,12234300,BAJFINANCE.NS,Bajaj Finance,Finance
2024-11-06,696.3233032226562,698.1023038526447,685.0031401113711,689.2469728959719,6962620,BAJFINANCE.NS,Bajaj Finance,Finance
2024-11-07,686.2157592773438,699.5783137655197,682.7869046111001,696.3233737623123,4590470,BAJFINANCE.NS,Bajaj Finance,Finance
2024-11-08,685.3659057617188,690.8918662981018,679.9046096884491,686.2157035701208,4248400,BAJFINANCE.NS,Bajaj Finance,Finance
2024-11-11,673.7228393554688,686.1859147392864,671.0742045669085,681.7930378072579,7623160,BAJFINANCE.NS,Bajaj Finance,Finance
2024-11-12,659.7490234375,679.4921883965568,657.4432439345728,677.7181618894114,10572330,BAJFINANCE.NS,Bajaj Finance,Finance
2024-11-13,652.5732421875,666.1146840933884,648.6574026154368,659.4309507931689,8673470,BAJFINANCE.NS,Bajaj Finance,Finance
2024-11-14,650.8986206054688,659.873271988564,648.9953864478957,653.1994259716071,5277030,BAJFINANCE.NS,Bajaj Finance,Finance
2024-11-18,652.76708984375,661.6175077220023,651.480048609186,659.2322018151576,5965350,BAJFINANCE.NS,Bajaj Finance,Finance
2024-11-19,655.4853515625,660.4049463345118,652.0763332271422,655.390902622179,8040460,BAJFINANCE.NS,Bajaj Finance,Finance
2024-11-21,642.599853515625,657.3438976728772,641.1438111391185,657.3438976728772,11010800,BAJFINANCE.NS,Bajaj Finance,Finance
2024-11-22,664.2960205078125,668.1174115451759,641.6457436295472,643.0322080645903,9698550,BAJFINANCE.NS,Bajaj Finance,Finance
2024-11-25,664.4400024414062,682.0910948515428,662.6411051102406,674.8259275387212,11327510,BAJFINANCE.NS,Bajaj Finance,Finance
2024-11-26,657.7364501953125,669.8467218758036,656.7922640457783,668.0776694711224,6632780,BAJFINANCE.NS,Bajaj Finance,Finance
2024-11-27,666.4078979492188,669.2006625374767,657.1698580450983,660.9217312348668,6420100,BAJFINANCE.NS,Bajaj Finance,Finance
2024-11-28,646.947998046875,668.5000085325825,645.5168266744654,667.2825453255184,15768820,BAJFINANCE.NS,Bajaj Finance,Finance
2024-11-29,653.5572509765625,656.8469494464103,647.0423971795695,647.9021433840127,7096430,BAJFINANCE.NS,Bajaj Finance,Finance
2024-12-02,660.9863891601562,662.4125863758068,645.1192702841018,655.4555149510046,9202490,BAJFINANCE.NS,Bajaj Finance,Finance
2024-12-03,663.451171875,668.1173864237712,659.0135880691056,665.5084845957932,13136660,BAJFINANCE.NS,Bajaj Finance,Finance
2024-12-04,669.8665771484375,672.2916158482277,662.5964352385603,666.0650224975843,11304410,BAJFINANCE.NS,Bajaj Finance,Finance
2024-12-05,680.8388671875,684.7646553497561,664.4450301121973,671.8543281869296,13482430,BAJFINANCE.NS,Bajaj Finance,Finance
2024-12-06,680.8289184570312,689.2469450347716,673.7078207138692,683.3781297453528,8332070,BAJFINANCE.NS,Bajaj Finance,Finance
2024-12-09,682.6228637695312,688.2531001443601,678.6026268950453,680.8090438283174,8409100,BAJFINANCE.NS,Bajaj Finance,Finance
2024-12-10,689.3662719726562,691.6173960970307,680.2078182391663,684.2577791941579,12045630,BAJFINANCE.NS,Bajaj Finance,Finance
2024-12-11,707.1465454101562,712.1059336231641,685.0826788098302,691.7217052173432,19931040,BAJFINANCE.NS,Bajaj Finance,Finance
2024-12-12,708.2100219726562,710.456171917063,703.1611587874203,707.8174249530981,9667960,BAJFINANCE.NS,Bajaj Finance,Finance
2024-12-13,713.8750610351562,717.298880634839,693.7790319064774,705.546447885423,12504360,BAJFINANCE.NS,Bajaj Finance,Finance
2024-12-16,716.4193115234375,720.3549871002771,711.2213444379904,713.8750137318317,7960740,BAJFINANCE.NS,Bajaj Finance,Finance
2024-12-17,710.8934326171875,721.2892457691507,706.6396514490644,715.5844571636095,10318560,BAJFINANCE.NS,Bajaj Finance,Finance
2024-12-18,703.1064453125,713.4774479548367,701.7100326666292,710.5157428713444,7275140,BAJFINANCE.NS,Bajaj Finance,Finance
2024-12-19,687.612060546875,698.1371422372633,684.5608805717452,690.7377927037467,9076750,BAJFINANCE.NS,Bajaj Finance,Finance
2024-12-20,680.6251831054688,698.0924129645838,676.2968497820766,687.0952689080699,27000190,BAJFINANCE.NS,Bajaj Finance,Finance
2024-12-23,682.4588623046875,693.411299689527,681.3904427930831,685.4703094309058,5829280,BAJFINANCE.NS,Bajaj Finance,Finance
2024-12-24,676.644775390625,686.7623377176409,675.2335007409897,683.9795212743992,6014270,BAJFINANCE.NS,Bajaj Finance,Finance
2024-12-26,677.3951416015625,681.5942068314215,675.83476260489,678.8511232785883,3290960,BAJFINANCE.NS,Bajaj Finance,Finance
2024-12-27,686.5387573242188,693.3914315964618,678.8511471088848,680.4860783453122,5554180,BAJFINANCE.NS,Bajaj Finance,Finance
2024-12-30,684.6007080078125,695.2102301237787,682.2899542244089,685.76849004347,4908760,BAJFINANCE.NS,Bajaj Finance,Finance
2024-12-31,678.1156616210938,683.4825694238581,675.0346971874478,682.7818759768597,6153980,BAJFINANCE.NS,Bajaj Finance,Finance
2025-01-01,689.27685546875,690.5340515699199,676.4260971937944,678.1156838285779,4187210,BAJFINANCE.NS,Bajaj Finance,Finance
2025-01-02,734.388427734375,738.4434234105497,692.8248888709156,693.7193937288879,31716510,BAJFINANCE.NS,Bajaj Finance,Finance
2025-01-03,736.182373046875,745.400517038592,731.4118218699979,734.4431051737849,15059280,BAJFINANCE.NS,Bajaj Finance,Finance
2025-01-06,730.4279174804688,755.3292573043357,727.1879001292994,745.400531924833,19059760,BAJFINANCE.NS,Bajaj Finance,Finance
2025-01-07,730.8850708007812,740.1230504742252,725.6672674164859,730.9844332675721,10425380,BAJFINANCE.NS,Bajaj Finance,Finance
2025-01-08,731.0291748046875,734.3138991442013,721.2197088322265,731.6702386621914,8444660,BAJFINANCE.NS,Bajaj Finance,Finance
2025-01-09,723.281982421875,731.0291613513496,719.1623828865226,729.3445489309191,6681410,BAJFINANCE.NS,Bajaj Finance,Finance
2025-01-10,724.33544921875,732.1870251413983,720.061831967282,723.2819523087524,8089630,BAJFINANCE.NS,Bajaj Finance,Finance
2025-01-13,710.7095336914062,721.0607008212897,709.0249819380257,719.5599514378315,6642740,BAJFINANCE.NS,Bajaj Finance,Finance
2025-01-14,729.0016479492188,734.2691323870987,714.7048574585491,718.5660415368577,9980110,BAJFINANCE.NS,Bajaj Finance,Finance
2025-01-15,713.3383178710938,730.4924774555822,706.1626249648591,729.54829137296,6817500,BAJFINANCE.NS,Bajaj Finance,Finance
2025-01-16,721.5228271484375,724.429937683911,714.9931720224164,715.5844939800952,8608490,BAJFINANCE.NS,Bajaj Finance,Finance
2025-01-17,713.8054809570312,724.0273798131597,711.2412862460816,717.6715787903673,6652740,BAJFINANCE.NS,Bajaj Finance,Finance
2025-01-20,739.447265625,742.4189193313131,713.8054998204258,713.8054998204258,10679710,BAJFINANCE.NS,Bajaj Finance,Finance
2025-01-21,724.6932373046875,743.9096836357071,723.2968852738346,740.4311480408842,10032060,BAJFINANCE.NS,Bajaj Finance,Finance
2025-01-22,735.1785888671875,737.474419942342,721.5824305931181,729.3992479941143,7273680,BAJFINANCE.NS,Bajaj Finance,Finance
2025-01-23,739.7603149414062,747.7858057894387,728.0078215937472,729.597985062582,10302950,BAJFINANCE.NS,Bajaj Finance,Finance
2025-01-24,739.2981567382812,745.8974505394998,729.329698703094,739.7603317495092,6796870,BAJFINANCE.NS,Bajaj Finance,Finance
2025-01-27,725.0709228515625,742.8661464773663,721.54768015869,733.4840364742133,6928100,BAJFINANCE.NS,Bajaj Finance,Finance
2025-01-28,755.9951171875,765.9536875174641,729.9955738156234,734.4679769227307,24789330,BAJFINANCE.NS,Bajaj Finance,Finance
2025-01-29,771.206298828125,773.924511450252,752.2532413343686,761.029046289582,15149200,BAJFINANCE.NS,Bajaj Finance,Finance
2025-01-30,785.3191528320312,820.0051467305362,780.1858499375447,780.1858499375447,56488830,BAJFINANCE.NS,Bajaj Finance,Finance
2025-01-31,783.67431640625,793.1707112024116,774.3219911195768,787.6398372375212,18335460,BAJFINANCE.NS,Bajaj Finance,Finance
2025-02-01,795.1038208007812,806.0214389778673,773.666094986311,783.1674643353156,16153780,BAJFINANCE.NS,Bajaj Finance,Finance
2025-02-03,837.4127197265625,838.754416306181,787.2472317754509,787.3615168082749,43369260,BAJFINANCE.NS,Bajaj Finance,Finance
2025-02-04,842.3373413085938,843.7933836731969,825.2080520184254,837.3332458712231,19663000,BAJFINANCE.NS,Bajaj Finance,Finance
2025-02-05,845.7264404296875,853.6028268693608,839.3706394577197,844.7872285257307,18674930,BAJFINANCE.NS,Bajaj Finance,Finance
2025-02-06,845.5127563476562,860.9674422619393,841.0105687686752,848.1912361513441,17094730,BAJFINANCE.NS,Bajaj Finance,Finance
2025-02-07,842.22802734375,853.2351203824257,833.2484625229857,853.2351203824257,9665400,BAJFINANCE.NS,Bajaj Finance,Finance
2025-02-10,823.5979614257812,843.5945670019648,816.9589350238671,842.6802260548585,12438380,BAJFINANCE.NS,Bajaj Finance,Finance
2025-02-11,814.0966186523438,830.3861190729097,808.9434188704632,824.8105377995666,9630590,BAJFINANCE.NS,Bajaj Finance,Finance
2025-02-12,816.36767578125,823.3197733485217,797.578583582877,809.9671673382754,14837310,BAJFINANCE.NS,Bajaj Finance,Finance
2025-02-13,835.7431030273438,844.5884863014132,814.6780766561378,814.6780766561378,18003130,BAJFINANCE.NS,Bajaj Finance,Finance
2025-02-14,834.083251953125,840.3744490767868,823.1209269518953,835.6982863489014,8633150,BAJFINANCE.NS,Bajaj Finance,Finance
2025-02-17,837.4922485351562,843.5946087253166,816.9838463783543,816.9838463783543,8627990,BAJFINANCE.NS,Bajaj Finance,Finance
2025-02-18,841.398193359375,842.7995196434802,830.9426893410053,837.8301828531295,8689770,BAJFINANCE.NS,Bajaj Finance,Finance
2025-02-19,838.7693481445312,847.6694468261812,834.8485343556665,840.7272376138498,8961980,BAJFINANCE.NS,Bajaj Finance,Finance
2025-02-20,834.7938842773438,840.3744395125794,829.446873301159,830.46063736798,7900700,BAJFINANCE.NS,Bajaj Finance,Finance
2025-02-21,834.5205688476562,836.8661418623368,823.7172357606174,830.8730927103885,6086470,BAJFINANCE.NS,Bajaj Finance,Finance
2025-02-24,830.3711547851562,834.7491693579371,826.0080627804753,827.6926751329208,3552600,BAJFINANCE.NS,Bajaj Finance,Finance
2025-02-25,843.674072265625,847.4358332776582,828.6915106962595,830.3711488473276,10985410,BAJFINANCE.NS,Bajaj Finance,Finance
2025-02-27,865.2012329101562,868.5406731998623,849.0211045216874,849.0211045216874,18382830,BAJFINANCE.NS,Bajaj Finance,Finance
2025-02-28,847.7987060546875,861.6830040031357,845.7861003796137,861.186070321473,17545800,BAJFINANCE.NS,Bajaj Finance,Finance
2025-03-03,857.4938354492188,859.7748047479977,838.6352262949131,848.3651660469169,8749960,BAJFINANCE.NS,Bajaj Finance,Finance
2025-03-04,853.3295288085938,856.6440983385812,846.1438871064984,846.9936242997427,7655060,BAJFINANCE.NS,Bajaj Finance,Finance
2025-03-05,824.7806396484375,844.7871929652949,817.0582714259784,840.3147901790081,16300920,BAJFINANCE.NS,Bajaj Finance,Finance
2025-03-06,835.9269409179688,840.7918803410525,822.4798865712621,831.3700372857354,8814220,BAJFINANCE.NS,Bajaj Finance,Finance
2025-03-07,835.2958374023438,841.8056564981108,831.514179365264,835.8325039404815,4729460,BAJFINANCE.NS,Bajaj Finance,Finance
2025-03-10,829.143798828125,858.4926706153201,827.4989192194664,838.6004613783617,10164530,BAJFINANCE.NS,Bajaj Finance,Finance
2025-03-11,828.9300537109375,832.3638822939756,816.0893048938993,825.4068110389812,8135670,BAJFINANCE.NS,Bajaj Finance,Finance
2025-03-12,843.2417602539062,847.2222036981539,822.1817094501092,828.9946504740712,20882230,BAJFINANCE.NS,Bajaj Finance,Finance
2025-03-13,836.8809814453125,850.7504167311477,834.1528205342469,844.7872128755555,12173510,BAJFINANCE.NS,Bajaj Finance,Finance
2025-03-17,852.7728881835938,857.702491749256,833.4570799489434,834.7689920428901,11020850,BAJFINANCE.NS,Bajaj Finance,Finance
2025-03-18,852.7728881835938,852.7728881835938,852.7728881835938,852.7728881835938,0,BAJFINANCE.NS,Bajaj Finance,Finance
2025-03-19,867.80517578125,882.4548312583717,862.9352622348928,864.6645816925422,12898200,BAJFINANCE.NS,Bajaj Finance,Finance
2025-03-20,862.64208984375,871.4278431326916,848.8769908298905,867.1492515262393,7924330,BAJFINANCE.NS,Bajaj Finance,Finance
2025-03-21,886.1420288085938,903.3260336366491,877.684208188832,898.4510853028386,27448010,BAJFINANCE.NS,Bajaj Finance,Finance
2025-03-24,903.430419921875,905.9101141747293,887.2254196184903,904.016767704254,14332170,BAJFINANCE.NS,Bajaj Finance,Finance
2025-03-25,901.1643676757812,920.3261597052347,892.1997252390364,906.9039760074562,17482600,BAJFINANCE.NS,Bajaj Finance,Finance
2025-03-26,881.167724609375,907.0927757475704,879.5676127668488,904.6230299913868,8862110,BAJFINANCE.NS,Bajaj Finance,Finance
2025-03-27,894.86328125,899.9866359964568,876.8146158486542,880.665851905712,20920440,BAJFINANCE.NS,Bajaj Finance,Finance
2025-03-28,889.0739135742188,897.3528450203148,880.6657745285638,894.2420355740359,9770990,BAJFINANCE.NS,Bajaj Finance,Finance
2025-04-01,864.4857177734375,887.0266223080821,861.7823669999043,872.9435387462231,11834240,BAJFINANCE.NS,Bajaj Finance,Finance
2025-04-02,861.6083984375,870.6128337649217,855.9185323993194,867.6461544278009,6464950,BAJFINANCE.NS,Bajaj Finance,Finance
2025-04-03,854.1892700195312,871.1247481339382,840.8316901659209,859.6952734008631,13966330,BAJFINANCE.NS,Bajaj Finance,Finance
2025-04-04,866.5380249023438,874.3051004964104,853.1158417860235,860.2915347763417,18496580,BAJFINANCE.NS,Bajaj Finance,Finance
2025-04-07,851.5455322265625,854.7756011098094,825.6205412588924,828.88536880857,13981240,BAJFINANCE.NS,Bajaj Finance,Finance
2025-04-08,876.8145751953125,881.8584639941574,859.6952348126595,859.6952348126595,14775630,BAJFINANCE.NS,Bajaj Finance,Finance
2025-04-09,868.2225952148438,878.7774608727485,857.2105287703573,876.0940070852985,10487740,BAJFINANCE.NS,Bajaj Finance,Finance
2025-04-11,886.6389770507812,891.8468322003135,875.6667034684273,877.0929006731593,10097220,BAJFINANCE.NS,Bajaj Finance,Finance
2025-04-15,908.4940795898438,923.3027267044474,901.9842608717287,919.8738723686932,12633610,BAJFINANCE.NS,Bajaj Finance,Finance
2025-04-16,900.095947265625,911.5254212506245,890.9026747124733,909.3389010517598,7198220,BAJFINANCE.NS,Bajaj Finance,Finance
2025-04-17,910.6309204101562,913.3640555055209,889.7100257214428,898.4560458944406,11415130,BAJFINANCE.NS,Bajaj Finance,Finance
2025-04-21,921.662841796875,925.7874154699099,908.5438416039183,911.3763392226595,7824150,BAJFINANCE.NS,Bajaj Finance,Finance
2025-04-22,920.3707885742188,933.53953012096,917.3395054824209,923.7996428449733,11293580,BAJFINANCE.NS,Bajaj Finance,Finance
2025-04-23,926.58251953125,929.1168691450222,909.3886264850682,922.5076876550555,10818710,BAJFINANCE.NS,Bajaj Finance,Finance
2025-04-24,924.39599609375,960.0758581506445,921.61317965157,956.1003887587165,18496710,BAJFINANCE.NS,Bajaj Finance,Finance
2025-04-25,905.6119384765625,928.7193542881375,893.486744714233,925.340181044901,10893540,BAJFINANCE.NS,Bajaj Finance,Finance
2025-04-28,903.7235717773438,906.9039594385034,894.5302987638576,902.4315563508615,9946560,BAJFINANCE.NS,Bajaj Finance,Finance
2025-04-29,903.7235717773438,908.9910566150634,890.5051481171497,907.4008931149081,11768180,BAJFINANCE.NS,Bajaj Finance,Finance
2025-04-30,858.15478515625,883.3492984982109,850.3528899743571,878.5787472966435,39690570,BAJFINANCE.NS,Bajaj Finance,Finance
2025-05-02,881.4112548828125,886.0327624284678,851.3467668699565,852.2909530058361,18933030,BAJFINANCE.NS,Bajaj Finance,Finance
2025-05-05,887.7223510742188,897.7603872927656,881.1627900057229,882.3057617507878,8930610,BAJFINANCE.NS,Bajaj Finance,Finance
2025-05-06,874.3547973632812,891.8965802788989,869.6339274712942,885.6351674724266,12040870,BAJFINANCE.NS,Bajaj Finance,Finance
2025-05-07,893.138916015625,894.232145833438,866.9504750148244,869.633928985005,11635570,BAJFINANCE.NS,Bajaj Finance,Finance
2025-05-08,877.8333129882812,901.8849143356405,872.1185758813663,892.1947079369587,12018090,BAJFINANCE.NS,Bajaj Finance,Finance
2025-05-09,859.9691162109375,873.9021887339279,856.3863504309473,860.8648380276228,12151340,BAJFINANCE.NS,Bajaj Finance,Finance
2025-05-12,897.5386352539062,898.683161916931,878.3309120482104,880.6697141980056,10638220,BAJFINANCE.NS,Bajaj Finance,Finance
2025-05-13,899.87744140625,911.9693213122264,894.8017857507431,896.0956196341344,13363000,BAJFINANCE.NS,Bajaj Finance,Finance
2025-05-14,903.7587890625,906.6946986887787,896.8918110693861,900.1760232176907,7594000,BAJFINANCE.NS,Bajaj Finance,Finance
2025-05-15,914.4573974609375,917.0947533876722,898.484136910891,905.5999805101645,10385000,BAJFINANCE.NS,Bajaj Finance,Finance
2025-05-16,912.3176879882812,924.1607630754637,908.9836663627398,914.4573733738861,6251920,BAJFINANCE.NS,Bajaj Finance,Finance
2025-05-19,921.1253662109375,924.5091366985775,912.3176982188571,912.3176982188571,7162740,BAJFINANCE.NS,Bajaj Finance,Finance
2025-05-20,903.5597534179688,926.5492981730328,902.5645339784703,925.3550226969597,8106160,BAJFINANCE.NS,Bajaj Finance,Finance
2025-05-21,915.3530883789062,923.5636488346017,898.5338553904952,905.6496987494479,7321500,BAJFINANCE.NS,Bajaj Finance,Finance
2025-05-22,909.5310668945312,915.5023835107727,902.7137773116312,915.3530762980172,6159740,BAJFINANCE.NS,Bajaj Finance,Finance
2025-05-23,919.9310913085938,924.2105836173697,906.7444333524313,909.5310964586229,4251690,BAJFINANCE.NS,Bajaj Finance,Finance
2025-05-26,922.5186767578125,929.1866591884672,920.5779866912479,921.0755964137837,5476790,BAJFINANCE.NS,Bajaj Finance,Finance
2025-05-27,912.7157592773438,924.5588953667985,909.9291568867003,922.5684564101424,7150000,BAJFINANCE.NS,Bajaj Finance,Finance
2025-05-28,922.3196411132812,925.0067458230633,909.7300905574115,920.0803973123589,6507400,BAJFINANCE.NS,Bajaj Finance,Finance
2025-05-29,916.0,923.5138946489728,911.6210101517032,920.5779851422767,7081750,BAJFINANCE.NS,Bajaj Finance,Finance
2025-05-30,918.0499877929688,920.3499755859375,912.0999755859375,917.0,15041740,BAJFINANCE.NS,Bajaj Finance,Finance
2025-06-02,911.8499755859375,916.5,904.0,913.0,6619630,BAJFINANCE.NS,Bajaj Finance,Finance
2025-06-03,897.9000244140625,912.7999877929688,897.0,910.5999755859375,9080270,BAJFINANCE.NS,Bajaj Finance,Finance
2025-06-04,898.7000122070312,903.9500122070312,896.4500122070312,897.5,5544930,BAJFINANCE.NS,Bajaj Finance,Finance
2025-06-05,893.4000244140625,898.7000122070312,886.9500122070312,898.7000122070312,7853320,BAJFINANCE.NS,Bajaj Finance,Finance
2025-06-06,937.1500244140625,943.4000244140625,887.5999755859375,894.5,19783860,BAJFINANCE.NS,Bajaj Finance,Finance
2025-06-09,960.75,978.7999877929688,940.2999877929688,955.0,23496010,BAJFINANCE.NS,Bajaj Finance,Finance
2025-06-10,949.75,970.0,948.5499877929688,970.0,9044040,BAJFINANCE.NS,Bajaj Finance,Finance
2025-06-11,942.5,957.0,940.4000244140625,949.0,11860810,BAJFINANCE.NS,Bajaj Finance,Finance
2025-06-12,936.8499755859375,953.2999877929688,935.5,944.9000244140625,12388330,BAJFINANCE.NS,Bajaj Finance,Finance
2025-06-13,933.0999755859375,936.5499877929688,914.7000122070312,915.0,10182020,BAJFINANCE.NS,Bajaj Finance,Finance
2025-06-16,938.0,956.0,925.0,956.0,7016290,BAJFINANCE.NS,Bajaj Finance,Finance
2025-06-17,923.0,943.5,917.5,941.5,6110175,BAJFINANCE.NS,Bajaj Finance,Finance
2025-06-18,919.0,932.5,915.0,927.0,5002923,BAJFINANCE.NS,Bajaj Finance,Finance
2025-06-19,900.5,922.5,894.0,919.0,6585940,BAJFINANCE.NS,Bajaj Finance,Finance
2025-06-20,905.0,907.5,886.0,897.0,14320241,BAJFINANCE.NS,Bajaj Finance,Finance
2025-06-23,915.5,918.0,890.5,899.0,5870597,BAJFINANCE.NS,Bajaj Finance,Finance
2025-06-24,916.5,936.0,914.5,920.0,11555634,BAJFINANCE.NS,Bajaj Finance,Finance
2025-06-25,928.0,930.0,916.0,918.0,6623799,BAJFINANCE.NS,Bajaj Finance,Finance
2025-06-26,951.5,953.5,928.5,930.0,11677790,BAJFINANCE.NS,Bajaj Finance,Finance
2025-06-27,947.0,959.5,936.0,950.0,21637194,BAJFINANCE.NS,Bajaj Finance,Finance
2025-06-30,936.5,956.0,934.0,956.0,6086081,BAJFINANCE.NS,Bajaj Finance,Finance
2025-07-01,936.6500244140625,941.7999877929688,928.0,932.5,5381327,BAJFINANCE.NS,Bajaj Finance,Finance
2025-07-02,923.0,939.8499755859375,914.0,933.0,9394493,BAJFINANCE.NS,Bajaj Finance,Finance
2025-07-03,910.1500244140625,924.5,905.2000122070312,922.0,7606558,BAJFINANCE.NS,Bajaj Finance,Finance
2025-07-04,925.2999877929688,940.7000122070312,919.0,922.0,10613046,BAJFINANCE.NS,Bajaj Finance,Finance
2025-07-07,924.6500244140625,929.2999877929688,918.0999755859375,925.0,3383973,BAJFINANCE.NS,Bajaj Finance,Finance
2025-07-08,927.6500244140625,929.5,918.7999877929688,918.7999877929688,3851432,BAJFINANCE.NS,Bajaj Finance,Finance
2025-07-09,940.5999755859375,946.0,924.0,926.5,5341529,BAJFINANCE.NS,Bajaj Finance,Finance
2025-07-10,947.6500244140625,951.7000122070312,942.25,943.0,5409906,BAJFINANCE.NS,Bajaj Finance,Finance
2025-07-11,933.5,947.1500244140625,931.5499877929688,938.7000122070312,4278038,BAJFINANCE.NS,Bajaj Finance,Finance
2025-07-14,918.8499755859375,932.0,911.2999877929688,932.0,6657978,BAJFINANCE.NS,Bajaj Finance,Finance
2025-07-15,928.4000244140625,930.5999755859375,918.0,919.0,3892075,BAJFINANCE.NS,Bajaj Finance,Finance
2025-07-16,921.75,927.0,919.4000244140625,924.0,3952491,BAJFINANCE.NS,Bajaj Finance,Finance
2025-07-17,923.2999877929688,926.25,916.0,925.9500122070312,4583882,BAJFINANCE.NS,Bajaj Finance,Finance
2025-07-18,942.0,944.9000244140625,920.0,920.5,7893820,BAJFINANCE.NS,Bajaj Finance,Finance
2025-07-21,948.4500122070312,951.0,937.3499755859375,938.9000244140625,4660232,BAJFINANCE.NS,Bajaj Finance,Finance
2025-07-22,952.5499877929688,962.0,940.0,955.0,6237382,BAJFINANCE.NS,Bajaj Finance,Finance
2025-07-23,968.2999877929688,970.9500122070312,953.6500244140625,954.0,9694991,BAJFINANCE.NS,Bajaj Finance,Finance
2025-07-24,958.9500122070312,970.0,954.0,970.0,5189112,BAJFINANCE.NS,Bajaj Finance,Finance
2025-07-25,913.75,924.9000244140625,898.0,906.4000244140625,24415481,BAJFINANCE.NS,Bajaj Finance,Finance
2025-07-28,880.5,913.75,879.0,909.25,14011284,BAJFINANCE.NS,Bajaj Finance,Finance
2025-07-29,886.5499877929688,894.0,873.5,875.0499877929688,11323854,BAJFINANCE.NS,Bajaj Finance,Finance
2025-07-30,884.8499755859375,892.5999755859375,875.0,890.9500122070312,5054496,BAJFINANCE.NS,Bajaj Finance,Finance
2025-07-31,881.2000122070312,887.8499755859375,868.0,872.0,6999179,BAJFINANCE.NS,Bajaj Finance,Finance
2025-08-01,875.5999755859375,895.8499755859375,873.0,884.7999877929688,5300299,BAJFINANCE.NS,Bajaj Finance,Finance
2025-08-04,885.2999877929688,886.75,873.7000122070312,874.0,3969985,BAJFINANCE.NS,Bajaj Finance,Finance
2025-08-05,891.9000244140625,893.5999755859375,882.4000244140625,889.0,4446791,BAJFINANCE.NS,Bajaj Finance,Finance
2025-08-06,876.6500244140625,895.5,874.5999755859375,888.0,4212648,BAJFINANCE.NS,Bajaj Finance,Finance
2025-08-07,879.0999755859375,882.0,867.25,871.0,5998002,BAJFINANCE.NS,Bajaj Finance,Finance
2025-08-08,877.1500244140625,888.2999877929688,876.0,877.0,3736916,BAJFINANCE.NS,Bajaj Finance,Finance
2025-08-11,877.7999877929688,888.2999877929688,872.75,877.1500244140625,5367926,BAJFINANCE.NS,Bajaj Finance,Finance
2025-08-12,853.0,884.9000244140625,851.5,877.2000122070312,8257312,BAJFINANCE.NS,Bajaj Finance,Finance
2025-08-13,860.0,864.0,849.0,854.5499877929688,10117225,BAJFINANCE.NS,Bajaj Finance,Finance
2025-08-14,861.4500122070312,866.9000244140625,855.4500122070312,860.0,5379250,BAJFINANCE.NS,Bajaj Finance,Finance
2025-08-18,905.2000122070312,919.6500244140625,875.0,875.0,16277779,BAJFINANCE.NS,Bajaj Finance,Finance
2025-08-19,902.2999877929688,909.9000244140625,890.5,905.9500122070312,5764382,BAJFINANCE.NS,Bajaj Finance,Finance
2025-08-20,887.7999877929688,902.0,886.0499877929688,900.5499877929688,5561646,BAJFINANCE.NS,Bajaj Finance,Finance
2025-08-21,895.5999755859375,901.2999877929688,884.0,888.0,6697533,BAJFINANCE.NS,Bajaj Finance,Finance
2025-08-22,894.5,903.9000244140625,892.0,895.0,6424895,BAJFINANCE.NS,Bajaj Finance,Finance
2025-08-25,900.7999877929688,908.0,898.1500244140625,902.0999755859375,5837876,BAJFINANCE.NS,Bajaj Finance,Finance
2025-08-26,876.25,901.9000244140625,873.5,899.9500122070312,6712926,BAJFINANCE.NS,Bajaj Finance,Finance
2025-08-28,876.8499755859375,884.5,869.7000122070312,870.2000122070312,8349342,BAJFINANCE.NS,Bajaj Finance,Finance
2025-08-29,877.8499755859375,888.0,870.8499755859375,870.8499755859375,5672446,BAJFINANCE.NS,Bajaj Finance,Finance
2025-09-01,889.3499755859375,894.7999877929688,877.8499755859375,877.8499755859375,4101526,BAJFINANCE.NS,Bajaj Finance,Finance
2025-09-02,890.0999755859375,899.5499877929688,886.1500244140625,895.0,6103185,BAJFINANCE.NS,Bajaj Finance,Finance
2025-09-03,896.2999877929688,898.8499755859375,880.0499877929688,892.7000122070312,5493809,BAJFINANCE.NS,Bajaj Finance,Finance
2025-09-04,934.75,948.0,912.25,915.0,21738706,BAJFINANCE.NS,Bajaj Finance,Finance
2025-09-05,937.5999755859375,942.3499755859375,932.0,942.0,5467260,BAJFINANCE.NS,Bajaj Finance,Finance
2025-09-08,944.2999877929688,949.6500244140625,935.6500244140625,937.5999755859375,5657331,BAJFINANCE.NS,Bajaj Finance,Finance
2025-09-09,948.4000244140625,949.4000244140625,940.0,944.0,5417393,BAJFINANCE.NS,Bajaj Finance,Finance
2025-09-10,967.9500122070312,969.6500244140625,947.7000122070312,951.0499877929688,6836239,BAJFINANCE.NS,Bajaj Finance,Finance
2025-09-11,970.25,975.9000244140625,965.5999755859375,968.0,5982627,BAJFINANCE.NS,Bajaj Finance,Finance
2025-09-12,1003.25,1004.5999755859375,970.8499755859375,972.25,11412561,BAJFINANCE.NS,Bajaj Finance,Finance
2025-09-15,1009.8499755859375,1025.699951171875,998.0999755859375,999.0,9989753,BAJFINANCE.NS,Bajaj Finance,Finance
2025-09-16,1003.25,1015.2999877929688,1000.0,1005.8499755859375,7602155,BAJFINANCE.NS,Bajaj Finance,Finance
2025-09-17,1007.5,1011.7999877929688,1000.3499755859375,1010.0,6995023,BAJFINANCE.NS,Bajaj Finance,Finance
2025-09-18,996.5,1009.7999877929688,990.0,1007.0,9738376,BAJFINANCE.NS,Bajaj Finance,Finance
2025-09-19,992.4500122070312,996.0,988.5999755859375,991.0,6736440,BAJFINANCE.NS,Bajaj Finance,Finance
2025-09-22,1006.5,1010.9000244140625,989.0,989.9500122070312,4250045,BAJFINANCE.NS,Bajaj Finance,Finance
2025-09-23,1025.5,1028.800048828125,999.0,999.0,10230040,BAJFINANCE.NS,Bajaj Finance,Finance
2025-09-24,1029.75,1036.0,1020.4000244140625,1021.5,6433184,BAJFINANCE.NS,Bajaj Finance,Finance
2025-09-25,1012.75,1031.0999755859375,1008.0,1020.0,16731453,BAJFINANCE.NS,Bajaj Finance,Finance
2025-09-26,985.0999755859375,1010.5,981.0499877929688,1008.0499877929688,9109737,BAJFINANCE.NS,Bajaj Finance,Finance
2025-09-29,990.9500122070312,997.7999877929688,981.0999755859375,990.0,5804877,BAJFINANCE.NS,Bajaj Finance,Finance
2025-09-30,998.9000244140625,1002.2999877929688,989.4500122070312,990.0,7182200,BAJFINANCE.NS,Bajaj Finance,Finance
2025-10-01,987.7000122070312,1000.0,977.75,991.5,6932272,BAJFINANCE.NS,Bajaj Finance,Finance
2025-10-03,989.75,992.2000122070312,972.0,975.0,7692197,BAJFINANCE.NS,Bajaj Finance,Finance
2025-10-06,1008.9000244140625,1023.0,992.0999755859375,993.0,9299635,BAJFINANCE.NS,Bajaj Finance,Finance
2025-10-07,1016.5499877929688,1029.5,1008.9000244140625,1008.9000244140625,7991437,BAJFINANCE.NS,Bajaj Finance,Finance
2025-10-08,1023.1500244140625,1028.0,1012.0499877929688,1012.0499877929688,4448915,BAJFINANCE.NS,Bajaj Finance,Finance
2025-10-09,1024.0999755859375,1029.0,1014.9500122070312,1023.0,4444154,BAJFINANCE.NS,Bajaj Finance,Finance
2025-10-10,1023.8499755859375,1027.5,1017.0,1018.0999755859375,3714548,BAJFINANCE.NS,Bajaj Finance,Finance
2025-10-13,1036.75,1040.0,1021.5,1023.8499755859375,7684523,BAJFINANCE.NS,Bajaj Finance,Finance
2025-10-14,1019.1500244140625,1042.0999755859375,1011.3499755859375,1040.0,7668358,BAJFINANCE.NS,Bajaj Finance,Finance
2025-10-15,1059.9000244140625,1063.0,1018.4000244140625,1026.0,10205158,BAJFINANCE.NS,Bajaj Finance,Finance
2025-10-16,1065.75,1081.0999755859375,1058.8499755859375,1062.0,9901992,BAJFINANCE.NS,Bajaj Finance,Finance
2025-10-17,1070.0999755859375,1076.449951171875,1056.0999755859375,1056.0999755859375,5761670,BAJFINANCE.NS,Bajaj Finance,Finance
2025-10-20,1081.0,1086.5,1072.199951171875,1081.5,5700858,BAJFINANCE.NS,Bajaj Finance,Finance
2025-10-21,1086.5,1089.0,1081.0,1084.9000244140625,911624,BAJFINANCE.NS,Bajaj Finance,Finance
2025-10-23,1094.1500244140625,1102.5,1083.9000244140625,1090.0,11143407,BAJFINANCE.NS,Bajaj Finance,Finance
2025-10-24,1089.75,1098.5999755859375,1087.4000244140625,1093.5,6440277,BAJFINANCE.NS,Bajaj Finance,Finance
2025-10-27,1084.4000244140625,1094.0,1075.75,1090.949951171875,7366175,BAJFINANCE.NS,Bajaj Finance,Finance
2025-10-28,1072.75,1092.4000244140625,1063.050048828125,1078.0,12324341,BAJFINANCE.NS,Bajaj Finance,Finance
2025-10-29,1062.949951171875,1079.1500244140625,1061.25,1072.0,5386803,BAJFINANCE.NS,Bajaj Finance,Finance
2025-10-30,1052.300048828125,1066.800048828125,1045.0,1063.0,4271927,BAJFINANCE.NS,Bajaj Finance,Finance
2025-10-31,1042.800048828125,1069.449951171875,1041.4000244140625,1052.0,5315632,BAJFINANCE.NS,Bajaj Finance,Finance
2025-11-03,1043.0999755859375,1048.0,1031.0,1037.0,4135617,BAJFINANCE.NS,Bajaj Finance,Finance
2025-11-04,1057.0,1060.4000244140625,1035.0,1040.0,6202540,BAJFINANCE.NS,Bajaj Finance,Finance
2025-11-06,1041.9000244140625,1052.800048828125,1035.0,1037.0,5776277,BAJFINANCE.NS,Bajaj Finance,Finance
2025-11-07,1066.5999755859375,1076.9000244140625,1034.199951171875,1039.0,6940923,BAJFINANCE.NS,Bajaj Finance,Finance
2025-11-10,1085.0,1088.0,1062.9000244140625,1066.5999755859375,5692236,BAJFINANCE.NS,Bajaj Finance,Finance
2025-11-11,1005.2000122070312,1043.699951171875,997.0,1043.699951171875,23762890,BAJFINANCE.NS,Bajaj Finance,Finance
2025-11-12,1013.2000122070312,1018.4000244140625,1008.7999877929688,1011.0,11131278,BAJFINANCE.NS,Bajaj Finance,Finance
2025-11-13,1005.4000244140625,1019.4000244140625,1003.5,1012.5,8503994,BAJFINANCE.NS,Bajaj Finance,Finance
2025-11-14,1018.5,1019.9000244140625,1002.5999755859375,1004.9000244140625,4381122,BAJFINANCE.NS,Bajaj Finance,Finance
2025-11-17,1026.800048828125,1033.0,1017.0,1021.0,6011603,BAJFINANCE.NS,Bajaj Finance,Finance
2025-11-18,1013.5999755859375,1024.0999755859375,1011.7000122070312,1021.2000122070312,4562185,BAJFINANCE.NS,Bajaj Finance,Finance
2025-11-19,1005.5999755859375,1016.0999755859375,1004.5999755859375,1009.0,5158832,BAJFINANCE.NS,Bajaj Finance,Finance
2025-11-20,1028.5999755859375,1031.699951171875,1007.2999877929688,1015.0,5459073,BAJFINANCE.NS,Bajaj Finance,Finance
2025-11-21,1004.0999755859375,1027.5999755859375,1001.5,1020.0,6304584,BAJFINANCE.NS,Bajaj Finance,Finance
2025-11-24,994.0,1009.2999877929688,990.0,1005.0,9574900,BAJFINANCE.NS,Bajaj Finance,Finance
2025-11-25,986.2000122070312,996.9000244140625,984.5,995.0,6376983,BAJFINANCE.NS,Bajaj Finance,Finance
2025-11-26,1010.7000122070312,1012.7999877929688,981.2999877929688,986.2000122070312,9772235,BAJFINANCE.NS,Bajaj Finance,Finance
2025-11-27,1033.800048828125,1044.9000244140625,1010.9000244140625,1015.5999755859375,12076038,BAJFINANCE.NS,Bajaj Finance,Finance
2025-11-28,1037.5,1043.5,1031.0,1038.0,4983147,BAJFINANCE.NS,Bajaj Finance,Finance
2025-12-01,1021.0999755859375,1042.0,1018.7999877929688,1041.9000244140625,6459837,BAJFINANCE.NS,Bajaj Finance,Finance
2025-12-02,1025.5,1036.0,1013.9000244140625,1014.5,6706145,BAJFINANCE.NS,Bajaj Finance,Finance
2025-12-03,1021.4000244140625,1026.300048828125,1014.2000122070312,1021.0,5895670,BAJFINANCE.NS,Bajaj Finance,Finance
2025-12-04,1029.0999755859375,1032.300048828125,1016.0,1018.0,5404918,BAJFINANCE.NS,Bajaj Finance,Finance
2025-12-05,1048.0,1061.0,1026.5,1028.9000244140625,13123572,BAJFINANCE.NS,Bajaj Finance,Finance
2025-12-08,1026.4000244140625,1049.800048828125,1023.0,1048.0,5189635,BAJFINANCE.NS,Bajaj Finance,Finance
2025-12-09,1016.7000122070312,1026.0,1013.7000122070312,1025.0,5968501,BAJFINANCE.NS,Bajaj Finance,Finance
2025-12-10,1010.2999877929688,1021.7000122070312,1007.2999877929688,1016.0,4990527,BAJFINANCE.NS,Bajaj Finance,Finance
2025-12-11,1006.4000244140625,1020.5,1000.0999755859375,1011.9000244140625,4670539,BAJFINANCE.NS,Bajaj Finance,Finance
2025-12-12,1017.2999877929688,1020.7999877929688,1000.0,1000.0,4381711,BAJFINANCE.NS,Bajaj Finance,Finance
2025-12-15,1012.7000122070312,1016.5,1008.0,1015.0,3958977,BAJFINANCE.NS,Bajaj Finance,Finance
2025-12-16,998.4000244140625,1010.5999755859375,996.5,1007.5,3861617,BAJFINANCE.NS,Bajaj Finance,Finance
2025-12-17,999.5999755859375,1011.2000122070312,995.2999877929688,1000.0,4695550,BAJFINANCE.NS,Bajaj Finance,Finance
2025-12-18,1000.2999877929688,1009.7000122070312,995.0,1002.0999755859375,3103997,BAJFINANCE.NS,Bajaj Finance,Finance
2025-12-19,1008.2999877929688,1014.0,1002.5,1003.2000122070312,5126009,BAJFINANCE.NS,Bajaj Finance,Finance
2025-12-22,1007.7999877929688,1015.4000244140625,1005.0,1008.2999877929688,3921237,BAJFINANCE.NS,Bajaj Finance,Finance
2025-12-23,1011.4000244140625,1018.0,1005.7000122070312,1013.5,4712043,BAJFINANCE.NS,Bajaj Finance,Finance
2025-12-24,1011.7000122070312,1037.4000244140625,1006.0,1011.0,5984816,BAJFINANCE.NS,Bajaj Finance,Finance
2025-12-26,1000.0,1011.7000122070312,998.0,1011.7000122070312,5211460,BAJFINANCE.NS,Bajaj Finance,Finance
2025-12-29,998.0,1003.9000244140625,989.5999755859375,1003.0,6715489,BAJFINANCE.NS,Bajaj Finance,Finance
2025-12-30,989.2999877929688,997.5999755859375,987.0999755859375,994.0999755859375,7473887,BAJFINANCE.NS,Bajaj Finance,Finance
2025-12-31,986.7999877929688,994.2000122070312,978.4000244140625,990.0,9895270,BAJFINANCE.NS,Bajaj Finance,Finance
2026-01-01,973.0999755859375,989.0,969.0,988.2000122070312,7118751,BAJFINANCE.NS,Bajaj Finance,Finance
2026-01-02,990.4500122070312,994.2000122070312,960.5999755859375,972.9000244140625,6206869,BAJFINANCE.NS,Bajaj Finance,Finance
2026-01-05,978.75,999.1500244140625,975.0,979.7000122070312,10564157,BAJFINANCE.NS,Bajaj Finance,Finance
2026-01-06,977.3499755859375,987.0,973.2999877929688,978.0,8380183,BAJFINANCE.NS,Bajaj Finance,Finance
2026-01-07,968.7999877929688,976.4500122070312,965.0499877929688,973.0499877929688,7048491,BAJFINANCE.NS,Bajaj Finance,Finance
2026-01-08,971.9500122070312,978.3499755859375,965.2999877929688,968.5,4410256,BAJFINANCE.NS,Bajaj Finance,Finance
2026-01-09,959.5999755859375,983.0,953.7000122070312,970.0999755859375,7598970,BAJFINANCE.NS,Bajaj Finance,Finance
2026-01-12,951.9000244140625,961.4000244140625,939.8499755859375,958.7999877929688,5640136,BAJFINANCE.NS,Bajaj Finance,Finance
2026-01-13,949.0,955.8499755859375,939.0,950.0,6765116,BAJFINANCE.NS,Bajaj Finance,Finance
2026-01-14,945.9500122070312,953.9000244140625,943.1500244140625,947.0,4452202,BAJFINANCE.NS,Bajaj Finance,Finance
2026-01-15,945.9500122070312,945.9500122070312,945.9500122070312,945.9500122070312,0,BAJFINANCE.NS,Bajaj Finance,Finance
2026-01-16,950.25,963.0,936.7999877929688,940.2000122070312,10710080,BAJFINANCE.NS,Bajaj Finance,Finance
2026-01-19,969.4500122070312,972.9000244140625,948.8499755859375,950.5,7000442,BAJFINANCE.NS,Bajaj Finance,Finance
2026-01-20,933.2000122070312,975.7000122070312,927.9000244140625,975.7000122070312,9001207,BAJFINANCE.NS,Bajaj Finance,Finance
2026-01-21,936.25,947.2999877929688,921.0,925.0,5375254,BAJFINANCE.NS,Bajaj Finance,Finance
2026-01-22,942.8499755859375,947.0,934.25,947.0,5518756,BAJFINANCE.NS,Bajaj Finance,Finance
2026-01-23,927.8499755859375,951.4000244140625,926.2999877929688,942.8499755859375,6535035,BAJFINANCE.NS,Bajaj Finance,Finance
2026-01-27,914.7000122070312,931.9500122070312,907.7000122070312,930.0,15312488,BAJFINANCE.NS,Bajaj Finance,Finance
2026-01-28,935.1500244140625,936.9000244140625,914.7000122070312,914.7000122070312,6046468,BAJFINANCE.NS,Bajaj Finance,Finance
2026-01-29,935.1500244140625,939.7999877929688,923.7000122070312,935.1500244140625,6430445,BAJFINANCE.NS,Bajaj Finance,Finance
2026-01-30,929.8499755859375,938.0,925.1500244140625,928.3499755859375,10151379,BAJFINANCE.NS,Bajaj Finance,Finance
2026-02-02,903.7000122070312,909.4000244140625,887.0,887.0,11874989,BAJFINANCE.NS,Bajaj Finance,Finance
2026-02-03,964.4000244140625,972.7999877929688,941.9000244140625,960.0,15261370,BAJFINANCE.NS,Bajaj Finance,Finance
2026-02-04,963.2999877929688,975.7000122070312,944.1500244140625,965.0,17489015,BAJFINANCE.NS,Bajaj Finance,Finance
2026-02-05,964.75,968.5,953.0,964.0,6020258,BAJFINANCE.NS,Bajaj Finance,Finance
2026-02-06,981.7000122070312,986.5,966.0999755859375,973.9500122070312,13742927,BAJFINANCE.NS,Bajaj Finance,Finance
2026-02-09,983.1500244140625,988.0,971.5999755859375,988.0,4852548,BAJFINANCE.NS,Bajaj Finance,Finance
2026-02-10,965.5999755859375,985.1500244140625,961.2999877929688,983.1500244140625,6166752,BAJFINANCE.NS,Bajaj Finance,Finance
2026-02-11,968.9500122070312,974.5,961.4000244140625,965.2999877929688,3597342,BAJFINANCE.NS,Bajaj Finance,Finance
2026-02-12,999.0999755859375,1002.0,965.0,968.2999877929688,10346853,BAJFINANCE.NS,Bajaj Finance,Finance
2026-02-13,1024.75,1032.0,992.7999877929688,995.0,21613987,BAJFINANCE.NS,Bajaj Finance,Finance
2026-02-16,1012.75,1029.300048828125,1003.2999877929688,1023.0499877929688,4460636,BAJFINANCE.NS,Bajaj Finance,Finance
2026-02-17,1014.1500244140625,1016.3499755859375,1004.0,1012.75,2913899,BAJFINANCE.NS,Bajaj Finance,Finance
2026-02-18,1023.7999877929688,1025.699951171875,1007.0499877929688,1014.5499877929688,4929647,BAJFINANCE.NS,Bajaj Finance,Finance
2026-02-19,1017.0499877929688,1024.5,1007.0,1024.0,9866245,BAJFINANCE.NS,Bajaj Finance,Finance
2026-02-20,1030.199951171875,1036.5999755859375,1008.75,1015.9000244140625,6922705,BAJFINANCE.NS,Bajaj Finance,Finance
2026-02-23,1031.0,1046.0,1029.050048828125,1032.449951171875,9452225,BAJFINANCE.NS,Bajaj Finance,Finance
2026-02-24,1023.5499877929688,1028.75,1010.2999877929688,1026.300048828125,6610984,BAJFINANCE.NS,Bajaj Finance,Finance
2026-02-25,1021.0499877929688,1034.0,1013.4000244140625,1028.0,3182612,BAJFINANCE.NS,Bajaj Finance,Finance
2026-02-26,1012.9500122070312,1031.199951171875,1006.0499877929688,1020.75,4336261,BAJFINANCE.NS,Bajaj Finance,Finance
2026-02-27,995.9000244140625,1014.9000244140625,993.0999755859375,1008.9500122070312,8145772,BAJFINANCE.NS,Bajaj Finance,Finance
2026-03-02,978.25,990.4000244140625,968.0,971.0,8493269,BAJFINANCE.NS,Bajaj Finance,Finance
2026-03-04,945.0999755859375,967.0,941.2999877929688,967.0,8964293,BAJFINANCE.NS,Bajaj Finance,Finance
2026-03-05,962.4000244140625,968.25,945.9000244140625,958.0,6181254,BAJFINANCE.NS,Bajaj Finance,Finance
2026-03-06,950.2000122070312,961.5,946.5999755859375,960.0,6560051,BAJFINANCE.NS,Bajaj Finance,Finance
2026-03-09,938.0499877929688,941.0999755859375,909.0499877929688,921.7999877929688,9182152,BAJFINANCE.NS,Bajaj Finance,Finance
2026-03-10,939.7999877929688,952.1500244140625,931.8499755859375,950.0,8474956,BAJFINANCE.NS,Bajaj Finance,Finance
2026-03-11,893.6500244140625,941.25,890.0,932.2000122070312,11172537,BAJFINANCE.NS,Bajaj Finance,Finance
2026-03-12,863.0999755859375,888.2000122070312,858.3499755859375,880.0999755859375,15508258,BAJFINANCE.NS,Bajaj Finance,Finance
2026-03-13,855.0499877929688,868.3499755859375,848.7999877929688,861.0,6668639,BAJFINANCE.NS,Bajaj Finance,Finance
2026-03-16,878.1500244140625,881.9000244140625,850.0999755859375,850.0999755859375,8982957,BAJFINANCE.NS,Bajaj Finance,Finance
2026-03-17,868.5999755859375,881.0499877929688,859.5499877929688,878.1500244140625,7941385,BAJFINANCE.NS,Bajaj Finance,Finance
2026-03-18,880.0999755859375,893.9500122070312,858.2000122070312,876.0999755859375,12375517,BAJFINANCE.NS,Bajaj Finance,Finance
2026-03-19,832.2000122070312,869.9000244140625,826.7000122070312,868.2000122070312,11585591,BAJFINANCE.NS,Bajaj Finance,Finance
2026-03-20,830.5499877929688,841.9500122070312,819.25,836.7000122070312,14881843,BAJFINANCE.NS,Bajaj Finance,Finance
2026-03-23,812.5999755859375,818.7999877929688,787.9000244140625,818.0999755859375,15835828,BAJFINANCE.NS,Bajaj Finance,Finance
2026-03-24,849.0,854.0,817.5999755859375,830.0,18828248,BAJFINANCE.NS,Bajaj Finance,Finance
2026-03-25,882.75,888.7999877929688,853.2999877929688,862.0499877929688,15995501,BAJFINANCE.NS,Bajaj Finance,Finance
2026-03-27,843.7999877929688,875.1500244140625,841.25,875.0,11282824,BAJFINANCE.NS,Bajaj Finance,Finance
2026-03-30,801.5499877929688,834.9000244140625,799.0,831.0,20377282,BAJFINANCE.NS,Bajaj Finance,Finance
2026-04-01,817.2999877929688,842.0499877929688,814.7999877929688,832.7999877929688,15094026,BAJFINANCE.NS,Bajaj Finance,Finance
2026-04-02,826.8499755859375,830.0499877929688,792.4500122070312,809.0,9113618,BAJFINANCE.NS,Bajaj Finance,Finance
2026-04-06,850.8499755859375,853.0,814.25,828.9000244140625,12504591,BAJFINANCE.NS,Bajaj Finance,Finance
2026-04-07,855.0999755859375,862.7999877929688,844.4500122070312,848.0,11569047,BAJFINANCE.NS,Bajaj Finance,Finance
2026-04-08,915.0499877929688,926.0,881.0,890.0,13826150,BAJFINANCE.NS,Bajaj Finance,Finance
2026-04-09,903.25,913.4000244140625,891.4000244140625,902.0,9457820,BAJFINANCE.NS,Bajaj Finance,Finance
2026-04-10,924.5499877929688,927.2999877929688,912.2999877929688,915.75,9491544,BAJFINANCE.NS,Bajaj Finance,Finance
2026-04-13,898.9500122070312,905.9000244140625,881.0999755859375,896.1500244140625,10723313,BAJFINANCE.NS,Bajaj Finance,Finance
2026-04-15,913.1500244140625,925.0,911.0999755859375,925.0,5975197,BAJFINANCE.NS,Bajaj Finance,Finance
2026-04-16,905.9000244140625,932.5999755859375,904.0,919.0,11805227,BAJFINANCE.NS,Bajaj Finance,Finance
2026-04-17,908.25,910.4500122070312,895.7999877929688,902.1500244140625,6035241,BAJFINANCE.NS,Bajaj Finance,Finance
2026-04-20,917.75,920.9000244140625,898.0,908.25,6184179,BAJFINANCE.NS,Bajaj Finance,Finance
2026-04-21,938.8499755859375,945.9500122070312,919.0,919.5,6713975,BAJFINANCE.NS,Bajaj Finance,Finance
2026-04-22,934.75,946.3499755859375,930.1500244140625,938.0,5759028,BAJFINANCE.NS,Bajaj Finance,Finance
2026-04-23,918.3499755859375,929.8499755859375,909.3499755859375,926.0999755859375,9143598,BAJFINANCE.NS,Bajaj Finance,Finance
2026-04-24,921.5499877929688,924.7000122070312,909.7999877929688,920.0,3982355,BAJFINANCE.NS,Bajaj Finance,Finance
2026-04-27,921.7999877929688,928.9500122070312,908.2999877929688,923.0499877929688,7813458,BAJFINANCE.NS,Bajaj Finance,Finance
2026-04-28,923.6500244140625,929.9000244140625,914.3499755859375,921.7999877929688,7119135,BAJFINANCE.NS,Bajaj Finance,Finance
2026-04-29,930.0,937.0,916.5999755859375,925.0,5438997,BAJFINANCE.NS,Bajaj Finance,Finance
2026-04-30,937.0,975.0,933.9000244140625,945.0,27364272,BAJFINANCE.NS,Bajaj Finance,Finance
2026-05-01,937.0,937.0,937.0,937.0,0,BAJFINANCE.NS,Bajaj Finance,Finance
2026-05-04,950.2000122070312,966.0,938.0999755859375,938.0999755859375,7503756,BAJFINANCE.NS,Bajaj Finance,Finance
2026-05-05,958.5999755859375,961.0999755859375,933.1500244140625,950.2000122070312,7290077,BAJFINANCE.NS,Bajaj Finance,Finance
2026-05-06,980.75,984.0,965.0,965.0,7771237,BAJFINANCE.NS,Bajaj Finance,Finance
2026-05-07,972.75,992.25,969.0,992.25,7873561,BAJFINANCE.NS,Bajaj Finance,Finance
2026-05-08,955.3499755859375,971.9500122070312,951.0,971.0,5555386,BAJFINANCE.NS,Bajaj Finance,Finance
2026-05-11,936.0499877929688,956.0,933.5499877929688,946.0,5581022,BAJFINANCE.NS,Bajaj Finance,Finance
2026-05-12,904.2000122070312,932.6500244140625,901.75,928.0,7174645,BAJFINANCE.NS,Bajaj Finance,Finance
2026-05-13,896.1500244140625,907.4000244140625,890.0499877929688,902.0,7422952,BAJFINANCE.NS,Bajaj Finance,Finance
2026-05-14,912.1500244140625,915.0,889.0,902.9000244140625,6815238,BAJFINANCE.NS,Bajaj Finance,Finance
2026-05-15,910.4500122070312,921.5999755859375,907.3499755859375,913.0,5012279,BAJFINANCE.NS,Bajaj Finance,Finance
2026-05-18,921.0999755859375,925.0,890.7000122070312,900.0,6387223,BAJFINANCE.NS,Bajaj Finance,Finance
2026-05-19,923.5499877929688,930.0,920.0999755859375,927.5999755859375,8313548,BAJFINANCE.NS,Bajaj Finance,Finance
2026-05-20,,,,,5864791,BAJFINANCE.NS,Bajaj Finance,Finance
