Date,Close,High,Low,Open,Volume,Ticker,Company,Sector
2021-05-21,49.181617736816406,49.61851076056883,48.76032778024706,49.462476517424925,58163772,BEL.NS,BEL,Defence
2021-05-24,48.94756317138672,49.93057058903248,48.74471974735758,49.41566228181925,74623869,BEL.NS,BEL,Defence
2021-05-25,46.56024932861328,49.259618433518376,46.435421256932536,49.259618433518376,53594838,BEL.NS,BEL,Defence
2021-05-26,46.731895446777344,48.120593381941234,46.497845875019486,46.809914351572,45070683,BEL.NS,BEL,Defence
2021-05-27,46.357418060302734,47.10637597220059,44.37580002853259,47.05956677232817,360249207,BEL.NS,BEL,Defence
2021-05-28,45.2027702331543,46.685082890623605,45.062339071669584,46.341811876668324,44625315,BEL.NS,BEL,Defence
2021-05-31,45.37440872192383,45.624061349012365,44.843897335774805,45.42121791988176,29061186,BEL.NS,BEL,Defence
2021-06-01,45.85811233520508,47.746111948683115,45.561646929632744,47.746111948683115,74882883,BEL.NS,BEL,Defence
2021-06-02,46.91913604736328,47.12197948671817,45.56164781028194,45.639666715457246,24742749,BEL.NS,BEL,Defence
2021-06-03,47.18439483642578,47.41844440690148,46.56026145805291,47.1999943317236,26792298,BEL.NS,BEL,Defence
2021-06-04,47.68370056152344,47.8085250955906,47.0751702440068,47.3092198166958,23574183,BEL.NS,BEL,Defence
2021-06-07,47.83973693847656,48.13619881358,47.55887813199365,47.74611852675342,16889640,BEL.NS,BEL,Defence
2021-06-08,47.73051071166992,47.9957664231545,46.2637974080006,47.93335415487886,31918326,BEL.NS,BEL,Defence
2021-06-09,47.02836227416992,48.52627815004543,46.6694845867111,47.87093861510746,31016931,BEL.NS,BEL,Defence
2021-06-10,47.449649810791016,47.73050857678226,46.841119508382505,47.10637520800274,17381064,BEL.NS,BEL,Defence
2021-06-11,48.07377624511719,48.3702380567396,46.85671929675588,47.434039854721256,25835898,BEL.NS,BEL,Defence
2021-06-14,47.35602569580078,47.85533093967834,46.04535032345041,47.746109480029475,26533281,BEL.NS,BEL,Defence
2021-06-15,47.02836227416992,47.714907943441155,46.825518829690566,47.43404559181548,22951029,BEL.NS,BEL,Defence
2021-06-16,46.71630096435547,47.27801856832505,46.26380126766688,46.80991937457926,19709055,BEL.NS,BEL,Defence
2021-06-17,45.608455657958984,46.731890629539855,45.14035656269606,46.24819204050169,22419540,BEL.NS,BEL,Defence
2021-06-18,45.624061584472656,45.87371421284962,43.84528348238802,45.73328304693818,34091544,BEL.NS,BEL,Defence
2021-06-21,46.56024932861328,46.80990190066267,44.31337260885663,44.31337260885663,23199468,BEL.NS,BEL,Defence
2021-06-22,47.24680709838867,47.43404389770105,46.497845615887044,46.8099140907004,28261329,BEL.NS,BEL,Defence
2021-06-23,52.583126068115234,53.05122513442672,47.590070551230205,48.40144417087009,363893778,BEL.NS,BEL,Defence
2021-06-24,53.41011047363281,54.14346530737043,52.05262227080846,52.72356483903129,169690515,BEL.NS,BEL,Defence
2021-06-25,54.61156463623047,54.892423403362166,53.316492265612595,53.410110664218834,71399592,BEL.NS,BEL,Defence
2021-06-28,54.22147750854492,55.266900752120215,53.987427955065414,54.97043893672957,38881053,BEL.NS,BEL,Defence
2021-06-29,54.502342224121094,54.876819383351865,53.84700273132609,54.1278614935774,49605246,BEL.NS,BEL,Defence
2021-06-30,55.547760009765625,55.82861876224567,54.54914952480868,54.87681747414993,43091670,BEL.NS,BEL,Defence
2021-07-01,57.62299728393555,58.01308104950306,55.266898768238086,55.485345248398374,87835578,BEL.NS,BEL,Defence
2021-07-02,56.37473678588867,57.87265251366926,56.24990868958389,57.87265251366926,40351092,BEL.NS,BEL,Defence
2021-07-05,55.922237396240234,56.79601973287381,55.734997048635684,56.577576827199856,22985568,BEL.NS,BEL,Defence
2021-07-06,56.499568939208984,56.858446639640654,55.67259563554433,55.703801771005644,41588856,BEL.NS,BEL,Defence
2021-07-07,57.076881408691406,57.232912053875744,55.82861481934144,56.203095510408936,17834940,BEL.NS,BEL,Defence
2021-07-08,56.37473678588867,58.48118278694357,55.89103460891914,57.35774420545173,44887437,BEL.NS,BEL,Defence
2021-07-09,56.43714141845703,57.01446548243296,56.234298021455345,56.374729164398765,18512454,BEL.NS,BEL,Defence
2021-07-12,57.373348236083984,57.71662282821135,56.483959195305566,56.483959195305566,18021216,BEL.NS,BEL,Defence
2021-07-13,56.686798095703125,57.669805453289726,56.218699013870214,57.420152847733014,15530661,BEL.NS,BEL,Defence
2021-07-14,57.46696853637695,57.623002771726576,56.4215488020795,56.51516720050149,18423249,BEL.NS,BEL,Defence
2021-07-15,56.156288146972656,57.54498236224571,56.00025392539066,57.46696346579838,14669931,BEL.NS,BEL,Defence
2021-07-16,56.06267166137695,56.546377438395474,55.76620982559587,56.32792736405614,21219636,BEL.NS,BEL,Defence
2021-07-19,58.044288635253906,58.59040306369641,55.438537444201145,56.01585800326176,45407127,BEL.NS,BEL,Defence
2021-07-20,56.54637145996094,58.278336663193436,56.249906084211005,58.247130533390845,21901098,BEL.NS,BEL,Defence
2021-07-22,57.576194763183594,57.65421009681526,56.79602714161468,56.8272368463804,14278368,BEL.NS,BEL,Defence
2021-07-23,56.99886703491211,57.79463767370863,56.671199082727725,57.482572787280034,12770211,BEL.NS,BEL,Defence
2021-07-26,57.60739517211914,57.73221969352585,56.23430400876917,56.99886491632335,13753260,BEL.NS,BEL,Defence
2021-07-27,57.123695373535156,57.81024098362798,56.73361158536726,57.60739755663319,14436747,BEL.NS,BEL,Defence
2021-07-28,59.276954650878906,59.79186300081912,56.9520619713907,57.10809621158683,48274629,BEL.NS,BEL,Defence
2021-07-29,58.9180793762207,59.82307152310141,58.65282367305101,59.58902195309133,27425199,BEL.NS,BEL,Defence
2021-07-30,57.62299728393555,58.80884807424312,56.952054778537,58.80884807424312,28756776,BEL.NS,BEL,Defence
2021-08-02,57.35773849487305,58.35634888063772,57.24851704637923,57.73221560387857,21084204,BEL.NS,BEL,Defence
2021-08-03,56.874046325683594,57.70101958017704,56.65559981912978,57.357748539199946,17656980,BEL.NS,BEL,Defence
2021-08-04,54.751991271972656,57.669807309360216,54.549147853808314,56.952055598870146,38353227,BEL.NS,BEL,Defence
2021-08-05,55.110870361328125,55.891037974762085,54.33070631920718,54.92362999125145,33065568,BEL.NS,BEL,Defence
2021-08-06,54.73638916015625,56.10948034448133,54.61156106552999,55.2044882652074,23813595,BEL.NS,BEL,Defence
2021-08-09,53.41011047363281,53.956224939513106,50.66392793522672,51.490904738549474,110821485,BEL.NS,BEL,Defence
2021-08-10,52.81718444824219,54.36191305433983,52.3334858080999,53.41011169816557,32690748,BEL.NS,BEL,Defence
2021-08-11,53.75338363647461,53.893814810763615,51.58452518202894,52.81718533138289,27235548,BEL.NS,BEL,Defence
2021-08-12,54.252689361572266,54.377513890342996,53.051231844276565,53.644159069876245,17966661,BEL.NS,BEL,Defence
2021-08-13,54.45553207397461,54.798806688705504,53.847005321708274,54.36191367249151,27821241,BEL.NS,BEL,Defence
2021-08-16,54.40871810913086,54.7831988248994,53.815794475695576,54.34630584694036,12560913,BEL.NS,BEL,Defence
2021-08-17,54.93923568725586,55.07966328392113,53.768987858480536,54.33070538776751,18039039,BEL.NS,BEL,Defence
2021-08-18,54.3306999206543,56.74921066631916,54.06544424899872,54.95483322363438,34210602,BEL.NS,BEL,Defence
2021-08-20,53.37890625,54.58036026069506,53.14485667463568,53.644161959237806,15542163,BEL.NS,BEL,Defence
2021-08-23,54.65837478637695,55.20449283501929,52.7859782111759,53.8001954036185,26688300,BEL.NS,BEL,Defence
2021-08-24,55.438541412353516,55.688194046480696,54.424324238105946,54.611564606529576,14925912,BEL.NS,BEL,Defence
2021-08-25,56.156288146972656,56.34352849860852,55.32931141529453,55.32931141529453,16571559,BEL.NS,BEL,Defence
2021-08-26,56.577579498291016,56.8584382473012,55.984652298102624,56.28111411254044,21301485,BEL.NS,BEL,Defence
2021-08-27,57.825843811035156,58.04429030295099,56.577580693882425,56.639992956911854,28167945,BEL.NS,BEL,Defence
2021-08-30,57.43576431274414,58.278344211801446,57.32654284428795,57.70102002173656,13619223,BEL.NS,BEL,Defence
2021-08-31,58.247135162353516,58.48118472578579,57.31093690862442,57.38895223933088,21603702,BEL.NS,BEL,Defence
2021-09-01,59.24574661254883,60.0259142171366,58.215929945773574,58.418773380113876,26940252,BEL.NS,BEL,Defence
2021-09-02,59.33937072753906,60.05712613572749,59.2145461844199,59.52661111353112,25664589,BEL.NS,BEL,Defence
2021-09-03,61.976318359375,62.272780172158896,59.46418912641308,59.91668516391559,52170660,BEL.NS,BEL,Defence
2021-09-06,60.99331283569336,63.318201648712304,60.774862784364245,62.80329693545489,36365391,BEL.NS,BEL,Defence
2021-09-07,60.63443374633789,61.789082017684805,60.33797193143139,60.99331496567912,15882570,BEL.NS,BEL,Defence
2021-09-08,61.50822067260742,62.22597598004993,60.618835213779825,61.16495322721161,19285563,BEL.NS,BEL,Defence
2021-09-09,61.492618560791016,62.17916056498566,61.00891283074737,61.39900017057702,11581218,BEL.NS,BEL,Defence
2021-09-13,61.32099533081055,61.9919379950836,61.0557395930865,61.633063845685236,10518984,BEL.NS,BEL,Defence
2021-09-14,63.55026626586914,64.05263942935144,61.13259406913942,61.36808171410027,29010315,BEL.NS,BEL,Defence
2021-09-15,65.24578094482422,65.55976690518739,63.644467638650404,64.00554682183427,35238519,BEL.NS,BEL,Defence
2021-09-16,64.53931427001953,65.62255894475707,64.28813126516043,65.27718231307581,12378501,BEL.NS,BEL,Defence
2021-09-17,64.46082305908203,65.10449028765301,63.01649922418364,64.63351496787064,16039149,BEL.NS,BEL,Defence
2021-09-20,63.299072265625,64.66490483576642,63.12638037822136,63.58166029710589,12243591,BEL.NS,BEL,Defence
2021-09-21,64.19393920898438,65.07309412052783,63.29908176599649,63.29908176599649,20777913,BEL.NS,BEL,Defence
2021-09-22,64.66490173339844,64.94748256481004,63.98983674525853,64.1782239661996,9672642,BEL.NS,BEL,Defence
2021-09-23,65.1358871459961,66.15632886524658,64.85329908393454,64.99459311496531,19379646,BEL.NS,BEL,Defence
2021-09-24,64.52361297607422,66.09352817122883,63.92704620802721,65.30857416690773,17282355,BEL.NS,BEL,Defence
2021-09-27,64.05264282226562,65.84235045607271,63.66016578871196,64.71200538847788,10315860,BEL.NS,BEL,Defence
2021-09-28,66.04641723632812,66.70577957290455,64.09972090437722,64.36660634408771,29934006,BEL.NS,BEL,Defence
2021-09-29,64.4137191772461,66.69010455772057,63.958446413058795,66.2191292633483,27378225,BEL.NS,BEL,Defence
2021-09-30,63.72295379638672,65.16727744072413,63.33046962400956,64.68059965412083,34237251,BEL.NS,BEL,Defence
2021-10-01,63.34617233276367,64.1311334932338,62.529813300795695,62.79669880178336,22069932,BEL.NS,BEL,Defence
2021-10-04,64.61782836914062,64.71202201901906,63.34619612949462,63.42469443098407,16627587,BEL.NS,BEL,Defence
2021-10-05,64.63350677490234,65.19867564969755,64.22532725796354,64.9317901480856,18733530,BEL.NS,BEL,Defence
2021-10-06,62.576927185058594,65.46557510436345,62.16874758112213,64.64921589649053,15618651,BEL.NS,BEL,Defence
2021-10-07,63.770057678222656,63.989850001364466,62.95370569851778,63.11069508182385,7587423,BEL.NS,BEL,Defence
2021-10-08,62.84380340576172,63.94274335471574,62.608315760520675,63.738653583072654,9881742,BEL.NS,BEL,Defence
2021-10-11,65.4969711303711,66.25053456040665,62.84381096632918,62.84381096632918,21749220,BEL.NS,BEL,Defence
2021-10-12,66.01504516601562,66.47031796934743,64.22533745621872,65.52836729961362,18331041,BEL.NS,BEL,Defence
2021-10-13,65.51266479492188,67.1767736301127,65.02598698170733,66.28192346626622,16863453,BEL.NS,BEL,Defence
2021-10-14,66.1092300415039,66.7685925483995,65.63825476900354,65.71674585674536,15404877,BEL.NS,BEL,Defence
2021-10-18,68.1815185546875,69.54735116062781,64.36662314877887,64.44511423673805,40084623,BEL.NS,BEL,Defence
2021-10-19,64.94749450683594,68.82519326955706,64.60211787160554,68.82519326955706,15424062,BEL.NS,BEL,Defence
2021-10-20,64.30381774902344,65.99933154424292,63.69155566578892,64.94748489005099,16082943,BEL.NS,BEL,Defence
2021-10-21,64.17823791503906,64.99459708957252,63.75436298253851,64.63351791103403,15707487,BEL.NS,BEL,Defence
2021-10-22,63.251976013183594,64.96318508942507,62.796696116167666,64.39801624012239,10288875,BEL.NS,BEL,Defence
2021-10-25,63.20488357543945,63.58166525126803,60.83431174085329,63.58166525126803,13207770,BEL.NS,BEL,Defence
2021-10-26,64.74340057373047,65.07308902965161,63.14208744431068,63.20488319214918,9505146,BEL.NS,BEL,Defence
2021-10-27,65.01029968261719,65.85805682864567,64.69632087780232,64.82191239972828,9492999,BEL.NS,BEL,Defence
2021-10-28,62.89090347290039,65.26148271356666,62.76531196482926,65.010292510911,11429706,BEL.NS,BEL,Defence
2021-10-29,64.94749450683594,68.71529711054536,57.600283741510445,62.10594720934542,95295024,BEL.NS,BEL,Defence
2021-11-01,62.969398498535156,65.55976274421285,61.63497082808432,65.21437892838568,23954010,BEL.NS,BEL,Defence
2021-11-02,62.985111236572266,63.92706202401248,61.93326427419359,63.42468874981198,19613109,BEL.NS,BEL,Defence
2021-11-03,62.9066047668457,64.75910822049654,62.62401669273278,63.40897797575837,25307715,BEL.NS,BEL,Defence
2021-11-04,63.377567291259766,63.51886129976184,63.20487541270298,63.487463429707134,1434759,BEL.NS,BEL,Defence
2021-11-08,66.70580291748047,66.97268845059108,63.28338420670136,63.28338420670136,35893830,BEL.NS,BEL,Defence
2021-11-09,69.32756042480469,70.39510248635045,66.70579848747167,66.70579848747167,51756600,BEL.NS,BEL,Defence
2021-11-10,68.98217010498047,69.5159482717512,68.74668248507143,69.35895173413729,15949584,BEL.NS,BEL,Defence
2021-11-11,70.1125259399414,70.64629700354423,68.91938512573105,68.99788340679487,23431827,BEL.NS,BEL,Defence
2021-11-12,70.20671081542969,71.58823870819747,69.7357355607705,70.80327755492812,23132022,BEL.NS,BEL,Defence
2021-11-15,69.908447265625,70.9602942156459,69.31188035699218,70.56780993448085,8602539,BEL.NS,BEL,Defence
2021-11-16,68.38561248779297,70.33230944665091,68.04022868287898,69.84563880019282,8030718,BEL.NS,BEL,Defence
2021-11-17,67.64777374267578,68.38563481171617,66.89421013805298,68.35423692706648,18084606,BEL.NS,BEL,Defence
2021-11-18,65.57547760009766,68.29143385780898,65.43418354102,67.67916439281541,28766142,BEL.NS,BEL,Defence
2021-11-22,63.73865509033203,66.06213372408898,63.03219213790281,65.90514435238676,17243226,BEL.NS,BEL,Defence
2021-11-23,66.25051879882812,66.45460854646996,63.644452477598506,63.89564262335452,17089326,BEL.NS,BEL,Defence
2021-11-24,65.41845703125,66.86278060094658,64.99458219588155,66.59589511450872,11478315,BEL.NS,BEL,Defence
2021-11-25,66.4546127319336,66.75289610807859,64.5707116729023,65.4184614002566,9875469,BEL.NS,BEL,Defence
2021-11-26,62.23154067993164,66.04644381136505,61.729167462660115,65.46557230853087,22881369,BEL.NS,BEL,Defence
2021-11-29,61.933250427246094,63.204882268677906,59.28009059401441,61.61926450612848,14850591,BEL.NS,BEL,Defence
2021-11-30,63.97413635253906,64.4608141359844,61.91754344930834,61.933245978166866,32274063,BEL.NS,BEL,Defence
2021-12-01,64.63350677490234,64.77479360371704,63.267674208759104,64.05263537106542,14136084,BEL.NS,BEL,Defence
2021-12-02,64.64922332763672,64.93181145100229,63.503182673010016,64.08405426742009,13228377,BEL.NS,BEL,Defence
2021-12-03,64.88469696044922,65.87374799117386,64.55501567904533,64.63351395995595,12481431,BEL.NS,BEL,Defence
2021-12-06,65.26146697998047,66.31331357277483,64.88468536009022,64.88468536009022,14751723,BEL.NS,BEL,Defence
2021-12-07,66.06214141845703,67.4122717318865,65.37138091600039,65.74816263848292,23275224,BEL.NS,BEL,Defence
2021-12-08,65.60686492919922,66.86279435196207,65.40277514036045,66.26622751682405,9462426,BEL.NS,BEL,Defence
2021-12-09,65.2300796508789,65.73245282973909,64.11543713907614,64.71200394150145,12294123,BEL.NS,BEL,Defence
2021-12-10,64.53931427001953,66.20343042326336,64.39802742304282,65.18298149974058,18276354,BEL.NS,BEL,Defence
2021-12-13,65.60686492919922,66.3761236769326,64.7434053662224,64.93179981019608,27024840,BEL.NS,BEL,Defence
2021-12-14,65.87374877929688,66.84709729087949,65.51266961851132,65.74815727754765,19438713,BEL.NS,BEL,Defence
2021-12-15,65.30858612060547,66.04644704416795,64.80621287874406,65.77956148400763,14031681,BEL.NS,BEL,Defence
2021-12-16,65.05738830566406,66.18772617116468,64.53931259184375,65.62255723841437,23209956,BEL.NS,BEL,Defence
2021-12-17,63.20488357543945,65.35567029125804,62.89089764783018,65.23007879481942,12549333,BEL.NS,BEL,Defence
2021-12-20,61.30528259277344,63.07928750410167,60.1749376472673,63.07928750410167,16835343,BEL.NS,BEL,Defence
2021-12-21,62.63970947265625,63.25197874690945,61.352375181125744,61.352375181125744,10884186,BEL.NS,BEL,Defence
2021-12-22,63.86425018310547,64.11543316370496,62.95369750540754,62.95369750540754,8943987,BEL.NS,BEL,Defence
2021-12-23,65.59114837646484,65.85803386073859,64.17822268801149,64.17822268801149,8703837,BEL.NS,BEL,Defence
2021-12-24,64.06834411621094,65.52837060249459,63.55027553365267,65.37138121179719,9183225,BEL.NS,BEL,Defence
2021-12-27,64.9789047241211,65.13590132010256,63.26769500813041,64.05265642849425,8676960,BEL.NS,BEL,Defence
2021-12-28,65.01029968261719,65.65396701225893,64.52362894189706,65.55977337081447,10372101,BEL.NS,BEL,Defence
2021-12-29,65.84235382080078,66.84710025233288,64.96319889658186,64.96319889658186,24965061,BEL.NS,BEL,Defence
2021-12-30,65.92084503173828,66.69011098162328,64.36663215981083,65.87375180967241,42195855,BEL.NS,BEL,Defence
2021-12-31,65.92084503173828,66.87849824291347,65.49697010057868,65.93654756343581,12683187,BEL.NS,BEL,Defence
2022-01-03,66.32901763916016,66.62730103141023,65.77955125828377,65.8580423489732,8974341,BEL.NS,BEL,Defence
2022-01-04,67.86754608154297,68.7780916540296,66.3133260975166,66.72150566394882,31336737,BEL.NS,BEL,Defence
2022-01-05,66.97268676757812,68.1030318086821,66.7529016461626,67.74194547230167,11957511,BEL.NS,BEL,Defence
2022-01-06,66.53311157226562,66.92559579631273,66.12493200370395,66.25053069238581,8820915,BEL.NS,BEL,Defence
2022-01-07,65.32427978515625,67.17678331262297,65.15158786481865,66.53311604100593,12974964,BEL.NS,BEL,Defence
2022-01-10,66.20343780517578,66.40752761263705,65.30858747081672,65.60687091560307,9408897,BEL.NS,BEL,Defence
2022-01-11,66.07782745361328,66.61159843282073,65.48125354757688,66.2505193327413,10022118,BEL.NS,BEL,Defence
2022-01-12,66.12493133544922,66.54881343075479,65.5597623948881,66.25053002286178,7794744,BEL.NS,BEL,Defence
2022-01-13,65.79525756835938,66.65871001544876,65.07309916917903,66.53311850020242,12144687,BEL.NS,BEL,Defence
2022-01-14,69.10778045654297,69.73574515363416,65.43417152755643,65.65395665625879,27463650,BEL.NS,BEL,Defence
2022-01-17,67.9774398803711,69.9555349157613,67.75765473711152,69.70435189489322,28842888,BEL.NS,BEL,Defence
2022-01-18,65.41845703125,68.60539471337889,65.18296941459825,68.54259178729491,17939775,BEL.NS,BEL,Defence
2022-01-19,65.35567474365234,66.06213773901688,64.36663086204994,65.6696606926521,30378717,BEL.NS,BEL,Defence
2022-01-20,66.67440032958984,66.81569435160584,65.13588299022399,65.62255361587493,20278191,BEL.NS,BEL,Defence
2022-01-21,64.9789047241211,66.45463391916859,64.36664243394267,66.37613562117785,17723898,BEL.NS,BEL,Defence
2022-01-24,61.94894790649414,65.5440656270252,61.242484949507684,64.97888951222578,20025537,BEL.NS,BEL,Defence
2022-01-25,64.11542510986328,64.52360458857649,60.975587941192714,61.63495755546462,29718342,BEL.NS,BEL,Defence
2022-01-27,64.3352279663086,64.77479819949407,62.21583914557166,63.3932773793144,23800311,BEL.NS,BEL,Defence
2022-01-28,65.02599334716797,66.25053207847266,64.47651973391383,64.9160971872145,24666333,BEL.NS,BEL,Defence
2022-01-31,65.84235382080078,68.99788715438106,65.19868656605074,67.41226922175551,53776260,BEL.NS,BEL,Defence
2022-02-01,65.12018585205078,66.70580372554035,63.84855392164733,66.45462072028192,29395494,BEL.NS,BEL,Defence
2022-02-02,66.17204284667969,66.62731570710206,65.46557975578986,65.79526109423561,30206025,BEL.NS,BEL,Defence
2022-02-03,65.29287719726562,66.3918172088021,65.16728569572157,66.25053036282155,11555226,BEL.NS,BEL,Defence
2022-02-04,64.30381774902344,65.81094431655724,64.16253092151521,65.76384391637978,17933076,BEL.NS,BEL,Defence
2022-02-07,63.45606994628906,64.61780559164605,62.67110876763447,64.33522474161926,18325029,BEL.NS,BEL,Defence
2022-02-08,62.63970947265625,64.02123737872292,61.666361082758385,63.4874663765059,26278878,BEL.NS,BEL,Defence
2022-02-09,64.09497833251953,64.30061423593064,62.67134849703768,63.08262030385987,15305202,BEL.NS,BEL,Defence
2022-02-10,64.15824127197266,64.77514890016519,63.43061220355696,64.20569848989317,12104241,BEL.NS,BEL,Defence
2022-02-11,63.38317108154297,64.42716497231896,63.22499238323044,63.541349779855494,11505933,BEL.NS,BEL,Defence
2022-02-14,61.97536087036133,63.082626210200374,61.010452734634555,62.323353997138106,31961610,BEL.NS,BEL,Defence
2022-02-15,62.94025802612305,63.08262246273453,60.93135614749318,62.070264399428964,10746255,BEL.NS,BEL,Defence
2022-02-16,62.956085205078125,63.69953595129165,62.1809914781301,63.19335687389003,13420629,BEL.NS,BEL,Defence
2022-02-17,63.58879089355469,64.74351320096896,62.78206887518563,63.03515472834228,19166469,BEL.NS,BEL,Defence
2022-02-18,63.27245330810547,63.77863247114901,62.95609585680196,63.27245330810547,10616886,BEL.NS,BEL,Defence
2022-02-21,62.68717575073242,63.85771256622498,62.275903906085816,62.6397185221361,10470885,BEL.NS,BEL,Defence
2022-02-22,62.43406677246094,63.30406022884626,61.16861582057395,61.69061623897792,20409699,BEL.NS,BEL,Defence
2022-02-23,62.956085205078125,63.4464427921125,62.449906127676506,62.449906127676506,10145349,BEL.NS,BEL,Defence
2022-02-24,59.42862319946289,62.244250201324974,59.15971587726549,61.912064178944924,24915339,BEL.NS,BEL,Defence
2022-02-25,63.31989288330078,63.636257487312825,60.7099048128301,61.0104479282114,22461840,BEL.NS,BEL,Defence
2022-02-28,66.57841491699219,66.9105937213184,62.070254347116126,62.3391616878521,35587689,BEL.NS,BEL,Defence
2022-03-02,68.33423614501953,69.47313718438737,65.66097648351085,65.66097648351085,51608091,BEL.NS,BEL,Defence
2022-03-03,68.03368377685547,69.58385643684704,67.27441169308743,68.96694877390492,28625697,BEL.NS,BEL,Defence
2022-03-04,67.98623657226562,71.10240383851796,67.24278586615245,67.7015149296227,46128378,BEL.NS,BEL,Defence
2022-03-07,67.78060913085938,69.09351776836128,65.34462078993649,67.32188725097838,38244033,BEL.NS,BEL,Defence
2022-03-08,67.3851547241211,68.88787772434412,65.86661747430408,68.47660586150596,20461842,BEL.NS,BEL,Defence
2022-03-09,70.37477111816406,71.29222195847109,67.4484184260349,67.82805450494746,30245265,BEL.NS,BEL,Defence
2022-03-10,68.5715103149414,71.65604192080382,68.2235099464352,71.29222730334178,37328694,BEL.NS,BEL,Defence
2022-03-11,67.95459747314453,69.22004865628135,67.73314731759746,69.04604848501639,29348391,BEL.NS,BEL,Defence
2022-03-14,66.37279510498047,68.3658756543057,66.18297342730969,68.33423991485334,28491564,BEL.NS,BEL,Defence
2022-03-15,65.02825164794922,66.48352464477945,64.30062239049082,65.80334537661454,23328489,BEL.NS,BEL,Defence
2022-03-16,66.11968231201172,66.4044111234801,65.36041754968683,66.08804658195461,23656146,BEL.NS,BEL,Defence
2022-03-17,66.2462387084961,67.00550354228534,65.48696663375169,66.49932457277413,36269526,BEL.NS,BEL,Defence
2022-03-21,66.08805084228516,67.82804507141137,65.4553289594006,66.43605113630139,38413833,BEL.NS,BEL,Defence
2022-03-22,66.37279510498047,66.64170251080385,64.85425788839727,66.21460916676205,19632078,BEL.NS,BEL,Defence
2022-03-23,65.613525390625,67.66988473861453,65.43952519649073,67.66988473861453,33279774,BEL.NS,BEL,Defence
2022-03-24,66.12338256835938,66.61731969136333,65.08771995493335,65.61351598954938,15609300,BEL.NS,BEL,Defence
2022-03-25,65.64537048339844,66.34644146275433,65.31077174039021,66.31457526312047,22413369,BEL.NS,BEL,Defence
2022-03-28,65.3426513671875,65.90032091593295,64.86465098075057,65.64538397276995,13461477,BEL.NS,BEL,Defence
2022-03-29,66.09151458740234,66.47391633466282,65.48604940890216,65.64538043121624,12104067,BEL.NS,BEL,Defence
2022-03-30,66.42610931396484,67.52551153488429,66.1711796938712,67.52551153488429,22181898,BEL.NS,BEL,Defence
2022-03-31,67.17498779296875,67.66892495907352,65.88438813066693,66.98379054437126,21738033,BEL.NS,BEL,Defence
2022-04-01,68.54525756835938,69.15073011802251,66.99972821993121,67.22279167970676,45845880,BEL.NS,BEL,Defence
2022-04-04,69.93145751953125,70.21825337322142,68.76832276752025,69.31005556264202,29426580,BEL.NS,BEL,Defence
2022-04-05,69.66059875488281,71.28579731832585,69.31006315714528,70.55286720710136,29299197,BEL.NS,BEL,Defence
2022-04-06,70.10671997070312,70.42538200613882,69.21445168407026,69.4693813124188,27765654,BEL.NS,BEL,Defence
2022-04-07,74.67960357666016,75.81087225042373,70.60066310919869,70.74406469908705,162897504,BEL.NS,BEL,Defence
2022-04-08,76.35259246826172,77.18112107346886,74.87078844087414,76.06578933595875,86792331,BEL.NS,BEL,Defence
2022-04-11,77.73880767822266,79.09313989246945,76.814672963293,77.0696099473497,53098242,BEL.NS,BEL,Defence
2022-04-12,77.24485778808594,78.5195204977372,75.66745520884349,77.73878758230656,34166946,BEL.NS,BEL,Defence
2022-04-13,78.74260711669922,79.74640365626121,77.77066949292148,77.77066949292148,35185764,BEL.NS,BEL,Defence
2022-04-18,81.244140625,81.67434541086907,77.83440501735159,78.39207464627454,58066713,BEL.NS,BEL,Defence
2022-04-19,79.7623291015625,82.69406372150705,79.04532854906388,81.26006261650981,39192846,BEL.NS,BEL,Defence
2022-04-20,80.71834564208984,81.45127579372314,79.85794335189179,80.52714108109681,31402827,BEL.NS,BEL,Defence
2022-04-21,80.59087371826172,82.4391356874578,80.27220434040356,81.0848035955489,32102493,BEL.NS,BEL,Defence
2022-04-22,80.19254302978516,81.78588278148393,79.93761333748667,80.44748001579195,14025423,BEL.NS,BEL,Defence
2022-04-25,78.32833099365234,79.66673353493593,77.35639347045723,79.66673353493593,15988692,BEL.NS,BEL,Defence
2022-04-26,79.82606506347656,80.75019963628691,78.7107332523084,78.72666270865133,16455561,BEL.NS,BEL,Defence
2022-04-27,78.5513916015625,79.33212456570256,77.38825688318673,78.88599040137869,13818495,BEL.NS,BEL,Defence
2022-04-28,78.59920501708984,79.6667412624164,77.59540119033386,79.6667412624164,9256521,BEL.NS,BEL,Defence
2022-04-29,76.01797485351562,79.61891374163581,75.44437596961038,78.94971625936395,21932493,BEL.NS,BEL,Defence
2022-05-02,75.8905258178711,76.28886433435704,74.4724614133091,74.88672938597855,13942155,BEL.NS,BEL,Defence
2022-05-04,73.67579650878906,76.43226363046605,72.91099292541038,76.1613972142085,16041333,BEL.NS,BEL,Defence
2022-05-05,74.85486602783203,75.97019787027111,73.93073142911143,74.83892927733515,18857412,BEL.NS,BEL,Defence
2022-05-06,72.70386505126953,74.64773289294742,72.41706188868288,74.0103941524676,16795458,BEL.NS,BEL,Defence
2022-05-09,71.85939025878906,72.3851936105892,70.58472740170355,71.70005922508017,23472795,BEL.NS,BEL,Defence
2022-05-10,71.0308609008789,73.10219349383375,70.77592395571008,71.700058529673,13234959,BEL.NS,BEL,Defence
2022-05-11,69.7880630493164,71.76379719511318,68.75239301575044,71.66819856748582,17541396,BEL.NS,BEL,Defence
2022-05-12,69.56499481201172,71.11053154263794,68.8798676423343,70.10673497561372,23454804,BEL.NS,BEL,Defence
2022-05-13,69.7083740234375,71.92310775430329,69.1825780744028,70.23417726617787,12118287,BEL.NS,BEL,Defence
2022-05-16,72.28958892822266,72.5126523567092,68.92764969609036,69.72431938524117,15258537,BEL.NS,BEL,Defence
2022-05-17,74.16973114013672,74.53619616836073,72.06652500460518,72.91099043267172,17055900,BEL.NS,BEL,Defence
2022-05-18,74.28125,75.60372295750201,73.93072176566682,74.72738413740313,18878982,BEL.NS,BEL,Defence
2022-05-19,72.4967269897461,73.54832637075451,71.44512031503068,73.13405840078305,11176905,BEL.NS,BEL,Defence
2022-05-20,74.87078857421875,75.95425410937001,73.1499843647495,73.61205526831537,17729133,BEL.NS,BEL,Defence
2022-05-23,73.7395248413086,76.5437947667822,73.38898927719761,75.28506137970054,15413691,BEL.NS,BEL,Defence
2022-05-24,73.8191909790039,74.36092375931642,69.81992024314209,70.10672338269899,36815832,BEL.NS,BEL,Defence
2022-05-25,72.1302490234375,75.03011729204957,71.85938264796698,73.93072233533734,12376107,BEL.NS,BEL,Defence
2022-05-26,72.01872253417969,73.14998371900913,70.93524971488625,72.40111698294686,11313504,BEL.NS,BEL,Defence
2022-05-27,73.58020782470703,74.13787748349758,72.40113608218563,73.2934046187671,11187723,BEL.NS,BEL,Defence
2022-05-30,73.50053405761719,74.9823383729418,72.97473793783378,74.53620413250579,8326164,BEL.NS,BEL,Defence
2022-05-31,74.80705261230469,75.18945433999063,73.18185438677229,73.73951658317908,13674072,BEL.NS,BEL,Defence
2022-06-01,78.42393493652344,78.9338015639554,74.80706558510931,74.99826283525596,34360020,BEL.NS,BEL,Defence
2022-06-02,78.31239318847656,79.52333088866592,77.80252660253025,79.09312617027851,26049855,BEL.NS,BEL,Defence
2022-06-03,77.19706726074219,79.01347030208939,77.03773621981964,78.71073767748278,11056728,BEL.NS,BEL,Defence
2022-06-06,77.56353759765625,78.18493964024402,75.93833898815717,76.76687504494087,13057254,BEL.NS,BEL,Defence
2022-06-07,78.32833099365234,79.20466260455736,77.16519623329118,78.39206340604103,28241430,BEL.NS,BEL,Defence
2022-06-08,78.16900634765625,79.81014178181955,77.77067505367,78.69480978243308,24623397,BEL.NS,BEL,Defence
2022-06-09,78.2486572265625,78.85412240233185,77.46792428018482,78.13712186459236,6650814,BEL.NS,BEL,Defence
2022-06-10,78.6151351928711,78.85413541154742,76.95807041377886,77.43607085113152,9887892,BEL.NS,BEL,Defence
2022-06-13,75.04605865478516,77.43606052277195,74.8389246733125,77.43606052277195,13056528,BEL.NS,BEL,Defence
2022-06-14,76.91024780273438,77.2448538583589,74.58397862946302,74.58397862946302,11702244,BEL.NS,BEL,Defence
2022-06-15,76.5278549194336,77.64318657941966,76.11358699877148,77.46791882116214,9599067,BEL.NS,BEL,Defence
2022-06-16,74.05818939208984,77.72286123992261,73.64392144206724,76.86245913554541,12906030,BEL.NS,BEL,Defence
2022-06-17,74.79113006591797,76.04987084475852,72.9109945670124,73.29339636731157,20333781,BEL.NS,BEL,Defence
2022-06-20,72.38518524169922,75.28505348217286,71.28578300194845,74.88672229710052,12914700,BEL.NS,BEL,Defence
2022-06-21,73.37306213378906,74.05819653355476,72.73573069198433,73.24559730416958,12811437,BEL.NS,BEL,Defence
2022-06-22,71.97093200683594,73.2774684801472,71.71599503660366,73.02253150991493,11056173,BEL.NS,BEL,Defence
2022-06-23,72.30552673339844,72.75166093559864,71.71599094947186,72.27366052564896,9004842,BEL.NS,BEL,Defence
2022-06-24,74.40873718261719,74.53620202092844,72.75166510973953,72.95879911884923,9668958,BEL.NS,BEL,Defence
2022-06-27,76.4959945678711,76.89433310279554,74.79112693601998,74.88673285237458,14977953,BEL.NS,BEL,Defence
2022-06-28,75.34879302978516,76.6393926102031,74.82298968894112,76.30479379953283,9497565,BEL.NS,BEL,Defence
2022-06-29,75.23725128173828,75.74711782945457,74.63178612389515,74.85485684123088,20182623,BEL.NS,BEL,Defence
2022-06-30,74.59992218017578,76.22512048267927,73.86698489292286,75.04605633465438,19573899,BEL.NS,BEL,Defence
2022-07-01,73.22965240478516,75.04605519956694,72.41705326582414,74.24938551568209,15324042,BEL.NS,BEL,Defence
2022-07-04,73.1977767944336,74.13784792173006,72.32144536037036,72.87910750308987,13538427,BEL.NS,BEL,Defence
2022-07-05,73.03845977783203,74.8548626869173,72.68792421961925,73.86698842400726,14922519,BEL.NS,BEL,Defence
2022-07-06,73.62799072265625,73.83512471463035,71.42919326885605,73.22965948903249,21103464,BEL.NS,BEL,Defence
2022-07-07,75.41250610351562,75.79490777209483,73.6439065917551,73.77137138337977,19351467,BEL.NS,BEL,Defence
2022-07-08,75.20539093017578,77.26079402951508,74.39279174030871,75.87459584054812,21179418,BEL.NS,BEL,Defence
2022-07-11,74.80705261230469,75.9701872499252,74.50432003855099,75.14165138889003,10090566,BEL.NS,BEL,Defence
2022-07-12,74.01038360595703,75.4603213755391,73.35711550159527,74.40872208542037,12953874,BEL.NS,BEL,Defence
2022-07-13,74.39279174804688,74.98232749698916,73.61205876395375,73.89886191038703,12866319,BEL.NS,BEL,Defence
2022-07-14,75.65153503417969,75.82680283623829,74.45653392351464,74.56806930549884,16879224,BEL.NS,BEL,Defence
2022-07-15,78.23272705078125,78.61512149908872,75.65152076246639,75.68338696649201,24300105,BEL.NS,BEL,Defence
2022-07-18,81.08479309082031,83.10832988470655,79.39586238250453,79.58705960822482,114055476,BEL.NS,BEL,Defence
2022-07-19,81.307861328125,82.42319303146624,80.3199871443263,80.81392423622565,30352653,BEL.NS,BEL,Defence
2022-07-20,81.22819519042969,82.3753931396989,80.62273001129908,82.24792832171492,16157313,BEL.NS,BEL,Defence
2022-07-21,85.62579345703125,86.0081951886249,81.06886076218397,81.2600579811276,56209248,BEL.NS,BEL,Defence
2022-07-22,85.02033233642578,86.07193167791297,84.57419817735443,85.99226251938735,28925541,BEL.NS,BEL,Defence
2022-07-25,86.05599975585938,87.44220526468646,85.41866833302483,85.94447168011565,27481563,BEL.NS,BEL,Defence
2022-07-26,85.05220794677734,86.35874436380863,83.80940394613184,86.27907519647263,16387791,BEL.NS,BEL,Defence
2022-07-27,87.04386901855469,87.26693245088842,85.33899424975247,85.4823958173918,26434413,BEL.NS,BEL,Defence
2022-07-28,86.78892517089844,88.23886289348242,86.40652345223955,87.31472844576767,26787639,BEL.NS,BEL,Defence
2022-07-29,87.69713592529297,88.04767149405309,86.67740271954281,87.31474144341708,14660187,BEL.NS,BEL,Defence
2022-08-01,90.56515502929688,91.71236056793896,86.96422193724376,88.01582154405094,24181113,BEL.NS,BEL,Defence
2022-08-02,89.86408233642578,91.47335145005118,88.93994767012315,91.10688639260417,32577612,BEL.NS,BEL,Defence
2022-08-03,88.22293090820312,90.5332635053576,87.31473315935312,90.18273526356137,15700254,BEL.NS,BEL,Defence
2022-08-04,90.5492172241211,91.61675348574501,87.93614426058886,88.66908167275528,39839988,BEL.NS,BEL,Defence
2022-08-05,87.99987030029297,90.8200695422811,85.16373430904129,90.78820333746076,80363784,BEL.NS,BEL,Defence
2022-08-08,90.30680847167969,90.86752377749913,88.04793812570078,88.25620339165988,21774303,BEL.NS,BEL,Defence
2022-08-10,92.08505249023438,92.37341463360747,89.95434365215687,90.29076981952902,28967340,BEL.NS,BEL,Defence
2022-08-11,92.10108184814453,93.6390354955937,91.52435014704378,92.43750806265818,23053884,BEL.NS,BEL,Defence
2022-08-12,93.27056884765625,93.60699506148175,92.02097738654273,92.27730666069733,13774848,BEL.NS,BEL,Defence
2022-08-16,94.11964416503906,94.6322953683075,92.96618079107041,93.71913747504408,18326535,BEL.NS,BEL,Defence
2022-08-17,93.35066986083984,94.7444386981038,93.11036438313633,94.60025394477346,12973041,BEL.NS,BEL,Defence
2022-08-18,92.51761627197266,94.35995596967118,91.87680405832573,93.25454921763536,16134525,BEL.NS,BEL,Defence
2022-08-19,91.34813690185547,93.62303108992691,90.78742158314341,92.75792976017021,17598678,BEL.NS,BEL,Defence
2022-08-22,92.6297607421875,92.99822721481767,90.61118870324952,91.31608873806387,18811092,BEL.NS,BEL,Defence
2022-08-23,95.62555694580078,95.99403072521649,91.92485403237237,92.05301499901718,30535758,BEL.NS,BEL,Defence
2022-08-24,94.21575927734375,96.41055604832663,93.39872215833233,96.12218655524455,20796507,BEL.NS,BEL,Defence
2022-08-25,95.06485748291016,95.89791117354069,94.53618244829106,94.69638367080812,22580238,BEL.NS,BEL,Defence
2022-08-26,97.83637237548828,98.6534095555925,95.32117301694464,95.32117301694464,31345068,BEL.NS,BEL,Defence
2022-08-29,98.95780181884766,99.7427988065368,96.33046511175625,96.69893158892833,27834195,BEL.NS,BEL,Defence
2022-08-30,98.20484924316406,99.9190280577819,97.13149001047925,99.74280303942743,25458348,BEL.NS,BEL,Defence
2022-09-01,102.46625518798828,102.7866649391146,98.04463582344322,98.31698154516114,33768936,BEL.NS,BEL,Defence
2022-09-02,103.98818969726562,105.63828777330508,102.69054160515759,102.85074280988047,37018653,BEL.NS,BEL,Defence
2022-09-05,105.06155395507812,105.38195635797419,103.92410709094483,105.04553016816287,24073551,BEL.NS,BEL,Defence
2022-09-06,104.34064483642578,106.9519576033625,104.06829177462893,105.55818871955785,28364094,BEL.NS,BEL,Defence
2022-09-07,105.49411010742188,105.6543113229041,104.37268693196314,104.58095217886083,14016204,BEL.NS,BEL,Defence
2022-09-08,105.14165496826172,106.18298115192702,104.80522876539791,106.05482018579627,13824843,BEL.NS,BEL,Defence
2022-09-09,105.14165496826172,106.63155186692583,104.99747021459403,105.41400068806016,16733637,BEL.NS,BEL,Defence
2022-09-12,108.4738998413086,108.87440655832184,104.46881067055088,105.68635461037118,39074646,BEL.NS,BEL,Defence
2022-09-13,107.59278106689453,109.45114453581598,107.35247557235368,109.09869452154494,18851928,BEL.NS,BEL,Defence
2022-09-14,107.62481689453125,108.76226383315839,106.71165165262003,107.33644737949794,48838458,BEL.NS,BEL,Defence
2022-09-15,106.79176330566406,110.20410435736996,104.38870829278439,110.20410435736996,25552945,BEL.NS,BEL,Defence
2022-09-16,106.69563293457031,109.09868773039396,105.20573602774314,107.03205913927737,27675466,BEL.NS,BEL,Defence
2022-09-19,106.21502685546875,109.33899823357078,105.7344158742223,107.99328601937236,18503444,BEL.NS,BEL,Defence
2022-09-20,105.9266586303711,107.75298184817922,105.73441716893515,107.17625013032973,13735873,BEL.NS,BEL,Defence
2022-09-21,104.2445297241211,106.26310192180634,103.47555647439837,106.11891714575134,16931740,BEL.NS,BEL,Defence
2022-09-22,105.73441314697266,107.65685702237215,103.42747902978498,104.38870096748472,20701188,BEL.NS,BEL,Defence
2022-09-23,102.51432037353516,106.69563430527693,101.98564537824562,106.26308736988828,15215768,BEL.NS,BEL,Defence
2022-09-26,96.79503631591797,100.92829315968315,95.64157304179498,100.92829315968315,41567351,BEL.NS,BEL,Defence
2022-09-27,95.88188171386719,97.90044617797726,94.63229034708715,97.32371452159451,28782718,BEL.NS,BEL,Defence
2022-09-28,95.30516815185547,97.03536344949374,94.77649308856634,95.16098337700005,24892912,BEL.NS,BEL,Defence
2022-09-29,95.1609878540039,96.79506248979702,94.53619202259738,96.02608921029429,74476855,BEL.NS,BEL,Defence
2022-09-30,97.03535461425781,97.41984486768303,92.51761430375103,95.49740093409858,28502920,BEL.NS,BEL,Defence
2022-10-03,94.6323013305664,99.00586428837236,94.29587510309096,97.51596728071317,21407465,BEL.NS,BEL,Defence
2022-10-04,98.09270477294922,98.47718769333603,95.9780120431136,96.36250229704204,14768228,BEL.NS,BEL,Defence
2022-10-06,100.59187316894531,100.92829936679307,98.42912389679974,98.95779154097734,20520361,BEL.NS,BEL,Defence
2022-10-07,102.12982940673828,102.37013488769531,99.967080078125,101.12054345330223,20045623,BEL.NS,BEL,Defence
2022-10-10,100.39962005615234,101.50502665869587,99.91900912752827,101.0244157300718,11511957,BEL.NS,BEL,Defence
2022-10-11,99.05391693115234,101.31278686565405,98.5733059947247,100.92829664980377,11739022,BEL.NS,BEL,Defence
2022-10-12,99.24617004394531,99.43841150770817,97.08342057567532,98.669438319115,6659580,BEL.NS,BEL,Defence
2022-10-13,97.4679183959961,100.35158457733596,97.13149214154824,99.24617774111388,7795689,BEL.NS,BEL,Defence
2022-10-14,96.89118194580078,99.58259918490847,96.55474837406308,99.00586744320982,7476515,BEL.NS,BEL,Defence
2022-10-17,97.85238647460938,98.76554429133195,96.07412019961174,96.60279514626629,9943468,BEL.NS,BEL,Defence
2022-10-18,101.8414535522461,102.75461872312452,98.09269414966788,98.38105630872883,21766333,BEL.NS,BEL,Defence
2022-10-19,101.79339599609375,104.96542372011444,101.21666434932096,102.51431238794493,22878764,BEL.NS,BEL,Defence
2022-10-20,103.81195831298828,104.9173648913625,102.41818958386905,102.65849504292689,25579790,BEL.NS,BEL,Defence
2022-10-21,99.53453063964844,104.72512303079385,98.71748615813378,104.34064013777649,19880033,BEL.NS,BEL,Defence
2022-10-24,100.73605346679688,101.26472108760142,100.30349923136686,100.5438046954255,3728536,BEL.NS,BEL,Defence
2022-10-25,100.97637176513672,101.40891872200346,99.5345387975253,100.92830773279967,13217298,BEL.NS,BEL,Defence
2022-10-27,103.66779327392578,104.67707932720968,101.12055345707662,101.5531077657163,29990758,BEL.NS,BEL,Defence
2022-10-28,101.26471710205078,104.34063132106476,99.87094839878259,103.8119563875269,20059496,BEL.NS,BEL,Defence
2022-10-31,102.70655822753906,103.04298442478019,101.07248393605873,101.7934003588073,12793983,BEL.NS,BEL,Defence
2022-11-01,104.2925796508789,106.1189027888929,102.61044126941312,103.13911626557605,26521676,BEL.NS,BEL,Defence
2022-11-02,102.9468765258789,105.97472734531046,102.65851432098285,104.29258881601982,19881462,BEL.NS,BEL,Defence
2022-11-03,105.68634796142578,107.84909729760945,102.37013524602733,102.65850475760168,34173239,BEL.NS,BEL,Defence
2022-11-04,104.72512817382812,107.08012634368912,104.38870195914555,106.31114585280768,22356935,BEL.NS,BEL,Defence
2022-11-07,105.39799499511719,106.02279076910752,104.58095775230302,105.15768949231644,15333789,BEL.NS,BEL,Defence
2022-11-09,103.86004638671875,106.88789000510377,103.47555609649042,105.92666794630414,17033165,BEL.NS,BEL,Defence
2022-11-10,102.5623779296875,104.29258035282841,100.639934052216,103.86003341381388,12937603,BEL.NS,BEL,Defence
2022-11-11,103.13912963867188,104.2445291372718,102.56239053769868,103.8119821450842,11075218,BEL.NS,BEL,Defence
2022-11-14,102.46625518798828,103.47554113723434,101.3608485134667,103.13911493199942,10547759,BEL.NS,BEL,Defence
2022-11-15,102.89881896972656,103.23524520607944,101.36085788889866,102.56238539983175,11675691,BEL.NS,BEL,Defence
2022-11-16,104.10034942626953,105.54218248018717,103.18718409199641,104.72513788280013,27372424,BEL.NS,BEL,Defence
2022-11-17,106.31114196777344,107.03205840155157,103.908087188513,104.00420791297518,26985734,BEL.NS,BEL,Defence
2022-11-18,103.18718719482422,107.08013949087933,102.27402916663468,106.55146442179547,23962357,BEL.NS,BEL,Defence
2022-11-21,101.6972885131836,103.04299341961745,100.44769700459018,102.94687268823527,16407321,BEL.NS,BEL,Defence
2022-11-22,103.28328704833984,103.61972056983625,100.97636042605002,101.12053783978747,11999335,BEL.NS,BEL,Defence
2022-11-23,102.75462341308594,104.86930867688211,102.22594843036632,103.81196604498402,21024176,BEL.NS,BEL,Defence
2022-11-24,102.85074615478516,103.23523639216552,101.93758825785545,102.85074615478516,12820212,BEL.NS,BEL,Defence
2022-11-25,102.99494171142578,103.81197896807724,102.51433069768468,103.13912648225653,8834584,BEL.NS,BEL,Defence
2022-11-28,103.2352294921875,104.53287753976609,102.80267525396742,102.94686000004079,11289089,BEL.NS,BEL,Defence
2022-11-29,102.0337142944336,103.7158527536754,101.1686130486866,103.7158527536754,8717535,BEL.NS,BEL,Defence
2022-11-30,101.0244369506836,102.41821333658652,100.11127892790144,102.37014930021174,27869373,BEL.NS,BEL,Defence
2022-12-01,100.11125946044922,102.2259446459597,99.82288996536101,101.55309226880843,19098551,BEL.NS,BEL,Defence
2022-12-02,102.0337142944336,102.32207648732145,100.25545510422914,100.49576059840655,13020973,BEL.NS,BEL,Defence
2022-12-05,103.28328704833984,103.42747179561817,100.92829639911028,102.22594445753353,17476086,BEL.NS,BEL,Defence
2022-12-06,101.60116577148438,104.19646965603002,101.40892429864786,103.09106285336478,13880227,BEL.NS,BEL,Defence
2022-12-07,101.60116577148438,102.99494211694652,101.36086026366767,102.12984082209796,11943855,BEL.NS,BEL,Defence
2022-12-08,101.21668243408203,101.40892390617454,100.20739637174118,100.9283128924012,15789329,BEL.NS,BEL,Defence
2022-12-09,101.6972885131836,102.75463122547093,100.44769700459018,101.88952997594794,12630851,BEL.NS,BEL,Defence
2022-12-12,100.49575805664062,102.41820196143688,99.96708304940505,101.8895269542013,19335542,BEL.NS,BEL,Defence
2022-12-13,101.07249450683594,101.31280000621808,100.35157800868951,101.02443047354276,7421330,BEL.NS,BEL,Defence
2022-12-14,101.36085510253906,101.55310389912869,100.78412337985364,101.07249290796722,6168426,BEL.NS,BEL,Defence
2022-12-15,99.24617004394531,101.55310427680833,98.76555905099643,101.16861401574086,10186774,BEL.NS,BEL,Defence
2022-12-16,95.59351348876953,98.42912244842603,94.05555994013838,98.28493769902977,38364152,BEL.NS,BEL,Defence
2022-12-19,96.55474090576172,96.93923114833531,93.95944460208737,95.59351896609842,22872344,BEL.NS,BEL,Defence
2022-12-20,97.37178802490234,97.66015021438692,95.16097457114596,96.84311301053489,10478941,BEL.NS,BEL,Defence
2022-12-21,95.35321044921875,98.23687617651619,94.6322940173944,97.90044997503972,11606766,BEL.NS,BEL,Defence
2022-12-22,94.44004821777344,96.02606576142131,93.04627944721246,95.64157554878837,14577136,BEL.NS,BEL,Defence
2022-12-23,92.80598449707031,95.30516016206057,92.27730947810201,95.11291136718953,23099245,BEL.NS,BEL,Defence
2022-12-26,95.40128326416016,95.97801499602605,90.97966354179914,92.85404350374877,12096095,BEL.NS,BEL,Defence
2022-12-27,96.36250305175781,97.03535550124619,94.58424386364568,95.9299560961641,10240049,BEL.NS,BEL,Defence
2022-12-28,95.88188171386719,96.98728833316632,95.40127077795808,95.73769696638627,9470020,BEL.NS,BEL,Defence
2022-12-29,95.06485748291016,95.92995875158599,94.48812574830689,94.68036721532735,11367064,BEL.NS,BEL,Defence
2022-12-30,96.02607727050781,97.41984620811725,95.40128151678776,95.54546628049881,9236774,BEL.NS,BEL,Defence
2023-01-02,96.36250305175781,97.27566099514084,96.02607682701363,96.50668781480294,6973552,BEL.NS,BEL,Defence
2023-01-03,96.4586181640625,96.98729315325303,95.92995050841323,96.41056146820779,8833881,BEL.NS,BEL,Defence
2023-01-04,94.92066192626953,96.98729046276488,94.63229242497583,96.79504168405539,8927128,BEL.NS,BEL,Defence
2023-01-05,96.07412719726562,96.26637597984293,94.48811690886471,95.1609693140323,10448282,BEL.NS,BEL,Defence
2023-01-06,95.1129150390625,96.6028120892791,94.87260953635284,95.92995961510887,7215940,BEL.NS,BEL,Defence
2023-01-09,96.12220001220703,97.7562744789978,95.64158901214599,96.0260792789032,11920266,BEL.NS,BEL,Defence
2023-01-10,95.30516815185547,96.21832617003604,94.48813087239778,96.12220543131318,10397112,BEL.NS,BEL,Defence
2023-01-11,96.31444549560547,96.84312055113773,95.68965703630285,96.45863026834537,11130194,BEL.NS,BEL,Defence
2023-01-12,95.54546356201172,96.60280624323937,95.06485258567719,96.55474221218931,9299447,BEL.NS,BEL,Defence
2023-01-13,96.07412719726562,96.2183119508133,93.62301572111981,95.64158027016377,11684608,BEL.NS,BEL,Defence
2023-01-16,98.1407699584961,99.00587127126414,96.31444659455073,96.55475210734507,16485682,BEL.NS,BEL,Defence
2023-01-17,98.90973663330078,99.00585735820245,97.56402448405386,98.3810616460298,11762030,BEL.NS,BEL,Defence
2023-01-18,98.71749114990234,99.96708261601918,98.14075944767207,99.10198139590302,13005273,BEL.NS,BEL,Defence
2023-01-19,98.86168670654297,99.00587148123381,97.9004646533271,98.04464942801795,4842895,BEL.NS,BEL,Defence
2023-01-20,97.85238647460938,99.39033995550349,97.6601377060347,98.90972903437779,7912700,BEL.NS,BEL,Defence
2023-01-23,97.61209106445312,98.52524897519692,97.17953679077863,98.38106421730542,9725869,BEL.NS,BEL,Defence
2023-01-24,96.74699401855469,97.90045746429563,96.26638302723902,97.61209526963127,10169994,BEL.NS,BEL,Defence
2023-01-25,95.30516815185547,96.98730674690346,94.96874189955433,96.3144469087589,9232812,BEL.NS,BEL,Defence
2023-01-27,90.64322662353516,96.07412440303504,88.86496027073503,95.7376982102359,24624255,BEL.NS,BEL,Defence
2023-01-30,85.50068664550781,89.34557431628575,83.62630683942007,89.34557431628575,62828817,BEL.NS,BEL,Defence
2023-01-31,91.26802825927734,92.51761982408439,85.59682418364763,86.79835171383054,59004021,BEL.NS,BEL,Defence
2023-02-01,87.42314147949219,93.47884325624415,85.59682547293914,93.238537746588,44092961,BEL.NS,BEL,Defence
2023-02-02,89.4897689819336,89.8742592583032,84.87590766612455,86.07743519631576,24502896,BEL.NS,BEL,Defence
2023-02-03,90.21068572998047,90.73936077802894,88.14405690607568,89.77813875142597,15906920,BEL.NS,BEL,Defence
2023-02-06,90.8354721069336,91.31608307046234,89.58588066834231,89.87425017987609,7015869,BEL.NS,BEL,Defence
2023-02-07,90.78740692138672,91.41220263272834,90.1145545144288,90.83547095054423,10315670,BEL.NS,BEL,Defence
2023-02-08,92.37342834472656,92.56567713571815,90.6912899246432,91.26802163053492,11577350,BEL.NS,BEL,Defence
2023-02-09,92.08505249023438,92.95014625389406,91.84474703731992,92.61372008652191,6577385,BEL.NS,BEL,Defence
2023-02-10,93.10072326660156,93.48763683924645,92.23016957309122,92.42363004929494,10685751,BEL.NS,BEL,Defence
2023-02-13,91.55307006835938,94.01963008752419,91.35960960544158,93.10071687289138,13582939,BEL.NS,BEL,Defence
2023-02-14,91.50469970703125,92.03670673558122,90.05377949799873,91.69816016275934,9624926,BEL.NS,BEL,Defence
2023-02-15,91.55307006835938,91.6981635706072,90.34396984923092,90.97270343913013,11575131,BEL.NS,BEL,Defence
2023-02-16,94.5516357421875,95.1803693228194,91.16615517852861,92.76216892020591,32927840,BEL.NS,BEL,Defence
2023-02-17,93.2941665649414,95.42218730111432,93.0523465299055,94.35818062290876,20383244,BEL.NS,BEL,Defence
2023-02-20,91.79487609863281,93.5843426738077,91.11777565143086,93.53597572052149,17505922,BEL.NS,BEL,Defence
2023-02-21,92.42362213134766,93.0523483307996,91.5047015525698,92.81052829108364,11933886,BEL.NS,BEL,Defence
2023-02-22,91.89160919189453,93.00398277911712,91.69815612444776,92.56870230771969,14589841,BEL.NS,BEL,Defence
2023-02-23,92.27852630615234,92.56870591864183,90.58578607079752,91.9883393139011,16196352,BEL.NS,BEL,Defence
2023-02-24,92.23014831542969,92.76215527766713,91.89160178480626,92.52033527297027,8061923,BEL.NS,BEL,Defence
2023-02-27,92.27852630615234,92.56870591864183,90.10214600355329,92.23015934752321,13928820,BEL.NS,BEL,Defence
2023-02-28,91.50469970703125,93.00398687493623,91.31124663106498,92.03670673558122,10965145,BEL.NS,BEL,Defence
2023-03-01,93.87454223632812,93.92290181634547,91.6981618819752,92.08506804116172,14285091,BEL.NS,BEL,Defence
2023-03-02,93.53598022460938,94.3581741915005,93.05234018750227,94.01962026171647,10048980,BEL.NS,BEL,Defence
2023-03-03,92.71379852294922,94.50326527858758,92.47197849165319,94.06799217415939,7938348,BEL.NS,BEL,Defence
2023-03-06,93.2941665649414,94.06799362896098,92.76216691571953,93.1974400268794,8289319,BEL.NS,BEL,Defence
2023-03-08,92.95561981201172,93.24580680539812,91.40797306672846,93.10071330870493,14292676,BEL.NS,BEL,Defence
2023-03-09,92.32688903808594,93.7294497088503,92.13343595648632,93.00398958320866,7884249,BEL.NS,BEL,Defence
2023-03-10,91.79487609863281,92.37524263926237,90.48904953727606,91.21450955800324,9620249,BEL.NS,BEL,Defence
2023-03-13,89.32831573486328,91.79488294110008,88.89304264188573,90.97269633227499,11482697,BEL.NS,BEL,Defence
2023-03-14,89.7152328491211,89.90868592492338,88.21594568248712,89.81195938702223,14285446,BEL.NS,BEL,Defence
2023-03-15,89.57014465332031,91.16615845231055,89.18323109905567,90.4406983054752,8318506,BEL.NS,BEL,Defence
2023-03-16,88.89305114746094,89.66687087343611,86.71667071480704,89.66687087343611,12278142,BEL.NS,BEL,Defence
2023-03-17,90.3439712524414,91.60143107200845,89.86033115727818,90.0537842434386,13158718,BEL.NS,BEL,Defence
2023-03-20,89.6185073852539,90.29560053843832,88.7479537741869,89.95705396184611,6579446,BEL.NS,BEL,Defence
2023-03-21,90.05377960205078,90.39232617526385,89.3283194966963,89.95705306395588,5886671,BEL.NS,BEL,Defence
2023-03-22,89.6185073852539,90.87596715256237,89.47341388678242,90.4406940369098,6096408,BEL.NS,BEL,Defence
2023-03-23,89.08650207519531,89.71523566090066,87.87740186413197,89.27996253682267,9969670,BEL.NS,BEL,Defence
2023-03-24,89.13518524169922,92.00737001153868,88.79441126209647,91.47187441058041,16650432,BEL.NS,BEL,Defence
2023-03-27,89.32989501953125,91.27714068753193,88.94044440030056,90.64428435980116,15959308,BEL.NS,BEL,Defence
2023-03-28,87.91815948486328,90.06012710418779,87.62606961488541,89.32990985739707,14999850,BEL.NS,BEL,Defence
2023-03-29,89.13518524169922,89.62199672324175,87.52870586697811,87.82078829901141,36103221,BEL.NS,BEL,Defence
2023-03-31,94.97692108154297,95.85317578791047,91.7639623976836,91.7639623976836,64455094,BEL.NS,BEL,Defence
2023-04-03,94.0519790649414,96.3886757195305,93.27308513218097,96.33999159891565,24154016,BEL.NS,BEL,Defence
2023-04-05,95.65845489501953,95.85317651387518,92.54286442440757,92.54286442440757,24875169,BEL.NS,BEL,Defence
2023-04-06,96.14525604248047,96.38866175398041,94.97691159854183,95.02558828395013,11440418,BEL.NS,BEL,Defence
2023-04-10,97.26494598388672,97.89780246375051,96.14527796999761,96.2913229158361,10870304,BEL.NS,BEL,Defence
2023-04-11,97.36228942871094,98.28722820702241,96.19394492682768,97.75174007205642,8458648,BEL.NS,BEL,Defence
2023-04-12,98.14119720458984,98.43327963529683,96.87548438706521,97.50834079582752,8938731,BEL.NS,BEL,Defence
2023-04-13,98.23855590820312,99.11481803784092,97.84910524745816,98.14119510005527,9153834,BEL.NS,BEL,Defence
2023-04-17,98.72537231445312,98.8227331274701,97.3622986477538,98.33592163423134,8323162,BEL.NS,BEL,Defence
2023-04-18,100.2344741821289,101.11073627424862,98.53063411395568,98.72536315006741,19758227,BEL.NS,BEL,Defence
2023-04-19,98.72537231445312,100.38052842020339,98.57932738085071,100.28316760718641,11271768,BEL.NS,BEL,Defence
2023-04-20,100.13711547851562,100.57525024784192,98.6766811037347,98.82272602684345,13241812,BEL.NS,BEL,Defence
2023-04-21,100.08843994140625,100.76997301955248,99.5042602422484,99.99107170611099,5625649,BEL.NS,BEL,Defence
2023-04-24,99.11482238769531,100.47788861789333,98.82273252227925,100.08844536821039,5994078,BEL.NS,BEL,Defence
2023-04-25,98.4819564819336,99.30953445005342,98.09250584159687,99.11481284396162,5696053,BEL.NS,BEL,Defence
2023-04-26,98.9687728881836,99.21217862208067,97.75174421869819,98.14119487856422,4576455,BEL.NS,BEL,Defence
2023-04-27,98.7740478515625,99.4069042710014,98.48196541592795,98.53064210779014,5362153,BEL.NS,BEL,Defence
2023-04-28,100.57524871826172,100.72128621099614,98.57931879848782,99.26085185842595,11812226,BEL.NS,BEL,Defence
2023-05-02,101.54888153076172,102.32777547125764,100.76998016211184,101.25679166047952,13598952,BEL.NS,BEL,Defence
2023-05-03,103.5447998046875,103.73952885262871,100.91602079678714,101.4028322744097,16034319,BEL.NS,BEL,Defence
2023-05-04,104.42106628417969,105.39468927983637,103.69084903743718,104.1289764142211,15414305,BEL.NS,BEL,Defence
2023-05-05,103.4961166381836,105.10258847130001,103.00930519102027,104.22633380892859,9315810,BEL.NS,BEL,Defence
2023-05-08,104.46974182128906,104.66446343315918,103.20402905967325,103.49611890563177,6721354,BEL.NS,BEL,Defence
2023-05-09,104.7131576538086,105.29732997393815,103.78821133779556,104.37238365792513,10063354,BEL.NS,BEL,Defence
2023-05-10,105.19995880126953,105.73544694693658,104.42105749901323,105.05391387857732,10360986,BEL.NS,BEL,Defence
2023-05-11,105.73544311523438,106.12489375224939,104.66445943455788,105.39467659340364,9435021,BEL.NS,BEL,Defence
2023-05-12,104.46974182128906,105.78413127179574,103.78820132343695,105.78413127179574,6855025,BEL.NS,BEL,Defence
2023-05-15,104.81050872802734,105.73544752992231,104.08029153869342,104.27501315125444,7833289,BEL.NS,BEL,Defence
2023-05-16,105.58940887451172,106.22226529513328,104.56710920564964,104.85919164183002,9051577,BEL.NS,BEL,Defence
2023-05-17,105.39469909667969,106.85513372619488,105.10260919951479,105.93019476543044,9456088,BEL.NS,BEL,Defence
2023-05-18,104.95655822753906,106.36830855054106,104.42106262741903,105.6380913293703,7220608,BEL.NS,BEL,Defence
2023-05-19,104.17765045166016,105.00522843223428,102.91193770855625,104.95655174405536,9255095,BEL.NS,BEL,Defence
2023-05-22,107.5366439819336,108.36422937135706,104.76182026324909,105.68676645491264,27946526,BEL.NS,BEL,Defence
2023-05-23,105.05392456054688,108.12083853631658,104.90787962300467,108.02347029251905,15214733,BEL.NS,BEL,Defence
2023-05-24,105.93018341064453,106.41699490163434,104.46974893767509,105.0539212412321,10722681,BEL.NS,BEL,Defence
2023-05-25,106.70907592773438,107.82874382783018,105.15128066280505,105.15128066280505,11158044,BEL.NS,BEL,Defence
2023-05-26,107.78005981445312,108.07214967673283,106.22226454798682,106.66039934140639,7958341,BEL.NS,BEL,Defence
2023-05-29,108.5102767944336,108.85105077570037,107.29324808463441,108.07214943016739,10330215,BEL.NS,BEL,Defence
2023-05-30,108.31554412841797,109.62993351535694,108.07213841127546,108.51026573087078,7803617,BEL.NS,BEL,Defence
2023-05-31,109.19181060791016,109.48389302339164,107.29324148059068,107.63401544088235,15741522,BEL.NS,BEL,Defence
2023-06-01,109.92203521728516,110.45752339593238,109.04577305531703,109.24049467879715,9185292,BEL.NS,BEL,Defence
2023-06-02,110.31147003173828,110.5061916272212,109.04575737664118,110.40883082947974,9939324,BEL.NS,BEL,Defence
2023-06-05,112.59950256347656,115.52037159273327,110.3601666697848,110.3601666697848,35214281,BEL.NS,BEL,Defence
2023-06-06,114.93620300292969,115.3743304002766,112.84291197839084,113.18367855723338,18999553,BEL.NS,BEL,Defence
2023-06-07,114.93620300292969,115.86114192095287,114.40070735892405,115.61773616061474,11262532,BEL.NS,BEL,Defence
2023-06-08,114.44938659667969,115.56904710391602,113.32971866128938,115.37432547521944,11188999,BEL.NS,BEL,Defence
2023-06-09,117.17552185058594,118.24650562187118,113.62179655791581,114.88750937825981,19873573,BEL.NS,BEL,Defence
2023-06-12,115.95849609375,120.6318893956667,115.61772953443717,117.75969713139257,24331332,BEL.NS,BEL,Defence
2023-06-13,118.87936401367188,119.2201305700129,115.76377345833414,116.73739643539642,16552079,BEL.NS,BEL,Defence
2023-06-14,118.19781494140625,119.90165492120532,117.90572511646528,119.12275367346462,8660080,BEL.NS,BEL,Defence
2023-06-15,118.73331451416016,119.51221583710945,116.88343687142425,118.19782635426685,13948239,BEL.NS,BEL,Defence
2023-06-16,121.89759063720703,123.89352066036433,118.44123361398688,119.07409001851141,32649860,BEL.NS,BEL,Defence
2023-06-19,121.55682373046875,123.01725815437062,121.16737306513086,123.01725815437062,10053869,BEL.NS,BEL,Defence
2023-06-20,121.84891510009766,123.40671035264627,120.63188639839503,121.7028701702626,15471361,BEL.NS,BEL,Defence
2023-06-21,119.56090545654297,122.96858590197037,118.53859835165319,122.82254096867842,14141162,BEL.NS,BEL,Defence
2023-06-22,120.19374084472656,123.99087153961074,119.56089191904006,120.29110907466574,25032998,BEL.NS,BEL,Defence
2023-06-23,116.88343811035156,120.63188498195113,116.34794251662865,120.48584005383091,12413343,BEL.NS,BEL,Defence
2023-06-26,118.19781494140625,119.3174826994762,116.83474147193643,117.80836431753589,17369553,BEL.NS,BEL,Defence
2023-06-27,115.27696228027344,119.36617582368672,114.7901507904312,118.87936433384448,19093714,BEL.NS,BEL,Defence
2023-06-28,117.56497192382812,119.17145128667887,114.98486960508647,116.0071766800334,61890385,BEL.NS,BEL,Defence
2023-06-30,122.43309783935547,123.3580367603195,117.5649826171147,118.19783908163686,27973500,BEL.NS,BEL,Defence
2023-07-03,120.48583221435547,122.67648370916193,119.46352521218454,122.67648370916193,15492508,BEL.NS,BEL,Defence
2023-07-04,118.83068084716797,120.9239641912753,118.34386938516099,120.72924257773387,7595425,BEL.NS,BEL,Defence
2023-07-05,118.5385971069336,120.48584305530211,117.85706399626612,119.31749845754251,15615891,BEL.NS,BEL,Defence
2023-07-06,121.50814819335938,121.8002306240203,118.68464012804849,119.07409079708339,16906327,BEL.NS,BEL,Defence
2023-07-07,120.7779312133789,122.57913220455524,120.38848054357366,121.07001364461756,22837962,BEL.NS,BEL,Defence
2023-07-10,119.755615234375,121.36209448534481,119.26880379033283,120.92395972881496,9068813,BEL.NS,BEL,Defence
2023-07-11,124.03956604003906,125.25658730649303,120.14507421729469,120.1937509081868,46215137,BEL.NS,BEL,Defence
2023-07-12,124.28297424316406,125.1105522862752,123.2119904563053,124.91583066253862,18031857,BEL.NS,BEL,Defence
2023-07-13,122.1896743774414,125.4026329299422,121.70286292573846,124.3803259101047,12374030,BEL.NS,BEL,Defence
2023-07-14,123.79615783691406,124.13692437899039,120.82660490991995,122.67648997453168,9577719,BEL.NS,BEL,Defence
2023-07-17,123.79615783691406,124.86714158121974,123.06594063468471,124.42901423114354,9411535,BEL.NS,BEL,Defence
2023-07-18,123.74748229980469,124.91583436128028,121.94628122836974,124.33165461646547,8994063,BEL.NS,BEL,Defence
2023-07-19,123.55274963378906,124.38032762748018,123.35802059352721,124.38032762748018,8975718,BEL.NS,BEL,Defence
2023-07-20,122.6764907836914,123.89351946210104,122.23836343072536,123.65011372641911,10187180,BEL.NS,BEL,Defence
2023-07-21,121.6541748046875,123.30933814288474,121.45945320167748,123.01724831021669,9926528,BEL.NS,BEL,Defence
2023-07-24,122.6764907836914,124.38033093346489,121.70286784096369,122.04363438528767,13121674,BEL.NS,BEL,Defence
2023-07-25,123.69879150390625,123.84482899530656,122.04362812922217,123.21198005749679,7151050,BEL.NS,BEL,Defence
2023-07-26,122.6764907836914,123.9908802707431,122.33572423936742,123.69879784481692,12681896,BEL.NS,BEL,Defence
2023-07-27,123.89352416992188,125.40264275975613,122.67649544526645,122.8712170699498,11597763,BEL.NS,BEL,Defence
2023-07-28,126.71701049804688,128.22612891673705,124.62372727155487,125.84075585819114,37245053,BEL.NS,BEL,Defence
2023-07-31,127.25250244140625,127.54459226518306,125.45130909800953,126.8630592472409,16197160,BEL.NS,BEL,Defence
2023-08-01,127.00910186767578,129.73524890600504,126.61965865775996,127.54459742353966,17079508,BEL.NS,BEL,Defence
2023-08-02,122.04363250732422,127.25251368513437,120.43715319091271,127.00910795319788,20816954,BEL.NS,BEL,Defence
2023-08-03,121.36209106445312,123.16329187100723,120.24242328908612,122.23835312466005,12415922,BEL.NS,BEL,Defence
2023-08-04,124.23429107666016,124.67242587566086,122.18968429911844,122.96858565635046,10589274,BEL.NS,BEL,Defence
2023-08-07,125.15923309326172,125.79208206773066,123.26066388539405,125.061864855817,8339894,BEL.NS,BEL,Defence
2023-08-08,125.74340057373047,126.57098604036355,124.23428942783377,125.30527320869841,12505272,BEL.NS,BEL,Defence
2023-08-09,128.2261199951172,128.90765298495313,125.5973414021472,126.3762426146618,13111006,BEL.NS,BEL,Defence
2023-08-10,125.9867935180664,129.63787928295983,125.69471854191974,128.12877571851536,11116731,BEL.NS,BEL,Defence
2023-08-11,128.56690979003906,129.73525432489308,126.13285248563207,126.76570144225516,10967883,BEL.NS,BEL,Defence
2023-08-14,127.05779266357422,128.46954294413032,126.03548561341051,128.46954294413032,8529502,BEL.NS,BEL,Defence
2023-08-16,127.8366928100586,128.42085765029793,126.03548445929691,127.3011972309424,7062446,BEL.NS,BEL,Defence
2023-08-17,125.88050842285156,128.71698577757562,125.4403697594743,128.57026294011123,7162118,BEL.NS,BEL,Defence
2023-08-18,124.36446380615234,126.76079492659197,123.97322531074856,125.44036407182251,8997702,BEL.NS,BEL,Defence
2023-08-21,126.41845703125,126.85859567624456,124.36446425085256,124.41336439904437,5063202,BEL.NS,BEL,Defence
2023-08-22,130.37974548339844,130.7709765503497,126.5162827303477,126.85860618280292,20596242,BEL.NS,BEL,Defence
2023-08-23,130.47752380371094,132.43370865788654,129.89067730216186,131.01547762351044,19426832,BEL.NS,BEL,Defence
2023-08-24,131.45562744140625,132.53153517275925,130.67316537261203,132.09139652793567,17543374,BEL.NS,BEL,Defence
2023-08-25,130.47752380371094,134.92784733186167,130.13520040893383,134.2431856178014,33919926,BEL.NS,BEL,Defence
2023-08-28,131.94468688964844,133.41182580209602,131.65127104676594,133.11840995921352,13346571,BEL.NS,BEL,Defence
2023-08-29,131.60235595703125,132.87387926050414,131.16221729319662,132.33592537159163,11118400,BEL.NS,BEL,Defence
2023-08-30,131.60235595703125,132.53154089723947,131.3089252063055,132.53154089723947,12555619,BEL.NS,BEL,Defence
2023-08-31,130.2819366455078,132.0914139990672,129.3038440056399,131.60236767913324,14954352,BEL.NS,BEL,Defence
2023-09-01,134.83004760742188,135.36798650496382,130.96657056467157,131.11329338405164,23415545,BEL.NS,BEL,Defence
2023-09-04,137.47091674804688,139.23148639800488,136.15048577945123,136.44391654186234,28262276,BEL.NS,BEL,Defence
2023-09-05,136.6395263671875,138.79132699412983,136.15048009176843,138.2044804183317,11695197,BEL.NS,BEL,Defence
2023-09-06,135.2701873779297,137.66651086998374,134.73223355126296,137.42198776009036,10151022,BEL.NS,BEL,Defence
2023-09-07,136.78623962402344,137.91104000890323,134.58553153877497,135.4169011940536,18438943,BEL.NS,BEL,Defence
2023-09-08,140.16065979003906,141.13875230089138,137.12856703659395,137.47090538519518,16579557,BEL.NS,BEL,Defence
2023-09-11,141.52996826171875,143.926291673184,139.91612176049878,141.18764487408413,19902175,BEL.NS,BEL,Defence
2023-09-12,131.21112060546875,141.77452401536456,130.67318159750693,141.43220054888968,48752780,BEL.NS,BEL,Defence
2023-09-13,132.87387084960938,133.94976363482263,130.37973201308114,132.04248626259763,19282289,BEL.NS,BEL,Defence
2023-09-14,133.80307006835938,135.66144003027063,132.53154670912656,134.97677819822482,13197189,BEL.NS,BEL,Defence
2023-09-15,132.72715759277344,135.17238899619414,132.1403110106573,134.48772718813797,9651337,BEL.NS,BEL,Defence
2023-09-18,136.8351287841797,141.8234062853998,135.95485154255567,141.8234062853998,51859825,BEL.NS,BEL,Defence
2023-09-20,133.90086364746094,137.03077173590026,133.26510946203237,136.9329565114461,19080613,BEL.NS,BEL,Defence
2023-09-21,132.28700256347656,134.97675677456388,131.65124844702206,133.9986643341685,9531884,BEL.NS,BEL,Defence
2023-09-22,133.06948852539062,133.90085820140598,131.1133035119325,131.21110380790105,12604969,BEL.NS,BEL,Defence
2023-09-25,133.60743713378906,133.85196025085347,130.6731597290163,133.31400640841045,14984591,BEL.NS,BEL,Defence
2023-09-26,134.6344451904297,135.27021435766082,132.92278307978378,133.6074598636495,12315581,BEL.NS,BEL,Defence
2023-09-27,133.60743713378906,134.53662199373244,132.72714495765325,134.3898991687898,8713378,BEL.NS,BEL,Defence
2023-09-28,132.09140014648438,134.97677014660076,131.6512614896035,133.90086238577405,22012674,BEL.NS,BEL,Defence
2023-09-29,135.2701873779297,135.61251077707672,132.77604867211576,133.02057178200917,8504659,BEL.NS,BEL,Defence
2023-10-03,136.15048217773438,137.51982072459222,134.1942970460873,134.87895885726215,19010910,BEL.NS,BEL,Defence
2023-10-04,135.80816650390625,136.10158235083296,133.5585504889113,134.97678180558995,14912053,BEL.NS,BEL,Defence
2023-10-05,135.90597534179688,138.25340673611478,135.07460551580695,136.44392930244328,15996620,BEL.NS,BEL,Defence
2023-10-06,135.95486450195312,137.42200332751378,135.61252613951916,135.95486450195312,4987359,BEL.NS,BEL,Defence
2023-10-09,132.77606201171875,134.585539176525,132.0914002201326,133.216200668845,10489249,BEL.NS,BEL,Defence
2023-10-10,136.88406372070312,137.9110639906417,133.50964705477017,134.3899244721407,15593722,BEL.NS,BEL,Defence
2023-10-11,134.7322540283203,137.42200864594557,134.48773088126347,136.88405473751882,10778916,BEL.NS,BEL,Defence
2023-10-12,135.17237854003906,135.66142478289342,134.19428605433038,134.9278554186119,7567439,BEL.NS,BEL,Defence
2023-10-13,134.43881225585938,135.17238163694756,133.31401184132707,133.31401184132707,8303230,BEL.NS,BEL,Defence
2023-10-16,134.38990783691406,134.87895410258625,133.55853813997592,133.99867679417937,7785480,BEL.NS,BEL,Defence
2023-10-17,135.51470947265625,135.85703286923888,134.48770943389619,134.48770943389619,6076896,BEL.NS,BEL,Defence
2023-10-18,134.04759216308594,135.90596211038252,133.41182302621507,135.71034657769474,6806231,BEL.NS,BEL,Defence
2023-10-19,133.99867248535156,134.19428800042874,132.09139509546148,133.02057998545848,7775836,BEL.NS,BEL,Defence
2023-10-20,131.260009765625,133.90085651564476,130.57534800443574,133.70524100166313,8982112,BEL.NS,BEL,Defence
2023-10-23,129.79287719726562,132.9227703433583,128.52135390914768,131.35783123256584,19333777,BEL.NS,BEL,Defence
2023-10-25,128.3257293701172,131.7001454143684,126.41845203419318,129.5972525689021,10225867,BEL.NS,BEL,Defence
2023-10-26,126.02723693847656,127.34765298809975,124.21775966644537,127.15203745384173,18167694,BEL.NS,BEL,Defence
2023-10-27,129.3038330078125,129.93960212435744,126.41846295051663,126.41846295051663,8761931,BEL.NS,BEL,Defence
2023-10-30,129.05931091308594,131.01549604227105,127.93451043360774,130.57535737310602,9052085,BEL.NS,BEL,Defence
2023-10-31,130.33082580566406,130.7220568364035,127.88559455227448,129.5972564296472,8098744,BEL.NS,BEL,Defence
2023-11-01,129.49945068359375,131.60235867005704,129.1571272377799,130.8198816268267,10431945,BEL.NS,BEL,Defence
2023-11-02,131.7979736328125,132.0424967749884,130.3797423930939,130.77097345077206,4885035,BEL.NS,BEL,Defence
2023-11-03,132.97169494628906,133.9986952304021,131.79798673209257,132.18921782865485,9154983,BEL.NS,BEL,Defence
2023-11-06,134.6344451904297,134.97678358236254,133.02059831305294,133.94978333107315,7070089,BEL.NS,BEL,Defence
2023-11-07,135.0256805419922,135.90595787390126,133.70524961962053,134.53663426326312,8587321,BEL.NS,BEL,Defence
2023-11-08,137.32418823242188,138.0577576458953,134.68334132881913,134.7322489412856,9755483,BEL.NS,BEL,Defence
2023-11-09,134.92787170410156,136.8840569116261,134.58554824749,136.8840569116261,5481774,BEL.NS,BEL,Defence
2023-11-10,135.75924682617188,136.05267757153726,134.0475848901328,134.48772354592703,5781314,BEL.NS,BEL,Defence
2023-11-13,140.2584686279297,141.04094566916459,136.00377490132263,136.10157520365937,20245049,BEL.NS,BEL,Defence
2023-11-15,139.91615295410156,142.21466166753748,139.3781990255922,141.3343842750742,11440473,BEL.NS,BEL,Defence
2023-11-16,139.4759979248047,141.1876598176606,139.08475196601896,140.11175208663397,11453235,BEL.NS,BEL,Defence
2023-11-17,142.89932250976562,143.29055354623225,138.6935217074662,139.72052183382533,13496261,BEL.NS,BEL,Defence
2023-11-20,140.6986083984375,143.5350706041165,140.01393172681927,143.19273226830737,7741502,BEL.NS,BEL,Defence
2023-11-21,139.7205047607422,141.38325884930694,139.13364335324613,140.99201293614104,9972235,BEL.NS,BEL,Defence
2023-11-22,138.74244689941406,140.307386168095,137.07967747245848,140.11177062507355,7445272,BEL.NS,BEL,Defence
2023-11-23,136.2971954345703,139.4270884402484,136.0526723103063,138.74242667721057,13138745,BEL.NS,BEL,Defence
2023-11-24,137.27529907226562,139.03585377023956,134.3410213429647,136.8840530869872,19614754,BEL.NS,BEL,Defence
2023-11-28,138.20448303222656,138.69352931689508,137.3241907651183,138.5468064767896,8595693,BEL.NS,BEL,Defence
2023-11-29,137.91107177734375,139.52491877514686,137.4220254235234,138.9380721052686,14680789,BEL.NS,BEL,Defence
2023-11-30,142.7036895751953,143.14384313916872,137.66651917723433,137.91104230188307,27591484,BEL.NS,BEL,Defence
2023-12-01,144.21974182128906,147.00731152590154,143.5350800292199,144.70878809055387,34466616,BEL.NS,BEL,Defence
2023-12-04,150.1861114501953,154.04957397123914,148.27883399545294,148.67006503891017,51416976,BEL.NS,BEL,Defence
2023-12-05,148.67005920410156,151.70215190767226,146.6649666049343,150.33281346029867,29109123,BEL.NS,BEL,Defence
2023-12-06,152.72915649414062,153.70724911318607,148.52337017185243,149.2569396361365,26688698,BEL.NS,BEL,Defence
2023-12-07,156.83714294433594,158.2553741260267,154.7831426642958,158.2553741260267,51346222,BEL.NS,BEL,Defence
2023-12-08,155.27218627929688,158.79332529228387,153.85395512180477,157.81523278028828,22869782,BEL.NS,BEL,Defence
2023-12-11,157.7174072265625,159.67359212239583,155.66340711613498,156.2991761619846,22941648,BEL.NS,BEL,Defence
2023-12-12,157.27728271484375,159.2334677861117,156.49480570143504,158.89112942883673,16306341,BEL.NS,BEL,Defence
2023-12-13,159.28237915039062,160.30936439739529,155.90794788334773,156.69042491519113,16804086,BEL.NS,BEL,Defence
2023-12-14,160.40716552734375,160.74950386260113,159.03784203532766,159.52688827169152,13887946,BEL.NS,BEL,Defence
2023-12-15,165.34654235839844,166.4713427788914,161.629787822954,162.3633572079296,39766631,BEL.NS,BEL,Defence
2023-12-18,168.91656494140625,170.53042645591566,165.73776444481967,167.9873800888438,35901409,BEL.NS,BEL,Defence
2023-12-19,169.25892639160156,170.57934243891344,167.35164881803425,169.11220354778342,14732129,BEL.NS,BEL,Defence
2023-12-20,163.58596801757812,172.4377079863903,162.51006031492432,169.94356916624335,24511237,BEL.NS,BEL,Defence
2023-12-21,166.9114990234375,168.08522210275686,160.45609670972567,161.3852817104294,22646625,BEL.NS,BEL,Defence
2023-12-22,170.97059631347656,171.41073501620548,165.68888710720177,168.1830263220113,19640046,BEL.NS,BEL,Defence
2023-12-26,177.9639434814453,180.45808256686465,174.10048074201578,174.10048074201578,52736391,BEL.NS,BEL,Defence
2023-12-27,176.2522735595703,180.84930553448572,175.1763807151689,179.96902821411112,26206240,BEL.NS,BEL,Defence
2023-12-28,178.69749450683594,180.21354084757857,176.83912475012366,177.52378650656993,20453485,BEL.NS,BEL,Defence
2023-12-29,180.16464233398438,181.1427348710033,177.13256442393032,178.94202666271073,19305150,BEL.NS,BEL,Defence
2024-01-01,180.89822387695312,182.90331669730662,180.40917757562343,180.7515159563577,18008785,BEL.NS,BEL,Defence
2024-01-02,178.1595458984375,182.12082357489194,175.81212982880166,181.92520805650685,22790965,BEL.NS,BEL,Defence
2024-01-03,178.3551788330078,180.65368732403144,176.64351690533792,178.3551788330078,18738690,BEL.NS,BEL,Defence
2024-01-04,182.8054962158203,183.53906564674176,178.50189485755115,178.50189485755115,25403124,BEL.NS,BEL,Defence
2024-01-05,181.87631225585938,184.51715923680902,180.01794232376733,183.587974270763,22023938,BEL.NS,BEL,Defence
2024-01-08,179.57781982421875,183.39237525981912,179.18657380229197,182.65880575877983,11472441,BEL.NS,BEL,Defence
2024-01-09,180.60479736328125,182.6098902308412,180.16465866662398,180.84932051970299,11550790,BEL.NS,BEL,Defence
2024-01-10,181.5339813232422,181.925212369287,178.06174982269027,180.36025833609222,8701594,BEL.NS,BEL,Defence
2024-01-11,180.3113555908203,183.53904885191648,179.77340173913532,182.90329470642953,10942508,BEL.NS,BEL,Defence
2024-01-12,179.47996520996094,181.4361501168815,179.0887341983794,181.28944221866502,8853157,BEL.NS,BEL,Defence
2024-01-15,184.51715087890625,185.73976654845774,180.066841781345,180.84930387025182,24570393,BEL.NS,BEL,Defence
2024-01-16,182.70770263671875,186.08211915823438,181.04494818367573,184.76168816418055,16471601,BEL.NS,BEL,Defence
2024-01-17,181.58287048339844,184.37044013696993,179.77340827495493,182.21863957650623,16350370,BEL.NS,BEL,Defence
2024-01-18,184.07701110839844,184.85948811707593,176.05665534959613,181.58287217271098,24831623,BEL.NS,BEL,Defence
2024-01-19,187.6470489501953,189.45651109016788,185.83757188571585,185.83757188571585,22303305,BEL.NS,BEL,Defence
2024-01-23,183.00112915039062,191.21710091825122,180.36026722367757,190.97257777129693,26628471,BEL.NS,BEL,Defence
2024-01-24,185.10403442382812,186.033219458491,179.96904799991742,182.70771041090504,14742783,BEL.NS,BEL,Defence
2024-01-25,185.5441436767578,187.79375940452596,184.17482015090266,186.57114378340273,12592882,BEL.NS,BEL,Defence
2024-01-29,186.71786499023438,189.45652716155877,183.44126384689775,185.83758765011603,28919512,BEL.NS,BEL,Defence
2024-01-30,183.78359985351562,188.1361240119296,182.90332245322355,187.79378562042206,20894159,BEL.NS,BEL,Defence
2024-01-31,181.82737731933594,184.9572850444451,180.80039220432224,184.07699290006835,23757415,BEL.NS,BEL,Defence
2024-02-01,179.3821563720703,184.2726188132337,177.57269422354403,183.5879570563722,27835431,BEL.NS,BEL,Defence
2024-02-02,180.55587768554688,183.6368630261699,179.8223083259217,180.94710870754423,27710061,BEL.NS,BEL,Defence
2024-02-05,177.5727081298828,182.90330962330754,174.88295357659888,182.90330962330754,23880364,BEL.NS,BEL,Defence
2024-02-06,179.08876037597656,179.52889905946796,176.7413291898415,178.4040836188693,12134363,BEL.NS,BEL,Defence
2024-02-07,177.7194061279297,180.11572979314622,175.71431349701115,180.11572979314622,14192151,BEL.NS,BEL,Defence
2024-02-08,180.7515106201172,183.0011265247212,177.76832528517545,178.20846395847641,29094709,BEL.NS,BEL,Defence
2024-02-09,177.36424255371094,182.32239365490722,173.28973079660426,182.12603434997217,21081134,BEL.NS,BEL,Defence
2024-02-12,171.47335815429688,179.7696766210656,170.49154673633637,177.9533195053374,19640568,BEL.NS,BEL,Defence
2024-02-13,173.38790893554688,173.68244038702684,168.6261173865687,171.5715517513996,13961795,BEL.NS,BEL,Defence
2024-02-14,178.29696655273438,178.83695086898746,172.1115513784579,174.0260807230246,23449380,BEL.NS,BEL,Defence
2024-02-15,182.56785583496094,182.91149587204995,179.27879611124007,179.67151474112288,17335763,BEL.NS,BEL,Defence
2024-02-16,184.87510681152344,186.9369019545396,183.45148314536252,185.56237185919548,29843059,BEL.NS,BEL,Defence
2024-02-19,185.31692504882812,188.99871826171875,184.87511285953224,186.49509588070214,25343215,BEL.NS,BEL,Defence
2024-02-20,187.182373046875,187.96782531263312,182.86240805708908,185.66057707220997,17809897,BEL.NS,BEL,Defence
2024-02-21,185.26783752441406,189.04781800554667,183.59876087633484,187.82055356118613,17870782,BEL.NS,BEL,Defence
2024-02-22,191.20779418945312,192.43505859375,185.26783147640526,186.29873657226562,31992371,BEL.NS,BEL,Defence
2024-02-23,201.56590270996094,203.23497925347286,192.3859592487636,192.72959926415777,76179371,BEL.NS,BEL,Defence
2024-02-26,200.53500366210938,203.13679820671678,199.111379949376,201.9095338024199,27013630,BEL.NS,BEL,Defence
2024-02-27,201.61500549316406,205.19861161742563,199.4059295307755,199.8477417270022,28877205,BEL.NS,BEL,Defence
2024-02-28,201.90953063964844,205.19860518414498,197.78592530205532,202.44952996533135,38996363,BEL.NS,BEL,Defence
2024-02-29,201.3695526123047,202.15498985838707,196.11685488691163,201.71317766215194,24059731,BEL.NS,BEL,Defence
2024-03-01,201.86045837402344,204.26589364788293,201.0750061467159,202.20408342385755,12949604,BEL.NS,BEL,Defence
2024-03-04,205.78768920898438,209.07674863041905,202.59680194537,204.16769130178156,34272251,BEL.NS,BEL,Defence
2024-03-05,206.9167938232422,209.86222861076166,206.03316937948875,207.16224672220216,24964592,BEL.NS,BEL,Defence
2024-03-06,206.62220764160156,209.56764186309624,201.86043130560373,207.94765903377544,26236957,BEL.NS,BEL,Defence
2024-03-07,211.28582763671875,212.8567319982388,207.30948814389015,207.60403458433197,41484038,BEL.NS,BEL,Defence
2024-03-11,208.6840362548828,212.51309509281464,208.0458497943912,212.51309509281464,22800967,BEL.NS,BEL,Defence
2024-03-12,200.53500366210938,207.5058714710176,197.83502197265625,207.1622314453125,34719550,BEL.NS,BEL,Defence
2024-03-13,186.83872985839844,201.860448676987,184.77691973341894,200.38773143950291,41620003,BEL.NS,BEL,Defence
2024-03-14,191.69869995117188,193.56413585320115,182.86239624023438,185.5623779296875,34622781,BEL.NS,BEL,Defence
2024-03-15,185.41510009765625,193.1714046343086,175.84243836863715,193.1714046343086,88781999,BEL.NS,BEL,Defence
2024-03-18,186.4459991455078,188.50780930225307,183.6478453399303,186.54418628868794,22999225,BEL.NS,BEL,Defence
2024-03-19,182.02786254882812,188.94963724527554,181.1933316872034,186.54420184925993,27819341,BEL.NS,BEL,Defence
2024-03-20,184.0405731201172,184.53147889796827,179.18060891564264,183.5005737682299,16235947,BEL.NS,BEL,Defence
2024-03-21,193.26959228515625,193.90776374294788,186.5441777780258,186.5441777780258,43152810,BEL.NS,BEL,Defence
2024-03-22,194.59976196289062,196.0284660690924,189.9195145232768,193.6144467124456,31321524,BEL.NS,BEL,Defence
2024-03-26,196.47186279296875,197.55571562575042,193.07252804974362,194.10711211108645,25723863,BEL.NS,BEL,Defence
2024-03-27,196.52113342285156,200.9550522693498,195.09242924592357,197.06305984436722,37817130,BEL.NS,BEL,Defence
2024-03-28,198.54103088378906,199.477077402104,196.07774265942444,197.55571559404322,17425093,BEL.NS,BEL,Defence
2024-04-01,208.0000762939453,209.62584060673746,200.75800246121153,201.98964664809014,45840349,BEL.NS,BEL,Defence
2024-04-02,217.7546844482422,219.38044870285975,209.4780418224679,210.61114841996275,93873385,BEL.NS,BEL,Defence
2024-04-03,218.24732971191406,222.13932197522814,215.63625029132453,218.44438975662914,47658754,BEL.NS,BEL,Defence
2024-04-04,217.06497192382812,220.61209811906934,215.04507247439858,220.21797799783772,18279026,BEL.NS,BEL,Defence
2024-04-05,221.2032928466797,222.68126585010964,215.53772966686495,217.11424021774442,25365958,BEL.NS,BEL,Defence
2024-04-08,220.26722717285156,222.38564894673777,218.83852306711083,222.23785767310574,16422350,BEL.NS,BEL,Defence
2024-04-09,224.7996826171875,225.5386691018393,217.95174419969126,221.49888533990728,29048035,BEL.NS,BEL,Defence
2024-04-10,225.390869140625,229.43066778173213,223.1739097720287,225.63719795935793,37218693,BEL.NS,BEL,Defence
2024-04-12,230.07113647460938,231.94322964402684,227.16445917063203,227.90344569035776,57174716,BEL.NS,BEL,Defence
2024-04-15,231.00717163085938,234.50504399145717,222.68126026079545,226.62252150434935,51676313,BEL.NS,BEL,Defence
2024-04-16,230.02186584472656,233.47046957563617,226.6225308883452,229.08581926756634,32508661,BEL.NS,BEL,Defence
2024-04-18,227.755615234375,233.91383557961245,225.83425349360445,232.14028014795818,18623078,BEL.NS,BEL,Defence
2024-04-19,229.87405395507812,231.0564292641987,222.38565193945155,225.19380645399096,27227241,BEL.NS,BEL,Defence
2024-04-22,229.87405395507812,232.68219343489977,228.88873869169137,232.53440215927887,17549094,BEL.NS,BEL,Defence
2024-04-23,230.90866088867188,232.63296277060434,228.34683493591308,230.81012333867375,19202860,BEL.NS,BEL,Defence
2024-04-24,233.02708435058594,235.63816405986543,230.66233348311465,231.79544014154476,33392337,BEL.NS,BEL,Defence
2024-04-25,234.1109161376953,236.5249355625839,231.99247926852198,232.9285257759623,16197834,BEL.NS,BEL,Defence
2024-04-26,235.4410858154297,238.10143409461455,234.4065017527694,234.9976969413519,20473627,BEL.NS,BEL,Defence
2024-04-29,231.94322204589844,236.6727386241547,231.4013106436272,236.62346985084312,19876408,BEL.NS,BEL,Defence
2024-04-30,230.3174591064453,233.81533154580782,229.7755326663099,232.83001621273212,14514418,BEL.NS,BEL,Defence
2024-05-02,231.30276489257812,233.91384440356978,227.36150372294952,231.2534961210141,19171145,BEL.NS,BEL,Defence
2024-05-03,230.66232299804688,234.5050467416913,227.7556307690619,233.61826896537912,15782582,BEL.NS,BEL,Defence
2024-05-06,228.4453582763672,232.3866194756336,226.62251895781912,231.64763300077115,32422021,BEL.NS,BEL,Defence
2024-05-07,224.06068420410156,232.33734141240407,222.13932245323915,229.08579804609658,26418769,BEL.NS,BEL,Defence
2024-05-08,228.19903564453125,229.23360470964133,221.30182835863096,223.86363918684842,18952985,BEL.NS,BEL,Defence
2024-05-09,222.87831115722656,234.70209440201012,221.99153342775494,231.05643090847875,35229412,BEL.NS,BEL,Defence
2024-05-10,223.76512145996094,225.14455693275102,219.87311380905936,224.55336171028725,18478580,BEL.NS,BEL,Defence
2024-05-13,221.44961547851562,225.34160793826888,217.7546830734236,225.04601033891782,32874369,BEL.NS,BEL,Defence
2024-05-14,227.55857849121094,228.49462507259034,222.43494164628032,222.43494164628032,23191411,BEL.NS,BEL,Defence
2024-05-15,229.43067932128906,231.05644359280942,226.17913574352966,228.39609522363125,33045920,BEL.NS,BEL,Defence
2024-05-16,234.40650939941406,236.47567759223358,224.15923605097143,231.30277214490349,55556781,BEL.NS,BEL,Defence
2024-05-17,244.5552520751953,245.98395623936008,234.35724784018362,237.460984991118,82231249,BEL.NS,BEL,Defence
2024-05-21,270.1241760253906,278.84422220359517,267.06969266581035,278.84422220359517,127035921,BEL.NS,BEL,Defence
2024-05-22,279.4354248046875,280.3222025598824,260.4188214927066,272.9323378175305,85801218,BEL.NS,BEL,Defence
2024-05-23,284.26348876953125,288.9929905930337,279.0413292531873,282.09578289325304,70631009,BEL.NS,BEL,Defence
2024-05-24,292.835693359375,295.496026393069,281.80015094494615,283.7707813711346,63609206,BEL.NS,BEL,Defence
2024-05-27,290.1260681152344,298.7475759799492,285.39653718778806,297.31885693459463,49890427,BEL.NS,BEL,Defence
2024-05-28,284.85467529296875,291.4070163932488,280.86413006147427,291.35776265324847,33893805,BEL.NS,BEL,Defence
2024-05-29,287.8598327636719,289.63341818441694,280.81483502174984,281.20895509210413,31645904,BEL.NS,BEL,Defence
2024-05-30,286.3819274902344,291.9489537292218,285.3966120472475,288.6974247951416,42769599,BEL.NS,BEL,Defence
2024-05-31,291.6040954589844,292.8357396701316,282.0957780933771,289.8797935633783,51397345,BEL.NS,BEL,Defence
2024-06-03,313.9707336425781,318.2568614750932,304.758029007043,318.2568614750932,67256146,BEL.NS,BEL,Defence
2024-06-04,251.79733276367188,307.41837951124705,226.6717921305411,307.41837951124705,268052657,BEL.NS,BEL,Defence
2024-06-05,256.52685546875,260.6159081267951,226.6225288059088,260.6159081267951,193487058,BEL.NS,BEL,Defence
2024-06-06,269.63153076171875,277.36626202204695,263.07918991078697,263.07918991078697,95502477,BEL.NS,BEL,Defence
2024-06-07,279.04132080078125,280.37147247561035,264.7542481411464,269.97640749930656,60109827,BEL.NS,BEL,Defence
2024-06-10,279.23834228515625,287.7120596447448,276.9721291855918,284.6575762853141,42363741,BEL.NS,BEL,Defence
2024-06-11,281.99725341796875,286.2340972182088,281.1597293915668,282.78549363726654,32269277,BEL.NS,BEL,Defence
2024-06-12,286.2341003417969,288.69738864077965,281.84943514183266,283.67227449696736,33990756,BEL.NS,BEL,Defence
2024-06-13,296.48138427734375,298.55055253653416,282.8347605980073,289.5841767930014,49511492,BEL.NS,BEL,Defence
2024-06-14,305.0535888671875,305.94036652438604,297.07252981353423,300.5211329788655,67366844,BEL.NS,BEL,Defence
2024-06-18,313.5765686035156,316.2861854571202,307.6646772865601,308.40366370117954,64859245,BEL.NS,BEL,Defence
2024-06-19,304.7580261230469,315.2023748604997,299.63440433805516,315.2023748604997,58698689,BEL.NS,BEL,Defence
2024-06-20,307.3198547363281,308.74857403594643,297.81156752726105,305.2506864666679,39505506,BEL.NS,BEL,Defence
2024-06-21,300.471923828125,309.38901559373625,299.63439977839454,308.10811768433985,37620968,BEL.NS,BEL,Defence
2024-06-24,305.201416015625,307.3198379095136,293.08204978030955,300.3240932234359,39139609,BEL.NS,BEL,Defence
2024-06-25,305.1521911621094,310.32509700794486,304.659533462506,306.3345515994937,29124110,BEL.NS,BEL,Defence
2024-06-26,302.3440246582031,306.92573507480614,301.3587092968073,305.4477620327124,24238007,BEL.NS,BEL,Defence
2024-06-27,300.02850341796875,303.6248981839685,296.7769750146125,301.6050138833133,39996580,BEL.NS,BEL,Defence
2024-06-28,301.407958984375,305.25068282826186,298.3042216515986,301.5064965330773,24256902,BEL.NS,BEL,Defence
2024-07-01,303.13226318359375,307.9110486728846,301.35870757101327,306.38382189924243,39495237,BEL.NS,BEL,Defence
2024-07-02,301.6050109863281,304.4624192632612,298.55052762708135,304.4624192632612,23974162,BEL.NS,BEL,Defence
2024-07-03,309.8816833496094,310.81774497732806,301.26017387644856,302.4918180869001,44919849,BEL.NS,BEL,Defence
2024-07-04,312.6898193359375,313.8229259274396,308.45294546542766,312.73907307361446,35591681,BEL.NS,BEL,Defence
2024-07-05,319.2913818359375,322.0009986639739,309.8816336063482,312.9853705045758,63125211,BEL.NS,BEL,Defence
2024-07-08,329.6865234375,330.8688838205481,320.81868525216674,323.6268400247433,70983243,BEL.NS,BEL,Defence
2024-07-09,329.8835754394531,334.3667784362416,323.87317570901234,333.03659666643756,52225572,BEL.NS,BEL,Defence
2024-07-10,328.9475402832031,335.4998814398739,319.38996922468823,335.007223757877,46779965,BEL.NS,BEL,Defence
2024-07-11,330.57330322265625,333.23366672197017,328.11001482308353,330.57330322265625,31919433,BEL.NS,BEL,Defence
2024-07-12,328.2085266113281,332.5439078403972,323.2819501988778,331.9527126570159,24517961,BEL.NS,BEL,Defence
2024-07-15,326.5334777832031,331.11518782138734,326.1393576850842,331.06593408516096,22021426,BEL.NS,BEL,Defence
2024-07-16,321.360595703125,329.48944734858065,319.73483138792153,328.3563407088593,26585927,BEL.NS,BEL,Defence
2024-07-18,308.9456481933594,321.9025704530519,307.7140038773765,321.70549533471814,48043715,BEL.NS,BEL,Defence
2024-07-19,301.8020935058594,312.2464427083093,300.52119551994366,305.3492349422778,43313606,BEL.NS,BEL,Defence
2024-07-22,307.7139587402344,310.0787395355957,292.9342291164107,301.5064843260032,39386992,BEL.NS,BEL,Defence
2024-07-23,297.0232849121094,312.34492454581,276.9721141836887,312.34492454581,76513131,BEL.NS,BEL,Defence
2024-07-24,295.693115234375,301.9991268779725,294.9048449855282,298.05786584204463,24099148,BEL.NS,BEL,Defence
2024-07-25,297.0232849121094,298.94463154825434,289.09147935438017,293.5746816442534,27820556,BEL.NS,BEL,Defence
2024-07-26,305.3492126464844,305.9404078542932,297.56522760707423,299.3387831610633,24512844,BEL.NS,BEL,Defence
2024-07-29,316.6310729980469,320.8186629612729,306.28526250066494,308.2066092656599,51391698,BEL.NS,BEL,Defence
2024-07-30,313.4288330078125,321.75473004976607,312.936175310557,320.42457832272794,41111245,BEL.NS,BEL,Defence
2024-07-31,311.4089050292969,315.8921079233872,310.81773987353836,315.2023751490846,25709971,BEL.NS,BEL,Defence
2024-08-01,306.58087158203125,313.03470530183455,303.5263879189475,313.03470530183455,28141436,BEL.NS,BEL,Defence
2024-08-02,298.5013122558594,304.166875802027,297.26966800669254,300.8167793887414,26155604,BEL.NS,BEL,Defence
2024-08-05,285.9877624511719,293.0820445552545,280.81485718719716,285.59364234970866,50390560,BEL.NS,BEL,Defence
2024-08-06,283.0318298339844,298.15642623238597,282.14505204682547,287.7120776728405,39171936,BEL.NS,BEL,Defence
2024-08-07,295.79168701171875,296.5799272823681,285.54438307664395,291.16069273069695,22199473,BEL.NS,BEL,Defence
2024-08-08,293.87030029296875,298.25496558580244,292.7864474045723,296.57991747924086,21963656,BEL.NS,BEL,Defence
2024-08-09,297.7622985839844,300.5211694230441,296.2350418124674,298.0578811490847,15551076,BEL.NS,BEL,Defence
2024-08-12,296.9740295410156,299.19098899688333,293.8702923166882,294.60927880197744,15361379,BEL.NS,BEL,Defence
2024-08-13,291.80108642578125,298.2056351371027,291.0621000360134,297.5651862798572,14746085,BEL.NS,BEL,Defence
2024-08-14,290.17095947265625,293.48068228361836,287.15758969806905,292.59150257095865,16641055,BEL.NS,BEL,Defence
2024-08-16,299.6556091308594,300.24840570740895,292.44333621035054,292.93732833232747,21353408,BEL.NS,BEL,Defence
2024-08-19,298.5194091796875,301.8785493077551,297.4820378676421,301.13756118461293,12232725,BEL.NS,BEL,Defence
2024-08-20,299.5074157714844,300.841200523193,294.2216940670901,298.51943153331297,14183642,BEL.NS,BEL,Defence
2024-08-21,301.7303771972656,303.0641619352262,298.91461611732353,299.35922108027233,11862616,BEL.NS,BEL,Defence
2024-08-22,300.8411865234375,303.212342554529,299.8532023312423,302.7183504584314,13074829,BEL.NS,BEL,Defence
2024-08-23,302.3231506347656,305.4847119828029,300.44598677538005,301.82915855856504,21891698,BEL.NS,BEL,Defence
2024-08-26,303.0147399902344,305.1882869516962,302.1255301664411,304.99070821931736,15280637,BEL.NS,BEL,Defence
2024-08-27,297.284423828125,303.75573808207105,296.00005649726603,302.9159455268709,16873099,BEL.NS,BEL,Defence
2024-08-28,296.3458557128906,300.84117150257583,295.9012507882478,297.4326141493362,14005947,BEL.NS,BEL,Defence
2024-08-29,292.6409606933594,297.4326604108329,288.59021904739745,295.75310519725997,19185385,BEL.NS,BEL,Defence
2024-08-30,295.70367431640625,298.5194354624331,290.81317036362054,293.2337136884681,28684991,BEL.NS,BEL,Defence
2024-09-02,293.33251953125,298.3218581138171,291.5047426277529,298.3218581138171,11713172,BEL.NS,BEL,Defence
2024-09-03,293.5794982910156,297.72904398135114,293.1843106421467,296.39525928439434,13971488,BEL.NS,BEL,Defence
2024-09-04,295.35791015625,298.2724456679351,291.7517434429662,293.5795203762291,17937646,BEL.NS,BEL,Defence
2024-09-05,287.10821533203125,295.9012687057995,286.51541878023994,295.4072766044543,26342723,BEL.NS,BEL,Defence
2024-09-06,280.19232177734375,286.86121504706654,278.660928195247,286.86121504706654,30062372,BEL.NS,BEL,Defence
2024-09-09,278.1669616699219,281.0815273530945,272.4366649125336,278.6115666557914,29170063,BEL.NS,BEL,Defence
2024-09-10,282.3164978027344,284.88526286803716,278.9079400996172,279.1055490088275,19982334,BEL.NS,BEL,Defence
2024-09-11,284.5888366699219,286.9600228699656,280.9333132214769,283.0080860710727,21650737,BEL.NS,BEL,Defence
2024-09-12,288.19500732421875,288.98538263517446,285.52743788569376,287.4046018623776,16102095,BEL.NS,BEL,Defence
2024-09-13,286.4660339355469,290.46735792828645,286.12023343164566,289.47937371764607,12330463,BEL.NS,BEL,Defence
2024-09-16,286.9106140136719,288.6890037160455,284.9346455560696,287.40460612807243,9184637,BEL.NS,BEL,Defence
2024-09-17,280.8839111328125,287.3552260819982,280.488723461698,287.0094255631905,15946216,BEL.NS,BEL,Defence
2024-09-18,279.45135498046875,282.5634993805315,277.0307814743716,281.476710660429,10450571,BEL.NS,BEL,Defence
2024-09-19,269.42327880859375,281.42727971274485,263.8905617634186,280.5874871892204,44560220,BEL.NS,BEL,Defence
2024-09-20,274.0174255371094,276.0427810988545,269.5714966105502,270.7076724171605,38501362,BEL.NS,BEL,Defence
2024-09-23,282.85986328125,283.25508108039537,275.30179021131073,276.6355749062141,19445968,BEL.NS,BEL,Defence
2024-09-24,288.29376220703125,289.8745428733553,281.13087713698826,282.8598493952745,25346532,BEL.NS,BEL,Defence
2024-09-25,286.3672180175781,291.4553304684609,284.19364078084953,290.46734629738137,19263084,BEL.NS,BEL,Defence
2024-09-26,287.0094299316406,288.39260187703735,285.57684068229827,287.10823438864475,18343882,BEL.NS,BEL,Defence
2024-09-27,289.9239807128906,291.3071525873431,285.72504778812225,288.8371920433617,208588855,BEL.NS,BEL,Defence
2024-09-30,281.67431640625,291.0601668046109,280.19234002756144,289.92399094446034,32695169,BEL.NS,BEL,Defence
2024-10-01,280.5381164550781,283.15626846908526,279.15491449970773,281.67429221766037,13883476,BEL.NS,BEL,Defence
2024-10-03,275.3512268066406,282.8598831024067,271.745060117492,271.745060117492,27321529,BEL.NS,BEL,Defence
2024-10-04,273.8692626953125,278.5127708601341,270.2630958443796,275.3512391597874,17451235,BEL.NS,BEL,Defence
2024-10-07,264.1376037597656,275.5488101537841,261.81583466744286,274.06683373113816,21704629,BEL.NS,BEL,Defence
2024-10-08,276.882568359375,278.1175485929137,262.3591887526061,263.7917778838648,29190708,BEL.NS,BEL,Defence
2024-10-09,279.0067138671875,283.15625929711905,275.1535817684699,278.61152624311853,18984175,BEL.NS,BEL,Defence
2024-10-10,283.45263671875,286.12020589106567,279.9946923143539,280.5381016684313,19155691,BEL.NS,BEL,Defence
2024-10-11,282.4646911621094,285.18164785073753,280.73571872389147,283.7490887781746,9677338,BEL.NS,BEL,Defence
2024-10-14,282.26708984375,285.7250344438266,281.2296883731965,282.66227748215334,11386559,BEL.NS,BEL,Defence
2024-10-15,285.3792419433594,285.9720384930029,282.3164848959386,283.69965674451686,14701531,BEL.NS,BEL,Defence
2024-10-16,282.26708984375,287.55278104030265,281.3284928205184,284.68763297327314,11835439,BEL.NS,BEL,Defence
2024-10-17,281.1308898925781,284.44064296735996,278.31515906489074,282.6128661812072,11695551,BEL.NS,BEL,Defence
2024-10-18,283.69964599609375,284.34182967100867,274.4619880542136,279.5007133089558,10095514,BEL.NS,BEL,Defence
2024-10-21,278.9079284667969,283.99607123332436,277.7223655136418,282.8598652790838,8393942,BEL.NS,BEL,Defence
2024-10-22,268.38592529296875,278.7597602971765,267.3979410068537,278.61156868443675,15240897,BEL.NS,BEL,Defence
2024-10-23,265.4219665527344,271.39928944180224,263.10019750163815,267.7437356038306,13503954,BEL.NS,BEL,Defence
2024-10-24,268.0895080566406,269.86786748568323,265.12555557431375,265.76773924864113,10700271,BEL.NS,BEL,Defence
2024-10-25,269.0774841308594,272.6836201791388,254.3565266078868,267.7436995237196,40406841,BEL.NS,BEL,Defence
2024-10-28,266.8051452636719,274.61024526981,264.1869929272185,273.37526490819164,24479817,BEL.NS,BEL,Defence
2024-10-29,280.24169921875,281.0814917797273,267.5955141094004,267.9413145934362,34271117,BEL.NS,BEL,Defence
2024-10-30,285.08282470703125,291.2083387183738,278.66092750034954,280.0441294809579,40787587,BEL.NS,BEL,Defence
2024-10-31,281.4767150878906,284.98407736925896,280.3405391970931,284.4900852297046,18720310,BEL.NS,BEL,Defence
2024-11-01,285.181640625,286.762421415781,282.5634884579271,283.20567217424525,5265231,BEL.NS,BEL,Defence
2024-11-04,280.7357177734375,285.52744740188166,276.9319723920587,285.52744740188166,15157659,BEL.NS,BEL,Defence
2024-11-05,282.9093017578125,283.7490944175289,273.8198344130356,279.10555628795845,18761867,BEL.NS,BEL,Defence
2024-11-06,298.2230529785156,300.643596309297,283.74908969349286,284.0454729092174,52804364,BEL.NS,BEL,Defence
2024-11-07,296.7410583496094,298.3712262376181,292.54212553004027,297.3832420447783,24357284,BEL.NS,BEL,Defence
2024-11-08,294.17230224609375,300.84119574789435,292.1963338011158,296.74106725474223,22935845,BEL.NS,BEL,Defence
2024-11-11,296.14825439453125,300.14957821507124,290.86253306490244,293.92529001625707,20155408,BEL.NS,BEL,Defence
2024-11-12,286.66363525390625,297.2350792003192,283.84787400174133,296.3952865249875,14292965,BEL.NS,BEL,Defence
2024-11-13,278.1669616699219,285.3792649965794,276.0922188048972,284.53947232931887,20001842,BEL.NS,BEL,Defence
2024-11-14,277.57415771484375,281.03210222379806,272.18963206197583,278.6115290071767,20541591,BEL.NS,BEL,Defence
2024-11-18,274.708984375,283.2550715029569,273.9186091052033,279.5995180406584,12999925,BEL.NS,BEL,Defence
2024-11-19,275.6475830078125,281.7730969127842,273.67161467083895,276.6355671762993,13160982,BEL.NS,BEL,Defence
2024-11-21,272.1402282714844,275.1041805264613,267.0026989691718,275.1041805264613,14858108,BEL.NS,BEL,Defence
2024-11-22,277.4753723144531,280.0935244493226,272.1896507435216,272.68364285013416,13268900,BEL.NS,BEL,Defence
2024-11-25,288.8371887207031,295.4072776619371,284.49006424348045,286.5154198058921,49366681,BEL.NS,BEL,Defence
2024-11-26,294.32049560546875,297.3832527436369,289.6275705206439,290.4673631449476,27347402,BEL.NS,BEL,Defence
2024-11-27,303.6569519042969,304.2497484583863,293.87591428991954,295.2590861488714,39464505,BEL.NS,BEL,Defence
2024-11-28,302.0761413574219,305.7810817665481,300.6929696348579,304.2991056028976,27772319,BEL.NS,BEL,Defence
2024-11-29,304.29913330078125,306.86789824843237,301.3351807036957,302.02678170336964,23241947,BEL.NS,BEL,Defence
2024-12-02,303.21234130859375,305.6823017789324,299.6555922011292,304.10152104773874,15549685,BEL.NS,BEL,Defence
2024-12-03,308.3498840332031,308.9920677521511,304.1015337561512,305.28712689181356,21405136,BEL.NS,BEL,Defence
2024-12-04,309.0908508300781,316.99472411887217,307.46068299444113,312.20299490736403,41441172,BEL.NS,BEL,Defence
2024-12-05,310.72100830078125,311.61018798593284,306.8678762312025,310.22701623671,17911694,BEL.NS,BEL,Defence
2024-12-06,309.98004150390625,312.05481434574284,309.3378578066648,310.72102965092756,8359798,BEL.NS,BEL,Defence
2024-12-09,310.8198547363281,313.2898153903821,309.4860699529616,309.83187047470653,11830104,BEL.NS,BEL,Defence
2024-12-10,311.06683349609375,314.47536091852885,310.22704089025837,313.7343727635362,15811501,BEL.NS,BEL,Defence
2024-12-11,310.3258361816406,312.6969921774539,309.2390475562182,311.1162114632836,9281006,BEL.NS,BEL,Defence
2024-12-12,309.18963623046875,312.20297567584805,308.34984371508835,309.7824025699072,10978047,BEL.NS,BEL,Defence
2024-12-13,311.8572082519531,312.54880925574923,304.44732671507376,309.23905613909943,15557064,BEL.NS,BEL,Defence
2024-12-16,312.400634765625,313.5368106333321,310.22705733540437,312.00541694130357,10543307,BEL.NS,BEL,Defence
2024-12-17,306.867919921875,314.82118122542283,306.2751233304129,311.7584239619413,18053073,BEL.NS,BEL,Defence
2024-12-18,300.1495666503906,306.8678768252951,298.0254068009487,306.47268920344965,16598070,BEL.NS,BEL,Defence
2024-12-19,294.91326904296875,296.8398501975727,291.4553245148267,291.4553245148267,13349532,BEL.NS,BEL,Defence
2024-12-20,287.3551940917969,298.47001570325716,285.8732178769355,294.41927468579274,14964305,BEL.NS,BEL,Defence
2024-12-23,290.8131408691406,291.75170772203506,284.53943548028406,290.4673403861233,10201072,BEL.NS,BEL,Defence
2024-12-24,288.93597412109375,293.77709038224083,287.99737712670833,292.6903017968691,10685518,BEL.NS,BEL,Defence
2024-12-26,291.6529541015625,292.44332941801366,288.98538464448984,289.47937675499327,9172485,BEL.NS,BEL,Defence
2024-12-27,288.540771484375,292.5915127055583,287.849200639856,292.29512950803365,9495184,BEL.NS,BEL,Defence
2024-12-30,281.4767150878906,288.9854016392942,279.45135937607273,288.5407966533403,25876258,BEL.NS,BEL,Defence
2024-12-31,289.6275634765625,290.4673560804415,280.8345100879779,281.0815061390667,15725947,BEL.NS,BEL,Defence
2025-01-01,290.3685302734375,291.06013122597346,286.76239422294657,289.6275421746702,6954271,BEL.NS,BEL,Defence
2025-01-02,293.2336730957031,294.2216572101103,287.84917776271334,290.9119345475521,13361957,BEL.NS,BEL,Defence
2025-01-03,288.4420166015625,293.67832111619805,287.9974116244633,292.9373329216239,8167968,BEL.NS,BEL,Defence
2025-01-06,278.7597351074219,289.03476472435113,277.1789543623055,289.03476472435113,12638091,BEL.NS,BEL,Defence
2025-01-07,283.55145263671875,284.7370456837066,277.6729348509699,278.7597234522281,13247733,BEL.NS,BEL,Defence
2025-01-08,278.7103576660156,283.55147436896715,276.7343892035141,283.55147436896715,10996122,BEL.NS,BEL,Defence
2025-01-09,277.8705139160156,280.6862744872073,276.2403462645511,277.8705139160156,12715512,BEL.NS,BEL,Defence
2025-01-10,267.74371337890625,277.6235552010061,266.7557291966963,276.63557101879616,15317565,BEL.NS,BEL,Defence
2025-01-13,256.4806823730469,265.66892258537763,255.19628493257238,261.815790565719,19429753,BEL.NS,BEL,Defence
2025-01-14,266.65692138671875,267.7437100036262,258.06147720038,259.83983664558554,18938129,BEL.NS,BEL,Defence
2025-01-15,264.631591796875,268.9293293860785,263.1001980933565,268.7317204724351,11376064,BEL.NS,BEL,Defence
2025-01-16,272.8318176269531,274.7089814861429,268.138892903537,270.1148612081333,17234302,BEL.NS,BEL,Defence
2025-01-17,278.7597351074219,280.48870745188685,270.7570570828641,272.140259079144,12741720,BEL.NS,BEL,Defence
2025-01-20,282.3658752441406,284.3418436647459,277.3271798923054,279.797140418062,10483849,BEL.NS,BEL,Defence
2025-01-21,275.6475830078125,283.4526519086813,274.9065948814474,282.365863293169,13020489,BEL.NS,BEL,Defence
2025-01-22,267.1015319824219,275.94397239854015,263.1001779196085,275.64758920168794,21272549,BEL.NS,BEL,Defence
2025-01-23,270.65826416015625,273.622216546721,263.89056684732356,265.5701217758472,11978782,BEL.NS,BEL,Defence
2025-01-24,266.9039306640625,273.37524538738035,265.57014593857826,270.65828878582874,10164897,BEL.NS,BEL,Defence
2025-01-27,259.79046630859375,263.79179039467544,258.6542603191438,263.79179039467544,13710372,BEL.NS,BEL,Defence
2025-01-28,255.1469268798828,262.5074214388049,249.66361139941822,260.3338440768601,29049716,BEL.NS,BEL,Defence
2025-01-29,263.9894104003906,264.7797857602155,255.8879272831933,255.8879272831933,14361301,BEL.NS,BEL,Defence
2025-01-30,275.4006042480469,277.1295766513978,264.6809693170937,265.61956639641005,46735932,BEL.NS,BEL,Defence
2025-01-31,289.1335754394531,290.66496906826546,278.2163618881914,280.48871352980245,50252116,BEL.NS,BEL,Defence
2025-02-01,278.4139404296875,296.00007759162673,266.06413771100216,292.3939412279477,61832253,BEL.NS,BEL,Defence
2025-02-03,270.8558349609375,274.5113881909679,260.1362014467065,274.5113881909679,41786023,BEL.NS,BEL,Defence
2025-02-04,281.0815124511719,282.5634887909847,272.5848420727343,272.6836465255657,29035155,BEL.NS,BEL,Defence
2025-02-05,285.4780578613281,288.29378882119636,281.57550805771757,282.2176917827597,18818511,BEL.NS,BEL,Defence
2025-02-06,276.3885498046875,286.46599960590817,275.64756173550603,285.4780155136662,16834939,BEL.NS,BEL,Defence
2025-02-07,273.72100830078125,278.90792530816606,269.81848883337494,277.37656187110156,26682639,BEL.NS,BEL,Defence
2025-02-10,270.1642761230469,278.8091373793956,268.7316870544986,275.5487716150427,21789085,BEL.NS,BEL,Defence
2025-02-11,261.8652038574219,270.70767463297733,259.5928522256014,270.5100657298253,23839025,BEL.NS,BEL,Defence
2025-02-12,256.0361022949219,262.556804118831,250.94798963756563,261.7664288102479,27997028,BEL.NS,BEL,Defence
2025-02-13,258.40728759765625,262.3098377335199,255.49275193559484,256.03613125284176,18016813,BEL.NS,BEL,Defence
2025-02-14,247.34185791015625,261.3218287287975,245.21768277125375,259.04947706107544,25683310,BEL.NS,BEL,Defence
2025-02-17,245.51406860351562,246.99604487275215,239.68496797469555,245.95865846919816,24947159,BEL.NS,BEL,Defence
2025-02-18,241.6609344482422,246.7490469027466,237.65959553743355,246.00805877390954,21180375,BEL.NS,BEL,Defence
2025-02-19,250.3551788330078,250.94797535615183,237.3631932256515,237.80778308028857,21516255,BEL.NS,BEL,Defence
2025-02-20,257.1228942871094,257.81449530423976,247.24305204745102,248.97202443939122,18922988,BEL.NS,BEL,Defence
2025-02-21,253.02276611328125,259.3458591246186,251.34318087002464,256.3819064489087,16594628,BEL.NS,BEL,Defence
2025-02-24,253.26976013183594,255.34453301831687,247.49004643052677,247.98403853917054,15409569,BEL.NS,BEL,Defence
2025-02-25,253.56613159179688,255.44329548751816,252.2817642291676,253.26974840069292,14770656,BEL.NS,BEL,Defence
2025-02-27,249.41661071777344,255.29511375026078,248.87321638736276,254.0107463380353,11087361,BEL.NS,BEL,Defence
2025-02-28,243.29110717773438,247.93462986309402,240.57415065087642,246.996047896177,17754591,BEL.NS,BEL,Defence
2025-03-03,254.29725646972656,255.78909204318117,241.4238090433643,244.526078691217,24644079,BEL.NS,BEL,Defence
2025-03-04,261.529296875,263.2977970875547,249.4660178784524,250.8393153540527,24998454,BEL.NS,BEL,Defence
2025-03-05,271.61663818359375,272.48603898054785,260.16587440801476,261.8158213409684,28499877,BEL.NS,BEL,Defence
2025-03-06,269.6703186035156,277.6235799180369,268.56375089417895,272.8911268216696,22586087,BEL.NS,BEL,Defence
2025-03-07,273.6617431640625,276.36884046620946,270.7076799544489,272.48603951423325,25542382,BEL.NS,BEL,Defence
2025-03-10,269.0577392578125,280.06389834566653,268.28711274391674,275.25241984151967,20986855,BEL.NS,BEL,Defence
2025-03-11,275.3661804199219,276.67754987154603,267.28937671643797,270.1704239317,20980143,BEL.NS,BEL,Defence
2025-03-12,275.0184631347656,278.5651090015789,272.3262053547748,276.9557148281683,15308721,BEL.NS,BEL,Defence
2025-03-13,278.2372741699219,283.92975856660445,277.5915337291201,281.14809344413095,38015489,BEL.NS,BEL,Defence
2025-03-17,278.0981750488281,281.5256109212779,274.9091892704679,279.1611804142402,13883681,BEL.NS,BEL,Defence
2025-03-18,278.0981750488281,278.0981750488281,278.0981750488281,278.0981750488281,0,BEL.NS,BEL,Defence
2025-03-19,288.102294921875,291.07271922641786,282.89659419121415,284.1284701643319,21095205,BEL.NS,BEL,Defence
2025-03-20,295.10614013671875,295.8313740477965,289.1950941767289,292.88080804052265,27889890,BEL.NS,BEL,Defence
2025-03-21,293.8047180175781,299.03030717356074,290.83429377096314,299.03030717356074,41751586,BEL.NS,BEL,Defence
2025-03-24,300.12310791015625,302.9047729931034,294.41073506799194,294.9571238213965,29935092,BEL.NS,BEL,Defence
2025-03-25,298.066650390625,302.50740063732644,296.69567603933956,302.01067255746216,19364944,BEL.NS,BEL,Defence
2025-03-26,297.5798645019531,303.5008546837003,296.5367173507763,299.0998512030386,23869923,BEL.NS,BEL,Defence
2025-03-27,298.6825866699219,300.023758541547,294.68890384483063,295.0564777709916,14453677,BEL.NS,BEL,Defence
2025-03-28,299.34820556640625,304.5737641451472,297.11292929482534,302.01066069359933,20850848,BEL.NS,BEL,Defence
2025-04-01,290.0892028808594,303.7988859583522,288.1022905323603,300.02376462335457,33171384,BEL.NS,BEL,Defence
2025-04-02,280.552001953125,288.84736661067814,272.65404399748735,288.0029228459198,52653587,BEL.NS,BEL,Defence
2025-04-03,285.6186218261719,286.3637138831097,280.7506931177527,281.14806948454486,20968721,BEL.NS,BEL,Defence
2025-04-04,278.167724609375,286.11537388392856,276.478837011382,285.22126940411647,19699594,BEL.NS,BEL,Defence
2025-04-07,270.3194274902344,272.7037162132229,254.52348059282508,255.31823339452924,24954083,BEL.NS,BEL,Defence
2025-04-08,279.6082458496094,286.1153715120562,274.7899774532791,280.6017020006929,26787606,BEL.NS,BEL,Defence
2025-04-09,278.3167419433594,280.9493947490269,274.7899846419017,279.1611857574465,11389916,BEL.NS,BEL,Defence
2025-04-11,283.135009765625,285.12192211485745,280.80038169170155,281.14809741639255,13883110,BEL.NS,BEL,Defence
2025-04-15,291.778076171875,292.2251132376026,285.6682967460563,288.00292470443924,19512440,BEL.NS,BEL,Defence
2025-04-16,291.6787414550781,293.4172897757019,289.3937740429609,291.57938977318145,12479078,BEL.NS,BEL,Defence
2025-04-17,293.21856689453125,294.6590903914567,289.2447424261849,291.08264230637,13609937,BEL.NS,BEL,Defence
2025-04-21,297.9871826171875,299.6263791917473,293.2185749337062,295.5532029364431,14064356,BEL.NS,BEL,Defence
2025-04-22,301.36492919921875,302.7557617457966,297.78848099525027,299.0303011828869,11962358,BEL.NS,BEL,Defence
2025-04-23,303.84857177734375,308.2694334866551,299.82505614950605,303.60020773801585,21918666,BEL.NS,BEL,Defence
2025-04-24,303.6995544433594,306.580571188803,301.4642781260173,303.0041230174806,17241517,BEL.NS,BEL,Defence
2025-04-25,295.6525573730469,305.7857919489767,291.77808443760676,304.79233579538305,20307004,BEL.NS,BEL,Defence
2025-04-28,303.05377197265625,305.8354672506762,293.91399401941027,294.0630063712262,29913417,BEL.NS,BEL,Defence
2025-04-29,315.02496337890625,317.3595914850266,303.79889026019765,304.54398240143547,57882724,BEL.NS,BEL,Defence
2025-04-30,312.0445861816406,318.3530388665139,310.5544019403891,316.9125153061537,24863436,BEL.NS,BEL,Defence
2025-05-02,309.1138916015625,315.6707086070949,308.5675028168837,308.76617586682266,15451259,BEL.NS,BEL,Defence
2025-05-05,313.2367248535156,314.82626082247975,311.1504911069944,311.8955832501454,10955241,BEL.NS,BEL,Defence
2025-05-06,308.4681396484375,317.2105417850753,307.17665875934654,313.58443284151105,17029890,BEL.NS,BEL,Defence
2025-05-07,307.9217529296875,313.13739783761883,303.0041327464874,303.0041327464874,19274367,BEL.NS,BEL,Defence
2025-05-08,305.1400451660156,311.64720102743524,302.805417190054,308.4681292749077,17110997,BEL.NS,BEL,Defence
2025-05-09,313.7831115722656,319.69415710728686,303.0041069499785,303.0041069499785,44244945,BEL.NS,BEL,Defence
2025-05-12,320.6876220703125,322.87323765233975,314.13083595998006,322.87323765233975,39927141,BEL.NS,BEL,Defence
2025-05-13,333.55291748046875,335.53982987052365,320.68764762771235,321.58178245753874,57985762,BEL.NS,BEL,Defence
2025-05-14,342.0966491699219,343.73584583939555,332.311099518144,336.7816524264598,43684324,BEL.NS,BEL,Defence
2025-05-15,348.1070251464844,348.7031048936383,338.5698401456474,344.2325522667968,35959338,BEL.NS,BEL,Defence
2025-05-16,361.5186767578125,368.72123364282226,347.31226633935694,349.29917858349756,68855818,BEL.NS,BEL,Defence
2025-05-19,361.36968994140625,371.0558878161243,360.1775303835209,370.4598080371817,52003735,BEL.NS,BEL,Defence
2025-05-20,361.4193420410156,368.57223858270925,356.1540364741274,366.98270264923553,67088831,BEL.NS,BEL,Defence
2025-05-21,380.49371337890625,381.3878178689629,361.61804613556626,364.4990629670271,88688170,BEL.NS,BEL,Defence
2025-05-22,380.8910827636719,384.2191669377616,376.51988175672045,380.49370636629004,43486783,BEL.NS,BEL,Defence
2025-05-23,381.2884521484375,387.34854063014984,378.6061387770363,386.60344852955916,37666187,BEL.NS,BEL,Defence
2025-05-26,382.0335388183594,383.27535896835775,376.023141419517,382.3812545239339,26722908,BEL.NS,BEL,Defence
2025-05-27,382.8780212402344,386.2557663256805,380.94079980137514,381.9839167055395,16859142,BEL.NS,BEL,Defence
2025-05-28,387.8949890136719,390.9250183246151,381.5865360216051,382.9277079676158,27549144,BEL.NS,BEL,Defence
2025-05-29,384.2688293457031,389.5341651677785,383.02700914963003,388.98774609078083,18562683,BEL.NS,BEL,Defence
2025-05-30,382.083251953125,387.4479092483733,381.13945645729245,384.26883735303096,23144580,BEL.NS,BEL,Defence
2025-06-02,384.9642639160156,386.7028122046686,381.23880329747357,382.4806235036542,11943152,BEL.NS,BEL,Defence
2025-06-03,383.4740905761719,389.23612436959564,382.9773624795706,384.96427486597565,18630318,BEL.NS,BEL,Defence
2025-06-04,388.0439758300781,388.73937694000966,381.5865108954077,384.4675276488394,20648850,BEL.NS,BEL,Defence
2025-06-05,390.92498779296875,392.1171472780643,386.95116326648366,391.12369114644304,20746844,BEL.NS,BEL,Defence
2025-06-06,388.1433410644531,394.2530904986112,386.6531567967133,392.2661781416247,17366507,BEL.NS,BEL,Defence
2025-06-09,389.88189697265625,392.71322288222177,389.2361261897533,391.42174195217007,13744521,BEL.NS,BEL,Defence
2025-06-10,394.7994689941406,399.220361000523,392.1171555727477,393.90536452034297,26456073,BEL.NS,BEL,Defence
2025-06-11,390.32891845703125,395.64391496648386,388.0439814205334,395.64391496648386,18042738,BEL.NS,BEL,Defence
2025-06-12,384.86492919921875,393.1602946057068,383.076720150652,390.2295866627963,15555771,BEL.NS,BEL,Defence
2025-06-13,391.62042236328125,395.14717953176347,377.0166049837944,377.1656173411616,35564550,BEL.NS,BEL,Defence
2025-06-16,401.207275390625,401.85301582961904,391.6204295314417,393.5576508484238,32061745,BEL.NS,BEL,Defence
2025-06-17,399.12103271484375,404.833405927315,397.879212451263,403.14451824169424,24371681,BEL.NS,BEL,Defence
2025-06-18,397.8791809082031,402.34973350267734,395.8922686439924,399.02164939654926,18879759,BEL.NS,BEL,Defence
2025-06-19,395.9419250488281,401.15756968607286,390.8753230840902,398.37590467335895,18220823,BEL.NS,BEL,Defence
2025-06-20,405.5784912109375,407.3170395504822,395.14720117366903,396.389021416201,122552435,BEL.NS,BEL,Defence
2025-06-23,418.14569091796875,419.63587515525154,406.3732293798597,408.3104810154777,43017721,BEL.NS,BEL,Defence
2025-06-24,415.7613830566406,423.7090319561702,412.28428666309645,423.6096802813512,33807025,BEL.NS,BEL,Defence
2025-06-25,403.3928527832031,417.6489544297447,402.34973596525816,417.5496027523511,29028317,BEL.NS,BEL,Defence
2025-06-26,407.4163818359375,411.19150315900634,404.1876492798288,406.2739133027358,25730795,BEL.NS,BEL,Defence
2025-06-27,411.78759765625,414.07253480439306,406.8203166230021,407.81377282965167,41398277,BEL.NS,BEL,Defence
2025-06-30,418.7417907714844,420.23197508027965,411.53923327897365,413.9235221094707,20350621,BEL.NS,BEL,Defence
2025-07-01,429.4214172363281,433.14687776758603,421.3247557453027,422.02015685374556,35405785,BEL.NS,BEL,Defence
2025-07-02,424.1560974121094,429.9181307110113,419.8345572789957,428.2292432003636,22843521,BEL.NS,BEL,Defence
2025-07-03,423.4606628417969,427.8815546162099,421.27504729352825,424.901186314684,13499244,BEL.NS,BEL,Defence
2025-07-04,424.7521667480469,429.5704351611594,422.9639577970184,427.1861464538295,16618426,BEL.NS,BEL,Defence
2025-07-07,414.37054443359375,424.6528211088437,413.42674901358504,424.6528211088437,22221724,BEL.NS,BEL,Defence
2025-07-08,419.2384948730469,420.57966673775616,413.52612201636435,415.26467027709384,15970711,BEL.NS,BEL,Defence
2025-07-09,414.9169616699219,421.2254143876518,413.77449314258723,421.17575370650184,14956297,BEL.NS,BEL,Defence
2025-07-10,410.7940979003906,416.754834508377,407.8137295963975,415.711717729129,17914452,BEL.NS,BEL,Defence
2025-07-11,406.62158203125,410.4960851939736,402.449084474442,408.31046958002054,15186245,BEL.NS,BEL,Defence
2025-07-14,404.63470458984375,407.66476423892254,402.498779789335,402.8464955284591,17844425,BEL.NS,BEL,Defence
2025-07-15,406.2738952636719,410.1980287745957,405.1313964633223,405.82682787937205,11971127,BEL.NS,BEL,Defence
2025-07-16,403.4922180175781,407.61505506599786,402.8464775696361,406.7209505751646,9173824,BEL.NS,BEL,Defence
2025-07-17,401.55499267578125,406.02554540331425,400.4124938355553,403.4922140003199,7922270,BEL.NS,BEL,Defence
2025-07-18,392.16680908203125,404.28698604971527,391.5707293377742,401.6046423594962,21172393,BEL.NS,BEL,Defence
2025-07-21,397.3327941894531,398.32625032662605,388.54070131189786,392.017797792003,12980473,BEL.NS,BEL,Defence
2025-07-22,400.4621887207031,402.0517246583826,397.1341044832222,400.36283703999635,12447434,BEL.NS,BEL,Defence
2025-07-23,397.5811767578125,402.25040262946555,394.00472843369147,400.859570036162,10413255,BEL.NS,BEL,Defence
2025-07-24,395.6439208984375,399.2700298663231,393.4086445091808,398.0779006494454,6767566,BEL.NS,BEL,Defence
2025-07-25,392.6138916015625,398.07790055173774,390.92500398072144,396.3890129308967,9202508,BEL.NS,BEL,Defence
2025-07-28,386.70281982421875,393.7563647978826,380.791743399177,392.6138962492605,19856033,BEL.NS,BEL,Defence
2025-07-29,385.7093505859375,388.19299096318116,375.5264250392386,387.4478988500081,25307639,BEL.NS,BEL,Defence
2025-07-30,383.9707946777344,389.83217978776514,382.48061048105495,388.3916865883668,11335944,BEL.NS,BEL,Defence
2025-07-31,380.5930480957031,385.70934108319955,376.32116856136514,376.5198719137994,9702316,BEL.NS,BEL,Defence
2025-08-01,374.7316589355469,380.99042033674516,373.7382028199361,380.59304395407577,8702605,BEL.NS,BEL,Defence
2025-08-04,387.0008544921875,387.69628596636335,373.98660239502414,376.5199036034637,13454379,BEL.NS,BEL,Defence
2025-08-05,384.11981201171875,387.6962601936724,380.84141886368866,387.4478961576739,13482710,BEL.NS,BEL,Defence
2025-08-06,387.1498718261719,390.92499304994874,384.5668797856467,389.43480883247753,16852693,BEL.NS,BEL,Defence
2025-08-07,385.2126159667969,387.74591698140136,380.9904273972059,383.4740677322594,11520396,BEL.NS,BEL,Defence
2025-08-08,382.083251953125,384.8649171231422,381.0897957755651,382.77865308669107,7139111,BEL.NS,BEL,Defence
2025-08-11,381.3878173828125,385.8583701452734,379.0531893210632,381.4871690633313,8910936,BEL.NS,BEL,Defence
2025-08-12,377.861083984375,382.8283651454214,377.0663008078807,381.4871931683632,9329093,BEL.NS,BEL,Defence
2025-08-13,386.3054504394531,387.34856732501834,379.5996210719922,379.69897275582633,10930440,BEL.NS,BEL,Defence
2025-08-14,383.2683410644531,386.35520574469433,380.9282970138731,386.20584769640396,8046552,BEL.NS,BEL,Defence
2025-08-18,380.8785400390625,388.09780648424737,379.4844808721172,386.3552249285131,11778056,BEL.NS,BEL,Defence
2025-08-19,378.43890380859375,382.0734552689266,375.899725763357,380.8785300781035,11111204,BEL.NS,BEL,Defence
2025-08-20,370.273681640625,382.6708861070648,369.5268609960849,382.27258784095204,20289349,BEL.NS,BEL,Defence
2025-08-21,372.6137390136719,375.8001556443125,369.9251724422527,371.4188137845498,12680853,BEL.NS,BEL,Defence
2025-08-22,373.2609558105469,378.3393421566636,372.016254764352,372.2153886988177,15246732,BEL.NS,BEL,Defence
2025-08-25,370.4728088378906,378.4388955680221,369.9251525304778,376.24823995016146,8577673,BEL.NS,BEL,Defence
2025-08-26,364.2991027832031,370.4728016462858,362.7058793904626,370.42302576047246,15718869,BEL.NS,BEL,Defence
2025-08-28,362.3075866699219,366.19104785711414,359.6688265291508,362.5067206044238,12218065,BEL.NS,BEL,Defence
2025-08-29,367.83404541015625,369.4272688196348,360.06712307273597,360.7641374224891,12739664,BEL.NS,BEL,Defence
2025-09-01,372.3149719238281,373.65925513520085,365.991884513452,368.381734839541,8821349,BEL.NS,BEL,Defence
2025-09-02,375.0035400390625,377.3435841007971,372.16561555518047,375.7005543971432,12169182,BEL.NS,BEL,Defence
2025-09-03,377.0946350097656,379.5840370618813,375.50141161876985,376.14865007467824,9919255,BEL.NS,BEL,Defence
2025-09-04,370.9209289550781,379.88277690298605,370.42304851352765,379.88277690298605,9288078,BEL.NS,BEL,Defence
2025-09-05,369.2281188964844,373.90820714654546,366.9378810479414,372.4145658397017,7325669,BEL.NS,BEL,Defence
2025-09-08,370.3234558105469,372.9124401105854,369.2779190683244,370.0745155968549,6897641,BEL.NS,BEL,Defence
2025-09-09,370.3732604980469,372.41455808628416,368.3319325216001,370.32345422259624,10598912,BEL.NS,BEL,Defence
2025-09-10,386.4049987792969,387.3509837741323,371.46858552322493,372.11585440822313,23174318,BEL.NS,BEL,Defence
2025-09-11,383.5173034667969,390.83615213862737,382.42196040226935,387.948451614481,19042696,BEL.NS,BEL,Defence
2025-09-12,397.6072998046875,398.1549865113875,383.66664774498406,384.36369250325316,26356961,BEL.NS,BEL,Defence
2025-09-15,396.76092529296875,401.39120719647934,394.02258293852367,398.3043424647357,18486916,BEL.NS,BEL,Defence
2025-09-16,401.1920471191406,401.5903453881819,394.5204675451209,396.7609294952146,12467341,BEL.NS,BEL,Defence
2025-09-17,410.45263671875,414.88375429200426,403.2831464051523,403.781026832813,31367478,BEL.NS,BEL,Defence
2025-09-18,408.1623840332031,413.240770666018,406.46960874773873,413.240770666018,12000897,BEL.NS,BEL,Defence
2025-09-19,407.1665954589844,411.69732544781976,406.51935700006754,407.2661776191736,16150731,BEL.NS,BEL,Defence
2025-09-22,404.6772155761719,409.6560199764403,403.63167880739974,408.0627964907123,10884230,BEL.NS,BEL,Defence
2025-09-23,402.7355041503906,405.9717270431687,400.59459392613803,404.67721965313103,11906108,BEL.NS,BEL,Defence
2025-09-24,393.7736511230469,403.23337945834527,393.3255465729328,402.7354990196453,10835672,BEL.NS,BEL,Defence
2025-09-25,401.44097900390625,404.7270080287682,390.78635618419,393.77363872231393,23804019,BEL.NS,BEL,Defence
2025-09-26,394.2217102050781,404.4282588080028,392.7280689461135,401.9388567097285,11687034,BEL.NS,BEL,Defence
2025-09-29,398.25457763671875,406.4197986510677,397.3583685307176,399.3001144094393,23390892,BEL.NS,BEL,Defence
2025-09-30,402.23760986328125,404.6772057271114,400.14650598841985,403.2831466066071,14681751,BEL.NS,BEL,Defence
2025-10-01,404.77679443359375,407.26619661338214,397.65711027704094,400.29587050997463,13156495,BEL.NS,BEL,Defence
2025-10-03,410.9007263183594,412.0458452673873,403.38274373333155,405.0755190180912,16002501,BEL.NS,BEL,Defence
2025-10-06,411.4981689453125,413.1411682609187,405.77254409005405,410.9505126361802,14684188,BEL.NS,BEL,Defence
2025-10-07,408.5606689453125,413.78841346341665,407.3657741455289,411.4981756393407,11933246,BEL.NS,BEL,Defence
2025-10-08,401.9388732910156,410.2534827198984,401.39121696208633,408.6602592336353,8668516,BEL.NS,BEL,Defence
2025-10-09,407.6147155761719,408.2619540598443,401.2916280149201,401.9886727746965,9035150,BEL.NS,BEL,Defence
2025-10-10,411.7471008300781,413.7386224785912,406.6189386627987,407.2661771209237,13813014,BEL.NS,BEL,Defence
2025-10-13,407.66448974609375,411.2492349174471,404.6274312803166,411.1994590297628,7858503,BEL.NS,BEL,Defence
2025-10-14,400.69415283203125,412.3943426113271,399.89755632149047,408.2619412350048,10789648,BEL.NS,BEL,Defence
2025-10-15,406.3700256347656,408.5109054724575,401.291639013773,401.291639013773,10892830,BEL.NS,BEL,Defence
2025-10-16,410.0543212890625,410.95053039831953,407.3159788486255,407.3657851259235,11479498,BEL.NS,BEL,Defence
2025-10-17,411.0500793457031,418.2195698411208,407.91343864953683,408.61048342122285,19566580,BEL.NS,BEL,Defence
2025-10-20,414.7344055175781,415.77994228376684,410.7513620072052,414.7344055175781,10580573,BEL.NS,BEL,Defence
2025-10-21,415.9293212890625,417.37315629588767,414.83397827091983,416.37739544088697,2915071,BEL.NS,BEL,Defence
2025-10-23,416.8752746582031,420.7089600164685,416.22803618197355,419.7131991643585,21980966,BEL.NS,BEL,Defence
2025-10-24,420.2608642578125,421.90389400868776,418.11998445869074,420.2110883694509,18720794,BEL.NS,BEL,Defence
2025-10-27,413.3901062011719,423.1983565422036,412.842449895048,423.1983565422036,12158324,BEL.NS,BEL,Defence
2025-10-28,411.7969055175781,415.0331284227572,409.1083693369713,415.0331284227572,12247991,BEL.NS,BEL,Defence
2025-10-29,405.4738464355469,413.14118705320493,405.1253240465145,411.7969037744863,14498733,BEL.NS,BEL,Defence
2025-10-30,408.1623840332031,408.90920470308146,402.5861169538026,406.07128007990156,11172780,BEL.NS,BEL,Defence
2025-10-31,424.293701171875,425.43882006339146,406.41978188929374,412.0458245731689,51342361,BEL.NS,BEL,Defence
2025-11-03,420.5097961425781,429.1729277205269,414.6348131864588,426.1856451609873,27222212,BEL.NS,BEL,Defence
2025-11-04,413.3901062011719,420.6093722833624,412.7428677335139,418.21955234758946,12831686,BEL.NS,BEL,Defence
2025-11-06,407.0670166015625,413.24074592488046,405.72276378683193,409.25770259066473,12786294,BEL.NS,BEL,Defence
2025-11-07,412.4939270019531,414.23650846786364,403.58185534958443,406.27042176655857,10141248,BEL.NS,BEL,Defence
2025-11-10,415.0829162597656,418.6178551207863,412.24499176058345,414.18673757271057,9288444,BEL.NS,BEL,Defence
2025-11-11,425.4886169433594,426.0860795561272,415.38164996845944,415.38164996845944,24889361,BEL.NS,BEL,Defence
2025-11-12,422.9494323730469,427.57971437200206,420.01192563153444,426.3350132761426,15221773,BEL.NS,BEL,Defence
2025-11-13,418.0203857421875,423.39751855357974,417.2237892306822,421.3561906120078,9091428,BEL.NS,BEL,Defence
2025-11-14,425.04052734375,426.8826910044827,416.92508244723524,417.02463422223997,14719899,BEL.NS,BEL,Defence
2025-11-17,422.7502746582031,427.679303230227,420.60939481746345,426.1358860024919,12996079,BEL.NS,BEL,Defence
2025-11-18,419.1157531738281,427.629527029468,418.5182905612587,422.7502743503268,13340937,BEL.NS,BEL,Defence
2025-11-19,421.406005859375,422.4515426015139,413.29053058309756,418.21955896908855,9661756,BEL.NS,BEL,Defence
2025-11-20,421.20684814453125,425.38905595515104,420.4102516035609,423.1983698851673,10463382,BEL.NS,BEL,Defence
2025-11-21,414.5850524902344,421.555378717899,413.7386496563758,419.713214994374,8395038,BEL.NS,BEL,Defence
2025-11-24,402.0882263183594,413.58928257597734,399.3001080434151,412.2449993266181,23696864,BEL.NS,BEL,Defence
2025-11-25,408.5108947753906,410.65177455702246,404.27891110008187,404.7767915324711,14107503,BEL.NS,BEL,Defence
2025-11-26,413.5394592285156,414.7343843759989,406.7682977613338,408.51087920829184,8339381,BEL.NS,BEL,Defence
2025-11-27,411.29901123046875,415.5309948871433,410.25347448233896,413.53947316635526,5251173,BEL.NS,BEL,Defence
2025-11-28,410.0045471191406,413.4897102397648,406.9176822775171,412.24500912525616,6690232,BEL.NS,BEL,Defence
2025-12-01,415.4812316894531,417.4229775818122,411.7471283489248,414.1369484092208,9650320,BEL.NS,BEL,Defence
2025-12-02,411.29901123046875,416.87527812631726,409.2577136219449,416.27781553243886,11215451,BEL.NS,BEL,Defence
2025-12-03,402.23760986328125,410.9505173516956,401.6899231596551,410.25347259733854,12294040,BEL.NS,BEL,Defence
2025-12-04,405.4240417480469,407.76408592562854,400.04693900029616,404.07975846405645,10865110,BEL.NS,BEL,Defence
2025-12-05,405.1750793457031,408.95898876714847,403.63166220040637,407.2661831854217,11774958,BEL.NS,BEL,Defence
2025-12-08,384.7619934082031,404.7270170492327,383.3679342703167,404.7270170492327,25593778,BEL.NS,BEL,Defence
2025-12-09,387.799072265625,389.34248941621115,378.93677645683687,383.41770024807204,19270896,BEL.NS,BEL,Defence
2025-12-10,385.7079772949219,389.79060292075246,384.1147538326209,388.34673751062127,8372979,BEL.NS,BEL,Defence
2025-12-11,385.8573303222656,388.346732453377,383.517286241379,384.3636890435988,7666925,BEL.NS,BEL,Defence
2025-12-12,387.799072265625,392.4293541055928,386.35520688872106,386.35520688872106,12661065,BEL.NS,BEL,Defence
2025-12-15,389.09356689453125,390.73656628170284,386.35522445317497,387.4007612300449,9087687,BEL.NS,BEL,Defence
2025-12-16,386.355224609375,389.54167160679845,383.1190017228274,389.09356705183836,8700626,BEL.NS,BEL,Defence
2025-12-17,383.96539306640625,386.75351131456773,383.3679304737403,386.3552130488603,6612962,BEL.NS,BEL,Defence
2025-12-18,381.82452392578125,385.16029858360804,378.83724126751684,382.4219561468656,7510229,BEL.NS,BEL,Defence
2025-12-19,391.1846618652344,391.8319003497966,381.87429170050063,381.87429170050063,11595429,BEL.NS,BEL,Defence
2025-12-22,397.2588195800781,397.6073115813247,391.23444795720303,391.33403012393524,9321669,BEL.NS,BEL,Defence
2025-12-23,397.7068786621094,400.79374338445143,394.0723576258302,397.30858039849966,7734965,BEL.NS,BEL,Defence
2025-12-24,398.3043518066406,401.9388729392341,395.91453177344283,397.308590927124,8097208,BEL.NS,BEL,Defence
2025-12-26,396.76092529296875,405.8223247734737,395.46641794703254,401.29162503322124,13284184,BEL.NS,BEL,Defence
2025-12-29,391.58294677734375,401.7397194084796,390.7863502678546,399.30009321732956,15690096,BEL.NS,BEL,Defence
2025-12-30,391.6327209472656,395.3170481609764,387.8986178475083,394.12212301377053,37726382,BEL.NS,BEL,Defence
2025-12-31,397.9060363769531,399.5988115662219,394.022575191914,394.2217091263055,9409818,BEL.NS,BEL,Defence
2026-01-01,396.01409912109375,399.0511575346954,392.9272344324536,398.20475474113465,6084786,BEL.NS,BEL,Defence
2026-01-02,401.44097900390625,403.8806052319912,397.25880168345844,397.9558160427617,10950368,BEL.NS,BEL,Defence
2026-01-05,412.04583740234375,416.8255078292685,401.09246779109696,401.1422740677106,26097635,BEL.NS,BEL,Defence
2026-01-06,411.34881591796875,413.9378002226377,408.461115511619,412.9420393660888,9927677,BEL.NS,BEL,Defence
2026-01-07,413.88800048828125,414.48546308929525,407.81385308969095,411.3488224192345,8279218,BEL.NS,BEL,Defence
2026-01-08,413.88800048828125,421.1570730888995,412.29477701498064,413.9378067648217,22238704,BEL.NS,BEL,Defence
2026-01-09,416.8752746582031,422.7502576080101,414.087156427579,415.23227532986357,22963210,BEL.NS,BEL,Defence
2026-01-12,415.9293212890625,418.02039477399614,408.8594131409158,417.72167867277983,14594852,BEL.NS,BEL,Defence
2026-01-13,411.9462890625,420.55961461465586,407.6644990367261,417.97063024366406,13393010,BEL.NS,BEL,Defence
2026-01-14,415.8297424316406,419.016158960048,409.2577146587487,409.2577146587487,17676239,BEL.NS,BEL,Defence
2026-01-15,415.8297424316406,415.8297424316406,415.8297424316406,415.8297424316406,0,BEL.NS,BEL,Defence
2026-01-16,408.5108947753906,415.4812208288403,404.62743348039635,414.7841760682113,18888193,BEL.NS,BEL,Defence
2026-01-19,411.0500793457031,413.14118327255085,405.9717231653436,408.26196103537984,8012134,BEL.NS,BEL,Defence
2026-01-20,407.6147155761719,413.6390566454295,404.2789106056019,412.1454153500886,32732305,BEL.NS,BEL,Defence
2026-01-21,400.943115234375,407.76408339071406,395.3170722982014,404.77680072851103,19150437,BEL.NS,BEL,Defence
2026-01-22,415.531005859375,416.52676674606244,404.2789199950914,404.2789199950914,19763144,BEL.NS,BEL,Defence
2026-01-23,408.958984375,417.22378709535235,406.7682983972588,417.22378709535235,12715222,BEL.NS,BEL,Defence
2026-01-27,414.1867370605469,417.4727357050885,409.8551712922261,414.68461748476284,15482165,BEL.NS,BEL,Defence
2026-01-28,451.0796813964844,455.5606053838667,415.53100560796724,416.228050383511,71986647,BEL.NS,BEL,Defence
2026-01-29,442.6156921386719,454.0171658799798,436.39218690612586,452.3243603014436,42412510,BEL.NS,BEL,Defence
2026-01-30,447.09661865234375,450.0341252954324,437.43772631682003,444.9557389168396,36684903,BEL.NS,BEL,Defence
2026-02-02,437.23858642578125,439.4790482927439,418.46848870714103,430.16867845683504,43652893,BEL.NS,BEL,Defence
2026-02-03,437.0892333984375,458.04998695033777,433.40490613072717,458.04998695033777,26696516,BEL.NS,BEL,Defence
2026-02-04,437.33819580078125,441.5203733130986,431.96106267489915,434.9483453500733,12400181,BEL.NS,BEL,Defence
2026-02-05,431.06488037109375,437.1390278378264,426.3350161746708,437.1390278378264,14345511,BEL.NS,BEL,Defence
2026-02-06,427.8286437988281,431.5627469922106,423.7460182297548,431.164448729225,11078888,BEL.NS,BEL,Defence
2026-02-09,435.4461975097656,437.7364656448853,427.679275214129,430.1686772817316,12162696,BEL.NS,BEL,Defence
2026-02-10,435.4461975097656,439.4292408179298,431.7120944083617,436.1432422439779,10878065,BEL.NS,BEL,Defence
2026-02-11,435.6951599121094,436.8403092321109,432.508743336178,436.8403092321109,8274702,BEL.NS,BEL,Defence
2026-02-12,442.01824951171875,443.0638166709096,432.75768546294563,435.1475055024796,16140306,BEL.NS,BEL,Defence
2026-02-13,433.7036437988281,444.3085215955896,430.9653013493417,442.01825331400175,14086068,BEL.NS,BEL,Defence
2026-02-16,436.14324951171875,436.740712095541,427.28098408101744,431.2142211804464,8156650,BEL.NS,BEL,Defence
2026-02-17,444.95574951171875,447.44515167930336,438.43349759972097,440.12630322896257,17963084,BEL.NS,BEL,Defence
2026-02-18,445.8021545410156,451.57755544321924,444.2587069565195,448.092392391287,14341134,BEL.NS,BEL,Defence
2026-02-19,433.5044860839844,447.3455556284585,431.1146661549299,445.80213848775077,9791516,BEL.NS,BEL,Defence
2026-02-20,439.2799072265625,443.5118909770847,431.861506885044,433.1559838769783,9533724,BEL.NS,BEL,Defence
2026-02-23,437.8858337402344,443.412294301854,433.85301445345345,440.9228921771227,12915631,BEL.NS,BEL,Defence
2026-02-24,433.20574951171875,435.6453757713221,428.525691707787,435.14749534186916,12223376,BEL.NS,BEL,Defence
2026-02-25,437.437744140625,439.130549798534,431.7121190582178,433.15598449515255,9469190,BEL.NS,BEL,Defence
2026-02-26,447.1463928222656,447.9927956134826,438.1347693800728,438.73223196141475,13738213,BEL.NS,BEL,Defence
2026-02-27,442.81488037109375,447.0966400469945,439.827597698174,446.6983417682473,22732811,BEL.NS,BEL,Defence
2026-03-02,452.0256652832031,454.76400771321033,439.8275944586255,440.22589273443896,35034174,BEL.NS,BEL,Defence
2026-03-04,444.95574951171875,458.8964016501927,442.6157053965472,458.0499988355719,35193505,BEL.NS,BEL,Defence
2026-03-05,458.04998779296875,465.9164923752496,443.9599779417617,446.8974541957692,38023711,BEL.NS,BEL,Defence
2026-03-06,468.45001220703125,473.45001220703125,460.3500061035156,462.0,28154230,BEL.NS,BEL,Defence
2026-03-09,457.3500061035156,470.0,450.0,470.0,21898419,BEL.NS,BEL,Defence
2026-03-10,463.3500061035156,465.79998779296875,453.54998779296875,465.0,19398151,BEL.NS,BEL,Defence
2026-03-11,454.1000061035156,469.79998779296875,453.25,463.5,16015126,BEL.NS,BEL,Defence
2026-03-12,453.54998779296875,455.0,448.5,452.0,14089623,BEL.NS,BEL,Defence
2026-03-13,439.3999938964844,452.3999938964844,433.6499938964844,451.8999938964844,19502809,BEL.NS,BEL,Defence
2026-03-16,429.5,437.79998779296875,422.25,431.8999938964844,22324389,BEL.NS,BEL,Defence
2026-03-17,439.3500061035156,441.04998779296875,430.29998779296875,432.45001220703125,14421128,BEL.NS,BEL,Defence
2026-03-18,442.6000061035156,447.75,440.5,445.45001220703125,13700203,BEL.NS,BEL,Defence
2026-03-19,430.79998779296875,439.0,428.3999938964844,436.1000061035156,12237975,BEL.NS,BEL,Defence
2026-03-20,426.1000061035156,438.95001220703125,424.70001220703125,432.20001220703125,17599734,BEL.NS,BEL,Defence
2026-03-23,405.5,421.75,404.0,420.6000061035156,18894757,BEL.NS,BEL,Defence
2026-03-24,414.45001220703125,417.45001220703125,408.75,412.5,14642804,BEL.NS,BEL,Defence
2026-03-25,413.45001220703125,422.0,412.54998779296875,416.29998779296875,15134997,BEL.NS,BEL,Defence
2026-03-27,404.75,413.45001220703125,403.25,411.8999938964844,21818224,BEL.NS,BEL,Defence
2026-03-30,400.6499938964844,413.25,399.3500061035156,400.0,22694742,BEL.NS,BEL,Defence
2026-04-01,418.70001220703125,430.20001220703125,412.6499938964844,415.0,25301241,BEL.NS,BEL,Defence
2026-04-02,421.6000061035156,423.6000061035156,407.5,417.0,19686517,BEL.NS,BEL,Defence
2026-04-06,427.1499938964844,428.04998779296875,420.0,422.0,12327836,BEL.NS,BEL,Defence
2026-04-07,427.79998779296875,429.0,420.6499938964844,424.0,11417162,BEL.NS,BEL,Defence
2026-04-08,433.1000061035156,440.0,428.79998779296875,440.0,20054221,BEL.NS,BEL,Defence
2026-04-09,439.75,443.29998779296875,424.5,425.0,19917307,BEL.NS,BEL,Defence
2026-04-10,442.45001220703125,447.45001220703125,440.45001220703125,444.1000061035156,10833065,BEL.NS,BEL,Defence
2026-04-13,441.54998779296875,445.5,434.0,435.0,15149734,BEL.NS,BEL,Defence
2026-04-15,447.6499938964844,449.20001220703125,444.79998779296875,447.5,9915383,BEL.NS,BEL,Defence
2026-04-16,455.6499938964844,457.0,448.8999938964844,449.8500061035156,12197884,BEL.NS,BEL,Defence
2026-04-17,462.75,463.75,454.45001220703125,458.0,14128030,BEL.NS,BEL,Defence
2026-04-20,457.54998779296875,464.3999938964844,456.0,462.0,9914017,BEL.NS,BEL,Defence
2026-04-21,451.5,461.79998779296875,449.45001220703125,457.5,13492130,BEL.NS,BEL,Defence
2026-04-22,448.70001220703125,451.8500061035156,444.70001220703125,450.79998779296875,11538028,BEL.NS,BEL,Defence
2026-04-23,449.95001220703125,455.70001220703125,444.5,451.70001220703125,15021500,BEL.NS,BEL,Defence
2026-04-24,444.45001220703125,451.20001220703125,438.75,450.0,11651499,BEL.NS,BEL,Defence
2026-04-27,435.6000061035156,448.29998779296875,432.95001220703125,445.0,18502535,BEL.NS,BEL,Defence
2026-04-28,435.75,441.0,433.54998779296875,435.6000061035156,10883746,BEL.NS,BEL,Defence
2026-04-29,437.54998779296875,442.79998779296875,435.25,437.04998779296875,9507163,BEL.NS,BEL,Defence
2026-04-30,431.29998779296875,436.45001220703125,424.5,436.45001220703125,15795581,BEL.NS,BEL,Defence
2026-05-01,431.29998779296875,431.29998779296875,431.29998779296875,431.29998779296875,0,BEL.NS,BEL,Defence
2026-05-04,433.54998779296875,438.6000061035156,428.6000061035156,433.0,10764998,BEL.NS,BEL,Defence
2026-05-05,433.3500061035156,436.5,429.29998779296875,433.5,11671943,BEL.NS,BEL,Defence
2026-05-06,438.20001220703125,439.6499938964844,435.1499938964844,437.0,9748728,BEL.NS,BEL,Defence
2026-05-07,439.45001220703125,441.0,433.5,439.8999938964844,15696400,BEL.NS,BEL,Defence
2026-05-08,439.70001220703125,443.79998779296875,437.79998779296875,439.0,11164661,BEL.NS,BEL,Defence
2026-05-11,431.95001220703125,439.1499938964844,431.0,438.0,7631226,BEL.NS,BEL,Defence
2026-05-12,416.5,432.5,415.5,430.20001220703125,15199825,BEL.NS,BEL,Defence
2026-05-13,428.25,432.0,415.75,416.6000061035156,13230827,BEL.NS,BEL,Defence
2026-05-14,428.8500061035156,435.1499938964844,424.45001220703125,431.0,9807792,BEL.NS,BEL,Defence
2026-05-15,423.6499938964844,429.5,422.20001220703125,428.8500061035156,7593616,BEL.NS,BEL,Defence
2026-05-18,426.6000061035156,427.79998779296875,414.6000061035156,423.8500061035156,10452161,BEL.NS,BEL,Defence
2026-05-19,422.95001220703125,430.8999938964844,419.29998779296875,428.3999938964844,13350029,BEL.NS,BEL,Defence
2026-05-20,,,,,28009540,BEL.NS,BEL,Defence
