Date,Close,High,Low,Open,Volume,Ticker,Company,Sector
2021-05-21,97.12263488769531,98.70616218217418,96.89171074550008,96.99067679676132,13009821,COALINDIA.NS,Coal India,Energy
2021-05-24,98.24427795410156,98.80511233502523,96.09992660125461,97.71644567529738,14192862,COALINDIA.NS,Coal India,Energy
2021-05-25,97.2875747680664,98.97006793653875,97.05665065020138,98.83810985950788,10434892,COALINDIA.NS,Coal India,Energy
2021-05-26,96.13294219970703,97.65048554263743,95.80304191071163,97.51852744059083,9948786,COALINDIA.NS,Coal India,Energy
2021-05-27,95.3741683959961,96.52881932072303,95.07726017176059,96.16592701654315,24064196,COALINDIA.NS,Coal India,Energy
2021-05-28,96.92467498779297,98.17830179174287,95.50610815116444,96.06694251974139,16465504,COALINDIA.NS,Coal India,Energy
2021-05-31,97.45252990722656,97.91438823453204,95.7040626439428,97.02366361781928,11767444,COALINDIA.NS,Coal India,Energy
2021-06-01,97.38655090332031,98.5741836646792,96.92468253195192,98.01335932020548,9307143,COALINDIA.NS,Coal India,Energy
2021-06-02,98.37623596191406,98.9040681863682,96.9906512033361,97.32055137749711,10714318,COALINDIA.NS,Coal India,Energy
2021-06-03,98.34326171875,99.23398630944162,98.0463535218528,98.9700701494788,9282774,COALINDIA.NS,Coal India,Energy
2021-06-04,101.01544189453125,101.87317433169031,97.78241400181825,98.31025631774638,29422387,COALINDIA.NS,Coal India,Energy
2021-06-07,103.09383392333984,104.80931934692711,102.5659914801009,102.92888378906251,31071589,COALINDIA.NS,Coal India,Energy
2021-06-08,102.92888641357422,103.91858724447397,100.81752665453958,103.85260316197765,12874065,COALINDIA.NS,Coal India,Energy
2021-06-09,103.19280242919922,106.4918051931475,102.40104377940312,103.58868678797599,30443113,COALINDIA.NS,Coal India,Energy
2021-06-10,103.2587890625,104.74334034295127,102.7639386356829,103.65467343105675,11459484,COALINDIA.NS,Coal India,Energy
2021-06-11,107.3165512084961,108.86708646710002,103.35774806423791,103.58868227475578,61728565,COALINDIA.NS,Coal India,Energy
2021-06-14,105.13920593261719,108.2072740037931,102.63196220434396,108.2072740037931,30836595,COALINDIA.NS,Coal India,Energy
2021-06-15,103.68763732910156,106.78870751740851,103.42372117457822,106.29385717686029,30153988,COALINDIA.NS,Coal India,Energy
2021-06-16,102.6319580078125,104.77630938667042,102.17009972437882,103.78660875027445,14098443,COALINDIA.NS,Coal India,Energy
2021-06-17,100.38864135742188,102.53299296767297,99.89379098582546,102.26907679659085,15784276,COALINDIA.NS,Coal India,Energy
2021-06-18,96.59478759765625,101.4773172586873,95.73705501584924,100.94947485374387,24823176,COALINDIA.NS,Coal India,Energy
2021-06-21,97.32056427001953,97.65046448788401,94.68136252710374,96.33086361642611,15038290,COALINDIA.NS,Coal India,Energy
2021-06-22,98.11231994628906,98.64016229318159,97.5185035983821,98.24427801607335,12494441,COALINDIA.NS,Coal India,Energy
2021-06-23,97.9473876953125,99.36596489038959,97.74944552067882,98.87111448768398,7983220,COALINDIA.NS,Coal India,Energy
2021-06-24,96.59478759765625,98.37625697280986,96.33087142906278,97.94738061414986,12929173,COALINDIA.NS,Coal India,Energy
2021-06-25,98.14533233642578,98.47523261318688,96.8257312293814,96.8257312293814,7400514,COALINDIA.NS,Coal India,Energy
2021-06-28,97.12263488769531,98.31027784161522,96.99067679676132,97.05666087610682,8217659,COALINDIA.NS,Coal India,Energy
2021-06-29,95.3411865234375,97.58450453217982,94.9782941805579,97.05667210736385,21576435,COALINDIA.NS,Coal India,Energy
2021-06-30,96.75973510742188,97.25458546099087,95.73705243091759,96.06695266663026,12919448,COALINDIA.NS,Coal India,Energy
2021-07-01,96.09993743896484,97.18861428922403,96.00097139246697,96.72675595930643,5668038,COALINDIA.NS,Coal India,Energy
2021-07-02,97.41954803466797,98.07934859045376,96.36387318606522,96.99068170051022,20805994,COALINDIA.NS,Coal India,Energy
2021-07-05,98.90409851074219,99.29998286821677,97.38656529852355,97.65048149166833,10401054,COALINDIA.NS,Coal India,Energy
2021-07-06,97.32056427001953,99.43192365080102,96.9246799814799,99.00305739467947,9579038,COALINDIA.NS,Coal India,Energy
2021-07-07,97.35358428955078,98.14534302646467,96.6937836641628,97.32059224472967,6067804,COALINDIA.NS,Coal India,Energy
2021-07-08,96.49583435058594,97.74945141931947,95.86902581621916,96.99068478315304,12349670,COALINDIA.NS,Coal India,Energy
2021-07-09,96.79271697998047,97.32055931524128,96.09992454418534,96.49580881256975,4963821,COALINDIA.NS,Coal India,Energy
2021-07-12,96.59478759765625,97.55150636125965,96.39685550508939,96.8587138340062,4010172,COALINDIA.NS,Coal India,Energy
2021-07-13,97.71646118164062,97.98037736292282,96.75974237203951,96.99067658147915,5717442,COALINDIA.NS,Coal India,Energy
2021-07-14,97.74943542480469,98.57418601079783,97.1556190299921,97.61747734459702,7216739,COALINDIA.NS,Coal India,Energy
2021-07-15,96.79271697998047,97.91437565006272,96.09992454418534,97.6504595163099,7257500,COALINDIA.NS,Coal India,Energy
2021-07-16,96.03396606445312,97.6834673363683,95.86901593726161,96.82572466142105,10819800,COALINDIA.NS,Coal India,Energy
2021-07-19,95.30819702148438,96.59480620985944,95.01128875766834,95.67108937404105,5158738,COALINDIA.NS,Coal India,Energy
2021-07-20,94.2854995727539,95.7040768712092,93.49374088427732,95.34118453589468,6271740,COALINDIA.NS,Coal India,Energy
2021-07-22,95.47312927246094,95.93498760376248,94.51642057167417,95.01127094115938,4772582,COALINDIA.NS,Coal India,Energy
2021-07-23,95.0772476196289,95.67106398970407,94.58239728864767,95.47312184376042,3419739,COALINDIA.NS,Coal India,Energy
2021-07-26,95.01126861572266,96.00096933046977,94.5164182583491,95.01126861572266,4423596,COALINDIA.NS,Coal India,Energy
2021-07-27,93.98857879638672,95.83602220177957,93.75765466306049,95.34117182896487,4245486,COALINDIA.NS,Coal India,Energy
2021-07-28,95.04428100585938,95.20923116030629,93.06487915249649,94.64839660808342,8834228,COALINDIA.NS,Coal India,Energy
2021-07-29,93.79063415527344,95.4401353544007,93.62568403536072,95.04426110726396,8237916,COALINDIA.NS,Coal India,Energy
2021-07-30,94.54942321777344,95.60509808379543,93.19683004254253,93.88962265110058,9526451,COALINDIA.NS,Coal India,Energy
2021-08-02,94.94528198242188,95.6050824411399,94.41744966965227,95.2092082065627,6164197,COALINDIA.NS,Coal India,Energy
2021-08-03,95.17622375488281,95.50612401053232,94.35147311575905,94.94528954882543,5648929,COALINDIA.NS,Coal India,Energy
2021-08-04,95.47312927246094,97.22160661862925,95.11023698795381,95.11023698795381,8839351,COALINDIA.NS,Coal India,Energy
2021-08-05,95.96797943115234,96.26488763863999,93.82362783475985,95.67107122366468,6237158,COALINDIA.NS,Coal India,Energy
2021-08-06,96.39686584472656,97.94739112009815,95.8360313416141,96.06696556472102,10812438,COALINDIA.NS,Coal India,Energy
2021-08-09,94.51641082763672,97.55149680801732,93.92259447257577,97.3205626322961,12986298,COALINDIA.NS,Coal India,Energy
2021-08-10,93.8236312866211,95.17622435689086,92.86692255273752,94.81333205982966,14022502,COALINDIA.NS,Coal India,Energy
2021-08-11,94.97827911376953,95.24220535206798,93.13083571670659,94.28548658140136,8356558,COALINDIA.NS,Coal India,Energy
2021-08-12,95.27518463134766,96.79272773848919,94.81332631206709,95.04426050558551,7685737,COALINDIA.NS,Coal India,Energy
2021-08-13,94.84632873535156,96.5288221455997,94.48343642055178,95.70407146094448,9455100,COALINDIA.NS,Coal India,Energy
2021-08-16,93.69166564941406,95.11023261629924,93.5267155338341,94.87930849514095,5259207,COALINDIA.NS,Coal India,Energy
2021-08-17,91.8772201538086,94.05456382989185,90.52462710747228,93.7576556167343,13714266,COALINDIA.NS,Coal India,Energy
2021-08-18,91.28341674804688,92.53703385697392,91.05248251167487,91.87723325906323,7654460,COALINDIA.NS,Coal India,Energy
2021-08-20,89.46896362304688,91.08547304762257,89.07307924374923,90.72258071122607,8877297,COALINDIA.NS,Coal India,Energy
2021-08-23,88.3802719116211,89.99678106728724,87.58851335249443,89.93080706021787,7768805,COALINDIA.NS,Coal India,Energy
2021-08-24,89.86482238769531,90.32668070513432,88.41326336099148,88.6441975535891,7452062,COALINDIA.NS,Coal India,Energy
2021-08-25,91.61331176757812,91.81124388133853,90.06277642473786,90.06277642473786,7817617,COALINDIA.NS,Coal India,Energy
2021-08-26,90.5905990600586,91.97617389193024,89.96379067889602,91.61329171761612,6845692,COALINDIA.NS,Coal India,Energy
2021-08-27,91.41534423828125,91.91019452098459,90.42564367287457,90.98646795261882,4418540,COALINDIA.NS,Coal India,Energy
2021-08-30,94.74737548828125,94.9782996705467,91.44837230369986,91.44837230369986,11333690,COALINDIA.NS,Coal India,Energy
2021-08-31,96.2319107055664,96.4298428090813,94.51642531155234,94.74735952266244,14301855,COALINDIA.NS,Coal India,Energy
2021-09-01,95.14322662353516,96.75973577614798,94.94528446718829,96.72675380655375,8415876,COALINDIA.NS,Coal India,Energy
2021-09-02,95.7518310546875,97.23949861845101,95.48133947696772,97.23949861845101,7787657,COALINDIA.NS,Coal India,Energy
2021-09-03,98.9638442993164,99.50480681440311,95.85325824657492,95.95468613860405,12734022,COALINDIA.NS,Coal India,Energy
2021-09-06,98.9638442993164,99.97816449240185,97.5776046384599,99.94435175565928,9712271,COALINDIA.NS,Coal India,Energy
2021-09-07,99.53861999511719,100.14721830460213,98.42287190502607,99.4033793657423,9475870,COALINDIA.NS,Coal India,Energy
2021-09-08,100.85723114013672,101.33058880594037,98.93002901384394,99.64005519435109,7873034,COALINDIA.NS,Coal India,Energy
2021-09-09,100.51911163330078,102.07440442179275,100.07957707746908,100.85721831261657,9519564,COALINDIA.NS,Coal India,Energy
2021-09-13,104.54261016845703,105.42167945499438,100.9586765911158,101.16154270270097,35672746,COALINDIA.NS,Coal India,Energy
2021-09-14,104.61023712158203,105.15121004073711,103.69735499382051,105.04978213260813,8804432,COALINDIA.NS,Coal India,Energy
2021-09-15,108.90419006347656,109.7156442283359,104.30593603834092,105.15120294302763,24591822,COALINDIA.NS,Coal India,Energy
2021-09-16,109.74943542480469,110.22278273487323,106.5374218175001,109.64799722523448,18440504,COALINDIA.NS,Coal India,Energy
2021-09-17,105.96265411376953,110.42566737168676,105.08357449409502,110.01993514162183,17317065,COALINDIA.NS,Coal India,Energy
2021-09-20,104.27212524414062,106.53744471824972,103.3254304205068,105.42168619232446,12541523,COALINDIA.NS,Coal India,Energy
2021-09-21,105.7597885131836,106.84173425315346,103.76496072842596,105.28644112127151,13645046,COALINDIA.NS,Coal India,Energy
2021-09-22,109.61420440673828,109.88468565954395,104.81308478294962,106.33456504592792,18861877,COALINDIA.NS,Coal India,Energy
2021-09-23,113.16433715820312,114.95629886619041,110.29042968654836,110.72996434905106,31399318,COALINDIA.NS,Coal India,Energy
2021-09-24,112.31907653808594,114.58438577507799,110.15518488969938,113.6715036592275,17259638,COALINDIA.NS,Coal India,Energy
2021-09-27,112.96146392822266,114.3815060456878,111.8119030755512,112.92765119057374,9099672,COALINDIA.NS,Coal India,Energy
2021-09-28,118.03308868408203,119.2164625115571,113.70531535268123,113.94199424545661,41551332,COALINDIA.NS,Coal India,Energy
2021-09-29,125.5728530883789,133.21406820111855,116.84970249589016,117.99926345733599,100988643,COALINDIA.NS,Coal India,Energy
2021-09-30,125.16712188720703,129.49488412223715,124.49090839309613,126.85765562248429,48957916,COALINDIA.NS,Coal India,Energy
2021-10-01,127.60147857666016,128.4129326697155,123.34133169037132,125.36997208210899,25492957,COALINDIA.NS,Coal India,Energy
2021-10-04,128.44674682617188,130.74587881980426,127.33099872566412,130.17109324184648,23341448,COALINDIA.NS,Coal India,Energy
2021-10-05,133.85647583007812,134.49887666615533,128.75106124763244,129.15679352210242,42359592,COALINDIA.NS,Coal India,Energy
2021-10-06,130.4077606201172,137.8122954172325,129.63010900546627,135.24268238821682,41926821,COALINDIA.NS,Coal India,Energy
2021-10-07,128.9539031982422,131.8278103684729,127.97339575674434,131.6925697417488,16517664,COALINDIA.NS,Coal India,Energy
2021-10-08,127.43241882324219,129.63011247080053,124.49089659358299,129.2243906037086,28978175,COALINDIA.NS,Coal India,Energy
2021-10-11,133.11260986328125,135.0398118326249,129.59629198298177,129.83297079660875,34952223,COALINDIA.NS,Coal India,Energy
2021-10-12,130.7120819091797,135.9189242056569,129.32584206135266,134.70173774614534,25216411,COALINDIA.NS,Coal India,Energy
2021-10-13,128.5143585205078,131.5573188154613,128.04101120493235,131.18539938243856,17378156,COALINDIA.NS,Coal India,Energy
2021-10-14,124.28803253173828,129.6977400602736,123.2737123701379,128.48055380271347,29542941,COALINDIA.NS,Coal India,Energy
2021-10-18,125.30236053466797,126.95908150531864,124.0175487253193,124.96425379297604,15468914,COALINDIA.NS,Coal India,Energy
2021-10-19,124.76139068603516,127.77053869585255,124.15280266362684,126.65479054870426,17403803,COALINDIA.NS,Coal India,Energy
2021-10-20,122.0565185546875,124.0175332850738,119.96025288990413,123.54418596927685,15921230,COALINDIA.NS,Coal India,Energy
2021-10-21,123.3413314819336,123.74706368687492,120.97458436223927,123.07085022410511,15586097,COALINDIA.NS,Coal India,Energy
2021-10-22,118.9459457397461,124.62614510225724,118.54022384698021,124.0175467858103,13603152,COALINDIA.NS,Coal India,Energy
2021-10-25,117.72876739501953,119.85883566460043,116.9849284624873,119.1826222052797,11744666,COALINDIA.NS,Coal India,Energy
2021-10-26,118.37117004394531,119.01357077711386,116.13966352823468,116.98493036614032,11602891,COALINDIA.NS,Coal India,Energy
2021-10-27,117.3906478881836,119.45309046007013,116.84967511596852,118.81068980727609,9535881,COALINDIA.NS,Coal India,Energy
2021-10-28,112.62332916259766,116.98490296079137,112.2175970481719,116.98490296079137,24509136,COALINDIA.NS,Coal India,Energy
2021-10-29,111.20330047607422,114.61818048331718,110.42565913104792,111.5752199395123,14826816,COALINDIA.NS,Coal India,Energy
2021-11-01,115.46346282958984,116.27491702009634,110.76378075463158,111.57523494513806,13585170,COALINDIA.NS,Coal India,Energy
2021-11-02,114.41532897949219,117.49210265215254,113.8405536610346,115.93680944549128,14278962,COALINDIA.NS,Coal India,Energy
2021-11-03,114.7872314453125,115.70012371663405,113.16432331651669,113.73909854962434,8974463,COALINDIA.NS,Coal India,Energy
2021-11-04,115.42963409423828,115.90298144659458,114.78723337902628,115.7677408199497,973260,COALINDIA.NS,Coal India,Energy
2021-11-08,116.1058578491211,117.79639162769945,113.94197667618067,115.63251045475903,8761953,COALINDIA.NS,Coal India,Energy
2021-11-09,115.29439544677734,116.57919689925671,114.68580745732893,116.34252837811505,5723308,COALINDIA.NS,Coal India,Energy
2021-11-10,112.72478485107422,115.5310769789825,112.55573148137609,114.88866591957053,9212143,COALINDIA.NS,Coal India,Energy
2021-11-11,112.9276351928711,113.36716976544463,111.71044903733241,112.18379634276485,6453205,COALINDIA.NS,Coal India,Energy
2021-11-12,112.89382934570312,114.17864104532366,112.04856256366253,114.17864104532366,7027513,COALINDIA.NS,Coal India,Energy
2021-11-15,108.02510833740234,113.33338852382829,107.85605495972253,111.06806913563904,19400018,COALINDIA.NS,Coal India,Energy
2021-11-16,107.55175018310547,109.30989894415512,107.24745619736593,108.87036433344228,8505431,COALINDIA.NS,Coal India,Energy
2021-11-17,105.55694580078125,107.68701448754028,105.28645417315751,107.5517738328287,7477627,COALINDIA.NS,Coal India,Energy
2021-11-18,103.73114013671875,106.67267280081948,103.46065888130194,105.52311198800028,12981172,COALINDIA.NS,Coal India,Energy
2021-11-22,101.80392456054688,103.39301978356238,100.82341724112077,102.91967248985983,11522286,COALINDIA.NS,Coal India,Energy
2021-11-23,105.62454986572266,105.99646936573355,101.43202810118044,101.43202810118044,13305061,COALINDIA.NS,Coal India,Energy
2021-11-24,107.58557891845703,109.30991520014797,105.21883151575986,107.04460601991487,18809310,COALINDIA.NS,Coal India,Energy
2021-11-25,107.21363830566406,110.0875453004834,105.48929204513291,109.2084658031344,22402592,COALINDIA.NS,Coal India,Energy
2021-11-26,105.42167663574219,107.7884237984784,105.0497674790141,106.67267569189656,11829847,COALINDIA.NS,Coal India,Energy
2021-11-29,104.3059310913086,105.92883934405583,102.71682525858603,105.42167922529744,18176163,COALINDIA.NS,Coal India,Energy
2021-11-30,102.78443145751953,107.1798183290582,102.3448968976445,107.1798183290582,56643275,COALINDIA.NS,Coal India,Energy
2021-12-01,105.18499755859375,105.65834488001668,103.15635733689743,103.8663834781307,16283427,COALINDIA.NS,Coal India,Energy
2021-12-02,107.7208251953125,107.88987859005775,104.91453265162116,106.0979064148379,15647910,COALINDIA.NS,Coal India,Energy
2021-12-03,108.02510833740234,108.66750910894578,107.01078807132345,107.5179482043629,20414051,COALINDIA.NS,Coal India,Energy
2021-12-06,106.44861602783203,109.24329084620351,106.12615523097537,108.92083004934685,24185368,COALINDIA.NS,Coal India,Energy
2021-12-07,107.95345306396484,108.16843060581085,106.87857628894676,107.55934032716114,7866368,COALINDIA.NS,Coal India,Energy
2021-12-08,108.132568359375,108.74166939855292,107.52347825440596,108.38337724237977,7313306,COALINDIA.NS,Coal India,Energy
2021-12-09,109.38662719726562,109.99572843852553,107.9534580970894,108.74170547587133,9423435,COALINDIA.NS,Coal India,Energy
2021-12-10,108.41920471191406,110.17483402663501,108.13256443684814,109.38658693796431,7419042,COALINDIA.NS,Coal India,Energy
2021-12-13,106.77108001708984,109.4941030365826,106.01866417912058,109.4941030365826,9888293,COALINDIA.NS,Coal India,Energy
2021-12-14,106.69939422607422,107.30849523380584,105.15874240775298,106.77105702729263,8474759,COALINDIA.NS,Coal India,Energy
2021-12-15,106.12615966796875,107.91762076341583,106.01866544171546,106.8785645806879,5410912,COALINDIA.NS,Coal India,Energy
2021-12-16,107.30852508544922,107.55933402527671,105.73204142796436,106.12616507588841,7539061,COALINDIA.NS,Coal India,Energy
2021-12-17,104.94377136230469,107.05769291714935,104.62131060549939,106.84272636875181,8758284,COALINDIA.NS,Coal India,Energy
2021-12-20,100.82342529296875,104.37051597055496,99.71271725968951,104.15554939280648,8858645,COALINDIA.NS,Coal India,Energy
2021-12-21,103.65392303466797,104.62131629187253,101.32502387063656,101.6116641744277,8097050,COALINDIA.NS,Coal India,Energy
2021-12-22,104.15555572509766,107.057714043248,103.51062315001114,104.22720761063317,6798820,COALINDIA.NS,Coal India,Energy
2021-12-23,105.83951568603516,106.01866178940834,104.62132436993959,104.80047047331277,4857807,COALINDIA.NS,Coal India,Energy
2021-12-24,104.54965209960938,106.16196688415296,104.19135992526635,106.05448360553383,4568316,COALINDIA.NS,Coal India,Energy
2021-12-27,104.65718841552734,104.97964931531865,103.25985056028907,103.90477235987171,3534825,COALINDIA.NS,Coal India,Energy
2021-12-28,106.6635971069336,106.95022650613006,104.80047320952444,104.80047320952444,4907497,COALINDIA.NS,Coal India,Energy
2021-12-29,105.15875244140625,106.95021330071471,104.8362916735726,106.95021330071471,4216568,COALINDIA.NS,Coal India,Energy
2021-12-30,104.76463317871094,106.771071610584,103.11648693345057,105.15875677082687,24782255,COALINDIA.NS,Coal India,Energy
2021-12-31,104.65718841552734,105.73206537097428,104.15558135649486,104.58552557814535,5320232,COALINDIA.NS,Coal India,Energy
2022-01-03,111.28555297851562,111.75132843750784,105.33790062057976,105.51704671007053,29486720,COALINDIA.NS,Coal India,Energy
2022-01-04,109.63739013671875,112.25291827283311,109.17161474838316,111.78714288449754,13744440,COALINDIA.NS,Coal India,Energy
2022-01-05,110.13900756835938,110.56896253314979,108.99247921926651,109.63740073224318,8454060,COALINDIA.NS,Coal India,Energy
2022-01-06,110.81977844238281,111.2497334768472,109.6732499074957,110.7122951508721,12446900,COALINDIA.NS,Coal India,Energy
2022-01-07,112.46791076660156,112.8262029391197,111.034742076529,111.0705734806227,11679683,COALINDIA.NS,Coal India,Energy
2022-01-10,115.15511322021484,115.37009073140115,112.53958448104426,113.07702279190482,14655298,COALINDIA.NS,Coal India,Energy
2022-01-11,113.61445617675781,115.11927682139628,113.29199539106456,115.11927682139628,7670386,COALINDIA.NS,Coal India,Energy
2022-01-12,114.18772888183594,115.19094267138631,113.57862776618805,114.94013375689359,6334581,COALINDIA.NS,Coal India,Energy
2022-01-13,118.0572509765625,119.27544197126973,113.93689168602997,114.18770053826712,20271714,COALINDIA.NS,Coal India,Energy
2022-01-14,118.0572509765625,119.0604645170961,116.98237463990183,118.05725097656249,10211720,COALINDIA.NS,Coal India,Energy
2022-01-17,117.30487823486328,119.02468756272124,116.12251820600778,118.66639531952728,8384625,COALINDIA.NS,Coal India,Energy
2022-01-18,115.226806640625,118.5947520963991,114.86851433821896,117.519875189181,6574122,COALINDIA.NS,Coal India,Energy
2022-01-19,117.44817352294922,118.12893741980938,115.22676854302622,115.37008322976163,11503199,COALINDIA.NS,Coal India,Energy
2022-01-20,118.27227020263672,120.56533834388011,117.41237101644685,117.8781465531547,17462235,COALINDIA.NS,Coal India,Energy
2022-01-21,113.75777435302734,117.01823558431838,112.8620438463106,117.01823558431838,14466758,COALINDIA.NS,Coal India,Energy
2022-01-24,112.00212860107422,114.94011767905413,110.92725214796258,113.36363440133213,10854431,COALINDIA.NS,Coal India,Energy
2022-01-25,115.4775619506836,115.80003365086495,110.56896578504151,111.07057263591022,7267866,COALINDIA.NS,Coal India,Energy
2022-01-27,115.04761505126953,115.5850532926169,113.22032284384667,113.86524435977991,9269062,COALINDIA.NS,Coal India,Energy
2022-01-28,115.83585357666016,118.23641547668873,115.08344877099405,115.08344877099405,10310726,COALINDIA.NS,Coal India,Energy
2022-01-31,114.51016235351562,117.08985902578219,114.04437604262597,117.08985902578219,5811200,COALINDIA.NS,Coal India,Energy
2022-02-01,116.83908081054688,117.12571017773693,113.65028263016713,116.0866650539111,7248713,COALINDIA.NS,Coal India,Energy
2022-02-02,117.4123306274414,117.94976880071158,116.26579148411531,116.80322965738549,5369074,COALINDIA.NS,Coal India,Energy
2022-02-03,115.5850830078125,117.62734228944142,115.0834760404411,116.87493730549023,4654885,COALINDIA.NS,Coal India,Energy
2022-02-04,114.94012451171875,116.65993349945738,114.65349514753368,115.58505698244925,6402287,COALINDIA.NS,Coal India,Energy
2022-02-07,115.3342514038086,116.8032515394597,114.40268954211207,115.11927390738484,5871041,COALINDIA.NS,Coal India,Energy
2022-02-08,114.61767578125,116.44496823891821,113.47114726988542,115.97919273964673,14158927,COALINDIA.NS,Coal India,Energy
2022-02-09,120.81614685058594,121.3535852067999,114.65351599231448,115.01180822979047,35079516,COALINDIA.NS,Coal India,Energy
2022-02-10,120.4220199584961,122.0343349837042,118.23643518192735,121.10277300451952,17724098,COALINDIA.NS,Coal India,Energy
2022-02-11,119.31131744384766,121.31775620031624,118.37975542110743,120.35036276627609,10097767,COALINDIA.NS,Coal India,Energy
2022-02-14,115.83585357666016,119.13214589696668,115.47756140854897,119.02466262021701,9478670,COALINDIA.NS,Coal India,Energy
2022-02-15,117.26899719238281,118.12890695948117,114.54598604392768,116.62407580126595,16850616,COALINDIA.NS,Coal India,Energy
2022-02-16,117.4123306274414,118.9529823504662,116.65991499802163,118.41554417719603,10653203,COALINDIA.NS,Coal India,Energy
2022-02-17,116.83908081054688,118.59471028655733,116.58827191359846,118.02144061796773,6906440,COALINDIA.NS,Coal India,Energy
2022-02-18,119.88456726074219,120.56532022524635,116.51662290934546,116.80325228359676,23740696,COALINDIA.NS,Coal India,Energy
2022-02-21,119.07205963134766,120.7709808826869,118.07487480871602,120.51244522252476,14870901,COALINDIA.NS,Coal India,Energy
2022-02-22,118.11177062988281,118.66576582283922,114.86167000629628,117.81631103539715,11654816,COALINDIA.NS,Coal India,Energy
2022-02-23,117.0776596069336,119.88457105046047,116.85605925882797,118.44418569436672,7627472,COALINDIA.NS,Coal India,Energy
2022-02-24,110.79902648925781,115.82191794431614,110.06036631266277,113.75366719563803,12115340,COALINDIA.NS,Coal India,Energy
2022-02-25,120.73401641845703,121.80507153393201,112.46102381715443,112.46102381715443,17079977,COALINDIA.NS,Coal India,Energy
2022-02-28,125.23987579345703,125.53533545144684,118.59193204911496,119.99538233116178,20872239,COALINDIA.NS,Coal India,Energy
2022-03-02,136.5044403076172,137.1322948671948,126.31092482214387,126.31092482214387,72648396,COALINDIA.NS,Coal India,Energy
2022-03-03,139.5698699951172,146.07008328819762,138.01869003257022,140.05000598221645,74050073,COALINDIA.NS,Coal India,Energy
2022-03-04,133.69752502441406,141.08412861692312,133.3281948447886,139.56987262624625,36095156,COALINDIA.NS,Coal India,Energy
2022-03-07,139.38519287109375,141.82277405436542,134.21457090036168,137.35387709687757,41642776,COALINDIA.NS,Coal India,Energy
2022-03-08,139.7176055908203,141.6011918035477,137.83403064915578,139.60681104286223,22940456,COALINDIA.NS,Coal India,Energy
2022-03-09,137.8709259033203,140.78864279654906,137.09534168720685,140.3454421550038,13870658,COALINDIA.NS,Coal India,Energy
2022-03-10,132.1832275390625,135.91346343650446,130.77977780547874,135.91346343650446,30890343,COALINDIA.NS,Coal India,Energy
2022-03-11,134.25152587890625,134.80552117139143,132.4048749039557,133.6975305864211,14663558,COALINDIA.NS,Coal India,Energy
2022-03-14,133.21737670898438,134.54695610334193,131.3707261378649,133.6975013490512,8306420,COALINDIA.NS,Coal India,Energy
2022-03-15,127.71436309814453,132.9588558078801,126.68024317250799,132.88498526845098,14074860,COALINDIA.NS,Coal India,Energy
2022-03-16,130.6689910888672,131.33379206313484,127.714350148284,127.78822068022286,11846738,COALINDIA.NS,Coal India,Energy
2022-03-17,130.4104766845703,132.95885243536924,129.63488112448502,132.22019214406163,20052773,COALINDIA.NS,Coal India,Energy
2022-03-21,134.6577911376953,137.64936796666439,131.11221901710465,131.37075466161994,20271556,COALINDIA.NS,Coal India,Energy
2022-03-22,135.43336486816406,137.24308027351748,133.32817859248973,135.65495393207823,12372751,COALINDIA.NS,Coal India,Energy
2022-03-23,135.21176147460938,136.09815152339897,132.4417855277288,134.8793666151959,13731315,COALINDIA.NS,Coal India,Energy
2022-03-24,138.4249725341797,139.2375035887468,135.3964712612012,135.69193095137214,16323203,COALINDIA.NS,Coal India,Energy
2022-03-25,137.46470642089844,139.5329465462021,136.35671580903005,138.42495593433372,10044811,COALINDIA.NS,Coal India,Energy
2022-03-28,141.26876831054688,143.07848361116268,137.0214720083997,137.46467265270016,19132062,COALINDIA.NS,Coal India,Energy
2022-03-29,137.39083862304688,141.9705309896024,137.0215084116946,141.8228011592742,10622472,COALINDIA.NS,Coal India,Energy
2022-03-30,135.10098266601562,138.831219940627,134.43619281436986,138.831219940627,10298319,COALINDIA.NS,Coal India,Energy
2022-03-31,135.21176147460938,136.57827617910053,134.1776303584707,136.02428098972442,9435203,COALINDIA.NS,Coal India,Energy
2022-04-01,137.50161743164062,138.3141483119918,135.39644223065088,135.76577239970828,13505929,COALINDIA.NS,Coal India,Energy
2022-04-04,138.68345642089844,139.60678169667008,136.35668123437813,137.02147092450952,9490374,COALINDIA.NS,Coal India,Energy
2022-04-05,138.79429626464844,139.56989200375605,138.018711796605,138.86816681925458,7637664,COALINDIA.NS,Coal India,Energy
2022-04-06,143.18931579589844,145.51609142962215,139.08974852932852,139.38520816593822,46157039,COALINDIA.NS,Coal India,Energy
2022-04-07,140.8994598388672,145.55302223454683,140.27159404151416,144.03876628350775,21712301,COALINDIA.NS,Coal India,Energy
2022-04-08,143.7063751220703,146.84568164835352,142.08132458620682,143.8171696675141,20151959,COALINDIA.NS,Coal India,Energy
2022-04-11,145.07286071777344,146.25472156205254,142.81995609439815,143.66941082736977,12393619,COALINDIA.NS,Coal India,Energy
2022-04-12,137.39083862304688,144.59277774441628,136.13511815866187,144.59277774441628,18907630,COALINDIA.NS,Coal India,Energy
2022-04-13,137.83399963378906,141.30570036504974,137.1691986824453,138.86811941891,14216953,COALINDIA.NS,Coal India,Energy
2022-04-18,139.939208984375,141.01026429836483,136.35671284647367,137.8340336302012,13052104,COALINDIA.NS,Coal India,Energy
2022-04-19,146.07009887695312,150.132731209814,140.82560535701634,141.41653595055428,59341710,COALINDIA.NS,Coal India,Energy
2022-04-20,147.0672607421875,151.8316171153373,145.58994023757913,147.69511519400947,38356653,COALINDIA.NS,Coal India,Energy
2022-04-21,152.8288116455078,153.5674719459135,148.47072038153905,148.61845018740786,43683145,COALINDIA.NS,Coal India,Energy
2022-04-22,149.32017517089844,154.3800027354862,148.6553854091703,152.20095710419764,24007670,COALINDIA.NS,Coal India,Energy
2022-04-25,139.20053100585938,149.3571101107996,137.94481075255183,147.47352409530743,26465084,COALINDIA.NS,Coal India,Energy
2022-04-26,141.37957763671875,142.0443786727656,139.20053199475467,141.97050813396203,20819291,COALINDIA.NS,Coal India,Energy
2022-04-27,138.49880981445312,141.6750514404103,137.83402003576853,140.93639112139988,12214126,COALINDIA.NS,Coal India,Energy
2022-04-28,140.53012084960938,142.19210651011724,138.2402694311517,139.60679548266057,12706800,COALINDIA.NS,Coal India,Energy
2022-04-29,135.0640411376953,142.56143871725035,134.36230483182314,142.1921085651331,21654415,COALINDIA.NS,Coal India,Energy
2022-05-02,138.6095733642578,139.5328985565885,132.1093730270974,134.9532078568402,21289439,COALINDIA.NS,Coal India,Energy
2022-05-04,138.38804626464844,140.86255212481916,137.76018034446503,139.42216643441165,18239949,COALINDIA.NS,Coal India,Energy
2022-05-05,137.280029296875,141.78585062791282,136.43056313952832,139.97613504122296,12651103,COALINDIA.NS,Coal India,Energy
2022-05-06,138.4249725341797,139.56989855795527,135.2118061370782,136.2828616027787,14257553,COALINDIA.NS,Coal India,Energy
2022-05-09,135.21176147460938,137.3538716984393,134.10377109585716,137.3538716984393,10549451,COALINDIA.NS,Coal India,Energy
2022-05-10,125.60918426513672,135.80269849671308,124.68585890486824,134.4361724550911,19965511,COALINDIA.NS,Coal India,Energy
2022-05-11,125.46145629882812,128.3052916874602,122.06361441486116,126.82797108939832,20641617,COALINDIA.NS,Coal India,Energy
2022-05-12,123.3932113647461,125.71998691437676,121.62041979597117,123.98414188767107,10406343,COALINDIA.NS,Coal India,Energy
2022-05-13,124.61199188232422,128.26835815790352,124.09493192020241,125.57225253830005,11590435,COALINDIA.NS,Coal India,Energy
2022-05-16,126.8279800415039,127.6405109362148,123.98414445214077,125.2029295231446,7437937,COALINDIA.NS,Coal India,Energy
2022-05-17,136.31976318359375,136.65215807063424,127.89902884254994,128.08369392102378,28092052,COALINDIA.NS,Coal India,Energy
2022-05-18,137.0583953857422,138.49878044819147,134.28841977677837,137.6493257698664,15425248,COALINDIA.NS,Coal India,Energy
2022-05-19,133.84524536132812,135.54416632147726,133.4759152078636,133.7713860932723,9396007,COALINDIA.NS,Coal India,Energy
2022-05-20,137.3538818359375,138.01868287489154,135.58110160751707,136.28282664497257,6365038,COALINDIA.NS,Coal India,Energy
2022-05-23,136.13511657714844,137.94483233753797,134.73165502767597,137.35390175202662,7794071,COALINDIA.NS,Coal India,Energy
2022-05-24,134.69471740722656,137.9448183923839,133.84525125422107,135.50723701798475,8572565,COALINDIA.NS,Coal India,Energy
2022-05-25,133.47592163085938,137.05842880028376,132.99579691667614,136.06123282951876,7926434,COALINDIA.NS,Coal India,Energy
2022-05-26,135.3594970703125,137.3908128517224,131.29686550749275,135.87655701500455,23140556,COALINDIA.NS,Coal India,Energy
2022-05-27,134.3253936767578,139.3482752089571,133.32819766227138,136.28283916171227,16408080,COALINDIA.NS,Coal India,Energy
2022-05-30,138.27720642089844,138.79426637861224,134.84244052152792,135.91349570630547,10577525,COALINDIA.NS,Coal India,Energy
2022-05-31,142.487548828125,144.22340481576575,136.79986751213784,137.39079792948746,21380248,COALINDIA.NS,Coal India,Energy
2022-06-01,144.8143768310547,145.73770235118246,142.70919013673796,143.66945093188355,30867456,COALINDIA.NS,Coal India,Energy
2022-06-02,146.4024658203125,147.1411261032314,143.5216952253534,145.14674559356266,17646759,COALINDIA.NS,Coal India,Energy
2022-06-03,145.51608276367188,148.47072403806115,144.92515225458163,147.73206371946384,25335178,COALINDIA.NS,Coal India,Energy
2022-06-06,143.927978515625,145.36836399204645,142.7091821347585,145.14676362542866,22020642,COALINDIA.NS,Coal India,Energy
2022-06-07,145.92236328125,147.6951437207614,143.00465697531686,143.041580978215,12961285,COALINDIA.NS,Coal India,Energy
2022-06-08,145.99620056152344,149.1724420355727,145.14674574371256,146.25473616923708,13059792,COALINDIA.NS,Coal India,Energy
2022-06-09,146.80874633789062,148.02753142170468,145.14676053029186,145.4791554375991,10562238,COALINDIA.NS,Coal India,Energy
2022-06-10,146.62408447265625,147.2150150270105,144.96209862850776,145.77462954962772,6741014,COALINDIA.NS,Coal India,Energy
2022-06-13,141.1210479736328,145.811533963251,140.0130575597143,145.25753875629178,8516696,COALINDIA.NS,Coal India,Energy
2022-06-14,141.9705047607422,143.66942567330202,139.68066463604112,139.68066463604112,6727598,COALINDIA.NS,Coal India,Energy
2022-06-15,140.38238525390625,143.18929650784926,139.71758425449121,141.93356504375237,5805589,COALINDIA.NS,Coal India,Energy
2022-06-16,132.88497924804688,142.41370357854626,132.29406004363315,141.49037823282316,14490962,COALINDIA.NS,Coal India,Energy
2022-06-17,134.9163055419922,136.5413672941878,132.51565945568584,132.9588601646596,15215695,COALINDIA.NS,Coal India,Energy
2022-06-20,130.632080078125,134.3623056195282,129.080888921714,134.3623056195282,23276003,COALINDIA.NS,Coal India,Energy
2022-06-21,136.5044403076172,137.1322948671948,131.48154747568194,131.48154747568194,7564329,COALINDIA.NS,Coal India,Energy
2022-06-22,132.47874450683594,136.46750607586497,132.22020886376092,136.46750607586497,6560404,COALINDIA.NS,Coal India,Energy
2022-06-23,130.85366821289062,134.43617519209366,129.15475853225752,133.18045493077545,9304799,COALINDIA.NS,Coal India,Energy
2022-06-24,130.4104766845703,133.25431204346765,129.117821174782,131.96165653367933,8171322,COALINDIA.NS,Coal India,Energy
2022-06-27,134.47311401367188,135.027109255746,131.07527202052574,132.9588580977902,7063839,COALINDIA.NS,Coal India,Energy
2022-06-28,137.686279296875,138.09254472755154,133.51285299253186,133.8083126124446,9844211,COALINDIA.NS,Coal India,Energy
2022-06-29,139.42213439941406,140.5301248714624,135.654962286025,137.39081853399213,16856241,COALINDIA.NS,Coal India,Energy
2022-06-30,137.09535217285156,139.60679261086585,134.84243606962795,138.94200286876247,8693744,COALINDIA.NS,Coal India,Energy
2022-07-01,135.3594970703125,137.50160738592015,130.44741068914595,136.65215256757332,17248729,COALINDIA.NS,Coal India,Energy
2022-07-04,134.47311401367188,137.16921968334114,132.29406831572607,135.35950414677808,8780396,COALINDIA.NS,Coal India,Energy
2022-07-05,134.7686004638672,136.79991675586345,134.25154038920826,135.1748659764793,5313753,COALINDIA.NS,Coal India,Energy
2022-07-06,134.2145538330078,135.06401981138572,131.4815133930937,134.80548423730113,9367397,COALINDIA.NS,Coal India,Energy
2022-07-07,137.39083862304688,137.83403938509505,134.02993144552846,135.87658250228984,6322630,COALINDIA.NS,Coal India,Energy
2022-07-08,140.19773864746094,141.7489186415453,138.16642265651555,138.16642265651555,14647592,COALINDIA.NS,Coal India,Energy
2022-07-11,142.81997680664062,143.52170185360902,138.72040979289838,139.56986464906086,9048841,COALINDIA.NS,Coal India,Energy
2022-07-12,143.22621154785156,144.26034261414324,141.8966321742858,142.4136920719014,6942704,COALINDIA.NS,Coal India,Energy
2022-07-13,142.89381408691406,144.88819438178984,142.56141924961148,143.22620892421665,7842930,COALINDIA.NS,Coal India,Energy
2022-07-14,141.82276916503906,144.37114479426114,140.56704898393582,143.30008967717487,6795141,COALINDIA.NS,Coal India,Energy
2022-07-15,142.8568878173828,143.22621794232026,139.90224681788317,142.5614282258572,5610793,COALINDIA.NS,Coal India,Energy
2022-07-18,144.48193359375,145.44218279679447,143.1892782977412,143.66940289926345,7600779,COALINDIA.NS,Coal India,Energy
2022-07-19,146.4394073486328,147.43660328162582,143.30010101202907,144.00182605658694,9913955,COALINDIA.NS,Coal India,Energy
2022-07-20,146.14393615722656,148.02751079316747,145.81153002517956,147.43659160521952,5519522,COALINDIA.NS,Coal India,Energy
2022-07-21,146.69793701171875,147.3257914909137,144.999016103138,146.14394179833772,6167419,COALINDIA.NS,Coal India,Energy
2022-07-22,145.58993530273438,147.62125092771842,145.36833498034218,146.69792564363476,4844223,COALINDIA.NS,Coal India,Energy
2022-07-25,148.3968505859375,148.9877810834325,143.7432996869358,145.88541006041083,10207034,COALINDIA.NS,Coal India,Energy
2022-07-26,149.4309844970703,150.16964481463265,147.39966862377392,148.80311871871754,12853314,COALINDIA.NS,Coal India,Energy
2022-07-27,150.2804412841797,151.20376669299262,149.06165625297146,149.5048456865644,7343180,COALINDIA.NS,Coal India,Energy
2022-07-28,149.8372344970703,151.42534950787493,148.72924413481758,150.6866892663731,5096403,COALINDIA.NS,Coal India,Energy
2022-07-29,156.04200744628906,156.9283976604104,150.13272432406274,150.39125996908538,12477455,COALINDIA.NS,Coal India,Energy
2022-08-01,157.1499786376953,157.8517036676466,154.97093300950482,156.9653135629154,7849924,COALINDIA.NS,Coal India,Energy
2022-08-02,158.99661254882812,160.4739329906291,156.3374312451622,157.33462705180204,12615631,COALINDIA.NS,Coal India,Energy
2022-08-03,156.6698760986328,158.77505148607543,154.2322945127479,158.77505148607543,9949919,COALINDIA.NS,Coal India,Energy
2022-08-04,153.01345825195312,157.66701983703837,152.27479804070342,156.70675930820167,8058280,COALINDIA.NS,Coal India,Energy
2022-08-05,153.9737548828125,155.30334582902148,151.97937409903054,153.2720297718048,31999040,COALINDIA.NS,Coal India,Energy
2022-08-08,159.10743713378906,159.66143240413103,152.93962988661934,154.74934551552394,16358151,COALINDIA.NS,Coal India,Energy
2022-08-10,162.3944549560547,162.83764432836753,159.144343203791,159.43981405639346,14267910,COALINDIA.NS,Coal India,Energy
2022-08-11,163.70501708984375,169.84582497213165,163.25568494580196,169.24671925573966,28800337,COALINDIA.NS,Coal India,Energy
2022-08-12,165.98907470703125,166.43840681027345,163.06845031692708,164.00454934285662,8861089,COALINDIA.NS,Coal India,Energy
2022-08-16,166.92518615722656,168.0485050719508,165.09043421524183,168.0485050719508,7844356,COALINDIA.NS,Coal India,Energy
2022-08-17,165.83929443359375,167.37449905935713,164.86574920064697,167.37449905935713,6119157,COALINDIA.NS,Coal India,Energy
2022-08-18,166.06399536132812,166.73798220349727,165.20278868222402,165.83932927160777,4233196,COALINDIA.NS,Coal India,Energy
2022-08-19,162.61912536621094,165.98908200777913,161.5332527337704,165.98908200777913,8783707,COALINDIA.NS,Coal India,Energy
2022-08-22,163.48031616210938,165.46484128335828,160.29757986354764,161.45834479900907,10390480,COALINDIA.NS,Coal India,Energy
2022-08-23,166.8877410888672,167.52428157860243,162.20724589821003,162.50679301961603,9344364,COALINDIA.NS,Coal India,Energy
2022-08-24,167.48683166503906,169.24670238899495,166.25118553255257,166.8128449431355,10825973,COALINDIA.NS,Coal India,Energy
2022-08-25,168.4229278564453,170.1079060599193,167.5242750999905,167.5242750999905,13077805,COALINDIA.NS,Coal India,Energy
2022-08-26,172.2047882080078,173.73999301791778,169.6211569765447,170.5198098274461,12673156,COALINDIA.NS,Coal India,Energy
2022-08-29,172.69155883789062,173.44043808449555,165.80186062753302,165.80186062753302,8757016,COALINDIA.NS,Coal India,Energy
2022-08-30,175.8368377685547,176.36105092113888,172.87876722533903,173.5902001772026,12991363,COALINDIA.NS,Coal India,Energy
2022-09-01,172.46688842773438,177.3346034078698,171.90522900694953,175.49985158537064,9682321,COALINDIA.NS,Coal India,Energy
2022-09-02,171.718017578125,174.076982689719,170.89424581665276,172.99111004195336,4599518,COALINDIA.NS,Coal India,Energy
2022-09-05,173.4404296875,174.00208909526134,171.1188995646238,172.2422183801465,4909470,COALINDIA.NS,Coal India,Energy
2022-09-06,174.26422119140625,175.72453362788053,172.9911285910695,174.26422119140625,5307321,COALINDIA.NS,Coal India,Energy
2022-09-07,178.86981201171875,179.20680538614238,174.00209692540517,174.45141761563988,12751679,COALINDIA.NS,Coal India,Energy
2022-09-08,177.07249450683594,180.10545772269944,176.0240681387058,180.10545772269944,7677716,COALINDIA.NS,Coal India,Energy
2022-09-09,177.93373107910156,178.2332782364334,174.7509939677367,177.8588385762728,8436280,COALINDIA.NS,Coal India,Energy
2022-09-12,173.36553955078125,179.01957995111835,170.74446227895518,178.60769409443338,19053188,COALINDIA.NS,Coal India,Energy
2022-09-13,173.21578979492188,176.21130708864473,172.72901137849692,174.2642162769282,9884429,COALINDIA.NS,Coal India,Energy
2022-09-14,173.70254516601562,175.08797639249258,171.90523948079388,172.3545601886039,7705022,COALINDIA.NS,Coal India,Energy
2022-09-15,175.4249725341797,175.94918574835,173.92721396398392,174.56376592711354,5386854,COALINDIA.NS,Coal India,Energy
2022-09-16,173.028564453125,175.2377561014848,171.9052455037565,175.12542877734444,8750965,COALINDIA.NS,Coal India,Energy
2022-09-19,172.16732788085938,174.22674573315192,171.26867510343882,172.95365334622363,4011597,COALINDIA.NS,Coal India,Energy
2022-09-20,172.12991333007812,175.08798430810887,171.2686952706065,172.99111996255837,6890375,COALINDIA.NS,Coal India,Energy
2022-09-21,173.40298461914062,174.26419114609374,170.10790921503704,172.12989223830084,5673523,COALINDIA.NS,Coal India,Energy
2022-09-22,170.0330352783203,173.215772077351,168.87227016033455,172.2047805233333,7677219,COALINDIA.NS,Coal India,Energy
2022-09-23,166.8877410888672,169.95813907774414,165.50230994163658,168.49782686365717,5495315,COALINDIA.NS,Coal India,Energy
2022-09-26,161.3834991455078,166.32610740243152,159.13686110635922,165.5023355506136,7832594,COALINDIA.NS,Coal India,Energy
2022-09-27,160.1852569580078,164.5287586209984,159.32405044531555,161.75790785517347,5795048,COALINDIA.NS,Coal India,Energy
2022-09-28,157.86376953125,159.8108489883338,156.44089190765857,158.53775637658822,6134706,COALINDIA.NS,Coal India,Energy
2022-09-29,160.1852569580078,161.12135596179934,157.7513995481499,158.61261748783195,8962595,COALINDIA.NS,Coal India,Energy
2022-09-30,158.94961547851562,161.75791257177562,155.65455145988662,159.51127489716762,12875386,COALINDIA.NS,Coal India,Energy
2022-10-03,160.97158813476562,163.255672070694,158.98706274690417,159.5112759222836,11397506,COALINDIA.NS,Coal India,Energy
2022-10-04,167.1873016357422,167.7489611037234,163.33057785973426,163.48035143246437,10862095,COALINDIA.NS,Coal India,Energy
2022-10-06,174.86331176757812,175.3126439060856,168.23572557304269,168.49783789167057,12795784,COALINDIA.NS,Coal India,Energy
2022-10-07,172.01756286621094,174.90075257341854,170.59469685020676,174.48886669710453,14641624,COALINDIA.NS,Coal India,Energy
2022-10-10,172.12991333007812,173.7399992697556,169.69605558168715,169.9956027337695,10850668,COALINDIA.NS,Coal India,Energy
2022-10-11,168.83480834960938,172.9536438275093,167.74893582719727,172.9536438275093,19154740,COALINDIA.NS,Coal India,Energy
2022-10-12,173.81488037109375,174.48886713256923,168.90971894527362,168.90971894527362,9256951,COALINDIA.NS,Coal India,Energy
2022-10-13,175.64962768554688,176.43595317141458,173.06599659797322,173.8897569041758,7231841,COALINDIA.NS,Coal India,Energy
2022-10-14,176.99758911132812,178.94466801695157,176.24870997216786,178.94466801695157,6241886,COALINDIA.NS,Coal India,Energy
2022-10-17,178.23326110839844,178.64514698039156,174.41397237099372,176.99761491940953,5623812,COALINDIA.NS,Coal India,Energy
2022-10-18,181.0041046142578,181.34109797679048,177.37204726497671,178.60769340325987,6674374,COALINDIA.NS,Coal India,Energy
2022-10-19,178.38304138183594,181.97766419453353,177.48438853540927,181.22878491801282,13886387,COALINDIA.NS,Coal India,Energy
2022-10-20,180.47987365722656,181.60319237293544,174.93817256385833,177.4843570820029,10755972,COALINDIA.NS,Coal India,Energy
2022-10-21,178.7574920654297,180.74202912702765,178.2707250764105,180.47991679325324,3285505,COALINDIA.NS,Coal India,Energy
2022-10-24,180.10546875,181.00412161013193,179.7310291060291,180.40501589438028,730136,COALINDIA.NS,Coal India,Energy
2022-10-25,179.69357299804688,180.44245224490433,178.19581450433196,180.10545886921656,6976548,COALINDIA.NS,Coal India,Energy
2022-10-27,180.40501403808594,180.929238675844,178.9821479764337,180.44246028749595,6422639,COALINDIA.NS,Coal India,Energy
2022-10-28,183.0260772705078,185.57227348128626,180.14289912224595,181.228771708656,14076967,COALINDIA.NS,Coal India,Energy
2022-10-31,184.18685913085938,185.34762431601445,182.3895534052581,184.22430538076588,8365329,COALINDIA.NS,Coal India,Energy
2022-11-01,183.96218872070312,184.97318030938476,182.16488303748116,184.97318030938476,8813106,COALINDIA.NS,Coal India,Energy
2022-11-02,184.07452392578125,186.92026739195015,181.34110777753074,183.96218518087224,14974441,COALINDIA.NS,Coal India,Energy
2022-11-03,184.3740692138672,185.4225070209103,180.47989939611264,182.72653714793148,6754654,COALINDIA.NS,Coal India,Energy
2022-11-04,184.26174926757812,186.24627479026995,183.84986337787106,184.7485162291468,5511411,COALINDIA.NS,Coal India,Energy
2022-11-07,186.88282775878906,188.2308127564778,184.78596347649446,185.1978493684259,10513106,COALINDIA.NS,Coal India,Energy
2022-11-09,191.5633087158203,197.2547839896935,190.6272096812698,191.33864266213016,40391668,COALINDIA.NS,Coal India,Energy
2022-11-10,189.915771484375,195.0830334423791,188.7924526737663,193.1734006059362,20832572,COALINDIA.NS,Coal India,Energy
2022-11-11,189.65365600585938,193.8848188839603,189.01710411974278,193.80992639371493,20165337,COALINDIA.NS,Coal India,Energy
2022-11-14,185.12295532226562,191.9003150767146,184.41152229323308,190.62722258892094,18762693,COALINDIA.NS,Coal India,Energy
2022-11-15,185.0830841064453,190.42471217205326,183.84734631367192,186.87691115873113,20225373,COALINDIA.NS,Coal India,Energy
2022-11-16,187.2755126953125,187.75387137379641,183.6878591021826,186.03977507870098,9764275,COALINDIA.NS,Coal India,Energy
2022-11-17,185.28240966796875,187.15596734881683,184.16625541033733,187.15596734881683,5737884,COALINDIA.NS,Coal India,Energy
2022-11-18,183.01025390625,186.1992802878351,181.93395263639692,185.32229316683112,6413585,COALINDIA.NS,Coal India,Energy
2022-11-21,182.9304962158203,183.6878874359416,180.73804090405588,182.57173323420162,6430876,COALINDIA.NS,Coal India,Energy
2022-11-22,182.6514434814453,183.92704640401513,181.4954119859232,182.21295003471283,5885877,COALINDIA.NS,Coal India,Energy
2022-11-23,183.8473358154297,184.2459640265081,182.57172067391173,183.36897709606856,5693274,COALINDIA.NS,Coal India,Energy
2022-11-24,182.173095703125,184.8040443760724,181.25625566740396,183.96692268488445,8198891,COALINDIA.NS,Coal India,Energy
2022-11-25,184.4851531982422,186.27898036178885,181.61503703566896,183.08995429326146,10046363,COALINDIA.NS,Coal India,Energy
2022-11-28,183.24940490722656,185.5614438093531,182.09337329099498,183.8074820044466,8146840,COALINDIA.NS,Coal India,Energy
2022-11-29,181.13668823242188,184.40544499870265,180.45902745465028,183.52845791550448,6628470,COALINDIA.NS,Coal India,Energy
2022-11-30,181.17652893066406,182.45214412143562,180.61845184663952,181.13666367498342,12154948,COALINDIA.NS,Coal India,Energy
2022-12-01,180.2597198486328,183.68791345318414,179.30300220858393,182.0934002733295,22435771,COALINDIA.NS,Coal India,Energy
2022-12-02,180.65830993652344,181.77446406030035,179.62187415577768,180.25968172586488,6325649,COALINDIA.NS,Coal India,Energy
2022-12-05,184.36557006835938,184.80406358696118,180.57860160209037,180.65833212007945,8732711,COALINDIA.NS,Coal India,Energy
2022-12-06,184.6844482421875,185.3621210777863,182.97035177355679,184.9634928604147,7394839,COALINDIA.NS,Coal India,Energy
2022-12-07,183.169677734375,185.08308843550017,182.33255599069452,185.08308843550017,4519547,COALINDIA.NS,Coal India,Energy
2022-12-08,183.6878662109375,184.3655390041547,182.57171213816832,183.08992392227537,3135706,COALINDIA.NS,Coal India,Energy
2022-12-09,182.4521484375,185.24254608880005,181.61502670907632,183.80748200652636,4197165,COALINDIA.NS,Coal India,Energy
2022-12-12,185.28240966796875,186.3188455730088,181.85421637731412,182.05353050654608,7881379,COALINDIA.NS,Coal India,Energy
2022-12-13,184.60472106933594,186.91675975345382,184.24595812389245,186.0796381039742,4878457,COALINDIA.NS,Coal India,Energy
2022-12-14,185.0830841064453,185.92020583054568,184.44528866443386,184.7641863854396,4730078,COALINDIA.NS,Coal India,Energy
2022-12-15,181.9339141845703,185.44184976201208,181.53528597112245,184.88376053105097,5221433,COALINDIA.NS,Coal India,Energy
2022-12-16,179.10365295410156,183.2892492307803,178.02736406777052,181.77446687290654,7757065,COALINDIA.NS,Coal India,Energy
2022-12-19,181.21641540527344,181.6549089387681,178.9840946426211,179.10367825849715,4073907,COALINDIA.NS,Coal India,Energy
2022-12-20,180.2597198486328,180.89751538843856,178.0672642263327,180.89751538843856,3784271,COALINDIA.NS,Coal India,Energy
2022-12-21,178.46585083007812,181.53528068514996,177.03078687041872,180.5785754337661,3675466,COALINDIA.NS,Coal India,Energy
2022-12-22,177.54901123046875,179.98064586679686,174.67889527322205,178.66517757370482,4755089,COALINDIA.NS,Coal India,Energy
2022-12-23,171.45001220703125,177.7084684128167,170.77233931814163,175.39642943631458,6561011,COALINDIA.NS,Coal India,Energy
2022-12-26,175.99435424804688,176.67202706931587,170.81218753179633,171.4499950991376,3116608,COALINDIA.NS,Coal India,Energy
2022-12-27,176.39295959472656,177.7084276476717,175.1173446253763,176.9909018306409,2961726,COALINDIA.NS,Coal India,Energy
2022-12-28,177.94764709472656,178.7847688467753,175.83492225089904,176.3929993638753,3015714,COALINDIA.NS,Coal India,Energy
2022-12-29,176.71189880371094,178.86450109126397,175.7551934343367,176.03423807610653,4784105,COALINDIA.NS,Coal India,Energy
2022-12-30,179.4225616455078,180.5387157792073,177.19024121294117,177.19024121294117,4102247,COALINDIA.NS,Coal India,Energy
2023-01-02,179.18338012695312,181.13665591999765,178.7050214096017,180.77789296456785,4210225,COALINDIA.NS,Coal India,Energy
2023-01-03,178.66517639160156,179.98064467599005,177.78818942523048,179.3827023348738,3643132,COALINDIA.NS,Coal India,Energy
2023-01-04,173.12423706054688,178.98407696304346,172.40671110582693,178.86449335897956,9550461,COALINDIA.NS,Coal India,Energy
2023-01-05,173.92149353027344,174.519435880937,171.56958938403042,172.84520459818,8815728,COALINDIA.NS,Coal India,Energy
2023-01-06,170.81219482421875,175.316688911509,169.01836780739498,174.59916297084672,12237065,COALINDIA.NS,Coal India,Energy
2023-01-09,171.37026977539062,173.56272499089732,170.61287858852188,171.68917965129233,6967190,COALINDIA.NS,Coal India,Energy
2023-01-10,172.80532836914062,173.24382183148452,170.77232207294077,171.41012963951664,5400260,COALINDIA.NS,Coal India,Energy
2023-01-11,170.134521484375,174.20053424354086,169.177816177856,173.24382893702185,7637956,COALINDIA.NS,Coal India,Energy
2023-01-12,170.5331573486328,173.0046573192611,169.6561825138575,171.80877259124776,7161675,COALINDIA.NS,Coal India,Energy
2023-01-13,171.4898681640625,171.96821473748048,170.25411822702196,170.77233005618345,3671193,COALINDIA.NS,Coal India,Energy
2023-01-16,170.41360473632812,172.12770162550243,169.37716868384496,171.80880383943256,3987352,COALINDIA.NS,Coal India,Energy
2023-01-17,169.89535522460938,171.5297212232821,168.30084231650483,170.41356705367616,5871758,COALINDIA.NS,Coal India,Energy
2023-01-18,172.8850555419922,173.28368374276675,169.97506237723758,170.49328633734484,6441530,COALINDIA.NS,Coal India,Energy
2023-01-19,178.54559326171875,179.22326616235003,171.5297335296726,172.8053488137424,12938871,COALINDIA.NS,Coal India,Energy
2023-01-20,180.97723388671875,182.77106109484703,177.58889360469868,179.2631371983528,13444947,COALINDIA.NS,Coal India,Energy
2023-01-23,183.44871520996094,183.68788241438958,181.13666419075017,182.1731000155572,8736715,COALINDIA.NS,Coal India,Energy
2023-01-24,181.45558166503906,184.96350534868813,181.13667177050914,183.52844123622492,4252051,COALINDIA.NS,Coal India,Energy
2023-01-25,180.29954528808594,181.7744746192657,178.38613463184518,181.61502575877367,3855827,COALINDIA.NS,Coal India,Energy
2023-01-27,177.30984497070312,181.49544169571683,174.83835706074885,180.9772298244018,6171667,COALINDIA.NS,Coal India,Energy
2023-01-30,180.06036376953125,180.81775492055044,175.994351241708,177.3098194426799,6172517,COALINDIA.NS,Coal India,Energy
2023-01-31,179.26312255859375,182.05352021002287,178.505719178214,179.38270616330195,7424552,COALINDIA.NS,Coal India,Energy
2023-02-01,175.9146270751953,181.77446672380617,170.73246026070083,181.77446672380617,24008324,COALINDIA.NS,Coal India,Energy
2023-02-02,173.5228729248047,176.7517641933681,173.00466106418224,176.19368707458193,6806578,COALINDIA.NS,Coal India,Energy
2023-02-03,174.51943969726562,175.9545038032733,171.09124654396265,173.80191372684607,8776614,COALINDIA.NS,Coal India,Energy
2023-02-06,175.07749938964844,175.67544165236558,171.9283270738716,174.75858955043273,5742881,COALINDIA.NS,Coal India,Energy
2023-02-07,175.15724182128906,176.31326125520476,173.00465181241702,175.07752347439344,4907167,COALINDIA.NS,Coal India,Energy
2023-02-08,176.01487731933594,177.36255004911482,174.9122269309802,175.40229653980228,6316867,COALINDIA.NS,Coal India,Energy
2023-02-09,175.23892211914062,177.07666422662012,174.13627186945843,176.42324231803016,4383159,COALINDIA.NS,Coal India,Energy
2023-02-10,172.7477569580078,175.11639734008625,172.2985286198933,174.78969261945,4954439,COALINDIA.NS,Coal India,Energy
2023-02-13,174.0137939453125,174.54469233699695,170.82836620623985,172.74779109246268,6142208,COALINDIA.NS,Coal India,Energy
2023-02-14,172.9519500732422,175.03472693508036,172.4210517878458,174.01375910702106,6758731,COALINDIA.NS,Coal India,Energy
2023-02-15,173.89122009277344,174.6263243416785,171.76761467623516,172.3393541167268,9612884,COALINDIA.NS,Coal India,Energy
2023-02-16,175.97401428222656,176.8316297598021,174.0546022222099,174.3813069455785,13093683,COALINDIA.NS,Coal India,Energy
2023-02-17,177.6483917236328,178.26097238474878,174.95303432212543,175.48394503955055,7243093,COALINDIA.NS,Coal India,Energy
2023-02-20,178.30181884765625,178.83271711775643,176.3823944010126,177.93427293274186,8479587,COALINDIA.NS,Coal India,Energy
2023-02-21,174.83055114746094,179.03693404160512,174.2588115982065,178.71022928859898,4655766,COALINDIA.NS,Coal India,Energy
2023-02-22,173.03363037109375,176.30072738097618,172.8294368079761,175.2389183601672,6003852,COALINDIA.NS,Coal India,Energy
2023-02-23,175.52479553222656,176.38241105666805,173.52370095052112,173.9320881085421,6219715,COALINDIA.NS,Coal India,Energy
2023-02-24,177.28085327148438,177.48504683377288,175.36142880077796,176.4232378172754,5154174,COALINDIA.NS,Coal India,Energy
2023-02-27,177.1991729736328,178.05678843806476,175.68814807247762,177.24001417917455,4841279,COALINDIA.NS,Coal India,Energy
2023-02-28,175.93319702148438,177.1991998070734,173.1561691059242,176.91333625096493,6054079,COALINDIA.NS,Coal India,Energy
2023-03-01,178.6693878173828,178.87358140345984,175.19809685407367,175.93318877875592,4510175,COALINDIA.NS,Coal India,Energy
2023-03-02,182.01815795898438,183.32498936276315,177.52589930358457,178.66937833976436,11354939,COALINDIA.NS,Coal India,Energy
2023-03-03,182.099853515625,184.95856397101312,181.65062509432346,182.87578671806122,7089438,COALINDIA.NS,Coal India,Energy
2023-03-06,183.69252014160156,184.1825896669296,181.11968629109373,182.09981287876406,4771341,COALINDIA.NS,Coal India,Energy
2023-03-08,183.65170288085938,183.89672519585466,181.85478948431734,183.65170288085938,4271464,COALINDIA.NS,Coal India,Energy
2023-03-09,183.61087036132812,185.36693017114115,182.67157241178745,183.6517115700885,4263468,COALINDIA.NS,Coal India,Energy
2023-03-10,183.2433319091797,184.01926505544014,180.87467879697857,182.09984033201746,3670173,COALINDIA.NS,Coal India,Energy
2023-03-13,180.34375,184.38677989038135,179.15942987536098,183.12077735866978,3877606,COALINDIA.NS,Coal India,Energy
2023-03-14,180.5479736328125,181.97732875380493,178.75107254473383,180.3437800440993,5723922,COALINDIA.NS,Coal India,Energy
2023-03-15,179.60865783691406,182.30401543325377,179.36363552514476,181.28304759092708,2992144,COALINDIA.NS,Coal India,Energy
2023-03-16,180.38458251953125,181.6914137288806,176.70909871194908,178.50599941417005,4988245,COALINDIA.NS,Coal India,Energy
2023-03-17,181.0380096435547,184.55014145220704,179.77201951164463,181.32388561959084,15720256,COALINDIA.NS,Coal India,Energy
2023-03-20,177.28085327148438,180.9971785977325,176.178203049932,179.6903348138916,4244575,COALINDIA.NS,Coal India,Energy
2023-03-21,177.28085327148438,178.83271935968267,176.3823966122205,178.17929746776224,3998751,COALINDIA.NS,Coal India,Energy
2023-03-22,174.74887084960938,177.15835270550218,174.05462012529455,177.15835270550218,9675449,COALINDIA.NS,Coal India,Energy
2023-03-23,174.25880432128906,175.4022833720471,173.4828587550744,174.09543948862054,4730918,COALINDIA.NS,Coal India,Energy
2023-03-24,170.25660705566406,174.70802467358723,169.889061098769,174.17712634284848,6611089,COALINDIA.NS,Coal India,Energy
2023-03-27,170.2157440185547,171.6859401205892,169.56233460697104,170.29742642649546,4002212,COALINDIA.NS,Coal India,Energy
2023-03-28,170.62413024902344,172.54355465882472,170.2565843411639,171.03251736064195,6157526,COALINDIA.NS,Coal India,Energy
2023-03-29,173.93206787109375,175.52477510946258,170.21574267290944,171.4817452080692,16734166,COALINDIA.NS,Coal India,Energy
2023-03-31,174.5038299560547,175.03474074632913,172.46189413881564,173.31950967465346,5139018,COALINDIA.NS,Coal India,Energy
2023-04-03,179.81283569335938,180.38458760549182,174.6263269853281,174.87136173867265,7754066,COALINDIA.NS,Coal India,Energy
2023-04-05,181.7322998046875,183.16165497169067,179.93539865876684,179.93539865876684,6491910,COALINDIA.NS,Coal India,Energy
2023-04-06,181.07887268066406,182.26319300719703,179.9353935646297,181.69145344917985,4589598,COALINDIA.NS,Coal India,Energy
2023-04-10,181.36474609375,183.3249995397316,180.62964170426628,180.87467650076084,3498235,COALINDIA.NS,Coal India,Energy
2023-04-11,182.6715545654297,183.20246530147253,181.32388204890918,181.93646273150685,3995959,COALINDIA.NS,Coal India,Energy
2023-04-12,185.97950744628906,186.22454223129603,182.6715690061621,182.95744499916802,5136012,COALINDIA.NS,Coal India,Energy
2023-04-13,184.18258666992188,187.57219469883046,183.32497124604578,186.1428398133654,3478451,COALINDIA.NS,Coal India,Energy
2023-04-17,187.53140258789062,187.81726614302877,184.10094022232897,184.18262264550444,6265943,COALINDIA.NS,Coal India,Energy
2023-04-18,189.65496826171875,189.818320610426,187.2454868450771,187.5313628025538,8004952,COALINDIA.NS,Coal India,Energy
2023-04-19,188.18478393554688,191.61524578730345,187.04130496028543,190.79847152983496,7424582,COALINDIA.NS,Coal India,Energy
2023-04-20,187.4905548095703,189.0832623018044,187.12300884412974,187.7764183546963,2589165,COALINDIA.NS,Coal India,Energy
2023-04-21,187.89894104003906,188.225645793679,185.775322752417,187.8580998300872,2459508,COALINDIA.NS,Coal India,Energy
2023-04-24,189.12405395507812,189.49159982420926,187.4905056807315,187.4905056807315,2587030,COALINDIA.NS,Coal India,Energy
2023-04-25,188.06231689453125,189.73670700768838,187.77644085216696,188.79740891348365,2570946,COALINDIA.NS,Coal India,Energy
2023-04-26,187.65390014648438,188.38899204978503,186.22454508552093,187.858093726622,3439487,COALINDIA.NS,Coal India,Energy
2023-04-27,189.2874298095703,189.9000104885657,187.1638118038587,187.6538813322493,3349374,COALINDIA.NS,Coal India,Energy
2023-04-28,190.39010620117188,191.73777889511183,189.16494467468553,189.90003660538233,4771074,COALINDIA.NS,Coal India,Energy
2023-05-02,192.8404083251953,193.94304610157133,190.39008553815592,190.47175548659885,3773537,COALINDIA.NS,Coal India,Energy
2023-05-03,193.4938201904297,195.16820994182825,191.61524933387093,192.79956953652336,4523385,COALINDIA.NS,Coal India,Energy
2023-05-04,193.9430389404297,194.3922672607302,191.24768148161232,193.45298187890836,7248108,COALINDIA.NS,Coal India,Energy
2023-05-05,193.90220642089844,194.39227596735518,192.75872742981437,194.26976481223414,3043479,COALINDIA.NS,Coal India,Energy
2023-05-08,190.18589782714844,190.63511371487846,187.85808612260843,189.90002184133243,9711437,COALINDIA.NS,Coal India,Energy
2023-05-09,193.0446014404297,195.04569588591295,190.7167898129783,191.7785988441489,7318928,COALINDIA.NS,Coal India,Energy
2023-05-10,193.2079315185547,193.7796709423313,191.57438318605872,193.53463619986,3650159,COALINDIA.NS,Coal India,Energy
2023-05-11,192.88124084472656,194.51478940140598,192.513694912071,193.2079580338543,2675726,COALINDIA.NS,Coal India,Energy
2023-05-12,191.98280334472656,193.77970432745224,191.32938140655716,192.88124760459598,2348435,COALINDIA.NS,Coal India,Energy
2023-05-15,194.14724731445312,195.6991259518303,191.00267375834886,191.61525447923773,4217892,COALINDIA.NS,Coal India,Energy
2023-05-16,196.80174255371094,197.41432320855523,193.94303283110426,195.0048417920981,6016484,COALINDIA.NS,Coal India,Energy
2023-05-17,197.33265686035156,199.04787524736915,196.63839378702042,196.80174613869082,4968232,COALINDIA.NS,Coal India,Energy
2023-05-18,195.69911193847656,198.39445694699373,195.16820120726425,197.6593651197592,3512113,COALINDIA.NS,Coal India,Energy
2023-05-19,195.9441375732422,197.3326637685136,193.00375775128234,196.0258199834297,3810543,COALINDIA.NS,Coal India,Energy
2023-05-22,194.96405029296875,197.00598632968394,193.94308227461116,195.5357898906513,2891415,COALINDIA.NS,Coal India,Energy
2023-05-23,195.45407104492188,196.18916284910128,193.4121355188842,195.16819508608245,3213453,COALINDIA.NS,Coal India,Energy
2023-05-24,196.84259033203125,197.2509774489027,194.39226763080265,194.63730239352267,2422138,COALINDIA.NS,Coal India,Energy
2023-05-25,196.066650390625,197.82270994607143,194.31057837219328,197.04677694396685,3810138,COALINDIA.NS,Coal India,Energy
2023-05-26,197.25099182128906,198.0269249072848,195.29073850266968,195.86247801535146,2646742,COALINDIA.NS,Coal India,Energy
2023-05-29,201.00814819335938,202.27413831225402,196.67924216966395,197.2918228580269,8069985,COALINDIA.NS,Coal India,Energy
2023-05-30,199.53797912597656,201.86577857984636,198.72120476398976,201.13068663925333,4657906,COALINDIA.NS,Coal India,Energy
2023-05-31,197.0467987060547,202.4783427836383,195.4540913231005,202.4783427836383,15727646,COALINDIA.NS,Coal India,Energy
2023-06-01,188.14398193359375,189.40997224221374,187.16384271493743,188.1848106818812,35509867,COALINDIA.NS,Coal India,Energy
2023-06-02,188.5931854248047,190.63512122396014,186.3062273001402,186.63293204281024,36400588,COALINDIA.NS,Coal India,Energy
2023-06-05,187.61305236816406,188.83821380608805,187.40885879517674,188.26647429432086,19807347,COALINDIA.NS,Coal India,Energy
2023-06-06,186.06117248535156,188.38897156804893,185.20355704941645,187.69472094885248,13495524,COALINDIA.NS,Coal India,Energy
2023-06-07,188.42982482910156,189.0832467489089,186.30621916846079,186.83711746787435,21853324,COALINDIA.NS,Coal India,Energy
2023-06-08,186.3062286376953,189.0015739415417,185.93867022081886,189.0015739415417,8538256,COALINDIA.NS,Coal India,Energy
2023-06-09,185.93865966796875,187.40885586307294,185.69363735460675,187.00046872348767,5137982,COALINDIA.NS,Coal India,Energy
2023-06-12,187.04129028320312,187.24548383154723,185.12186594357445,186.4287096381708,4261576,COALINDIA.NS,Coal India,Energy
2023-06-13,187.00047302246094,188.10312330988464,186.22453993200827,187.85808852790308,5574798,COALINDIA.NS,Coal India,Energy
2023-06-14,187.00047302246094,187.77640611291363,185.85699399052928,187.77640611291363,7034468,COALINDIA.NS,Coal India,Energy
2023-06-15,186.714599609375,187.57220260642003,186.14284766069687,187.20465668440272,6363240,COALINDIA.NS,Coal India,Energy
2023-06-16,186.6737518310547,187.61303720569077,186.22452351419085,186.63291062716058,8518319,COALINDIA.NS,Coal India,Energy
2023-06-19,185.5302734375,186.87795848252696,185.0810575521442,186.63292370497786,8210198,COALINDIA.NS,Coal India,Energy
2023-06-20,185.61195373535156,186.02034087228304,184.18259875609144,186.02034087228304,5024593,COALINDIA.NS,Coal India,Energy
2023-06-21,186.5920867919922,186.8779627828757,184.95853818805617,186.0611884809077,4705567,COALINDIA.NS,Coal India,Energy
2023-06-22,185.3668975830078,187.5313566369184,185.08103409791502,186.55121765092912,6566989,COALINDIA.NS,Coal India,Energy
2023-06-23,184.50930786132812,185.85699292299245,183.61086361653855,185.48944698362462,3881707,COALINDIA.NS,Coal India,Energy
2023-06-26,183.20245361328125,184.95851313949814,182.34483821976264,184.5909672459859,6145625,COALINDIA.NS,Coal India,Energy
2023-06-27,183.896728515625,185.2444135873604,182.87576064142547,184.87686764524594,6282912,COALINDIA.NS,Coal India,Energy
2023-06-28,185.61195373535156,185.9386584597022,183.07994850118195,183.89672277504488,19512531,COALINDIA.NS,Coal India,Energy
2023-06-30,188.6748504638672,188.96072643461287,185.2035599250298,186.14284532093262,7850296,COALINDIA.NS,Coal India,Energy
2023-07-03,189.2057647705078,190.92099581435565,187.73558097633764,189.08325360865595,7860203,COALINDIA.NS,Coal India,Energy
2023-07-04,189.3282928466797,190.14506717952733,188.10313134740824,189.69583880386367,3662791,COALINDIA.NS,Coal India,Energy
2023-07-05,189.00157165527344,190.18590438334965,187.93977501532333,189.328288859324,4859892,COALINDIA.NS,Coal India,Energy
2023-07-06,191.61524963378906,192.75872863200473,188.6748572626826,189.00156198703382,7254947,COALINDIA.NS,Coal India,Energy
2023-07-07,191.1251983642578,192.63623590062323,189.2466148620971,189.4916496602898,6393850,COALINDIA.NS,Coal India,Energy
2023-07-10,190.92098999023438,192.4320274095763,190.18589811557356,191.9419578511447,6223180,COALINDIA.NS,Coal India,Energy
2023-07-11,191.1251983642578,192.59539469042653,190.7168111882658,190.9618459864585,10775084,COALINDIA.NS,Coal India,Energy
2023-07-12,191.45188903808594,193.82054196241168,190.83930831915478,191.9419585984255,11313272,COALINDIA.NS,Coal India,Energy
2023-07-13,187.77639770507812,192.18698619429858,187.04130585503447,191.94195142328863,20205328,COALINDIA.NS,Coal India,Energy
2023-07-14,188.7156982421875,189.5733137213118,187.6538891948425,187.8580827630632,7390502,COALINDIA.NS,Coal India,Energy
2023-07-17,188.0214385986328,190.0225331115677,187.61305145464667,188.674860521608,4963515,COALINDIA.NS,Coal India,Energy
2023-07-18,186.42869567871094,189.85914454142883,185.85695627875532,187.61301567782988,6168942,COALINDIA.NS,Coal India,Energy
2023-07-19,186.714599609375,187.77639617009478,186.38788242970378,187.20465668440272,5247533,COALINDIA.NS,Coal India,Energy
2023-07-20,187.65390014648438,188.42983325840996,186.0203515053833,186.75544340868396,3195629,COALINDIA.NS,Coal India,Energy
2023-07-21,187.04129028320312,188.26645157326777,186.67374438878076,187.53135978442305,3903407,COALINDIA.NS,Coal India,Energy
2023-07-24,188.63401794433594,189.4916334330743,186.67376465263666,187.04131058695697,3456895,COALINDIA.NS,Coal India,Energy
2023-07-25,187.81724548339844,189.7775112570912,186.91880124223584,189.73667004999595,11024983,COALINDIA.NS,Coal India,Energy
2023-07-26,188.26649475097656,188.83823432486784,186.95965075666396,188.3073359626091,7574284,COALINDIA.NS,Coal India,Energy
2023-07-27,187.08216857910156,189.40996801397668,186.3470641815192,188.67487607938193,7837850,COALINDIA.NS,Coal India,Energy
2023-07-28,185.48944091796875,187.81724009983535,185.28524735133206,187.5313765843357,8817344,COALINDIA.NS,Coal India,Energy
2023-07-31,187.24546813964844,187.81720753450094,185.28521522501586,186.63288754595274,19422170,COALINDIA.NS,Coal India,Energy
2023-08-01,196.31170654296875,197.08763962965114,187.00047211381985,187.8580876150948,22409256,COALINDIA.NS,Coal India,Energy
2023-08-02,191.57443237304688,198.5986845284746,189.73669002714615,196.96513577656285,25003960,COALINDIA.NS,Coal India,Energy
2023-08-03,187.89894104003906,192.02365398542761,187.40887144659166,191.57442560193206,13949266,COALINDIA.NS,Coal India,Energy
2023-08-04,190.92098999023438,193.16711928423715,188.26647355186748,190.14505690853983,6725977,COALINDIA.NS,Coal India,Energy
2023-08-07,190.26754760742188,192.7587114127687,189.73664936202997,191.73774366164173,6744074,COALINDIA.NS,Coal India,Energy
2023-08-08,188.06231689453125,192.26870032196032,187.28638366052837,190.30844662942792,13828141,COALINDIA.NS,Coal India,Energy
2023-08-09,191.73777770996094,192.51371084600865,188.34816915949526,190.51261619104744,35271302,COALINDIA.NS,Coal India,Energy
2023-08-10,191.86026000976562,193.41213851135615,191.49271410198926,191.73774886150204,10749822,COALINDIA.NS,Coal India,Energy
2023-08-11,191.86026000976562,192.43201193629062,190.92097463844985,191.12516819421288,6132454,COALINDIA.NS,Coal India,Energy
2023-08-14,191.04348754882812,192.92207077177264,188.42981250355066,192.75871841825264,6092872,COALINDIA.NS,Coal India,Energy
2023-08-16,190.3492431640625,191.77859811439532,189.57331011219333,191.12517621593167,4576249,COALINDIA.NS,Coal India,Energy
2023-08-17,189.7366485595703,191.04347979769463,188.75652201523076,190.88012745080223,5602132,COALINDIA.NS,Coal India,Energy
2023-08-18,189.03024291992188,190.27687017067717,188.65625728096495,189.90288453172022,6904019,COALINDIA.NS,Coal India,Energy
2023-08-21,191.2326202392578,191.81437707116166,188.6562522505221,189.0302378795069,4955953,COALINDIA.NS,Coal India,Energy
2023-08-22,191.77284240722656,192.85325532325544,190.90020071807442,191.4819576170594,4280368,COALINDIA.NS,Coal India,Energy
2023-08-23,191.89749145507812,192.39614744973355,191.39884814177142,192.18837623218525,2524601,COALINDIA.NS,Coal India,Energy
2023-08-24,190.5261688232422,193.35185175069944,189.90285529383135,192.68699413107154,6378317,COALINDIA.NS,Coal India,Energy
2023-08-25,189.23802185058594,191.23263314199707,189.07180741330552,190.3184347149317,3890957,COALINDIA.NS,Coal India,Energy
2023-08-28,190.69241333007812,191.1910693048611,189.07180043405586,189.90288527112864,3360861,COALINDIA.NS,Coal India,Energy
2023-08-29,191.1079559326172,191.48194157339037,190.11065666343927,190.69241351368072,3112560,COALINDIA.NS,Coal India,Energy
2023-08-30,190.11065673828125,191.7728264146815,189.90288552873122,191.23262634239072,4086281,COALINDIA.NS,Coal India,Energy
2023-08-31,191.1910858154297,191.52351470642688,189.81978810703038,190.31844412487547,10403460,COALINDIA.NS,Coal India,Energy
2023-09-01,196.8839874267578,197.1748721842896,191.68970733760372,191.73126411458654,14869577,COALINDIA.NS,Coal India,Energy
2023-09-04,205.94284057617188,206.89858313779638,197.92286368937587,198.42151970147947,24785966,COALINDIA.NS,Coal India,Energy
2023-09-05,212.217529296875,212.67461583604648,205.69350791275906,207.23102001414145,19654487,COALINDIA.NS,Coal India,Energy
2023-09-06,212.59149169921875,214.25364859694045,209.8904661332313,212.71614934510995,13346191,COALINDIA.NS,Coal India,Energy
2023-09-07,227.7172088623047,228.34052239021244,211.76038508413504,212.75768419251824,72255521,COALINDIA.NS,Coal India,Energy
2023-09-08,234.4490203857422,236.4020746819111,225.1408607493213,228.21588456564638,41855413,COALINDIA.NS,Coal India,Energy
2023-09-11,231.83111572265625,236.19431093427943,230.4182614138144,236.0280838287585,14505153,COALINDIA.NS,Coal India,Energy
2023-09-12,225.01620483398438,232.74528316519846,223.56180646478967,232.70373907115652,17547706,COALINDIA.NS,Coal India,Energy
2023-09-13,232.41287231445312,233.95038435343602,223.56182376935803,225.63953588617363,17607568,COALINDIA.NS,Coal India,Energy
2023-09-14,230.66761779785156,234.5321831066915,229.9612158802958,233.78418636130317,12033796,COALINDIA.NS,Coal India,Energy
2023-09-15,232.1219940185547,236.15276071011897,230.66759549622614,231.45713626771206,13288180,COALINDIA.NS,Coal India,Energy
2023-09-18,233.74261474609375,234.98924202473958,228.09124789464474,232.1219891387754,8754852,COALINDIA.NS,Coal India,Energy
2023-09-20,236.27740478515625,239.35242877209842,231.95577892772206,232.288207784033,18615797,COALINDIA.NS,Coal India,Energy
2023-09-21,233.07772827148438,238.35509614357818,231.5402164115188,236.7760401911921,11071899,COALINDIA.NS,Coal India,Energy
2023-09-22,235.4878692626953,237.77335232789005,232.03887261866745,232.70373027437387,8691024,COALINDIA.NS,Coal India,Energy
2023-09-25,239.39395141601562,240.1834920713623,233.65947172975714,236.27738361232147,9118957,COALINDIA.NS,Coal India,Energy
2023-09-26,238.3135986328125,242.178138402967,237.81494261282833,239.72645312898453,11256196,COALINDIA.NS,Coal India,Energy
2023-09-27,242.30279541015625,243.84030756647985,236.44365693865396,239.352454124191,12805340,COALINDIA.NS,Coal India,Energy
2023-09-28,241.1808319091797,244.46360182584218,240.18351995115503,242.30277615858657,12432497,COALINDIA.NS,Coal India,Energy
2023-09-29,245.33624267578125,247.24772756735834,242.17810522369027,243.34161886911525,8640829,COALINDIA.NS,Coal India,Energy
2023-10-03,242.5936737060547,246.91532526822428,241.09773105291026,246.8737558062104,9348540,COALINDIA.NS,Coal India,Energy
2023-10-04,239.31089782714844,242.26123896274788,237.6071586305467,241.67946941021123,6338888,COALINDIA.NS,Coal India,Energy
2023-10-05,240.4744110107422,241.4716976321625,235.9449883466959,240.01729911689773,8687014,COALINDIA.NS,Coal India,Energy
2023-10-06,239.18621826171875,241.84570002216182,238.52136050295684,241.80415592325085,3741467,COALINDIA.NS,Coal India,Energy
2023-10-09,239.18621826171875,240.14198616364837,235.23856508266283,237.73181972206655,4647845,COALINDIA.NS,Coal India,Energy
2023-10-10,252.02647399902344,252.56667406448705,239.186203266031,239.56020158357296,23283411,COALINDIA.NS,Coal India,Energy
2023-10-11,250.8629913330078,253.4809037914286,248.8683925724348,253.1069054276402,12321154,COALINDIA.NS,Coal India,Energy
2023-10-12,255.30929565429688,256.8883519179144,250.90453039371258,251.44473051512136,15375295,COALINDIA.NS,Coal India,Energy
2023-10-13,255.9325714111328,258.3427122313412,253.0237746440239,253.4808611337773,9516879,COALINDIA.NS,Coal India,Energy
2023-10-16,259.2984619140625,260.6697467843381,254.7690395336264,255.84946500921907,10535107,COALINDIA.NS,Coal India,Energy
2023-10-17,263.78631591796875,264.5758566394207,259.3815765316996,260.12954779467225,7760527,COALINDIA.NS,Coal India,Energy
2023-10-18,263.4123840332031,265.739411739162,261.99952947856394,263.744812939383,9662837,COALINDIA.NS,Coal India,Energy
2023-10-19,261.62548828125,262.37348490108786,256.6805488748628,262.0410306866285,8977527,COALINDIA.NS,Coal India,Energy
2023-10-20,259.6308898925781,263.2045697976155,257.30386256677826,259.71400344622003,6009115,COALINDIA.NS,Coal India,Energy
2023-10-23,254.39512634277344,260.00495015386156,253.48092776027798,259.7556094335255,8086150,COALINDIA.NS,Coal India,Energy
2023-10-25,257.8855895996094,259.88021330383884,253.4808505386063,254.39504884259577,7253336,COALINDIA.NS,Coal India,Energy
2023-10-26,253.6886444091797,256.92987017430073,251.73558998574256,256.92987017430073,8329092,COALINDIA.NS,Coal India,Energy
2023-10-27,260.9190979003906,263.57855419357685,254.3119632206576,254.3119632206576,10503070,COALINDIA.NS,Coal India,Energy
2023-10-30,261.417724609375,262.4565806527483,259.25692432931567,261.7917229300679,6229982,COALINDIA.NS,Coal India,Energy
2023-10-31,261.1684265136719,263.2876828367227,258.2596294005522,263.2461387373288,7446586,COALINDIA.NS,Coal India,Energy
2023-11-01,254.85218811035156,262.45661012936057,254.18733031300073,260.2958096066208,9593653,COALINDIA.NS,Coal India,Energy
2023-11-02,256.6805725097656,259.96334259691304,255.39237571685885,256.7636860710335,7071960,COALINDIA.NS,Coal India,Energy
2023-11-03,259.2984619140625,261.54240105647403,257.8856075854781,258.1349482472437,4658440,COALINDIA.NS,Coal India,Energy
2023-11-06,263.0799560546875,265.5732111442446,260.1296143437925,260.2958414948439,10340818,COALINDIA.NS,Coal India,Energy
2023-11-07,261.1684265136719,264.94985261564824,260.66977050745464,263.0383675149631,6826885,COALINDIA.NS,Coal India,Energy
2023-11-08,263.78631591796875,264.4096295308953,261.4177191163088,262.6228022463784,6424833,COALINDIA.NS,Coal India,Energy
2023-11-09,268.8975524902344,269.68709341727657,262.3735552662958,264.6590391088151,15503280,COALINDIA.NS,Coal India,Energy
2023-11-10,268.7728576660156,271.058341192704,267.2353454937036,269.64551204837056,8445203,COALINDIA.NS,Coal India,Energy
2023-11-13,290.3395080566406,290.87970815639153,274.5073258665098,276.75126518879534,42178783,COALINDIA.NS,Coal India,Energy
2023-11-15,291.37835693359375,298.3594646837379,289.71618721390723,298.3594646837379,35092206,COALINDIA.NS,Coal India,Energy
2023-11-16,287.38916015625,294.61960923025276,286.5996446862286,293.3729818287143,17617280,COALINDIA.NS,Coal India,Energy
2023-11-17,286.9320373535156,289.6746071454874,284.4803269616801,289.21752063439084,13542916,COALINDIA.NS,Coal India,Energy
2023-11-20,289.0097351074219,292.8742743001583,285.85162305722105,289.2175063044797,19032608,COALINDIA.NS,Coal India,Energy
2023-11-21,290.4874267578125,294.22498613377,285.8371890277609,291.18277800535583,15148068,COALINDIA.NS,Coal India,Energy
2023-11-22,288.70550537109375,293.70341802016384,286.8367259466307,291.87808809531424,7599447,COALINDIA.NS,Coal India,Energy
2023-11-23,290.7047119140625,292.0954143353606,286.83675117421274,289.00975686492643,6186567,COALINDIA.NS,Coal India,Energy
2023-11-24,289.2705078125,293.31231963021304,288.66208213282863,291.48698953930204,7054445,COALINDIA.NS,Coal India,Energy
2023-11-28,297.2237548828125,297.7018055660419,289.70513331709935,291.0089368451258,10791886,COALINDIA.NS,Coal India,Energy
2023-11-29,297.5714416503906,299.8748226642153,293.87733151612133,298.13641789514736,14149513,COALINDIA.NS,Coal India,Energy
2023-11-30,297.3975524902344,299.874784274211,293.83381786468453,299.874784274211,11959336,COALINDIA.NS,Coal India,Energy
2023-12-01,301.3089599609375,305.1769206519002,297.65832636224775,298.83172819964386,15105221,COALINDIA.NS,Coal India,Energy
2023-12-04,308.3060607910156,312.9128222865211,304.7857756247231,305.1769272629607,22705896,COALINDIA.NS,Coal India,Energy
2023-12-05,309.04486083984375,309.8271641146181,304.2207987837944,309.17526240293853,15782945,COALINDIA.NS,Coal India,Energy
2023-12-06,306.0895690917969,315.0858177450166,303.7427389165751,309.2621520204537,14817158,COALINDIA.NS,Coal India,Energy
2023-12-07,305.9157409667969,307.5237439004909,302.8300570791719,307.5237439004909,8507659,COALINDIA.NS,Coal India,Energy
2023-12-08,305.09002685546875,311.5221189825591,301.5262918918529,305.95922921118233,13444251,COALINDIA.NS,Coal India,Energy
2023-12-11,307.39337158203125,311.6959333463527,305.08999091591824,305.08999091591824,11420609,COALINDIA.NS,Coal India,Energy
2023-12-12,302.04779052734375,308.21913198431514,300.0051598761418,307.8279803502313,8789103,COALINDIA.NS,Coal India,Energy
2023-12-13,300.04864501953125,304.04695438475716,298.74484156757956,303.69927876942654,8091533,COALINDIA.NS,Coal India,Energy
2023-12-14,302.13470458984375,305.26383796587544,300.5701246388542,303.5254334820742,13142466,COALINDIA.NS,Coal India,Energy
2023-12-15,304.22076416015625,308.00179896276444,302.8735113863966,304.22076416015625,14331890,COALINDIA.NS,Coal India,Energy
2023-12-18,302.17816162109375,305.3072950750957,297.52792420586354,305.08999450920595,7959685,COALINDIA.NS,Coal India,Energy
2023-12-19,318.9537658691406,321.38752147956734,301.17856982466554,301.17856982466554,28937243,COALINDIA.NS,Coal India,Energy
2023-12-20,306.0895690917969,323.16938811402684,304.22078954691256,320.73563240803065,23224408,COALINDIA.NS,Coal India,Energy
2023-12-21,309.00140380859375,310.131356137599,300.8309078597727,305.1769191650975,10028664,COALINDIA.NS,Coal India,Energy
2023-12-22,315.7377014160156,319.3448852667148,309.7836609980949,312.0435920395034,13916380,COALINDIA.NS,Coal India,Energy
2023-12-26,318.1714782714844,323.16939129175677,315.0858208432606,316.2157731765952,11910267,COALINDIA.NS,Coal India,Energy
2023-12-27,317.78033447265625,320.90946774557773,314.99887677984907,318.99721226602946,7890042,COALINDIA.NS,Coal India,Energy
2023-12-28,331.1226501464844,332.4699031961144,317.9542131520736,318.8234155133706,28310022,COALINDIA.NS,Coal India,Energy
2023-12-29,326.8200988769531,331.774563113926,325.29899469335027,331.60071202541917,8859317,COALINDIA.NS,Coal India,Energy
2024-01-01,331.86138916015625,336.20740015767507,328.0803808130717,328.3845803621412,11124690,COALINDIA.NS,Coal India,Energy
2024-01-02,341.2922668457031,344.0737247268907,333.99097306502114,336.7289549170334,28363847,COALINDIA.NS,Coal India,Energy
2024-01-03,334.251708984375,343.16103189647026,333.64328333521485,343.16103189647026,12903439,COALINDIA.NS,Coal India,Energy
2024-01-04,334.42559814453125,338.81505932266293,333.6867708551363,337.0766546539454,11039940,COALINDIA.NS,Coal India,Energy
2024-01-05,333.9909973144531,337.68510723920633,332.46989322779007,336.207452658925,8369460,COALINDIA.NS,Coal India,Energy
2024-01-08,330.6445617675781,337.81548100614367,329.6449843910287,335.90325179142957,9424716,COALINDIA.NS,Coal India,Energy
2024-01-09,334.9471130371094,337.2070443319268,332.12220555007485,333.4694585104347,9473743,COALINDIA.NS,Coal India,Energy
2024-01-10,332.0787048339844,335.38168925809504,326.68966686719426,335.38168925809504,9670366,COALINDIA.NS,Coal India,Energy
2024-01-11,334.0779113769531,338.0327712560401,333.1652330407374,335.0774887229471,9163771,COALINDIA.NS,Coal India,Energy
2024-01-12,331.25299072265625,335.3382254800395,329.9057112872839,335.3382254800395,7471050,COALINDIA.NS,Coal India,Energy
2024-01-15,334.3386535644531,337.1635609902333,331.51374613867296,332.4698739572037,7490747,COALINDIA.NS,Coal India,Energy
2024-01-16,331.9483642578125,336.3378519363916,327.7327276554752,334.99057241039304,10165133,COALINDIA.NS,Coal India,Energy
2024-01-17,329.9926452636719,334.94710894462304,327.8631155611885,331.86142488861,10996538,COALINDIA.NS,Coal India,Energy
2024-01-18,326.51580810546875,332.51329810850126,319.866416438499,330.9921942259812,12493835,COALINDIA.NS,Coal India,Energy
2024-01-19,333.1217956542969,334.5559742051527,329.5146112609472,330.8618642729133,15893456,COALINDIA.NS,Coal India,Energy
2024-01-23,326.21160888671875,351.8530764464427,324.7774304131443,350.723124079614,16406737,COALINDIA.NS,Coal India,Energy
2024-01-24,332.5567932128906,337.0766290932445,325.2989489661712,330.12301094567107,22938994,COALINDIA.NS,Coal India,Energy
2024-01-25,338.4673767089844,340.46655795232147,334.94711793786087,336.2074453811009,13440949,COALINDIA.NS,Coal India,Energy
2024-01-29,358.8066711425781,360.4581766059003,340.29267419157617,341.50955201248695,27149058,COALINDIA.NS,Coal India,Energy
2024-01-30,349.8973083496094,361.41423662241976,349.07158223806863,361.37078712610753,14159072,COALINDIA.NS,Coal India,Energy
2024-01-31,353.0264587402344,355.6340652701772,348.02854622451065,352.0703310407329,23750822,COALINDIA.NS,Coal India,Energy
2024-02-01,353.50457763671875,358.02441357395753,349.8539174529176,355.32988120267083,8862155,COALINDIA.NS,Coal India,Energy
2024-02-02,364.89111328125,367.58564570426745,356.06871528129443,357.0682926165891,25177075,COALINDIA.NS,Coal India,Energy
2024-02-05,382.66632080078125,391.1410434079536,362.54429242842866,367.88988138314744,31418925,COALINDIA.NS,Coal India,Energy
2024-02-06,389.9675598144531,392.010190279636,380.0586600881837,386.62112605565727,13386526,COALINDIA.NS,Coal India,Energy
2024-02-07,393.4443664550781,400.3110584588608,389.22873052349485,394.6177947181295,14430152,COALINDIA.NS,Coal India,Energy
2024-02-08,399.1376953125,407.30819139276315,391.14102377167745,395.31318408152936,18790158,COALINDIA.NS,Coal India,Energy
2024-02-09,396.53009033203125,403.1360064323697,378.6679675811269,401.7453040065817,17472069,COALINDIA.NS,Coal India,Energy
2024-02-12,376.19073486328125,397.61659221140997,373.8004286016071,397.225440576393,19472346,COALINDIA.NS,Coal India,Energy
2024-02-13,393.18365478515625,397.96426730232173,377.2337877181507,385.7519594110845,35665854,COALINDIA.NS,Coal India,Energy
2024-02-14,405.35247802734375,406.7866564468064,385.0566000126821,392.57519423369956,18592696,COALINDIA.NS,Coal India,Energy
2024-02-15,414.4791259765625,418.30361082750983,406.3955285946119,407.6558825519005,18501875,COALINDIA.NS,Coal India,Energy
2024-02-16,417.2170715332031,423.8230138043349,415.044065952301,419.3031515856797,14513583,COALINDIA.NS,Coal India,Energy
2024-02-19,400.7022399902344,423.69265027033515,395.8781780801237,419.65083855943686,19798448,COALINDIA.NS,Coal India,Energy
2024-02-20,392.56951904296875,402.63654207802,387.7338362776018,402.63654207802,27899165,COALINDIA.NS,Coal India,Energy
2024-02-21,380.6561279296875,396.4819972207084,378.9416480238891,396.4819972207084,19032050,COALINDIA.NS,Coal India,Energy
2024-02-22,391.382568359375,393.8883365811605,376.260085821685,385.09618621104534,22083710,COALINDIA.NS,Coal India,Energy
2024-02-23,390.2835388183594,395.29507512395975,388.3053050395455,393.8883257371673,9625544,COALINDIA.NS,Coal India,Energy
2024-02-26,388.8768310546875,393.2289565665095,387.33820461759103,390.28358059205027,7570244,COALINDIA.NS,Coal India,Energy
2024-02-27,388.08551025390625,391.5144435167808,382.5024894272766,388.8767984174137,8343526,COALINDIA.NS,Coal India,Energy
2024-02-28,381.75518798828125,389.3603928551926,378.3702046569062,387.1183783638337,8893614,COALINDIA.NS,Coal India,Energy
2024-02-29,383.9532470703125,390.37150660394224,377.7547644814081,390.37150660394224,11711699,COALINDIA.NS,Coal India,Energy
2024-03-01,392.4375915527344,394.59165204429917,385.096141480133,385.096141480133,8411615,COALINDIA.NS,Coal India,Energy
2024-03-04,400.3945617675781,402.68052645436467,393.93232524529327,397.27335881260166,11977226,COALINDIA.NS,Coal India,Energy
2024-03-05,405.0103759765625,405.9775178227892,398.7679442398393,400.9220316777301,9605493,COALINDIA.NS,Coal India,Energy
2024-03-06,405.8456726074219,408.791048392394,390.85503990006225,406.59301076652133,14061966,COALINDIA.NS,Coal India,Energy
2024-03-07,403.2080078125,409.1866591309942,400.9659934444301,405.8456528350438,9680802,COALINDIA.NS,Coal India,Energy
2024-03-11,399.07568359375,406.9446685854263,397.75686109222966,405.31811546724873,7824738,COALINDIA.NS,Coal India,Energy
2024-03-12,395.03131103515625,400.7462088573028,392.7453733715088,399.07570562943965,8409613,COALINDIA.NS,Coal India,Energy
2024-03-13,366.6766357421875,395.55885627860664,360.47818020540774,395.0313218681007,17803423,COALINDIA.NS,Coal India,Energy
2024-03-14,376.0402526855469,377.05134453281926,362.4124206764971,368.3910717285079,20478918,COALINDIA.NS,Coal India,Energy
2024-03-15,365.09405517578125,376.3479972577451,352.7410942642697,376.0402934506832,25435001,COALINDIA.NS,Coal India,Energy
2024-03-18,370.8968505859375,372.34754995973793,363.5993500368157,365.75343750472484,9803914,COALINDIA.NS,Coal India,Energy
2024-03-19,368.43505859375,373.31471825490945,363.9950332922354,366.6326784610197,8373676,COALINDIA.NS,Coal India,Energy
2024-03-20,368.8306884765625,371.73208721230725,362.85203727438636,369.09444224108034,6950340,COALINDIA.NS,Coal India,Energy
2024-03-21,379.86480712890625,381.1836295494415,372.0397994666991,372.78713753797126,9911230,COALINDIA.NS,Coal India,Energy
2024-03-22,379.77691650390625,383.51358012128793,376.56776040259274,378.8537246877639,9172888,COALINDIA.NS,Coal India,Energy
2024-03-26,383.2938232421875,387.68989862364845,378.85377100800304,381.4034893629474,9389403,COALINDIA.NS,Coal India,Energy
2024-03-27,377.5788879394531,386.6787416147508,374.58953551021204,386.6787416147508,17985246,COALINDIA.NS,Coal India,Energy
2024-03-28,381.667236328125,385.4918269390345,378.0624494669055,378.0624494669055,10332853,COALINDIA.NS,Coal India,Energy
2024-04-01,388.6570129394531,390.1956393197859,382.28270364950305,383.953233756219,7256592,COALINDIA.NS,Coal India,Energy
2024-04-02,389.6681213378906,394.1520966328034,383.3817122579958,388.65700256402397,11530800,COALINDIA.NS,Coal India,Energy
2024-04-03,391.6903076171875,393.00913020175716,387.6459129915377,389.6681237201197,6972648,COALINDIA.NS,Coal India,Energy
2024-04-04,394.6356506347656,398.72399494095595,389.09658014086835,395.64674249929476,14743020,COALINDIA.NS,Coal India,Energy
2024-04-05,392.9652099609375,394.635713328349,390.371514615458,394.54778644974505,4820138,COALINDIA.NS,Coal India,Energy
2024-04-08,393.36077880859375,396.04240061097306,390.8550107357682,394.7675281504881,3980972,COALINDIA.NS,Coal India,Energy
2024-04-09,386.72271728515625,395.910497797712,384.43675295332235,394.5037752841331,8005012,COALINDIA.NS,Coal India,Energy
2024-04-10,401.2297668457031,403.2080005771125,388.700953213444,389.09658386081855,15825331,COALINDIA.NS,Coal India,Energy
2024-04-12,400.57037353515625,407.47221689558864,397.88875159139525,400.04283915019397,11259294,COALINDIA.NS,Coal India,Energy
2024-04-15,396.5259704589844,400.74619178447927,387.82174720545555,394.72359041677595,7680715,COALINDIA.NS,Coal India,Energy
2024-04-16,398.46026611328125,401.2737381370963,392.4376377342742,394.7675522196016,4996845,COALINDIA.NS,Coal India,Energy
2024-04-18,385.6237487792969,401.6254475233344,382.59044594734087,399.9989210512143,10945138,COALINDIA.NS,Coal India,Energy
2024-04-19,382.7222900390625,385.6237157234207,376.34798110133084,383.3377512897936,7628287,COALINDIA.NS,Coal India,Energy
2024-04-22,389.44830322265625,390.81107576888513,385.0961781479678,387.645896335613,6396926,COALINDIA.NS,Coal India,Energy
2024-04-23,387.68988037109375,391.9101018060011,386.19520407916093,391.9101018060011,5390120,COALINDIA.NS,Coal India,Energy
2024-04-24,390.2396240234375,394.5038225867375,387.8657325419877,388.2174132125504,6538090,COALINDIA.NS,Coal India,Energy
2024-04-25,397.8008117675781,399.16358419687947,388.393201143109,389.49221982206524,10858594,COALINDIA.NS,Coal India,Energy
2024-04-26,400.7461853027344,404.83455650810293,397.58103277556336,399.16360903914887,7209435,COALINDIA.NS,Coal India,Energy
2024-04-29,398.50421142578125,403.29594406080355,396.1303201176666,403.29594406080355,5305655,COALINDIA.NS,Coal India,Energy
2024-04-30,399.4273376464844,403.0321242770486,397.44910402585276,401.2736943920427,6021793,COALINDIA.NS,Coal India,Energy
2024-05-02,399.07568359375,404.0432429831741,395.119216089189,402.284812981147,14980896,COALINDIA.NS,Coal India,Energy
2024-05-03,417.27545166015625,418.33049357969065,395.11922254026683,402.59255017089845,51071947,COALINDIA.NS,Coal India,Energy
2024-05-06,404.9664001464844,423.29803671375646,390.415377027144,421.14394941317266,36408390,COALINDIA.NS,Coal India,Energy
2024-05-07,400.9220886230469,412.791492562545,398.1525664034671,407.0765943694533,13728379,COALINDIA.NS,Coal India,Energy
2024-05-08,408.3514404296875,414.4619689241578,400.13077435142924,401.53752379678326,16978094,COALINDIA.NS,Coal India,Energy
2024-05-09,389.931884765625,411.2089002588354,388.0415777255106,409.14273947156465,15601338,COALINDIA.NS,Coal India,Energy
2024-05-10,395.11920166015625,396.65782785574214,387.07439006096655,393.18494482746945,9190621,COALINDIA.NS,Coal India,Energy
2024-05-13,390.3714599609375,397.22932622764625,382.19477119436067,396.7457687102996,11107909,COALINDIA.NS,Coal India,Energy
2024-05-14,394.50384521484375,396.2182986439933,391.3386653351995,392.7454149296544,6592194,COALINDIA.NS,Coal India,Energy
2024-05-15,411.34075927734375,413.2310662353089,395.20715802717314,395.6467655444447,23543942,COALINDIA.NS,Coal India,Energy
2024-05-16,411.73638916015625,417.6271406129869,402.5486081655786,412.0441197879632,17232651,COALINDIA.NS,Coal India,Energy
2024-05-17,413.45086669921875,416.4841692768263,410.4175641216112,412.39579793356916,10625019,COALINDIA.NS,Coal India,Energy
2024-05-21,431.3868713378906,434.24432033267027,412.9673316089123,412.9673316089123,27356982,COALINDIA.NS,Coal India,Energy
2024-05-22,441.1021728515625,446.0697321971837,432.2220960533257,434.77181416747965,28346931,COALINDIA.NS,Coal India,Energy
2024-05-23,437.2336120605469,442.94850960359025,432.66171012501974,442.596828967244,14378840,COALINDIA.NS,Coal India,Energy
2024-05-24,440.4866943359375,444.35523478815446,430.06799170839605,436.04666952683243,12190536,COALINDIA.NS,Coal India,Energy
2024-05-27,434.7279052734375,442.2451834443084,431.47479875804044,442.20123342309284,8811105,COALINDIA.NS,Coal India,Energy
2024-05-28,428.7491760253906,436.2664801400855,425.6279736052412,436.09062641295947,8165238,COALINDIA.NS,Coal India,Energy
2024-05-29,427.69415283203125,432.4858585430565,423.8695621678923,423.8695621678923,8014727,COALINDIA.NS,Coal India,Energy
2024-05-30,423.91351318359375,429.01297635828575,421.5835987652707,427.2984963502014,7725080,COALINDIA.NS,Coal India,Energy
2024-05-31,431.8704528808594,433.54095614664453,421.1440183001088,425.8917743092142,11223848,COALINDIA.NS,Coal India,Energy
2024-06-03,450.4657897949219,463.69801865188674,444.4871384477595,452.795731041218,24416215,COALINDIA.NS,Coal India,Energy
2024-06-04,388.5251159667969,450.5098023456818,361.1815231973274,450.4657986638084,48046493,COALINDIA.NS,Coal India,Energy
2024-06-05,404.9224548339844,406.9446654194907,373.7542993894424,397.4051773664062,18966089,COALINDIA.NS,Coal India,Energy
2024-06-06,415.8247375488281,425.89173301995106,408.52723708037945,413.2310426125911,21757857,COALINDIA.NS,Coal India,Energy
2024-06-07,421.27587890625,423.1661858663294,411.1209559785236,415.86871180406433,8317343,COALINDIA.NS,Coal India,Energy
2024-06-10,420.0010070800781,429.0569106501298,418.0667233896244,426.41926570760853,10958537,COALINDIA.NS,Coal India,Energy
2024-06-11,418.8141174316406,425.10050001803444,417.8030254349225,423.78167737061545,11169021,COALINDIA.NS,Coal India,Energy
2024-06-12,429.6723937988281,434.59597647761353,421.45172794210356,422.9024273682283,15412796,COALINDIA.NS,Coal India,Energy
2024-06-13,428.968994140625,434.2442841530078,425.1004534978468,434.2442841530078,7438571,COALINDIA.NS,Coal India,Energy
2024-06-14,428.1337585449219,432.92546423588414,426.63908229988033,428.9689967029641,5974636,COALINDIA.NS,Coal India,Energy
2024-06-18,429.9800720214844,433.3650550354776,426.5951158390028,432.57376692569636,6946544,COALINDIA.NS,Coal India,Energy
2024-06-19,420.2208251953125,431.8704240898221,418.94595269689313,430.28782097128294,8962510,COALINDIA.NS,Coal India,Energy
2024-06-20,424.792724609375,428.52938838335126,414.5938251776314,422.9463677312254,7864157,COALINDIA.NS,Coal India,Energy
2024-06-21,422.1990966796875,432.04628958245956,421.14402783975845,424.7927650946141,10340882,COALINDIA.NS,Coal India,Energy
2024-06-24,416.4841613769531,422.06715523070346,414.9894851258861,422.02320521276556,11124175,COALINDIA.NS,Coal India,Energy
2024-06-25,412.5716247558594,420.2208057290095,409.0987148910531,418.41839894123837,7951999,COALINDIA.NS,Coal India,Energy
2024-06-26,412.1320495605469,414.8576215479433,408.8789431834102,413.4508721191406,6655899,COALINDIA.NS,Coal India,Energy
2024-06-27,410.6373596191406,412.3518396209587,405.75772704706276,412.13203586849545,14857335,COALINDIA.NS,Coal India,Energy
2024-06-28,416.0006103515625,418.5063786995751,411.4726580491621,413.2310882117653,8302706,COALINDIA.NS,Coal India,Energy
2024-07-01,417.4512939453125,418.77011651695716,414.3300912583591,416.17644822496436,8579861,COALINDIA.NS,Coal India,Energy
2024-07-02,421.23193359375,426.4192969950155,416.1764470829844,420.2647916775617,14629287,COALINDIA.NS,Coal India,Energy
2024-07-03,426.3753356933594,428.7492001540845,421.4956762218725,423.6937137770883,7244652,COALINDIA.NS,Coal India,Energy
2024-07-04,430.4197082519531,433.2771571064109,426.6830443653544,429.7163469588458,7796954,COALINDIA.NS,Coal India,Energy
2024-07-05,432.1341857910156,433.71676210708546,428.08979130032094,430.37575573693215,5754517,COALINDIA.NS,Coal India,Energy
2024-07-08,433.7167663574219,436.09065768630353,428.3535761051197,433.189258801238,7477292,COALINDIA.NS,Coal India,Energy
2024-07-09,434.1563415527344,436.9258901740773,431.78247723209813,436.9258901740773,6444684,COALINDIA.NS,Coal India,Energy
2024-07-10,431.4747619628906,435.12349885261665,422.50675821546855,434.15635698471624,5981477,COALINDIA.NS,Coal India,Energy
2024-07-11,439.6514892578125,444.88282970733275,429.54051585537314,432.5738186087109,20146927,COALINDIA.NS,Coal India,Energy
2024-07-12,436.2665100097656,447.168771050228,435.65104875419775,443.12437653302857,8198389,COALINDIA.NS,Coal India,Energy
2024-07-15,437.6292724609375,442.77268565023655,433.05734366344666,439.60750623901305,7106020,COALINDIA.NS,Coal India,Energy
2024-07-16,450.55377197265625,455.7851123557222,437.84910351750443,437.84910351750443,23169665,COALINDIA.NS,Coal India,Energy
2024-07-18,444.2233581542969,453.4990652416386,440.7064983173504,453.10340777737764,12540956,COALINDIA.NS,Coal India,Energy
2024-07-19,429.05694580078125,445.2344974072948,427.9579269846932,444.2673554828345,9971704,COALINDIA.NS,Coal India,Energy
2024-07-22,431.8704528808594,436.0906744819498,425.1444361338192,429.05695392578934,7281653,COALINDIA.NS,Coal India,Energy
2024-07-23,428.1777038574219,435.91478510417073,408.43931642748817,434.33220884099876,11311831,COALINDIA.NS,Coal India,Energy
2024-07-24,434.1563415527344,439.07995075216326,426.5071874108911,427.9139367295153,6823248,COALINDIA.NS,Coal India,Energy
2024-07-25,434.33221435546875,442.7287069570635,425.5400642673013,431.6945693290185,10281157,COALINDIA.NS,Coal India,Energy
2024-07-26,448.267822265625,449.8943755602673,438.0689217810869,438.0689217810869,20437968,COALINDIA.NS,Coal India,Energy
2024-07-29,450.2900085449219,453.411211234425,446.20163710427255,452.35614244364183,7259754,COALINDIA.NS,Coal India,Energy
2024-07-30,456.6203308105469,462.1154250662964,448.35574124771756,450.29002515834736,13197520,COALINDIA.NS,Coal India,Energy
2024-07-31,459.1260681152344,461.939566752137,448.8392422325402,460.22508682785076,11972565,COALINDIA.NS,Coal India,Energy
2024-08-01,475.1278381347656,476.7543645245481,464.2255499658117,470.3800553630857,34763894,COALINDIA.NS,Coal India,Energy
2024-08-02,461.1482849121094,472.31432656632353,459.2140011064694,469.500827727486,10985150,COALINDIA.NS,Coal India,Energy
2024-08-05,445.586181640625,452.79575586466814,437.4534423362596,452.79575586466814,11835031,COALINDIA.NS,Coal India,Energy
2024-08-06,439.2558288574219,454.73001855807934,437.8490794607234,446.7291565189001,7142269,COALINDIA.NS,Coal India,Energy
2024-08-07,467.30279541015625,468.4457642335869,446.37748811686953,446.37748811686953,18293730,COALINDIA.NS,Coal India,Energy
2024-08-08,460.22509765625,470.3800200671509,458.2908139439297,469.5008050763712,13624148,COALINDIA.NS,Coal India,Energy
2024-08-09,465.8080749511719,467.17084740620396,458.8183052884315,465.9839286757295,6468264,COALINDIA.NS,Coal India,Energy
2024-08-12,460.66473388671875,466.4235817029431,460.0932226418528,465.1047591345088,5238736,COALINDIA.NS,Coal India,Energy
2024-08-13,458.7304382324219,465.8960621348039,457.19181194223165,461.5878870570608,5201294,COALINDIA.NS,Coal India,Energy
2024-08-14,443.7398376464844,464.1376371336013,438.772251247524,459.7415619709911,14766889,COALINDIA.NS,Coal India,Energy
2024-08-16,454.9288024902344,457.99245651974746,446.22629064696673,450.84396658420553,7313429,COALINDIA.NS,Coal India,Energy
2024-08-19,463.54254150390625,464.8301705147471,455.6836522790921,456.26082790465273,10737456,COALINDIA.NS,Coal India,Energy
2024-08-20,465.8512878417969,469.27016813467407,462.6988546314636,465.6292847396611,8191127,COALINDIA.NS,Coal India,Energy
2024-08-21,472.6002502441406,475.3086774540932,465.67376377607144,467.5385682944046,9067794,COALINDIA.NS,Coal India,Energy
2024-08-22,469.62530517578125,475.4862191503321,467.80489071549334,474.19859041501604,8531700,COALINDIA.NS,Coal India,Energy
2024-08-23,478.5054931640625,480.5479651853457,469.62536854971614,469.7142023158472,12566904,COALINDIA.NS,Coal India,Energy
2024-08-26,477.8394775390625,482.6791562302826,474.8202677298455,481.30274777314116,7193307,COALINDIA.NS,Coal India,Energy
2024-08-27,471.889892578125,481.0364110385622,470.6466533233147,478.7275458796267,7865530,COALINDIA.NS,Coal India,Energy
2024-08-28,467.40533447265625,475.57505990675173,466.60615578235127,474.10987187453645,6066259,COALINDIA.NS,Coal India,Energy
2024-08-29,468.4709777832031,470.64661922148736,458.3032239430446,467.40535195629036,9147836,COALINDIA.NS,Coal India,Energy
2024-08-30,466.16217041015625,476.8627101422533,463.5425227081122,470.64662267298746,30921282,COALINDIA.NS,Coal India,Energy
2024-09-02,462.5213317871094,469.75865601247585,459.67973488388526,467.9826308479674,6370038,COALINDIA.NS,Coal India,Energy
2024-09-03,461.4112854003906,464.96333549338823,460.2124901739972,462.654524612933,5526155,COALINDIA.NS,Coal India,Energy
2024-09-04,447.2474365234375,458.9691838565222,444.4945926838537,458.9691838565222,16783593,COALINDIA.NS,Coal India,Energy
2024-09-05,441.3421630859375,450.66629329197843,439.69933472487554,450.66629329197843,10830621,COALINDIA.NS,Coal India,Energy
2024-09-06,433.8384704589844,443.11821137691345,427.1783771016159,443.11821137691345,13110103,COALINDIA.NS,Coal India,Energy
2024-09-09,430.1976623535156,433.7941021041474,424.51436072783935,433.3500958583909,10189742,COALINDIA.NS,Coal India,Energy
2024-09-10,436.1029052734375,436.90211103215717,427.84437350003174,432.7284418144156,9809547,COALINDIA.NS,Coal India,Energy
2024-09-11,429.7536315917969,438.2785293440141,427.9776067100868,437.656936895409,8134497,COALINDIA.NS,Coal India,Energy
2024-09-12,440.14337158203125,441.56419694191266,428.24401000550506,432.4620692020341,12058489,COALINDIA.NS,Coal India,Energy
2024-09-13,435.34814453125,442.0970452055829,434.6821351311512,441.3422291321392,8093877,COALINDIA.NS,Coal India,Energy
2024-09-16,438.01214599609375,439.477361135434,432.77287790088246,437.34613665094,5244657,COALINDIA.NS,Coal India,Energy
2024-09-17,433.7940673828125,439.3885347915617,433.03925140544453,438.01212637988186,5063902,COALINDIA.NS,Coal India,Energy
2024-09-18,432.55084228515625,438.32292284279026,431.70721967135313,434.9484594875655,6527832,COALINDIA.NS,Coal India,Energy
2024-09-19,424.4255676269531,436.54693232964996,422.91593559951536,434.2380945053292,10014450,COALINDIA.NS,Coal India,Energy
2024-09-20,435.9697265625,442.2302035437562,426.5123722163618,427.0896019933483,12982128,COALINDIA.NS,Coal India,Energy
2024-09-23,444.5390319824219,446.2262501950022,435.5701009366141,438.2341382512111,6123879,COALINDIA.NS,Coal India,Energy
2024-09-24,447.82470703125,449.9115418920523,445.3826725792454,448.4463266408479,7306001,COALINDIA.NS,Coal India,Energy
2024-09-25,448.7127380371094,450.2223702368751,445.78230741402626,449.77836395459025,5059851,COALINDIA.NS,Coal India,Energy
2024-09-26,449.82269287109375,450.6219257510455,444.0506119824903,449.3342968666691,6877039,COALINDIA.NS,Coal India,Energy
2024-09-27,458.30322265625,459.85724450780674,448.35749906628126,449.8227142491795,15443031,COALINDIA.NS,Coal India,Energy
2024-09-30,453.0195617675781,455.9500192149074,446.22627170784483,455.5504027584565,8881502,COALINDIA.NS,Coal India,Energy
2024-10-01,451.5543518066406,458.21444549110436,449.4675170321772,454.662395526057,4743517,COALINDIA.NS,Coal India,Energy
2024-10-03,446.0930480957031,452.7975310791407,443.5622072589128,443.5622072589128,11285134,COALINDIA.NS,Coal India,Energy
2024-10-04,441.51983642578125,448.1355134494028,438.72257530372207,443.65106105688085,7170285,COALINDIA.NS,Coal India,Energy
2024-10-07,426.6456298828125,444.49466001416397,422.1167605703834,442.3190455807363,8940891,COALINDIA.NS,Coal India,Energy
2024-10-08,436.7689514160156,437.5681572421218,423.093564402673,426.95639707885135,6049075,COALINDIA.NS,Coal India,Energy
2024-10-09,432.4176940917969,440.4541963094632,431.26326159147527,436.9021463392256,6874313,COALINDIA.NS,Coal India,Energy
2024-10-10,433.4388732910156,438.63375143595795,431.6184315462127,433.97168616998204,4700891,COALINDIA.NS,Coal India,Energy
2024-10-11,437.7457580566406,438.5893536433975,432.86168947018854,432.9060792537058,4364566,COALINDIA.NS,Coal India,Energy
2024-10-14,442.49658203125,446.1818552874313,437.7457372214533,439.52176207744867,5369297,COALINDIA.NS,Coal India,Energy
2024-10-15,439.0777893066406,443.42904511525313,435.1705126458548,442.4966157348421,4279311,COALINDIA.NS,Coal India,Energy
2024-10-16,440.232177734375,443.47341779845266,437.701336799414,439.5661683883321,8000451,COALINDIA.NS,Coal India,Energy
2024-10-17,435.03729248046875,441.5641893876445,432.6396751329276,440.23217071679187,4334990,COALINDIA.NS,Coal India,Energy
2024-10-18,437.0797119140625,438.45612028712065,429.2207967937287,433.3500490128909,4573163,COALINDIA.NS,Coal India,Energy
2024-10-21,431.041259765625,439.34418201604257,428.33283249516364,436.9021476541545,4737527,COALINDIA.NS,Coal India,Energy
2024-10-22,415.900634765625,432.9060676972205,414.8794258720807,430.6860365808245,8671135,COALINDIA.NS,Coal India,Energy
2024-10-23,421.0067138671875,422.7383219089697,407.5533304810793,415.9006422081043,10686743,COALINDIA.NS,Coal India,Energy
2024-10-24,423.803955078125,429.6204259683787,420.07429183094587,421.0067211927357,5045880,COALINDIA.NS,Coal India,Energy
2024-10-25,409.46258544921875,425.40239419795165,407.5977537050795,424.5587985494069,10330954,COALINDIA.NS,Coal India,Energy
2024-10-28,392.190673828125,406.70968209133963,386.50739984771957,401.3816076534618,21378247,COALINDIA.NS,Coal India,Energy
2024-10-29,395.6539611816406,396.5863905728724,389.6598767665446,394.4551659786143,7680865,COALINDIA.NS,Coal India,Energy
2024-10-30,398.8507995605469,404.75607712645694,395.16555319234664,397.8295906295984,7818123,COALINDIA.NS,Coal India,Energy
2024-10-31,401.4260559082031,403.6016974605837,393.56716664754504,401.3816661214166,8475238,COALINDIA.NS,Coal India,Energy
2024-11-01,403.29083251953125,408.08609413657746,401.69242101384526,403.7348387266649,3095957,COALINDIA.NS,Coal India,Energy
2024-11-04,393.6558837890625,406.8428732723163,386.7293979493674,406.709676833089,15720990,COALINDIA.NS,Coal India,Energy
2024-11-05,400.4232482910156,401.66623250984526,393.1495272933041,395.08305517833975,10186343,COALINDIA.NS,Coal India,Energy
2024-11-06,401.25189208984375,404.10614484194946,397.0165801138798,403.0933418527128,9130749,COALINDIA.NS,Coal India,Energy
2024-11-07,400.8376159667969,405.4412407554398,400.1930972570686,403.0933752542544,5861077,COALINDIA.NS,Coal India,Energy
2024-11-08,390.43341064453125,401.43608522900234,387.8553919787093,400.8376196206826,9934413,COALINDIA.NS,Coal India,Energy
2024-11-11,388.1315612792969,391.9986170081841,384.26453364870304,389.46662359239434,7201246,COALINDIA.NS,Coal India,Energy
2024-11-12,381.2261047363281,391.12389666179166,380.0751986984835,389.00624079147434,6564348,COALINDIA.NS,Coal India,Energy
2024-11-13,374.6429443359375,382.56118384504845,373.5380913498736,381.1800965387486,7170870,COALINDIA.NS,Coal India,Energy
2024-11-14,377.26702880859375,380.5816440773336,370.6838513752167,374.91919154647906,8776485,COALINDIA.NS,Coal India,Energy
2024-11-18,380.5816345214844,385.3233620307586,378.41792543522524,381.13407506878576,7352509,COALINDIA.NS,Coal India,Energy
2024-11-19,379.56884765625,388.5459156117344,378.14173527187546,382.9755410940594,6291292,COALINDIA.NS,Coal India,Energy
2024-11-21,373.8143310546875,381.08805256638806,372.1109842713555,380.30543073639274,14141967,COALINDIA.NS,Coal India,Energy
2024-11-22,381.2261047363281,382.79134818711356,374.18256540437756,375.10329023465323,8155453,COALINDIA.NS,Coal India,Energy
2024-11-25,384.3566589355469,393.5639088504164,382.7453902004447,387.6252214160068,10903727,COALINDIA.NS,Coal India,Energy
2024-11-26,378.8782958984375,386.70445753910997,377.22100231973036,385.27734518512847,5798977,COALINDIA.NS,Coal India,Energy
2024-11-27,384.0803527832031,387.62514895746057,379.9831441959531,386.70442413808416,9219932,COALINDIA.NS,Coal India,Energy
2024-11-28,382.28497314453125,391.2159874283315,380.7197296430781,386.70444123359806,7788912,COALINDIA.NS,Coal India,Energy
2024-11-29,383.3898620605469,384.86302759444305,378.41795296965574,382.37705899984974,7057742,COALINDIA.NS,Coal India,Energy
2024-12-02,388.2697448730469,389.834960518639,383.75816988123563,385.2313355051966,6404844,COALINDIA.NS,Coal India,Energy
2024-12-03,388.6380310058594,391.76849040944813,386.10603723705566,391.3081279060293,7928558,COALINDIA.NS,Coal India,Energy
2024-12-04,383.6199951171875,392.13669980173285,382.10080476608914,388.6379566841553,6836472,COALINDIA.NS,Coal India,Energy
2024-12-05,385.23126220703125,387.8553335850693,379.3386289306791,385.0010810001558,9500273,COALINDIA.NS,Coal India,Energy
2024-12-06,384.0803527832031,388.08551136714874,383.3898091686708,386.70442413808416,4252732,COALINDIA.NS,Coal India,Energy
2024-12-09,381.1800842285156,387.5791331136977,379.7989969668181,384.8629835930424,6662023,COALINDIA.NS,Coal India,Energy
2024-12-10,381.2261047363281,384.12641043033005,378.87826765844187,382.5611669795446,6035289,COALINDIA.NS,Coal India,Energy
2024-12-11,383.8962707519531,386.38221120364676,382.6072333714879,383.021570829251,5353413,COALINDIA.NS,Coal India,Energy
2024-12-12,376.6685791015625,384.7249223378535,374.8271292189817,383.4819380474524,9409378,COALINDIA.NS,Coal India,Energy
2024-12-13,377.7734680175781,378.64816803411895,370.13146151906585,376.6686148421716,9439175,COALINDIA.NS,Coal India,Energy
2024-12-16,377.91156005859375,380.1212942785407,374.2746853332576,377.95758506593415,5434635,COALINDIA.NS,Coal India,Energy
2024-12-17,370.9600524902344,378.3719047122899,370.13140570905193,377.91154226737814,5070262,COALINDIA.NS,Coal India,Energy
2024-12-18,364.42291259765625,372.70943688904777,363.2720064460741,371.51250573072025,7176597,COALINDIA.NS,Coal India,Energy
2024-12-19,360.878173828125,363.2260113312515,356.3205738534711,359.9574488310876,5745829,COALINDIA.NS,Coal India,Energy
2024-12-20,351.7169189453125,362.4894117334789,350.33583156725496,361.8448930510676,7923854,COALINDIA.NS,Coal India,Energy
2024-12-23,352.59161376953125,357.7937038654899,352.08519821257426,355.39981349174155,5163415,COALINDIA.NS,Coal India,Energy
2024-12-24,354.0187072753906,356.09033820222976,351.164454600976,354.34096659477973,4242999,COALINDIA.NS,Coal India,Energy
2024-12-26,355.95220947265625,359.35887433705506,354.5250691890255,355.7680532753198,4190081,COALINDIA.NS,Coal India,Energy
2024-12-27,350.3358154296875,357.6555894355384,349.46111555789133,356.7808895637422,5909271,COALINDIA.NS,Coal India,Energy
2024-12-30,347.9419250488281,351.99310888389647,345.9163471804406,350.33581534628,22328728,COALINDIA.NS,Coal India,Energy
2024-12-31,353.69647216796875,354.2028877326157,346.28464780611415,347.9419414217168,7686615,COALINDIA.NS,Coal India,Energy
2025-01-01,355.7680969238281,357.3793655041881,352.1772754215418,353.1440253304402,3584876,COALINDIA.NS,Coal India,Energy
2025-01-02,361.79888916015625,362.7196141325976,353.604414426791,357.6095736765702,7538972,COALINDIA.NS,Coal India,Energy
2025-01-03,362.4433288574219,367.6454186011459,358.62232637831266,361.84486332908057,7122319,COALINDIA.NS,Coal India,Energy
2025-01-06,348.7245788574219,362.81165951650235,347.2514133006752,362.81165951650235,8774141,COALINDIA.NS,Coal India,Energy
2025-01-07,349.6913146972656,353.7885518460564,346.65293368910926,350.3818583898734,6542121,COALINDIA.NS,Coal India,Energy
2025-01-08,350.1977233886719,351.7629388688759,346.19256443052166,349.9214890580752,7407778,COALINDIA.NS,Coal India,Energy
2025-01-09,342.6938171386719,351.3025724277932,341.4047798071107,351.3025724277932,6247612,COALINDIA.NS,Coal India,Energy
2025-01-10,339.2871398925781,343.6145583435519,335.7883963650257,341.9572365950045,4893721,COALINDIA.NS,Coal India,Energy
2025-01-13,334.1310729980469,341.0365100044751,332.61188247629167,337.0774040267743,8661589,COALINDIA.NS,Coal India,Energy
2025-01-14,339.9776611328125,344.3511043024289,334.2231306464751,336.0645804021031,5698113,COALINDIA.NS,Coal India,Energy
2025-01-15,344.903564453125,351.2105358442983,340.0237054643633,342.41759590240724,11117714,COALINDIA.NS,Coal India,Energy
2025-01-16,348.816650390625,351.25656587072325,345.0876975112639,348.4483660329622,6923722,COALINDIA.NS,Coal India,Energy
2025-01-17,356.91900634765625,358.43819683207596,348.540404032776,349.87546639385977,8380692,COALINDIA.NS,Coal India,Energy
2025-01-20,356.3666076660156,360.0034827334605,352.315423198649,358.7144733254299,14597375,COALINDIA.NS,Coal India,Energy
2025-01-21,351.3026123046875,358.76049041997385,350.79622479430327,357.24129979052407,20854879,COALINDIA.NS,Coal India,Energy
2025-01-22,349.1389465332031,353.46633736378436,344.94963074071364,351.25660288664733,10653690,COALINDIA.NS,Coal India,Energy
2025-01-23,355.21563720703125,357.42539933385416,346.3767010929102,347.5736321630287,5844752,COALINDIA.NS,Coal India,Energy
2025-01-24,352.68365478515625,361.15433493825816,351.4406986731814,355.44582943095554,5351964,COALINDIA.NS,Coal India,Energy
2025-01-27,345.96240234375,352.6376582771956,343.200227474738,350.70413024922806,6645109,COALINDIA.NS,Coal India,Energy
2025-01-28,341.2666931152344,347.66574268237525,338.5965964110537,346.19257715990807,10866038,COALINDIA.NS,Coal India,Energy
2025-01-29,349.3691101074219,354.4791225832645,341.40481643308243,342.9700601617299,6680927,COALINDIA.NS,Coal India,Energy
2025-01-30,354.525146484375,356.6428308222896,350.2437808966193,351.44074024369195,6300164,COALINDIA.NS,Coal India,Energy
2025-01-31,369.89459228515625,370.87563825853215,350.04043667202234,354.5718614204387,10339434,COALINDIA.NS,Coal India,Energy
2025-02-01,359.9908752441406,373.2114302270839,354.15141757074764,369.8946011608105,7015540,COALINDIA.NS,Coal India,Energy
2025-02-03,349.4331359863281,358.9164092416507,342.4257870026451,358.7762679645722,7689700,COALINDIA.NS,Coal India,Energy
2025-02-04,351.8156433105469,355.69306611314863,350.2740321487659,352.70325230431837,4649921,COALINDIA.NS,Coal India,Energy
2025-02-05,357.7018127441406,359.8040174348641,353.0769510193586,353.1703880415415,5914200,COALINDIA.NS,Coal India,Energy
2025-02-06,354.6653137207031,359.3835842056371,352.4229676339323,357.6550989987384,4652107,COALINDIA.NS,Coal India,Energy
2025-02-07,353.40399169921875,357.8419796980853,351.30178685765037,354.57188327786787,3006598,COALINDIA.NS,Coal India,Energy
2025-02-10,346.1630554199219,354.8988899165154,344.7615855599222,352.2360914799205,3380494,COALINDIA.NS,Coal India,Energy
2025-02-11,335.4184265136719,346.16302792009867,334.01695676500754,345.6958713372106,6803431,COALINDIA.NS,Coal India,Energy
2025-02-12,336.67974853515625,338.0344854917734,328.457775726174,336.25929621342794,4565992,COALINDIA.NS,Coal India,Energy
2025-02-13,337.89434814453125,343.40679007831966,335.0447044156586,338.2213634526744,3712240,COALINDIA.NS,Coal India,Energy
2025-02-14,330.9337463378906,341.02431747723205,327.4767760979995,339.9965672562123,4464446,COALINDIA.NS,Coal India,Energy
2025-02-17,336.4461975097656,338.2213869319512,326.3088933314474,330.9337551933043,6017586,COALINDIA.NS,Coal India,Energy
2025-02-18,337.3804931640625,338.5483846327051,330.55998987940467,336.5863212627905,3843725,COALINDIA.NS,Coal India,Energy
2025-02-19,338.50164794921875,341.30458744152685,334.48411274876713,336.3527390769725,3097726,COALINDIA.NS,Coal India,Energy
2025-02-20,343.7805480957031,345.18201787430286,336.3527468639343,336.3527468639343,4624287,COALINDIA.NS,Coal India,Energy
2025-02-21,345.649169921875,346.8170613886836,341.30459085496665,343.4067954952222,5235241,COALINDIA.NS,Coal India,Energy
2025-02-24,340.8374328613281,344.29440299400204,337.4271954949188,343.8739506624964,4533486,COALINDIA.NS,Coal India,Energy
2025-02-25,337.42718505859375,341.398015906538,335.13813497168104,340.08998321216296,4525493,COALINDIA.NS,Coal India,Energy
2025-02-27,339.9498596191406,343.6403796089788,332.75563665655744,335.4184349485772,6196610,COALINDIA.NS,Coal India,Energy
2025-02-28,345.0885925292969,351.0681914177152,341.3046068912601,342.7060767172789,21899478,COALINDIA.NS,Coal India,Energy
2025-03-03,336.67974853515625,346.63017785730614,329.25194760445277,345.6958647094428,12675744,COALINDIA.NS,Coal India,Energy
2025-03-04,339.9498596191406,342.42578386811573,329.4388362398328,332.7089324022841,5535218,COALINDIA.NS,Coal India,Energy
2025-03-05,344.06085205078125,344.6681499566936,338.26809853366944,338.26809853366944,5730797,COALINDIA.NS,Coal India,Energy
2025-03-06,357.4682312011719,358.9164052364489,343.920689983897,345.7425835915382,11247215,COALINDIA.NS,Coal India,Energy
2025-03-07,355.64630126953125,364.0084155182797,354.4784098109337,357.4682233501335,8321771,COALINDIA.NS,Coal India,Energy
2025-03-10,350.5075988769531,361.20549665409055,349.4798486320747,355.6930543571675,5541001,COALINDIA.NS,Coal India,Energy
2025-03-11,354.1513977050781,355.0390066268353,343.82724852283,346.63018804883137,5340552,COALINDIA.NS,Coal India,Energy
2025-03-12,355.6930236816406,357.70179122935934,349.24624020746427,354.6185407606284,3951912,COALINDIA.NS,Coal India,Energy
2025-03-13,353.4506530761719,357.84193628432865,352.56307269186755,356.4404665599775,3918004,COALINDIA.NS,Coal India,Energy
2025-03-17,360.41131591796875,361.62591166946885,354.151406089835,355.2258890772882,5456361,COALINDIA.NS,Coal India,Energy
2025-03-18,360.41131591796875,360.41131591796875,360.41131591796875,360.41131591796875,0,COALINDIA.NS,Coal India,Energy
2025-03-19,369.8478698730469,371.903341716064,363.2609449911008,364.4288364404202,5827114,COALINDIA.NS,Coal India,Energy
2025-03-20,370.3617248535156,371.95006860468266,366.2974569715083,371.5763490494005,7025398,COALINDIA.NS,Coal India,Energy
2025-03-21,378.7705383300781,384.0961345921652,369.1471244675407,370.36172013497685,16564019,COALINDIA.NS,Coal India,Energy
2025-03-24,379.3311462402344,384.7501512099048,378.44353732536894,381.15306832317924,5260300,COALINDIA.NS,Coal India,Energy
2025-03-25,372.1369323730469,381.4333600237643,371.015773652226,381.199781726138,5636291,COALINDIA.NS,Coal India,Energy
2025-03-26,368.8668212890625,376.0143397177579,367.3252102896678,372.32379135932007,5025274,COALINDIA.NS,Coal India,Energy
2025-03-27,370.7822265625,373.39829231091267,366.2975057628206,367.41869309098496,7697174,COALINDIA.NS,Coal India,Energy
2025-03-28,372.04351806640625,375.50045970961673,367.65223473427557,370.92233085008235,6923988,COALINDIA.NS,Coal India,Energy
2025-04-01,371.5296630859375,376.1077923690424,369.1004429011335,371.66980437270007,4332950,COALINDIA.NS,Coal India,Energy
2025-04-02,371.3895263671875,375.22021649269,365.7836467239092,375.22021649269,4197123,COALINDIA.NS,Coal India,Energy
2025-04-03,370.96905517578125,373.72529059914064,367.371972064146,369.0537244666514,4970602,COALINDIA.NS,Coal India,Energy
2025-04-04,359.75726318359375,369.9880034726873,357.4682130981761,369.9880034726873,6718760,COALINDIA.NS,Coal India,Energy
2025-04-07,352.7032470703125,354.4784365185345,332.6155124689569,335.27831089777857,10202400,COALINDIA.NS,Coal India,Energy
2025-04-08,357.7018127441406,360.1777370106197,351.90905952451226,359.71058041268117,3577328,COALINDIA.NS,Coal India,Energy
2025-04-09,349.99371337890625,357.5616556329644,348.5922436471538,357.18790756078397,5781453,COALINDIA.NS,Coal India,Energy
2025-04-11,366.3442077636719,366.9982098893543,357.04778011133106,364.33544010633,6185984,COALINDIA.NS,Coal India,Energy
2025-04-15,369.2872619628906,372.79093617506226,367.65221399721054,372.79093617506226,4371156,COALINDIA.NS,Coal India,Energy
2025-04-16,373.0245361328125,373.81870803631654,366.71792218441806,369.2872834226528,4992290,COALINDIA.NS,Coal India,Energy
2025-04-17,372.6508483886719,373.3048505610162,362.79382641605355,370.82892613168724,8364450,COALINDIA.NS,Coal India,Energy
2025-04-21,374.19244384765625,379.33116654718714,369.6610190372928,373.02455232503564,8987570,COALINDIA.NS,Coal India,Energy
2025-04-22,372.417236328125,379.14427406355065,368.3996725778668,376.99536517160396,7558174,COALINDIA.NS,Coal India,Energy
2025-04-23,372.7442626953125,375.2201869737145,368.1194009482594,373.72528015051716,7429142,COALINDIA.NS,Coal India,Energy
2025-04-24,373.58514404296875,374.93988109447645,370.78220440305097,372.69753508513753,5762303,COALINDIA.NS,Coal India,Energy
2025-04-25,367.3252258300781,377.4625296685744,364.0551296572068,374.0055594520629,7337588,COALINDIA.NS,Coal India,Energy
2025-04-28,371.0624694824219,372.6040805091616,365.8303100317818,367.32521680524684,3458518,COALINDIA.NS,Coal India,Energy
2025-04-29,363.5412902832031,374.0523143169524,362.9339923749598,371.06250051993936,6274213,COALINDIA.NS,Coal India,Energy
2025-04-30,359.9908752441406,364.7091741520283,357.9354032508924,363.54128261734974,4559122,COALINDIA.NS,Coal India,Energy
2025-05-02,358.3091125488281,365.269757300795,356.3470491243228,360.1777389506473,5045851,COALINDIA.NS,Coal India,Energy
2025-05-05,360.27117919921875,362.4200881753618,356.6740676409129,360.5981945250604,6395704,COALINDIA.NS,Coal India,Energy
2025-05-06,353.40399169921875,362.1865306680644,352.60981972314175,361.1120761183028,5982166,COALINDIA.NS,Coal India,Energy
2025-05-07,358.1222229003906,361.85947554120025,345.97615181775944,345.97615181775944,9162368,COALINDIA.NS,Coal India,Energy
2025-05-08,360.1310119628906,369.00698681124493,357.1411985035184,364.38212535349163,14258083,COALINDIA.NS,Coal India,Energy
2025-05-09,357.2813415527344,358.07551342992923,352.2827605158926,354.1981195741831,3809943,COALINDIA.NS,Coal India,Energy
2025-05-12,369.5208740234375,370.0814676512264,362.0463683541897,366.2040735378993,6743279,COALINDIA.NS,Coal India,Energy
2025-05-13,369.1938781738281,373.3515835768684,368.1661278874946,369.520893516704,6307140,COALINDIA.NS,Coal India,Energy
2025-05-14,376.62164306640625,377.5092234666729,370.4084662126397,370.6887487573607,6822756,COALINDIA.NS,Coal India,Energy
2025-05-15,378.06982421875,379.7048722908181,373.3515540445438,377.22894805571013,10511989,COALINDIA.NS,Coal India,Energy
2025-05-16,378.2099609375,382.13408766838006,377.0888022379452,379.3311481500301,4702603,COALINDIA.NS,Coal India,Energy
2025-05-19,376.2479248046875,380.68591236030613,374.7062852644609,379.28444260590027,5446656,COALINDIA.NS,Coal India,Energy
2025-05-20,381.2932434082031,389.8422039516412,377.46255337678383,378.8640232531828,18755291,COALINDIA.NS,Coal India,Energy
2025-05-21,378.723876953125,386.38522840153536,377.6961266881129,384.6100389508657,7393102,COALINDIA.NS,Coal India,Energy
2025-05-22,372.6508483886719,379.9384803906549,367.37198418735284,378.3968692186559,7936875,COALINDIA.NS,Coal India,Energy
2025-05-23,375.1267395019531,376.5282092634797,372.79095656607547,373.9121437804869,4178408,COALINDIA.NS,Coal India,Energy
2025-05-26,376.2479248046875,379.14427282007955,375.36031588837375,376.1077550188668,6067873,COALINDIA.NS,Coal India,Energy
2025-05-27,373.67852783203125,377.042032110381,372.1368884393198,376.0610147813577,6553758,COALINDIA.NS,Coal India,Energy
2025-05-28,372.04351806640625,375.4537554560097,370.45517426210995,374.6595835538615,6002200,COALINDIA.NS,Coal India,Energy
2025-05-29,372.04351806640625,374.84645759424063,370.92233085008235,373.72527037791673,7724668,COALINDIA.NS,Coal India,Energy
2025-05-30,371.2026062011719,378.1632506322047,370.3150258090171,372.7442457219733,6565658,COALINDIA.NS,Coal India,Energy
2025-06-02,373.44500732421875,375.03332269845004,369.5208803752204,372.74427240568167,6119571,COALINDIA.NS,Coal India,Energy
2025-06-03,367.0449523925781,374.1924427881841,364.84931063367264,373.4450036210138,7360608,COALINDIA.NS,Coal India,Energy
2025-06-04,368.6799621582031,369.05368170290245,364.00839656702715,367.04491420129153,3861957,COALINDIA.NS,Coal India,Energy
2025-06-05,368.9602966308594,371.66979935259155,366.7646547913086,368.68001406111995,6097293,COALINDIA.NS,Coal India,Energy
2025-06-06,372.7442626953125,374.28587377333815,370.0347316038404,371.71651247230335,7633919,COALINDIA.NS,Coal India,Energy
2025-06-09,374.65960693359375,379.5180471568761,373.7252936993454,374.56616990757345,9626374,COALINDIA.NS,Coal India,Energy
2025-06-10,373.3048095703125,377.9296710914547,372.65080746978083,376.5282013593479,6362912,COALINDIA.NS,Coal India,Energy
2025-06-11,375.6873474121094,382.60125946293465,372.2303771302085,373.818720992266,11946342,COALINDIA.NS,Coal India,Energy
2025-06-12,366.90478515625,375.9209013449149,365.7835979718362,375.59388604004636,11262656,COALINDIA.NS,Coal India,Energy
2025-06-13,365.50335693359375,366.57781147475504,360.644916600111,364.3821696218738,5253032,COALINDIA.NS,Coal India,Energy
2025-06-16,368.4464111328125,368.6799894296492,360.8317643585311,365.3164562526055,3706240,COALINDIA.NS,Coal India,Energy
2025-06-17,365.59674072265625,369.8478828551842,364.4755819997405,368.1193977469245,3248476,COALINDIA.NS,Coal India,Energy
2025-06-18,364.70916748046875,367.5588113677657,362.6069627565025,365.59674792280197,4118145,COALINDIA.NS,Coal India,Energy
2025-06-19,359.0098571777344,365.78362806788033,358.3091222580641,364.7091735603146,4416367,COALINDIA.NS,Coal India,Energy
2025-06-20,363.4945373535156,366.06389864149,358.91640839753825,358.9631411651051,6531957,COALINDIA.NS,Coal India,Energy
2025-06-23,366.7178955078125,367.2784890761516,359.4302646583243,361.57917340515525,3359491,COALINDIA.NS,Coal India,Energy
2025-06-24,366.8580627441406,369.4274239773726,365.03616915927046,368.5398435682231,4606984,COALINDIA.NS,Coal India,Energy
2025-06-25,366.0171813964844,369.42741873689425,365.31644652463405,367.97924474026024,4672204,COALINDIA.NS,Coal India,Energy
2025-06-26,368.2595520019531,368.773441383588,364.98945571382444,366.2507842704123,5569101,COALINDIA.NS,Coal India,Energy
2025-06-27,368.2595520019531,371.5763810591269,366.34422129552564,369.05372394595116,16253653,COALINDIA.NS,Coal India,Energy
2025-06-30,366.2040710449219,371.2960608896468,365.1295880519011,369.52087150788054,4870935,COALINDIA.NS,Coal India,Energy
2025-07-01,364.1485290527344,368.0259226973338,363.44779423095235,366.7178900659352,5997283,COALINDIA.NS,Coal India,Energy
2025-07-02,361.48577880859375,365.97049936857337,360.1310417485296,364.3821554907308,7752338,COALINDIA.NS,Coal India,Energy
2025-07-03,361.0653381347656,363.4478253274806,360.1777292127089,362.4200751316716,3851213,COALINDIA.NS,Coal India,Energy
2025-07-04,360.73834228515625,362.4200946868772,358.2156851695979,362.2332491494509,3990767,COALINDIA.NS,Coal India,Energy
2025-07-07,359.0098571777344,361.1120619367452,358.7762788711776,361.1120619367452,2810768,COALINDIA.NS,Coal India,Energy
2025-07-08,357.7018127441406,360.1777370106197,357.18792337862266,359.6638761580777,5231160,COALINDIA.NS,Coal India,Energy
2025-07-09,361.9996643066406,362.6536664452892,357.701817841762,357.88866337581464,4497121,COALINDIA.NS,Coal India,Energy
2025-07-10,358.8229675292969,363.30768792802235,357.42149775087813,362.56022027174697,4668066,COALINDIA.NS,Coal India,Energy
2025-07-11,355.9266052246094,359.05653146081085,355.59958992013287,358.8229531737525,4677164,COALINDIA.NS,Coal India,Energy
2025-07-14,358.6361389160156,360.5514696316729,356.4404971236676,356.9076537385086,5109504,COALINDIA.NS,Coal India,Energy
2025-07-15,361.0653381347656,361.8127772700947,358.2623986078185,358.6828224290754,4586811,COALINDIA.NS,Coal India,Energy
2025-07-16,361.0653381347656,362.51351215183155,359.6638683712921,361.25218366211027,5205724,COALINDIA.NS,Coal India,Energy
2025-07-17,360.55145263671875,362.70039007148114,359.6171394510766,361.6259070976121,3749218,COALINDIA.NS,Coal India,Energy
2025-07-18,362.98065185546875,363.6813867046106,358.86967977643144,361.5791821571851,5172481,COALINDIA.NS,Coal India,Energy
2025-07-21,361.392333984375,363.8215540044802,360.084301208311,363.44783442745853,4396850,COALINDIA.NS,Coal India,Energy
2025-07-22,363.5412902832031,366.01721468633525,360.1777568898079,361.39235270629456,5043629,COALINDIA.NS,Coal India,Energy
2025-07-23,365.0828857421875,366.67122959974324,363.3076963509628,363.8215572097728,3670943,COALINDIA.NS,Coal India,Energy
2025-07-24,360.22442626953125,365.08286609103175,358.6828152631046,364.4755682415879,4022204,COALINDIA.NS,Coal India,Energy
2025-07-25,355.7864685058594,360.55147170726354,355.03902932300184,360.2244563723969,4616856,COALINDIA.NS,Coal India,Energy
2025-07-28,353.49737548828125,358.63609766040037,352.23604707071183,356.16017358915593,4521716,COALINDIA.NS,Coal India,Energy
2025-07-29,358.4492492675781,359.00984288358944,352.1893680088833,352.1893680088833,4872086,COALINDIA.NS,Coal India,Energy
2025-07-30,354.945556640625,358.82295047402476,354.1513847680071,358.7762462221543,5107774,COALINDIA.NS,Coal India,Energy
2025-07-31,351.6287841796875,354.1047084969256,350.0871730774809,353.1703952818941,6461803,COALINDIA.NS,Coal India,Energy
2025-08-01,348.0316467285156,356.113449735187,346.34989447166157,350.3674295924654,13769152,COALINDIA.NS,Coal India,Energy
2025-08-04,350.0871887207031,353.87114600547153,345.88277906519255,347.98498389294787,19756930,COALINDIA.NS,Coal India,Energy
2025-08-05,354.57183837890625,355.69302555762613,349.900272655864,351.3017423727767,6846687,COALINDIA.NS,Coal India,Energy
2025-08-06,357.2738037109375,358.411450030775,354.1452112337466,354.5718466863628,5808208,COALINDIA.NS,Coal India,Energy
2025-08-07,359.8335266113281,360.4971753248789,354.1926282752792,355.51989677009755,3468573,COALINDIA.NS,Coal India,Energy
2025-08-08,359.97576904296875,362.2510906674367,358.506269397376,359.3121203085354,4172600,COALINDIA.NS,Coal India,Energy
2025-08-11,362.63031005859375,364.7160384475308,356.98938255143514,358.3640711167279,5740719,COALINDIA.NS,Coal India,Energy
2025-08-12,365.3322448730469,366.37510900385337,361.39783054218316,361.72962596046835,4860757,COALINDIA.NS,Coal India,Energy
2025-08-13,366.04327392578125,367.8445688631392,365.0952209132474,365.9010717603576,4216888,COALINDIA.NS,Coal India,Energy
2025-08-14,364.47900390625,366.7543254226937,362.677679978961,366.04328564053736,4034887,COALINDIA.NS,Coal India,Energy
2025-08-18,367.65496826171875,368.366008062843,364.09976925609766,366.564713019785,3520271,COALINDIA.NS,Coal India,Energy
2025-08-19,365.3322448730469,368.3186061635924,364.2893807422404,368.3186061635924,5219052,COALINDIA.NS,Coal India,Energy
2025-08-20,364.7160339355469,366.7543422849873,363.62574974028615,365.9484913750362,4904231,COALINDIA.NS,Coal India,Energy
2025-08-21,363.3707580566406,366.6378699950099,362.5059386207281,366.061343254308,6212604,COALINDIA.NS,Coal India,Energy
2025-08-22,359.81536865234375,364.18752910559414,359.43097840712124,363.37074382178406,4699261,COALINDIA.NS,Coal India,Energy
2025-08-25,365.1484680175781,365.8691557834023,360.1516877779198,360.34388291208364,4349832,COALINDIA.NS,Coal India,Energy
2025-08-26,357.8935241699219,365.004303623935,356.88454379325947,364.18751836421524,6381642,COALINDIA.NS,Coal India,Energy
2025-08-28,359.6712341308594,361.20870725037946,354.24205875320916,357.94159519943724,4372269,COALINDIA.NS,Coal India,Energy
2025-08-29,360.15167236328125,364.1875354091041,358.08570672131486,358.08570672131486,4578400,COALINDIA.NS,Coal India,Energy
2025-09-01,363.1304931640625,363.8031467286713,360.43993755534075,360.6321033417599,2829114,COALINDIA.NS,Coal India,Energy
2025-09-02,365.2445373535156,369.95302452799115,364.23555696443356,366.2534884177397,7511709,COALINDIA.NS,Coal India,Energy
2025-09-03,374.5654296875,377.928639140966,365.14845494773886,366.0613378150519,8111851,COALINDIA.NS,Coal India,Energy
2025-09-04,376.15093994140625,376.7755300742313,370.62566765320616,376.4872374034109,5515006,COALINDIA.NS,Coal India,Energy
2025-09-05,377.30401611328125,377.88057212007595,373.7966752821603,377.06378688752153,4535470,COALINDIA.NS,Coal India,Energy
2025-09-08,371.92291259765625,380.42703390068334,371.2022248486685,378.6012974682197,4607020,COALINDIA.NS,Coal India,Energy
2025-09-09,372.7877502441406,374.18106225573547,371.6346381501888,373.50843797164583,4376579,COALINDIA.NS,Coal India,Energy
2025-09-10,376.5833435058594,377.3040312119786,372.8838074161425,373.3162317697571,4285507,COALINDIA.NS,Coal India,Energy
2025-09-11,377.9766845703125,379.0817331873827,375.2380654237591,378.26494792264117,3442373,COALINDIA.NS,Coal India,Energy
2025-09-12,378.9376220703125,380.7153243724085,377.8325733932883,378.16887088096485,4276055,COALINDIA.NS,Coal India,Energy
2025-09-15,379.3219909667969,384.991395479796,378.8895665809059,378.9376300264827,4618798,COALINDIA.NS,Coal India,Energy
2025-09-16,380.3309326171875,381.4840447342372,378.6493278859912,379.5622107557272,2581384,COALINDIA.NS,Coal India,Energy
2025-09-17,384.1265563964844,386.72104392948097,381.9644932272734,386.2886195656954,5970395,COALINDIA.NS,Coal India,Energy
2025-09-18,377.7845153808594,385.08749049794454,375.33418874331795,384.84726124623035,5899621,COALINDIA.NS,Coal India,Energy
2025-09-19,379.08172607421875,379.7543796501742,376.19897530559354,378.6012676127812,5272435,COALINDIA.NS,Coal India,Energy
2025-09-22,379.27392578125,381.4359888838987,377.97668205468926,379.08173066440486,3399517,COALINDIA.NS,Coal India,Energy
2025-09-23,378.6493225097656,380.28289309824873,376.77555200223856,379.32197612263724,4720322,COALINDIA.NS,Coal India,Energy
2025-09-24,377.4962463378906,380.1387680670507,376.43923178125476,379.0817535104148,5139791,COALINDIA.NS,Coal India,Energy
2025-09-25,377.159912109375,379.7543996678416,376.3431268169052,376.7274877413443,4563970,COALINDIA.NS,Coal India,Energy
2025-09-26,373.9408264160156,377.59232843253596,372.88381190268456,377.1599040737184,4698693,COALINDIA.NS,Coal India,Energy
2025-09-29,373.1240539550781,376.295097603974,370.52959568764607,374.56542943416014,6606409,COALINDIA.NS,Coal India,Energy
2025-09-30,374.7095947265625,376.102906777358,371.97097542002024,374.46936547730195,5362610,COALINDIA.NS,Coal India,Energy
2025-10-01,373.3162536621094,379.4661165833344,372.73969759843146,374.56543402936177,4976933,COALINDIA.NS,Coal India,Energy
2025-10-03,368.3675231933594,373.89279572404473,366.5898209489498,373.31623968195805,7431240,COALINDIA.NS,Coal India,Energy
2025-10-06,366.97418212890625,369.0882111764368,365.1004116468691,368.51165513394136,7022052,COALINDIA.NS,Coal India,Energy
2025-10-07,369.6647644042969,373.74866146399535,368.79991568470945,368.9921108056974,7895734,COALINDIA.NS,Coal India,Energy
2025-10-08,367.1663818359375,371.2983130965073,366.2054648613995,370.4334936843949,3642904,COALINDIA.NS,Coal India,Energy
2025-10-09,368.3675231933594,371.20221063592635,365.676938105241,368.0311963917373,4628511,COALINDIA.NS,Coal India,Energy
2025-10-10,369.47259521484375,371.5866243946517,367.98318555965653,368.99213670351105,5061600,COALINDIA.NS,Coal India,Energy
2025-10-13,366.6378479003906,369.28036949384733,365.77302851659454,368.27141843356156,4750043,COALINDIA.NS,Coal India,Energy
2025-10-14,366.0613098144531,370.09714325498965,365.2445245732596,367.11829495909035,4288494,COALINDIA.NS,Coal India,Energy
2025-10-15,369.23236083984375,370.33740953561556,366.3496098118163,366.3496098118163,6135157,COALINDIA.NS,Coal India,Energy
2025-10-16,372.451416015625,372.7877428133952,369.4725676030088,369.9530260784354,3513302,COALINDIA.NS,Coal India,Energy
2025-10-17,373.6044921875,374.2771457712039,370.1932488019417,372.45140946168175,4093872,COALINDIA.NS,Coal India,Energy
2025-10-20,375.33416748046875,376.679445348886,373.26820189773605,374.75761144404476,4007425,COALINDIA.NS,Coal India,Energy
2025-10-21,375.81463623046875,377.7845043068388,375.334177741124,377.73647018784794,678084,COALINDIA.NS,Coal India,Energy
2025-10-23,377.30401611328125,378.98562069359946,375.1900165215095,376.295065095033,4311356,COALINDIA.NS,Coal India,Energy
2025-10-24,378.6493225097656,379.9946297355088,375.52634233902825,377.3040446088813,4070949,COALINDIA.NS,Coal India,Energy
2025-10-27,381.1957702636719,382.63714570556897,378.21692181877944,380.04265818021076,5438773,COALINDIA.NS,Coal India,Energy
2025-10-28,376.1029052734375,382.63715842211195,374.1330371673216,381.4360121806122,7672258,COALINDIA.NS,Coal India,Energy
2025-10-29,367.0702819824219,383.69413380822687,365.1964821638247,377.8805978785011,26856509,COALINDIA.NS,Coal India,Energy
2025-10-30,372.5475158691406,373.74866206510137,364.4757899723975,367.98316032448963,15154040,COALINDIA.NS,Coal India,Energy
2025-10-31,373.46038818359375,378.7934951570495,372.59556874393763,374.7095978851946,13103909,COALINDIA.NS,Coal India,Energy
2025-11-03,373.3642578125,375.6224184411434,372.1631116616107,375.28609165392294,14152223,COALINDIA.NS,Coal India,Energy
2025-11-04,372.6240539550781,377.0160063914343,371.5877654617147,375.042100598809,10536699,COALINDIA.NS,Coal India,Energy
2025-11-06,368.2814636230469,373.7590702155045,367.49191336150557,373.7590702155045,6648689,COALINDIA.NS,Coal India,Energy
2025-11-07,371.09429931640625,371.83451400919165,366.65301115969396,367.1464876215509,4650451,COALINDIA.NS,Coal India,Energy
2025-11-10,376.3744812011719,377.410769661959,371.1929786584139,371.1929786584139,4451727,COALINDIA.NS,Coal India,Energy
2025-11-11,377.8055725097656,378.00297514507406,373.66038824300813,376.4732101393802,3299015,COALINDIA.NS,Coal India,Energy
2025-11-12,381.4573059082031,382.5429601507119,377.70689683707786,379.23666182464956,4326520,COALINDIA.NS,Coal India,Energy
2025-11-13,378.20037841796875,382.34556269171435,377.7562375474826,381.4573110701556,3480764,COALINDIA.NS,Coal India,Energy
2025-11-14,381.90142822265625,382.29620335000783,377.31207324403294,378.20035492983845,3760163,COALINDIA.NS,Coal India,Energy
2025-11-17,382.7897033691406,384.1220958605136,381.1118713252764,381.9507873472085,3847261,COALINDIA.NS,Coal India,Energy
2025-11-18,378.9405822753906,382.7896926049076,377.95362936426255,382.7896926049076,4462641,COALINDIA.NS,Coal India,Energy
2025-11-19,374.1044921875,378.8418842739987,373.5123445311739,378.10166958417824,5332643,COALINDIA.NS,Coal India,Energy
2025-11-20,374.6966552734375,376.275785907028,372.62404819931317,376.0290476867611,3971851,COALINDIA.NS,Coal India,Energy
2025-11-21,373.2655944824219,375.387537168837,372.6240510093606,373.068191856955,3088629,COALINDIA.NS,Coal India,Energy
2025-11-24,367.6893005371094,373.265608664594,367.1464884755693,373.2162429466457,5543493,COALINDIA.NS,Coal India,Energy
2025-11-25,365.221923828125,368.52822220489037,364.7778130762515,367.73867189972856,4902920,COALINDIA.NS,Coal India,Energy
2025-11-26,372.42669677734375,372.77213632915465,366.4556134372223,366.99845562418614,4102285,COALINDIA.NS,Coal India,Energy
2025-11-27,373.1175231933594,373.75906665909554,371.1929831543855,372.4266742509373,3330267,COALINDIA.NS,Coal India,Energy
2025-11-28,371.2423400878906,374.25256460813864,370.0086489204316,374.0551619735799,4689402,COALINDIA.NS,Coal India,Energy
2025-12-01,374.6966552734375,375.0420948056935,370.89688065744485,371.98253485050157,4217206,COALINDIA.NS,Coal India,Energy
2025-12-02,374.0058288574219,374.9434160792668,371.8345203405148,374.5486409269419,3695491,COALINDIA.NS,Coal India,Energy
2025-12-03,370.35406494140625,374.3512120222565,367.3438707318189,374.0058026128436,4650434,COALINDIA.NS,Coal India,Energy
2025-12-04,374.1044921875,374.7953712790976,368.9229893587567,370.1073449102346,3135061,COALINDIA.NS,Coal India,Energy
2025-12-05,374.9927673339844,375.6836162940526,371.5877677727638,373.95644871476355,3154258,COALINDIA.NS,Coal India,Energy
2025-12-08,372.42669677734375,375.9303676557074,370.6501634192078,375.9303676557074,3911363,COALINDIA.NS,Coal India,Energy
2025-12-09,374.40057373046875,376.2264425466461,368.47885656626806,370.2060240724933,4242651,COALINDIA.NS,Coal India,Energy
2025-12-10,377.1640319824219,377.9042466324408,373.31492182620576,373.5616600428787,4752336,COALINDIA.NS,Coal India,Energy
2025-12-11,378.98992919921875,380.3223216929424,375.53559390703833,377.3614628710735,2695140,COALINDIA.NS,Coal India,Energy
2025-12-12,378.348388671875,380.71706953557634,377.26273449118355,379.53271404402,1410201,COALINDIA.NS,Coal India,Energy
2025-12-15,379.4340515136719,379.97686355670237,375.1408004080449,378.9899106643473,1870236,COALINDIA.NS,Coal India,Energy
2025-12-16,376.6212463378906,379.18732999494,373.4136492964322,378.989927360008,5109787,COALINDIA.NS,Coal India,Energy
2025-12-17,379.7301330566406,380.47034774096153,375.8316570047853,375.88102272205424,3651138,COALINDIA.NS,Coal India,Energy
2025-12-18,380.27294921875,381.45730477422296,377.85493262882767,379.3846976118517,2379619,COALINDIA.NS,Coal India,Energy
2025-12-19,380.56903076171875,382.2961982754408,378.4964237213701,379.9768530188461,3611941,COALINDIA.NS,Coal India,Energy
2025-12-22,381.2105712890625,381.9014503915912,379.03926278346955,380.5690579049506,3112021,COALINDIA.NS,Coal India,Energy
2025-12-23,395.1759338378906,395.7187760027546,381.4079589997683,382.394911896526,18487395,COALINDIA.NS,Coal India,Energy
2025-12-24,397.1004943847656,407.0193587083864,396.50831663721857,398.53155797864207,17624423,COALINDIA.NS,Coal India,Energy
2025-12-26,396.9031066894531,403.0715623762823,395.3733417268845,398.5315729668935,5435637,COALINDIA.NS,Coal India,Energy
2025-12-29,395.42266845703125,400.20939598654803,393.7942022161102,398.72896665490856,6105510,COALINDIA.NS,Coal India,Energy
2025-12-30,392.8072509765625,394.9785593865093,390.3398687468102,394.78115676036435,4418163,COALINDIA.NS,Coal India,Energy
2025-12-31,393.7942199707031,398.72898463199016,392.3631261711646,393.202042187466,4644679,COALINDIA.NS,Coal India,Energy
2026-01-01,395.2253112792969,397.54462655995354,393.0540027942502,393.794217488778,3161157,COALINDIA.NS,Coal India,Energy
2026-01-02,422.317138671875,423.8962693312171,395.76811176209094,396.1135512999802,35090129,COALINDIA.NS,Coal India,Energy
2026-01-05,421.8730163574219,431.0023304055312,417.97454047289716,425.3273514026524,17258568,COALINDIA.NS,Coal India,Energy
2026-01-06,421.47821044921875,425.6727601403841,419.15889530375046,421.4288748535578,6308113,COALINDIA.NS,Coal India,Energy
2026-01-07,426.0182189941406,426.8077993964135,418.12259568788744,421.37955837336443,8920605,COALINDIA.NS,Coal India,Energy
2026-01-08,419.70172119140625,428.3375590760031,417.925218017197,426.0182137345432,5991259,COALINDIA.NS,Coal India,Energy
2026-01-09,412.8917541503906,422.76128320803394,411.7567643326441,418.17195822011223,7306605,COALINDIA.NS,Coal India,Energy
2026-01-12,426.65972900390625,427.4986449974717,410.2269691510589,413.4345660939641,14407896,COALINDIA.NS,Coal India,Energy
2026-01-13,423.3041076660156,430.1140768915158,420.0471750292935,428.33757365683346,7104004,COALINDIA.NS,Coal India,Energy
2026-01-14,426.5610656738281,436.2331922783892,421.8236735683879,422.41585134649455,17125550,COALINDIA.NS,Coal India,Energy
2026-01-15,426.5610656738281,426.5610656738281,426.5610656738281,426.5610656738281,0,COALINDIA.NS,Coal India,Energy
2026-01-16,425.376708984375,427.9427926030589,422.41585022114265,426.5610645374331,6410141,COALINDIA.NS,Coal India,Energy
2026-01-19,424.53778076171875,427.2025656197152,422.7612776026625,425.3766967443778,7105031,COALINDIA.NS,Coal India,Energy
2026-01-20,409.88153076171875,425.3273678718609,408.1543631722254,424.4884518759387,6768420,COALINDIA.NS,Coal India,Energy
2026-01-21,408.6478271484375,414.1747692899354,406.1804449530734,409.5361088342978,7312100,COALINDIA.NS,Coal India,Energy
2026-01-22,417.678466796875,421.28083874991677,411.7073838593678,411.7073838593678,11497522,COALINDIA.NS,Coal India,Energy
2026-01-23,412.94110107421875,420.244546753314,409.9802422757142,418.4680435219766,6520896,COALINDIA.NS,Coal India,Energy
2026-01-27,417.38238525390625,421.37956266505523,413.4345735605718,415.50718072345495,8749844,COALINDIA.NS,Coal India,Energy
2026-01-28,438.25640869140625,440.13164323486774,416.0993348914296,417.97453931547983,17496873,COALINDIA.NS,Coal India,Energy
2026-01-29,449.80377197265625,455.5280865896013,436.7759819983112,440.18098145870476,16915601,COALINDIA.NS,Coal India,Energy
2026-01-30,434.9994812011719,448.02727124520527,431.29840790677736,448.02727124520527,10191610,COALINDIA.NS,Coal India,Energy
2026-02-02,417.97454833984375,419.94845411712754,407.61154300910385,413.5332603409552,9618062,COALINDIA.NS,Coal India,Energy
2026-02-03,423.7975769042969,431.29842510389943,414.4708899021874,431.29842510389943,13955805,COALINDIA.NS,Coal India,Energy
2026-02-04,429.2257995605469,435.6409932517375,422.85997158478153,425.8701658074987,11476290,COALINDIA.NS,Coal India,Energy
2026-02-05,426.2156066894531,432.0879582460571,422.1197582667403,431.2984079908636,5252658,COALINDIA.NS,Coal India,Energy
2026-02-06,427.1531982421875,428.534956382093,421.4782191313575,424.9325542422975,4738027,COALINDIA.NS,Coal India,Energy
2026-02-09,426.06756591796875,429.12709571865844,424.1923313699185,428.3375454706246,4512635,COALINDIA.NS,Coal India,Energy
2026-02-10,425.3273620605469,428.09081811821375,423.10671804725354,426.3636505523189,5103221,COALINDIA.NS,Coal India,Energy
2026-02-11,417.7278137207031,422.3665043850948,414.81629062633203,420.63933681507416,5715603,COALINDIA.NS,Coal India,Energy
2026-02-12,413.6813049316406,420.39260277066865,410.72044621073746,418.2212943275747,5987886,COALINDIA.NS,Coal India,Energy
2026-02-13,403.6144104003906,412.1515471708599,402.7754943909359,406.9206786009387,8190851,COALINDIA.NS,Coal India,Energy
2026-02-16,416.98760986328125,418.3200023328808,401.29506441538587,402.676792483358,9719418,COALINDIA.NS,Coal India,Energy
2026-02-17,416.04998779296875,419.06021224467617,413.0397934606739,416.7408668787803,4564907,COALINDIA.NS,Coal India,Energy
2026-02-18,418.0,418.79998779296875,413.1000061035156,418.45001220703125,4872345,COALINDIA.NS,Coal India,Energy
2026-02-19,416.1499938964844,419.8500061035156,414.6000061035156,418.0,3824366,COALINDIA.NS,Coal India,Energy
2026-02-20,423.54998779296875,425.5,415.04998779296875,416.0,8843227,COALINDIA.NS,Coal India,Energy
2026-02-23,426.0,427.5,418.95001220703125,426.0,6515765,COALINDIA.NS,Coal India,Energy
2026-02-24,430.95001220703125,432.0,422.1000061035156,424.0,8950772,COALINDIA.NS,Coal India,Energy
2026-02-25,438.6000061035156,439.6499938964844,428.54998779296875,430.95001220703125,8935314,COALINDIA.NS,Coal India,Energy
2026-02-26,433.5,439.54998779296875,429.5,438.75,8650353,COALINDIA.NS,Coal India,Energy
2026-02-27,430.6499938964844,434.3999938964844,425.45001220703125,432.79998779296875,8147373,COALINDIA.NS,Coal India,Energy
2026-03-02,426.25,429.6000061035156,416.0,417.8999938964844,7498197,COALINDIA.NS,Coal India,Energy
2026-03-04,435.1499938964844,437.8999938964844,426.0,426.0,18921256,COALINDIA.NS,Coal India,Energy
2026-03-05,449.3999938964844,458.5,440.0,440.1499938964844,30106255,COALINDIA.NS,Coal India,Energy
2026-03-06,440.45001220703125,451.6000061035156,438.6000061035156,451.1499938964844,10553695,COALINDIA.NS,Coal India,Energy
2026-03-09,437.6499938964844,447.20001220703125,434.79998779296875,439.0,15824576,COALINDIA.NS,Coal India,Energy
2026-03-10,443.54998779296875,444.8999938964844,433.75,444.79998779296875,10860312,COALINDIA.NS,Coal India,Energy
2026-03-11,446.75,453.8999938964844,445.1499938964844,447.0,9975869,COALINDIA.NS,Coal India,Energy
2026-03-12,470.1000061035156,474.0,445.0,446.75,27328045,COALINDIA.NS,Coal India,Energy
2026-03-13,467.0,476.0,462.29998779296875,473.0,20216953,COALINDIA.NS,Coal India,Energy
2026-03-16,460.29998779296875,470.79998779296875,456.0,467.0,12312203,COALINDIA.NS,Coal India,Energy
2026-03-17,462.25,465.5,458.0,460.29998779296875,9193238,COALINDIA.NS,Coal India,Energy
2026-03-18,455.20001220703125,462.8500061035156,449.20001220703125,462.25,9539041,COALINDIA.NS,Coal India,Energy
2026-03-19,454.20001220703125,460.0,450.6499938964844,450.8999938964844,10192726,COALINDIA.NS,Coal India,Energy
2026-03-20,468.1499938964844,472.3999938964844,456.20001220703125,456.70001220703125,23878653,COALINDIA.NS,Coal India,Energy
2026-03-23,455.25,466.0,450.6499938964844,466.0,10163783,COALINDIA.NS,Coal India,Energy
2026-03-24,442.1000061035156,463.0,439.0,463.0,20320746,COALINDIA.NS,Coal India,Energy
2026-03-25,443.70001220703125,446.3999938964844,438.79998779296875,443.54998779296875,8630612,COALINDIA.NS,Coal India,Energy
2026-03-27,445.04998779296875,448.5,441.04998779296875,446.0,17184280,COALINDIA.NS,Coal India,Energy
2026-03-30,450.45001220703125,459.8999938964844,443.1000061035156,445.04998779296875,19114688,COALINDIA.NS,Coal India,Energy
2026-04-01,449.3999938964844,464.8500061035156,446.79998779296875,464.0,14960312,COALINDIA.NS,Coal India,Energy
2026-04-02,449.3500061035156,453.29998779296875,440.5,448.3999938964844,6701003,COALINDIA.NS,Coal India,Energy
2026-04-06,459.54998779296875,461.45001220703125,447.3999938964844,449.29998779296875,12403745,COALINDIA.NS,Coal India,Energy
2026-04-07,463.0,463.79998779296875,455.29998779296875,458.04998779296875,11316785,COALINDIA.NS,Coal India,Energy
2026-04-08,449.25,464.0,447.0,464.0,20653569,COALINDIA.NS,Coal India,Energy
2026-04-09,454.1000061035156,456.20001220703125,447.8500061035156,449.25,9468415,COALINDIA.NS,Coal India,Energy
2026-04-10,434.1000061035156,459.6000061035156,427.5,455.0,29605732,COALINDIA.NS,Coal India,Energy
2026-04-13,435.1000061035156,439.5,431.5,435.0,18702296,COALINDIA.NS,Coal India,Energy
2026-04-15,435.79998779296875,439.0,431.3999938964844,439.0,10149319,COALINDIA.NS,Coal India,Energy
2026-04-16,432.75,436.95001220703125,430.5,436.5,11776638,COALINDIA.NS,Coal India,Energy
2026-04-17,438.75,440.1499938964844,430.5,432.79998779296875,10733309,COALINDIA.NS,Coal India,Energy
2026-04-20,441.75,443.70001220703125,433.29998779296875,438.6000061035156,8090840,COALINDIA.NS,Coal India,Energy
2026-04-21,443.1499938964844,445.29998779296875,441.8999938964844,442.29998779296875,5336558,COALINDIA.NS,Coal India,Energy
2026-04-22,444.1499938964844,447.75,442.5,443.79998779296875,6991939,COALINDIA.NS,Coal India,Energy
2026-04-23,450.6499938964844,451.5,442.6499938964844,444.25,8989280,COALINDIA.NS,Coal India,Energy
2026-04-24,456.0,462.0,451.04998779296875,452.75,16441909,COALINDIA.NS,Coal India,Energy
2026-04-27,452.5,460.6499938964844,450.6499938964844,458.5,6922067,COALINDIA.NS,Coal India,Energy
2026-04-28,467.0,473.8999938964844,456.20001220703125,456.20001220703125,26732373,COALINDIA.NS,Coal India,Energy
2026-04-29,479.8999938964844,485.70001220703125,464.04998779296875,469.8500061035156,18063862,COALINDIA.NS,Coal India,Energy
2026-04-30,481.45001220703125,491.25,478.3999938964844,484.45001220703125,16935052,COALINDIA.NS,Coal India,Energy
2026-05-01,481.45001220703125,481.45001220703125,481.45001220703125,481.45001220703125,0,COALINDIA.NS,Coal India,Energy
2026-05-04,479.95001220703125,487.0,475.6000061035156,481.6000061035156,7757497,COALINDIA.NS,Coal India,Energy
2026-05-05,472.6000061035156,480.0,471.20001220703125,479.95001220703125,6946902,COALINDIA.NS,Coal India,Energy
2026-05-06,470.20001220703125,477.5,468.04998779296875,473.8500061035156,8596697,COALINDIA.NS,Coal India,Energy
2026-05-07,466.6499938964844,472.8500061035156,456.1000061035156,470.20001220703125,24264105,COALINDIA.NS,Coal India,Energy
2026-05-08,456.3999938964844,463.3500061035156,454.8999938964844,461.20001220703125,15767759,COALINDIA.NS,Coal India,Energy
2026-05-11,464.45001220703125,465.75,452.8500061035156,456.0,6258261,COALINDIA.NS,Coal India,Energy
2026-05-12,463.04998779296875,469.0,461.6499938964844,465.0,6464174,COALINDIA.NS,Coal India,Energy
2026-05-13,462.25,473.6000061035156,459.5,463.25,12091924,COALINDIA.NS,Coal India,Energy
2026-05-14,454.04998779296875,469.79998779296875,451.45001220703125,464.0,11408675,COALINDIA.NS,Coal India,Energy
2026-05-15,462.20001220703125,468.5,455.25,457.0,7859575,COALINDIA.NS,Coal India,Energy
2026-05-18,462.1000061035156,468.5,457.04998779296875,462.0,7735499,COALINDIA.NS,Coal India,Energy
2026-05-19,456.95001220703125,463.25,454.0,462.1000061035156,7319865,COALINDIA.NS,Coal India,Energy
2026-05-20,,,,,3754129,COALINDIA.NS,Coal India,Energy
