Date,Close,High,Low,Open,Volume,Ticker,Company,Sector
2021-05-21,2404.76416015625,2440.2306421789776,2396.4218987305553,2431.1733297739374,743110,EICHERMOT.NS,Eicher Motors,Auto
2021-05-24,2432.317138671875,2458.821739061783,2408.863608388062,2422.5924928096124,850202,EICHERMOT.NS,Eicher Motors,Auto
2021-05-25,2502.725830078125,2511.258724140769,2445.474042301091,2445.474042301091,1018896,EICHERMOT.NS,Eicher Motors,Auto
2021-05-26,2510.7822265625,2532.3766720677454,2485.5648097044063,2516.9793347731156,1026040,EICHERMOT.NS,Eicher Motors,Auto
2021-05-27,2482.70458984375,2552.2551649891075,2468.498771456062,2525.559929793106,1507004,EICHERMOT.NS,Eicher Motors,Auto
2021-05-28,2515.501708984375,2583.717621143377,2503.7273421405152,2507.4455142461557,2284342,EICHERMOT.NS,Eicher Motors,Auto
2021-05-31,2551.444580078125,2560.8356751943847,2493.525456002154,2515.5014006611395,838679,EICHERMOT.NS,Eicher Motors,Auto
2021-06-01,2541.5771484375,2577.9970303459518,2488.37731109576,2488.37731109576,1126551,EICHERMOT.NS,Eicher Motors,Auto
2021-06-02,2552.97021484375,2568.4629852633975,2515.1679481254014,2522.270740934229,659428,EICHERMOT.NS,Eicher Motors,Auto
2021-06-03,2638.7763671875,2645.211825765231,2553.256319751779,2555.3060393783526,1265747,EICHERMOT.NS,Eicher Motors,Auto
2021-06-04,2616.705078125,2645.688382069835,2597.16035314034,2638.4901563153735,621362,EICHERMOT.NS,Eicher Motors,Auto
2021-06-07,2626.09619140625,2667.521431767108,2617.1820288174026,2622.0919524576134,602326,EICHERMOT.NS,Eicher Motors,Auto
2021-06-08,2635.010498046875,2649.5021509161456,2617.0865074720473,2636.1545330273993,441932,EICHERMOT.NS,Eicher Motors,Auto
2021-06-09,2601.879638671875,2645.1639608324813,2591.4399418950475,2637.2984007896157,471760,EICHERMOT.NS,Eicher Motors,Auto
2021-06-10,2578.998046875,2626.6203918181463,2565.602713024549,2601.879676422599,571287,EICHERMOT.NS,Eicher Motors,Auto
2021-06-11,2618.421142578125,2624.2847000195948,2584.5279137993025,2594.5861109395823,596669,EICHERMOT.NS,Eicher Motors,Auto
2021-06-14,2617.03857421875,2642.6852061260784,2584.670650070731,2612.3192848372564,525550,EICHERMOT.NS,Eicher Motors,Auto
2021-06-15,2634.724365234375,2657.177011317212,2612.939053476493,2617.086442036678,646742,EICHERMOT.NS,Eicher Motors,Auto
2021-06-16,2613.32080078125,2648.215150316685,2597.351328267678,2622.807097602184,312868,EICHERMOT.NS,Eicher Motors,Auto
2021-06-17,2549.156494140625,2643.68613133669,2540.5281666071965,2593.2513002571295,701970,EICHERMOT.NS,Eicher Motors,Auto
2021-06-18,2581.3818359375,2588.484629343673,2520.983768147215,2549.299741296628,649498,EICHERMOT.NS,Eicher Motors,Auto
2021-06-21,2572.70556640625,2614.2262375562646,2537.9541372628655,2537.9541372628655,528922,EICHERMOT.NS,Eicher Motors,Auto
2021-06-22,2591.535400390625,2630.768004047888,2572.2767404360816,2574.1835430605706,477522,EICHERMOT.NS,Eicher Motors,Auto
2021-06-23,2601.450927734375,2634.2478399469737,2582.3829013865866,2594.204984616618,432919,EICHERMOT.NS,Eicher Motors,Auto
2021-06-24,2580.61865234375,2607.552235766198,2568.4627872592823,2601.450561299971,402741,EICHERMOT.NS,Eicher Motors,Auto
2021-06-25,2594.014404296875,2598.0186433595286,2557.9757872049963,2575.1370112712243,455803,EICHERMOT.NS,Eicher Motors,Auto
2021-06-28,2612.748291015625,2624.665806102419,2586.1962070606273,2596.5881871107254,243077,EICHERMOT.NS,Eicher Motors,Auto
2021-06-29,2579.0458984375,2620.9001215694097,2574.18345879862,2612.319510040081,290136,EICHERMOT.NS,Eicher Motors,Auto
2021-06-30,2546.677490234375,2598.0182373140374,2540.9570831063443,2581.3814331361395,391735,EICHERMOT.NS,Eicher Motors,Auto
2021-07-01,2550.63427734375,2582.7638512363856,2543.578968804179,2555.115216431714,463026,EICHERMOT.NS,Eicher Motors,Auto
2021-07-02,2537.0009765625,2565.698450124519,2518.8863510252254,2549.395194035372,621222,EICHERMOT.NS,Eicher Motors,Auto
2021-07-05,2575.1845703125,2593.2514779905564,2546.677732421787,2550.9680381758153,489159,EICHERMOT.NS,Eicher Motors,Auto
2021-07-06,2584.8134765625,2603.8814998711923,2567.9383224870985,2577.996751335225,331769,EICHERMOT.NS,Eicher Motors,Auto
2021-07-07,2584.52783203125,2611.2705504724368,2571.1324981213884,2589.9621725201123,517132,EICHERMOT.NS,Eicher Motors,Auto
2021-07-08,2602.117919921875,2609.4590625476053,2579.045657627882,2579.045657627882,509968,EICHERMOT.NS,Eicher Motors,Auto
2021-07-09,2585.76708984375,2636.154438675931,2560.8834570430245,2612.3194075848282,971880,EICHERMOT.NS,Eicher Motors,Auto
2021-07-12,2583.24072265625,2616.0853496208956,2578.950416971824,2593.2514359199117,273843,EICHERMOT.NS,Eicher Motors,Auto
2021-07-13,2580.571044921875,2616.943441254347,2574.1833032776467,2598.018333863551,488409,EICHERMOT.NS,Eicher Motors,Auto
2021-07-14,2574.18310546875,2587.5307215711805,2562.3610243121784,2583.1926997851,830881,EICHERMOT.NS,Eicher Motors,Auto
2021-07-15,2543.197998046875,2585.0047386555107,2528.4202777208293,2583.7175537795806,730937,EICHERMOT.NS,Eicher Motors,Auto
2021-07-16,2495.28955078125,2546.8209375651018,2486.279955054983,2543.1979660746906,1037591,EICHERMOT.NS,Eicher Motors,Auto
2021-07-19,2459.53662109375,2495.289164282437,2451.19436101639,2487.423604780926,561172,EICHERMOT.NS,Eicher Motors,Auto
2021-07-20,2435.797607421875,2479.7969879784027,2419.3989174839367,2459.775559009719,890122,EICHERMOT.NS,Eicher Motors,Auto
2021-07-22,2440.802734375,2464.4946167608814,2411.151861165707,2464.4946167608814,1321161,EICHERMOT.NS,Eicher Motors,Auto
2021-07-23,2430.83935546875,2457.868373472691,2423.5459291573234,2446.3798420865583,379798,EICHERMOT.NS,Eicher Motors,Auto
2021-07-26,2443.75830078125,2464.542496823705,2421.639435950565,2426.2158089965,309303,EICHERMOT.NS,Eicher Motors,Auto
2021-07-27,2451.5283203125,2476.9363697215695,2424.1655190855395,2446.5229639071736,492846,EICHERMOT.NS,Eicher Motors,Auto
2021-07-28,2431.55419921875,2456.4380623328257,2405.4311008211603,2456.4380623328257,383896,EICHERMOT.NS,Eicher Motors,Auto
2021-07-29,2410.341064453125,2440.6592680813933,2400.664135724868,2431.172973033524,341346,EICHERMOT.NS,Eicher Motors,Auto
2021-07-30,2412.34326171875,2444.2344836589905,2392.0834872650307,2410.341026196566,606230,EICHERMOT.NS,Eicher Motors,Auto
2021-08-02,2481.322265625,2493.1443483970825,2417.158312897395,2439.5632429881525,691444,EICHERMOT.NS,Eicher Motors,Auto
2021-08-03,2525.84619140625,2531.185099198567,2466.5446752028934,2488.1868388520993,678468,EICHERMOT.NS,Eicher Motors,Auto
2021-08-04,2518.69580078125,2554.8296198133025,2512.689325561767,2534.140856514201,548192,EICHERMOT.NS,Eicher Motors,Auto
2021-08-05,2604.835205078125,2628.5273199101484,2518.8861730876356,2526.5133833013756,2173169,EICHERMOT.NS,Eicher Motors,Auto
2021-08-06,2619.3271484375,2630.767964010319,2607.2664823627606,2607.2664823627606,799082,EICHERMOT.NS,Eicher Motors,Auto
2021-08-09,2618.03173828125,2656.165399547897,2606.5196895969793,2634.3404739173,516622,EICHERMOT.NS,Eicher Motors,Auto
2021-08-10,2623.164306640625,2642.015192816935,2598.9410373528153,2618.0797715910326,733892,EICHERMOT.NS,Eicher Motors,Auto
2021-08-11,2607.718994140625,2638.1779578356363,2588.2924109965625,2624.3155786816574,361517,EICHERMOT.NS,Eicher Motors,Auto
2021-08-12,2510.154296875,2628.488423508588,2495.236553604614,2622.8284265878565,2248827,EICHERMOT.NS,Eicher Motors,Auto
2021-08-13,2443.240478515625,2522.0019366371125,2420.6480364452827,2470.293745703598,4134045,EICHERMOT.NS,Eicher Motors,Auto
2021-08-16,2394.3623046875,2452.5940370815206,2381.0753882274503,2450.1476799085044,1022752,EICHERMOT.NS,Eicher Motors,Auto
2021-08-17,2413.357177734375,2436.7171384755316,2370.7146746537023,2392.5876154952657,1298630,EICHERMOT.NS,Eicher Motors,Auto
2021-08-18,2484.347900390625,2493.317798391018,2423.2861711180117,2423.2861711180117,1901521,EICHERMOT.NS,Eicher Motors,Auto
2021-08-20,2495.860107421875,2524.7842711902153,2418.7294724661087,2436.7170491081474,2187864,EICHERMOT.NS,Eicher Motors,Auto
2021-08-23,2440.55419921875,2515.8141668921094,2431.920163136608,2513.4638372457252,1271399,EICHERMOT.NS,Eicher Motors,Auto
2021-08-24,2444.295654296875,2470.293791378814,2415.6115598803317,2453.409359546622,1277071,EICHERMOT.NS,Eicher Motors,Auto
2021-08-25,2474.61083984375,2478.2083551178007,2437.868170335464,2454.944423012272,721584,EICHERMOT.NS,Eicher Motors,Auto
2021-08-26,2473.891357421875,2479.887216261967,2442.952725807001,2460.2207992664657,440543,EICHERMOT.NS,Eicher Motors,Auto
2021-08-27,2471.349365234375,2481.4224087308485,2444.0082471725186,2465.689133598882,541875,EICHERMOT.NS,Eicher Motors,Auto
2021-08-30,2450.099609375,2502.1436612749226,2442.281103558273,2475.7618838141325,926194,EICHERMOT.NS,Eicher Motors,Auto
2021-08-31,2570.304443359375,2588.1959901961236,2441.5134117195516,2450.14744736021,2381821,EICHERMOT.NS,Eicher Motors,Auto
2021-09-01,2593.23291015625,2654.4866994541776,2553.804281856018,2571.0243420806637,1997385,EICHERMOT.NS,Eicher Motors,Auto
2021-09-02,2622.061279296875,2636.067700862188,2577.3082773929773,2593.0893328534844,898434,EICHERMOT.NS,Eicher Motors,Auto
2021-09-03,2688.639404296875,2740.827271254285,2602.6826695529835,2627.289583045724,2305890,EICHERMOT.NS,Eicher Motors,Auto
2021-09-06,2729.21875,2770.5662837228424,2688.6389672177115,2688.6389672177115,1197932,EICHERMOT.NS,Eicher Motors,Auto
2021-09-07,2708.353271484375,2762.891696044717,2691.900728854679,2729.2188598138796,545226,EICHERMOT.NS,Eicher Motors,Auto
2021-09-08,2686.144775390625,2708.353342973292,2649.9297877938407,2689.1188150772455,616049,EICHERMOT.NS,Eicher Motors,Auto
2021-09-09,2703.604736328125,2717.7549636192216,2659.283393282728,2684.2261668127967,456149,EICHERMOT.NS,Eicher Motors,Auto
2021-09-13,2690.941162109375,2700.5345352363247,2664.127731062193,2700.5345352363247,287427,EICHERMOT.NS,Eicher Motors,Auto
2021-09-14,2705.619384765625,2753.2984079136777,2695.4023006682464,2704.1803786290848,672701,EICHERMOT.NS,Eicher Motors,Auto
2021-09-15,2726.388916015625,2735.982290152602,2687.2959164074423,2705.619354694363,412751,EICHERMOT.NS,Eicher Motors,Auto
2021-09-16,2743.89697265625,2766.153555018682,2727.9240975370403,2751.3798517316427,570872,EICHERMOT.NS,Eicher Motors,Auto
2021-09-17,2780.6875,2815.6072880814263,2747.830193667303,2748.7895310784766,1375879,EICHERMOT.NS,Eicher Motors,Auto
2021-09-20,2698.6162109375,2742.3140780461285,2644.557452664102,2739.9637481675554,1190719,EICHERMOT.NS,Eicher Motors,Auto
2021-09-21,2738.33251953125,2743.6088751130505,2675.400128028986,2695.7380336107344,595121,EICHERMOT.NS,Eicher Motors,Auto
2021-09-22,2727.252685546875,2762.41231097856,2710.1284176122354,2743.705229865838,424342,EICHERMOT.NS,Eicher Motors,Auto
2021-09-23,2740.875,2759.7258864619002,2727.77990379729,2735.64665794686,452680,EICHERMOT.NS,Eicher Motors,Auto
2021-09-24,2811.818115234375,2828.1748658862184,2745.144161290742,2745.144161290742,806905,EICHERMOT.NS,Eicher Motors,Auto
2021-09-27,2762.26806640625,2872.2559988631333,2751.715355655584,2844.4352159750133,1331462,EICHERMOT.NS,Eicher Motors,Auto
2021-09-28,2765.81787109375,2824.912917251386,2748.022114624193,2764.810519932597,838118,EICHERMOT.NS,Eicher Motors,Auto
2021-09-29,2727.63623046875,2772.485256679746,2719.7216964315153,2753.2985074985713,386614,EICHERMOT.NS,Eicher Motors,Auto
2021-09-30,2676.743408203125,2731.090017345636,2658.8518577637747,2727.396474337015,861344,EICHERMOT.NS,Eicher Motors,Auto
2021-10-01,2659.715087890625,2680.484884378816,2640.2885043712295,2673.673494743507,411006,EICHERMOT.NS,Eicher Motors,Auto
2021-10-04,2634.24462890625,2658.3240927569036,2597.8858329793197,2647.771380732246,874865,EICHERMOT.NS,Eicher Motors,Auto
2021-10-05,2647.867431640625,2675.592190702295,2618.0799565006264,2618.9912802500053,452282,EICHERMOT.NS,Eicher Motors,Auto
2021-10-06,2617.98388671875,2670.3157914465833,2603.258197392662,2657.364735874631,589264,EICHERMOT.NS,Eicher Motors,Auto
2021-10-07,2706.242919921875,2742.6497291343544,2634.436652657296,2642.9746622365737,897524,EICHERMOT.NS,Eicher Motors,Auto
2021-10-08,2703.364990234375,2756.1285513476796,2700.0553227890086,2724.518428396086,572893,EICHERMOT.NS,Eicher Motors,Auto
2021-10-11,2735.79052734375,2780.783359311972,2713.2460976452917,2714.9249381547515,622401,EICHERMOT.NS,Eicher Motors,Auto
2021-10-12,2791.288330078125,2814.120373951051,2736.0784131487267,2743.7050990113717,786357,EICHERMOT.NS,Eicher Motors,Auto
2021-10-13,2787.594482421875,2839.3986989067002,2739.14794663514,2792.631003469011,687451,EICHERMOT.NS,Eicher Motors,Auto
2021-10-14,2737.181640625,2804.6711257701872,2729.315120161736,2786.875368741597,497012,EICHERMOT.NS,Eicher Motors,Auto
2021-10-18,2711.423583984375,2763.8512836526374,2698.472527986697,2763.8512836526374,360160,EICHERMOT.NS,Eicher Motors,Auto
2021-10-19,2593.760498046875,2727.1083974956464,2577.9794445590737,2727.1083974956464,999095,EICHERMOT.NS,Eicher Motors,Auto
2021-10-20,2543.3955078125,2600.763936583477,2509.914723081438,2595.0079116408356,1159620,EICHERMOT.NS,Eicher Motors,Auto
2021-10-21,2555.051513671875,2588.292462922178,2490.8236834574527,2568.1463762945405,816204,EICHERMOT.NS,Eicher Motors,Auto
2021-10-22,2506.31689453125,2582.5362017866546,2495.0446804261264,2582.5362017866546,519029,EICHERMOT.NS,Eicher Motors,Auto
2021-10-25,2457.582763671875,2517.445328112124,2429.0424739405435,2496.6757655727743,457696,EICHERMOT.NS,Eicher Motors,Auto
2021-10-26,2484.923828125,2506.7487550972396,2467.367905959626,2474.9945918391445,677512,EICHERMOT.NS,Eicher Motors,Auto
2021-10-27,2478.831787109375,2505.309592745568,2467.5595727824516,2486.6025136498224,430370,EICHERMOT.NS,Eicher Motors,Auto
2021-10-28,2424.725341796875,2484.63591714818,2416.3311393277463,2478.83187888402,1332301,EICHERMOT.NS,Eicher Motors,Auto
2021-10-29,2383.76171875,2427.1237242134575,2371.0504976646926,2427.1237242134575,1628906,EICHERMOT.NS,Eicher Motors,Auto
2021-11-01,2455.90380859375,2462.667184284283,2377.33416715255,2388.7501888275146,1071806,EICHERMOT.NS,Eicher Motors,Auto
2021-11-02,2439.0673828125,2468.37518791036,2423.2863290561872,2454.9444639963513,657518,EICHERMOT.NS,Eicher Motors,Auto
2021-11-03,2419.30517578125,2455.9038048121993,2403.3320671477904,2437.004904406878,930846,EICHERMOT.NS,Eicher Motors,Auto
2021-11-04,2553.372802734375,2586.6137536720616,2447.2699807575073,2475.0907684650606,1389327,EICHERMOT.NS,Eicher Motors,Auto
2021-11-08,2601.003662109375,2664.0800994662,2571.9356905228206,2613.954717688343,3081804,EICHERMOT.NS,Eicher Motors,Auto
2021-11-09,2613.474853515625,2631.990111764291,2590.8824114081203,2591.3620800973954,726392,EICHERMOT.NS,Eicher Motors,Auto
2021-11-10,2635.060302734375,2653.0958947454646,2599.8046492801154,2609.3980243697097,861635,EICHERMOT.NS,Eicher Motors,Auto
2021-11-11,2594.384521484375,2631.366795589408,2577.2122393114373,2618.991435240062,533140,EICHERMOT.NS,Eicher Motors,Auto
2021-11-12,2612.276123046875,2629.880060602145,2587.861029481323,2614.1947981280696,879209,EICHERMOT.NS,Eicher Motors,Auto
2021-11-15,2575.197265625,2657.364414578206,2570.4005789560865,2604.600861220155,686532,EICHERMOT.NS,Eicher Motors,Auto
2021-11-16,2600.09228515625,2627.7690295028024,2542.292204959078,2575.245305174252,1233796,EICHERMOT.NS,Eicher Motors,Auto
2021-11-17,2565.4599609375,2637.7461258165063,2554.6674154706216,2618.943019584476,848875,EICHERMOT.NS,Eicher Motors,Auto
2021-11-18,2497.443115234375,2588.9157963447983,2470.2938198089732,2566.227560384079,823299,EICHERMOT.NS,Eicher Motors,Auto
2021-11-22,2444.439697265625,2497.155240301805,2414.5561968700717,2494.2772281155176,1013413,EICHERMOT.NS,Eicher Motors,Auto
2021-11-23,2493.510009765625,2504.782225510911,2403.811952558456,2432.879925961292,611137,EICHERMOT.NS,Eicher Motors,Auto
2021-11-24,2433.791259765625,2511.4975984145026,2422.3272233137823,2493.510020023559,455215,EICHERMOT.NS,Eicher Motors,Auto
2021-11-25,2417.913818359375,2441.5136113925064,2395.5134312542987,2441.5136113925064,525539,EICHERMOT.NS,Eicher Motors,Auto
2021-11-26,2334.931396484375,2404.1957498397132,2323.0357054299147,2393.5470101373685,554629,EICHERMOT.NS,Eicher Motors,Auto
2021-11-29,2315.264892578125,2348.074420518127,2269.1209020713186,2334.9313101708985,342547,EICHERMOT.NS,Eicher Motors,Auto
2021-11-30,2274.061279296875,2347.4986036674086,2264.036250369875,2317.5673238102495,1101715,EICHERMOT.NS,Eicher Motors,Auto
2021-12-01,2339.152587890625,2381.507243287583,2288.0678678763506,2312.003290786868,1691658,EICHERMOT.NS,Eicher Motors,Auto
2021-12-02,2351.86376953125,2363.3758189172563,2328.1201676726128,2340.7833751545704,363180,EICHERMOT.NS,Eicher Motors,Auto
2021-12-03,2355.700927734375,2395.609221832123,2345.6278853408735,2350.3765584837365,659154,EICHERMOT.NS,Eicher Motors,Auto
2021-12-06,2344.716552734375,2371.338164672762,2325.481791680391,2359.9699231867558,537938,EICHERMOT.NS,Eicher Motors,Auto
2021-12-07,2371.290283203125,2387.55100564048,2341.934464445967,2355.269395120932,262328,EICHERMOT.NS,Eicher Motors,Auto
2021-12-08,2403.66796875,2414.604321876678,2364.766788729669,2364.766788729669,404128,EICHERMOT.NS,Eicher Motors,Auto
2021-12-09,2439.547119140625,2446.406522429059,2374.360186322422,2403.667992232606,831115,EICHERMOT.NS,Eicher Motors,Auto
2021-12-10,2424.869140625,2448.2291005320644,2414.172622056795,2429.234172737013,325670,EICHERMOT.NS,Eicher Motors,Auto
2021-12-13,2395.177490234375,2453.6012747755994,2380.115940837138,2451.010876586702,403776,EICHERMOT.NS,Eicher Motors,Auto
2021-12-14,2386.303955078125,2391.0048492330475,2351.336150960952,2376.278925308151,395362,EICHERMOT.NS,Eicher Motors,Auto
2021-12-15,2391.964111328125,2406.162118138497,2374.360175533318,2379.1568627566176,314822,EICHERMOT.NS,Eicher Motors,Auto
2021-12-16,2370.666748046875,2407.505448242398,2332.3412621103744,2400.2624033401075,680394,EICHERMOT.NS,Eicher Motors,Auto
2021-12-17,2359.0107421875,2389.709539971152,2316.8479089491634,2365.726104202674,670901,EICHERMOT.NS,Eicher Motors,Auto
2021-12-20,2308.597412109375,2339.2004153357148,2264.4198785187223,2321.5964805684266,475319,EICHERMOT.NS,Eicher Motors,Auto
2021-12-21,2318.383056640625,2338.7212005986325,2292.9606109063907,2318.718918477142,333858,EICHERMOT.NS,Eicher Motors,Auto
2021-12-22,2385.728515625,2393.5470224338214,2326.3933985579224,2326.3933985579224,625661,EICHERMOT.NS,Eicher Motors,Auto
2021-12-23,2379.396484375,2402.1327329379346,2369.803110786148,2398.3433972129824,326496,EICHERMOT.NS,Eicher Motors,Auto
2021-12-24,2338.768798828125,2402.9006044230723,2333.3486356354997,2384.1455094452895,265892,EICHERMOT.NS,Eicher Motors,Auto
2021-12-27,2339.776123046875,2348.6980085413934,2293.4400754638796,2346.5394991901353,345113,EICHERMOT.NS,Eicher Motors,Auto
2021-12-28,2379.54052734375,2416.906908549648,2352.295437333989,2356.7562628100295,632949,EICHERMOT.NS,Eicher Motors,Auto
2021-12-29,2458.062255859375,2467.1279474567214,2369.563380611828,2370.5227180128854,693263,EICHERMOT.NS,Eicher Motors,Auto
2021-12-30,2453.02587890625,2486.410869270971,2436.908962777083,2458.0624005582868,797282,EICHERMOT.NS,Eicher Motors,Auto
2021-12-31,2486.50634765625,2498.3062437324675,2444.9192146658515,2453.984905649003,406763,EICHERMOT.NS,Eicher Motors,Auto
2022-01-03,2608.24658203125,2622.444822459593,2513.560027055773,2513.560027055773,2457647,EICHERMOT.NS,Eicher Motors,Auto
2022-01-04,2595.007568359375,2614.0982882084118,2576.3004897704627,2604.600941994715,736616,EICHERMOT.NS,Eicher Motors,Auto
2022-01-05,2665.614990234375,2676.551342896401,2581.5769404065286,2581.5769404065286,1040082,EICHERMOT.NS,Eicher Motors,Auto
2022-01-06,2702.59716796875,2713.437727051315,2609.3976365117187,2636.2590827699273,1056323,EICHERMOT.NS,Eicher Motors,Auto
2022-01-07,2709.552490234375,2718.3785817871117,2671.51485556943,2710.1281863663307,572036,EICHERMOT.NS,Eicher Motors,Auto
2022-01-10,2701.0146484375,2735.071128643336,2684.945745805169,2705.3796807713206,493242,EICHERMOT.NS,Eicher Motors,Auto
2022-01-11,2680.724609375,2713.9655572445026,2668.3010024334253,2699.5754959653696,334700,EICHERMOT.NS,Eicher Motors,Auto
2022-01-12,2701.398193359375,2713.8695800320484,2676.599461157427,2688.063496679275,440995,EICHERMOT.NS,Eicher Motors,Auto
2022-01-13,2717.51513671875,2722.5996720257176,2680.8684931204607,2695.8820304665946,266122,EICHERMOT.NS,Eicher Motors,Auto
2022-01-14,2705.043701171875,2729.3149849634065,2684.945628880961,2722.599622961739,324014,EICHERMOT.NS,Eicher Motors,Auto
2022-01-17,2728.643310546875,2762.891607589981,2689.9819679452457,2689.9819679452457,680219,EICHERMOT.NS,Eicher Motors,Auto
2022-01-18,2624.987060546875,2743.0335789474193,2614.1945143865637,2743.0335789474193,1221493,EICHERMOT.NS,Eicher Motors,Auto
2022-01-19,2608.150634765625,2635.108110344176,2576.252665087663,2624.9870535736336,769880,EICHERMOT.NS,Eicher Motors,Auto
2022-01-20,2622.63671875,2643.9339629002347,2601.8191433158213,2614.194502504768,521734,EICHERMOT.NS,Eicher Motors,Auto
2022-01-21,2600.85986328125,2642.015346341799,2559.7041460074556,2612.755554016663,459191,EICHERMOT.NS,Eicher Motors,Auto
2022-01-24,2548.383544921875,2618.1753344523186,2514.9027663788092,2585.605879514087,465912,EICHERMOT.NS,Eicher Motors,Auto
2022-01-25,2582.5361328125,2598.796853968063,2488.1852112438137,2515.478546080405,687092,EICHERMOT.NS,Eicher Motors,Auto
2022-01-27,2536.34423828125,2580.617564900856,2465.7369130804555,2580.617564900856,985827,EICHERMOT.NS,Eicher Motors,Auto
2022-01-28,2504.781982421875,2635.299884865525,2493.22191970277,2547.2326631300293,871638,EICHERMOT.NS,Eicher Motors,Auto
2022-01-31,2537.927490234375,2571.983973282313,2525.8397434109256,2537.3517940186794,416447,EICHERMOT.NS,Eicher Motors,Auto
2022-02-01,2515.57470703125,2575.341479206196,2491.063587439962,2550.59052524359,671852,EICHERMOT.NS,Eicher Motors,Auto
2022-02-02,2561.19091796875,2611.8439774413223,2515.5743796383576,2515.5743796383576,1042951,EICHERMOT.NS,Eicher Motors,Auto
2022-02-03,2562.246337890625,2599.660495751983,2532.650685999619,2566.323521760132,664625,EICHERMOT.NS,Eicher Motors,Auto
2022-02-04,2524.400390625,2569.009580607682,2509.626688057966,2567.330740124463,380540,EICHERMOT.NS,Eicher Motors,Auto
2022-02-07,2495.572509765625,2538.5028596299626,2457.534640251738,2524.496439508481,448637,EICHERMOT.NS,Eicher Motors,Auto
2022-02-08,2483.868408203125,2537.447497246151,2476.7213912066486,2508.66737440404,386391,EICHERMOT.NS,Eicher Motors,Auto
2022-02-09,2518.88427734375,2529.676823636697,2482.141840445912,2493.270014317804,677550,EICHERMOT.NS,Eicher Motors,Auto
2022-02-10,2532.98681640625,2555.6750541892584,2509.1951999900657,2519.0284091888047,558179,EICHERMOT.NS,Eicher Motors,Auto
2022-02-11,2492.50244140625,2518.644386282891,2477.345097435523,2518.2607449975203,731373,EICHERMOT.NS,Eicher Motors,Auto
2022-02-14,2466.2646484375,2492.070730955296,2398.6793750754023,2460.7004446440014,675126,EICHERMOT.NS,Eicher Motors,Auto
2022-02-15,2613.235107421875,2626.6658311751444,2387.263133430468,2436.717023807475,2216629,EICHERMOT.NS,Eicher Motors,Auto
2022-02-16,2596.398681640625,2627.049464990681,2571.120281461908,2597.8857014660166,804882,EICHERMOT.NS,Eicher Motors,Auto
2022-02-17,2612.035888671875,2650.409384419511,2590.3069903900687,2618.943071063803,572432,EICHERMOT.NS,Eicher Motors,Auto
2022-02-18,2589.491455078125,2628.296605737715,2578.698909419283,2593.280790933472,311304,EICHERMOT.NS,Eicher Motors,Auto
2022-02-21,2589.251708984375,2608.2946505478994,2559.9919175341997,2578.69899731382,273281,EICHERMOT.NS,Eicher Motors,Auto
2022-02-22,2614.674072265625,2618.991090546746,2513.511990720669,2523.057350966279,575201,EICHERMOT.NS,Eicher Motors,Auto
2022-02-23,2596.59033203125,2636.7386936182747,2588.19613025968,2622.732274691282,479284,EICHERMOT.NS,Eicher Motors,Auto
2022-02-24,2510.729736328125,2581.8167300397786,2482.3334903408077,2523.34516343294,775965,EICHERMOT.NS,Eicher Motors,Auto
2022-02-25,2521.522216796875,2566.227431342181,2506.2688464977373,2528.045757670595,515028,EICHERMOT.NS,Eicher Motors,Auto
2022-02-28,2484.491943359375,2508.619184293514,2439.3550736998673,2494.2771375949874,815191,EICHERMOT.NS,Eicher Motors,Auto
2022-03-02,2406.114501953125,2474.131437710901,2394.7462587769824,2470.102267012496,630235,EICHERMOT.NS,Eicher Motors,Auto
2022-03-03,2311.523681640625,2435.7578865679798,2303.7051747841665,2435.7578865679798,558686,EICHERMOT.NS,Eicher Motors,Auto
2022-03-04,2244.1298828125,2303.2729364074903,2206.4758920460617,2302.4096264828468,862528,EICHERMOT.NS,Eicher Motors,Auto
2022-03-07,2167.7666015625,2203.837780478387,2101.9561982920604,2139.32234213377,1513430,EICHERMOT.NS,Eicher Motors,Auto
2022-03-08,2164.313232421875,2172.3715730615577,2071.7371714265973,2159.4685316100445,1533255,EICHERMOT.NS,Eicher Motors,Auto
2022-03-09,2199.808837890625,2214.486748060736,2128.7698512180095,2182.492749671461,1577642,EICHERMOT.NS,Eicher Motors,Auto
2022-03-10,2209.354248046875,2296.1262775115792,2198.5617012424773,2278.4265475950187,1021481,EICHERMOT.NS,Eicher Motors,Auto
2022-03-11,2197.6025390625,2220.866475141193,2163.4500278760993,2196.8830358848086,621070,EICHERMOT.NS,Eicher Motors,Auto
2022-03-14,2219.47509765625,2226.382280121748,2144.8866145023276,2196.882654951547,681806,EICHERMOT.NS,Eicher Motors,Auto
2022-03-15,2211.5126953125,2259.1917205692025,2187.385451708087,2225.66292294762,611025,EICHERMOT.NS,Eicher Motors,Auto
2022-03-16,2262.021484375,2277.3231027520096,2227.9650078403124,2243.602253767898,758341,EICHERMOT.NS,Eicher Motors,Auto
2022-03-17,2337.857421875,2362.848210037782,2278.7143599984533,2282.167834393822,1229513,EICHERMOT.NS,Eicher Motors,Auto
2022-03-21,2282.024169921875,2349.369618288267,2275.54864153639,2349.369618288267,480116,EICHERMOT.NS,Eicher Motors,Auto
2022-03-22,2283.606689453125,2307.014662911909,2234.2968399972183,2282.023876403342,661123,EICHERMOT.NS,Eicher Motors,Auto
2022-03-23,2296.749755859375,2315.55262831277,2266.9142691271695,2295.6943910373748,439287,EICHERMOT.NS,Eicher Motors,Auto
2022-03-24,2273.2939453125,2291.089702248796,2254.4430576856626,2288.0198691831083,568611,EICHERMOT.NS,Eicher Motors,Auto
2022-03-25,2241.827880859375,2292.672767232153,2230.507651767691,2288.0198867750037,446420,EICHERMOT.NS,Eicher Motors,Auto
2022-03-28,2283.22314453125,2289.6026449262595,2221.058030560187,2254.443020860688,690955,EICHERMOT.NS,Eicher Motors,Auto
2022-03-29,2379.636474609375,2391.580178667307,2264.0843290042503,2281.7840575925816,1317033,EICHERMOT.NS,Eicher Motors,Auto
2022-03-30,2385.4404296875,2415.803364341489,2345.0522319553284,2386.9274494819906,1198770,EICHERMOT.NS,Eicher Motors,Auto
2022-03-31,2357.23583984375,2393.5468547524433,2337.2818089462626,2382.850336241149,840572,EICHERMOT.NS,Eicher Motors,Auto
2022-04-01,2380.30810546875,2393.3071751486646,2323.51537356852,2357.2359922618043,745769,EICHERMOT.NS,Eicher Motors,Auto
2022-04-04,2406.9296875,2415.7077658382823,2355.701160521716,2393.5469766973874,660191,EICHERMOT.NS,Eicher Motors,Auto
2022-04-05,2440.02685546875,2494.277436556504,2407.9370637526254,2422.3271258866052,1240010,EICHERMOT.NS,Eicher Motors,Auto
2022-04-06,2427.795166015625,2451.538767200373,2419.496991004028,2428.0830140847543,469837,EICHERMOT.NS,Eicher Motors,Auto
2022-04-07,2435.18212890625,2473.0759587960883,2409.855713500619,2420.4084256218403,451071,EICHERMOT.NS,Eicher Motors,Auto
2022-04-08,2451.298828125,2469.1906108015537,2413.30920838027,2444.3916458271606,800707,EICHERMOT.NS,Eicher Motors,Auto
2022-04-11,2442.08935546875,2460.700407163172,2436.7169723954994,2446.2143188782056,332108,EICHERMOT.NS,Eicher Motors,Auto
2022-04-12,2419.257080078125,2434.4146577024035,2394.554142253629,2430.960949408638,359805,EICHERMOT.NS,Eicher Motors,Auto
2022-04-13,2390.14111328125,2451.1070517636535,2378.7250919309313,2427.12361681489,383935,EICHERMOT.NS,Eicher Motors,Auto
2022-04-18,2408.896484375,2428.179261985408,2356.2767283368617,2379.157021604938,322926,EICHERMOT.NS,Eicher Motors,Auto
2022-04-19,2355.02978515625,2470.1980661079783,2322.6521441243563,2413.693180333177,636517,EICHERMOT.NS,Eicher Motors,Auto
2022-04-20,2433.647216796875,2473.6515404158686,2365.1503843993596,2379.156804433335,1193877,EICHERMOT.NS,Eicher Motors,Auto
2022-04-21,2543.68310546875,2565.6998518640853,2438.3478125463494,2446.3103597757167,1090334,EICHERMOT.NS,Eicher Motors,Auto
2022-04-22,2524.49658203125,2529.7729381783797,2477.0093767070825,2523.9688995738866,829575,EICHERMOT.NS,Eicher Motors,Auto
2022-04-25,2488.6650390625,2542.244126893839,2475.0905084475867,2503.8706306388376,630796,EICHERMOT.NS,Eicher Motors,Auto
2022-04-26,2541.57275390625,2557.1619874735256,2506.748757617933,2506.748757617933,616251,EICHERMOT.NS,Eicher Motors,Auto
2022-04-27,2547.472900390625,2564.261307845701,2499.074366884217,2518.261118261447,499338,EICHERMOT.NS,Eicher Motors,Auto
2022-04-28,2570.976318359375,2594.0484305700743,2557.593607951116,2574.813668108739,739026,EICHERMOT.NS,Eicher Motors,Auto
2022-04-29,2523.39306640625,2597.549655430958,2513.4638312501843,2574.8614210211813,479794,EICHERMOT.NS,Eicher Motors,Auto
2022-05-02,2448.708984375,2519.9397942045175,2419.0175354031926,2518.1649261328894,497152,EICHERMOT.NS,Eicher Motors,Auto
2022-05-04,2382.2265625,2457.8223957538094,2355.748991036211,2420.4082375046296,515077,EICHERMOT.NS,Eicher Motors,Auto
2022-05-05,2334.595703125,2426.3562367222344,2321.548620092682,2392.6356189701983,477759,EICHERMOT.NS,Eicher Motors,Auto
2022-05-06,2266.38671875,2319.8697817489165,2255.7382135508087,2312.0032614778233,407390,EICHERMOT.NS,Eicher Motors,Auto
2022-05-09,2248.974853515625,2274.0614344003466,2216.069531806754,2249.598329179103,403218,EICHERMOT.NS,Eicher Motors,Auto
2022-05-10,2317.32763671875,2342.4142174865824,2240.004944145408,2248.9748430367013,841473,EICHERMOT.NS,Eicher Motors,Auto
2022-05-11,2292.001220703125,2334.643962297865,2257.321261852953,2298.8126110136586,459255,EICHERMOT.NS,Eicher Motors,Auto
2022-05-12,2287.68408203125,2303.3693438850332,2237.3188631416356,2272.670543799935,419477,EICHERMOT.NS,Eicher Motors,Auto
2022-05-13,2333.732177734375,2382.0349125172343,2300.3474215062615,2302.409903359389,650616,EICHERMOT.NS,Eicher Motors,Auto
2022-05-16,2511.497314453125,2521.5223435002167,2393.2109654856217,2417.434234979966,2801368,EICHERMOT.NS,Eicher Motors,Auto
2022-05-17,2596.638427734375,2604.3131267392946,2494.4209835199554,2503.8705503550536,1462487,EICHERMOT.NS,Eicher Motors,Auto
2022-05-18,2586.37353515625,2657.268472720236,2574.2857906760905,2589.2515472502664,1173271,EICHERMOT.NS,Eicher Motors,Auto
2022-05-19,2542.7236328125,2626.6656504963685,2515.382518481183,2515.382518481183,1592952,EICHERMOT.NS,Eicher Motors,Auto
2022-05-20,2597.69384765625,2609.397717044465,2544.306581042457,2584.406931036742,687007,EICHERMOT.NS,Eicher Motors,Auto
2022-05-23,2629.83203125,2654.9666278215927,2604.649420959009,2610.3574324489805,892535,EICHERMOT.NS,Eicher Motors,Auto
2022-05-24,2608.726318359375,2657.268651754406,2592.2257614179284,2634.2925671651324,481731,EICHERMOT.NS,Eicher Motors,Auto
2022-05-25,2576.92431640625,2638.0343021584904,2564.309122042596,2622.8287091898455,556605,EICHERMOT.NS,Eicher Motors,Auto
2022-05-26,2614.29052734375,2627.529196523188,2555.6269029002747,2590.3070915647104,854405,EICHERMOT.NS,Eicher Motors,Auto
2022-05-27,2630.59912109375,2652.5678533913383,2618.703197064167,2624.93889002874,404877,EICHERMOT.NS,Eicher Motors,Auto
2022-05-30,2646.2841796875,2682.3073455666363,2631.3186569139934,2643.2623605907693,589423,EICHERMOT.NS,Eicher Motors,Auto
2022-05-31,2667.677734375,2704.036531684146,2606.711789835853,2657.3648563224847,1766731,EICHERMOT.NS,Eicher Motors,Auto
2022-06-01,2658.995361328125,2703.4127287315478,2640.096461841455,2657.50834155094,358924,EICHERMOT.NS,Eicher Motors,Auto
2022-06-02,2612.8037109375,2672.090815642523,2604.6493421376595,2664.4638951003008,558032,EICHERMOT.NS,Eicher Motors,Auto
2022-06-03,2576.060791015625,2654.150762832117,2553.276527432487,2629.5438518476226,808873,EICHERMOT.NS,Eicher Motors,Auto
2022-06-06,2545.218505859375,2586.37399239429,2530.7804291259454,2573.902604448768,906875,EICHERMOT.NS,Eicher Motors,Auto
2022-06-07,2540.229248046875,2548.7674908979357,2504.4461526474765,2522.4815072628403,453936,EICHERMOT.NS,Eicher Motors,Auto
2022-06-08,2541.428466796875,2566.035610543338,2512.6483460734485,2552.892735588951,260633,EICHERMOT.NS,Eicher Motors,Auto
2022-06-09,2605.560546875,2613.6669015865086,2514.423487982097,2532.6508997606775,531562,EICHERMOT.NS,Eicher Motors,Auto
2022-06-10,2602.538818359375,2625.658711473033,2563.5896223566697,2563.5896223566697,666106,EICHERMOT.NS,Eicher Motors,Auto
2022-06-13,2590.978515625,2613.7627790408696,2557.7853476580603,2575.820937752006,556912,EICHERMOT.NS,Eicher Motors,Auto
2022-06-14,2612.035888671875,2640.240314361095,2567.378686152918,2580.0418929069915,739832,EICHERMOT.NS,Eicher Motors,Auto
2022-06-15,2609.493896484375,2639.2333574919744,2594.0004561089204,2632.421967898484,339705,EICHERMOT.NS,Eicher Motors,Auto
2022-06-16,2544.642822265625,2637.2188947816035,2524.256899561329,2625.2271755437823,542478,EICHERMOT.NS,Eicher Motors,Auto
2022-06-17,2498.88232421875,2558.2652207705423,2479.935408916931,2522.5779132219186,836170,EICHERMOT.NS,Eicher Motors,Auto
2022-06-20,2516.58203125,2553.6603309728052,2494.2294212402385,2494.277434956638,717655,EICHERMOT.NS,Eicher Motors,Auto
2022-06-21,2592.897216796875,2600.7637367714633,2525.1198877765305,2534.761275657375,1177839,EICHERMOT.NS,Eicher Motors,Auto
2022-06-22,2554.475830078125,2602.6825376028364,2534.665605148791,2589.2518131183397,273509,EICHERMOT.NS,Eicher Motors,Auto
2022-06-23,2704.42041015625,2710.128421404699,2556.7304497510236,2556.7304497510236,1338537,EICHERMOT.NS,Eicher Motors,Auto
2022-06-24,2760.87744140625,2791.240615391124,2716.795927827257,2722.456159900109,1078547,EICHERMOT.NS,Eicher Motors,Auto
2022-06-27,2732.480712890625,2791.623768825057,2720.6808162455045,2790.7124451545037,532402,EICHERMOT.NS,Eicher Motors,Auto
2022-06-28,2747.3505859375,2768.74385752413,2704.132387762279,2712.7184109401974,770778,EICHERMOT.NS,Eicher Motors,Auto
2022-06-29,2769.2236328125,2804.095409296701,2714.92503836,2733.2484777105565,856258,EICHERMOT.NS,Eicher Motors,Auto
2022-06-30,2680.724609375,2791.6718881518213,2670.843387120681,2762.8437518799774,928852,EICHERMOT.NS,Eicher Motors,Auto
2022-07-01,2669.64404296875,2695.546151598693,2638.5613720848855,2662.1611647441223,367512,EICHERMOT.NS,Eicher Motors,Auto
2022-07-04,2682.691162109375,2691.4212266242153,2634.100813759914,2680.1970252574533,443843,EICHERMOT.NS,Eicher Motors,Auto
2022-07-05,2691.51708984375,2728.259524711855,2676.551332792307,2700.5347676739584,616329,EICHERMOT.NS,Eicher Motors,Auto
2022-07-06,2789.705078125,2801.2651403585082,2692.8600167761415,2695.738028906647,1058465,EICHERMOT.NS,Eicher Motors,Auto
2022-07-07,2824.481201171875,2837.7201044857543,2798.7709113271253,2823.330043103981,650305,EICHERMOT.NS,Eicher Motors,Auto
2022-07-08,2812.393798828125,2861.5598437826106,2777.2819540143546,2831.964189378368,617742,EICHERMOT.NS,Eicher Motors,Auto
2022-07-11,2922.95751953125,2928.905365115284,2789.6573881787326,2809.8995028645263,1346332,EICHERMOT.NS,Eicher Motors,Auto
2022-07-12,2833.930908203125,2914.946910933736,2821.891176077533,2914.946910933736,1069397,EICHERMOT.NS,Eicher Motors,Auto
2022-07-13,2846.73779296875,2873.1675859788575,2822.3707159588203,2835.32177124959,768270,EICHERMOT.NS,Eicher Motors,Auto
2022-07-14,2834.938232421875,2884.5839461640894,2782.8941750206163,2856.8109392217593,901976,EICHERMOT.NS,Eicher Motors,Auto
2022-07-15,2910.629638671875,2921.4701980118816,2825.9201003675525,2848.6563496476892,536541,EICHERMOT.NS,Eicher Motors,Auto
2022-07-18,2913.028076171875,2952.8405791065475,2889.5243093791164,2931.5913489363484,568164,EICHERMOT.NS,Eicher Motors,Auto
2022-07-19,2952.552734375,2963.3932940771724,2892.402324908603,2897.1990120145874,728004,EICHERMOT.NS,Eicher Motors,Auto
2022-07-20,2921.1826171875,2984.498890663485,2904.8738800800493,2962.434128694581,432912,EICHERMOT.NS,Eicher Motors,Auto
2022-07-21,2955.910400390625,2966.367318756696,2907.751708932899,2928.857132092425,469152,EICHERMOT.NS,Eicher Motors,Auto
2022-07-22,3019.610595703125,3049.7336973931497,2952.4569754396707,2959.699785683208,1461794,EICHERMOT.NS,Eicher Motors,Auto
2022-07-25,2961.18701171875,3025.654444817566,2943.3434747629053,3012.319747264976,623585,EICHERMOT.NS,Eicher Motors,Auto
2022-07-26,2900.36474609375,2972.8905114512313,2885.638823634105,2964.352502459535,676813,EICHERMOT.NS,Eicher Motors,Auto
2022-07-27,2933.078125,2938.4985219338987,2890.96330607972,2900.364859608805,527215,EICHERMOT.NS,Eicher Motors,Auto
2022-07-28,2929.81640625,2954.7591785363456,2907.8476735753957,2940.465145026771,486390,EICHERMOT.NS,Eicher Motors,Auto
2022-07-29,2967.662353515625,3017.1162453334528,2941.712228950792,2957.6373241217916,570564,EICHERMOT.NS,Eicher Motors,Auto
2022-08-01,2962.817626953125,3046.4240245571077,2947.468228063663,2983.4433817108397,891876,EICHERMOT.NS,Eicher Motors,Auto
2022-08-02,2994.0439453125,3019.994068249859,2794.5977979593076,2930.775692027738,1843785,EICHERMOT.NS,Eicher Motors,Auto
2022-08-03,3010.5927734375,3041.0997515416716,2945.6936878824854,3001.7669156384513,1218915,EICHERMOT.NS,Eicher Motors,Auto
2022-08-04,3017.8837890625,3066.5221508060763,2974.9054245736406,3022.8722969466435,928111,EICHERMOT.NS,Eicher Motors,Auto
2022-08-05,2963.968994140625,3050.5011828045385,2941.328537285099,3023.831555617297,518285,EICHERMOT.NS,Eicher Motors,Auto
2022-08-08,2990.0146484375,3017.2119556571424,2947.228109474179,2964.35237464406,595708,EICHERMOT.NS,Eicher Motors,Auto
2022-08-10,3026.278076171875,3040.476317633115,2990.590768973205,3004.64496928536,814819,EICHERMOT.NS,Eicher Motors,Auto
2022-08-11,3047.287353515625,3133.148054087668,3011.5520340037974,3123.6026934365527,2187872,EICHERMOT.NS,Eicher Motors,Auto
2022-08-12,3100.112548828125,3110.9769219057976,3023.675742772672,3069.0646791860595,1327610,EICHERMOT.NS,Eicher Motors,Auto
2022-08-16,3223.62841796875,3227.4429727719994,3100.9333888602305,3107.693442962386,1700743,EICHERMOT.NS,Eicher Motors,Auto
2022-08-17,3281.13720703125,3315.613435755178,3220.779581193849,3224.5458027373124,1654567,EICHERMOT.NS,Eicher Motors,Auto
2022-08-18,3294.4638671875,3320.152166155899,3259.021917687466,3283.454730927882,591901,EICHERMOT.NS,Eicher Motors,Auto
2022-08-19,3306.728759765625,3341.3980848925717,3277.950197313601,3295.091762633498,1151041,EICHERMOT.NS,Eicher Motors,Auto
2022-08-22,3247.964599609375,3297.989047643802,3215.9510087989956,3284.420606042216,928071,EICHERMOT.NS,Eicher Motors,Auto
2022-08-23,3345.985107421875,3360.7123670764486,3223.724614931517,3245.791455673547,1604447,EICHERMOT.NS,Eicher Motors,Auto
2022-08-24,3332.416748046875,3354.435256073146,3276.7429708967243,3337.583454884808,856684,EICHERMOT.NS,Eicher Motors,Auto
2022-08-25,3362.112548828125,3393.2570809111467,3291.9529452816655,3336.5692510648128,1244869,EICHERMOT.NS,Eicher Motors,Auto
2022-08-26,3240.093994140625,3335.410708904922,3226.5738860670517,3322.083698078005,1742915,EICHERMOT.NS,Eicher Motors,Auto
2022-08-29,3178.770751953125,3224.352784954523,3131.498469614647,3176.259780347615,1436918,EICHERMOT.NS,Eicher Motors,Auto
2022-08-30,3243.61865234375,3281.137045020546,3203.2997602751675,3207.93527286499,1236651,EICHERMOT.NS,Eicher Motors,Auto
2022-09-01,3294.657470703125,3317.15860605962,3129.9051931334343,3129.9051931334343,1592544,EICHERMOT.NS,Eicher Motors,Auto
2022-09-02,3304.79736328125,3350.089630947508,3297.940642745961,3332.7066348803255,1038097,EICHERMOT.NS,Eicher Motors,Auto
2022-09-05,3283.9375,3328.843570798412,3263.2228112699636,3326.863793641079,561306,EICHERMOT.NS,Eicher Motors,Auto
2022-09-06,3293.449951171875,3306.7286280032467,3283.454634666386,3295.0432980828555,355149,EICHERMOT.NS,Eicher Motors,Auto
2022-09-07,3267.6650390625,3301.8034049019334,3245.5017670760626,3245.5017670760626,662832,EICHERMOT.NS,Eicher Motors,Auto
2022-09-08,3308.322265625,3344.778272492794,3284.034450722534,3284.034450722534,640524,EICHERMOT.NS,Eicher Motors,Auto
2022-09-09,3354.09716796875,3363.6096236881963,3309.5775265860993,3341.3980183638128,567370,EICHERMOT.NS,Eicher Motors,Auto
2022-09-12,3417.6416015625,3431.2100419308313,3346.3231779830085,3364.575228282301,761569,EICHERMOT.NS,Eicher Motors,Auto
2022-09-13,3401.272705078125,3459.312688533756,3390.166902662339,3433.1415294016847,528699,EICHERMOT.NS,Eicher Motors,Auto
2022-09-14,3420.394287109375,3441.784935478037,3333.672402824719,3333.672402824719,508971,EICHERMOT.NS,Eicher Motors,Auto
2022-09-15,3498.08642578125,3546.1310940627372,3431.548275977585,3437.5357050713365,1625125,EICHERMOT.NS,Eicher Motors,Auto
2022-09-16,3427.347412109375,3515.6143094790286,3409.1917911742935,3510.3995049359196,957393,EICHERMOT.NS,Eicher Motors,Auto
2022-09-19,3467.183349609375,3509.1439226180696,3373.7014144967093,3428.2647065384695,517408,EICHERMOT.NS,Eicher Motors,Auto
2022-09-20,3584.32568359375,3610.1104148992777,3495.913783705045,3500.4042968808453,854400,EICHERMOT.NS,Eicher Motors,Auto
2022-09-21,3555.83642578125,3657.430324127748,3545.5032484407784,3592.4855253165815,883098,EICHERMOT.NS,Eicher Motors,Auto
2022-09-22,3620.250244140625,3631.0179498244142,3544.5858332920807,3553.856858536179,659825,EICHERMOT.NS,Eicher Motors,Auto
2022-09-23,3562.017333984375,3645.0694276220643,3526.2372860244404,3634.9776796774613,436539,EICHERMOT.NS,Eicher Motors,Auto
2022-09-26,3395.0439453125,3544.1513243366517,3353.17980327714,3544.0548936020773,979894,EICHERMOT.NS,Eicher Motors,Auto
2022-09-27,3448.15869140625,3491.0849866184367,3367.762335905286,3422.3256282272614,651919,EICHERMOT.NS,Eicher Motors,Auto
2022-09-28,3503.92919921875,3540.047107910596,3408.032956931651,3408.032956931651,670814,EICHERMOT.NS,Eicher Motors,Auto
2022-09-29,3499.873291015625,3552.1670444488036,3481.427905998216,3521.698467354257,578779,EICHERMOT.NS,Eicher Motors,Auto
2022-09-30,3545.74462890625,3567.1836079715094,3461.0025320245286,3499.727838822978,517861,EICHERMOT.NS,Eicher Motors,Auto
2022-10-03,3344.633544921875,3652.2641142966354,3326.864117798477,3651.395058763354,2180504,EICHERMOT.NS,Eicher Motors,Auto
2022-10-04,3433.1416015625,3457.187984294194,3396.1060697234966,3403.204220508087,961129,EICHERMOT.NS,Eicher Motors,Auto
2022-10-06,3410.302490234375,3473.5572814425886,3399.3414511895057,3437.970331316659,530684,EICHERMOT.NS,Eicher Motors,Auto
2022-10-07,3378.626953125,3428.3133058540366,3348.6895693274014,3410.3026837813727,458833,EICHERMOT.NS,Eicher Motors,Auto
2022-10-10,3410.5439453125,3420.5873599091465,3332.9964207440157,3342.36387708796,412736,EICHERMOT.NS,Eicher Motors,Auto
2022-10-11,3291.180419921875,3428.9405623800667,3276.2117296317374,3427.4919794487632,661794,EICHERMOT.NS,Eicher Motors,Auto
2022-10-12,3339.65966796875,3349.751415396231,3261.2430911950883,3307.6460789867106,660964,EICHERMOT.NS,Eicher Motors,Auto
2022-10-13,3352.21435546875,3433.093577703046,3326.91248474209,3348.9309947853462,753969,EICHERMOT.NS,Eicher Motors,Auto
2022-10-14,3358.008544921875,3433.045098366906,3350.8622963164344,3423.1464477086806,387253,EICHERMOT.NS,Eicher Motors,Auto
2022-10-17,3394.222900390625,3404.1698836589712,3346.516330230543,3351.0551762543632,492114,EICHERMOT.NS,Eicher Motors,Auto
2022-10-18,3488.670654296875,3497.845013110943,3408.9502576581335,3411.2197986209267,522357,EICHERMOT.NS,Eicher Motors,Auto
2022-10-19,3488.4775390625,3558.6854795231216,3476.743875597636,3505.4741043671916,645494,EICHERMOT.NS,Eicher Motors,Auto
2022-10-20,3525.995849609375,3534.5425837723697,3437.970382029955,3473.702096674648,515240,EICHERMOT.NS,Eicher Motors,Auto
2022-10-21,3505.088134765625,3558.395944076048,3445.696229465147,3525.9959225666757,532326,EICHERMOT.NS,Eicher Motors,Auto
2022-10-24,3516.386962890625,3558.5889679000675,3506.1504509685324,3558.5889679000675,63729,EICHERMOT.NS,Eicher Motors,Auto
2022-10-25,3583.4560546875,3596.3485370116186,3524.885112806769,3550.959605422052,571186,EICHERMOT.NS,Eicher Motors,Auto
2022-10-27,3583.4560546875,3612.8141433915875,3535.508054242625,3612.8141433915875,583285,EICHERMOT.NS,Eicher Motors,Auto
2022-10-28,3617.353271484375,3643.765863150197,3570.419086808063,3593.4516513898043,478514,EICHERMOT.NS,Eicher Motors,Auto
2022-10-31,3718.464111328125,3731.6463576785995,3629.183162377723,3635.460355181197,678149,EICHERMOT.NS,Eicher Motors,Auto
2022-11-01,3668.198486328125,3756.320622091372,3623.340744921394,3756.320622091372,746053,EICHERMOT.NS,Eicher Motors,Auto
2022-11-02,3601.370361328125,3717.836526446467,3568.3427167604063,3717.836526446467,1177767,EICHERMOT.NS,Eicher Motors,Auto
2022-11-03,3549.26953125,3618.5600798840214,3523.291705583101,3571.2397052071287,738117,EICHERMOT.NS,Eicher Motors,Auto
2022-11-04,3541.205810546875,3601.1772394138816,3520.056593634647,3568.3426923127627,631943,EICHERMOT.NS,Eicher Motors,Auto
2022-11-07,3626.430908203125,3635.943364301655,3553.8569935272485,3554.0500907746755,505944,EICHERMOT.NS,Eicher Motors,Auto
2022-11-09,3604.991943359375,3661.9695421593356,3569.598325871241,3661.9695421593356,490411,EICHERMOT.NS,Eicher Motors,Auto
2022-11-10,3573.9921875,3611.2205802063218,3511.4616909832184,3611.2205802063218,442138,EICHERMOT.NS,Eicher Motors,Auto
2022-11-11,3399.003173828125,3610.8343782944053,3380.9925537332747,3602.1428807269676,2463500,EICHERMOT.NS,Eicher Motors,Auto
2022-11-14,3396.057861328125,3442.7987088164573,3378.095338973343,3415.9999250381525,659139,EICHERMOT.NS,Eicher Motors,Auto
2022-11-15,3387.704345703125,3435.9421110669355,3380.0269031774437,3399.341342624172,552511,EICHERMOT.NS,Eicher Motors,Auto
2022-11-16,3382.972412109375,3460.9544616005655,3340.2392147101777,3394.5610758108523,1048177,EICHERMOT.NS,Eicher Motors,Auto
2022-11-17,3323.870361328125,3380.0270013416257,3303.783296565757,3380.0270013416257,889808,EICHERMOT.NS,Eicher Motors,Auto
2022-11-18,3274.038818359375,3339.0319522995746,3260.325613918544,3331.6440379699593,868754,EICHERMOT.NS,Eicher Motors,Auto
2022-11-21,3262.788330078125,3294.0776274815653,3249.654417025936,3274.231993917103,631291,EICHERMOT.NS,Eicher Motors,Auto
2022-11-22,3259.360107421875,3291.1322671486696,3239.0316120167486,3264.5749119517527,461525,EICHERMOT.NS,Eicher Motors,Auto
2022-11-23,3265.00927734375,3301.755045043376,3259.311612093616,3275.6805521466267,738556,EICHERMOT.NS,Eicher Motors,Auto
2022-11-24,3261.581298828125,3286.2553073697004,3231.5955835018426,3281.378599875587,407602,EICHERMOT.NS,Eicher Motors,Auto
2022-11-25,3297.071533203125,3304.942073095734,3235.1686594698544,3277.901857434493,512690,EICHERMOT.NS,Eicher Motors,Auto
2022-11-28,3323.435546875,3331.2579892670065,3285.482861459181,3296.685095028757,435882,EICHERMOT.NS,Eicher Motors,Auto
2022-11-29,3299.002685546875,3345.9849617962564,3288.283078119995,3332.126758186149,456872,EICHERMOT.NS,Eicher Motors,Auto
2022-11-30,3365.058349609375,3384.372789842461,3299.920447077688,3302.5761826097373,1151772,EICHERMOT.NS,Eicher Motors,Auto
2022-12-01,3319.62109375,3380.0270529507,3312.426511891686,3369.983638302151,518865,EICHERMOT.NS,Eicher Motors,Auto
2022-12-02,3217.640869140625,3317.254996937846,3211.025579277537,3317.254996937846,1453049,EICHERMOT.NS,Eicher Motors,Auto
2022-12-05,3229.7607421875,3244.8261005344903,3212.0882172218203,3214.0196613292815,518257,EICHERMOT.NS,Eicher Motors,Auto
2022-12-06,3186.5927734375,3223.579972462873,3165.8297508467417,3220.682806519976,944559,EICHERMOT.NS,Eicher Motors,Auto
2022-12-07,3148.10888671875,3210.9289128185,3142.4593188343083,3186.641099361865,943407,EICHERMOT.NS,Eicher Motors,Auto
2022-12-08,3208.41845703125,3215.8544697618877,3163.7054783603435,3172.300310412173,862490,EICHERMOT.NS,Eicher Motors,Auto
2022-12-09,3243.087646484375,3247.7231593434535,3212.136208531003,3220.6829427328034,660249,EICHERMOT.NS,Eicher Motors,Auto
2022-12-12,3206.6318359375,3238.0178035625167,3174.3284794901506,3226.477471851717,541993,EICHERMOT.NS,Eicher Motors,Auto
2022-12-13,3199.43701171875,3227.587713936251,3187.896680880377,3192.6769576644087,584450,EICHERMOT.NS,Eicher Motors,Auto
2022-12-14,3253.903564453125,3268.9689217395007,3211.0256025949307,3214.888490537902,676995,EICHERMOT.NS,Eicher Motors,Auto
2022-12-15,3190.262451171875,3266.4097209838833,3183.5507307961793,3252.5515167388753,338209,EICHERMOT.NS,Eicher Motors,Auto
2022-12-16,3178.62548828125,3232.5611538896387,3167.5680190277562,3177.2252385979627,771552,EICHERMOT.NS,Eicher Motors,Auto
2022-12-19,3272.7353515625,3292.6293200443138,3169.6445230202708,3179.1569794943193,890120,EICHERMOT.NS,Eicher Motors,Auto
2022-12-20,3199.87158203125,3262.5951801153847,3178.191169822982,3254.4832094510634,711013,EICHERMOT.NS,Eicher Motors,Auto
2022-12-21,3161.04931640625,3235.16847474557,3150.1849446627016,3215.854036090373,485199,EICHERMOT.NS,Eicher Motors,Auto
2022-12-22,3096.153076171875,3183.164487215506,3086.9787171395246,3161.773839148869,613152,EICHERMOT.NS,Eicher Motors,Auto
2022-12-23,3006.920166015625,3090.310353777117,2998.6150984030305,3080.749800428907,581956,EICHERMOT.NS,Eicher Motors,Auto
2022-12-26,3052.888427734375,3117.9779910070242,2982.3423941360156,3008.223788815367,530294,EICHERMOT.NS,Eicher Motors,Auto
2022-12-27,3092.048828125,3103.009631650262,3042.024380054158,3066.119097433842,422130,EICHERMOT.NS,Eicher Motors,Auto
2022-12-28,3101.46435546875,3122.7585714818956,3066.746698746851,3078.8663205228154,318724,EICHERMOT.NS,Eicher Motors,Auto
2022-12-29,3168.72705078125,3371.094147604186,3054.8201854641384,3072.010084606604,881072,EICHERMOT.NS,Eicher Motors,Auto
2022-12-30,3117.109130859375,3184.9511001701553,3106.969050037123,3177.2253243055825,663451,EICHERMOT.NS,Eicher Motors,Auto
2023-01-02,3118.171630859375,3138.548223967698,3093.4973861551193,3116.3849508180115,381581,EICHERMOT.NS,Eicher Motors,Auto
2023-01-03,3103.299072265625,3128.9390365248723,3096.1044910798587,3118.1713313715395,323237,EICHERMOT.NS,Eicher Motors,Auto
2023-01-04,3105.03759765625,3131.6916186255808,3078.818340195698,3113.4876649852267,372617,EICHERMOT.NS,Eicher Motors,Auto
2023-01-05,3146.032470703125,3154.917065831412,3092.7729974151907,3118.316296823504,383751,EICHERMOT.NS,Eicher Motors,Auto
2023-01-06,3139.176025390625,3166.457671872217,3126.09044514506,3148.2537178757107,242107,EICHERMOT.NS,Eicher Motors,Auto
2023-01-09,3150.71630859375,3162.836166657115,3118.5093860925967,3154.9170577643554,391801,EICHERMOT.NS,Eicher Motors,Auto
2023-01-10,3058.972900390625,3153.8550909891824,3036.3748631512904,3150.1853000762662,607830,EICHERMOT.NS,Eicher Motors,Auto
2023-01-11,3029.71142578125,3065.684571246339,2990.551350476267,3058.9728503206716,856148,EICHERMOT.NS,Eicher Motors,Auto
2023-01-12,2996.876708984375,3044.8730438283783,2988.9095027170356,3042.024211165965,690116,EICHERMOT.NS,Eicher Motors,Auto
2023-01-13,3053.661376953125,3086.447592554431,2955.109397126583,2998.5668882607974,964656,EICHERMOT.NS,Eicher Motors,Auto
2023-01-16,3031.44970703125,3070.899309473378,2993.73821558059,3047.384120114179,653373,EICHERMOT.NS,Eicher Motors,Auto
2023-01-17,3070.947509765625,3082.5845065767376,3017.881135041449,3043.955628048207,495809,EICHERMOT.NS,Eicher Motors,Auto
2023-01-18,3068.67822265625,3082.584524699492,3042.0242020060773,3062.3043633527845,330814,EICHERMOT.NS,Eicher Motors,Auto
2023-01-19,3058.15185546875,3071.0443386681895,3027.5868480255517,3054.6270644254155,320900,EICHERMOT.NS,Eicher Motors,Auto
2023-01-20,3042.507080078125,3085.3850414289063,3033.4293878283543,3066.1672684488326,389881,EICHERMOT.NS,Eicher Motors,Auto
2023-01-23,3093.545654296875,3114.0672467390827,3037.9199729447364,3057.7656071432425,424691,EICHERMOT.NS,Eicher Motors,Auto
2023-01-24,3115.9501953125,3123.9657346271597,3069.402444620517,3109.0451419281294,367438,EICHERMOT.NS,Eicher Motors,Auto
2023-01-25,3103.685791015625,3124.1107173161813,3074.231269569522,3115.9504134469844,353061,EICHERMOT.NS,Eicher Motors,Auto
2023-01-27,3061.09716796875,3153.0338509636204,3020.778276332913,3119.2335825263913,627913,EICHERMOT.NS,Eicher Motors,Auto
2023-01-30,3082.05322265625,3099.967411706954,2992.8206101607575,3051.777981453688,656403,EICHERMOT.NS,Eicher Motors,Auto
2023-01-31,3151.489013671875,3164.671024791343,3068.0988238517234,3091.3244853320966,612164,EICHERMOT.NS,Eicher Motors,Auto
2023-02-01,3189.876220703125,3239.948761615158,3128.9390722405224,3167.5679496755906,885327,EICHERMOT.NS,Eicher Motors,Auto
2023-02-02,3107.017333984375,3206.8728911405506,3075.8244672717788,3153.0822246914777,613267,EICHERMOT.NS,Eicher Motors,Auto
2023-02-03,3203.010009765625,3211.025549268568,3089.87577532349,3122.565322534819,500037,EICHERMOT.NS,Eicher Motors,Auto
2023-02-06,3148.929443359375,3186.930695533559,3110.2522329900066,3182.0537526429475,346025,EICHERMOT.NS,Eicher Motors,Auto
2023-02-07,3162.44970703125,3185.916798197831,3128.9875348782134,3164.7192479831906,447240,EICHERMOT.NS,Eicher Motors,Auto
2023-02-08,3117.350830078125,3165.5886001363674,3093.207778420147,3162.7397671951235,378309,EICHERMOT.NS,Eicher Motors,Auto
2023-02-09,3126.1865234375,3138.1616163425388,3085.48144006282,3125.1243708211464,265006,EICHERMOT.NS,Eicher Motors,Auto
2023-02-10,3102.237060546875,3131.160386355836,3088.5236199733886,3114.5016823953065,328745,EICHERMOT.NS,Eicher Motors,Auto
2023-02-13,3141.155517578125,3159.8423322810563,3106.92072039286,3114.453399023963,405135,EICHERMOT.NS,Eicher Motors,Auto
2023-02-14,3066.84326171875,3186.882551652037,3037.195643922926,3150.13678295511,1519235,EICHERMOT.NS,Eicher Motors,Auto
2023-02-15,3197.650146484375,3227.3944297550497,3093.2074117030306,3093.2074117030306,2093492,EICHERMOT.NS,Eicher Motors,Auto
2023-02-16,3176.356201171875,3229.374242604412,3156.0277067068296,3215.8058018768756,679170,EICHERMOT.NS,Eicher Motors,Auto
2023-02-17,3172.396728515625,3183.985392364084,3129.1323363269844,3174.3765057441306,491317,EICHERMOT.NS,Eicher Motors,Auto
2023-02-20,3177.708251953125,3220.6828811012524,3168.0026986652765,3186.8826109847478,515895,EICHERMOT.NS,Eicher Motors,Auto
2023-02-21,3161.918701171875,3185.0479324881026,3153.1307721316125,3177.2254897092052,494115,EICHERMOT.NS,Eicher Motors,Auto
2023-02-22,3138.306640625,3158.055607768877,3104.8928019062646,3157.910843782077,570379,EICHERMOT.NS,Eicher Motors,Auto
2023-02-23,3130.822265625,3162.594659618427,3110.493771183016,3153.0822039897953,527729,EICHERMOT.NS,Eicher Motors,Auto
2023-02-24,3095.718505859375,3138.4998014044177,3056.5100987514375,3138.4998014044177,684029,EICHERMOT.NS,Eicher Motors,Auto
2023-02-27,3023.72412109375,3095.525415218424,2995.718181187252,3090.310610372216,482530,EICHERMOT.NS,Eicher Motors,Auto
2023-02-28,2999.435791015625,3071.961605723608,2985.1913918693117,3024.6412288985666,974100,EICHERMOT.NS,Eicher Motors,Auto
2023-03-01,3031.208251953125,3036.1332926756413,2980.894041590426,2999.5325232907026,522394,EICHERMOT.NS,Eicher Motors,Auto
2023-03-02,3018.364013671875,3050.6673663758484,2991.1307013044166,3046.9494782589163,970565,EICHERMOT.NS,Eicher Motors,Auto
2023-03-03,3020.102294921875,3042.8931914298923,3007.113381876583,3033.477402437556,337278,EICHERMOT.NS,Eicher Motors,Auto
2023-03-06,3057.6689453125,3060.469680572081,3025.0274946000927,3030.435632101925,362693,EICHERMOT.NS,Eicher Motors,Auto
2023-03-08,3094.5595703125,3101.4646242716435,3042.121052841912,3057.475938768883,657256,EICHERMOT.NS,Eicher Motors,Auto
2023-03-09,3038.83740234375,3109.576539590942,3034.3952225600124,3100.933374754042,419727,EICHERMOT.NS,Eicher Motors,Auto
2023-03-10,3009.286376953125,3039.3201892752004,2989.0543127149344,3027.4900949385637,362000,EICHERMOT.NS,Eicher Motors,Auto
2023-03-13,2929.4208984375,3015.901347088705,2921.3089282842725,3010.155348582505,351244,EICHERMOT.NS,Eicher Motors,Auto
2023-03-14,2913.486572265625,2945.4520643879346,2883.162996141042,2929.42098507297,727498,EICHERMOT.NS,Eicher Motors,Auto
2023-03-15,2903.829345703125,2954.8678469774354,2899.09740228001,2940.4303504395953,288927,EICHERMOT.NS,Eicher Motors,Auto
2023-03-16,2931.40087890625,2975.3895643785436,2893.3031921058478,2918.122201038608,439612,EICHERMOT.NS,Eicher Motors,Auto
2023-03-17,2872.63671875,2953.177838210592,2841.395518140979,2947.3835062847375,692626,EICHERMOT.NS,Eicher Motors,Auto
2023-03-20,2850.811279296875,2887.4120479573808,2809.5266647338867,2872.6366903103058,561183,EICHERMOT.NS,Eicher Motors,Auto
2023-03-21,2834.200927734375,2873.0229043633103,2826.6682490996336,2865.104031243493,490092,EICHERMOT.NS,Eicher Motors,Auto
2023-03-22,2845.54833984375,2867.132086093854,2831.3522729316846,2848.3971727230987,222875,EICHERMOT.NS,Eicher Motors,Auto
2023-03-23,2827.34423828125,2848.879885929279,2813.0034081152635,2841.347207212089,379191,EICHERMOT.NS,Eicher Motors,Auto
2023-03-24,2809.86474609375,2830.531102000869,2787.7012382025778,2824.7367701646335,542971,EICHERMOT.NS,Eicher Motors,Auto
2023-03-27,2786.63916015625,2828.5997338401467,2772.5878579225196,2813.7277093708067,375285,EICHERMOT.NS,Eicher Motors,Auto
2023-03-28,2754.625244140625,2795.571997001313,2738.787498191884,2795.571997001313,1079359,EICHERMOT.NS,Eicher Motors,Auto
2023-03-29,2833.138427734375,2846.755201490932,2752.307547954115,2760.5161845006446,765293,EICHERMOT.NS,Eicher Motors,Auto
2023-03-31,2847.769287109375,2861.772255485389,2820.873836299074,2822.901946717488,546110,EICHERMOT.NS,Eicher Motors,Auto
2023-04-03,2901.31884765625,2945.4522988818194,2878.914142897842,2945.4522988818194,1170652,EICHERMOT.NS,Eicher Motors,Auto
2023-04-05,2833.186767578125,2905.8573442326638,2822.0326319139663,2879.7828516124305,1033837,EICHERMOT.NS,Eicher Motors,Auto
2023-04-06,2860.1787109375,2868.194250441612,2825.702483768403,2847.6243253295065,586845,EICHERMOT.NS,Eicher Motors,Auto
2023-04-10,2868.628662109375,2884.6114072180544,2849.990181691071,2877.8513537026456,416883,EICHERMOT.NS,Eicher Motors,Auto
2023-04-11,2949.508056640625,2954.143569350063,2868.6288399250093,2868.6288399250093,618391,EICHERMOT.NS,Eicher Motors,Auto
2023-04-12,3021.116455078125,3037.195631761014,2930.9662137979894,2930.9662137979894,746284,EICHERMOT.NS,Eicher Motors,Auto
2023-04-13,3102.9130859375,3120.682276237918,3024.6412715235333,3032.3670474405794,1337741,EICHERMOT.NS,Eicher Motors,Auto
2023-04-17,3118.31640625,3142.4594567784143,3096.104799763859,3124.1107383768194,539975,EICHERMOT.NS,Eicher Motors,Auto
2023-04-18,3151.681884765625,3165.636519645669,3105.6169953772774,3117.978047592983,577513,EICHERMOT.NS,Eicher Motors,Auto
2023-04-19,3176.839111328125,3186.8825255848174,3146.4188690384517,3152.0682011433537,646164,EICHERMOT.NS,Eicher Motors,Auto
2023-04-20,3135.65087890625,3195.2842100891276,3109.6730524244376,3195.2842100891276,483671,EICHERMOT.NS,Eicher Motors,Auto
2023-04-21,3090.986328125,3148.2053560674203,3084.6127044502923,3128.9392495095562,443737,EICHERMOT.NS,Eicher Motors,Auto
2023-04-24,3073.7001953125,3107.162370116964,3049.8469077743293,3094.1734556675137,379317,EICHERMOT.NS,Eicher Motors,Auto
2023-04-25,3107.64501953125,3135.2164294022414,3047.963353606778,3066.167307362426,574542,EICHERMOT.NS,Eicher Motors,Auto
2023-04-26,3137.00341796875,3167.568427541566,3114.984907354611,3119.2823234631883,881684,EICHERMOT.NS,Eicher Motors,Auto
2023-04-27,3151.681884765625,3158.2969385921306,3125.317628646521,3136.95462517911,464406,EICHERMOT.NS,Eicher Motors,Auto
2023-04-28,3187.945068359375,3191.7112899449207,3153.4205059946153,3162.7396292192484,416242,EICHERMOT.NS,Eicher Motors,Auto
2023-05-02,3241.107666015625,3267.8100197079852,3211.0255212307743,3212.908631900863,838718,EICHERMOT.NS,Eicher Motors,Auto
2023-05-03,3233.575439453125,3252.455116440264,3207.3559449890063,3252.455116440264,577763,EICHERMOT.NS,Eicher Motors,Auto
2023-05-04,3224.83544921875,3266.506258272667,3207.1626898618656,3226.477129427429,325535,EICHERMOT.NS,Eicher Motors,Auto
2023-05-05,3240.093994140625,3275.7773750804113,3210.7842369723394,3224.8355393031975,518154,EICHERMOT.NS,Eicher Motors,Auto
2023-05-08,3276.597900390625,3290.6008686252153,3244.922409139602,3255.4486840554414,322909,EICHERMOT.NS,Eicher Motors,Auto
2023-05-09,3265.97509765625,3293.111979834052,3255.786919298093,3293.111979834052,347387,EICHERMOT.NS,Eicher Motors,Auto
2023-05-10,3299.630615234375,3305.4732804387195,3239.804185001261,3280.1714114098577,386746,EICHERMOT.NS,Eicher Motors,Auto
2023-05-11,3288.572998046875,3307.4529092925213,3270.948572488543,3307.4529092925213,408412,EICHERMOT.NS,Eicher Motors,Auto
2023-05-12,3502.046142578125,3522.471068998413,3394.4645680549183,3399.3415114117656,3665298,EICHERMOT.NS,Eicher Motors,Auto
2023-05-15,3533.093994140625,3578.00006786689,3505.5709166954953,3505.5709166954953,1269701,EICHERMOT.NS,Eicher Motors,Auto
2023-05-16,3508.6611328125,3558.6855797032936,3486.2564295058046,3543.2340276611626,1035562,EICHERMOT.NS,Eicher Motors,Auto
2023-05-17,3504.36376953125,3511.655017914708,3461.3408065153,3499.7765899500514,755786,EICHERMOT.NS,Eicher Motors,Auto
2023-05-18,3453.566650390625,3524.8369814421762,3448.0620821220687,3511.365206640401,1235091,EICHERMOT.NS,Eicher Motors,Auto
2023-05-19,3448.49658203125,3456.319024509507,3391.132789763938,3443.9094025491545,762689,EICHERMOT.NS,Eicher Motors,Auto
2023-05-22,3423.918701171875,3454.1941773814096,3406.1011790736684,3447.5788879842667,303121,EICHERMOT.NS,Eicher Motors,Auto
2023-05-23,3478.144287109375,3484.0350495711436,3409.046834081237,3423.9188578780527,374270,EICHERMOT.NS,Eicher Motors,Auto
2023-05-24,3487.12548828125,3499.7765408364407,3456.2223841679042,3476.599212751431,374043,EICHERMOT.NS,Eicher Motors,Auto
2023-05-25,3526.333740234375,3556.0296905321175,3483.2624464693517,3487.1253343129606,725887,EICHERMOT.NS,Eicher Motors,Auto
2023-05-26,3563.852294921875,3570.7571129477915,3486.2564375230636,3523.919595712371,394991,EICHERMOT.NS,Eicher Motors,Auto
2023-05-29,3584.22900390625,3590.7476276502475,3544.199872662321,3573.1715337467544,516724,EICHERMOT.NS,Eicher Motors,Auto
2023-05-30,3552.263671875,3595.189968331957,3544.5859932301914,3584.2289291415277,598100,EICHERMOT.NS,Eicher Motors,Auto
2023-05-31,3546.082763671875,3599.245805620856,3530.920975798566,3552.263525783291,1188672,EICHERMOT.NS,Eicher Motors,Auto
2023-06-01,3588.671142578125,3605.0400826729438,3560.6168724390955,3586.401601659567,622442,EICHERMOT.NS,Eicher Motors,Auto
2023-06-02,3572.591796875,3619.5259793903965,3531.6452792504483,3592.4857639627203,987424,EICHERMOT.NS,Eicher Motors,Auto
2023-06-05,3547.33837890625,3590.071577917099,3539.467838820952,3585.87059285809,340655,EICHERMOT.NS,Eicher Motors,Auto
2023-06-06,3578.0966796875,3594.4172871932096,3553.856963157177,3553.9536296660517,385907,EICHERMOT.NS,Eicher Motors,Auto
2023-06-07,3599.632080078125,3611.8002715584744,3570.4673229006835,3578.096668146036,342012,EICHERMOT.NS,Eicher Motors,Auto
2023-06-08,3532.031494140625,3599.342505122427,3519.4771083338105,3599.342505122427,511175,EICHERMOT.NS,Eicher Motors,Auto
2023-06-09,3458.5400390625,3541.495459596066,3453.5183321170057,3526.816533227714,447350,EICHERMOT.NS,Eicher Motors,Auto
2023-06-12,3467.521484375,3492.533589699341,3434.107409089135,3471.770566837863,358856,EICHERMOT.NS,Eicher Motors,Auto
2023-06-13,3469.501220703125,3515.952545510874,3460.1820972506935,3476.5510388064276,612123,EICHERMOT.NS,Eicher Motors,Auto
2023-06-14,3449.607421875,3517.449394432529,3441.012354351143,3491.0851358785526,456603,EICHERMOT.NS,Eicher Motors,Auto
2023-06-15,3413.537353515625,3485.097444822641,3408.9985074730985,3465.879436419318,428887,EICHERMOT.NS,Eicher Motors,Auto
2023-06-16,3417.59326171875,3441.736310095559,3370.369553402495,3428.312869506836,610093,EICHERMOT.NS,Eicher Motors,Auto
2023-06-19,3376.791748046875,3446.8065932761046,3373.266957044124,3445.5030100350205,336012,EICHERMOT.NS,Eicher Motors,Auto
2023-06-20,3439.99853515625,3447.6276448795443,3346.2751650507166,3384.6626157184933,378562,EICHERMOT.NS,Eicher Motors,Auto
2023-06-21,3448.062255859375,3462.6447531637323,3413.8757895030744,3453.4220604061807,538051,EICHERMOT.NS,Eicher Motors,Auto
2023-06-22,3436.6181640625,3505.5706157494506,3423.484251468816,3464.8655305943657,559681,EICHERMOT.NS,Eicher Motors,Auto
2023-06-23,3417.883056640625,3442.5089662096725,3389.4909257992126,3442.5089662096725,281640,EICHERMOT.NS,Eicher Motors,Auto
2023-06-26,3429.906494140625,3449.8487951779466,3400.3072087425257,3428.264813872452,346202,EICHERMOT.NS,Eicher Motors,Auto
2023-06-27,3414.55126953125,3459.4090054411954,3398.3754274144007,3423.5808637679434,336518,EICHERMOT.NS,Eicher Motors,Auto
2023-06-28,3423.339599609375,3447.5307461985913,3416.6276433396215,3423.484363595241,657118,EICHERMOT.NS,Eicher Motors,Auto
2023-06-30,3457.38134765625,3476.5991207091606,3385.145296549344,3418.752468537259,712382,EICHERMOT.NS,Eicher Motors,Auto
2023-07-03,3506.391845703125,3540.3368799624423,3462.644591603204,3467.8593961356028,734331,EICHERMOT.NS,Eicher Motors,Auto
2023-07-04,3285.193115234375,3436.8598010335927,3270.948715871044,3433.1900103144085,4118019,EICHERMOT.NS,Eicher Motors,Auto
2023-07-05,3196.29833984375,3306.052549129869,3167.5681107900896,3293.884593582088,2931606,EICHERMOT.NS,Eicher Motors,Auto
2023-07-06,3111.74951171875,3176.4045551752893,3098.036305898161,3138.5966315988226,3837528,EICHERMOT.NS,Eicher Motors,Auto
2023-07-07,3075.63134765625,3136.6649284193772,3067.132947247519,3100.4986881447967,2099192,EICHERMOT.NS,Eicher Motors,Auto
2023-07-10,3065.10498046875,3121.213523324934,3051.6815388944283,3099.9676391933904,1778576,EICHERMOT.NS,Eicher Motors,Auto
2023-07-11,3141.5419921875,3150.185156913663,3074.907174337395,3088.3306157984102,1425815,EICHERMOT.NS,Eicher Motors,Auto
2023-07-12,3178.818603515625,3193.6425299486045,3124.1105486494516,3159.8422612615163,1573745,EICHERMOT.NS,Eicher Motors,Auto
2023-07-13,3145.501220703125,3191.7111112826756,3133.7677930748205,3191.7111112826756,1050165,EICHERMOT.NS,Eicher Motors,Auto
2023-07-14,3232.368408203125,3249.6547388050612,3144.391034041391,3162.739753220379,1577337,EICHERMOT.NS,Eicher Motors,Auto
2023-07-17,3235.072021484375,3258.3460159067836,3211.073971336626,3235.168687992805,1556115,EICHERMOT.NS,Eicher Motors,Auto
2023-07-18,3234.4443359375,3253.5173450096104,3203.782663125373,3239.9972373129244,743048,EICHERMOT.NS,Eicher Motors,Auto
2023-07-19,3215.9990234375,3241.494225696294,3206.245372702363,3234.202977443155,658755,EICHERMOT.NS,Eicher Motors,Auto
2023-07-20,3203.396240234375,3228.4083433810447,3183.9851355451106,3228.4083433810447,684856,EICHERMOT.NS,Eicher Motors,Auto
2023-07-21,3201.851318359375,3221.64861952854,3180.1709064285137,3201.1753601079936,536479,EICHERMOT.NS,Eicher Motors,Auto
2023-07-24,3194.463623046875,3207.9837310935923,3169.499614951826,3204.2656070719554,517007,EICHERMOT.NS,Eicher Motors,Auto
2023-07-25,3212.184326171875,3249.6543852573172,3199.195413004808,3211.556701208619,865631,EICHERMOT.NS,Eicher Motors,Auto
2023-07-26,3238.693603515625,3244.826032737478,3212.3776781013103,3232.7061740619934,552958,EICHERMOT.NS,Eicher Motors,Auto
2023-07-27,3213.825927734375,3251.827180121044,3206.5830132341425,3244.8256961041525,748689,EICHERMOT.NS,Eicher Motors,Auto
2023-07-28,3240.1904296875,3243.377359463968,3215.516185262209,3234.9756251601707,338430,EICHERMOT.NS,Eicher Motors,Auto
2023-07-31,3250.13720703125,3260.2289542056283,3204.699942348758,3235.1685168785284,485771,EICHERMOT.NS,Eicher Motors,Auto
2023-08-01,3298.8095703125,3317.254954177264,3251.6341937228226,3259.3116362003684,1039321,EICHERMOT.NS,Eicher Motors,Auto
2023-08-02,3218.461669921875,3312.4264679003822,3167.568167554885,3312.4264679003822,1174483,EICHERMOT.NS,Eicher Motors,Auto
2023-08-03,3263.8505859375,3268.9689596757294,3188.1864089396513,3218.075457590859,601722,EICHERMOT.NS,Eicher Motors,Auto
2023-08-04,3244.391357421875,3359.6020379393417,3235.168665266497,3302.7692045407225,1235134,EICHERMOT.NS,Eicher Motors,Auto
2023-08-07,3240.818359375,3261.388049937329,3225.221807172113,3244.7776782234387,438968,EICHERMOT.NS,Eicher Motors,Auto
2023-08-08,3256.414306640625,3269.017024821605,3178.190831303172,3229.3740929437276,881723,EICHERMOT.NS,Eicher Motors,Auto
2023-08-09,3295.623046875,3297.9406854051467,3217.7857580585505,3259.3118047561848,1096303,EICHERMOT.NS,Eicher Motors,Auto
2023-08-10,3297.65087890625,3317.061985489564,3264.237039041148,3295.0434766506337,640761,EICHERMOT.NS,Eicher Motors,Auto
2023-08-11,3273.024658203125,3302.768940258085,3260.711703820584,3302.768940258085,366412,EICHERMOT.NS,Eicher Motors,Auto
2023-08-14,3259.84375,3292.3572904902007,3208.730339004074,3292.3572904902007,650028,EICHERMOT.NS,Eicher Motors,Auto
2023-08-16,3248.615234375,3267.89876161126,3208.4861131256403,3267.89876161126,502272,EICHERMOT.NS,Eicher Motors,Auto
2023-08-17,3220.544189453125,3244.5143931168545,3214.002483762385,3240.6088687194824,484577,EICHERMOT.NS,Eicher Motors,Auto
2023-08-18,3270.486572265625,3289.4282722503167,3197.550705716632,3220.1052068511563,680218,EICHERMOT.NS,Eicher Motors,Auto
2023-08-21,3286.0595703125,3292.3571809463897,3237.1916469240077,3265.946023620106,407887,EICHERMOT.NS,Eicher Motors,Auto
2023-08-22,3264.4326171875,3289.4280697906015,3250.3728240821943,3281.8122492026014,343014,EICHERMOT.NS,Eicher Motors,Auto
2023-08-23,3278.687744140625,3300.168128408372,3251.6420352601845,3264.4324846859486,347738,EICHERMOT.NS,Eicher Motors,Auto
2023-08-24,3262.723876953125,3295.2862826813393,3241.5853210376436,3285.5224714733945,840229,EICHERMOT.NS,Eicher Motors,Auto
2023-08-25,3262.23583984375,3282.7398443449138,3245.100541067224,3262.089478018465,463506,EICHERMOT.NS,Eicher Motors,Auto
2023-08-28,3269.265869140625,3285.4736529590955,3255.254704501882,3270.8279359322423,329661,EICHERMOT.NS,Eicher Motors,Auto
2023-08-29,3276.1005859375,3290.4044744306298,3269.363412980107,3280.640662933803,271577,EICHERMOT.NS,Eicher Motors,Auto
2023-08-30,3325.310302734375,3331.4126852909603,3277.223528188484,3288.4519120926007,903102,EICHERMOT.NS,Eicher Motors,Auto
2023-08-31,3257.79345703125,3329.459738456516,3243.538196818928,3329.459738456516,835737,EICHERMOT.NS,Eicher Motors,Auto
2023-09-01,3320.08642578125,3325.993579517999,3243.6359710846978,3270.8769103013647,691510,EICHERMOT.NS,Eicher Motors,Auto
2023-09-04,3353.039306640625,3379.255236459851,3329.70389197839,3348.9874201263474,661736,EICHERMOT.NS,Eicher Motors,Auto
2023-09-05,3323.064208984375,3362.6565102864447,3316.2784080104266,3353.0390610963327,374902,EICHERMOT.NS,Eicher Motors,Auto
2023-09-06,3311.201416015625,3336.3920971653156,3295.2863557190694,3334.341601416481,431090,EICHERMOT.NS,Eicher Motors,Auto
2023-09-07,3322.088134765625,3331.363756077675,3295.2865187546167,3309.9322366157485,334700,EICHERMOT.NS,Eicher Motors,Auto
2023-09-08,3291.283203125,3325.896106432632,3286.5967641906177,3322.625134150964,448502,EICHERMOT.NS,Eicher Motors,Auto
2023-09-11,3324.089599609375,3329.361962429103,3283.5697821960134,3297.2391181908824,544361,EICHERMOT.NS,Eicher Motors,Auto
2023-09-12,3262.33349609375,3334.2927387030973,3242.268815917662,3329.4596997170784,446513,EICHERMOT.NS,Eicher Motors,Auto
2023-09-13,3241.87841796875,3290.306780551062,3229.8688820083075,3270.8280240554077,820181,EICHERMOT.NS,Eicher Motors,Auto
2023-09-14,3301.53515625,3305.0502237727155,3246.565087688469,3256.2311658144777,436335,EICHERMOT.NS,Eicher Motors,Auto
2023-09-15,3346.25341796875,3366.4644600286065,3291.91790250992,3300.21714225606,1169429,EICHERMOT.NS,Eicher Motors,Auto
2023-09-18,3350.69580078125,3371.2975371002917,3331.4122742815257,3350.988762782686,596376,EICHERMOT.NS,Eicher Motors,Auto
2023-09-20,3359.9228515625,3368.5150535769203,3297.043999245455,3346.058286553074,547812,EICHERMOT.NS,Eicher Motors,Auto
2023-09-21,3354.69921875,3358.7999718430083,3323.6013842439434,3348.792065207139,477582,EICHERMOT.NS,Eicher Motors,Auto
2023-09-22,3328.9228515625,3350.7450668429947,3311.8850472108807,3344.10562697443,393516,EICHERMOT.NS,Eicher Motors,Auto
2023-09-25,3306.6611328125,3348.8896176331978,3301.1935413863102,3337.124415451962,309695,EICHERMOT.NS,Eicher Motors,Auto
2023-09-26,3390.1416015625,3455.6080031615747,3324.5777048762593,3324.6265716069906,2178639,EICHERMOT.NS,Eicher Motors,Auto
2023-09-27,3397.513427734375,3414.307135778984,3345.8629604352623,3407.570201217988,552573,EICHERMOT.NS,Eicher Motors,Auto
2023-09-28,3358.995361328125,3417.3341369518025,3344.1055483028354,3397.8065133120776,608162,EICHERMOT.NS,Eicher Motors,Auto
2023-09-29,3365.536865234375,3398.294499595466,3345.374690388247,3363.584102987804,515006,EICHERMOT.NS,Eicher Motors,Auto
2023-10-03,3272.24365234375,3353.8203441433907,3224.889167124697,3345.9604283033063,1354075,EICHERMOT.NS,Eicher Motors,Auto
2023-10-04,3320.574462890625,3328.434378598604,3245.246754668277,3270.8767591241003,566983,EICHERMOT.NS,Eicher Motors,Auto
2023-10-05,3362.26611328125,3372.3226480971734,3307.051713383709,3325.065897335878,394665,EICHERMOT.NS,Eicher Motors,Auto
2023-10-06,3368.905517578125,3382.6237207890517,3357.1403150953975,3362.266316274354,249258,EICHERMOT.NS,Eicher Motors,Auto
2023-10-09,3364.218994140625,3393.900885824582,3320.672299392809,3339.4187698444816,471285,EICHERMOT.NS,Eicher Motors,Auto
2023-10-10,3377.058349609375,3391.9481623543097,3367.5874999972943,3368.9543382766146,206646,EICHERMOT.NS,Eicher Motors,Auto
2023-10-11,3404.250732421875,3411.573591303892,3379.645735878847,3399.7592836245126,343468,EICHERMOT.NS,Eicher Motors,Auto
2023-10-12,3411.6708984375,3451.4584295044333,3394.340133371535,3407.570145364357,644992,EICHERMOT.NS,Eicher Motors,Auto
2023-10-13,3394.291259765625,3417.3339497479305,3359.7274631664654,3398.7827083064417,280442,EICHERMOT.NS,Eicher Motors,Auto
2023-10-16,3404.250732421875,3420.263288494161,3380.3293934072854,3380.3293934072854,147663,EICHERMOT.NS,Eicher Motors,Auto
2023-10-17,3418.1640625,3439.5955811815807,3404.641088150883,3422.21594894432,260333,EICHERMOT.NS,Eicher Motors,Auto
2023-10-18,3413.526123046875,3463.0774648007236,3399.856787390641,3418.1639333588114,368551,EICHERMOT.NS,Eicher Motors,Auto
2023-10-19,3418.505615234375,3450.5309644468293,3378.6205885086306,3397.8063826471325,353664,EICHERMOT.NS,Eicher Motors,Auto
2023-10-20,3398.68505859375,3417.480395780515,3383.7466176590374,3417.3340339573533,216268,EICHERMOT.NS,Eicher Motors,Auto
2023-10-23,3364.951416015625,3410.4017697985964,3344.9356015819053,3385.2113257473175,211293,EICHERMOT.NS,Eicher Motors,Auto
2023-10-25,3304.46435546875,3364.8536265314874,3289.232952153433,3353.9670717728836,354128,EICHERMOT.NS,Eicher Motors,Auto
2023-10-26,3248.224853515625,3295.286377213112,3231.821602540859,3290.404471469092,428619,EICHERMOT.NS,Eicher Motors,Auto
2023-10-27,3314.667724609375,3329.4598040489004,3248.224938029666,3248.224938029666,293097,EICHERMOT.NS,Eicher Motors,Auto
2023-10-30,3278.34619140625,3345.081940769875,3257.402862656853,3322.625173508431,257392,EICHERMOT.NS,Eicher Motors,Auto
2023-10-31,3217.713134765625,3287.475524338758,3209.560256336531,3287.036200470422,409346,EICHERMOT.NS,Eicher Motors,Auto
2023-11-01,3204.72705078125,3236.8012671205875,3197.648287396936,3231.626399316504,325630,EICHERMOT.NS,Eicher Motors,Auto
2023-11-02,3259.453125,3265.99483079789,3206.6308113106206,3207.4119638777483,493381,EICHERMOT.NS,Eicher Motors,Auto
2023-11-03,3347.03466796875,3376.4724650458807,3273.8060798422457,3280.640748067386,568463,EICHERMOT.NS,Eicher Motors,Auto
2023-11-06,3428.025390625,3459.757778367561,3356.2613752687457,3373.2991788587365,722080,EICHERMOT.NS,Eicher Motors,Auto
2023-11-07,3426.170166015625,3455.3638657210904,3397.9039806855494,3397.9039806855494,335436,EICHERMOT.NS,Eicher Motors,Auto
2023-11-08,3466.446044921875,3480.7988001536787,3423.0459504742025,3427.097836897451,393482,EICHERMOT.NS,Eicher Motors,Auto
2023-11-09,3458.244384765625,3511.457158747467,3442.8177529162085,3461.5642237817387,538782,EICHERMOT.NS,Eicher Motors,Auto
2023-11-10,3457.121337890625,3480.798579278424,3419.384304183087,3456.3890520745076,259237,EICHERMOT.NS,Eicher Motors,Auto
2023-11-13,3559.299560546875,3588.2005364075203,3501.302618655066,3505.2081430484345,875885,EICHERMOT.NS,Eicher Motors,Auto
2023-11-15,3757.407470703125,3768.831082007408,3585.3691669143295,3601.869912312261,1914550,EICHERMOT.NS,Eicher Motors,Auto
2023-11-16,3746.13037109375,3781.524187722967,3723.087680641973,3757.1635257454427,755583,EICHERMOT.NS,Eicher Motors,Auto
2023-11-17,3774.006103515625,3805.9337194182335,3726.749112871791,3734.560162065056,476357,EICHERMOT.NS,Eicher Motors,Auto
2023-11-20,3755.60107421875,3806.812215781583,3733.681365966322,3759.60433212089,249897,EICHERMOT.NS,Eicher Motors,Auto
2023-11-21,3753.404296875,3774.2989961072085,3735.683074693483,3773.71307207877,260475,EICHERMOT.NS,Eicher Motors,Auto
2023-11-22,3743.25,3763.363308125168,3715.130175960446,3739.6374375168953,286194,EICHERMOT.NS,Eicher Motors,Auto
2023-11-23,3792.069091796875,3822.5321354698203,3742.4688825685366,3745.9350832653427,764501,EICHERMOT.NS,Eicher Motors,Auto
2023-11-24,3758.139892578125,3827.4140871178074,3751.3052245654144,3803.687977627395,266314,EICHERMOT.NS,Eicher Motors,Auto
2023-11-28,3736.31787109375,3800.2219726292788,3688.524059275127,3764.877021046446,505274,EICHERMOT.NS,Eicher Motors,Auto
2023-11-29,3722.208984375,3761.0201345170176,3701.460885242475,3761.0201345170176,414180,EICHERMOT.NS,Eicher Motors,Auto
2023-11-30,3804.859619140625,3827.4141191208805,3737.6359197923834,3766.8296209124865,1338711,EICHERMOT.NS,Eicher Motors,Auto
2023-12-01,3799.294189453125,3856.705447331296,3790.3603975007986,3829.3667758059096,683211,EICHERMOT.NS,Eicher Motors,Auto
2023-12-04,4081.615234375,4100.801029556413,3823.508769462598,3856.7057301780546,2824695,EICHERMOT.NS,Eicher Motors,Auto
2023-12-05,4038.80078125,4096.163176003642,4003.162867913695,4082.249744084673,1045885,EICHERMOT.NS,Eicher Motors,Auto
2023-12-06,3951.41455078125,4030.452796307911,3929.934165281574,3991.495045036188,941566,EICHERMOT.NS,Eicher Motors,Auto
2023-12-07,3994.375244140625,4037.336014304934,3952.390855116414,3954.34361739661,699553,EICHERMOT.NS,Eicher Motors,Auto
2023-12-08,3959.2255859375,4015.2697689189276,3933.6444473357737,4003.1627379392726,334252,EICHERMOT.NS,Eicher Motors,Auto
2023-12-11,3930.56884765625,3972.7973341826514,3915.2885773611624,3959.225730972447,534584,EICHERMOT.NS,Eicher Motors,Auto
2023-12-12,3858.4140625,3951.853687319922,3843.1824217906315,3951.853687319922,981121,EICHERMOT.NS,Eicher Motors,Auto
2023-12-13,3937.5009765625,3949.4127785966634,3864.4676208355977,3875.2566799272363,707209,EICHERMOT.NS,Eicher Motors,Auto
2023-12-14,3989.6396484375,4003.1626224019187,3949.461660394088,3962.154615050484,922658,EICHERMOT.NS,Eicher Motors,Auto
2023-12-15,3964.009765625,4037.6288095441005,3949.461781729292,4002.870021739143,954933,EICHERMOT.NS,Eicher Motors,Auto
2023-12-18,3989.00537109375,4066.6276760752585,3972.406890783239,3979.7297497437585,886620,EICHERMOT.NS,Eicher Motors,Auto
2023-12-19,3944.238037109375,4012.486984488328,3927.3954621870625,3998.0856008276123,328368,EICHERMOT.NS,Eicher Motors,Auto
2023-12-20,3819.993408203125,4034.846360251874,3799.7823666428494,3978.508978785899,557214,EICHERMOT.NS,Eicher Motors,Auto
2023-12-21,3864.4677734375,3913.237964816836,3756.675388475242,3807.886532760194,445648,EICHERMOT.NS,Eicher Motors,Auto
2023-12-22,3911.431640625,3922.074099502801,3854.9478973796818,3888.926008092862,309907,EICHERMOT.NS,Eicher Motors,Auto
2023-12-26,3944.97021484375,3973.529362842255,3917.2410861538956,3929.738812269127,475107,EICHERMOT.NS,Eicher Motors,Auto
2023-12-27,4022.6904296875,4037.2875189121487,3946.630431718618,3971.918608730279,385941,EICHERMOT.NS,Eicher Motors,Auto
2023-12-28,3995.25390625,4032.454123171839,3984.5137136701233,4022.690311735588,450475,EICHERMOT.NS,Eicher Motors,Auto
2023-12-29,4045.635498046875,4079.3206494122946,3997.30462869649,4003.114287529979,673952,EICHERMOT.NS,Eicher Motors,Auto
2024-01-01,3942.968994140625,4047.099950595735,3934.8161160194963,4047.099950595735,763454,EICHERMOT.NS,Eicher Motors,Auto
2024-01-02,3800.563720703125,3916.020794556213,3790.653547134381,3915.386242142685,1221148,EICHERMOT.NS,Eicher Motors,Auto
2024-01-03,3795.779541015625,3836.1527594681165,3786.8455102639473,3802.077151902484,435449,EICHERMOT.NS,Eicher Motors,Auto
2024-01-04,3769.8076171875,3822.5321992460663,3757.602852822091,3795.681717642167,425702,EICHERMOT.NS,Eicher Motors,Auto
2024-01-05,3785.478515625,3826.1446944244717,3768.8311696489704,3772.785560908566,402103,EICHERMOT.NS,Eicher Motors,Auto
2024-01-08,3792.50830078125,3866.859626453478,3785.917728333474,3798.1224921256517,401263,EICHERMOT.NS,Eicher Motors,Auto
2024-01-09,3779.034423828125,3831.270816037147,3759.653400771418,3816.9180606190625,411462,EICHERMOT.NS,Eicher Motors,Auto
2024-01-10,3751.79345703125,3781.524215543661,3701.1191320323014,3779.0343959220822,577499,EICHERMOT.NS,Eicher Motors,Auto
2024-01-11,3796.951171875,3832.0031608080326,3761.4596207125123,3777.423548319147,378237,EICHERMOT.NS,Eicher Motors,Auto
2024-01-12,3779.425048828125,3806.910082698192,3759.0674066140136,3798.317880951071,220410,EICHERMOT.NS,Eicher Motors,Auto
2024-01-15,3741.59033203125,3792.898971199923,3720.988594241617,3783.4769883721506,364325,EICHERMOT.NS,Eicher Motors,Auto
2024-01-16,3702.730224609375,3737.6847169047173,3653.130015294277,3700.4845003248192,519197,EICHERMOT.NS,Eicher Motors,Auto
2024-01-17,3662.50341796875,3682.90968860307,3632.137868929857,3642.878061553037,585284,EICHERMOT.NS,Eicher Motors,Auto
2024-01-18,3603.96923828125,3672.706615253959,3574.531441535292,3662.5034797646463,583931,EICHERMOT.NS,Eicher Motors,Auto
2024-01-19,3612.0732421875,3698.385479935309,3571.6022906963244,3612.6102995014767,894473,EICHERMOT.NS,Eicher Motors,Auto
2024-01-23,3531.277587890625,3655.5709535093247,3520.8792241979104,3614.6118127494315,823427,EICHERMOT.NS,Eicher Motors,Auto
2024-01-24,3549.1455078125,3562.765977285915,3478.3090071550264,3543.287220867005,1318897,EICHERMOT.NS,Eicher Motors,Auto
2024-01-25,3531.033447265625,3593.0825150025526,3512.0917489221233,3593.0825150025526,699432,EICHERMOT.NS,Eicher Motors,Auto
2024-01-29,3582.39111328125,3594.0588197209436,3505.257006582539,3535.573687333283,936432,EICHERMOT.NS,Eicher Motors,Auto
2024-01-30,3617.248046875,3641.803937321596,3587.12659320256,3588.200707811762,612064,EICHERMOT.NS,Eicher Motors,Auto
2024-01-31,3748.9130859375,3761.166478432111,3613.6842992939937,3628.232282796175,759817,EICHERMOT.NS,Eicher Motors,Auto
2024-02-01,3840.30224609375,3872.181233288865,3752.232715080029,3752.232715080029,1313981,EICHERMOT.NS,Eicher Motors,Auto
2024-02-02,3735.195068359375,3807.886599487551,3721.232769819725,3807.886599487551,872011,EICHERMOT.NS,Eicher Motors,Auto
2024-02-05,3798.07373046875,3825.8517259533614,3746.3743972896905,3759.0673519847037,592181,EICHERMOT.NS,Eicher Motors,Auto
2024-02-06,3851.43310546875,3857.4377540758906,3798.122600355683,3807.8864116676514,470713,EICHERMOT.NS,Eicher Motors,Auto
2024-02-07,3834.88330078125,3895.760760394275,3815.648639939878,3881.1150432499358,416774,EICHERMOT.NS,Eicher Motors,Auto
2024-02-08,3717.3759765625,3863.833148136357,3702.1932021011494,3859.6346615430457,404899,EICHERMOT.NS,Eicher Motors,Auto
2024-02-09,3750.231201171875,3757.065869350822,3672.755498482252,3729.776063368316,396729,EICHERMOT.NS,Eicher Motors,Auto
2024-02-12,3780.4013671875,3810.864410717449,3727.0419954980875,3778.49723328776,237343,EICHERMOT.NS,Eicher Motors,Auto
2024-02-13,3763.168212890625,3843.1826011436715,3676.514385085844,3802.6627830715765,633019,EICHERMOT.NS,Eicher Motors,Auto
2024-02-14,3809.39990234375,3839.4724892719332,3638.582068772869,3742.468927207354,919714,EICHERMOT.NS,Eicher Motors,Auto
2024-02-15,3824.045654296875,3835.7133614059776,3784.648579404648,3812.7684042994383,405632,EICHERMOT.NS,Eicher Motors,Auto
2024-02-16,3835.859619140625,3908.453651280936,3823.8014552470627,3832.344790108094,634008,EICHERMOT.NS,Eicher Motors,Auto
2024-02-19,3810.669189453125,3861.294408030775,3802.760406948573,3842.0108807088072,267834,EICHERMOT.NS,Eicher Motors,Auto
2024-02-20,3737.684814453125,3806.8124098910644,3694.8215384987225,3802.0282375561374,1324518,EICHERMOT.NS,Eicher Motors,Auto
2024-02-21,3745.739990234375,3803.7369362797663,3730.7524439517388,3737.6848455961645,575380,EICHERMOT.NS,Eicher Motors,Auto
2024-02-22,3858.072509765625,3876.2332951126027,3751.110141905985,3773.5180423728943,1130600,EICHERMOT.NS,Eicher Motors,Auto
2024-02-23,3834.297607421875,3878.18589203477,3821.213957107952,3876.623586859456,571998,EICHERMOT.NS,Eicher Motors,Auto
2024-02-26,3859.585693359375,3897.1763664085706,3803.0044552368086,3834.2975177487256,474465,EICHERMOT.NS,Eicher Motors,Auto
2024-02-27,3908.209716796875,3917.7782999097753,3846.941798558413,3856.705610229881,579400,EICHERMOT.NS,Eicher Motors,Auto
2024-02-28,3772.49267578125,3924.0269828863957,3760.043816094104,3908.2096558999415,658953,EICHERMOT.NS,Eicher Motors,Auto
2024-02-29,3702.82763671875,3798.122528674808,3671.2418507452217,3771.711371899524,1021336,EICHERMOT.NS,Eicher Motors,Auto
2024-03-01,3752.769775390625,3777.4233991563683,3686.864048492103,3700.679746262591,665946,EICHERMOT.NS,Eicher Motors,Auto
2024-03-04,3662.844970703125,3791.580919035862,3655.5709789034045,3767.4643526137897,641251,EICHERMOT.NS,Eicher Motors,Auto
2024-03-05,3702.339599609375,3712.1522778742674,3654.1553327217157,3662.8450296358023,591293,EICHERMOT.NS,Eicher Motors,Auto
2024-03-06,3703.60888671875,3716.9366322832634,3645.856037728762,3710.248326135115,315398,EICHERMOT.NS,Eicher Motors,Auto
2024-03-07,3695.8466796875,3720.012112703091,3670.2655417054516,3703.6088620115875,734239,EICHERMOT.NS,Eicher Motors,Auto
2024-03-11,3694.528564453125,3724.8452470514458,3680.9569617211696,3705.8058144908186,373335,EICHERMOT.NS,Eicher Motors,Auto
2024-03-12,3720.744384765625,3764.7304022715393,3681.9332349146944,3714.54426925104,528035,EICHERMOT.NS,Eicher Motors,Auto
2024-03-13,3647.32080078125,3761.4107997706838,3627.2561196584784,3721.5257711968743,428324,EICHERMOT.NS,Eicher Motors,Auto
2024-03-14,3683.54443359375,3713.909984220309,3599.1851933834014,3629.2089152407198,720948,EICHERMOT.NS,Eicher Motors,Auto
2024-03-15,3657.181884765625,3690.671805204346,3619.493716166734,3683.544175279452,487749,EICHERMOT.NS,Eicher Motors,Auto
2024-03-18,3612.317138671875,3656.547250552347,3594.7422787226246,3656.547250552347,533167,EICHERMOT.NS,Eicher Motors,Auto
2024-03-19,3629.062255859375,3641.901572218685,3585.271467342362,3612.3171766515397,559402,EICHERMOT.NS,Eicher Motors,Auto
2024-03-20,3782.110107421875,3846.9417202510026,3730.7523637256554,3730.7523637256554,3045475,EICHERMOT.NS,Eicher Motors,Auto
2024-03-21,3826.388916015625,3855.729217676605,3789.3352985066863,3789.6771272639016,838929,EICHERMOT.NS,Eicher Motors,Auto
2024-03-22,3894.198486328125,3919.1450724048186,3771.9556139282527,3851.823639735008,1033237,EICHERMOT.NS,Eicher Motors,Auto
2024-03-26,3818.724609375,3947.0210037961615,3814.8190845722334,3906.9405078329046,772158,EICHERMOT.NS,Eicher Motors,Auto
2024-03-27,3821.360595703125,3892.8316482673335,3813.5495464966693,3841.8645998700713,510950,EICHERMOT.NS,Eicher Motors,Auto
2024-03-28,3924.36865234375,3978.753032624022,3799.8311937949784,3822.825016664511,1307106,EICHERMOT.NS,Eicher Motors,Auto
2024-04-01,3853.4345703125,3973.8712805151818,3843.5243969896837,3964.888621610008,532524,EICHERMOT.NS,Eicher Motors,Auto
2024-04-02,3829.562255859375,3895.760948218247,3821.8489398078664,3895.760948218247,485047,EICHERMOT.NS,Eicher Motors,Auto
2024-04-03,3841.278564453125,3849.9684994679274,3794.3147754855945,3830.3431435560174,392460,EICHERMOT.NS,Eicher Motors,Auto
2024-04-04,3919.487060546875,3934.816197562267,3800.124460012883,3863.540370658534,932478,EICHERMOT.NS,Eicher Motors,Auto
2024-04-05,3936.03662109375,3950.9753007816935,3873.8411877729727,3918.217664607558,537212,EICHERMOT.NS,Eicher Motors,Auto
2024-04-08,4106.4150390625,4201.8076685223095,3916.850733334178,3929.885278717485,2165986,EICHERMOT.NS,Eicher Motors,Auto
2024-04-09,4148.3017578125,4167.097095313441,4039.777086241206,4147.4717384692285,970657,EICHERMOT.NS,Eicher Motors,Auto
2024-04-10,4213.18212890625,4232.6120172110905,4122.329582603011,4149.619624716755,1018246,EICHERMOT.NS,Eicher Motors,Auto
2024-04-12,4200.6357421875,4279.283051989704,4166.999221354208,4208.202695991196,1133493,EICHERMOT.NS,Eicher Motors,Auto
2024-04-15,4119.69384765625,4215.867389695235,4094.698395187768,4149.619834169422,860133,EICHERMOT.NS,Eicher Motors,Auto
2024-04-16,4252.82373046875,4299.982751140803,4106.951999610167,4117.789926144648,1467677,EICHERMOT.NS,Eicher Motors,Auto
2024-04-18,4248.43017578125,4339.038162737517,4235.590381277024,4253.116614960536,1316876,EICHERMOT.NS,Eicher Motors,Auto
2024-04-19,4241.54638671875,4266.2491176642525,4160.653107192745,4242.376406106497,719002,EICHERMOT.NS,Eicher Motors,Auto
2024-04-22,4361.44580078125,4379.069289160822,4267.175918328868,4290.218607931472,781218,EICHERMOT.NS,Eicher Motors,Auto
2024-04-23,4413.38916015625,4427.790782119838,4340.014212077927,4366.425131487979,740619,EICHERMOT.NS,Eicher Motors,Auto
2024-04-24,4423.6904296875,4463.672953201209,4408.165587432681,4437.652489946517,919636,EICHERMOT.NS,Eicher Motors,Auto
2024-04-25,4506.1943359375,4520.156395254726,4380.04570452807,4460.108956371873,1260511,EICHERMOT.NS,Eicher Motors,Auto
2024-04-26,4492.32958984375,4523.427424258135,4464.014537006221,4482.565778520464,364193,EICHERMOT.NS,Eicher Motors,Auto
2024-04-29,4463.8681640625,4494.819159831029,4425.545204714101,4480.6130050904885,465907,EICHERMOT.NS,Eicher Motors,Auto
2024-04-30,4488.81494140625,4579.1793096870815,4469.873241020767,4469.873241020767,663752,EICHERMOT.NS,Eicher Motors,Auto
2024-05-02,4493.6962890625,4524.647760699242,4439.018947343596,4489.400307562874,908139,EICHERMOT.NS,Eicher Motors,Auto
2024-05-03,4490.62109375,4545.640268000156,4471.82575623743,4513.8101465252485,562484,EICHERMOT.NS,Eicher Motors,Auto
2024-05-06,4490.376953125,4558.528167367525,4473.046187541619,4504.04628935978,716536,EICHERMOT.NS,Eicher Motors,Auto
2024-05-07,4513.22412109375,4545.054241853661,4462.061844311756,4496.23518447607,505027,EICHERMOT.NS,Eicher Motors,Auto
2024-05-08,4491.451171875,4524.55039860397,4453.225943939152,4476.707720673113,613158,EICHERMOT.NS,Eicher Motors,Auto
2024-05-09,4460.15771484375,4596.802447279989,4434.234986049717,4471.825660268129,980283,EICHERMOT.NS,Eicher Motors,Auto
2024-05-10,4547.8369140625,4578.299719084081,4448.782858326958,4481.589359445165,471148,EICHERMOT.NS,Eicher Motors,Auto
2024-05-13,4547.4462890625,4621.99260373338,4421.346290146844,4568.487110809735,1738770,EICHERMOT.NS,Eicher Motors,Auto
2024-05-14,4618.81982421875,4630.927332312218,4541.2466251160395,4557.161447732836,870035,EICHERMOT.NS,Eicher Motors,Auto
2024-05-15,4539.5380859375,4618.8199543476985,4489.498548794109,4618.8199543476985,1082300,EICHERMOT.NS,Eicher Motors,Auto
2024-05-16,4571.17236328125,4586.9899283140385,4435.7972147224,4540.172262350149,845652,EICHERMOT.NS,Eicher Motors,Auto
2024-05-17,4583.03564453125,4588.991665233728,4512.833931214955,4549.936417018972,287570,EICHERMOT.NS,Eicher Motors,Auto
2024-05-21,4562.58056640625,4617.160178308265,4540.172427917404,4540.172427917404,500742,EICHERMOT.NS,Eicher Motors,Auto
2024-05-22,4584.548828125,4596.460391499566,4555.306023471441,4562.628881723726,201187,EICHERMOT.NS,Eicher Motors,Auto
2024-05-23,4738.2314453125,4752.877162828896,4571.953446393849,4585.720516208984,922926,EICHERMOT.NS,Eicher Motors,Auto
2024-05-24,4765.66748046875,4792.078398301112,4693.854365121508,4708.5978149566245,545727,EICHERMOT.NS,Eicher Motors,Auto
2024-05-27,4680.08740234375,4791.102125688548,4657.337913090355,4746.237222807455,655641,EICHERMOT.NS,Eicher Motors,Auto
2024-05-28,4658.26611328125,4711.527517458463,4647.574548358157,4680.087851873056,333511,EICHERMOT.NS,Eicher Motors,Auto
2024-05-29,4633.3193359375,4695.2709149109005,4612.668968529247,4633.905260017951,548865,EICHERMOT.NS,Eicher Motors,Auto
2024-05-30,4630.92724609375,4657.33816595807,4593.580666461067,4598.511200654301,431385,EICHERMOT.NS,Eicher Motors,Auto
2024-05-31,4621.6513671875,4676.8655283942635,4557.991127959607,4630.1947019209965,1137018,EICHERMOT.NS,Eicher Motors,Auto
2024-06-03,4560.52978515625,4686.629309669836,4530.408332680842,4686.629309669836,1070710,EICHERMOT.NS,Eicher Motors,Auto
2024-06-04,4389.22412109375,4595.6801245277775,4153.379423800613,4569.366459469384,920927,EICHERMOT.NS,Eicher Motors,Auto
2024-06-05,4470.84912109375,4537.682599047798,4388.83310751614,4431.891609994103,468061,EICHERMOT.NS,Eicher Motors,Auto
2024-06-06,4608.27490234375,4615.3536656346005,4431.11035314433,4470.849256386891,748915,EICHERMOT.NS,Eicher Motors,Auto
2024-06-07,4649.52685546875,4656.361523252933,4559.797526623261,4588.991226523126,419417,EICHERMOT.NS,Eicher Motors,Auto
2024-06-10,4669.78662109375,4686.629194762428,4644.644808226014,4656.94730521198,301649,EICHERMOT.NS,Eicher Motors,Auto
2024-06-11,4646.255859375,4698.297258426122,4632.0005998633915,4696.393124568079,733966,EICHERMOT.NS,Eicher Motors,Auto
2024-06-12,4736.0830078125,4758.344783507808,4632.928437323808,4652.456059820431,523152,EICHERMOT.NS,Eicher Motors,Auto
2024-06-13,4688.09423828125,4774.113515635052,4655.385468733729,4771.5262008563905,840780,EICHERMOT.NS,Eicher Motors,Auto
2024-06-14,4818.5390625,4828.205141244978,4688.094435932813,4703.716535479814,549131,EICHERMOT.NS,Eicher Motors,Auto
2024-06-18,4819.51513671875,4858.472649632763,4796.5210743635425,4823.322927891047,706641,EICHERMOT.NS,Eicher Motors,Auto
2024-06-19,4765.47216796875,4846.4631728531,4735.448448424615,4823.322749529401,652617,EICHERMOT.NS,Eicher Motors,Auto
2024-06-20,4761.712890625,4808.579183418944,4728.6622950445535,4769.963501618367,637364,EICHERMOT.NS,Eicher Motors,Auto
2024-06-21,4731.0546875,4808.96970969139,4706.156969095036,4761.712959127374,414677,EICHERMOT.NS,Eicher Motors,Auto
2024-06-24,4755.85498046875,4773.234851471334,4680.9668302299115,4723.732135089979,302473,EICHERMOT.NS,Eicher Motors,Auto
2024-06-25,4662.2685546875,4780.362043835031,4649.575599914246,4755.854781961564,660144,EICHERMOT.NS,Eicher Motors,Auto
2024-06-26,4627.75390625,4693.854623754389,4608.519006983275,4662.2685983462125,600784,EICHERMOT.NS,Eicher Motors,Auto
2024-06-27,4602.46533203125,4653.872181623907,4571.465230129027,4610.471848261349,1087487,EICHERMOT.NS,Eicher Motors,Auto
2024-06-28,4562.58056640625,4622.139817611188,4545.347057404616,4602.465355691319,939279,EICHERMOT.NS,Eicher Motors,Auto
2024-07-01,4526.0634765625,4617.746048501001,4516.739227223038,4530.408563405728,1364796,EICHERMOT.NS,Eicher Motors,Auto
2024-07-02,4516.4951171875,4588.112770089122,4484.420900970976,4526.40529053787,865321,EICHERMOT.NS,Eicher Motors,Auto
2024-07-03,4581.47314453125,4592.652899557016,4528.5535714986245,4533.972296258661,257361,EICHERMOT.NS,Eicher Motors,Auto
2024-07-04,4578.7392578125,4613.400787538983,4551.888777038464,4581.47293424642,313153,EICHERMOT.NS,Eicher Motors,Auto
2024-07-05,4625.41015625,4636.638539293066,4587.624492406406,4589.039959001806,258687,EICHERMOT.NS,Eicher Motors,Auto
2024-07-08,4642.1552734375,4662.2197141781435,4604.613229751649,4646.548988351385,542470,EICHERMOT.NS,Eicher Motors,Auto
2024-07-09,4714.65185546875,4723.732009475409,4629.999418960807,4645.231060269151,631367,EICHERMOT.NS,Eicher Motors,Auto
2024-07-10,4734.61865234375,4837.968694476591,4681.747707369375,4727.6376223321195,832007,EICHERMOT.NS,Eicher Motors,Auto
2024-07-11,4714.6025390625,4769.621709816135,4692.341240512435,4763.714794815593,308708,EICHERMOT.NS,Eicher Motors,Auto
2024-07-12,4745.89599609375,4763.959047176885,4701.275187313267,4714.504961055798,290823,EICHERMOT.NS,Eicher Motors,Auto
2024-07-15,4766.05859375,4800.8664891134895,4711.625340390619,4736.473956547642,223485,EICHERMOT.NS,Eicher Motors,Auto
2024-07-16,4799.98779296875,4819.075855048621,4746.189092599025,4766.1071740625075,664540,EICHERMOT.NS,Eicher Motors,Auto
2024-07-18,4824.39697265625,4847.732386680479,4671.935152159011,4704.204358313504,773064,EICHERMOT.NS,Eicher Motors,Auto
2024-07-19,4736.13232421875,4808.6772543308325,4706.352698582793,4789.149630962991,662969,EICHERMOT.NS,Eicher Motors,Auto
2024-07-22,4742.625,4754.878392541084,4647.1837440827685,4654.408869129851,377893,EICHERMOT.NS,Eicher Motors,Auto
2024-07-23,4803.35546875,4857.495991657964,4672.911334674395,4742.331649759322,1128441,EICHERMOT.NS,Eicher Motors,Auto
2024-07-24,4799.2548828125,4825.568067120931,4763.763334865457,4801.8421973495215,400075,EICHERMOT.NS,Eicher Motors,Auto
2024-07-25,4784.90234375,4807.164120746595,4757.270947001555,4784.2677913314865,413861,EICHERMOT.NS,Eicher Motors,Auto
2024-07-26,4894.1103515625,4939.414340065649,4748.873660331593,4781.142865566149,625674,EICHERMOT.NS,Eicher Motors,Auto
2024-07-29,4845.04736328125,4928.723418564945,4814.681814155913,4915.10271081824,338482,EICHERMOT.NS,Eicher Motors,Auto
2024-07-30,4834.89306640625,4861.059890383002,4788.319495107759,4833.135294296745,683440,EICHERMOT.NS,Eicher Motors,Auto
2024-07-31,4845.48681640625,4874.875506970976,4823.274145736085,4834.892985813836,567283,EICHERMOT.NS,Eicher Motors,Auto
2024-08-01,4851.4423828125,4904.36243091903,4787.68488552886,4853.102421437993,654655,EICHERMOT.NS,Eicher Motors,Auto
2024-08-02,4615.06103515625,4768.645601440124,4580.7408558682055,4768.645601440124,2120560,EICHERMOT.NS,Eicher Motors,Auto
2024-08-05,4565.314453125,4582.498857810128,4447.41642174718,4503.216512676892,946316,EICHERMOT.NS,Eicher Motors,Auto
2024-08-06,4543.97998046875,4639.763063299461,4528.504244430206,4576.298290758538,594238,EICHERMOT.NS,Eicher Motors,Auto
2024-08-07,4538.3037109375,4629.965273363262,4520.780921256861,4605.236120739029,1093582,EICHERMOT.NS,Eicher Motors,Auto
2024-08-08,4518.31298828125,4582.530600613496,4489.783021075073,4564.810177979581,979435,EICHERMOT.NS,Eicher Motors,Auto
2024-08-09,4768.765625,4790.878795649763,4656.570507079881,4744.134806605198,1697560,EICHERMOT.NS,Eicher Motors,Auto
2024-08-12,4747.24462890625,4789.941006077131,4731.9926862799875,4737.570266891487,738630,EICHERMOT.NS,Eicher Motors,Auto
2024-08-13,4740.7783203125,4773.010284327612,4728.783944004485,4748.626748357635,194849,EICHERMOT.NS,Eicher Motors,Auto
2024-08-14,4672.66162109375,4758.301170162546,4655.63243122128,4749.367208288216,328795,EICHERMOT.NS,Eicher Motors,Auto
2024-08-16,4756.32666015625,4763.237055884995,4674.487927146302,4674.487927146302,259101,EICHERMOT.NS,Eicher Motors,Auto
2024-08-19,4751.68701171875,4785.9430261082825,4718.8134622107245,4785.9430261082825,280722,EICHERMOT.NS,Eicher Motors,Auto
2024-08-20,4820.74169921875,4835.302891060961,4762.546099009861,4786.831301810524,523506,EICHERMOT.NS,Eicher Motors,Auto
2024-08-21,4850.6533203125,4861.956946024774,4804.69938199037,4827.404967728151,221438,EICHERMOT.NS,Eicher Motors,Auto
2024-08-22,4870.3974609375,4885.649884648616,4842.805526620832,4869.065127357526,536373,EICHERMOT.NS,Eicher Motors,Auto
2024-08-23,4835.4013671875,4904.258523765969,4819.803327804921,4857.020937147884,208413,EICHERMOT.NS,Eicher Motors,Auto
2024-08-26,4812.794921875,4853.023299215273,4802.774461894296,4839.251674160016,314431,EICHERMOT.NS,Eicher Motors,Auto
2024-08-27,4806.52587890625,4824.690251398875,4774.787514709346,4803.761431376987,382109,EICHERMOT.NS,Eicher Motors,Auto
2024-08-28,4883.52734375,4912.057309393042,4778.0449937119665,4807.66097507795,424484,EICHERMOT.NS,Eicher Motors,Auto
2024-08-29,4852.9736328125,4930.468788886396,4817.533269307193,4883.527648306255,571335,EICHERMOT.NS,Eicher Motors,Auto
2024-08-30,4897.0029296875,4915.759719459511,4833.32856440883,4838.3137288779435,465200,EICHERMOT.NS,Eicher Motors,Auto
2024-09-02,4849.07421875,4946.856125158728,4825.183800787183,4886.390162742849,310778,EICHERMOT.NS,Eicher Motors,Auto
2024-09-03,4803.5146484375,4876.765036741013,4793.889454286037,4860.920679180988,263404,EICHERMOT.NS,Eicher Motors,Auto
2024-09-04,4771.677734375,4815.016176087658,4759.486206726776,4768.173369121062,476838,EICHERMOT.NS,Eicher Motors,Auto
2024-09-05,4738.65625,4800.8498163166205,4725.87182411141,4787.917406914427,398344,EICHERMOT.NS,Eicher Motors,Auto
2024-09-06,4691.6650390625,4768.17299077788,4679.522679538115,4733.325045583124,291111,EICHERMOT.NS,Eicher Motors,Auto
2024-09-09,4686.5810546875,4718.813017912028,4655.731074183368,4691.665035068392,272444,EICHERMOT.NS,Eicher Motors,Auto
2024-09-10,4676.5615234375,4706.473474574681,4629.323932378255,4688.210284374444,404100,EICHERMOT.NS,Eicher Motors,Auto
2024-09-11,4666.14599609375,4718.319581332122,4641.811627037062,4669.45321052431,384214,EICHERMOT.NS,Eicher Motors,Auto
2024-09-12,4812.59716796875,4832.34115635016,4657.310892161345,4684.162427141483,757317,EICHERMOT.NS,Eicher Motors,Auto
2024-09-13,4796.11083984375,4818.915243282107,4766.1988896659,4795.716056474496,315869,EICHERMOT.NS,Eicher Motors,Auto
2024-09-16,4836.48779296875,4875.531338845566,4797.789381278552,4822.4202006471,453831,EICHERMOT.NS,Eicher Motors,Auto
2024-09-17,4788.11474609375,4835.7962845344055,4754.993916843302,4835.7962845344055,356442,EICHERMOT.NS,Eicher Motors,Auto
2024-09-18,4788.2626953125,4816.249894645077,4750.6503018518015,4801.73787068568,295359,EICHERMOT.NS,Eicher Motors,Auto
2024-09-19,4802.62646484375,4860.772415521281,4783.080108721374,4812.597275605559,357206,EICHERMOT.NS,Eicher Motors,Auto
2024-09-20,4899.61865234375,4997.401043063124,4792.260716571799,4804.501892842133,1332877,EICHERMOT.NS,Eicher Motors,Auto
2024-09-23,4817.0888671875,4927.507221703765,4792.507697371606,4926.125238884622,899953,EICHERMOT.NS,Eicher Motors,Auto
2024-09-24,4814.47265625,4832.291894634119,4792.8530858015965,4824.937066293574,481696,EICHERMOT.NS,Eicher Motors,Auto
2024-09-25,4832.587890625,4857.021075915428,4788.904316923931,4788.904316923931,665986,EICHERMOT.NS,Eicher Motors,Auto
2024-09-26,4930.32080078125,4935.898381208296,4827.405259212156,4852.085245199949,790345,EICHERMOT.NS,Eicher Motors,Auto
2024-09-27,4997.7958984375,5039.653057592901,4889.944361406741,4926.1251238763125,1040624,EICHERMOT.NS,Eicher Motors,Auto
2024-09-30,4961.9111328125,5019.909099298993,4934.516348642284,4997.203512419174,516973,EICHERMOT.NS,Eicher Motors,Auto
2024-10-01,4908.9970703125,4981.359076587472,4888.611498816721,4961.960222474869,449002,EICHERMOT.NS,Eicher Motors,Auto
2024-10-03,4721.28125,4886.637153685311,4650.696491113435,4866.893165185572,1337657,EICHERMOT.NS,Eicher Motors,Auto
2024-10-04,4646.55029296875,4741.321442504526,4630.804750571767,4720.787886250839,466001,EICHERMOT.NS,Eicher Motors,Auto
2024-10-07,4608.19775390625,4688.012441882185,4590.47733139525,4688.012441882185,447523,EICHERMOT.NS,Eicher Motors,Auto
2024-10-08,4633.37109375,4677.844232727082,4527.493960910498,4590.477088146235,661110,EICHERMOT.NS,Eicher Motors,Auto
2024-10-09,4648.623046875,4677.251828789068,4600.349093777812,4638.751053111529,930717,EICHERMOT.NS,Eicher Motors,Auto
2024-10-10,4637.76416015625,4707.954136858235,4629.965380974025,4677.153321468789,305739,EICHERMOT.NS,Eicher Motors,Auto
2024-10-11,4667.52783203125,4746.602598711648,4600.349107088823,4643.785879773782,844931,EICHERMOT.NS,Eicher Motors,Auto
2024-10-14,4718.61572265625,4748.429338759815,4670.094966255783,4688.210172509432,346430,EICHERMOT.NS,Eicher Motors,Auto
2024-10-15,4661.654296875,4738.458215961241,4635.789480261286,4718.566244825564,370224,EICHERMOT.NS,Eicher Motors,Auto
2024-10-16,4618.36572265625,4673.402090750748,4581.592543974276,4663.530096473708,380474,EICHERMOT.NS,Eicher Motors,Auto
2024-10-17,4564.662109375,4595.36410757371,4463.1285531823,4585.541280586548,514244,EICHERMOT.NS,Eicher Motors,Auto
2024-10-18,4704.64697265625,4738.45855389184,4553.013040402269,4554.839455794914,778795,EICHERMOT.NS,Eicher Motors,Auto
2024-10-21,4748.87353515625,4790.7306932097,4682.286742973519,4704.005129721446,745473,EICHERMOT.NS,Eicher Motors,Auto
2024-10-22,4698.13134765625,4764.422176319556,4688.851769236503,4748.873784988852,528037,EICHERMOT.NS,Eicher Motors,Auto
2024-10-23,4617.8720703125,4664.961675289689,4593.5868682615655,4662.098411357203,655987,EICHERMOT.NS,Eicher Motors,Auto
2024-10-24,4608.74072265625,4624.68389768004,4570.881526600514,4605.285524513528,288778,EICHERMOT.NS,Eicher Motors,Auto
2024-10-25,4532.8251953125,4612.837519763444,4451.035622592079,4590.477548112706,446738,EICHERMOT.NS,Eicher Motors,Auto
2024-10-28,4660.22265625,4704.005045154108,4475.616372211423,4532.8247690881635,989928,EICHERMOT.NS,Eicher Motors,Auto
2024-10-29,4835.45068359375,4855.589455109528,4625.473658743548,4627.990824421409,1065819,EICHERMOT.NS,Eicher Motors,Auto
2024-10-30,4806.9208984375,4884.4160548840455,4788.016125468519,4788.016125468519,842334,EICHERMOT.NS,Eicher Motors,Auto
2024-10-31,4831.99560546875,4852.085210324611,4758.992496660171,4806.674036433475,510074,EICHERMOT.NS,Eicher Motors,Auto
2024-11-01,4890.19140625,4926.1253706638745,4866.893402279138,4921.041389783716,79729,EICHERMOT.NS,Eicher Motors,Auto
2024-11-04,4769.99951171875,4950.804985211147,4729.721487027272,4938.415825568017,719165,EICHERMOT.NS,Eicher Motors,Auto
2024-11-05,4837.07958984375,4847.1492168744935,4746.45487469095,4769.999677578297,499976,EICHERMOT.NS,Eicher Motors,Auto
2024-11-06,4854.20751953125,4896.9038943396845,4844.138374690961,4848.087172361105,370356,EICHERMOT.NS,Eicher Motors,Auto
2024-11-07,4815.55859375,4857.959000092835,4755.9810145367555,4854.207353216158,221554,EICHERMOT.NS,Eicher Motors,Auto
2024-11-08,4723.99609375,4815.509674136837,4694.478927065838,4812.597242992791,194765,EICHERMOT.NS,Eicher Motors,Auto
2024-11-11,4732.09130859375,4770.740069937786,4689.4932674920265,4701.043693655059,209237,EICHERMOT.NS,Eicher Motors,Auto
2024-11-12,4677.54833984375,4745.714264872008,4645.315894153864,4726.710676625342,326018,EICHERMOT.NS,Eicher Motors,Auto
2024-11-13,4529.96240234375,4659.532332825365,4477.98596460576,4639.837510579763,656931,EICHERMOT.NS,Eicher Motors,Auto
2024-11-14,4821.18603515625,4909.342751187834,4645.0692717289585,4664.961725810689,2874648,EICHERMOT.NS,Eicher Motors,Auto
2024-11-18,4813.23876953125,4851.097963803103,4800.750793238602,4817.484016268015,494329,EICHERMOT.NS,Eicher Motors,Auto
2024-11-19,4901.8896484375,4949.867155560281,4817.533263541177,4817.533263541177,452273,EICHERMOT.NS,Eicher Motors,Auto
2024-11-21,4819.6064453125,4894.534785825252,4805.094420843872,4827.701191439573,593722,EICHERMOT.NS,Eicher Motors,Auto
2024-11-22,4922.3740234375,4940.933180032625,4819.5076493345205,4850.11083186819,339941,EICHERMOT.NS,Eicher Motors,Auto
2024-11-25,4938.3173828125,5002.139732369932,4924.150973961165,4935.01016816998,945466,EICHERMOT.NS,Eicher Motors,Auto
2024-11-26,4868.62060546875,4950.163371720679,4812.597039927035,4944.881758562979,564637,EICHERMOT.NS,Eicher Motors,Auto
2024-11-27,4854.55322265625,4908.256775525601,4827.50405453763,4869.85481390204,189349,EICHERMOT.NS,Eicher Motors,Auto
2024-11-28,4754.056640625,4857.021351670165,4732.436586788507,4857.021351670165,954250,EICHERMOT.NS,Eicher Motors,Auto
2024-11-29,4769.99951171875,4802.033842992719,4746.454709650089,4776.0706916154595,407774,EICHERMOT.NS,Eicher Motors,Auto
2024-12-02,4758.99267578125,4783.475029814255,4633.469877600295,4776.120200953543,250521,EICHERMOT.NS,Eicher Motors,Auto
2024-12-03,4782.33984375,4807.66141372203,4759.041839876894,4759.041839876894,351449,EICHERMOT.NS,Eicher Motors,Auto
2024-12-04,4735.64501953125,4816.348576114795,4690.184676800255,4774.145798818812,349544,EICHERMOT.NS,Eicher Motors,Auto
2024-12-05,4775.62646484375,4817.533273942795,4699.069340976988,4735.64488746779,525957,EICHERMOT.NS,Eicher Motors,Auto
2024-12-06,4814.62060546875,4865.609839727671,4765.754235528947,4788.904254100689,327806,EICHERMOT.NS,Eicher Motors,Auto
2024-12-09,4780.11865234375,4825.431011631886,4753.365450287956,4824.049028779434,377043,EICHERMOT.NS,Eicher Motors,Auto
2024-12-10,4751.43994140625,4812.498321499797,4736.089183348169,4778.0451583960685,342297,EICHERMOT.NS,Eicher Motors,Auto
2024-12-11,4740.482421875,4771.727186941715,4733.72000947862,4760.275577325863,240736,EICHERMOT.NS,Eicher Motors,Auto
2024-12-12,4746.109375,4758.3013847051825,4713.877409121836,4740.482627311368,236847,EICHERMOT.NS,Eicher Motors,Auto
2024-12-13,4764.12548828125,4796.259117971358,4693.343580516445,4726.710727425655,404369,EICHERMOT.NS,Eicher Motors,Auto
2024-12-16,4776.564453125,4802.725238080629,4738.557274981916,4758.301263627674,404180,EICHERMOT.NS,Eicher Motors,Auto
2024-12-17,4681.94140625,4768.173375186748,4666.442664000592,4746.553803494272,402231,EICHERMOT.NS,Eicher Motors,Auto
2024-12-18,4689.04931640625,4737.91568826852,4655.978135448956,4663.530114694203,331577,EICHERMOT.NS,Eicher Motors,Auto
2024-12-19,4710.86669921875,4718.81346213233,4613.775535029976,4649.709499297755,500287,EICHERMOT.NS,Eicher Motors,Auto
2024-12-20,4673.8955078125,4760.719886898428,4659.581116670187,4687.222699565688,386086,EICHERMOT.NS,Eicher Motors,Auto
2024-12-23,4689.740234375,4715.062286324187,4637.863095205057,4689.197467480635,371318,EICHERMOT.NS,Eicher Motors,Auto
2024-12-24,4731.5478515625,4746.454658731345,4677.992284749652,4689.739861063699,227611,EICHERMOT.NS,Eicher Motors,Auto
2024-12-26,4739.89013671875,4762.595723882191,4710.9157366931195,4731.548108622399,328172,EICHERMOT.NS,Eicher Motors,Auto
2024-12-27,4814.47265625,4891.523858619308,4728.24069227537,4758.301106810236,408992,EICHERMOT.NS,Eicher Motors,Auto
2024-12-30,4793.642578125,4842.163813494719,4770.443392590788,4827.404989885042,242799,EICHERMOT.NS,Eicher Motors,Auto
2024-12-31,4760.1767578125,4810.030328217951,4748.429181192458,4765.211571229936,313948,EICHERMOT.NS,Eicher Motors,Auto
2025-01-01,4822.76513671875,4843.644790089534,4681.744085108651,4767.1860021505045,290234,EICHERMOT.NS,Eicher Motors,Auto
2025-01-02,5240.1533203125,5261.772891132537,4804.94636104406,4822.469150690889,2863478,EICHERMOT.NS,Eicher Motors,Auto
2025-01-03,5242.76953125,5316.760323576058,5203.281552857117,5256.837123552465,836689,EICHERMOT.NS,Eicher Motors,Auto
2025-01-06,5182.89599609375,5281.517126022058,5122.035245617843,5242.769547106849,419050,EICHERMOT.NS,Eicher Motors,Auto
2025-01-07,5111.02734375,5224.259309579926,5100.365782869366,5182.895750454863,439721,EICHERMOT.NS,Eicher Motors,Auto
2025-01-08,5097.1083984375,5170.8027410516615,5068.577948677572,5145.481171538606,343162,EICHERMOT.NS,Eicher Motors,Auto
2025-01-09,5074.1064453125,5129.340448317538,5039.653280311671,5119.912404186706,239408,EICHERMOT.NS,Eicher Motors,Auto
2025-01-10,4993.69921875,5096.614760754763,4975.485196201514,5084.077135007499,316803,EICHERMOT.NS,Eicher Motors,Auto
2025-01-13,4875.876953125,4959.887723643236,4862.549760404524,4945.869298487822,213093,EICHERMOT.NS,Eicher Motors,Auto
2025-01-14,4965.16845703125,4976.817698952975,4886.686106192195,4886.686106192195,448429,EICHERMOT.NS,Eicher Motors,Auto
2025-01-15,5016.8486328125,5028.20142613508,4940.143527147219,4973.411858360893,497259,EICHERMOT.NS,Eicher Motors,Auto
2025-01-16,4983.18505859375,5068.380658085391,4970.450282433056,5046.612621572244,435315,EICHERMOT.NS,Eicher Motors,Auto
2025-01-17,4948.1396484375,5010.432030617268,4934.072056166923,4940.933285209529,197564,EICHERMOT.NS,Eicher Motors,Auto
2025-01-20,4952.53271484375,4973.955135176367,4866.893164734079,4948.1891337804045,255315,EICHERMOT.NS,Eicher Motors,Auto
2025-01-21,4906.33203125,5014.97313640239,4896.509204046428,4967.933179668905,416551,EICHERMOT.NS,Eicher Motors,Auto
2025-01-22,4945.5732421875,4960.677200852331,4889.796473660504,4916.253225919325,494734,EICHERMOT.NS,Eicher Motors,Auto
2025-01-23,5050.7099609375,5091.974704661529,4914.081173000746,4932.640811666334,442186,EICHERMOT.NS,Eicher Motors,Auto
2025-01-24,5139.65625,5157.623472614589,5049.574301129088,5068.281923323438,730641,EICHERMOT.NS,Eicher Motors,Auto
2025-01-27,5078.6474609375,5141.33462465983,5050.117493854318,5123.565034943264,418597,EICHERMOT.NS,Eicher Motors,Auto
2025-01-28,5040.0478515625,5127.513817085713,5024.845076812914,5093.949036611913,603950,EICHERMOT.NS,Eicher Motors,Auto
2025-01-29,5116.5556640625,5167.988849110266,5015.515709259664,5015.515709259664,357310,EICHERMOT.NS,Eicher Motors,Auto
2025-01-30,5098.24365234375,5200.566780462018,5074.254416130998,5116.556009603027,480830,EICHERMOT.NS,Eicher Motors,Auto
2025-01-31,5127.8095703125,5176.873572536601,5079.140833466974,5098.884821157808,394118,EICHERMOT.NS,Eicher Motors,Auto
2025-02-01,5321.15283203125,5353.631596388782,5064.431816892065,5148.04731815031,609534,EICHERMOT.NS,Eicher Motors,Auto
2025-02-03,5415.03564453125,5504.1303926136425,5337.688473197018,5503.636792901275,1330533,EICHERMOT.NS,Eicher Motors,Auto
2025-02-04,5380.33544921875,5483.053352122072,5372.339037816912,5465.678546589536,591631,EICHERMOT.NS,Eicher Motors,Auto
2025-02-05,5347.85693359375,5399.980870574106,5282.504138654852,5380.236882016248,442234,EICHERMOT.NS,Eicher Motors,Auto
2025-02-06,5273.619140625,5375.349844937555,5262.661130991379,5358.617104498022,361000,EICHERMOT.NS,Eicher Motors,Auto
2025-02-07,5303.7783203125,5329.889939109235,5251.950348131868,5299.92833878528,604384,EICHERMOT.NS,Eicher Motors,Auto
2025-02-10,5267.0546875,5375.202194548783,5239.462270031105,5330.877035603389,631815,EICHERMOT.NS,Eicher Motors,Auto
2025-02-11,4908.701171875,5073.711459847342,4891.523998235209,5073.069876625381,2272410,EICHERMOT.NS,Eicher Motors,Auto
2025-02-12,4787.37451171875,4935.997194430667,4772.516870944928,4886.63722248636,813864,EICHERMOT.NS,Eicher Motors,Auto
2025-02-13,4758.69580078125,4844.236530756956,4728.685035998638,4788.558582062869,571526,EICHERMOT.NS,Eicher Motors,Auto
2025-02-14,4643.14453125,4787.917231120894,4626.0656919080375,4769.259258317154,476473,EICHERMOT.NS,Eicher Motors,Auto
2025-02-17,4684.458984375,4694.133346092937,4586.528606929082,4639.837376790075,232211,EICHERMOT.NS,Eicher Motors,Auto
2025-02-18,4658.98876953125,4711.409154275213,4624.486439589654,4707.953956362177,254026,EICHERMOT.NS,Eicher Motors,Auto
2025-02-19,4749.021484375,4759.288261630073,4617.180716554334,4639.837135378831,275722,EICHERMOT.NS,Eicher Motors,Auto
2025-02-20,4825.82568359375,4836.29009414527,4715.851761529282,4718.813359872298,277284,EICHERMOT.NS,Eicher Motors,Auto
2025-02-21,4898.92822265625,4919.1161626813355,4792.853446360548,4825.431029003164,324027,EICHERMOT.NS,Eicher Motors,Auto
2025-02-24,4946.65869140625,4985.258285372304,4852.627946071808,4872.8163671476,410180,EICHERMOT.NS,Eicher Motors,Auto
2025-02-25,4925.927734375,5010.0373222325625,4914.3281405747575,4963.638947031591,402917,EICHERMOT.NS,Eicher Motors,Auto
2025-02-27,4872.32275390625,4935.997116711833,4827.257196636865,4897.002739489809,561804,EICHERMOT.NS,Eicher Motors,Auto
2025-02-28,4712.4951171875,4868.818237420723,4694.133112077913,4847.1981850968,1076243,EICHERMOT.NS,Eicher Motors,Auto
2025-03-03,4843.79296875,4864.918940796124,4765.211795296852,4765.211795296852,503560,EICHERMOT.NS,Eicher Motors,Auto
2025-03-04,4753.4638671875,4824.443406743008,4727.0066343837625,4824.443406743008,638281,EICHERMOT.NS,Eicher Motors,Auto
2025-03-05,4924.44677734375,4939.946001375484,4719.701709744095,4746.454910993871,551830,EICHERMOT.NS,Eicher Motors,Auto
2025-03-06,5029.1884765625,5041.726101629259,4931.653369632162,4931.653369632162,648307,EICHERMOT.NS,Eicher Motors,Auto
2025-03-07,5035.408203125,5065.714935671397,5008.062586765719,5029.188557648466,590548,EICHERMOT.NS,Eicher Motors,Auto
2025-03-10,4926.66796875,5064.333123366175,4907.022796315067,5057.422727291406,316750,EICHERMOT.NS,Eicher Motors,Auto
2025-03-11,4921.73193359375,4945.869152509705,4849.172775368308,4886.637186611384,228128,EICHERMOT.NS,Eicher Motors,Auto
2025-03-12,4953.22412109375,4975.386459741887,4897.002919060412,4921.189305819203,235018,EICHERMOT.NS,Eicher Motors,Auto
2025-03-13,4951.0517578125,4982.888938250056,4901.494155450806,4966.106548562042,265867,EICHERMOT.NS,Eicher Motors,Auto
2025-03-17,4985.60400390625,5011.962421936066,4871.829267714934,4871.829267714934,287729,EICHERMOT.NS,Eicher Motors,Auto
2025-03-18,4985.60400390625,4985.60400390625,4985.60400390625,4985.60400390625,0,EICHERMOT.NS,Eicher Motors,Auto
2025-03-19,5035.60546875,5073.81027944777,4989.898328019929,5065.320267955935,417978,EICHERMOT.NS,Eicher Motors,Auto
2025-03-20,5162.41162109375,5191.6328216774755,5047.846833908872,5063.3460583289425,491655,EICHERMOT.NS,Eicher Motors,Auto
2025-03-21,5238.03076171875,5259.749148155852,5163.398391919611,5181.957547517118,414691,EICHERMOT.NS,Eicher Motors,Auto
2025-03-24,5354.76708984375,5386.1598374328305,5244.891509220071,5257.330317860802,316612,EICHERMOT.NS,Eicher Motors,Auto
2025-03-25,5361.72705078125,5429.449029937015,5332.061899911071,5390.109035169736,324007,EICHERMOT.NS,Eicher Motors,Auto
2025-03-26,5334.13427734375,5424.660654323828,5321.004718253946,5364.342675118877,384678,EICHERMOT.NS,Eicher Motors,Auto
2025-03-27,5277.3212890625,5335.812854582203,5232.156915686527,5261.230131360605,603145,EICHERMOT.NS,Eicher Motors,Auto
2025-03-28,5279.24658203125,5339.120131025157,5254.319796435989,5294.350540490445,286609,EICHERMOT.NS,Eicher Motors,Auto
2025-04-01,5239.26513671875,5454.27698505476,5198.691142740472,5296.867839252867,562006,EICHERMOT.NS,Eicher Motors,Auto
2025-04-02,5286.9462890625,5324.904298103887,5243.262716419234,5293.067118041846,365908,EICHERMOT.NS,Eicher Motors,Auto
2025-04-03,5310.29345703125,5339.0702225981795,5197.604744029841,5197.604744029841,224286,EICHERMOT.NS,Eicher Motors,Auto
2025-04-04,5180.7236328125,5286.551601263185,5163.0528599656545,5282.4548201609905,261887,EICHERMOT.NS,Eicher Motors,Auto
2025-04-07,5000.412109375,5101.254438707444,4935.948176874294,4935.997344035339,519173,EICHERMOT.NS,Eicher Motors,Auto
2025-04-08,5164.3857421875,5201.553703656171,5044.391364398149,5099.427731636491,355195,EICHERMOT.NS,Eicher Motors,Auto
2025-04-09,5190.99072265625,5255.849919927555,5116.013212960774,5203.083916029486,472302,EICHERMOT.NS,Eicher Motors,Auto
2025-04-11,5282.4052734375,5339.761656073658,5222.284925241201,5222.284925241201,500528,EICHERMOT.NS,Eicher Motors,Auto
2025-04-15,5458.2255859375,5485.867169660823,5329.889661507788,5394.057623722644,542322,EICHERMOT.NS,Eicher Motors,Auto
2025-04-16,5543.6181640625,5557.932555190433,5468.097410870303,5477.969404751636,734279,EICHERMOT.NS,Eicher Motors,Auto
2025-04-17,5605.81201171875,5642.33839094453,5504.6240692689535,5543.61844709107,564357,EICHERMOT.NS,Eicher Motors,Auto
2025-04-21,5736.1220703125,5782.520441761547,5571.259771759504,5622.594140171215,551547,EICHERMOT.NS,Eicher Motors,Auto
2025-04-22,5709.96142578125,5830.893354318284,5692.685435990245,5736.615810030229,459537,EICHERMOT.NS,Eicher Motors,Auto
2025-04-23,5666.52490234375,5742.045661059655,5533.746574928204,5714.897675900343,582611,EICHERMOT.NS,Eicher Motors,Auto
2025-04-24,5578.17041015625,5700.583140155255,5548.060827374237,5662.575961889434,503663,EICHERMOT.NS,Eicher Motors,Auto
2025-04-25,5504.13037109375,5595.446317524774,5446.872804682946,5590.016720709956,457510,EICHERMOT.NS,Eicher Motors,Auto
2025-04-28,5550.03515625,5585.574335478922,5479.450397503669,5509.066380194437,403569,EICHERMOT.NS,Eicher Motors,Auto
2025-04-29,5507.58544921875,5618.645381650567,5437.494291861781,5554.477420689962,309552,EICHERMOT.NS,Eicher Motors,Auto
2025-04-30,5495.7392578125,5533.252836364121,5435.026492525008,5533.252836364121,509786,EICHERMOT.NS,Eicher Motors,Auto
2025-05-02,5370.36474609375,5488.828674316406,5307.183984374999,5488.828674316406,634482,EICHERMOT.NS,Eicher Motors,Auto
2025-05-05,5390.6025390625,5409.852928131581,5341.736166810217,5399.487334017461,320466,EICHERMOT.NS,Eicher Motors,Auto
2025-05-06,5444.40478515625,5525.355137356216,5370.85842858433,5390.602416925785,514699,EICHERMOT.NS,Eicher Motors,Auto
2025-05-07,5418.73779296875,5499.688148046804,5382.705012964495,5390.602608581866,349955,EICHERMOT.NS,Eicher Motors,Auto
2025-05-08,5303.72900390625,5418.244139216277,5271.151422309432,5393.564153158082,609858,EICHERMOT.NS,Eicher Motors,Auto
2025-05-09,5255.849609375,5272.138399486699,5193.162447429975,5227.220826754437,412056,EICHERMOT.NS,Eicher Motors,Auto
2025-05-12,5449.3408203125,5470.072008215862,5344.6976813717165,5434.532828952955,327631,EICHERMOT.NS,Eicher Motors,Auto
2025-05-13,5349.6337890625,5482.412114330798,5323.47300378659,5436.013740445222,416275,EICHERMOT.NS,Eicher Motors,Auto
2025-05-14,5376.78173828125,5407.384920854778,5291.388986906729,5360.4929475566305,315866,EICHERMOT.NS,Eicher Motors,Auto
2025-05-15,5396.0322265625,5476.982581955497,5291.38908422521,5429.597008066913,1930277,EICHERMOT.NS,Eicher Motors,Auto
2025-05-16,5438.97509765625,5514.002252102548,5420.71190874498,5433.5455009529,638327,EICHERMOT.NS,Eicher Motors,Auto
2025-05-19,5459.212890625,5555.958435522152,5438.975302151616,5439.468901870479,654074,EICHERMOT.NS,Eicher Motors,Auto
2025-05-20,5318.537109375,5486.361018162703,5311.133113399072,5478.957022186775,402780,EICHERMOT.NS,Eicher Motors,Auto
2025-05-21,5339.76171875,5407.384879728808,5316.068932421658,5340.748918180348,300888,EICHERMOT.NS,Eicher Motors,Auto
2025-05-22,5318.04345703125,5340.7490444661335,5251.90109363398,5313.107459762797,461736,EICHERMOT.NS,Eicher Motors,Auto
2025-05-23,5330.876953125,5367.8969319661455,5307.184166666667,5321.004958767361,282287,EICHERMOT.NS,Eicher Motors,Auto
2025-05-26,5358.02490234375,5402.942476375374,5331.370517753556,5333.838516326722,337099,EICHERMOT.NS,Eicher Motors,Auto
2025-05-27,5320.51123046875,5375.300797829547,5307.184038408016,5350.620812531891,452769,EICHERMOT.NS,Eicher Motors,Auto
2025-05-28,5258.31787109375,5340.25542545417,5245.977877967181,5335.813027928605,380066,EICHERMOT.NS,Eicher Motors,Auto
2025-05-29,5310.1455078125,5327.421497101721,5219.323164120597,5260.2919387207485,704795,EICHERMOT.NS,Eicher Motors,Auto
2025-05-30,5265.22802734375,5333.838386001365,5251.407235671712,5309.158400872726,915804,EICHERMOT.NS,Eicher Motors,Auto
2025-06-02,5292.3759765625,5316.06876213189,5248.4456033192555,5271.644789189284,475698,EICHERMOT.NS,Eicher Motors,Auto
2025-06-03,5285.4658203125,5344.69778692041,5228.20825259152,5344.69778692041,479572,EICHERMOT.NS,Eicher Motors,Auto
2025-06-04,5251.4072265625,5316.562387189086,5228.701640283538,5271.644814332879,321913,EICHERMOT.NS,Eicher Motors,Auto
2025-06-05,5240.54833984375,5269.670723949503,5216.3619530440565,5263.253927451625,459910,EICHERMOT.NS,Eicher Motors,Auto
2025-06-06,5324.95361328125,5335.8128067825655,5194.149691560863,5222.778474427967,538092,EICHERMOT.NS,Eicher Motors,Auto
2025-06-09,5321.9921875,5374.313757883509,5308.664995043823,5352.595370177148,270949,EICHERMOT.NS,Eicher Motors,Auto
2025-06-10,5308.6650390625,5356.544212357624,5301.7546429168115,5356.544212357624,330659,EICHERMOT.NS,Eicher Motors,Auto
2025-06-11,5283.4912109375,5364.935161778745,5274.1128165982045,5301.260800211953,366787,EICHERMOT.NS,Eicher Motors,Auto
2025-06-12,5247.45849609375,5306.19686134962,5234.131303976872,5282.504075364059,337217,EICHERMOT.NS,Eicher Motors,Auto
2025-06-13,5250.91357421875,5265.227965425024,5152.687234561904,5212.41279787084,414671,EICHERMOT.NS,Eicher Motors,Auto
2025-06-16,5296.32470703125,5312.613496903759,5237.092743858487,5237.092743858487,294926,EICHERMOT.NS,Eicher Motors,Auto
2025-06-17,5272.63232421875,5321.992297297001,5243.0163403718,5312.120302681351,710729,EICHERMOT.NS,Eicher Motors,Auto
2025-06-18,5323.96630859375,5393.070265871993,5239.560760775325,5265.721544602088,774670,EICHERMOT.NS,Eicher Motors,Auto
2025-06-19,5423.18017578125,5436.013768624639,5335.813024501257,5340.749021748715,923400,EICHERMOT.NS,Eicher Motors,Auto
2025-06-20,5454.27685546875,5471.059245793269,5424.660872543128,5459.21285262302,776879,EICHERMOT.NS,Eicher Motors,Auto
2025-06-23,5481.4248046875,5488.828800371454,5409.359246697011,5424.660837777184,247519,EICHERMOT.NS,Eicher Motors,Auto
2025-06-24,5556.94580078125,5567.311395186687,5488.8290375455235,5517.457822093872,579369,EICHERMOT.NS,Eicher Motors,Auto
2025-06-25,5504.6240234375,5580.144779856612,5496.232828279821,5559.907191535151,449222,EICHERMOT.NS,Eicher Motors,Auto
2025-06-26,5539.66943359375,5550.528626994717,5441.443093284995,5505.11745459067,788150,EICHERMOT.NS,Eicher Motors,Auto
2025-06-27,5587.548828125,5612.228814114952,5523.380864551126,5543.124853343088,413724,EICHERMOT.NS,Eicher Motors,Auto
2025-06-30,5584.09375,5610.748135441528,5541.150573455317,5587.548948112791,340049,EICHERMOT.NS,Eicher Motors,Auto
2025-07-01,5642.33837890625,5675.4095600266,5560.400825682696,5584.0936121569775,534027,EICHERMOT.NS,Eicher Motors,Auto
2025-07-02,5649.24853515625,5671.460521533011,5614.2029566506935,5614.2029566506935,299925,EICHERMOT.NS,Eicher Motors,Auto
2025-07-03,5642.83203125,5700.5831988196505,5627.036840119839,5636.908834576189,335537,EICHERMOT.NS,Eicher Motors,Auto
2025-07-04,5556.94580078125,5642.338554692705,5548.06100557659,5642.338554692705,185006,EICHERMOT.NS,Eicher Motors,Auto
2025-07-07,5609.7607421875,5627.036732154642,5552.996775152607,5557.932772286076,227078,EICHERMOT.NS,Eicher Motors,Auto
2025-07-08,5606.79931640625,5631.972902561432,5576.196133237205,5631.972902561432,180630,EICHERMOT.NS,Eicher Motors,Auto
2025-07-09,5622.1005859375,5645.299771849622,5596.927001224347,5598.407800325121,177978,EICHERMOT.NS,Eicher Motors,Auto
2025-07-10,5579.6513671875,5631.972938748176,5562.868976309547,5619.139345723858,189074,EICHERMOT.NS,Eicher Motors,Auto
2025-07-11,5540.65673828125,5610.747897019418,5517.457551938335,5559.907126948775,522930,EICHERMOT.NS,Eicher Motors,Auto
2025-07-14,5469.57861328125,5543.618572850981,5449.834624062655,5534.733777702613,503684,EICHERMOT.NS,Eicher Motors,Auto
2025-07-15,5519.43212890625,5570.272900617691,5497.2201412653285,5518.4449294555425,715066,EICHERMOT.NS,Eicher Motors,Auto
2025-07-16,5554.4775390625,5561.387935005526,5469.084789195103,5528.316754421043,226544,EICHERMOT.NS,Eicher Motors,Auto
2025-07-17,5577.6767578125,5610.2543388758295,5555.958370436947,5595.446347483407,391603,EICHERMOT.NS,Eicher Motors,Auto
2025-07-18,5555.46484375,5608.773613463461,5539.669652723789,5591.497623278543,254828,EICHERMOT.NS,Eicher Motors,Auto
2025-07-21,5486.8544921875,5554.971253605445,5469.578501972804,5525.355270380252,190717,EICHERMOT.NS,Eicher Motors,Auto
2025-07-22,5369.87109375,5468.0974332716705,5363.947897396934,5399.980675211416,517944,EICHERMOT.NS,Eicher Motors,Auto
2025-07-23,5371.845703125,5392.083291458008,5352.59531422287,5362.467308531654,344237,EICHERMOT.NS,Eicher Motors,Auto
2025-07-24,5398.99365234375,5431.571233350761,5364.441672487829,5370.364869034558,284450,EICHERMOT.NS,Eicher Motors,Auto
2025-07-25,5363.45458984375,5409.852963803378,5303.729023363804,5409.852963803378,292877,EICHERMOT.NS,Eicher Motors,Auto
2025-07-28,5317.05615234375,5386.160112734404,5288.427368753336,5363.4545257489035,322292,EICHERMOT.NS,Eicher Motors,Auto
2025-07-29,5400.474609375,5413.80180199479,5284.478673610159,5321.005053382917,217256,EICHERMOT.NS,Eicher Motors,Auto
2025-07-30,5410.83984375,5485.373397518131,5370.364668856048,5395.044653547482,266223,EICHERMOT.NS,Eicher Motors,Auto
2025-07-31,5398.5,5439.468775715461,5317.549647983908,5380.236810825638,307018,EICHERMOT.NS,Eicher Motors,Auto
2025-08-01,5528.0,5670.0,5475.0,5551.0,1408773,EICHERMOT.NS,Eicher Motors,Auto
2025-08-04,5621.0,5670.0,5520.0,5527.5,505407,EICHERMOT.NS,Eicher Motors,Auto
2025-08-05,5681.0,5690.0,5584.5,5625.0,458305,EICHERMOT.NS,Eicher Motors,Auto
2025-08-06,5668.0,5712.5,5651.0,5684.5,202535,EICHERMOT.NS,Eicher Motors,Auto
2025-08-07,5681.5,5694.5,5588.0,5660.0,266900,EICHERMOT.NS,Eicher Motors,Auto
2025-08-08,5663.0,5711.5,5655.5,5681.5,373874,EICHERMOT.NS,Eicher Motors,Auto
2025-08-11,5671.5,5708.5,5652.5,5677.0,475811,EICHERMOT.NS,Eicher Motors,Auto
2025-08-12,5658.0,5694.0,5643.0,5679.5,429572,EICHERMOT.NS,Eicher Motors,Auto
2025-08-13,5714.5,5757.5,5648.5,5658.0,427562,EICHERMOT.NS,Eicher Motors,Auto
2025-08-14,5764.0,5785.5,5710.0,5710.0,415010,EICHERMOT.NS,Eicher Motors,Auto
2025-08-18,5912.0,6024.5,5825.5,5880.0,1288582,EICHERMOT.NS,Eicher Motors,Auto
2025-08-19,5938.5,5995.0,5891.5,5918.0,843617,EICHERMOT.NS,Eicher Motors,Auto
2025-08-20,5937.5,5969.5,5905.0,5964.0,510626,EICHERMOT.NS,Eicher Motors,Auto
2025-08-21,5975.0,5992.5,5898.0,5990.0,499089,EICHERMOT.NS,Eicher Motors,Auto
2025-08-22,5924.5,5973.0,5913.5,5970.0,273421,EICHERMOT.NS,Eicher Motors,Auto
2025-08-25,5990.5,6009.0,5880.0,5945.0,822944,EICHERMOT.NS,Eicher Motors,Auto
2025-08-26,6151.0,6210.0,5960.0,5980.0,1474805,EICHERMOT.NS,Eicher Motors,Auto
2025-08-28,6133.0,6269.5,6121.0,6269.5,719052,EICHERMOT.NS,Eicher Motors,Auto
2025-08-29,6103.0,6174.5,6070.0,6149.0,496302,EICHERMOT.NS,Eicher Motors,Auto
2025-09-01,6280.0,6292.0,6085.0,6085.0,698178,EICHERMOT.NS,Eicher Motors,Auto
2025-09-02,6349.0,6388.0,6282.5,6310.5,701158,EICHERMOT.NS,Eicher Motors,Auto
2025-09-03,6371.5,6379.0,6308.0,6349.0,536107,EICHERMOT.NS,Eicher Motors,Auto
2025-09-04,6425.0,6713.0,6411.5,6690.0,1181698,EICHERMOT.NS,Eicher Motors,Auto
2025-09-05,6580.5,6598.5,6440.5,6449.0,610721,EICHERMOT.NS,Eicher Motors,Auto
2025-09-08,6815.0,6848.0,6569.0,6570.5,968116,EICHERMOT.NS,Eicher Motors,Auto
2025-09-09,6874.5,6937.0,6779.0,6782.0,983283,EICHERMOT.NS,Eicher Motors,Auto
2025-09-10,6836.5,6924.5,6802.5,6900.0,740607,EICHERMOT.NS,Eicher Motors,Auto
2025-09-11,6758.0,6828.5,6750.0,6805.0,719575,EICHERMOT.NS,Eicher Motors,Auto
2025-09-12,6875.0,6899.0,6762.5,6765.0,731798,EICHERMOT.NS,Eicher Motors,Auto
2025-09-15,6801.0,6900.5,6787.5,6875.0,380686,EICHERMOT.NS,Eicher Motors,Auto
2025-09-16,6927.5,6954.5,6800.5,6823.0,579275,EICHERMOT.NS,Eicher Motors,Auto
2025-09-17,6890.5,6938.0,6879.5,6921.0,310534,EICHERMOT.NS,Eicher Motors,Auto
2025-09-18,6924.5,6935.0,6868.5,6895.5,224356,EICHERMOT.NS,Eicher Motors,Auto
2025-09-19,6973.5,7018.0,6925.0,6947.0,550551,EICHERMOT.NS,Eicher Motors,Auto
2025-09-22,6946.0,7005.5,6925.0,7000.0,332786,EICHERMOT.NS,Eicher Motors,Auto
2025-09-23,6990.5,7122.5,6978.5,7015.0,679055,EICHERMOT.NS,Eicher Motors,Auto
2025-09-24,7011.5,7060.5,6927.5,6950.0,323002,EICHERMOT.NS,Eicher Motors,Auto
2025-09-25,6986.0,7044.5,6932.0,7009.5,375861,EICHERMOT.NS,Eicher Motors,Auto
2025-09-26,7047.0,7091.0,6965.5,6980.0,679362,EICHERMOT.NS,Eicher Motors,Auto
2025-09-29,6985.0,7073.5,6969.0,7049.0,612976,EICHERMOT.NS,Eicher Motors,Auto
2025-09-30,7005.5,7032.5,6951.5,6984.5,363934,EICHERMOT.NS,Eicher Motors,Auto
2025-10-01,7021.5,7063.0,6950.0,7000.0,313734,EICHERMOT.NS,Eicher Motors,Auto
2025-10-03,6941.0,7008.5,6850.0,7000.0,669742,EICHERMOT.NS,Eicher Motors,Auto
2025-10-06,6880.0,6955.5,6865.0,6941.0,218200,EICHERMOT.NS,Eicher Motors,Auto
2025-10-07,6957.0,6999.0,6880.0,6880.0,286586,EICHERMOT.NS,Eicher Motors,Auto
2025-10-08,6902.5,7007.0,6889.5,6957.0,476286,EICHERMOT.NS,Eicher Motors,Auto
2025-10-09,6896.5,6958.0,6818.0,6925.0,405889,EICHERMOT.NS,Eicher Motors,Auto
2025-10-10,6965.0,6984.0,6876.5,6895.5,282882,EICHERMOT.NS,Eicher Motors,Auto
2025-10-13,6912.0,7047.0,6896.5,6999.5,342990,EICHERMOT.NS,Eicher Motors,Auto
2025-10-14,6887.0,6942.0,6815.0,6939.5,309415,EICHERMOT.NS,Eicher Motors,Auto
2025-10-15,6895.0,6940.0,6865.0,6893.5,237366,EICHERMOT.NS,Eicher Motors,Auto
2025-10-16,6988.0,7016.5,6892.0,6893.0,319047,EICHERMOT.NS,Eicher Motors,Auto
2025-10-17,7042.5,7099.0,6988.0,6990.0,402013,EICHERMOT.NS,Eicher Motors,Auto
2025-10-20,7013.5,7104.5,7007.5,7049.0,326177,EICHERMOT.NS,Eicher Motors,Auto
2025-10-21,7018.5,7058.0,7005.0,7037.0,14379,EICHERMOT.NS,Eicher Motors,Auto
2025-10-23,6884.5,7100.0,6869.0,7100.0,419750,EICHERMOT.NS,Eicher Motors,Auto
2025-10-24,6840.0,6909.5,6792.0,6894.0,243740,EICHERMOT.NS,Eicher Motors,Auto
2025-10-27,6906.5,6927.5,6838.5,6868.0,228141,EICHERMOT.NS,Eicher Motors,Auto
2025-10-28,7002.5,7022.0,6905.0,6905.0,485231,EICHERMOT.NS,Eicher Motors,Auto
2025-10-29,6952.0,7007.5,6889.0,7007.5,343504,EICHERMOT.NS,Eicher Motors,Auto
2025-10-30,6889.0,6988.5,6869.0,6952.0,412184,EICHERMOT.NS,Eicher Motors,Auto
2025-10-31,7007.0,7099.0,6902.5,6929.0,670785,EICHERMOT.NS,Eicher Motors,Auto
2025-11-03,7023.5,7070.0,6996.5,7030.0,334962,EICHERMOT.NS,Eicher Motors,Auto
2025-11-04,6930.0,7060.0,6906.5,7050.0,494329,EICHERMOT.NS,Eicher Motors,Auto
2025-11-06,6806.5,6975.0,6793.5,6945.0,435650,EICHERMOT.NS,Eicher Motors,Auto
2025-11-07,6886.0,6897.0,6720.5,6806.5,465149,EICHERMOT.NS,Eicher Motors,Auto
2025-11-10,6866.5,6915.5,6800.5,6870.0,514365,EICHERMOT.NS,Eicher Motors,Auto
2025-11-11,6873.0,6890.0,6754.0,6871.5,409676,EICHERMOT.NS,Eicher Motors,Auto
2025-11-12,6879.0,6925.0,6838.5,6906.5,300606,EICHERMOT.NS,Eicher Motors,Auto
2025-11-13,6855.0,6946.5,6758.5,6875.0,842032,EICHERMOT.NS,Eicher Motors,Auto
2025-11-14,6695.0,6850.0,6670.0,6799.0,739163,EICHERMOT.NS,Eicher Motors,Auto
2025-11-17,6799.0,6809.0,6675.0,6730.0,789635,EICHERMOT.NS,Eicher Motors,Auto
2025-11-18,6814.5,6854.0,6754.0,6835.0,517129,EICHERMOT.NS,Eicher Motors,Auto
2025-11-19,6896.5,6911.5,6760.0,6800.0,416170,EICHERMOT.NS,Eicher Motors,Auto
2025-11-20,7125.5,7138.0,6886.5,6906.0,857232,EICHERMOT.NS,Eicher Motors,Auto
2025-11-21,7134.5,7205.0,7088.5,7125.5,654156,EICHERMOT.NS,Eicher Motors,Auto
2025-11-24,7258.5,7284.5,7135.0,7151.5,1229296,EICHERMOT.NS,Eicher Motors,Auto
2025-11-25,7218.5,7274.5,7180.0,7258.5,521990,EICHERMOT.NS,Eicher Motors,Auto
2025-11-26,7198.5,7273.0,7180.0,7258.0,313545,EICHERMOT.NS,Eicher Motors,Auto
2025-11-27,6999.0,7210.5,6981.0,7210.0,480102,EICHERMOT.NS,Eicher Motors,Auto
2025-11-28,7053.5,7065.0,6956.0,6999.0,449709,EICHERMOT.NS,Eicher Motors,Auto
2025-12-01,7125.5,7250.0,7025.0,7061.5,974710,EICHERMOT.NS,Eicher Motors,Auto
2025-12-02,7112.5,7196.0,7091.5,7125.0,448174,EICHERMOT.NS,Eicher Motors,Auto
2025-12-03,7081.5,7105.0,7042.0,7090.0,333674,EICHERMOT.NS,Eicher Motors,Auto
2025-12-04,7100.0,7167.5,7066.5,7098.0,364672,EICHERMOT.NS,Eicher Motors,Auto
2025-12-05,7208.0,7218.0,7070.5,7120.0,501035,EICHERMOT.NS,Eicher Motors,Auto
2025-12-08,7142.0,7234.0,7115.0,7230.0,273509,EICHERMOT.NS,Eicher Motors,Auto
2025-12-09,7123.0,7196.0,7052.0,7142.0,436443,EICHERMOT.NS,Eicher Motors,Auto
2025-12-10,7228.5,7294.0,7129.5,7129.5,626505,EICHERMOT.NS,Eicher Motors,Auto
2025-12-11,7256.0,7328.5,7220.5,7250.0,502052,EICHERMOT.NS,Eicher Motors,Auto
2025-12-12,7229.0,7274.5,7188.0,7235.0,324682,EICHERMOT.NS,Eicher Motors,Auto
2025-12-15,7121.5,7210.5,7094.5,7200.0,391821,EICHERMOT.NS,Eicher Motors,Auto
2025-12-16,7061.5,7121.5,7035.5,7120.0,505906,EICHERMOT.NS,Eicher Motors,Auto
2025-12-17,7134.5,7176.5,7080.5,7104.0,594264,EICHERMOT.NS,Eicher Motors,Auto
2025-12-18,7106.5,7144.0,7013.5,7135.0,327756,EICHERMOT.NS,Eicher Motors,Auto
2025-12-19,7217.0,7242.0,7075.0,7075.0,423435,EICHERMOT.NS,Eicher Motors,Auto
2025-12-22,7291.5,7310.0,7213.0,7238.0,233966,EICHERMOT.NS,Eicher Motors,Auto
2025-12-23,7303.0,7338.0,7280.0,7338.0,249187,EICHERMOT.NS,Eicher Motors,Auto
2025-12-24,7312.5,7349.5,7240.5,7300.0,205296,EICHERMOT.NS,Eicher Motors,Auto
2025-12-26,7324.0,7360.0,7274.0,7300.0,157706,EICHERMOT.NS,Eicher Motors,Auto
2025-12-29,7272.0,7374.5,7232.5,7324.0,282572,EICHERMOT.NS,Eicher Motors,Auto
2025-12-30,7192.5,7312.0,7132.5,7272.0,1976062,EICHERMOT.NS,Eicher Motors,Auto
2025-12-31,7312.5,7322.5,7140.0,7189.0,357381,EICHERMOT.NS,Eicher Motors,Auto
2026-01-01,7348.0,7363.0,7271.5,7317.0,155326,EICHERMOT.NS,Eicher Motors,Auto
2026-01-02,7334.5,7382.5,7298.0,7348.0,227469,EICHERMOT.NS,Eicher Motors,Auto
2026-01-05,7482.5,7514.5,7328.0,7344.0,426798,EICHERMOT.NS,Eicher Motors,Auto
2026-01-06,7522.5,7569.0,7484.5,7514.0,396099,EICHERMOT.NS,Eicher Motors,Auto
2026-01-07,7582.5,7597.0,7490.0,7523.0,380761,EICHERMOT.NS,Eicher Motors,Auto
2026-01-08,7551.0,7601.0,7539.0,7590.0,459727,EICHERMOT.NS,Eicher Motors,Auto
2026-01-09,7507.0,7613.5,7486.0,7582.0,474627,EICHERMOT.NS,Eicher Motors,Auto
2026-01-12,7436.0,7507.0,7322.0,7477.0,315579,EICHERMOT.NS,Eicher Motors,Auto
2026-01-13,7404.0,7514.5,7348.0,7488.0,262636,EICHERMOT.NS,Eicher Motors,Auto
2026-01-14,7358.0,7390.0,7236.0,7390.0,426082,EICHERMOT.NS,Eicher Motors,Auto
2026-01-15,7358.0,7358.0,7358.0,7358.0,0,EICHERMOT.NS,Eicher Motors,Auto
2026-01-16,7315.0,7417.0,7298.5,7330.0,441023,EICHERMOT.NS,Eicher Motors,Auto
2026-01-19,7323.5,7373.0,7268.5,7300.0,211682,EICHERMOT.NS,Eicher Motors,Auto
2026-01-20,7173.5,7375.0,7130.0,7336.0,302200,EICHERMOT.NS,Eicher Motors,Auto
2026-01-21,7140.0,7219.0,7005.0,7100.5,480751,EICHERMOT.NS,Eicher Motors,Auto
2026-01-22,7049.0,7325.0,7026.0,7175.0,366499,EICHERMOT.NS,Eicher Motors,Auto
2026-01-23,6973.0,7095.0,6950.0,7088.5,365996,EICHERMOT.NS,Eicher Motors,Auto
2026-01-27,7164.5,7175.0,6910.5,7020.0,498369,EICHERMOT.NS,Eicher Motors,Auto
2026-01-28,7071.0,7124.0,6851.0,7124.0,856378,EICHERMOT.NS,Eicher Motors,Auto
2026-01-29,7056.5,7108.5,6978.0,7071.5,632904,EICHERMOT.NS,Eicher Motors,Auto
2026-01-30,7122.5,7151.0,6980.0,6980.0,454539,EICHERMOT.NS,Eicher Motors,Auto
2026-02-02,6985.5,6997.0,6738.0,6805.0,490854,EICHERMOT.NS,Eicher Motors,Auto
2026-02-03,7215.0,7258.5,7053.0,7200.0,689971,EICHERMOT.NS,Eicher Motors,Auto
2026-02-04,7277.5,7328.0,7170.5,7215.0,260280,EICHERMOT.NS,Eicher Motors,Auto
2026-02-05,7209.5,7309.5,7176.5,7290.0,254212,EICHERMOT.NS,Eicher Motors,Auto
2026-02-06,7177.5,7209.5,7110.5,7209.5,251800,EICHERMOT.NS,Eicher Motors,Auto
2026-02-09,7195.5,7219.5,7063.5,7116.0,314215,EICHERMOT.NS,Eicher Motors,Auto
2026-02-10,7296.0,7325.0,7201.0,7280.0,467662,EICHERMOT.NS,Eicher Motors,Auto
2026-02-11,7771.0,7805.0,7501.0,7505.0,2286430,EICHERMOT.NS,Eicher Motors,Auto
2026-02-12,7943.0,7968.0,7760.0,7779.5,1107781,EICHERMOT.NS,Eicher Motors,Auto
2026-02-13,8065.0,8119.0,7886.5,7900.0,967939,EICHERMOT.NS,Eicher Motors,Auto
2026-02-16,8010.5,8084.5,7968.5,8078.5,589984,EICHERMOT.NS,Eicher Motors,Auto
2026-02-17,8035.0,8051.5,7925.0,7981.0,266572,EICHERMOT.NS,Eicher Motors,Auto
2026-02-18,8009.5,8043.5,7945.0,8024.0,223326,EICHERMOT.NS,Eicher Motors,Auto
2026-02-19,7897.0,8140.0,7884.0,8036.0,424777,EICHERMOT.NS,Eicher Motors,Auto
2026-02-20,7936.5,7978.0,7885.5,7894.5,264059,EICHERMOT.NS,Eicher Motors,Auto
2026-02-23,8038.5,8057.5,7937.5,7990.0,247249,EICHERMOT.NS,Eicher Motors,Auto
2026-02-24,7929.0,8059.5,7902.0,7990.0,430812,EICHERMOT.NS,Eicher Motors,Auto
2026-02-25,8008.0,8082.0,7772.0,7930.0,618719,EICHERMOT.NS,Eicher Motors,Auto
2026-02-26,8190.0,8225.0,8024.5,8040.0,427401,EICHERMOT.NS,Eicher Motors,Auto
2026-02-27,8010.5,8230.0,7987.0,8220.0,774354,EICHERMOT.NS,Eicher Motors,Auto
2026-03-02,7826.0,7996.5,7715.5,7800.0,494148,EICHERMOT.NS,Eicher Motors,Auto
2026-03-04,7626.5,7705.0,7571.5,7700.0,593728,EICHERMOT.NS,Eicher Motors,Auto
2026-03-05,7755.0,7801.5,7615.0,7705.0,568151,EICHERMOT.NS,Eicher Motors,Auto
2026-03-06,7620.5,7735.0,7603.0,7733.0,366235,EICHERMOT.NS,Eicher Motors,Auto
2026-03-09,7266.0,7517.0,7237.0,7517.0,554984,EICHERMOT.NS,Eicher Motors,Auto
2026-03-10,7536.5,7566.5,7338.5,7380.0,494730,EICHERMOT.NS,Eicher Motors,Auto
2026-03-11,7253.5,7574.0,7227.0,7574.0,621563,EICHERMOT.NS,Eicher Motors,Auto
2026-03-12,6975.5,7227.5,6961.0,7175.0,1259945,EICHERMOT.NS,Eicher Motors,Auto
2026-03-13,6741.0,6942.5,6670.0,6865.0,819255,EICHERMOT.NS,Eicher Motors,Auto
2026-03-16,6827.5,6861.5,6643.5,6701.0,866087,EICHERMOT.NS,Eicher Motors,Auto
2026-03-17,6910.0,6974.5,6770.0,6827.5,555865,EICHERMOT.NS,Eicher Motors,Auto
2026-03-18,7027.5,7068.0,6971.0,6984.0,557181,EICHERMOT.NS,Eicher Motors,Auto
2026-03-19,6793.0,6943.5,6750.0,6929.0,629473,EICHERMOT.NS,Eicher Motors,Auto
2026-03-20,6909.0,6928.0,6802.5,6802.5,575123,EICHERMOT.NS,Eicher Motors,Auto
2026-03-23,6681.5,6831.5,6661.0,6790.0,380052,EICHERMOT.NS,Eicher Motors,Auto
2026-03-24,6871.0,6966.5,6753.0,6800.0,723633,EICHERMOT.NS,Eicher Motors,Auto
2026-03-25,6992.5,7073.0,6904.0,6988.0,490390,EICHERMOT.NS,Eicher Motors,Auto
2026-03-27,6811.5,6916.5,6742.0,6915.0,533428,EICHERMOT.NS,Eicher Motors,Auto
2026-03-30,6586.0,6784.0,6571.5,6730.5,1015357,EICHERMOT.NS,Eicher Motors,Auto
2026-04-01,6825.5,6891.5,6750.0,6787.5,736957,EICHERMOT.NS,Eicher Motors,Auto
2026-04-02,6649.5,6766.0,6585.0,6766.0,660432,EICHERMOT.NS,Eicher Motors,Auto
2026-04-06,6596.0,6710.5,6572.5,6699.0,971230,EICHERMOT.NS,Eicher Motors,Auto
2026-04-07,6605.5,6660.5,6442.0,6550.0,1150553,EICHERMOT.NS,Eicher Motors,Auto
2026-04-08,7131.0,7170.0,6851.5,6899.5,917337,EICHERMOT.NS,Eicher Motors,Auto
2026-04-09,7147.5,7180.5,7037.0,7147.0,648216,EICHERMOT.NS,Eicher Motors,Auto
2026-04-10,7424.0,7435.5,7201.0,7201.0,705365,EICHERMOT.NS,Eicher Motors,Auto
2026-04-13,7050.0,7270.5,7037.0,7150.0,1246861,EICHERMOT.NS,Eicher Motors,Auto
2026-04-15,7128.0,7199.5,7075.0,7160.0,913138,EICHERMOT.NS,Eicher Motors,Auto
2026-04-16,7131.0,7198.5,7052.0,7160.0,573155,EICHERMOT.NS,Eicher Motors,Auto
2026-04-17,7189.5,7200.0,7062.0,7130.5,582841,EICHERMOT.NS,Eicher Motors,Auto
2026-04-20,7243.0,7264.0,7115.0,7160.5,695282,EICHERMOT.NS,Eicher Motors,Auto
2026-04-21,7240.5,7296.0,7215.0,7243.0,353002,EICHERMOT.NS,Eicher Motors,Auto
2026-04-22,7230.0,7267.0,7136.5,7215.0,497850,EICHERMOT.NS,Eicher Motors,Auto
2026-04-23,7092.5,7195.5,7062.0,7195.5,481927,EICHERMOT.NS,Eicher Motors,Auto
2026-04-24,7111.5,7160.0,7049.0,7054.5,413746,EICHERMOT.NS,Eicher Motors,Auto
2026-04-27,7174.0,7214.0,7102.0,7150.0,335662,EICHERMOT.NS,Eicher Motors,Auto
2026-04-28,7071.5,7254.0,7053.0,7170.0,560194,EICHERMOT.NS,Eicher Motors,Auto
2026-04-29,7189.5,7294.0,7099.0,7106.0,522596,EICHERMOT.NS,Eicher Motors,Auto
2026-04-30,7109.0,7146.0,6978.0,7120.0,538501,EICHERMOT.NS,Eicher Motors,Auto
2026-05-01,7109.0,7109.0,7109.0,7109.0,0,EICHERMOT.NS,Eicher Motors,Auto
2026-05-04,7329.0,7348.5,7070.0,7109.0,684364,EICHERMOT.NS,Eicher Motors,Auto
2026-05-05,7301.5,7345.0,7213.5,7325.0,482491,EICHERMOT.NS,Eicher Motors,Auto
2026-05-06,7310.5,7392.0,7175.5,7370.0,403588,EICHERMOT.NS,Eicher Motors,Auto
2026-05-07,7327.5,7471.5,7310.5,7360.5,606372,EICHERMOT.NS,Eicher Motors,Auto
2026-05-08,7302.5,7370.0,7228.0,7299.5,259522,EICHERMOT.NS,Eicher Motors,Auto
2026-05-11,7202.5,7269.0,7159.0,7269.0,320656,EICHERMOT.NS,Eicher Motors,Auto
2026-05-12,7126.0,7275.5,7105.0,7203.5,364492,EICHERMOT.NS,Eicher Motors,Auto
2026-05-13,6971.5,7157.0,6863.0,7125.0,668271,EICHERMOT.NS,Eicher Motors,Auto
2026-05-14,7034.0,7102.0,6842.5,7000.0,447978,EICHERMOT.NS,Eicher Motors,Auto
2026-05-15,7014.5,7115.5,6975.0,7030.0,313548,EICHERMOT.NS,Eicher Motors,Auto
2026-05-18,6913.0,6974.5,6813.0,6970.0,316357,EICHERMOT.NS,Eicher Motors,Auto
2026-05-19,6882.5,6974.0,6860.0,6936.0,406588,EICHERMOT.NS,Eicher Motors,Auto
2026-05-20,,,,,455044,EICHERMOT.NS,Eicher Motors,Auto
