Date,Close,High,Low,Open,Volume,Ticker,Company,Sector
2021-05-21,759.6873168945312,762.9525070174147,753.4426208553775,755.4833646821797,4161547,HCLTECH.NS,HCL Technologies,IT
2021-05-24,761.4424438476562,766.5034992813909,757.279345729583,760.3812668590155,4191877,HCLTECH.NS,HCL Technologies,IT
2021-05-25,767.8095703125,770.4217328273297,763.3607878586255,765.6872162945572,5032874,HCLTECH.NS,HCL Technologies,IT
2021-05-26,772.0545043945312,774.6258625772531,761.2385577723509,767.3199867810937,5017674,HCLTECH.NS,HCL Technologies,IT
2021-05-27,769.2789306640625,781.1152466717624,765.7688108862537,774.6664752625633,9078274,HCLTECH.NS,HCL Technologies,IT
2021-05-28,769.4013671875,775.2787204394247,765.1974640353985,767.3606229905023,4098094,HCLTECH.NS,HCL Technologies,IT
2021-05-31,771.564697265625,773.727856560806,761.2793150020448,768.585190340448,4171524,HCLTECH.NS,HCL Technologies,IT
2021-06-01,776.0540771484375,777.1152539802697,768.9930835355492,773.8500638374954,2944472,HCLTECH.NS,HCL Technologies,IT
2021-06-02,770.3809814453125,776.0542606242366,765.3607304847635,773.0339490635348,3657189,HCLTECH.NS,HCL Technologies,IT
2021-06-03,766.8707885742188,775.3194487862351,764.8708494941089,771.4012302795442,4164240,HCLTECH.NS,HCL Technologies,IT
2021-06-04,764.5034790039062,770.7481753417898,763.0341533428895,767.4013254120213,3550303,HCLTECH.NS,HCL Technologies,IT
2021-06-07,775.1563110351562,777.0746406105973,764.9525893238529,766.5035749531149,3282517,HCLTECH.NS,HCL Technologies,IT
2021-06-08,789.5232543945312,793.4414739308514,776.6665638447258,777.1155176771302,6385642,HCLTECH.NS,HCL Technologies,IT
2021-06-09,792.8699340820312,804.0532223678613,787.8088784538246,794.9923379637215,5521459,HCLTECH.NS,HCL Technologies,IT
2021-06-10,790.6251831054688,801.3187136230227,788.9925875903791,799.5636535151568,3878256,HCLTECH.NS,HCL Technologies,IT
2021-06-11,802.7062377929688,808.1346368484147,792.2168333953399,796.70647026672,4777035,HCLTECH.NS,HCL Technologies,IT
2021-06-14,803.400146484375,806.8694114510578,796.7064958782046,802.4205793527408,2236373,HCLTECH.NS,HCL Technologies,IT
2021-06-15,804.4205932617188,810.5836310457831,802.5839234028537,804.1348591677357,2559001,HCLTECH.NS,HCL Technologies,IT
2021-06-16,799.4819946289062,804.8695395690895,795.0739670794048,803.2777490749442,3138753,HCLTECH.NS,HCL Technologies,IT
2021-06-17,805.196044921875,807.277594024347,798.7880782923615,799.9717198832907,3609989,HCLTECH.NS,HCL Technologies,IT
2021-06-18,796.09423828125,813.603831851186,791.8902856916136,808.1346279399513,5622783,HCLTECH.NS,HCL Technologies,IT
2021-06-21,801.6043090820312,802.7879506638824,784.6661324899212,790.1761417427763,1639495,HCLTECH.NS,HCL Technologies,IT
2021-06-22,800.0533447265625,806.665385898423,796.9106185543641,801.6859401038826,2529648,HCLTECH.NS,HCL Technologies,IT
2021-06-23,794.1760864257812,804.0532690915693,792.6251007999125,804.0532690915693,2395543,HCLTECH.NS,HCL Technologies,IT
2021-06-24,807.8897705078125,811.8895989819514,791.0740095166057,793.4412925614137,4686567,HCLTECH.NS,HCL Technologies,IT
2021-06-25,812.7466430664062,824.4604925110635,807.5223190263065,812.2160297509982,5196000,HCLTECH.NS,HCL Technologies,IT
2021-06-28,804.298095703125,816.2976815870255,803.4001881825218,816.2976815870255,1844159,HCLTECH.NS,HCL Technologies,IT
2021-06-29,802.9103393554688,811.318244911832,800.3798365987806,805.6449663451587,1895170,HCLTECH.NS,HCL Technologies,IT
2021-06-30,802.8286743164062,809.3182500774334,800.7879303552563,800.7879303552563,2682591,HCLTECH.NS,HCL Technologies,IT
2021-07-01,804.4613037109375,806.5020477589105,796.0126432814706,805.6857501397213,2861509,HCLTECH.NS,HCL Technologies,IT
2021-07-02,803.7674560546875,806.1754941292455,797.7268338533394,802.8694987961889,1646631,HCLTECH.NS,HCL Technologies,IT
2021-07-05,799.7677001953125,812.9509284512277,798.3391791691918,809.522468023966,2598033,HCLTECH.NS,HCL Technologies,IT
2021-07-06,793.4821166992188,801.7675577338977,791.9719859835088,799.9716929484222,2486069,HCLTECH.NS,HCL Technologies,IT
2021-07-07,796.17578125,798.0124507047118,783.8905133063868,791.8086093646024,3014899,HCLTECH.NS,HCL Technologies,IT
2021-07-08,797.3595581054688,801.6043159754087,791.8087438860962,795.890232256643,2555624,HCLTECH.NS,HCL Technologies,IT
2021-07-09,797.4004516601562,799.5636606661413,789.0333995704901,793.4414274298003,3218471,HCLTECH.NS,HCL Technologies,IT
2021-07-12,799.5227661132812,802.4614178081475,795.8902315023659,799.9717198690447,2037878,HCLTECH.NS,HCL Technologies,IT
2021-07-13,790.13525390625,802.4205225421472,786.9108684950456,802.4205225421472,2997764,HCLTECH.NS,HCL Technologies,IT
2021-07-14,807.6857299804688,810.5427717916322,790.2577450386588,790.3802096168507,4371180,HCLTECH.NS,HCL Technologies,IT
2021-07-15,848.7454833984375,859.1532784581443,808.7877033811102,810.5835681795128,12701032,HCLTECH.NS,HCL Technologies,IT
2021-07-16,820.3792724609375,856.0923004909534,814.7059929007395,852.949573953457,8665827,HCLTECH.NS,HCL Technologies,IT
2021-07-19,816.4609985351562,831.235967501361,810.1754960570935,820.3792176699033,4644600,HCLTECH.NS,HCL Technologies,IT
2021-07-20,797.6861572265625,826.2565779737685,791.2781901081162,815.4814378988217,10216774,HCLTECH.NS,HCL Technologies,IT
2021-07-22,798.828857421875,801.1961405273073,791.8087175868448,791.8087175868448,6156400,HCLTECH.NS,HCL Technologies,IT
2021-07-23,811.3997192382812,819.4810844596317,802.0939077605349,803.8081624131964,5265839,HCLTECH.NS,HCL Technologies,IT
2021-07-26,816.54248046875,819.5627915575864,805.889806738274,811.3998155460566,2477027,HCLTECH.NS,HCL Technologies,IT
2021-07-27,814.6537475585938,823.0302376489177,807.9607556920513,821.2235358453565,2883514,HCLTECH.NS,HCL Technologies,IT
2021-07-28,807.3448486328125,817.8976012809852,802.5817620871175,817.1174288869946,2952249,HCLTECH.NS,HCL Technologies,IT
2021-07-29,827.46484375,828.6145767899941,809.3568741728985,809.3568741728985,4732101,HCLTECH.NS,HCL Technologies,IT
2021-07-30,841.7130126953125,862.2436008409322,829.3536587798569,831.8994316605113,9330054,HCLTECH.NS,HCL Technologies,IT
2021-08-02,850.2948608398438,853.2512454908909,840.1527201961418,849.1451278513775,2536478,HCLTECH.NS,HCL Technologies,IT
2021-08-03,853.6207275390625,856.4950097909579,840.9328645545,845.860205557749,3359006,HCLTECH.NS,HCL Technologies,IT
2021-08-04,854.0313720703125,860.4369557192107,849.637846223177,854.9757991815878,3122161,HCLTECH.NS,HCL Technologies,IT
2021-08-05,871.44140625,881.1728854480895,848.8987592373442,854.0725077968434,7896314,HCLTECH.NS,HCL Technologies,IT
2021-08-06,862.2435913085938,878.7091629181543,856.536127966014,871.441354844355,11584782,HCLTECH.NS,HCL Technologies,IT
2021-08-09,862.7364501953125,876.0402317552212,856.9467840042871,868.6903209993671,6321578,HCLTECH.NS,HCL Technologies,IT
2021-08-10,873.5355224609375,880.5981257741096,860.6423517557721,864.3378580371661,5871606,HCLTECH.NS,HCL Technologies,IT
2021-08-11,876.204345703125,886.1001286660853,868.1564158041298,879.4892395999409,5011239,HCLTECH.NS,HCL Technologies,IT
2021-08-12,900.4714965820312,904.2902056046248,877.0666286818142,879.5302989871002,6540144,HCLTECH.NS,HCL Technologies,IT
2021-08-13,919.318603515625,923.0141092517141,895.2978162310459,902.5246231026459,7270809,HCLTECH.NS,HCL Technologies,IT
2021-08-16,922.7679443359375,927.4488788897627,915.1305245407234,920.5505804048958,3159376,HCLTECH.NS,HCL Technologies,IT
2021-08-17,938.6173095703125,946.0083206793042,913.652196688655,919.1543537487694,5295838,HCLTECH.NS,HCL Technologies,IT
2021-08-18,931.472900390625,950.8948592491447,929.2966377262452,950.8948592491447,4871006,HCLTECH.NS,HCL Technologies,IT
2021-08-20,917.5941162109375,936.8107673862116,909.2586771047996,909.5050842693222,3467046,HCLTECH.NS,HCL Technologies,IT
2021-08-23,955.1650390625,967.5654939443934,924.738768336236,927.1613375783143,9383780,HCLTECH.NS,HCL Technologies,IT
2021-08-24,946.7886962890625,963.295270386954,944.4071278303471,959.1480511615866,3947317,HCLTECH.NS,HCL Technologies,IT
2021-08-25,947.9793701171875,960.74943621945,936.4412395677386,952.5372008474519,3447912,HCLTECH.NS,HCL Technologies,IT
2021-08-26,958.7373657226562,962.473972866292,948.5131729185728,952.5371882470237,4654833,HCLTECH.NS,HCL Technologies,IT
2021-08-27,955.0416870117188,960.6260460789601,952.208506457409,958.737192211424,3050466,HCLTECH.NS,HCL Technologies,IT
2021-08-30,955.4115600585938,961.1190240023017,948.143751219326,955.9042741711334,2956868,HCLTECH.NS,HCL Technologies,IT
2021-08-31,970.9327392578125,980.0483015146451,954.3029607261624,957.546753970563,7199002,HCLTECH.NS,HCL Technologies,IT
2021-09-01,956.4380493164062,977.666658517466,954.0564809178211,977.2560467331243,3200410,HCLTECH.NS,HCL Technologies,IT
2021-09-02,963.0900268554688,970.6863455494897,947.6920835567776,962.4741091235211,5224479,HCLTECH.NS,HCL Technologies,IT
2021-09-03,964.7324829101562,969.5366212136125,951.1822926841357,963.705953347579,4533364,HCLTECH.NS,HCL Technologies,IT
2021-09-06,985.5914306640625,993.762564614848,964.116415499405,964.9376390219769,4331916,HCLTECH.NS,HCL Technologies,IT
2021-09-07,970.8502197265625,997.7452848672159,969.1256707135069,996.9651627710932,3721585,HCLTECH.NS,HCL Technologies,IT
2021-09-08,976.2705688476562,978.2004240864097,958.4089571381278,973.1498793467267,3118518,HCLTECH.NS,HCL Technologies,IT
2021-09-09,984.2776489257812,989.5334001048162,971.5075810289981,978.8985939024224,3388292,HCLTECH.NS,HCL Technologies,IT
2021-09-13,992.3666381835938,997.7866940028465,966.1284834893789,978.8985508241918,3723138,HCLTECH.NS,HCL Technologies,IT
2021-09-14,1017.2085571289062,1018.8099029319333,991.2168120574502,998.6078239120625,5593286,HCLTECH.NS,HCL Technologies,IT
2021-09-15,1045.623046875,1058.5162185067493,1010.3104287594492,1017.2087276965444,6063895,HCLTECH.NS,HCL Technologies,IT
2021-09-16,1037.2872314453125,1063.730684435034,1030.7995466925581,1057.0786948580485,3616292,HCLTECH.NS,HCL Technologies,IT
2021-09-17,1037.4515380859375,1051.9871518416257,1033.5096257554146,1038.8475777358756,4817180,HCLTECH.NS,HCL Technologies,IT
2021-09-20,1048.00439453125,1066.6051269436296,1026.5293798552757,1033.0991678863493,5453683,HCLTECH.NS,HCL Technologies,IT
2021-09-21,1067.1800537109375,1079.9090193381167,1048.7025229618062,1058.5572060280094,4645597,HCLTECH.NS,HCL Technologies,IT
2021-09-22,1080.3194580078125,1091.1185665200053,1067.261984988192,1067.5904944204913,5367303,HCLTECH.NS,HCL Technologies,IT
2021-09-23,1090.8311767578125,1097.5240678496536,1079.0055387246052,1089.6403425765175,3037295,HCLTECH.NS,HCL Technologies,IT
2021-09-24,1115.3856201171875,1131.440578237798,1097.9757235376053,1100.4393938222822,7951730,HCLTECH.NS,HCL Technologies,IT
2021-09-27,1063.64892578125,1123.3929516211008,1059.4197038060238,1121.7916054602904,7653504,HCLTECH.NS,HCL Technologies,IT
2021-09-28,1042.1326904296875,1071.6556371086174,1029.8143371149158,1071.6556371086174,8572321,HCLTECH.NS,HCL Technologies,IT
2021-09-29,1052.151611328125,1068.7813888346777,1033.7562833209608,1042.953947324543,4639821,HCLTECH.NS,HCL Technologies,IT
2021-09-30,1050.796630859375,1060.5691108821927,1042.0094787482587,1060.5691108821927,3589722,HCLTECH.NS,HCL Technologies,IT
2021-10-01,1046.033447265625,1054.4509882544162,1035.2754393195967,1046.2387531434003,3372796,HCLTECH.NS,HCL Technologies,IT
2021-10-04,1050.0574951171875,1062.3347468904842,1046.0334797384671,1052.397962147082,2706626,HCLTECH.NS,HCL Technologies,IT
2021-10-05,1071.820068359375,1078.7593681128562,1036.5484523938858,1042.954036971736,3710314,HCLTECH.NS,HCL Technologies,IT
2021-10-06,1047.429443359375,1083.8917857777778,1044.4320578667357,1077.4452015344616,2861608,HCLTECH.NS,HCL Technologies,IT
2021-10-07,1072.764404296875,1082.2494765121999,1054.492179613872,1054.492179613872,2421641,HCLTECH.NS,HCL Technologies,IT
2021-10-08,1085.7806396484375,1098.7970117032942,1062.7042800051165,1072.7642675935808,5197831,HCLTECH.NS,HCL Technologies,IT
2021-10-11,1069.971923828125,1088.0388375460864,1014.74465348572,1067.590356061359,5264998,HCLTECH.NS,HCL Technologies,IT
2021-10-12,1026.81689453125,1074.9816780789988,1015.2787632531749,1073.2981296226187,12811641,HCLTECH.NS,HCL Technologies,IT
2021-10-13,1039.1351318359375,1043.610860042605,1021.1503172029905,1037.2052766674703,5705730,HCLTECH.NS,HCL Technologies,IT
2021-10-14,1027.4737548828125,1062.0472425954597,1021.6430883500152,1058.8855523150771,10360519,HCLTECH.NS,HCL Technologies,IT
2021-10-18,1003.042236328125,1045.006730157753,997.7863867518034,1018.3169708413467,23861603,HCLTECH.NS,HCL Technologies,IT
2021-10-19,1011.8294677734375,1028.9930592013782,1005.9988008952022,1010.1049184498764,10189780,HCLTECH.NS,HCL Technologies,IT
2021-10-20,1012.4864501953125,1037.5337663762277,1002.221156678544,1017.4958933820942,8222562,HCLTECH.NS,HCL Technologies,IT
2021-10-21,1002.3856811523438,1025.7336209933053,984.4194457400614,1025.7336209933053,5998795,HCLTECH.NS,HCL Technologies,IT
2021-10-22,988.5588989257812,1012.8588817974169,981.9353887152232,996.2173326067389,3812305,HCLTECH.NS,HCL Technologies,IT
2021-10-25,964.8798828125,985.247156764192,958.0493878181264,980.3209614070697,6690819,HCLTECH.NS,HCL Technologies,IT
2021-10-26,966.0391845703125,978.6238158876786,954.8205716349114,968.6885487213062,5126660,HCLTECH.NS,HCL Technologies,IT
2021-10-27,974.60791015625,978.0852117316518,961.6506512922612,968.6881291536338,3536653,HCLTECH.NS,HCL Technologies,IT
2021-10-28,953.7855224609375,981.1075035730997,949.4802810154182,979.7000480031129,4096585,HCLTECH.NS,HCL Technologies,IT
2021-10-29,946.9550170898438,971.172227362961,942.1943689164959,953.785512295082,3558520,HCLTECH.NS,HCL Technologies,IT
2021-11-01,984.5848999023438,986.4477624281933,946.7481325817913,946.7481325817913,4511112,HCLTECH.NS,HCL Technologies,IT
2021-11-02,969.2268676757812,989.4699369919105,967.7365369612535,986.0754071052397,3016082,HCLTECH.NS,HCL Technologies,IT
2021-11-03,973.9459838867188,983.3430709514165,970.0960474757493,972.828286494313,2063067,HCLTECH.NS,HCL Technologies,IT
2021-11-04,979.534423828125,982.8876165651702,975.3119559469684,981.1075278413902,256369,HCLTECH.NS,HCL Technologies,IT
2021-11-08,979.3276977539062,987.5657520480929,967.4882298257434,983.1361972198414,3808317,HCLTECH.NS,HCL Technologies,IT
2021-11-09,971.0066528320312,986.0750983754698,969.060915823149,983.5912820067658,3565461,HCLTECH.NS,HCL Technologies,IT
2021-11-10,967.9848022460938,972.8282246832922,962.1477924712891,963.7208966224273,2401325,HCLTECH.NS,HCL Technologies,IT
2021-11-11,960.9886474609375,966.867094545071,953.9926041341737,965.376764088042,2861259,HCLTECH.NS,HCL Technologies,IT
2021-11-12,970.6340942382812,975.4361800130613,962.8928861749889,967.7777456217297,3812518,HCLTECH.NS,HCL Technologies,IT
2021-11-15,969.3923950195312,978.2927396100027,963.307063350099,969.5166060876373,3619915,HCLTECH.NS,HCL Technologies,IT
2021-11-16,963.2242431640625,973.2422847503502,960.781762498467,969.4337856018572,3141207,HCLTECH.NS,HCL Technologies,IT
2021-11-17,954.1581420898438,964.3418309567869,952.1297322174757,960.8230906420702,3172985,HCLTECH.NS,HCL Technologies,IT
2021-11-18,927.4569702148438,956.2692798526874,921.9098208796255,950.4737084596409,5384530,HCLTECH.NS,HCL Technologies,IT
2021-11-22,919.0950317382812,932.1350705350008,912.3887462847508,927.4571951342524,3961223,HCLTECH.NS,HCL Technologies,IT
2021-11-23,921.1649169921875,927.2916858441553,902.4535156876154,914.8726007658854,4545069,HCLTECH.NS,HCL Technologies,IT
2021-11-24,926.8360595703125,937.764912492251,921.4544573102914,927.2914663420909,2675632,HCLTECH.NS,HCL Technologies,IT
2021-11-25,931.265625,936.398805256403,919.8400288592959,924.3936923685004,3106454,HCLTECH.NS,HCL Technologies,IT
2021-11-26,919.0535888671875,932.2591735002799,913.4650014594371,927.2915402489461,2207274,HCLTECH.NS,HCL Technologies,IT
2021-11-29,938.1790161132812,947.9900721929296,910.8155941267711,911.6435330544506,3661152,HCLTECH.NS,HCL Technologies,IT
2021-11-30,942.7327270507812,958.6705522004062,938.0548516636414,938.0548516636414,7421904,HCLTECH.NS,HCL Technologies,IT
2021-12-01,957.6768798828125,962.8929353505381,948.1555825857091,948.8179741287332,2918586,HCLTECH.NS,HCL Technologies,IT
2021-12-02,980.8590087890625,982.2665653214582,954.6133905172372,961.9820656964172,4011279,HCLTECH.NS,HCL Technologies,IT
2021-12-03,969.8473510742188,984.9985676706111,968.3984584423198,983.5911123977438,2571036,HCLTECH.NS,HCL Technologies,IT
2021-12-06,940.9939575195312,970.8825303351282,939.5864008088623,968.6056984561917,2493755,HCLTECH.NS,HCL Technologies,IT
2021-12-07,951.840087890625,956.2695413101792,936.7302011989274,952.1298463261525,2299958,HCLTECH.NS,HCL Technologies,IT
2021-12-08,970.0130615234375,978.2924493839427,957.9666128264502,958.2563711882186,2525711,HCLTECH.NS,HCL Technologies,IT
2021-12-09,967.4881591796875,976.8024729326045,956.2695452994653,976.8024729326045,1734844,HCLTECH.NS,HCL Technologies,IT
2021-12-10,962.23046875,966.2046155646273,956.434896934274,956.434896934274,957733,HCLTECH.NS,HCL Technologies,IT
2021-12-13,959.6639404296875,971.5448432041951,954.8205181706367,965.3767389438217,2225682,HCLTECH.NS,HCL Technologies,IT
2021-12-14,962.3548583984375,965.2940822200542,948.4041067232823,957.0974660603356,1972685,HCLTECH.NS,HCL Technologies,IT
2021-12-15,951.2188720703125,962.0234123674522,945.7544964073833,958.9600793483577,1604301,HCLTECH.NS,HCL Technologies,IT
2021-12-16,960.2019653320312,966.949686358017,951.7570305085562,957.0971950194681,2121810,HCLTECH.NS,HCL Technologies,IT
2021-12-17,969.8473510742188,979.3686455124125,964.5485235213565,970.3440940489526,6373455,HCLTECH.NS,HCL Technologies,IT
2021-12-20,960.3263549804688,970.6341539087525,948.4040145492992,960.4091286575182,3091768,HCLTECH.NS,HCL Technologies,IT
2021-12-21,997.666259765625,1005.9042104465337,964.5901449411737,967.7776891262451,6217986,HCLTECH.NS,HCL Technologies,IT
2021-12-22,1012.4036865234375,1015.0530504699028,1001.8888022773742,1008.4295395369834,3809814,HCLTECH.NS,HCL Technologies,IT
2021-12-23,1016.25341796875,1018.9442190113873,1006.4423636112522,1018.2819286255549,2814281,HCLTECH.NS,HCL Technologies,IT
2021-12-24,1047.5081787109375,1062.907921970252,1031.7360044675147,1044.9830258919553,15952929,HCLTECH.NS,HCL Technologies,IT
2021-12-27,1049.1641845703125,1057.2780266107898,1038.276868360348,1049.8265761491632,3372907,HCLTECH.NS,HCL Technologies,IT
2021-12-28,1062.9908447265625,1067.2133131844587,1051.482473036666,1051.482473036666,3446067,HCLTECH.NS,HCL Technologies,IT
2021-12-29,1069.6141357421875,1075.492480897872,1057.3606013067988,1062.2454603479366,2254162,HCLTECH.NS,HCL Technologies,IT
2021-12-30,1090.43701171875,1098.2195568325724,1061.997228527628,1069.6143273483833,4518139,HCLTECH.NS,HCL Technologies,IT
2021-12-31,1092.13427734375,1100.703425487394,1083.7306765677363,1092.8794426316254,2231508,HCLTECH.NS,HCL Technologies,IT
2022-01-03,1097.97119140625,1109.3553512704452,1087.994487244015,1089.857349767247,2661272,HCLTECH.NS,HCL Technologies,IT
2022-01-04,1104.0150146484375,1106.7058159000735,1082.3230572927184,1100.7446966308428,3367100,HCLTECH.NS,HCL Technologies,IT
2022-01-05,1085.2208251953125,1101.158647728221,1077.976360407627,1100.3307088953427,3510253,HCLTECH.NS,HCL Technologies,IT
2022-01-06,1063.8187255859375,1074.4991577374221,1057.2779879841164,1068.0411938132422,4409632,HCLTECH.NS,HCL Technologies,IT
2022-01-07,1068.49658203125,1075.0786558238758,1061.5832114003072,1074.2921542998422,3898684,HCLTECH.NS,HCL Technologies,IT
2022-01-10,1066.468017578125,1080.3359933820277,1059.7617330743647,1080.3359933820277,2529949,HCLTECH.NS,HCL Technologies,IT
2022-01-11,1112.460205078125,1116.0617193448531,1059.7618700010476,1066.9235622265173,6772189,HCLTECH.NS,HCL Technologies,IT
2022-01-12,1119.4976806640625,1123.5959380735653,1102.3179473102539,1121.0293475208075,3162044,HCLTECH.NS,HCL Technologies,IT
2022-01-13,1104.6773681640625,1125.5000496547789,1093.8313898591819,1109.4380163686294,4598005,HCLTECH.NS,HCL Technologies,IT
2022-01-14,1107.1201171875,1111.880766982805,1070.5252496224784,1092.8796051830407,5636243,HCLTECH.NS,HCL Technologies,IT
2022-01-17,1042.16796875,1053.9660966981132,1029.4591283315226,1053.9660966981132,11973283,HCLTECH.NS,HCL Technologies,IT
2022-01-18,1009.87841796875,1051.4409080458656,1007.6015861184413,1051.4409080458656,7799487,HCLTECH.NS,HCL Technologies,IT
2022-01-19,992.8643188476562,1010.4994583842215,986.0752600865283,1010.0854889215486,8464215,HCLTECH.NS,HCL Technologies,IT
2022-01-20,981.300537109375,1003.0497415486917,976.833838657805,1001.8808601618513,6172404,HCLTECH.NS,HCL Technologies,IT
2022-01-21,975.12255859375,985.0579006367251,964.3106316719562,981.3008462276136,5514748,HCLTECH.NS,HCL Technologies,IT
2022-01-24,939.1802368164062,972.2422989032989,927.5750915256033,970.5724967583383,5878438,HCLTECH.NS,HCL Technologies,IT
2022-01-25,938.17822265625,951.4949548942348,908.7062782007902,930.9146246476233,4725254,HCLTECH.NS,HCL Technologies,IT
2022-01-27,899.8145141601562,931.707690225721,893.5109711138423,930.9145750763852,8304735,HCLTECH.NS,HCL Technologies,IT
2022-01-28,902.0686645507812,920.2277596876725,899.397022354759,900.8580989749687,7654724,HCLTECH.NS,HCL Technologies,IT
2022-01-31,917.8903198242188,930.0380700776038,912.4216766732271,918.933946233443,7572995,HCLTECH.NS,HCL Technologies,IT
2022-02-01,945.7760009765625,948.8650942607344,919.4348306683975,932.3340118166816,6783774,HCLTECH.NS,HCL Technologies,IT
2022-02-02,977.62744140625,980.0486750764834,946.1934952664693,954.2085257639299,6982539,HCLTECH.NS,HCL Technologies,IT
2022-02-03,965.7719116210938,977.5439975302717,960.9712299769863,970.1551426874527,4169794,HCLTECH.NS,HCL Technologies,IT
2022-02-04,971.657958984375,974.4130715155376,949.5747633294427,968.4852939788228,3625482,HCLTECH.NS,HCL Technologies,IT
2022-02-07,966.272705078125,977.961319720593,956.7965985905934,965.9805100953896,3824483,HCLTECH.NS,HCL Technologies,IT
2022-02-08,970.1129760742188,976.7087129970146,958.9253865152289,967.6082735908739,3267641,HCLTECH.NS,HCL Technologies,IT
2022-02-09,985.9346313476562,992.6973092019555,973.4945858111691,978.5039919131134,3772972,HCLTECH.NS,HCL Technologies,IT
2022-02-10,993.8244018554688,995.1185391941113,980.2572603749123,989.3159159955276,2053245,HCLTECH.NS,HCL Technologies,IT
2022-02-11,971.5744018554688,984.3484298801116,966.8572920157349,984.3484298801116,3912397,HCLTECH.NS,HCL Technologies,IT
2022-02-14,957.1720581054688,972.1168040065288,946.443602348962,947.9046788660593,3243813,HCLTECH.NS,HCL Technologies,IT
2022-02-15,975.623779296875,980.1739497963075,958.5499896346785,963.0584762266104,3000492,HCLTECH.NS,HCL Technologies,IT
2022-02-16,974.9974365234375,987.3956960912924,968.4851679036416,983.5133860262843,1885868,HCLTECH.NS,HCL Technologies,IT
2022-02-17,971.0316772460938,980.1738026971025,968.4851883548884,980.1738026971025,1644055,HCLTECH.NS,HCL Technologies,IT
2022-02-18,972.6597290039062,976.9177040007686,960.219682901989,962.5156608030712,2166690,HCLTECH.NS,HCL Technologies,IT
2022-02-21,972.4507446289062,976.4165235831774,960.3028967497072,962.724129547215,1706058,HCLTECH.NS,HCL Technologies,IT
2022-02-22,959.7603149414062,963.6008384763169,945.1077642258551,945.1077642258551,3254855,HCLTECH.NS,HCL Technologies,IT
2022-02-23,962.640869140625,967.6502752246179,958.508149887982,965.1455721826214,1937649,HCLTECH.NS,HCL Technologies,IT
2022-02-24,917.1806030273438,947.5709201707372,911.7119603010093,923.4005751766632,5469084,HCLTECH.NS,HCL Technologies,IT
2022-02-25,943.1876220703125,952.622044168341,930.914618096144,931.4155383144847,3213276,HCLTECH.NS,HCL Technologies,IT
2022-02-28,940.8916625976562,946.1933656016216,924.2354280352176,934.7551604913173,4571884,HCLTECH.NS,HCL Technologies,IT
2022-03-02,931.3740844726562,938.9716650912752,925.9054407870101,938.9716650912752,3867328,HCLTECH.NS,HCL Technologies,IT
2022-03-03,951.5365600585938,961.8058823819232,935.5065027855425,939.2635570135968,3969380,HCLTECH.NS,HCL Technologies,IT
2022-03-04,950.4931640625,964.1855631705845,937.3017871727823,941.7684878978343,3522375,HCLTECH.NS,HCL Technologies,IT
2022-03-07,963.6426391601562,969.6539871715676,927.1575082816811,927.5749587581698,5249845,HCLTECH.NS,HCL Technologies,IT
2022-03-08,981.2592163085938,984.8492295692606,964.3106847195976,965.1455857453288,3805165,HCLTECH.NS,HCL Technologies,IT
2022-03-09,987.4373779296875,997.7067010586997,969.4035366034999,985.183185982649,3781326,HCLTECH.NS,HCL Technologies,IT
2022-03-10,995.3273315429688,1000.3784218693256,981.0087578010982,1000.3784218693256,3834327,HCLTECH.NS,HCL Technologies,IT
2022-03-11,996.4124755859375,1007.8506794934851,982.0940061489799,985.1830988278099,2770879,HCLTECH.NS,HCL Technologies,IT
2022-03-14,1004.2605590820312,1014.2376863039232,983.2210965003579,996.4124699894139,5740660,HCLTECH.NS,HCL Technologies,IT
2022-03-15,982.5531005859375,1013.8202003392099,975.2477177346982,1007.7253830223877,3003066,HCLTECH.NS,HCL Technologies,IT
2022-03-16,1001.4636840820312,1004.3440515772285,989.3576203728278,993.6573806252826,1894018,HCLTECH.NS,HCL Technologies,IT
2022-03-17,999.2930297851562,1014.4047175396646,994.2001540557309,1014.4047175396646,6987787,HCLTECH.NS,HCL Technologies,IT
2022-03-21,975.2061767578125,1010.1467640464444,972.7431575998958,1001.7977538500388,4046440,HCLTECH.NS,HCL Technologies,IT
2022-03-22,982.177734375,986.6444351493177,970.4056485297649,976.8343466255144,4516870,HCLTECH.NS,HCL Technologies,IT
2022-03-23,985.7676391601562,994.2419052885978,976.8342385994471,993.5322597720872,2338886,HCLTECH.NS,HCL Technologies,IT
2022-03-24,995.285400390625,996.8717325762059,975.9992088622988,975.9992088622988,2351703,HCLTECH.NS,HCL Technologies,IT
2022-03-25,984.6405029296875,1001.0463284455869,981.3426846493333,1001.0463284455869,2489854,HCLTECH.NS,HCL Technologies,IT
2022-03-28,971.782958984375,991.5283876276009,966.9822783292194,989.274195738786,3406258,HCLTECH.NS,HCL Technologies,IT
2022-03-29,974.913818359375,981.0086361848745,971.5325305931365,974.3294284491476,2443230,HCLTECH.NS,HCL Technologies,IT
2022-03-30,972.8265991210938,986.811190794729,970.2384264185521,982.9706665990259,3073672,HCLTECH.NS,HCL Technologies,IT
2022-03-31,971.6161499023438,980.8418477744088,969.3201718896852,980.8418477744088,3006639,HCLTECH.NS,HCL Technologies,IT
2022-04-01,976.5419921875,980.1737912179718,961.8477547127026,969.3200780273129,2479745,HCLTECH.NS,HCL Technologies,IT
2022-04-04,991.0692138671875,992.6554441395367,975.1643099965714,979.5057541716891,2282137,HCLTECH.NS,HCL Technologies,IT
2022-04-05,998.0823364257812,1004.3858795955449,988.6062306799212,993.5321668484609,2634464,HCLTECH.NS,HCL Technologies,IT
2022-04-06,977.2514038085938,997.6230040748104,974.7467013639755,993.5319696986131,2838968,HCLTECH.NS,HCL Technologies,IT
2022-04-07,979.5894775390625,985.8094498159218,970.9899556518459,973.1606780756509,3391918,HCLTECH.NS,HCL Technologies,IT
2022-04-08,972.951904296875,985.1832248874907,970.6142425403407,984.3483238494505,2656091,HCLTECH.NS,HCL Technologies,IT
2022-04-11,946.3602905273438,971.8247712164341,944.8992137664942,971.8247712164341,5679058,HCLTECH.NS,HCL Technologies,IT
2022-04-12,944.3982543945312,953.206398494806,934.7134235074407,943.2711584662127,2906617,HCLTECH.NS,HCL Technologies,IT
2022-04-13,939.3471069335938,954.375325129047,937.5938351941163,947.6126473244185,1971580,HCLTECH.NS,HCL Technologies,IT
2022-04-18,919.8521728515625,929.0360838126401,905.533600378921,926.7401060723707,4391701,HCLTECH.NS,HCL Technologies,IT
2022-04-19,893.552734375,931.7076667089714,883.9513735291112,931.6659828117868,3422431,HCLTECH.NS,HCL Technologies,IT
2022-04-20,909.5411376953125,914.0496233195813,888.9190225728715,897.5185433361365,2573318,HCLTECH.NS,HCL Technologies,IT
2022-04-21,917.7232055664062,922.6074583069988,902.611516744285,914.2166618765469,2547848,HCLTECH.NS,HCL Technologies,IT
2022-04-22,920.102783203125,947.5709474174314,902.6115442898437,907.2035002658888,9567571,HCLTECH.NS,HCL Technologies,IT
2022-04-25,909.9169921875,916.7214569002798,899.4390439712762,915.8030860244188,3565801,HCLTECH.NS,HCL Technologies,IT
2022-04-26,913.6322021484375,924.2354040479196,905.9093679231048,921.7307010559199,3213714,HCLTECH.NS,HCL Technologies,IT
2022-04-27,914.7177124023438,918.3078282429153,897.1847876227718,907.5375826378486,3288792,HCLTECH.NS,HCL Technologies,IT
2022-04-28,927.3653564453125,935.684098573162,911.067535335712,926.9409329412185,5202061,HCLTECH.NS,HCL Technologies,IT
2022-04-29,916.1181030273438,934.1561013496333,911.9587321021655,928.6385959804625,2988180,HCLTECH.NS,HCL Technologies,IT
2022-05-02,905.6348876953125,918.452456709319,901.4755166592391,910.812833686783,2584604,HCLTECH.NS,HCL Technologies,IT
2022-05-04,887.0027465820312,913.359490808074,879.2358784169465,913.2746268208388,3385725,HCLTECH.NS,HCL Technologies,IT
2022-05-05,910.006591796875,912.6803773159954,888.8277940895997,898.9290954898264,2982126,HCLTECH.NS,HCL Technologies,IT
2022-05-06,891.4589233398438,896.9340477116622,873.4209277183115,891.2043314554107,4075606,HCLTECH.NS,HCL Technologies,IT
2022-05-09,913.4442138671875,919.2164147750846,877.7926407300984,886.1962465505012,4207192,HCLTECH.NS,HCL Technologies,IT
2022-05-10,910.4308471679688,920.9989503581131,905.380145591371,910.8127868518483,2473518,HCLTECH.NS,HCL Technologies,IT
2022-05-11,900.541748046875,916.1605526171705,894.7271671756515,907.4173876033223,2895668,HCLTECH.NS,HCL Technologies,IT
2022-05-12,899.2684936523438,909.0726139071432,885.98401795277,891.3741754459734,3195189,HCLTECH.NS,HCL Technologies,IT
2022-05-13,893.1144409179688,915.0571163515741,887.1300277910653,908.2663399779075,2496626,HCLTECH.NS,HCL Technologies,IT
2022-05-16,886.6633911132812,905.6774856461357,882.9708228692878,894.6849557681389,1415370,HCLTECH.NS,HCL Technologies,IT
2022-05-17,919.2166137695312,921.8480192516906,887.3423613431856,898.2500266666931,2620776,HCLTECH.NS,HCL Technologies,IT
2022-05-18,911.4070434570312,931.4822970745635,908.9454698874817,919.7682698619012,2865869,HCLTECH.NS,HCL Technologies,IT
2022-05-19,856.8261108398438,898.3347463909436,852.7516041331185,895.6183740467901,4729354,HCLTECH.NS,HCL Technologies,IT
2022-05-20,873.336181640625,878.1321877299904,863.1075860458842,873.4635294095314,2005622,HCLTECH.NS,HCL Technologies,IT
2022-05-23,864.3809204101562,880.2543702353183,861.3675238151294,868.3705118136264,2285466,HCLTECH.NS,HCL Technologies,IT
2022-05-24,841.843994140625,867.8611748547587,837.8119709773601,867.5640473254448,3418456,HCLTECH.NS,HCL Technologies,IT
2022-05-25,827.1589965820312,842.7353188179881,817.439687752049,842.0562515576664,3904551,HCLTECH.NS,HCL Technologies,IT
2022-05-26,832.464111328125,836.9629892451288,822.5750248591874,829.3233676394431,4278059,HCLTECH.NS,HCL Technologies,IT
2022-05-27,852.1575927734375,857.7175307100955,839.5097507292421,839.5097507292421,2795530,HCLTECH.NS,HCL Technologies,IT
2022-05-30,882.716064453125,894.133015781897,862.131523573775,864.9751404559835,3562969,HCLTECH.NS,HCL Technologies,IT
2022-05-31,883.4375,887.7242187236096,866.2059165593554,887.0450996877252,5185485,HCLTECH.NS,HCL Technologies,IT
2022-06-01,864.0414428710938,887.4271171965422,858.6512329558003,883.4375774631993,2554081,HCLTECH.NS,HCL Technologies,IT
2022-06-02,882.5462646484375,890.3557199294856,855.0436504350097,858.5239545369668,3560227,HCLTECH.NS,HCL Technologies,IT
2022-06-03,885.3474731445312,907.9692677506964,882.9706599569361,894.642306894364,3556955,HCLTECH.NS,HCL Technologies,IT
2022-06-06,880.5090942382812,889.0399449951859,866.8001935351363,881.103245730952,1997494,HCLTECH.NS,HCL Technologies,IT
2022-06-07,868.2857055664062,877.4956757317805,860.0094464724426,874.312499157179,1839248,HCLTECH.NS,HCL Technologies,IT
2022-06-08,874.482177734375,877.5381099686103,862.4285912336401,868.4553844840075,1665512,HCLTECH.NS,HCL Technologies,IT
2022-06-09,873.16650390625,875.7554251341537,858.77853662028,870.0257077750116,1654005,HCLTECH.NS,HCL Technologies,IT
2022-06-10,861.876708984375,869.0070439146562,855.8074845252772,859.0330924948787,2260855,HCLTECH.NS,HCL Technologies,IT
2022-06-13,841.8863525390625,850.5446013579,833.9920866608151,845.4515199126431,1738804,HCLTECH.NS,HCL Technologies,IT
2022-06-14,846.215576171875,849.6533960833856,830.2996952764478,838.6608173163756,2461791,HCLTECH.NS,HCL Technologies,IT
2022-06-15,840.2738037109375,854.7890690656029,838.6609734228557,839.5098205619477,2408630,HCLTECH.NS,HCL Technologies,IT
2022-06-16,819.0948486328125,854.7888513796652,816.29366414908,854.7888513796652,3198618,HCLTECH.NS,HCL Technologies,IT
2022-06-17,813.8321533203125,817.5671012666577,801.3540906467447,808.4419949843178,4302066,HCLTECH.NS,HCL Technologies,IT
2022-06-20,814.9354858398438,819.9861354417848,808.1871423757045,819.1372885106856,1305407,HCLTECH.NS,HCL Technologies,IT
2022-06-21,837.472412109375,848.7621184228657,817.9914153109635,824.8246231573602,2128325,HCLTECH.NS,HCL Technologies,IT
2022-06-22,815.9966430664062,831.0212459235557,814.171653029809,830.1299669001467,2575065,HCLTECH.NS,HCL Technologies,IT
2022-06-23,824.4426879882812,829.7479819907799,813.7047522034194,816.6757168448186,2169033,HCLTECH.NS,HCL Technologies,IT
2022-06-24,820.58056640625,835.7324676079534,814.8932800274875,835.2656120281748,1922313,HCLTECH.NS,HCL Technologies,IT
2022-06-27,842.353271484375,854.6191205850362,835.4351997520247,837.0904617084301,3626024,HCLTECH.NS,HCL Technologies,IT
2022-06-28,850.5022583007812,854.7889252701748,834.6288091081424,840.2736623573151,2702471,HCLTECH.NS,HCL Technologies,IT
2022-06-29,838.2787475585938,849.0591135739704,836.1141983207807,836.1990622871642,3150015,HCLTECH.NS,HCL Technologies,IT
2022-06-30,826.1403198242188,845.9184440134646,823.3391351638547,840.3585066796574,3741119,HCLTECH.NS,HCL Technologies,IT
2022-07-01,827.9229125976562,833.1009104576083,818.4582994976502,818.7129432393996,2827579,HCLTECH.NS,HCL Technologies,IT
2022-07-04,835.77490234375,839.9342741979976,826.3102874897875,827.923066026083,2738846,HCLTECH.NS,HCL Technologies,IT
2022-07-05,833.6950073242188,851.0963688528127,830.5542634181328,838.1514535693465,2476050,HCLTECH.NS,HCL Technologies,IT
2022-07-06,837.472412109375,847.9981354149048,831.9124747365744,833.5677367141507,2998254,HCLTECH.NS,HCL Technologies,IT
2022-07-07,840.2311401367188,849.6109404644662,836.071821130776,846.3004166064958,2985141,HCLTECH.NS,HCL Technologies,IT
2022-07-08,834.883544921875,847.9982428229314,831.1486488119673,847.9982428229314,3141642,HCLTECH.NS,HCL Technologies,IT
2022-07-11,800.9296264648438,831.1486126361664,797.9162297887144,827.6258766425495,5787815,HCLTECH.NS,HCL Technologies,IT
2022-07-12,787.560302734375,805.1738794715466,784.6742537764021,793.6720120123083,5305354,HCLTECH.NS,HCL Technologies,IT
2022-07-13,779.0294189453125,794.5208783795288,768.2066185186683,789.4277958258139,12874342,HCLTECH.NS,HCL Technologies,IT
2022-07-14,766.5088500976562,787.3480338330937,757.4261767279527,786.1596791046948,4916497,HCLTECH.NS,HCL Technologies,IT
2022-07-15,749.6593017578125,768.2065892948838,744.7359473622349,760.5669657549347,5591590,HCLTECH.NS,HCL Technologies,IT
2022-07-18,764.2169189453125,770.3286275089378,754.4976107487252,759.7180403531673,5156225,HCLTECH.NS,HCL Technologies,IT
2022-07-19,763.7019653320312,770.3973299777832,759.6675621507947,763.95946928159,4636293,HCLTECH.NS,HCL Technologies,IT
2022-07-20,787.4791259765625,788.680828514912,768.3371786329024,776.4918020225796,4827089,HCLTECH.NS,HCL Technologies,IT
2022-07-21,793.5306396484375,795.6765929968343,784.174262092852,790.5692135493622,3498709,HCLTECH.NS,HCL Technologies,IT
2022-07-22,789.9253540039062,799.9255166330097,780.2685648351543,797.7795634843982,3514659,HCLTECH.NS,HCL Technologies,IT
2022-07-25,798.8526611328125,800.0114550521158,784.5605900403797,789.9254737250103,2120224,HCLTECH.NS,HCL Technologies,IT
2022-07-26,784.1314697265625,797.9943513685097,782.0713332501767,797.0071917253566,2780103,HCLTECH.NS,HCL Technologies,IT
2022-07-27,796.9642944335938,797.7368063296097,782.0713443422283,782.9297258209889,1742497,HCLTECH.NS,HCL Technologies,IT
2022-07-28,812.1146240234375,814.6039510474939,800.6123446637444,803.3591756302858,2843497,HCLTECH.NS,HCL Technologies,IT
2022-07-29,814.0888061523438,828.9387914394374,813.0158295797006,821.4708640155545,3617725,HCLTECH.NS,HCL Technologies,IT
2022-08-01,817.3079223632812,821.0418607315141,811.3421607798335,818.8959070965651,2489519,HCLTECH.NS,HCL Technologies,IT
2022-08-02,816.3636474609375,818.7671049835211,807.7798331721069,817.3078984675756,2545241,HCLTECH.NS,HCL Technologies,IT
2022-08-03,821.6427001953125,825.5912337442702,815.5052521268705,816.3207249486936,4119614,HCLTECH.NS,HCL Technologies,IT
2022-08-04,822.4151611328125,832.5870116969528,811.8570808693206,828.338013481119,3513266,HCLTECH.NS,HCL Technologies,IT
2022-08-05,822.1148071289062,828.2951638471618,819.7542582178079,826.5354924099046,2565683,HCLTECH.NS,HCL Technologies,IT
2022-08-08,829.2393798828125,830.9132341696044,815.5052768386869,822.1148244069614,1746911,HCLTECH.NS,HCL Technologies,IT
2022-08-10,817.2221069335938,830.0549209992033,813.8314894874167,829.2394480855987,3271939,HCLTECH.NS,HCL Technologies,IT
2022-08-11,826.063232421875,831.3422984330325,822.9730806635724,828.3379638491238,3594584,HCLTECH.NS,HCL Technologies,IT
2022-08-12,820.9559326171875,827.4796098293913,818.8957964494184,827.4796098293913,3022304,HCLTECH.NS,HCL Technologies,IT
2022-08-16,822.5009765625,831.7714841740785,817.7369708001619,831.7714841740785,2784861,HCLTECH.NS,HCL Technologies,IT
2022-08-17,841.7288208007812,843.7031400299094,819.7542768491518,826.6213283829667,4649125,HCLTECH.NS,HCL Technologies,IT
2022-08-18,835.6342163085938,844.175120934052,830.9989362168707,844.175120934052,2829269,HCLTECH.NS,HCL Technologies,IT
2022-08-19,832.6728515625,847.2653350991151,829.883112062853,836.4926592018435,2880969,HCLTECH.NS,HCL Technologies,IT
2022-08-22,823.5740356445312,832.6299488365787,819.9259147346802,828.3380418838129,3616799,HCLTECH.NS,HCL Technologies,IT
2022-08-23,812.8013305664062,816.3206731850759,806.0200968672832,815.4193832355571,3753715,HCLTECH.NS,HCL Technologies,IT
2022-08-24,814.7327270507812,818.7241691273078,810.4408200492841,815.3765131010058,1494361,HCLTECH.NS,HCL Technologies,IT
2022-08-25,810.140380859375,818.8100647126677,809.1532736525398,818.8100647126677,3316314,HCLTECH.NS,HCL Technologies,IT
2022-08-26,811.7283935546875,820.6126201065864,810.0974479347185,814.2176681849986,2195046,HCLTECH.NS,HCL Technologies,IT
2022-08-29,787.56494140625,791.4276577401226,772.6290839586986,783.3588515527892,4974880,HCLTECH.NS,HCL Technologies,IT
2022-08-30,805.9772338867188,811.3850262812913,792.8869174087608,795.6337483938996,2998417,HCLTECH.NS,HCL Technologies,IT
2022-09-01,794.9041137695312,799.1531123316457,786.4919862232765,787.3932762476172,2953921,HCLTECH.NS,HCL Technologies,IT
2022-09-02,793.5306396484375,804.3033149791014,788.8524508706448,799.3247136891088,1750283,HCLTECH.NS,HCL Technologies,IT
2022-09-05,803.4450073242188,808.8527997798429,791.8568581801195,794.8611931434044,2279812,HCLTECH.NS,HCL Technologies,IT
2022-09-06,804.989990234375,809.3677663948025,795.7623910579397,803.4449143389339,2108615,HCLTECH.NS,HCL Technologies,IT
2022-09-07,799.7539672851562,800.4835705244421,792.3718557509674,795.719564194447,2709547,HCLTECH.NS,HCL Technologies,IT
2022-09-08,799.1959838867188,807.6510720258377,796.5779311215581,803.7883557650111,3214686,HCLTECH.NS,HCL Technologies,IT
2022-09-09,814.1747436523438,818.0374598847482,801.9857175073572,806.0201204950457,2206526,HCLTECH.NS,HCL Technologies,IT
2022-09-12,820.2263793945312,827.0505223614279,818.4667079103492,819.8830582513555,2517615,HCLTECH.NS,HCL Technologies,IT
2022-09-13,820.0975952148438,823.874441869508,815.8485968858348,819.7542217046735,2442828,HCLTECH.NS,HCL Technologies,IT
2022-09-14,800.0115356445312,805.5481066431074,795.3333461219685,801.1274210850592,6761712,HCLTECH.NS,HCL Technologies,IT
2022-09-15,789.6250610351562,804.0458578982311,786.5348565985702,803.8741711420693,2995215,HCLTECH.NS,HCL Technologies,IT
2022-09-16,769.8822631835938,787.9940889334398,766.8779284218649,785.5047620314311,5095937,HCLTECH.NS,HCL Technologies,IT
2022-09-19,770.6548461914062,778.6807440885831,761.8135278395573,770.7836243639573,2686561,HCLTECH.NS,HCL Technologies,IT
2022-09-20,784.560546875,790.4404381132753,774.259970767232,774.5174746916383,1836721,HCLTECH.NS,HCL Technologies,IT
2022-09-21,773.3587646484375,784.3460365425086,771.5561321993551,780.2687247246406,1819649,HCLTECH.NS,HCL Technologies,IT
2022-09-22,770.5260009765625,776.749265450628,763.7447676965231,770.4830399980743,2315711,HCLTECH.NS,HCL Technologies,IT
2022-09-23,768.98095703125,783.3588454961673,765.6762095943984,769.5389258984061,2569608,HCLTECH.NS,HCL Technologies,IT
2022-09-26,778.29443359375,787.4791251433252,757.0924023247346,765.0324303536505,4182702,HCLTECH.NS,HCL Technologies,IT
2022-09-27,788.6378784179688,790.9555185797709,779.0669052498438,782.2000181859853,3545337,HCLTECH.NS,HCL Technologies,IT
2022-09-28,790.3975830078125,795.6766495768348,782.7150589959655,783.7022185629999,4154139,HCLTECH.NS,HCL Technologies,IT
2022-09-29,792.3289184570312,799.1530608729565,786.7923481048111,795.719535369743,2928360,HCLTECH.NS,HCL Technologies,IT
2022-09-30,800.3118896484375,803.0587206489937,781.1699946121751,791.3418457935628,3229901,HCLTECH.NS,HCL Technologies,IT
2022-10-03,798.5093383789062,800.7411091770016,786.2774028004064,800.311918454949,1598950,HCLTECH.NS,HCL Technologies,IT
2022-10-04,812.02880859375,816.3207156159157,804.3462845457847,809.024473678234,2331351,HCLTECH.NS,HCL Technologies,IT
2022-10-06,827.9517822265625,830.8702999901449,820.1834409097355,820.1834409097355,3713623,HCLTECH.NS,HCL Technologies,IT
2022-10-07,822.0719604492188,835.162278123915,819.7543199563927,828.338134825046,2174327,HCLTECH.NS,HCL Technologies,IT
2022-10-10,826.8358154296875,830.1835235704579,808.7668989266153,808.7668989266153,2758812,HCLTECH.NS,HCL Technologies,IT
2022-10-11,805.6768798828125,834.3468438268588,803.4451088703086,830.9991349166523,3134969,HCLTECH.NS,HCL Technologies,IT
2022-10-12,817.1790771484375,827.3938365693697,809.7111486331834,809.7111486331834,3502390,HCLTECH.NS,HCL Technologies,IT
2022-10-13,843.0161743164062,848.9819342674014,832.0289051902795,834.3894535427902,9698562,HCLTECH.NS,HCL Technologies,IT
2022-10-14,860.5701904296875,878.1240990762143,853.2310405491271,862.6732351628499,7424383,HCLTECH.NS,HCL Technologies,IT
2022-10-17,853.7460327148438,864.2182952088071,850.7416981201826,863.2740967213458,2136170,HCLTECH.NS,HCL Technologies,IT
2022-10-18,866.2786254882812,870.0984336645442,857.6089408512705,858.3815051624964,2487826,HCLTECH.NS,HCL Technologies,IT
2022-10-19,863.2006225585938,872.6072468250256,861.7700977089672,872.6072468250256,2517099,HCLTECH.NS,HCL Technologies,IT
2022-10-20,882.0574340820312,883.7046493195313,856.5684332226573,858.3023774194643,3931399,HCLTECH.NS,HCL Technologies,IT
2022-10-21,890.5537719726562,892.8946603339625,877.0290272675104,886.4790451004193,2071897,HCLTECH.NS,HCL Technologies,IT
2022-10-24,894.3683471679688,900.6538945413921,892.9812130518679,897.3160733094013,398105,HCLTECH.NS,HCL Technologies,IT
2022-10-25,889.9468994140625,899.2668498950184,885.0918766088998,898.1831347228142,3068136,HCLTECH.NS,HCL Technologies,IT
2022-10-27,894.758544921875,899.4401093181949,883.9646794199068,893.8481819383968,3313674,HCLTECH.NS,HCL Technologies,IT
2022-10-28,892.981201171875,901.4341785616087,889.0798269919978,894.6717543172026,2423629,HCLTECH.NS,HCL Technologies,IT
2022-10-31,902.6481323242188,912.4882456838066,898.5300143508239,900.7841209173159,2418565,HCLTECH.NS,HCL Technologies,IT
2022-11-01,919.033935546875,920.5944220293361,905.9859614252994,909.4538502728603,2275488,HCLTECH.NS,HCL Technologies,IT
2022-11-02,906.1591186523438,924.4955981566093,903.8183365162869,923.2818161546907,2799322,HCLTECH.NS,HCL Technologies,IT
2022-11-03,906.115966796875,909.6271405172881,895.6689100214926,896.4492061254382,2396164,HCLTECH.NS,HCL Technologies,IT
2022-11-04,906.2891235351562,909.4535923775154,895.9721359729548,906.1157714745634,1709158,HCLTECH.NS,HCL Technologies,IT
2022-11-07,907.849853515625,915.2624014540091,900.4805906832045,908.6734346760383,2213508,HCLTECH.NS,HCL Technologies,IT
2022-11-09,913.3118286132812,920.2476062653457,909.627196735622,919.7708350507071,2307691,HCLTECH.NS,HCL Technologies,IT
2022-11-10,912.4447021484375,921.0711376437442,907.763137690016,910.3206629342111,2321667,HCLTECH.NS,HCL Technologies,IT
2022-11-11,945.5631103515625,952.5421720238058,926.8798198898976,928.5270879910192,3923101,HCLTECH.NS,HCL Technologies,IT
2022-11-14,952.8023071289062,956.2268044806888,945.0429494171195,949.3344188409029,2170007,HCLTECH.NS,HCL Technologies,IT
2022-11-15,957.050537109375,958.9578334261543,944.0459554089076,948.034005964073,2172420,HCLTECH.NS,HCL Technologies,IT
2022-11-16,958.177490234375,964.4630377471425,953.105724786935,960.1715683296667,2213697,HCLTECH.NS,HCL Technologies,IT
2022-11-17,947.2103271484375,954.1893884426704,944.219210166727,949.4210423106974,2460883,HCLTECH.NS,HCL Technologies,IT
2022-11-18,956.4004516601562,958.8713013880152,939.7979120294832,951.9789143842656,2623894,HCLTECH.NS,HCL Technologies,IT
2022-11-21,949.7679443359375,959.1745705416436,947.2537040563682,952.7156706695168,1733741,HCLTECH.NS,HCL Technologies,IT
2022-11-22,956.6171875,958.7846180925633,943.2657938834965,945.9533866519604,2529146,HCLTECH.NS,HCL Technologies,IT
2022-11-23,956.6171875,963.6396414535903,953.4527176685434,961.4288199165471,2217599,HCLTECH.NS,HCL Technologies,IT
2022-11-24,979.3314819335938,984.0131515743516,956.7035354733894,958.8709653226721,3295202,HCLTECH.NS,HCL Technologies,IT
2022-11-25,978.1179809570312,986.2242555866151,971.5724044312971,984.1867862779208,1977441,HCLTECH.NS,HCL Technologies,IT
2022-11-28,969.9684448242188,982.0626634987087,968.4078526842266,975.3436296058683,2368293,HCLTECH.NS,HCL Technologies,IT
2022-11-29,978.7682495117188,987.2646196357234,969.3183369396276,969.9685661073349,1785948,HCLTECH.NS,HCL Technologies,IT
2022-11-30,971.7024536132812,979.5918792195005,968.4079170239938,977.0776387520511,6053488,HCLTECH.NS,HCL Technologies,IT
2022-12-01,985.22705078125,997.5814023933698,978.2912744376038,979.6784085400234,3919684,HCLTECH.NS,HCL Technologies,IT
2022-12-02,984.4901733398438,988.6949666998732,974.3465366536606,985.227078430727,2944923,HCLTECH.NS,HCL Technologies,IT
2022-12-05,980.4154052734375,990.0387746836667,977.2509358544795,982.4961595373795,2646466,HCLTECH.NS,HCL Technologies,IT
2022-12-06,971.832275390625,975.3435545195149,959.7380576472026,972.395828388435,2807894,HCLTECH.NS,HCL Technologies,IT
2022-12-07,958.7846069335938,968.0611674291686,955.4033940822336,965.8070608054521,2399879,HCLTECH.NS,HCL Technologies,IT
2022-12-08,954.83984375,965.5903205616244,952.6291280638184,965.5903205616244,1752350,HCLTECH.NS,HCL Technologies,IT
2022-12-09,890.8139038085938,931.9950818435409,884.918503641484,931.9950818435409,12415478,HCLTECH.NS,HCL Technologies,IT
2022-12-12,891.5940551757812,900.9140044811116,877.7658407396013,888.6463291129023,4275785,HCLTECH.NS,HCL Technologies,IT
2022-12-13,905.7256469726562,907.633048957726,893.9348484064571,894.8018204456122,2284909,HCLTECH.NS,HCL Technologies,IT
2022-12-14,915.6959228515625,916.6496768613491,905.9858773125113,905.9858773125113,2425507,HCLTECH.NS,HCL Technologies,IT
2022-12-15,903.6883544921875,911.8813044016098,899.136750930805,911.6645613748773,1906369,HCLTECH.NS,HCL Technologies,IT
2022-12-16,892.6779174804688,907.2429864615749,886.3489782963953,892.9813365741569,5159215,HCLTECH.NS,HCL Technologies,IT
2022-12-19,895.7989501953125,899.4835817349496,887.2159049719636,892.6778717045197,3328172,HCLTECH.NS,HCL Technologies,IT
2022-12-20,892.7210693359375,895.8855384556222,876.9422205037829,890.3802871551013,2629849,HCLTECH.NS,HCL Technologies,IT
2022-12-21,901.954345703125,913.1383062481204,897.3160664294371,897.3160664294371,2878658,HCLTECH.NS,HCL Technologies,IT
2022-12-22,900.8707275390625,914.3521866192262,896.1023807794826,906.8528564583021,2623451,HCLTECH.NS,HCL Technologies,IT
2022-12-23,893.50146484375,905.2055887144427,890.4670623587557,892.5478166576352,2177675,HCLTECH.NS,HCL Technologies,IT
2022-12-26,894.455078125,903.1681901102336,892.1142957748311,893.848239984306,1680715,HCLTECH.NS,HCL Technologies,IT
2022-12-27,898.486572265625,902.301270916475,893.2847393321647,900.7840696442157,554319,HCLTECH.NS,HCL Technologies,IT
2022-12-28,897.7061767578125,900.1771317928511,889.9468191572062,892.9812213657304,1397806,HCLTECH.NS,HCL Technologies,IT
2022-12-29,905.5089111328125,906.8527601367628,891.3339393466978,892.9812074004452,1277244,HCLTECH.NS,HCL Technologies,IT
2022-12-30,901.0441284179688,914.8722908126267,896.7092680018937,910.320687375748,1860560,HCLTECH.NS,HCL Technologies,IT
2023-01-02,901.1739501953125,903.8182569727876,894.2815655323074,900.8705311794228,701880,HCLTECH.NS,HCL Technologies,IT
2023-01-03,902.8213500976562,906.6794393344516,896.0156404679595,900.7839868855442,2484372,HCLTECH.NS,HCL Technologies,IT
2023-01-04,898.7033081054688,903.384978874393,894.2817713137586,898.3564980797038,1219170,HCLTECH.NS,HCL Technologies,IT
2023-01-05,905.2057495117188,910.147555078346,895.6690542933887,903.2117767377424,2294943,HCLTECH.NS,HCL Technologies,IT
2023-01-06,895.4088745117188,908.5001327469406,888.8631924783275,905.1189202120204,1887689,HCLTECH.NS,HCL Technologies,IT
2023-01-09,925.4493408203125,928.5271341578468,901.6943895603246,905.9424682539711,4562242,HCLTECH.NS,HCL Technologies,IT
2023-01-10,922.3284301757812,929.9144375539298,915.7828530227245,919.8575803674995,2297082,HCLTECH.NS,HCL Technologies,IT
2023-01-11,914.4822387695312,935.983083946777,910.7976072423633,926.7932005982696,3594167,HCLTECH.NS,HCL Technologies,IT
2023-01-12,929.0905151367188,931.561364037892,919.857242665615,919.857242665615,4748542,HCLTECH.NS,HCL Technologies,IT
2023-01-13,934.422607421875,939.7977923146673,902.517990590008,905.0322309424015,8253765,HCLTECH.NS,HCL Technologies,IT
2023-01-16,948.2073364257812,954.0593980575077,935.0727938731499,942.398665731356,4508538,HCLTECH.NS,HCL Technologies,IT
2023-01-17,963.249267578125,965.7634016728146,949.3343248673164,951.8485647935471,4390338,HCLTECH.NS,HCL Technologies,IT
2023-01-18,966.8040161132812,976.0805758036423,965.8936530213916,970.0984467907318,6905092,HCLTECH.NS,HCL Technologies,IT
2023-01-19,972.271728515625,973.9775791137473,961.2052710451838,964.3545911897455,2298287,HCLTECH.NS,HCL Technologies,IT
2023-01-20,969.1223754882812,981.019866069157,968.4662626975434,971.9655309148122,4747128,HCLTECH.NS,HCL Technologies,IT
2023-01-23,980.8446655273438,982.331918330791,969.4283690562777,971.9215758633492,1696834,HCLTECH.NS,HCL Technologies,IT
2023-01-24,995.4103393554688,1000.5279966109612,980.8446173289386,984.9563206302391,4861107,HCLTECH.NS,HCL Technologies,IT
2023-01-25,982.2005615234375,992.7858234383142,976.9516607270531,992.7858234383142,2692236,HCLTECH.NS,HCL Technologies,IT
2023-01-27,975.9459228515625,992.3050664847032,966.6728830686526,982.2008863939635,3864525,HCLTECH.NS,HCL Technologies,IT
2023-01-30,992.698486328125,997.2474915339417,967.372579557829,975.9457211825102,3508427,HCLTECH.NS,HCL Technologies,IT
2023-01-31,981.7196044921875,995.2792681276553,973.6713307274551,993.7921219284717,4582858,HCLTECH.NS,HCL Technologies,IT
2023-02-01,990.3802490234375,994.6668734418405,974.9397084780481,994.6668734418405,2393911,HCLTECH.NS,HCL Technologies,IT
2023-02-02,1005.689453125,1010.8508940195846,992.9171481715522,995.3666781249997,3048359,HCLTECH.NS,HCL Technologies,IT
2023-02-03,1002.6713256835938,1011.8569023493185,996.0664159368596,1009.538616404422,1814055,HCLTECH.NS,HCL Technologies,IT
2023-02-06,1002.2777709960938,1005.9082828199369,986.7935531700033,993.0921927086071,2070175,HCLTECH.NS,HCL Technologies,IT
2023-02-07,987.01220703125,1008.6639261750776,984.9564085915906,1004.1585976014559,1931191,HCLTECH.NS,HCL Technologies,IT
2023-02-08,1001.6653442382812,1005.1646118164062,990.9050537198782,991.9548980668187,2848255,HCLTECH.NS,HCL Technologies,IT
2023-02-09,1002.84619140625,1007.78892755635,995.5414926728527,1000.7903933372087,1501083,HCLTECH.NS,HCL Technologies,IT
2023-02-10,975.9896850585938,988.5432886495346,962.2987765614939,984.8690996728861,3185163,HCLTECH.NS,HCL Technologies,IT
2023-02-13,973.6713256835938,980.8885659683104,966.6727896499291,980.8885659683104,2009185,HCLTECH.NS,HCL Technologies,IT
2023-02-14,984.5628051757812,999.3910182312675,978.0454608757826,980.6699120230343,3938046,HCLTECH.NS,HCL Technologies,IT
2023-02-15,991.0800170898438,992.5671629987205,979.4449104292262,984.1689427120771,1648954,HCLTECH.NS,HCL Technologies,IT
2023-02-16,986.9246826171875,1007.9202876964982,983.2941712143894,996.0664762798028,2369355,HCLTECH.NS,HCL Technologies,IT
2023-02-17,970.6530151367188,981.2819537375808,968.9033815511732,981.2819537375808,1958807,HCLTECH.NS,HCL Technologies,IT
2023-02-20,976.033203125,992.6547247445865,968.9472073713272,970.6531644531585,1706036,HCLTECH.NS,HCL Technologies,IT
2023-02-21,966.8477783203125,981.5885313090828,965.0106838401347,980.6699306743976,1313278,HCLTECH.NS,HCL Technologies,IT
2023-02-22,955.824951171875,967.1538944273863,953.5942320859891,957.9245331503134,2212194,HCLTECH.NS,HCL Technologies,IT
2023-02-23,957.3558959960938,972.75265276722,955.7375060165099,966.497797083671,2139983,HCLTECH.NS,HCL Technologies,IT
2023-02-24,957.793212890625,966.2352169040712,946.5518376552332,959.6740904877918,1684570,HCLTECH.NS,HCL Technologies,IT
2023-02-27,948.2577514648438,953.55043651161,941.3029997123783,953.55043651161,1834553,HCLTECH.NS,HCL Technologies,IT
2023-02-28,942.7028198242188,959.5868313918003,934.3920579541096,947.8642617119139,20793703,HCLTECH.NS,HCL Technologies,IT
2023-03-01,963.2610473632812,965.7980382055365,942.484142102972,942.484142102972,1655100,HCLTECH.NS,HCL Technologies,IT
2023-03-02,967.5037841796875,977.1705544031076,953.8129840457603,953.8129840457603,4074162,HCLTECH.NS,HCL Technologies,IT
2023-03-03,978.9200439453125,988.280541417506,971.9652927830829,975.4207765853649,3253621,HCLTECH.NS,HCL Technologies,IT
2023-03-06,985.6561279296875,1004.2897700371595,982.6818359933168,987.6682494529208,4091674,HCLTECH.NS,HCL Technologies,IT
2023-03-08,980.3635864257812,983.2942017011306,968.6848020961513,972.796398835994,3209393,HCLTECH.NS,HCL Technologies,IT
2023-03-09,976.8642578125,985.6561030896198,974.5897553582328,981.5007230482822,1834324,HCLTECH.NS,HCL Technologies,IT
2023-03-10,976.5582275390625,978.1766175777354,966.6727530501173,966.6727530501173,1193681,HCLTECH.NS,HCL Technologies,IT
2023-03-13,961.07373046875,991.6923189576726,957.9244112962932,980.6258649031296,3028387,HCLTECH.NS,HCL Technologies,IT
2023-03-14,948.3452758789062,965.2729610491002,932.5547885724941,961.0301205639917,3683544,HCLTECH.NS,HCL Technologies,IT
2023-03-15,944.4959716796875,960.4613781478705,940.8654606318304,957.9681716462875,1528510,HCLTECH.NS,HCL Technologies,IT
2023-03-16,938.1536254882812,951.407122324086,935.7478791143922,948.257696185115,1812907,HCLTECH.NS,HCL Technologies,IT
2023-03-17,969.6907348632812,977.2579222872961,948.3452882697846,951.9756929164422,5350523,HCLTECH.NS,HCL Technologies,IT
2023-03-20,954.2940063476562,969.5596255235677,950.2698699134525,966.6726870005662,2066169,HCLTECH.NS,HCL Technologies,IT
2023-03-21,948.2140502929688,964.3981627897857,942.2652527136053,961.423764000104,2421127,HCLTECH.NS,HCL Technologies,IT
2023-03-22,946.0706787109375,967.3287717577967,943.9712036157366,955.2562560145385,1382329,HCLTECH.NS,HCL Technologies,IT
2023-03-23,932.4672241210938,945.1520673897562,928.1806005552315,942.1776689896177,2178855,HCLTECH.NS,HCL Technologies,IT
2023-03-24,920.088623046875,953.5503675979023,915.9770265628075,938.678481130779,2688253,HCLTECH.NS,HCL Technologies,IT
2023-03-27,919.8699340820312,932.1173701991481,914.0087037987926,921.4446471556136,1459887,HCLTECH.NS,HCL Technologies,IT
2023-03-28,910.7718505859375,930.6302582317428,909.2409210153855,924.5065399495351,2965015,HCLTECH.NS,HCL Technologies,IT
2023-03-29,933.8671264648438,936.054168915581,911.646753807516,915.0585613885027,2478745,HCLTECH.NS,HCL Technologies,IT
2023-03-31,949.3951416015625,959.5867809272944,935.529313621104,947.7767515224373,3131614,HCLTECH.NS,HCL Technologies,IT
2023-04-03,960.6802368164062,961.6425140853564,951.8008235841418,953.5066738886817,1540702,HCLTECH.NS,HCL Technologies,IT
2023-04-05,972.0966796875,973.6713931198128,932.6862349918803,949.4826799203187,3342291,HCLTECH.NS,HCL Technologies,IT
2023-04-06,955.1687622070312,970.2156761933543,949.5699129746591,970.2156761933543,2378264,HCLTECH.NS,HCL Technologies,IT
2023-04-10,965.010498046875,966.6726715095675,954.8626433961022,955.1688079523205,711625,HCLTECH.NS,HCL Technologies,IT
2023-04-11,950.926025390625,970.9593549190636,949.1763914892623,965.797913552208,2318905,HCLTECH.NS,HCL Technologies,IT
2023-04-12,957.4871215820312,960.0677887874823,944.8897365414358,955.3000792759965,2715967,HCLTECH.NS,HCL Technologies,IT
2023-04-13,937.6724853515625,952.6756167435124,929.930377041647,952.6756167435124,3071057,HCLTECH.NS,HCL Technologies,IT
2023-04-17,911.7341918945312,922.9318916846711,889.032734525637,922.9318916846711,9509446,HCLTECH.NS,HCL Technologies,IT
2023-04-18,930.674072265625,932.9048983988307,914.3587133638879,918.1642528604373,3686404,HCLTECH.NS,HCL Technologies,IT
2023-04-19,908.6723022460938,939.5095990208142,906.7039641540903,939.5095990208142,4322881,HCLTECH.NS,HCL Technologies,IT
2023-04-20,907.6226196289062,916.1083016461494,902.6798823183918,909.8096620858435,3057560,HCLTECH.NS,HCL Technologies,IT
2023-04-21,917.63916015625,939.5533665898677,907.8412534251725,922.0570282921047,7708194,HCLTECH.NS,HCL Technologies,IT
2023-04-24,922.1007690429688,926.3436095253583,915.0584504894047,924.6814361064061,2033625,HCLTECH.NS,HCL Technologies,IT
2023-04-25,921.5758056640625,926.2561614346002,913.6587769207852,918.9513550065665,1237595,HCLTECH.NS,HCL Technologies,IT
2023-04-26,932.1612548828125,933.4296967597381,916.8081745119077,922.9318932347927,1647101,HCLTECH.NS,HCL Technologies,IT
2023-04-27,937.147705078125,940.4282688065199,928.1808308871791,932.1612909266385,1654910,HCLTECH.NS,HCL Technologies,IT
2023-04-28,946.801513671875,950.938954001597,937.5924423664869,943.1089570633233,2629188,HCLTECH.NS,HCL Technologies,IT
2023-05-02,949.871337890625,956.3221522644021,946.712619820545,946.8015748476888,1905168,HCLTECH.NS,HCL Technologies,IT
2023-05-03,942.2191772460938,946.7125462165751,938.7046393406831,944.9330113552658,1649820,HCLTECH.NS,HCL Technologies,IT
2023-05-04,949.2040405273438,950.2271862912555,932.7433412903633,939.6390396193686,1403672,HCLTECH.NS,HCL Technologies,IT
2023-05-05,939.1941528320312,952.0067182784703,936.1243897075805,949.2040374709366,1641673,HCLTECH.NS,HCL Technologies,IT
2023-05-08,957.16748046875,958.7245737439723,938.7048030625436,941.3741058200675,1389075,HCLTECH.NS,HCL Technologies,IT
2023-05-09,960.0592041015625,963.2623456176146,948.536757562893,952.941063570689,2981949,HCLTECH.NS,HCL Technologies,IT
2023-05-10,959.4363403320312,968.7788990979653,953.9197166541045,964.6414584930694,2091411,HCLTECH.NS,HCL Technologies,IT
2023-05-11,968.1559448242188,972.159898366597,960.9933819891457,962.8618719194174,2653108,HCLTECH.NS,HCL Technologies,IT
2023-05-12,974.740234375,981.7694189016376,958.6798885738071,966.28744366157,1585037,HCLTECH.NS,HCL Technologies,IT
2023-05-15,978.5218505859375,984.0383658796366,972.3380096382812,977.8099931093692,1523466,HCLTECH.NS,HCL Technologies,IT
2023-05-16,970.46923828125,983.459928925427,968.1558648152261,978.9220283943937,1166324,HCLTECH.NS,HCL Technologies,IT
2023-05-17,956.0997924804688,973.3611965679088,945.5559598108132,970.2915418756079,3602382,HCLTECH.NS,HCL Technologies,IT
2023-05-18,960.8599243164062,965.3977167460141,954.7205069755513,962.683882483677,1515743,HCLTECH.NS,HCL Technologies,IT
2023-05-19,974.606689453125,982.3031991037218,963.1286683929351,968.6007595673007,1984436,HCLTECH.NS,HCL Technologies,IT
2023-05-22,996.4061279296875,998.2301947774187,968.9122900490918,974.6068238563857,1864932,HCLTECH.NS,HCL Technologies,IT
2023-05-23,985.2839965820312,1006.6384160874422,982.3032972489065,996.5395769191805,2138096,HCLTECH.NS,HCL Technologies,IT
2023-05-24,989.3768310546875,992.0906651089559,976.9646190938417,977.8989183228027,1302744,HCLTECH.NS,HCL Technologies,IT
2023-05-25,992.9805297851562,994.9825066597231,981.458084108328,986.9300673407866,1124803,HCLTECH.NS,HCL Technologies,IT
2023-05-26,1013.6231079101562,1014.6463622734974,991.2010100161525,992.090777529632,1635167,HCLTECH.NS,HCL Technologies,IT
2023-05-29,1002.0560302734375,1021.4084717610868,1000.4545140774549,1019.6734687285589,1288914,HCLTECH.NS,HCL Technologies,IT
2023-05-30,1010.642333984375,1017.8939604076697,1003.7022130592005,1004.5474486890378,1983735,HCLTECH.NS,HCL Technologies,IT
2023-05-31,1018.872802734375,1026.2133850431446,1007.3058245508594,1009.7082621113422,5967930,HCLTECH.NS,HCL Technologies,IT
2023-06-01,1016.0255126953125,1027.8149318698333,1012.2440008846172,1021.4530726301774,1445692,HCLTECH.NS,HCL Technologies,IT
2023-06-02,1011.7098999023438,1024.211064656201,1006.860603198125,1021.4528078908273,1336554,HCLTECH.NS,HCL Technologies,IT
2023-06-05,1012.822509765625,1021.8980959048163,1010.7760008253124,1017.8941416761949,1435758,HCLTECH.NS,HCL Technologies,IT
2023-06-06,1004.1917114257812,1007.4839167791829,990.9786840282468,1005.4374078131707,1943605,HCLTECH.NS,HCL Technologies,IT
2023-06-07,1004.5921020507812,1008.8184979396916,993.1585020704715,1008.8184979396916,2459039,HCLTECH.NS,HCL Technologies,IT
2023-06-08,1002.545654296875,1006.5496085407942,995.0271614400885,1004.5921632450066,1385218,HCLTECH.NS,HCL Technologies,IT
2023-06-09,987.4193725585938,1006.3269298164176,984.0382129915207,1004.6363500328812,1824218,HCLTECH.NS,HCL Technologies,IT
2023-06-12,1014.0235595703125,1015.1801921591772,988.9765825625993,990.2667020001554,1670970,HCLTECH.NS,HCL Technologies,IT
2023-06-13,1006.5938720703125,1018.7391098149848,1004.8143373251085,1018.7391098149848,2014656,HCLTECH.NS,HCL Technologies,IT
2023-06-14,1010.642333984375,1012.9112844222186,1001.9226781633829,1012.555355720217,836964,HCLTECH.NS,HCL Technologies,IT
2023-06-15,1017.5380249023438,1020.5632559278448,1011.2652296050412,1014.3348838341265,2109652,HCLTECH.NS,HCL Technologies,IT
2023-06-16,1021.6310424804688,1027.0141795246975,1007.617203773504,1023.2326674926594,2909817,HCLTECH.NS,HCL Technologies,IT
2023-06-19,1012.1551513671875,1026.7028295384314,1010.2865525628207,1021.6310891774743,1278608,HCLTECH.NS,HCL Technologies,IT
2023-06-20,1039.8270263671875,1041.6955167820693,1007.6619028449229,1008.1067866872386,3504867,HCLTECH.NS,HCL Technologies,IT
2023-06-21,1041.4285888671875,1046.099869417098,1033.5986980663483,1045.4770754561328,2019683,HCLTECH.NS,HCL Technologies,IT
2023-06-22,1035.15576171875,1041.4285588219823,1031.1072752466036,1041.161693681078,972005,HCLTECH.NS,HCL Technologies,IT
2023-06-23,1036.7125244140625,1041.5172901737471,1024.1222937798568,1033.8207803178118,1699790,HCLTECH.NS,HCL Technologies,IT
2023-06-26,1038.803466796875,1046.3219580787663,1034.8440452085063,1038.58102494103,1190307,HCLTECH.NS,HCL Technologies,IT
2023-06-27,1041.028076171875,1044.9874984859912,1032.3083103787696,1038.35877341246,1504039,HCLTECH.NS,HCL Technologies,IT
2023-06-28,1041.2506103515625,1044.5427072675939,1037.9139816065779,1044.0978234349293,1424076,HCLTECH.NS,HCL Technologies,IT
2023-06-30,1056.9993896484375,1062.3825271386684,1036.5792664292703,1041.3395014235068,3036648,HCLTECH.NS,HCL Technologies,IT
2023-07-03,1051.3492431640625,1063.2721492381918,1045.0319157156955,1058.8233117936804,1749952,HCLTECH.NS,HCL Technologies,IT
2023-07-04,1059.357177734375,1061.4926414853494,1048.6355443866337,1051.705198856398,1094468,HCLTECH.NS,HCL Technologies,IT
2023-07-05,1063.0943603515625,1070.0344823874786,1056.687968532785,1062.3825028336291,1653610,HCLTECH.NS,HCL Technologies,IT
2023-07-06,1050.50390625,1065.9413489717879,1045.4321668835432,1063.094136727387,2334220,HCLTECH.NS,HCL Technologies,IT
2023-07-07,1029.9949951171875,1052.550582997744,1026.6139432642988,1048.2797635076402,2159585,HCLTECH.NS,HCL Technologies,IT
2023-07-10,1000.5435180664062,1033.8208431024361,996.539564459204,1032.13026318989,3960400,HCLTECH.NS,HCL Technologies,IT
2023-07-11,992.0017700195312,1006.9943301056435,989.4214226441136,1006.9943301056435,4982603,HCLTECH.NS,HCL Technologies,IT
2023-07-12,988.1312866210938,1000.5434991227382,980.9240833732323,996.2725719102418,3824027,HCLTECH.NS,HCL Technologies,IT
2023-07-13,986.5744018554688,1000.4547553050579,967.2219557015972,978.7444031843087,12294227,HCLTECH.NS,HCL Technologies,IT
2023-07-14,1024.077880859375,1029.549972815045,989.0211275599186,991.378924590023,6605038,HCLTECH.NS,HCL Technologies,IT
2023-07-17,1026.5694580078125,1042.8077181236458,1017.5828261870992,1024.9678327424813,3159479,HCLTECH.NS,HCL Technologies,IT
2023-07-18,1038.53662109375,1041.0280136318827,1020.0295215754815,1031.1960389463457,2431478,HCLTECH.NS,HCL Technologies,IT
2023-07-19,1040.1827392578125,1045.3878574096586,1029.4609974377818,1036.5791374373516,2242397,HCLTECH.NS,HCL Technologies,IT
2023-07-20,1037.2662353515625,1043.5483458730344,1030.2661255213968,1041.0354578439203,1990001,HCLTECH.NS,HCL Technologies,IT
2023-07-21,1001.0541381835938,1022.9967156809254,982.7014472136843,996.1631108741458,5259150,HCLTECH.NS,HCL Technologies,IT
2023-07-24,998.7656860351562,1012.0477946498264,997.0605201210897,1005.1375180338619,2672505,HCLTECH.NS,HCL Technologies,IT
2023-07-25,997.5540771484375,1004.2399921676449,991.7654967175035,1003.7912700978649,2506726,HCLTECH.NS,HCL Technologies,IT
2023-07-26,1000.6502685546875,1005.9002951386396,996.2527701279106,996.3424926363566,1969964,HCLTECH.NS,HCL Technologies,IT
2023-07-27,1002.75927734375,1007.560582010668,995.2207239852125,1000.6503053369315,1769815,HCLTECH.NS,HCL Technologies,IT
2023-07-28,990.3746337890625,1003.7913813418652,984.9001362900124,999.7977982987536,2031899,HCLTECH.NS,HCL Technologies,IT
2023-07-31,1002.1759643554688,1004.6888521115968,983.5989119377491,994.3682430903522,2526624,HCLTECH.NS,HCL Technologies,IT
2023-08-01,1021.7400512695312,1024.8811054455903,997.8680614417367,1005.1373363389328,2710536,HCLTECH.NS,HCL Technologies,IT
2023-08-02,1014.919677734375,1020.3940654982932,1006.4836802606296,1020.3940654982932,2701150,HCLTECH.NS,HCL Technologies,IT
2023-08-03,1010.0734252929688,1019.0927831287624,1000.6951774259585,1010.5221473832811,1608187,HCLTECH.NS,HCL Technologies,IT
2023-08-04,1026.990234375,1034.1697878772345,1010.5221554395081,1014.515738254609,3315303,HCLTECH.NS,HCL Technologies,IT
2023-08-07,1032.7789306640625,1037.2212360700573,1025.9134599491847,1036.144346744757,1655404,HCLTECH.NS,HCL Technologies,IT
2023-08-08,1024.2977294921875,1038.2530280849473,1020.3938698423593,1036.4581400113461,1667697,HCLTECH.NS,HCL Technologies,IT
2023-08-09,1026.8106689453125,1028.4709185877507,1009.6245928544672,1023.9387821504254,1559337,HCLTECH.NS,HCL Technologies,IT
2023-08-10,1017.9711303710938,1027.3942956790202,1012.9005480808527,1023.0865191463021,1676669,HCLTECH.NS,HCL Technologies,IT
2023-08-11,1051.31103515625,1065.221421194186,1035.9199537295106,1041.0353421939083,7391806,HCLTECH.NS,HCL Technologies,IT
2023-08-14,1050.906982421875,1056.2916467212185,1035.6504335737352,1050.5928989146685,1720940,HCLTECH.NS,HCL Technologies,IT
2023-08-16,1056.426513671875,1064.5932343815282,1050.0994879315326,1055.17006982009,2567226,HCLTECH.NS,HCL Technologies,IT
2023-08-17,1056.0225830078125,1059.8367209903233,1044.5801690602802,1056.157221552749,2331256,HCLTECH.NS,HCL Technologies,IT
2023-08-18,1053.33056640625,1057.0549829935555,1039.8240924046524,1052.7023990764383,3406088,HCLTECH.NS,HCL Technologies,IT
2023-08-21,1058.31103515625,1066.9713932880536,1049.067316404965,1052.6570930771081,1661946,HCLTECH.NS,HCL Technologies,IT
2023-08-22,1058.535400390625,1065.2662316775513,1055.528984326056,1060.7790108196004,1805887,HCLTECH.NS,HCL Technologies,IT
2023-08-23,1061.227783203125,1072.4458358796908,1057.7726448890019,1070.6060314202157,2347850,HCLTECH.NS,HCL Technologies,IT
2023-08-24,1051.1314697265625,1067.0611035260472,1049.1122203716982,1067.016187497646,2464221,HCLTECH.NS,HCL Technologies,IT
2023-08-25,1035.60595703125,1050.7279833302673,1032.061095350358,1045.5227618114498,2105159,HCLTECH.NS,HCL Technologies,IT
2023-08-28,1028.875,1040.7661372764812,1022.458360733361,1036.5481927800643,2571967,HCLTECH.NS,HCL Technologies,IT
2023-08-29,1038.836669921875,1043.9969745308188,1030.5353103335742,1035.5609763902848,1794652,HCLTECH.NS,HCL Technologies,IT
2023-08-30,1050.45849609375,1054.631633772345,1042.516136380405,1046.4199969631034,1497356,HCLTECH.NS,HCL Technologies,IT
2023-08-31,1051.939208984375,1066.2533997190199,1046.3301829047664,1058.5354017437364,4483967,HCLTECH.NS,HCL Technologies,IT
2023-09-01,1064.1893310546875,1066.1636643904503,1050.996836143325,1052.702001961278,1669640,HCLTECH.NS,HCL Technologies,IT
2023-09-04,1106.10009765625,1108.3437084020031,1063.4714934869423,1064.3689377852434,4517935,HCLTECH.NS,HCL Technologies,IT
2023-09-05,1108.837158203125,1114.3563520589614,1099.548523652735,1109.9140473576083,2842400,HCLTECH.NS,HCL Technologies,IT
2023-09-06,1109.1064453125,1114.9847489220792,1097.3050316119911,1112.696222282918,1767709,HCLTECH.NS,HCL Technologies,IT
2023-09-07,1125.39501953125,1128.0873521138606,1104.125635949143,1111.035912423993,2582004,HCLTECH.NS,HCL Technologies,IT
2023-09-08,1132.61962890625,1139.3504611935152,1125.6644355427427,1129.8823799555728,2280777,HCLTECH.NS,HCL Technologies,IT
2023-09-11,1150.1197509765625,1152.587722725366,1140.113225430244,1145.6325296151015,2691836,HCLTECH.NS,HCL Technologies,IT
2023-09-12,1150.882568359375,1159.2736504800712,1135.7157380936947,1153.2159015807172,2140769,HCLTECH.NS,HCL Technologies,IT
2023-09-13,1144.4658203125,1150.8825688373338,1136.254183224149,1150.5235692143697,2275523,HCLTECH.NS,HCL Technologies,IT
2023-09-14,1151.95947265625,1158.3313052266856,1144.7799183118032,1149.4915008503465,2655172,HCLTECH.NS,HCL Technologies,IT
2023-09-15,1170.8055419921875,1175.6517620053667,1158.645240260992,1161.2926565152247,4286280,HCLTECH.NS,HCL Technologies,IT
2023-09-18,1171.164794921875,1176.8187377523645,1157.4338535057175,1168.4724620599857,2761885,HCLTECH.NS,HCL Technologies,IT
2023-09-20,1160.7542724609375,1170.267158433653,1150.0746652858331,1150.0746652858331,2220756,HCLTECH.NS,HCL Technologies,IT
2023-09-21,1146.9337158203125,1153.215825374884,1130.1515526879048,1152.3183811528022,3112700,HCLTECH.NS,HCL Technologies,IT
2023-09-22,1143.0745849609375,1151.9593040722132,1135.3565870804123,1141.952779758789,1321467,HCLTECH.NS,HCL Technologies,IT
2023-09-25,1133.8760986328125,1148.7288474734069,1127.7286263202695,1139.7544033525207,1246703,HCLTECH.NS,HCL Technologies,IT
2023-09-26,1132.080810546875,1138.8116412637132,1128.1769506413652,1134.3693368111124,903152,HCLTECH.NS,HCL Technologies,IT
2023-09-27,1131.7669677734375,1137.645271670423,1124.7669680696529,1129.4336345388426,1670373,HCLTECH.NS,HCL Technologies,IT
2023-09-28,1114.5361328125,1136.1645192062433,1111.5297162240724,1131.767020088943,1807072,HCLTECH.NS,HCL Technologies,IT
2023-09-29,1108.1641845703125,1121.5360160231937,1101.3884367793844,1108.433352109881,2338327,HCLTECH.NS,HCL Technologies,IT
2023-10-03,1111.6640625,1127.818057748058,1097.3049556128374,1106.0999524017411,2162636,HCLTECH.NS,HCL Technologies,IT
2023-10-04,1112.4271240234375,1117.1387065905508,1099.3692656597725,1107.4462643462525,2253785,HCLTECH.NS,HCL Technologies,IT
2023-10-05,1108.7476806640625,1125.3504026705905,1101.882318394313,1120.9080965488322,2995200,HCLTECH.NS,HCL Technologies,IT
2023-10-06,1110.7666015625,1127.189873637447,1103.9460478042513,1123.6000969698118,2497711,HCLTECH.NS,HCL Technologies,IT
2023-10-09,1121.4462890625,1136.7477570204114,1104.8884868223217,1109.241069432083,3430211,HCLTECH.NS,HCL Technologies,IT
2023-10-10,1132.3951416015625,1135.042558185589,1120.1898127734748,1126.7861153207482,1532394,HCLTECH.NS,HCL Technologies,IT
2023-10-11,1117.8565673828125,1143.7478128144796,1113.7283456267692,1136.1644525088557,2186131,HCLTECH.NS,HCL Technologies,IT
2023-10-12,1098.2474365234375,1120.5040984651287,1090.5294376336153,1117.3181274538751,3921609,HCLTECH.NS,HCL Technologies,IT
2023-10-13,1127.1002197265625,1136.613106564494,1084.606257747498,1086.8049522697215,5740821,HCLTECH.NS,HCL Technologies,IT
2023-10-16,1140.3375244140625,1148.1004388570082,1131.0489986118012,1133.4720541945487,2527113,HCLTECH.NS,HCL Technologies,IT
2023-10-17,1146.170654296875,1147.8309038268706,1140.6513516528166,1147.7411813349493,1687345,HCLTECH.NS,HCL Technologies,IT
2023-10-18,1139.260498046875,1150.0747444980611,1137.4208031641354,1146.9336897920577,1743126,HCLTECH.NS,HCL Technologies,IT
2023-10-19,1137.3758544921875,1144.016963304547,1135.1771600816028,1136.8823259261842,2279726,HCLTECH.NS,HCL Technologies,IT
2023-10-20,1140.3204345703125,1142.8119976212402,1128.4062109525398,1134.3407053677865,1625449,HCLTECH.NS,HCL Technologies,IT
2023-10-23,1120.4332275390625,1142.0418513169507,1116.4920500925352,1130.716565207104,1646367,HCLTECH.NS,HCL Technologies,IT
2023-10-25,1113.502197265625,1135.156167729222,1110.1499566149673,1115.4954035013939,1420065,HCLTECH.NS,HCL Technologies,IT
2023-10-26,1116.0390625,1121.8375206333678,1098.1451100640145,1100.8178334036606,4617424,HCLTECH.NS,HCL Technologies,IT
2023-10-27,1149.4713134765625,1150.6491875930296,1117.5340033484883,1120.750429175258,2675348,HCLTECH.NS,HCL Technologies,IT
2023-10-30,1145.892578125,1154.998153426002,1137.9648769519667,1150.64919882882,1158770,HCLTECH.NS,HCL Technologies,IT
2023-10-31,1156.08544921875,1159.5736159544474,1138.5991595483686,1152.4613569014498,2525870,HCLTECH.NS,HCL Technologies,IT
2023-11-01,1140.6375732421875,1165.1001934193216,1137.3306778822325,1159.7094009900597,1572719,HCLTECH.NS,HCL Technologies,IT
2023-11-02,1153.729736328125,1155.1793510411014,1146.1191208368573,1147.0251438572818,1368604,HCLTECH.NS,HCL Technologies,IT
2023-11-03,1147.251708984375,1166.3235387907093,1144.3071340156096,1162.0651640152296,2052536,HCLTECH.NS,HCL Technologies,IT
2023-11-06,1150.37744140625,1159.2565116827745,1146.255102819557,1156.3119367214856,1175823,HCLTECH.NS,HCL Technologies,IT
2023-11-07,1154.227783203125,1157.6253689426826,1148.021548705232,1149.7430142663065,1385282,HCLTECH.NS,HCL Technologies,IT
2023-11-08,1148.5198974609375,1160.4341201570867,1146.9343574602692,1159.7092576316695,937671,HCLTECH.NS,HCL Technologies,IT
2023-11-09,1148.38427734375,1155.9043133006764,1143.2199899217317,1148.5202029282289,1483749,HCLTECH.NS,HCL Technologies,IT
2023-11-10,1137.4664306640625,1151.5551313093324,1133.1175870072034,1143.6727761448058,1469902,HCLTECH.NS,HCL Technologies,IT
2023-11-13,1142.494873046875,1144.850510459231,1135.5185409798025,1141.5888501499307,730991,HCLTECH.NS,HCL Technologies,IT
2023-11-15,1156.67431640625,1162.4275404924138,1149.199626453746,1155.1793562960465,2410620,HCLTECH.NS,HCL Technologies,IT
2023-11-16,1187.841552734375,1194.0930232415776,1157.8974469749971,1163.1524248548221,3936945,HCLTECH.NS,HCL Technologies,IT
2023-11-17,1186.1199951171875,1201.1599543225886,1183.6284319458603,1189.9705927456023,2882039,HCLTECH.NS,HCL Technologies,IT
2023-11-20,1200.843017578125,1206.550896647855,1190.5143323014674,1191.3750099918052,2831858,HCLTECH.NS,HCL Technologies,IT
2023-11-21,1201.9300537109375,1210.446691775768,1197.5812098001888,1210.084260466912,1514256,HCLTECH.NS,HCL Technologies,IT
2023-11-22,1204.738525390625,1210.2200078087546,1196.3125793427412,1201.929876707997,1535630,HCLTECH.NS,HCL Technologies,IT
2023-11-23,1204.1043701171875,1209.76701294129,1201.1144504666643,1208.5891389944798,1307344,HCLTECH.NS,HCL Technologies,IT
2023-11-24,1186.1199951171875,1207.4115349448932,1182.9489147173165,1204.0139488021741,1795933,HCLTECH.NS,HCL Technologies,IT
2023-11-28,1192.9150390625,1195.8596134027302,1173.5714728240714,1186.1198675081225,2152951,HCLTECH.NS,HCL Technologies,IT
2023-11-29,1208.5892333984375,1212.983533051978,1197.3092922511362,1199.5743495577028,1835524,HCLTECH.NS,HCL Technologies,IT
2023-11-30,1214.88623046875,1220.2317881461065,1204.7387067798597,1211.352718743141,4104385,HCLTECH.NS,HCL Technologies,IT
2023-12-01,1211.0806884765625,1222.2248136708527,1203.198333991766,1219.506745145269,1854324,HCLTECH.NS,HCL Technologies,IT
2023-12-04,1212.2135009765625,1223.1311230177203,1205.9166849900635,1223.1311230177203,1547057,HCLTECH.NS,HCL Technologies,IT
2023-12-05,1193.7305908203125,1220.4129226552968,1185.3498784709723,1220.4129226552968,3932040,HCLTECH.NS,HCL Technologies,IT
2023-12-06,1204.6026611328125,1214.0252097986897,1195.5424331090946,1200.480213142626,2077245,HCLTECH.NS,HCL Technologies,IT
2023-12-07,1203.1986083984375,1211.3528158348727,1200.7976252002284,1205.916677543916,1985003,HCLTECH.NS,HCL Technologies,IT
2023-12-08,1235.906005859375,1241.2062185198768,1204.104619297848,1207.7287114552532,4509751,HCLTECH.NS,HCL Technologies,IT
2023-12-11,1246.0533447265625,1253.0296768514115,1237.6726328604195,1241.341959264334,2824656,HCLTECH.NS,HCL Technologies,IT
2023-12-12,1246.0533447265625,1256.653768469203,1241.251379093589,1247.5935394247242,2730422,HCLTECH.NS,HCL Technologies,IT
2023-12-13,1240.526611328125,1252.8486122490274,1229.5185206766757,1249.7227666307147,1896931,HCLTECH.NS,HCL Technologies,IT
2023-12-14,1281.6602783203125,1285.8733079312137,1252.123946845825,1260.2781548933015,5145574,HCLTECH.NS,HCL Technologies,IT
2023-12-15,1351.152099609375,1356.316386299771,1288.3646635392613,1288.3646635392613,7374290,HCLTECH.NS,HCL Technologies,IT
2023-12-18,1362.930419921875,1368.0041265157422,1341.820040142086,1349.8383214357925,3075527,HCLTECH.NS,HCL Technologies,IT
2023-12-19,1348.43408203125,1363.2475360372594,1338.8301497033558,1360.3935414529706,2590417,HCLTECH.NS,HCL Technologies,IT
2023-12-20,1304.6278076171875,1361.7979488423791,1300.1430378931288,1345.4441890392309,4368383,HCLTECH.NS,HCL Technologies,IT
2023-12-21,1288.41015625,1311.0607330934758,1286.643344897097,1287.5947133639309,2841508,HCLTECH.NS,HCL Technologies,IT
2023-12-22,1325.23974609375,1329.4527749988818,1289.2706786381868,1296.5188623550566,2303438,HCLTECH.NS,HCL Technologies,IT
2023-12-26,1321.11767578125,1329.4530445059959,1306.6213054088023,1325.2400147467974,1363265,HCLTECH.NS,HCL Technologies,IT
2023-12-27,1333.7110595703125,1337.289805800365,1320.5737274672601,1327.7312199273654,1402329,HCLTECH.NS,HCL Technologies,IT
2023-12-28,1334.0736083984375,1343.3603447491034,1330.4495161640314,1332.3974878597282,1928616,HCLTECH.NS,HCL Technologies,IT
2023-12-29,1328.3201904296875,1342.5900515221456,1320.5737607671683,1335.4324482830536,1481617,HCLTECH.NS,HCL Technologies,IT
2024-01-01,1344.3116455078125,1355.1839216635624,1318.308829274716,1322.7935989495577,1222315,HCLTECH.NS,HCL Technologies,IT
2024-01-02,1331.446044921875,1348.8869863754749,1324.0165905150063,1344.5833774453656,1440888,HCLTECH.NS,HCL Technologies,IT
2024-01-03,1302.6343994140625,1327.3235229640768,1300.5958479282815,1322.7934085512302,1651716,HCLTECH.NS,HCL Technologies,IT
2024-01-04,1286.50732421875,1309.022084415708,1283.9705261589106,1301.9550607235242,3392241,HCLTECH.NS,HCL Technologies,IT
2024-01-05,1298.1497802734375,1303.6311529867817,1288.2741075934543,1291.0827567340161,1776925,HCLTECH.NS,HCL Technologies,IT
2024-01-08,1311.8306884765625,1316.0889522224327,1296.1112119697764,1300.1429699717492,2025264,HCLTECH.NS,HCL Technologies,IT
2024-01-09,1323.156005859375,1341.7747120734339,1315.8624765000693,1323.337166219223,3119270,HCLTECH.NS,HCL Technologies,IT
2024-01-10,1351.876953125,1366.2827415515128,1328.2751193399336,1336.293401107983,4368914,HCLTECH.NS,HCL Technologies,IT
2024-01-11,1345.262939453125,1359.0344442487767,1335.4778472151313,1359.0344442487767,2271368,HCLTECH.NS,HCL Technologies,IT
2024-01-12,1396.000244140625,1408.8657261464175,1357.6754280581392,1363.5645773957287,5862043,HCLTECH.NS,HCL Technologies,IT
2024-01-15,1438.9456787109375,1467.3948229189414,1427.439230895519,1458.6970242727932,9712071,HCLTECH.NS,HCL Technologies,IT
2024-01-16,1409.273193359375,1437.8582584263402,1393.463138916012,1437.8582584263402,4459799,HCLTECH.NS,HCL Technologies,IT
2024-01-17,1427.8016357421875,1436.046422737255,1374.029194019961,1377.1549290603327,3846289,HCLTECH.NS,HCL Technologies,IT
2024-01-18,1420.236328125,1435.3215218551811,1392.6026279824139,1428.798200815022,3205598,HCLTECH.NS,HCL Technologies,IT
2024-01-19,1431.5576171875,1451.6895833485796,1422.518884414802,1433.429337017151,2374099,HCLTECH.NS,HCL Technologies,IT
2024-01-23,1391.111083984375,1431.5118745071074,1385.0852256543726,1423.2947645702804,3196630,HCLTECH.NS,HCL Technologies,IT
2024-01-24,1439.272705078125,1443.6550975304858,1391.1568868857905,1397.0001882739757,2136023,HCLTECH.NS,HCL Technologies,IT
2024-01-25,1415.3970947265625,1433.42908480613,1403.0714306215418,1433.42908480613,2641656,HCLTECH.NS,HCL Technologies,IT
2024-01-29,1437.58349609375,1450.4112514536953,1415.3972536331917,1428.864184445054,2521598,HCLTECH.NS,HCL Technologies,IT
2024-01-30,1423.6600341796875,1453.9263008544206,1419.7340369566234,1442.5593430170193,1939386,HCLTECH.NS,HCL Technologies,IT
2024-01-31,1438.9071044921875,1443.746113320198,1411.83627278041,1423.6598466331243,7025931,HCLTECH.NS,HCL Technologies,IT
2024-02-01,1440.1856689453125,1458.080688289585,1430.0968381369557,1438.9074293953574,2845408,HCLTECH.NS,HCL Technologies,IT
2024-02-02,1445.983154296875,1473.510495988666,1437.9942970908148,1446.9418617422787,2337374,HCLTECH.NS,HCL Technologies,IT
2024-02-05,1420.0535888671875,1450.3199674180921,1416.4928187814885,1447.078729331382,1452864,HCLTECH.NS,HCL Technologies,IT
2024-02-06,1482.5037841796875,1485.4710742788925,1422.518918139518,1429.7773216476617,4988311,HCLTECH.NS,HCL Technologies,IT
2024-02-07,1474.83447265625,1488.1188468877638,1459.8610478728745,1486.3841011378643,3320199,HCLTECH.NS,HCL Technologies,IT
2024-02-08,1491.6796875,1504.370470560802,1476.6149830636132,1484.5581462766613,3496692,HCLTECH.NS,HCL Technologies,IT
2024-02-09,1488.7576904296875,1503.502859942169,1474.195190230597,1497.3400275118609,3341297,HCLTECH.NS,HCL Technologies,IT
2024-02-12,1521.94580078125,1538.4257172889704,1496.4271517131292,1496.4271517131292,4885445,HCLTECH.NS,HCL Technologies,IT
2024-02-13,1520.71337890625,1529.2957174617495,1505.1921686394742,1529.2957174617495,3129897,HCLTECH.NS,HCL Technologies,IT
2024-02-14,1526.10009765625,1531.0303864900202,1484.055835607984,1506.2420796341003,1386643,HCLTECH.NS,HCL Technologies,IT
2024-02-15,1517.9288330078125,1548.9255598728598,1506.5617615859949,1532.0348302190737,2555162,HCLTECH.NS,HCL Technologies,IT
2024-02-16,1522.40234375,1531.1216559600284,1506.516018591917,1529.2956313256097,1776881,HCLTECH.NS,HCL Technologies,IT
2024-02-19,1529.52392578125,1536.5540762332603,1515.280955537827,1524.7306109862334,762624,HCLTECH.NS,HCL Technologies,IT
2024-02-20,1518.385009765625,1527.2411836764534,1501.90509469303,1516.5132901429317,2240414,HCLTECH.NS,HCL Technologies,IT
2024-02-21,1493.9620361328125,1519.9828860742878,1490.0817339485575,1511.5375224967913,2890991,HCLTECH.NS,HCL Technologies,IT
2024-02-22,1539.703857421875,1544.2689186028863,1496.4270551355487,1500.9921163165602,3820901,HCLTECH.NS,HCL Technologies,IT
2024-02-23,1520.850341796875,1549.7015101418522,1518.7503687838757,1549.381978105536,2191549,HCLTECH.NS,HCL Technologies,IT
2024-02-26,1506.287841796875,1523.6806604495332,1496.883769872681,1520.850344413186,1844253,HCLTECH.NS,HCL Technologies,IT
2024-02-27,1514.5047607421875,1527.8347172654244,1504.644183888456,1505.557196135961,2049420,HCLTECH.NS,HCL Technologies,IT
2024-02-28,1508.2049560546875,1526.5564799648841,1501.1746948680454,1519.8914459680934,936575,HCLTECH.NS,HCL Technologies,IT
2024-02-29,1519.1156005859375,1531.806494744524,1494.2817088489016,1499.3032768543223,3532888,HCLTECH.NS,HCL Technologies,IT
2024-03-01,1501.0836181640625,1533.1303301234323,1496.5185563051293,1529.7065337292324,2371138,HCLTECH.NS,HCL Technologies,IT
2024-03-04,1495.4683837890625,1510.1222751143493,1492.7750422079573,1505.5572138231935,1788071,HCLTECH.NS,HCL Technologies,IT
2024-03-05,1478.4864501953125,1488.1643583143027,1467.2564657422972,1482.731979693518,3339546,HCLTECH.NS,HCL Technologies,IT
2024-03-06,1501.1746826171875,1506.4701981975882,1464.3346609697844,1472.688745268309,2366177,HCLTECH.NS,HCL Technologies,IT
2024-03-07,1495.194580078125,1510.6245098741051,1488.301292795223,1506.470259426524,3181239,HCLTECH.NS,HCL Technologies,IT
2024-03-11,1496.1075439453125,1515.417775299821,1490.0816853929307,1511.0352719244393,2970902,HCLTECH.NS,HCL Technologies,IT
2024-03-12,1493.3228759765625,1520.165459534355,1490.9947615131578,1493.5968242436431,2414182,HCLTECH.NS,HCL Technologies,IT
2024-03-13,1489.57958984375,1507.6115830398358,1470.2693571181082,1496.1989291182626,2564135,HCLTECH.NS,HCL Technologies,IT
2024-03-14,1533.17578125,1536.5995770991515,1469.949684569004,1491.861978003573,3513306,HCLTECH.NS,HCL Technologies,IT
2024-03-15,1504.00537109375,1531.1217947929415,1499.9423990427433,1531.1217947929415,3931561,HCLTECH.NS,HCL Technologies,IT
2024-03-18,1500.4444580078125,1518.6134253333096,1492.0903730505538,1506.3790380444218,1183544,HCLTECH.NS,HCL Technologies,IT
2024-03-19,1460.04345703125,1498.755195941675,1455.432700919175,1498.755195941675,1915379,HCLTECH.NS,HCL Technologies,IT
2024-03-20,1449.0418701171875,1478.2582651502923,1440.8247590141266,1465.1565602929747,1815178,HCLTECH.NS,HCL Technologies,IT
2024-03-21,1456.9849853515625,1479.0341419099852,1445.6179160287388,1468.1236901614145,2684744,HCLTECH.NS,HCL Technologies,IT
2024-03-22,1422.3363037109375,1434.75324969971,1377.0052170780964,1424.2993026042268,7468824,HCLTECH.NS,HCL Technologies,IT
2024-03-26,1426.3533935546875,1454.017709426583,1420.2362560346653,1426.3533935546875,4496344,HCLTECH.NS,HCL Technologies,IT
2024-03-27,1411.6995849609375,1439.68343446991,1406.038953236379,1432.5163101479732,2589697,HCLTECH.NS,HCL Technologies,IT
2024-03-28,1409.2802734375,1425.2579897440623,1397.8219237341123,1414.256146220862,5301493,HCLTECH.NS,HCL Technologies,IT
2024-04-01,1421.286376953125,1432.5164741996189,1413.3432135506755,1414.25622596253,1014857,HCLTECH.NS,HCL Technologies,IT
2024-04-02,1395.356689453125,1428.8641950045023,1392.434983333538,1423.3861214134308,2031775,HCLTECH.NS,HCL Technologies,IT
2024-04-03,1402.25,1422.884056886507,1385.9527517900428,1392.6633702939425,3343884,HCLTECH.NS,HCL Technologies,IT
2024-04-04,1405.71923828125,1417.451422612862,1386.5915660616156,1406.769224588337,3388449,HCLTECH.NS,HCL Technologies,IT
2024-04-05,1410.83203125,1413.0688664470747,1391.2479651234642,1408.2755526376184,2773570,HCLTECH.NS,HCL Technologies,IT
2024-04-08,1406.0845947265625,1418.8210713461935,1403.8933429824071,1418.8210713461935,1820136,HCLTECH.NS,HCL Technologies,IT
2024-04-09,1406.4954833984375,1425.9426904564862,1401.0631046579745,1406.038977236997,2432095,HCLTECH.NS,HCL Technologies,IT
2024-04-10,1405.2628173828125,1417.1319765526155,1402.5693643924972,1406.9975629364294,1829986,HCLTECH.NS,HCL Technologies,IT
2024-04-12,1389.1483154296875,1408.7323861076102,1384.3093053072525,1403.3000071083993,4319991,HCLTECH.NS,HCL Technologies,IT
2024-04-15,1374.1292724609375,1397.36539202733,1364.0404414824116,1376.000880894494,3295684,HCLTECH.NS,HCL Technologies,IT
2024-04-16,1348.79296875,1370.9790983572364,1339.662846742491,1357.055662295785,2446933,HCLTECH.NS,HCL Technologies,IT
2024-04-18,1339.2520751953125,1352.0799426410924,1325.7851437177155,1348.564867562703,5180223,HCLTECH.NS,HCL Technologies,IT
2024-04-19,1321.585205078125,1328.889302930025,1310.1725521845315,1316.563637804944,5219506,HCLTECH.NS,HCL Technologies,IT
2024-04-22,1338.384765625,1345.1410789997767,1324.3243537805613,1325.8764301246854,1939632,HCLTECH.NS,HCL Technologies,IT
2024-04-23,1357.3297119140625,1370.8422266233993,1343.1323265513258,1346.6018177539854,2783858,HCLTECH.NS,HCL Technologies,IT
2024-04-24,1350.573486328125,1366.7337599546497,1347.8801445409376,1360.3883688550995,1321471,HCLTECH.NS,HCL Technologies,IT
2024-04-25,1373.3076171875,1383.2594745902832,1351.2126503420632,1351.2126503420632,4558032,HCLTECH.NS,HCL Technologies,IT
2024-04-26,1345.6431884765625,1398.2326759329223,1337.5173565204998,1384.902718322189,4328477,HCLTECH.NS,HCL Technologies,IT
2024-04-29,1266.713134765625,1311.0855049117156,1260.8698344589689,1291.9122489206668,11493223,HCLTECH.NS,HCL Technologies,IT
2024-04-30,1247.72265625,1276.2999874092795,1243.9336327040305,1256.6702218680698,7606726,HCLTECH.NS,HCL Technologies,IT
2024-05-02,1242.335693359375,1258.0395705431451,1239.8706049258383,1239.8706049258383,6555505,HCLTECH.NS,HCL Technologies,IT
2024-05-03,1230.7861328125,1250.8267058919198,1217.5474559983156,1250.8267058919198,5964228,HCLTECH.NS,HCL Technologies,IT
2024-05-06,1240.6011962890625,1246.261828143908,1231.1971247267838,1239.870741845734,2504082,HCLTECH.NS,HCL Technologies,IT
2024-05-07,1231.4871826171875,1248.095835035207,1227.0459575549357,1247.216761393654,5096525,HCLTECH.NS,HCL Technologies,IT
2024-05-08,1215.47998046875,1234.30918723466,1209.6045432840135,1231.4870708253127,6832455,HCLTECH.NS,HCL Technologies,IT
2024-05-09,1221.4017333984375,1238.9355407186154,1216.2664438197312,1216.7290784503207,5653762,HCLTECH.NS,HCL Technologies,IT
2024-05-10,1217.8394775390625,1224.0388499744392,1206.181106277978,1221.4480506062341,3357203,HCLTECH.NS,HCL Technologies,IT
2024-05-13,1214.7861328125,1223.1135568295663,1204.3768527911673,1217.8394538500074,2316566,HCLTECH.NS,HCL Technologies,IT
2024-05-14,1222.3271484375,1227.786147371184,1210.8999813407804,1223.206109161284,3200462,HCLTECH.NS,HCL Technologies,IT
2024-05-15,1233.2913818359375,1240.1383967418385,1219.7361649985069,1220.661434230442,2975965,HCLTECH.NS,HCL Technologies,IT
2024-05-16,1247.4017333984375,1256.3306040459536,1229.2201704629056,1244.4871127381316,5055915,HCLTECH.NS,HCL Technologies,IT
2024-05-17,1233.5689697265625,1250.0388082340512,1230.793161862238,1250.0388082340512,2487831,HCLTECH.NS,HCL Technologies,IT
2024-05-21,1241.618896484375,1248.9747422415417,1215.8038604201188,1215.8038604201188,4966721,HCLTECH.NS,HCL Technologies,IT
2024-05-22,1242.68310546875,1251.7969864150368,1239.8609886363408,1248.1421045379886,2390777,HCLTECH.NS,HCL Technologies,IT
2024-05-23,1252.3983154296875,1256.9320446747904,1238.0103325294217,1246.0139346230249,3326149,HCLTECH.NS,HCL Technologies,IT
2024-05-24,1244.6722412109375,1258.3662722944846,1240.6473422678139,1258.3662722944846,1769966,HCLTECH.NS,HCL Technologies,IT
2024-05-27,1252.167236328125,1257.9963663013564,1238.010568061255,1250.0390713383822,1942325,HCLTECH.NS,HCL Technologies,IT
2024-05-28,1256.8858642578125,1261.4197065059454,1245.0423718073323,1256.3769209537074,2147233,HCLTECH.NS,HCL Technologies,IT
2024-05-29,1251.98193359375,1264.473069805763,1246.2915045075824,1263.917930785924,3845920,HCLTECH.NS,HCL Technologies,IT
2024-05-30,1232.31982421875,1250.5476961562244,1226.07425680053,1245.4124066554145,4150461,HCLTECH.NS,HCL Technologies,IT
2024-05-31,1225.149169921875,1240.6937407669247,1217.423193147763,1232.3200076546473,10319045,HCLTECH.NS,HCL Technologies,IT
2024-06-03,1216.2203369140625,1253.5087395038286,1211.964120196235,1249.6226531414484,5384064,HCLTECH.NS,HCL Technologies,IT
2024-06-04,1206.134765625,1225.9817456873423,1142.7075139048059,1225.9817456873423,5447244,HCLTECH.NS,HCL Technologies,IT
2024-06-05,1243.2843017578125,1255.4979241738529,1217.7468919030541,1221.3554647293367,3005139,HCLTECH.NS,HCL Technologies,IT
2024-06-06,1293.06396484375,1295.1921296072774,1249.9464341154678,1252.8147466178443,5936709,HCLTECH.NS,HCL Technologies,IT
2024-06-07,1324.5230712890625,1331.1387697149835,1293.5265481397898,1301.8539722694452,5884025,HCLTECH.NS,HCL Technologies,IT
2024-06-10,1312.725830078125,1334.2383414785243,1293.063857292814,1332.3878028634363,3293739,HCLTECH.NS,HCL Technologies,IT
2024-06-11,1322.0247802734375,1330.4909037491755,1309.6261494459893,1318.50871186264,2269082,HCLTECH.NS,HCL Technologies,IT
2024-06-12,1331.2313232421875,1361.9965301911382,1327.2989283690133,1361.9965301911382,5990861,HCLTECH.NS,HCL Technologies,IT
2024-06-13,1336.2276611328125,1348.764992181544,1329.704467491418,1339.558607970752,4232861,HCLTECH.NS,HCL Technologies,IT
2024-06-14,1324.106689453125,1337.939420439639,1317.9536259604138,1336.2276948080507,3065114,HCLTECH.NS,HCL Technologies,IT
2024-06-18,1329.7969970703125,1332.1564789720883,1320.405604003349,1324.1066812152874,2223029,HCLTECH.NS,HCL Technologies,IT
2024-06-19,1337.8006591796875,1343.3985838931799,1323.4127886412057,1332.4341647502422,3117522,HCLTECH.NS,HCL Technologies,IT
2024-06-20,1335.579833984375,1340.6688147841253,1322.7186819578756,1340.6688147841253,3163919,HCLTECH.NS,HCL Technologies,IT
2024-06-21,1339.651123046875,1371.2027833430911,1331.6475210742383,1352.7437061301246,6489262,HCLTECH.NS,HCL Technologies,IT
2024-06-24,1333.17431640625,1336.0426287931643,1319.989228207832,1330.3985083644777,1988692,HCLTECH.NS,HCL Technologies,IT
2024-06-25,1339.74365234375,1341.7330039499939,1319.8503621771401,1333.2667671732258,2079037,HCLTECH.NS,HCL Technologies,IT
2024-06-26,1335.811279296875,1344.6939551750315,1330.7222980094757,1339.743673928047,1917424,HCLTECH.NS,HCL Technologies,IT
2024-06-27,1346.17431640625,1351.4021104990725,1317.1208380287487,1327.761434893751,6613193,HCLTECH.NS,HCL Technologies,IT
2024-06-28,1350.5230712890625,1358.9429994766074,1334.2383539140906,1358.2953561344557,4943575,HCLTECH.NS,HCL Technologies,IT
2024-07-01,1359.08203125,1368.1034085349072,1346.2670717476926,1355.5197663988795,3723295,HCLTECH.NS,HCL Technologies,IT
2024-07-02,1370.1387939453125,1380.918090690662,1362.9216483877208,1364.7721869462919,3811366,HCLTECH.NS,HCL Technologies,IT
2024-07-03,1370.323974609375,1377.7261297726939,1361.2562893551399,1377.7261297726939,2070876,HCLTECH.NS,HCL Technologies,IT
2024-07-04,1408.5836181640625,1419.8719707669077,1374.0248343148164,1374.0248343148164,6822557,HCLTECH.NS,HCL Technologies,IT
2024-07-05,1405.854248046875,1414.9681283931573,1393.039290366231,1409.1851950582172,3061687,HCLTECH.NS,HCL Technologies,IT
2024-07-08,1418.8079833984375,1424.9147382585343,1393.6405903825255,1413.8115065318443,2939620,HCLTECH.NS,HCL Technologies,IT
2024-07-09,1416.6798095703125,1430.7439707678568,1411.035689402286,1418.8079741498877,2658608,HCLTECH.NS,HCL Technologies,IT
2024-07-10,1397.1103515625,1418.0677240551913,1376.6619223702419,1416.679820088098,3507096,HCLTECH.NS,HCL Technologies,IT
2024-07-11,1398.91455078125,1419.3629778728891,1395.3522868879031,1401.7828627623383,3304053,HCLTECH.NS,HCL Technologies,IT
2024-07-12,1443.605224609375,1448.9718321297648,1397.6193821404916,1415.6621348394253,6430647,HCLTECH.NS,HCL Technologies,IT
2024-07-15,1452.302734375,1514.1107715044948,1450.2671870049048,1461.9255581065509,10337489,HCLTECH.NS,HCL Technologies,IT
2024-07-16,1452.256591796875,1464.7014197036278,1438.793877219925,1448.0465709641046,3540650,HCLTECH.NS,HCL Technologies,IT
2024-07-18,1475.3883056640625,1479.7370264842543,1440.6443959580952,1441.6159739669074,4399468,HCLTECH.NS,HCL Technologies,IT
2024-07-19,1475.3883056640625,1495.6516143240196,1469.8828851939934,1490.1463068018704,5633838,HCLTECH.NS,HCL Technologies,IT
2024-07-22,1459.2423095703125,1475.3420192942463,1453.5056846211498,1469.8829073889917,2704495,HCLTECH.NS,HCL Technologies,IT
2024-07-23,1490.2431640625,1492.527522905302,1446.188989083619,1467.540135804418,2907674,HCLTECH.NS,HCL Technologies,IT
2024-07-24,1476.5841064453125,1489.9169507163356,1470.197438899955,1486.1874965218014,2484299,HCLTECH.NS,HCL Technologies,IT
2024-07-25,1480.2203369140625,1486.1874863472472,1457.1443392433634,1463.810761333236,2934731,HCLTECH.NS,HCL Technologies,IT
2024-07-26,1524.74072265625,1529.0762359661312,1486.1875122743982,1494.3923571149028,2814159,HCLTECH.NS,HCL Technologies,IT
2024-07-29,1521.943603515625,1533.7380250730414,1510.4289365460954,1529.2626345503043,1639491,HCLTECH.NS,HCL Technologies,IT
2024-07-30,1519.98583984375,1522.5498398802906,1508.5643851355237,1518.8203852816862,1783877,HCLTECH.NS,HCL Technologies,IT
2024-07-31,1531.5003662109375,1533.7380615254895,1509.6830360684005,1511.3613360077925,1984986,HCLTECH.NS,HCL Technologies,IT
2024-08-01,1529.589111328125,1543.5279012746564,1525.4400251233337,1529.1229295397607,1785188,HCLTECH.NS,HCL Technologies,IT
2024-08-02,1500.4527587890625,1528.1439116627548,1492.8539728291769,1510.4756673005784,1692851,HCLTECH.NS,HCL Technologies,IT
2024-08-05,1456.724853515625,1487.772491873508,1433.0427962539165,1468.4726116460108,3279717,HCLTECH.NS,HCL Technologies,IT
2024-08-06,1475.6983642578125,1496.443452619674,1457.2841847006544,1457.2841847006544,2138704,HCLTECH.NS,HCL Technologies,IT
2024-08-07,1486.7470703125,1505.7673117500217,1482.4582202368636,1496.4436751447583,1897787,HCLTECH.NS,HCL Technologies,IT
2024-08-08,1452.482666015625,1493.6465432634793,1449.4059343084905,1488.9847250884998,2373805,HCLTECH.NS,HCL Technologies,IT
2024-08-09,1482.411376953125,1493.6464032270571,1469.2650736949945,1477.7030093261794,2021762,HCLTECH.NS,HCL Technologies,IT
2024-08-12,1478.029296875,1492.247840812766,1467.4003297915276,1482.4580236752877,1273739,HCLTECH.NS,HCL Technologies,IT
2024-08-13,1484.9288330078125,1499.6135589434286,1470.943379735797,1471.2696842160287,1973825,HCLTECH.NS,HCL Technologies,IT
2024-08-14,1516.1629638671875,1519.5194497831724,1490.149998843967,1491.874848596663,3932148,HCLTECH.NS,HCL Technologies,IT
2024-08-16,1555.41552734375,1560.7766178770792,1522.2699568686448,1524.4144386075416,3101056,HCLTECH.NS,HCL Technologies,IT
2024-08-19,1564.9722900390625,1571.0326533904201,1546.8378636901812,1552.385381540089,1631947,HCLTECH.NS,HCL Technologies,IT
2024-08-20,1572.6640625,1580.4027247255742,1556.3010382894695,1566.3706091596266,2786109,HCLTECH.NS,HCL Technologies,IT
2024-08-21,1563.806884765625,1574.6222800164237,1560.543612089113,1571.9650664569049,1410370,HCLTECH.NS,HCL Technologies,IT
2024-08-22,1562.78125,1572.89737216191,1559.8442819364998,1572.89737216191,1749127,HCLTECH.NS,HCL Technologies,IT
2024-08-23,1549.075439453125,1571.9183473841358,1545.0663443086842,1562.6880389039611,2158185,HCLTECH.NS,HCL Technologies,IT
2024-08-26,1603.1524658203125,1616.7184010432115,1554.3432565792812,1557.979497199081,2672708,HCLTECH.NS,HCL Technologies,IT
2024-08-27,1595.83349609375,1638.0229484939941,1589.773132765538,1609.1196772363683,3556487,HCLTECH.NS,HCL Technologies,IT
2024-08-28,1603.1524658203125,1620.2147643672668,1578.5381590700906,1596.7192483551787,2516461,HCLTECH.NS,HCL Technologies,IT
2024-08-29,1633.3609619140625,1637.2302931715253,1582.4539379757239,1598.0710264783568,5112407,HCLTECH.NS,HCL Technologies,IT
2024-08-30,1634.6663818359375,1646.833771598181,1624.3637191597752,1633.361050112899,4792561,HCLTECH.NS,HCL Technologies,IT
2024-09-02,1684.4547119140625,1689.4428343852535,1640.9599274382153,1644.8758090122176,4445349,HCLTECH.NS,HCL Technologies,IT
2024-09-03,1669.350341796875,1694.2445179025374,1666.1803966465511,1683.8486411261572,2553290,HCLTECH.NS,HCL Technologies,IT
2024-09-04,1664.502197265625,1674.1988019365804,1645.6218334540417,1645.7150470557592,2644961,HCLTECH.NS,HCL Technologies,IT
2024-09-05,1669.443603515625,1676.109911861123,1647.7661509321904,1670.7954851404256,2878565,HCLTECH.NS,HCL Technologies,IT
2024-09-06,1637.3236083984375,1674.2918459414382,1622.359241700087,1667.0660284244977,3351716,HCLTECH.NS,HCL Technologies,IT
2024-09-09,1628.60595703125,1646.8337091318574,1623.384744151051,1639.4213509574986,1418238,HCLTECH.NS,HCL Technologies,IT
2024-09-10,1658.7679443359375,1668.2781206926354,1628.978974882689,1631.1233427274042,2307528,HCLTECH.NS,HCL Technologies,IT
2024-09-11,1658.4417724609375,1675.3175310510946,1653.733290701539,1657.9289269495077,2303930,HCLTECH.NS,HCL Technologies,IT
2024-09-12,1685.34033203125,1691.4939087050914,1656.9032437256415,1678.254391806405,3349489,HCLTECH.NS,HCL Technologies,IT
2024-09-13,1690.188720703125,1696.901692863614,1674.1986627575893,1682.9162393510019,1599349,HCLTECH.NS,HCL Technologies,IT
2024-09-16,1689.302734375,1700.8640641932807,1685.8995849386251,1695.9691559641371,836199,HCLTECH.NS,HCL Technologies,IT
2024-09-17,1691.074462890625,1704.3606440601309,1684.9674358450404,1689.3961629015425,830317,HCLTECH.NS,HCL Technologies,IT
2024-09-18,1637.696533203125,1685.806468375602,1622.4057486159593,1685.806468375602,2629136,HCLTECH.NS,HCL Technologies,IT
2024-09-19,1619.0491943359375,1655.8775520533402,1605.0637420381897,1655.8775520533402,4167373,HCLTECH.NS,HCL Technologies,IT
2024-09-20,1641.006591796875,1646.6473232613405,1604.9707160677635,1629.7715649454549,4644317,HCLTECH.NS,HCL Technologies,IT
2024-09-23,1634.2467041015625,1644.689129237831,1615.319680501441,1644.689129237831,1541597,HCLTECH.NS,HCL Technologies,IT
2024-09-24,1655.504638671875,1662.8703332218458,1620.7740976500002,1631.6361553900927,1907389,HCLTECH.NS,HCL Technologies,IT
2024-09-25,1661.844970703125,1663.3833934682102,1636.2981842657643,1658.4884843699795,2240579,HCLTECH.NS,HCL Technologies,IT
2024-09-26,1663.19677734375,1686.08634914261,1658.5816230708313,1661.7050183534875,4303250,HCLTECH.NS,HCL Technologies,IT
2024-09-27,1686.08642578125,1704.8735758503944,1675.0379394333459,1687.5781848393183,4099016,HCLTECH.NS,HCL Technologies,IT
2024-09-30,1674.6181640625,1697.554284830647,1668.1382828587978,1685.7133131674796,2117894,HCLTECH.NS,HCL Technologies,IT
2024-10-01,1693.6383056640625,1699.1858229894235,1668.9306727986084,1668.9306727986084,1642542,HCLTECH.NS,HCL Technologies,IT
2024-10-03,1658.25537109375,1686.9255525681092,1650.2836165728727,1657.7425255743321,3552386,HCLTECH.NS,HCL Technologies,IT
2024-10-04,1656.43701171875,1685.6200355057515,1647.719435544009,1657.742343413353,2982759,HCLTECH.NS,HCL Technologies,IT
2024-10-07,1656.7633056640625,1682.1702114970444,1648.3254841253056,1664.222213798516,3419048,HCLTECH.NS,HCL Technologies,IT
2024-10-08,1668.41796875,1672.6602685799348,1625.1097258276625,1654.012996912377,2353030,HCLTECH.NS,HCL Technologies,IT
2024-10-09,1687.2982177734375,1701.563425164765,1669.070579233304,1671.774456205936,2499596,HCLTECH.NS,HCL Technologies,IT
2024-10-10,1686.3193359375,1715.5022463915145,1675.4572779559167,1696.9016393320915,3753869,HCLTECH.NS,HCL Technologies,IT
2024-10-11,1715.22265625,1727.4832599006452,1678.860477190939,1681.9838723729733,2977110,HCLTECH.NS,HCL Technologies,IT
2024-10-14,1730.37353515625,1739.3242024732015,1708.4629917319025,1721.1897769518055,1751092,HCLTECH.NS,HCL Technologies,IT
2024-10-15,1743.613037109375,1755.4074586783076,1706.1786181357666,1706.2252818384295,5696544,HCLTECH.NS,HCL Technologies,IT
2024-10-16,1739.0911865234375,1757.5053674288592,1728.6487598393464,1742.5875499864921,2144442,HCLTECH.NS,HCL Technologies,IT
2024-10-17,1741.46875,1750.0931131632876,1726.2245143305172,1743.4266907661797,2399099,HCLTECH.NS,HCL Technologies,IT
2024-10-18,1732.0517578125,1747.156115929171,1718.3460588642158,1740.7227845358063,2366406,HCLTECH.NS,HCL Technologies,IT
2024-10-21,1718.905517578125,1760.768666160667,1715.5490313664957,1748.4615121133868,1284980,HCLTECH.NS,HCL Technologies,IT
2024-10-22,1710.5999755859375,1738.050283793804,1707.549941340619,1717.2162495419218,2089660,HCLTECH.NS,HCL Technologies,IT
2024-10-23,1732.184814453125,1750.2504017093745,1683.1496490433046,1683.1496490433046,2522186,HCLTECH.NS,HCL Technologies,IT
2024-10-24,1731.3870849609375,1748.3264365027062,1724.630017554938,1731.4809092527762,1621637,HCLTECH.NS,HCL Technologies,IT
2024-10-25,1738.3787841796875,1756.397517366626,1726.9763251697532,1745.5581187088746,4078295,HCLTECH.NS,HCL Technologies,IT
2024-10-28,1756.585205078125,1761.3245351469945,1731.5748999622106,1731.5748999622106,2418907,HCLTECH.NS,HCL Technologies,IT
2024-10-29,1756.585205078125,1760.4798873201205,1737.2995570294447,1756.585205078125,1719955,HCLTECH.NS,HCL Technologies,IT
2024-10-30,1725.6624755859375,1754.4265526745207,1722.3778233648327,1746.4965095645418,1732047,HCLTECH.NS,HCL Technologies,IT
2024-10-31,1657.388671875,1730.4487007951857,1648.4731870656876,1726.7886367510255,3616088,HCLTECH.NS,HCL Technologies,IT
2024-11-01,1649.2708740234375,1671.700379888333,1643.2646297349913,1667.6649040771442,242223,HCLTECH.NS,HCL Technologies,IT
2024-11-04,1654.4793701171875,1672.4511340400636,1637.633841468608,1654.5263395467941,2843690,HCLTECH.NS,HCL Technologies,IT
2024-11-05,1664.42724609375,1673.6242039784197,1653.1186114152172,1660.1571521961505,1818350,HCLTECH.NS,HCL Technologies,IT
2024-11-06,1725.2872314453125,1738.9889019867169,1673.295851183117,1680.8974527213302,3477029,HCLTECH.NS,HCL Technologies,IT
2024-11-07,1719.2337646484375,1747.951099998408,1702.5758863570634,1736.220199793215,2173869,HCLTECH.NS,HCL Technologies,IT
2024-11-08,1724.4425048828125,1740.0680884512183,1715.573989252963,1725.8032436206552,1521324,HCLTECH.NS,HCL Technologies,IT
2024-11-11,1752.4088134765625,1758.6965300600998,1721.1576500161275,1733.0761986062605,1679869,HCLTECH.NS,HCL Technologies,IT
2024-11-12,1757.617431640625,1776.4806977462522,1749.7342431691384,1774.6507229937558,2711052,HCLTECH.NS,HCL Technologies,IT
2024-11-13,1750.0159912109375,1763.9522801207017,1744.713600501544,1751.189081431618,1254074,HCLTECH.NS,HCL Technologies,IT
2024-11-14,1744.5726318359375,1780.281540396774,1732.7479065090558,1756.8197383356674,2462563,HCLTECH.NS,HCL Technologies,IT
2024-11-18,1722.0960693359375,1750.2971979300885,1703.3266298881344,1744.572427250855,2483933,HCLTECH.NS,HCL Technologies,IT
2024-11-19,1708.5352783203125,1750.2503136996743,1705.4852442615866,1723.9730971937274,2354204,HCLTECH.NS,HCL Technologies,IT
2024-11-21,1723.36328125,1726.3664608161048,1708.2069333661464,1722.0963667803624,1841245,HCLTECH.NS,HCL Technologies,IT
2024-11-22,1781.595458984375,1784.9739356351747,1723.504013035751,1732.747940316267,2765950,HCLTECH.NS,HCL Technologies,IT
2024-11-25,1775.3077392578125,1801.8195777779565,1762.919952569581,1800.9280750497876,6531524,HCLTECH.NS,HCL Technologies,IT
2024-11-26,1782.674560546875,1797.1269379191087,1772.9144286864623,1773.8059312761982,2079873,HCLTECH.NS,HCL Technologies,IT
2024-11-27,1774.6976318359375,1799.0509359272405,1770.9905984695636,1780.0468767449104,1631975,HCLTECH.NS,HCL Technologies,IT
2024-11-28,1727.6331787109375,1783.5660886501398,1722.096170835573,1769.1135965115943,3631255,HCLTECH.NS,HCL Technologies,IT
2024-11-29,1734.3433837890625,1757.1013318671214,1721.1108357331243,1728.6655818467866,2482280,HCLTECH.NS,HCL Technologies,IT
2024-12-02,1756.3504638671875,1762.966737727494,1722.5185002114504,1734.3433398391962,2014744,HCLTECH.NS,HCL Technologies,IT
2024-12-03,1774.416015625,1779.6245812884276,1756.8666342415381,1768.0813293335978,2954648,HCLTECH.NS,HCL Technologies,IT
2024-12-04,1780.8914794921875,1793.4200582430378,1762.075069373343,1766.2043692377797,3730643,HCLTECH.NS,HCL Technologies,IT
2024-12-05,1805.6202392578125,1818.8526723612479,1768.0813569447603,1769.0198290025864,3881814,HCLTECH.NS,HCL Technologies,IT
2024-12-06,1804.400146484375,1820.0257288709515,1797.4555450321857,1807.4971500419217,2250408,HCLTECH.NS,HCL Technologies,IT
2024-12-09,1792.3878173828125,1807.54416412357,1784.035393103919,1797.1740019957942,1379520,HCLTECH.NS,HCL Technologies,IT
2024-12-10,1817.2103271484375,1823.2635405935018,1794.5462042783754,1798.5347104821901,2695207,HCLTECH.NS,HCL Technologies,IT
2024-12-11,1812.0955810546875,1815.7556447127595,1798.1123255484772,1807.7316634069698,1387117,HCLTECH.NS,HCL Technologies,IT
2024-12-12,1817.069580078125,1829.0820684241883,1803.2740864428313,1806.51176926757,2306173,HCLTECH.NS,HCL Technologies,IT
2024-12-13,1847.6639404296875,1853.4824217018293,1794.6871209571937,1819.697425660682,2569918,HCLTECH.NS,HCL Technologies,IT
2024-12-16,1834.149658203125,1858.1745179475024,1830.254976579352,1849.5874764299224,1371189,HCLTECH.NS,HCL Technologies,IT
2024-12-17,1830.5836181640625,1842.4083434719544,1818.7588928561706,1825.6097848708437,1987909,HCLTECH.NS,HCL Technologies,IT
2024-12-18,1839.733642578125,1850.6198953413111,1826.970445733025,1829.0820078251782,3460812,HCLTECH.NS,HCL Technologies,IT
2024-12-19,1815.2396240234375,1826.4543195758906,1792.4816760422725,1792.4816760422725,1916115,HCLTECH.NS,HCL Technologies,IT
2024-12-20,1793.7486572265625,1837.1999620507947,1779.718544906639,1834.337576271211,3786921,HCLTECH.NS,HCL Technologies,IT
2024-12-23,1785.9124755859375,1820.0728842631352,1782.2993807726812,1800.4587937002739,2058339,HCLTECH.NS,HCL Technologies,IT
2024-12-24,1780.234619140625,1805.291893155666,1773.0084297341011,1791.1678421088616,1310301,HCLTECH.NS,HCL Technologies,IT
2024-12-26,1783.8009033203125,1791.4494741012606,1770.2400268487486,1788.352470244567,1065107,HCLTECH.NS,HCL Technologies,IT
2024-12-27,1775.5892333984375,1785.8186023167195,1766.86139694532,1783.097010283843,1328546,HCLTECH.NS,HCL Technologies,IT
2024-12-30,1810.265625,1847.8045072068758,1750.8604126433652,1771.8352401645416,6262203,HCLTECH.NS,HCL Technologies,IT
2024-12-31,1799.4263916015625,1809.1865241590258,1762.9667741548717,1797.3616842869485,1968650,HCLTECH.NS,HCL Technologies,IT
2025-01-01,1794.311767578125,1817.7735711478047,1790.5110241355897,1799.426509492068,880695,HCLTECH.NS,HCL Technologies,IT
2025-01-02,1850.8546142578125,1854.702441483175,1792.5286653801384,1794.3116707075037,3487645,HCLTECH.NS,HCL Technologies,IT
2025-01-03,1826.8765869140625,1869.5300945456042,1821.5741970709523,1858.174605976551,2853344,HCLTECH.NS,HCL Technologies,IT
2025-01-06,1832.8829345703125,1851.9808184124433,1811.251107386246,1831.193639009022,1789037,HCLTECH.NS,HCL Technologies,IT
2025-01-07,1798.0186767578125,1859.1131861102986,1791.4493722132531,1839.4052724766207,2494547,HCLTECH.NS,HCL Technologies,IT
2025-01-08,1813.3626708984375,1819.22812138006,1777.982319417122,1789.0093663225723,2372138,HCLTECH.NS,HCL Technologies,IT
2025-01-09,1815.7557373046875,1824.811900785615,1801.8663053769108,1808.2479610322837,2742139,HCLTECH.NS,HCL Technologies,IT
2025-01-10,1872.3455810546875,1879.149503479006,1816.1780512637806,1816.8819053076754,4802079,HCLTECH.NS,HCL Technologies,IT
2025-01-13,1866.996337890625,1888.393432109294,1844.4730084649243,1872.1579342173482,5694121,HCLTECH.NS,HCL Technologies,IT
2025-01-14,1701.9659423828125,1819.6972090253207,1687.1380389506294,1816.9756173118733,15819311,HCLTECH.NS,HCL Technologies,IT
2025-01-15,1713.368408203125,1730.1202262594975,1701.027592160338,1723.0347163244192,3350594,HCLTECH.NS,HCL Technologies,IT
2025-01-16,1681.9765625,1724.8646901487589,1675.4542274565556,1720.2192992397825,5362008,HCLTECH.NS,HCL Technologies,IT
2025-01-17,1695.86474609375,1699.8462705112652,1659.0352402054184,1680.791633847206,2424374,HCLTECH.NS,HCL Technologies,IT
2025-01-20,1702.784912109375,1705.4393386917775,1670.9323717295301,1697.002178185352,3401004,HCLTECH.NS,HCL Technologies,IT
2025-01-21,1708.66259765625,1726.0582459734371,1698.2346747092733,1698.2346747092733,4005357,HCLTECH.NS,HCL Technologies,IT
2025-01-22,1732.6468505859375,1736.2018245221852,1710.2269075387812,1714.1609861174493,3009261,HCLTECH.NS,HCL Technologies,IT
2025-01-23,1713.023193359375,1733.8315915057656,1710.3687669149274,1722.550568421341,3750930,HCLTECH.NS,HCL Technologies,IT
2025-01-24,1699.6092529296875,1734.2584438989493,1697.9502651542855,1706.3874261278338,3171259,HCLTECH.NS,HCL Technologies,IT
2025-01-27,1622.9166259765625,1687.1905998797515,1618.5085509521298,1682.687632974608,4174844,HCLTECH.NS,HCL Technologies,IT
2025-01-28,1605.1890869140625,1640.5018248367253,1603.0561027442373,1622.9165090590025,5079829,HCLTECH.NS,HCL Technologies,IT
2025-01-29,1629.5999755859375,1634.43471676705,1607.7961364710588,1607.7961364710588,3733620,HCLTECH.NS,HCL Technologies,IT
2025-01-30,1624.0068359375,1642.8244744315575,1609.5499422354403,1632.443997045686,2543744,HCLTECH.NS,HCL Technologies,IT
2025-01-31,1635.7144775390625,1647.801388303677,1620.1674848977057,1620.1674848977057,2033832,HCLTECH.NS,HCL Technologies,IT
2025-02-01,1605.900146484375,1641.8764346461157,1600.2121884684918,1636.2359225690857,569018,HCLTECH.NS,HCL Technologies,IT
2025-02-03,1604.004150390625,1612.1568670177537,1575.0903639917397,1578.4083394801364,2659929,HCLTECH.NS,HCL Technologies,IT
2025-02-04,1642.4453125,1645.6210658941568,1604.0515961388232,1606.9429053452877,3647768,HCLTECH.NS,HCL Technologies,IT
2025-02-05,1623.769775390625,1655.954206945469,1621.068018504145,1640.0278783696904,2681942,HCLTECH.NS,HCL Technologies,IT
2025-02-06,1633.8660888671875,1638.5586083689427,1623.7699393251253,1634.19786330397,2057798,HCLTECH.NS,HCL Technologies,IT
2025-02-07,1635.9041748046875,1640.9759143070874,1612.204349352534,1633.534192259472,2428098,HCLTECH.NS,HCL Technologies,IT
2025-02-10,1643.677734375,1649.5079148044463,1623.0588854399443,1634.2925799912337,1823071,HCLTECH.NS,HCL Technologies,IT
2025-02-11,1633.5814208984375,1658.039685532925,1625.807924922222,1652.162175474986,1702553,HCLTECH.NS,HCL Technologies,IT
2025-02-12,1627.9884033203125,1651.7830041563245,1610.7823074570779,1634.2451338919068,2214307,HCLTECH.NS,HCL Technologies,IT
2025-02-13,1614.52685546875,1639.980444379326,1611.8250985625864,1622.9640163147467,1838463,HCLTECH.NS,HCL Technologies,IT
2025-02-14,1622.2530517578125,1633.771190068781,1611.540684367637,1622.0160535033556,1460459,HCLTECH.NS,HCL Technologies,IT
2025-02-17,1620.9732666015625,1630.6901949280355,1605.994930794961,1622.2530340172739,1127023,HCLTECH.NS,HCL Technologies,IT
2025-02-18,1635.761962890625,1638.6059419625878,1612.7731320589255,1617.2760989228666,1511900,HCLTECH.NS,HCL Technologies,IT
2025-02-19,1623.248291015625,1641.5444845757354,1614.858461262562,1633.5813210612869,1294110,HCLTECH.NS,HCL Technologies,IT
2025-02-20,1599.78564453125,1625.3814557087253,1595.9936725049574,1616.5176285198243,1681532,HCLTECH.NS,HCL Technologies,IT
2025-02-21,1612.2515869140625,1615.5222320715775,1597.5103657630852,1602.1081084922093,1222563,HCLTECH.NS,HCL Technologies,IT
2025-02-24,1558.5478515625,1602.1080812096295,1552.4332276182972,1597.368116472323,4455420,HCLTECH.NS,HCL Technologies,IT
2025-02-25,1551.0113525390625,1566.0370187196709,1546.4136095492843,1550.9165763816884,1951519,HCLTECH.NS,HCL Technologies,IT
2025-02-27,1544.47021484375,1573.668446771363,1531.198312280618,1535.7487251624145,2266866,HCLTECH.NS,HCL Technologies,IT
2025-02-28,1493.1363525390625,1530.961178928889,1481.1915487088052,1528.1646459957171,4910121,HCLTECH.NS,HCL Technologies,IT
2025-03-03,1490.624267578125,1520.012051588203,1486.879625666338,1493.1364722588314,1784684,HCLTECH.NS,HCL Technologies,IT
2025-03-04,1455.6431884765625,1478.8690159709784,1443.7932764896154,1478.8690159709784,3246644,HCLTECH.NS,HCL Technologies,IT
2025-03-05,1491.1455078125,1499.1561179062205,1451.4246946288908,1452.3252416688824,3112003,HCLTECH.NS,HCL Technologies,IT
2025-03-06,1502.9954833984375,1511.764418810848,1493.2312247506734,1497.8289677414684,2011489,HCLTECH.NS,HCL Technologies,IT
2025-03-07,1476.9256591796875,1504.4649023257257,1474.697898757277,1500.341155889042,2091986,HCLTECH.NS,HCL Technologies,IT
2025-03-10,1468.7257080078125,1490.6716549764799,1466.5452776605111,1476.025208349978,1855766,HCLTECH.NS,HCL Technologies,IT
2025-03-11,1486.3109130859375,1492.0936476741422,1443.4142266271429,1450.3819525539884,1846190,HCLTECH.NS,HCL Technologies,IT
2025-03-12,1460.47802734375,1483.6090802375006,1428.7202610894649,1475.0771430348568,3113860,HCLTECH.NS,HCL Technologies,IT
2025-03-13,1454.932373046875,1467.445835358391,1449.623634966893,1460.478109395801,1983351,HCLTECH.NS,HCL Technologies,IT
2025-03-17,1464.79150390625,1467.0667104009847,1440.0489081153078,1448.533399737349,2029100,HCLTECH.NS,HCL Technologies,IT
2025-03-18,1464.79150390625,1464.79150390625,1464.79150390625,1464.79150390625,0,HCLTECH.NS,HCL Technologies,IT
2025-03-19,1464.1278076171875,1480.1489131734172,1445.7841653964808,1477.4471561477299,4522829,HCLTECH.NS,HCL Technologies,IT
2025-03-20,1480.7650146484375,1499.81965014328,1466.5925660786456,1467.3508910192666,4608677,HCLTECH.NS,HCL Technologies,IT
2025-03-21,1485.220703125,1509.2524201344636,1442.371462458021,1455.2641451233394,8109210,HCLTECH.NS,HCL Technologies,IT
2025-03-24,1520.722900390625,1527.1218527463352,1478.8689888752144,1508.2567700644013,2487843,HCLTECH.NS,HCL Technologies,IT
2025-03-25,1540.3939208984375,1572.673014625256,1534.7532928515081,1537.6447179254792,4906013,HCLTECH.NS,HCL Technologies,IT
2025-03-26,1548.4517822265625,1559.4010318931507,1537.6446389318796,1540.3938417636025,3096513,HCLTECH.NS,HCL Technologies,IT
2025-03-27,1545.370849609375,1559.4485228567605,1529.6341885717163,1541.1048810058155,3383080,HCLTECH.NS,HCL Technologies,IT
2025-03-28,1509.678955078125,1541.0101721457072,1499.3458075316585,1532.051568253916,2211077,HCLTECH.NS,HCL Technologies,IT
2025-04-01,1450.7611083984375,1502.568950563816,1446.7321380262633,1494.9850063338408,4126827,HCLTECH.NS,HCL Technologies,IT
2025-04-02,1448.106689453125,1458.5346119923602,1428.056615244691,1436.2093315400973,3167863,HCLTECH.NS,HCL Technologies,IT
2025-04-03,1393.6444091796875,1421.9894214584517,1388.8096682910877,1421.9894214584517,3966161,HCLTECH.NS,HCL Technologies,IT
2025-04-04,1348.140869140625,1380.467408422899,1345.2968900415076,1373.6419048737396,4421312,HCLTECH.NS,HCL Technologies,IT
2025-04-07,1302.6373291015625,1311.7854858964413,1234.9980428195763,1275.0507523257188,6484139,HCLTECH.NS,HCL Technologies,IT
2025-04-08,1330.365966796875,1350.1790438406704,1300.6464090920833,1308.230353168422,3938359,HCLTECH.NS,HCL Technologies,IT
2025-04-09,1308.2303466796875,1316.4778395330777,1286.4739535073224,1308.8465652771943,3306801,HCLTECH.NS,HCL Technologies,IT
2025-04-11,1318.2318115234375,1350.8901265394747,1289.2705769078495,1289.2705769078495,4859622,HCLTECH.NS,HCL Technologies,IT
2025-04-15,1352.31201171875,1354.4924419029862,1332.8781552587188,1346.150057231423,3265147,HCLTECH.NS,HCL Technologies,IT
2025-04-16,1357.2415771484375,1361.4127696321318,1332.4042060074933,1341.4101398083264,2553111,HCLTECH.NS,HCL Technologies,IT
2025-04-17,1363.2139892578125,1367.1007375710014,1312.0223651827625,1346.1501145661293,3549969,HCLTECH.NS,HCL Technologies,IT
2025-04-21,1404.9256591796875,1421.0415405602912,1355.6300220154878,1360.3699871274302,2840104,HCLTECH.NS,HCL Technologies,IT
2025-04-22,1402.934814453125,1421.8946737856309,1388.335699622736,1412.509520271681,2608145,HCLTECH.NS,HCL Technologies,IT
2025-04-23,1511.1009521484375,1516.788910563049,1463.4168544838876,1474.1292224534632,13293318,HCLTECH.NS,HCL Technologies,IT
2025-04-24,1504.1805419921875,1519.9173193654142,1494.1318387006902,1512.0489306788008,3193118,HCLTECH.NS,HCL Technologies,IT
2025-04-25,1496.12255859375,1533.8527276009634,1486.5478521035193,1507.3089226733819,3800415,HCLTECH.NS,HCL Technologies,IT
2025-04-28,1485.6702880859375,1504.9447575741863,1473.9712719127308,1500.725442184782,2618810,HCLTECH.NS,HCL Technologies,IT
2025-04-29,1504.5611572265625,1515.8765779532505,1484.5194969853353,1491.1361373405382,2231069,HCLTECH.NS,HCL Technologies,IT
2025-04-30,1503.122802734375,1522.6849985066974,1490.1772474955144,1506.4790577963017,3682256,HCLTECH.NS,HCL Technologies,IT
2025-05-02,1507.821533203125,1516.068307670284,1493.1498575964658,1502.6432878680168,1370848,HCLTECH.NS,HCL Technologies,IT
2025-05-05,1504.1776123046875,1532.0824525930022,1499.0953534113846,1515.1094379901713,1012225,HCLTECH.NS,HCL Technologies,IT
2025-05-06,1514.2462158203125,1518.7532566860564,1500.8211969176189,1512.0407472347094,2055057,HCLTECH.NS,HCL Technologies,IT
2025-05-07,1499.0953369140625,1513.5751567064074,1481.546870844413,1488.2593809388536,5469936,HCLTECH.NS,HCL Technologies,IT
2025-05-08,1515.7806396484375,1532.3701758594077,1491.903375735187,1497.7528254606946,2789018,HCLTECH.NS,HCL Technologies,IT
2025-05-09,1504.9447021484375,1512.9037505797344,1493.3416730475676,1501.6843168741163,2035161,HCLTECH.NS,HCL Technologies,IT
2025-05-12,1601.7008056640625,1606.2077297845854,1528.5344007621666,1533.1373115269892,4028207,HCLTECH.NS,HCL Technologies,IT
2025-05-13,1553.0828857421875,1618.7695857156496,1548.8635706536847,1615.796926354503,3118470,HCLTECH.NS,HCL Technologies,IT
2025-05-14,1570.439697265625,1574.850869144518,1550.589892038171,1563.0559826977235,1569126,HCLTECH.NS,HCL Technologies,IT
2025-05-15,1626.34521484375,1632.6741291788178,1558.2611875713997,1582.2344366109596,4961582,HCLTECH.NS,HCL Technologies,IT
2025-05-16,1591.7279052734375,1623.947929353214,1589.905914890835,1622.4136647888215,2586263,HCLTECH.NS,HCL Technologies,IT
2025-05-19,1581.8509521484375,1595.6595679749832,1570.8232568168796,1592.78277788849,1642018,HCLTECH.NS,HCL Technologies,IT
2025-05-20,1571.0150146484375,1597.5773279604416,1569.1930242964102,1592.5909389456224,2421580,HCLTECH.NS,HCL Technologies,IT
2025-05-21,1584.15234375,1589.4264586958989,1561.5216193935196,1577.439833818856,1420835,HCLTECH.NS,HCL Technologies,IT
2025-05-22,1565.9327392578125,1573.31645366732,1547.7130686846965,1571.110984832076,2202093,HCLTECH.NS,HCL Technologies,IT
2025-05-23,1580.50830078125,1602.1802113517929,1555.8638478264122,1565.9326123269839,1459454,HCLTECH.NS,HCL Technologies,IT
2025-05-26,1604.865234375,1606.9749506219957,1578.01519421127,1584.535965073787,1078813,HCLTECH.NS,HCL Technologies,IT
2025-05-27,1584.2481689453125,1606.6871534977495,1574.0835347457808,1605.057019382903,2740015,HCLTECH.NS,HCL Technologies,IT
2025-05-28,1589.23486328125,1598.3446990118694,1579.3578366663469,1595.6596479737714,1775441,HCLTECH.NS,HCL Technologies,IT
2025-05-29,1596.330810546875,1606.6873019299678,1587.604570486118,1601.4131866446114,2374051,HCLTECH.NS,HCL Technologies,IT
2025-05-30,1569.3848876953125,1596.3307985391575,1560.466908514017,1596.3307985391575,4408910,HCLTECH.NS,HCL Technologies,IT
2025-06-02,1564.494384765625,1568.0423791464434,1539.7539425233444,1558.3572090021166,1883100,HCLTECH.NS,HCL Technologies,IT
2025-06-03,1563.439453125,1583.86459133843,1550.5897680611688,1579.2617976970528,2380133,HCLTECH.NS,HCL Technologies,IT
2025-06-04,1559.3160400390625,1577.056244930418,1555.5761896505892,1564.0148204216632,1659720,HCLTECH.NS,HCL Technologies,IT
2025-06-05,1565.3572998046875,1585.9742940723036,1557.8775992476376,1567.7546247195266,1409322,HCLTECH.NS,HCL Technologies,IT
2025-06-06,1570.439697265625,1572.4535440176808,1555.384542291845,1564.2066519358489,1261281,HCLTECH.NS,HCL Technologies,IT
2025-06-09,1580.6043701171875,1589.9059443197057,1571.6862742702035,1580.316644293652,1299786,HCLTECH.NS,HCL Technologies,IT
2025-06-10,1599.591064453125,1615.7011348213027,1581.2755253813098,1585.3989710877127,3055223,HCLTECH.NS,HCL Technologies,IT
2025-06-11,1651.1815185546875,1654.5377734086287,1597.577310476077,1607.1666100587665,5085821,HCLTECH.NS,HCL Technologies,IT
2025-06-12,1631.331787109375,1655.1132996513404,1625.3864675023303,1654.1543695820176,3607962,HCLTECH.NS,HCL Technologies,IT
2025-06-13,1625.6741943359375,1640.7293496107186,1596.2349709556595,1597.5774964649079,1988422,HCLTECH.NS,HCL Technologies,IT
2025-06-16,1652.2364501953125,1658.373625830283,1614.2628442232112,1622.509619112286,2116100,HCLTECH.NS,HCL Technologies,IT
2025-06-17,1658.565185546875,1667.3874111478,1649.3594816189816,1657.0309210683722,1777245,HCLTECH.NS,HCL Technologies,IT
2025-06-18,1645.427978515625,1673.3328175633276,1639.7702682139197,1656.9351382925647,1794428,HCLTECH.NS,HCL Technologies,IT
2025-06-19,1643.5101318359375,1649.0718555389462,1627.495930782804,1649.0718555389462,2514527,HCLTECH.NS,HCL Technologies,IT
2025-06-20,1668.4422607421875,1671.031324811322,1638.9071711527313,1643.5100817832813,2719770,HCLTECH.NS,HCL Technologies,IT
2025-06-23,1633.2496337890625,1658.7572670683683,1629.4139135433795,1658.181815386002,2221446,HCLTECH.NS,HCL Technologies,IT
2025-06-24,1622.3177490234375,1661.4420210577741,1619.8244374882768,1649.263657419509,3601071,HCLTECH.NS,HCL Technologies,IT
2025-06-25,1646.5787353515625,1650.030860057095,1631.1399852400916,1632.0989152725667,1307518,HCLTECH.NS,HCL Technologies,IT
2025-06-26,1653.2911376953125,1655.9761884337884,1632.7700129280502,1639.7702485310815,2971055,HCLTECH.NS,HCL Technologies,IT
2025-06-27,1652.5242919921875,1680.5250041544848,1640.5376657143381,1663.7437273654957,6478283,HCLTECH.NS,HCL Technologies,IT
2025-06-30,1657.6064453125,1663.5518818003004,1642.9348859206502,1654.1543205765877,1855229,HCLTECH.NS,HCL Technologies,IT
2025-07-01,1647.7296142578125,1673.3330007415293,1643.6061680635996,1657.606523913439,1639826,HCLTECH.NS,HCL Technologies,IT
2025-07-02,1648.0169677734375,1667.0996969479793,1640.7291236571716,1651.2773529734945,2069447,HCLTECH.NS,HCL Technologies,IT
2025-07-03,1641.59228515625,1659.4283596877756,1636.4140397614499,1645.5238747322871,1839063,HCLTECH.NS,HCL Technologies,IT
2025-07-04,1655.017333984375,1657.9899936153388,1636.126342481173,1644.5649734241215,768500,HCLTECH.NS,HCL Technologies,IT
2025-07-07,1640.154052734375,1654.6338737118972,1633.3456724926943,1654.6338737118972,1366412,HCLTECH.NS,HCL Technologies,IT
2025-07-08,1637.9483642578125,1648.3048554262311,1618.1944290098697,1630.1810544099428,2139193,HCLTECH.NS,HCL Technologies,IT
2025-07-09,1605.248779296875,1643.8937041397376,1602.3719893698196,1639.770258421539,2894808,HCLTECH.NS,HCL Technologies,IT
2025-07-10,1595.371826171875,1610.9065627175496,1581.2756017119339,1606.2077822119402,2740853,HCLTECH.NS,HCL Technologies,IT
2025-07-11,1571.0150146484375,1587.508563288422,1563.0558490849457,1575.7136778498752,2548153,HCLTECH.NS,HCL Technologies,IT
2025-07-14,1553.2747802734375,1574.9465737382102,1541.0004300872035,1572.6451184461816,3334703,HCLTECH.NS,HCL Technologies,IT
2025-07-15,1502.0679931640625,1554.8091437874011,1486.3415175668172,1524.6987180201543,14685607,HCLTECH.NS,HCL Technologies,IT
2025-07-16,1498.6158447265625,1509.3558138601197,1495.930793914731,1502.0679693011427,5218099,HCLTECH.NS,HCL Technologies,IT
2025-07-17,1480.491943359375,1502.4514621828941,1479.0535484633829,1499.3828161706522,4966082,HCLTECH.NS,HCL Technologies,IT
2025-07-18,1496.824951171875,1497.9846340215815,1478.6558000342063,1492.1859838253688,3902458,HCLTECH.NS,HCL Technologies,IT
2025-07-21,1479.04248046875,1498.661177244911,1474.7901131662927,1496.8250322956687,3368842,HCLTECH.NS,HCL Technologies,IT
2025-07-22,1469.0880126953125,1488.1269850748508,1467.348488410002,1481.651754864756,3218227,HCLTECH.NS,HCL Technologies,IT
2025-07-23,1478.4625244140625,1484.454415620914,1467.0584654378565,1472.9537360717918,3471536,HCLTECH.NS,HCL Technologies,IT
2025-07-24,1456.620849609375,1486.2906799025195,1451.2087998083928,1478.6557670530337,4654421,HCLTECH.NS,HCL Technologies,IT
2025-07-25,1440.0947265625,1461.4530641371007,1436.7121806759485,1450.7255850630906,2733655,HCLTECH.NS,HCL Technologies,IT
2025-07-28,1416.900146484375,1444.0571345390333,1414.387421670299,1440.0947471813938,4404841,HCLTECH.NS,HCL Technologies,IT
2025-07-29,1422.98876953125,1427.9175985609565,1411.9713106582453,1416.9001396879519,6223556,HCLTECH.NS,HCL Technologies,IT
2025-07-30,1426.9510498046875,1434.489341618992,1419.5094965313033,1430.8168162789298,1642426,HCLTECH.NS,HCL Technologies,IT
2025-07-31,1418.6397705078125,1432.943036636319,1410.5216367733422,1415.8370660314808,2306285,HCLTECH.NS,HCL Technologies,IT
2025-08-01,1403.3699951171875,1417.673379733167,1401.34049110415,1415.8371168741928,2152783,HCLTECH.NS,HCL Technologies,IT
2025-08-04,1424.921630859375,1425.8880725354904,1392.255855017138,1403.3699342924656,2384774,HCLTECH.NS,HCL Technologies,IT
2025-08-05,1432.943115234375,1435.5525787067136,1421.8290352668328,1430.2371491570193,2614394,HCLTECH.NS,HCL Technologies,IT
2025-08-06,1414.097412109375,1433.9094664530244,1407.5256795016378,1431.2035005464868,1735697,HCLTECH.NS,HCL Technologies,IT
2025-08-07,1425.9847412109375,1429.5605283436514,1402.3069193473875,1409.0720113084017,1495363,HCLTECH.NS,HCL Technologies,IT
2025-08-08,1426.177978515625,1432.459849605334,1410.03844921314,1425.3082753591998,2815614,HCLTECH.NS,HCL Technologies,IT
2025-08-11,1438.065185546875,1479.6221767958773,1416.4168688363486,1425.5014440064788,2374556,HCLTECH.NS,HCL Technologies,IT
2025-08-12,1448.792724609375,1459.2303421281783,1439.0316870628837,1439.998128760038,3422656,HCLTECH.NS,HCL Technologies,IT
2025-08-13,1450.7255859375,1456.9108362999757,1439.0316651745698,1449.6625236815678,2916128,HCLTECH.NS,HCL Technologies,IT
2025-08-14,1439.8048095703125,1465.3187746132169,1435.939042991226,1450.6289088022215,4227538,HCLTECH.NS,HCL Technologies,IT
2025-08-18,1435.166015625,1451.498904986815,1426.3714191913605,1447.826379104094,2795155,HCLTECH.NS,HCL Technologies,IT
2025-08-19,1426.5645751953125,1432.84644626918,1419.8961038452082,1426.7579343203515,2515817,HCLTECH.NS,HCL Technologies,IT
2025-08-20,1445.7967529296875,1449.9524993422156,1409.0719690985857,1418.736385896244,10219330,HCLTECH.NS,HCL Technologies,IT
2025-08-21,1443.3807373046875,1454.4948173040207,1436.2290448407825,1449.6626086086583,2157601,HCLTECH.NS,HCL Technologies,IT
2025-08-22,1417.0933837890625,1441.4476652378094,1414.8705208904814,1439.6114025790462,2802805,HCLTECH.NS,HCL Technologies,IT
2025-08-25,1453.7215576171875,1459.036986965969,1426.6611900233913,1430.3337156720854,2764914,HCLTECH.NS,HCL Technologies,IT
2025-08-26,1442.7042236328125,1455.944427794611,1435.1659311483554,1451.4988195487851,4092265,HCLTECH.NS,HCL Technologies,IT
2025-08-28,1401.1470947265625,1438.0651170748392,1397.4745694154687,1438.0651170748392,4367902,HCLTECH.NS,HCL Technologies,IT
2025-08-29,1405.9793701171875,1413.5175442592238,1390.9027858854445,1401.1471618310738,3404604,HCLTECH.NS,HCL Technologies,IT
2025-09-01,1419.123046875,1423.0854343367887,1397.4747287273321,1397.4747287273321,2105254,HCLTECH.NS,HCL Technologies,IT
2025-09-02,1416.5135498046875,1427.8209884574726,1410.714899615723,1419.702854598154,1295198,HCLTECH.NS,HCL Technologies,IT
2025-09-03,1416.900146484375,1425.501501170954,1403.8531835923018,1425.501501170954,1800307,HCLTECH.NS,HCL Technologies,IT
2025-09-04,1394.8653564453125,1416.7069153276318,1392.5458727644818,1415.9337147760748,2192155,HCLTECH.NS,HCL Technologies,IT
2025-09-05,1371.3807373046875,1403.5632922829793,1355.724429353746,1399.4075458894908,3895199,HCLTECH.NS,HCL Technologies,IT
2025-09-08,1355.917724609375,1380.6586088905867,1353.984841181564,1376.1163800247678,2929976,HCLTECH.NS,HCL Technologies,IT
2025-09-09,1379.2088623046875,1383.7512088676497,1361.8129125140701,1362.8759747398408,2906889,HCLTECH.NS,HCL Technologies,IT
2025-09-10,1414.7740478515625,1422.50558155882,1384.0411541756769,1386.7472381627538,3205017,HCLTECH.NS,HCL Technologies,IT
2025-09-11,1418.4464111328125,1421.0558744615525,1409.3619536905094,1414.774003521241,1982922,HCLTECH.NS,HCL Technologies,IT
2025-09-12,1417.963134765625,1430.3336350147456,1413.9041270449816,1425.5014267883444,2110883,HCLTECH.NS,HCL Technologies,IT
2025-09-15,1417.2867431640625,1419.0263854014643,1403.2733386118095,1417.9632051598078,1725617,HCLTECH.NS,HCL Technologies,IT
2025-09-16,1433.32958984375,1435.359093717273,1412.0678735092833,1414.7739573232038,1724524,HCLTECH.NS,HCL Technologies,IT
2025-09-17,1431.7833251953125,1448.6960543150683,1425.7914340681334,1440.771279859917,2656774,HCLTECH.NS,HCL Technologies,IT
2025-09-18,1443.670654296875,1452.4652501455912,1436.2289824450074,1442.5108534760675,2792406,HCLTECH.NS,HCL Technologies,IT
2025-09-19,1418.156494140625,1443.670577175497,1414.8705689512992,1443.670577175497,3197957,HCLTECH.NS,HCL Technologies,IT
2025-09-22,1391.5794677734375,1400.5673050597345,1367.5150451509246,1375.2465789750993,4457129,HCLTECH.NS,HCL Technologies,IT
2025-09-23,1381.8184814453125,1395.735148468726,1372.7339052683606,1395.735148468726,3106480,HCLTECH.NS,HCL Technologies,IT
2025-09-24,1393.8988037109375,1396.218169233177,1372.3471082717847,1377.2759369672904,2894044,HCLTECH.NS,HCL Technologies,IT
2025-09-25,1376.0196533203125,1394.0920647869427,1368.4813613437166,1391.8692018268655,2713246,HCLTECH.NS,HCL Technologies,IT
2025-09-26,1348.47607421875,1378.6290063478662,1345.2867696012825,1372.3471356564808,2568054,HCLTECH.NS,HCL Technologies,IT
2025-09-29,1340.8411865234375,1355.5310526080243,1336.5888196124774,1350.2156234627832,2990852,HCLTECH.NS,HCL Technologies,IT
2025-09-30,1338.6182861328125,1357.850498279726,1335.5257200878293,1345.3833775833164,2782077,HCLTECH.NS,HCL Technologies,IT
2025-10-01,1342.8707275390625,1349.9257990618369,1335.6224148679269,1339.5848022000466,2253527,HCLTECH.NS,HCL Technologies,IT
2025-10-03,1346.7364501953125,1352.8250798292172,1334.0760880724201,1349.6357751688224,2793839,HCLTECH.NS,HCL Technologies,IT
2025-10-06,1370.1243896484375,1373.313694538169,1344.127201562293,1346.7365470365507,1970901,HCLTECH.NS,HCL Technologies,IT
2025-10-07,1385.297607421875,1393.512362174582,1369.641180520644,1374.2801480411224,1592836,HCLTECH.NS,HCL Technologies,IT
2025-10-08,1404.4329833984375,1409.7484125673295,1379.3055000545844,1385.104150057012,1735807,HCLTECH.NS,HCL Technologies,IT
2025-10-09,1436.6156005859375,1441.0612088530563,1403.7565824763365,1404.4330444831742,2681316,HCLTECH.NS,HCL Technologies,IT
2025-10-10,1445.3134765625,1448.2128014904088,1424.438360676324,1440.964489170637,2129445,HCLTECH.NS,HCL Technologies,IT
2025-10-13,1444.5404052734375,1451.7887182415732,1426.9512129936327,1439.9981763362766,1820492,HCLTECH.NS,HCL Technologies,IT
2025-10-14,1445.217041015625,1483.4881113688732,1440.1914730462227,1464.5458763429067,5802489,HCLTECH.NS,HCL Technologies,IT
2025-10-15,1445.5067138671875,1458.7470351204831,1436.2288977172564,1447.6329562596472,1710696,HCLTECH.NS,HCL Technologies,IT
2025-10-16,1464.1591796875,1468.894767625812,1447.7296707405117,1449.5659335705313,2021043,HCLTECH.NS,HCL Technologies,IT
2025-10-17,1447.7933349609375,1462.5032134848466,1440.97423007755,1460.262602885433,3210161,HCLTECH.NS,HCL Technologies,IT
2025-10-20,1456.755615234375,1470.8809035024256,1450.6183734550607,1451.3977472706317,2354881,HCLTECH.NS,HCL Technologies,IT
2025-10-21,1447.5985107421875,1464.1591935703282,1442.7277216750872,1463.8668986600028,274400,HCLTECH.NS,HCL Technologies,IT
2025-10-23,1484.5191650390625,1507.5092664174313,1466.5946368926934,1470.9783471989153,5011470,HCLTECH.NS,HCL Technologies,IT
2025-10-24,1484.4217529296875,1492.9942705073913,1477.2129611850667,1485.5906947625444,1491451,HCLTECH.NS,HCL Technologies,IT
2025-10-27,1493.8709716796875,1509.4574963271443,1487.3441620498634,1491.825264102858,1394846,HCLTECH.NS,HCL Technologies,IT
2025-10-28,1482.765625,1502.151389805938,1472.9266545957055,1495.3322849235503,1936466,HCLTECH.NS,HCL Technologies,IT
2025-10-29,1517.0560302734375,1518.7120510116401,1482.668211443051,1490.4614740524758,2596355,HCLTECH.NS,HCL Technologies,IT
2025-10-30,1509.7498779296875,1519.5888483952594,1498.3521597772603,1517.4456297837098,2183395,HCLTECH.NS,HCL Technologies,IT
2025-10-31,1501.664306640625,1517.9326949620302,1497.8650672908846,1509.7498642588992,1723467,HCLTECH.NS,HCL Technologies,IT
2025-11-03,1503.612548828125,1509.6522795596784,1488.707887075192,1500.300388559057,2252136,HCLTECH.NS,HCL Technologies,IT
2025-11-04,1489.5845947265625,1502.0538615178439,1485.5905717267078,1496.6959938821083,1666863,HCLTECH.NS,HCL Technologies,IT
2025-11-06,1486.9544677734375,1492.3123355944192,1475.1671823504266,1489.5846462283484,2474769,HCLTECH.NS,HCL Technologies,IT
2025-11-07,1473.3162841796875,1479.5509178983948,1451.9822045233007,1475.946462679952,2238714,HCLTECH.NS,HCL Technologies,IT
2025-11-10,1500.6900634765625,1504.9763815013841,1472.3420957977394,1478.7715133770996,1558896,HCLTECH.NS,HCL Technologies,IT
2025-11-11,1529.427734375,1531.8631288564889,1501.3719423819498,1507.8014789456774,2270763,HCLTECH.NS,HCL Technologies,IT
2025-11-12,1552.8076171875,1558.6525643036387,1532.8373812073596,1534.2986179863942,2331564,HCLTECH.NS,HCL Technologies,IT
2025-11-13,1557.191162109375,1563.5231874792285,1539.1692437490224,1558.0679278668106,1944022,HCLTECH.NS,HCL Technologies,IT
2025-11-14,1553.3919677734375,1556.7041279991377,1533.4217333404072,1548.9108657813697,2543918,HCLTECH.NS,HCL Technologies,IT
2025-11-17,1564.8870849609375,1566.1534187282307,1544.5271635317379,1552.8075046796532,2000978,HCLTECH.NS,HCL Technologies,IT
2025-11-18,1553.9764404296875,1562.5490764453111,1549.0082595433407,1562.5490764453111,1640123,HCLTECH.NS,HCL Technologies,IT
2025-11-19,1619.634765625,1626.3564783573356,1547.5470870395295,1554.0740157744206,6342672,HCLTECH.NS,HCL Technologies,IT
2025-11-20,1602.8792724609375,1625.284901924648,1600.1515830468825,1619.634739102283,2724035,HCLTECH.NS,HCL Technologies,IT
2025-11-21,1566.44580078125,1601.0284039701394,1564.4974851086365,1593.7222201978389,2958835,HCLTECH.NS,HCL Technologies,IT
2025-11-24,1568.78369140625,1597.6187375198003,1561.4775081553973,1572.5829304798422,6392688,HCLTECH.NS,HCL Technologies,IT
2025-11-25,1559.7239990234375,1577.0640550876165,1551.443657886809,1576.4795842022975,2285950,HCLTECH.NS,HCL Technologies,IT
2025-11-26,1576.08984375,1585.4417343445525,1559.7239460227277,1559.7239460227277,1243303,HCLTECH.NS,HCL Technologies,IT
2025-11-27,1586.9029541015625,1590.9943690320295,1572.2905880416954,1577.2587687189023,2106176,HCLTECH.NS,HCL Technologies,IT
2025-11-28,1582.22705078125,1594.5989261874731,1577.1614777888692,1586.90305578633,1841289,HCLTECH.NS,HCL Technologies,IT
2025-12-01,1600.44384765625,1603.950791896683,1585.928872886608,1587.8771884552648,2034350,HCLTECH.NS,HCL Technologies,IT
2025-12-02,1593.2349853515625,1610.1853538275366,1582.0321713304418,1608.3344303365513,2326220,HCLTECH.NS,HCL Technologies,IT
2025-12-03,1598.1058349609375,1611.8414358488947,1586.7082365235517,1593.2350460704745,2371611,HCLTECH.NS,HCL Technologies,IT
2025-12-04,1611.8414306640625,1628.7917997314983,1602.5869318019516,1607.3603286823998,3935708,HCLTECH.NS,HCL Technologies,IT
2025-12-05,1639.507568359375,1647.3008307164012,1608.3345189312704,1619.7321175621228,3391204,HCLTECH.NS,HCL Technologies,IT
2025-12-08,1644.9627685546875,1651.5870888841594,1633.5651703372862,1639.5075088858093,2702407,HCLTECH.NS,HCL Technologies,IT
2025-12-09,1614.763916015625,1643.4041785958807,1613.5949742432656,1643.4041785958807,2817704,HCLTECH.NS,HCL Technologies,IT
2025-12-10,1622.94677734375,1627.8175659912404,1614.1793577782676,1620.3165990404007,1482249,HCLTECH.NS,HCL Technologies,IT
2025-12-11,1629.1815185546875,1634.0523075249444,1606.3862023907357,1624.4081215806864,1408684,HCLTECH.NS,HCL Technologies,IT
2025-12-12,1629.960693359375,1634.5393061159139,1617.1018586759587,1634.0522272428186,1284337,HCLTECH.NS,HCL Technologies,IT
2025-12-15,1640.481689453125,1644.3783205444627,1617.1019029050995,1629.9607379402162,1689723,HCLTECH.NS,HCL Technologies,IT
2025-12-16,1609.016357421875,1638.53338571781,1602.879234758229,1637.559227937954,1929309,HCLTECH.NS,HCL Technologies,IT
2025-12-17,1612.231201171875,1621.485700513949,1603.756075656486,1608.334569869949,1394918,HCLTECH.NS,HCL Technologies,IT
2025-12-18,1618.4656982421875,1630.6426700314844,1608.529217912677,1614.179380389207,1822056,HCLTECH.NS,HCL Technologies,IT
2025-12-19,1599.956787109375,1637.5592542324557,1590.3126011507936,1631.7143074594667,3487150,HCLTECH.NS,HCL Technologies,IT
2025-12-22,1627.1357421875,1630.2529994303923,1601.515345720684,1609.2112157515169,1339691,HCLTECH.NS,HCL Technologies,IT
2025-12-23,1636.48779296875,1643.3068979061268,1613.400180617037,1631.811787731105,1614314,HCLTECH.NS,HCL Technologies,IT
2025-12-24,1631.4219970703125,1636.5850809037474,1622.0701061054401,1632.6884497587384,989858,HCLTECH.NS,HCL Technologies,IT
2025-12-26,1617.978759765625,1633.07820609456,1607.8474945746732,1624.8952565589548,921138,HCLTECH.NS,HCL Technologies,IT
2025-12-29,1588.656494140625,1617.8812264175626,1583.3960185476283,1616.8095577681495,1516288,HCLTECH.NS,HCL Technologies,IT
2025-12-30,1573.4595947265625,1593.4298291662626,1569.4655716217715,1588.656551188881,3323273,HCLTECH.NS,HCL Technologies,IT
2025-12-31,1581.350341796875,1589.5331718608172,1575.0183163471745,1582.519283544369,1359963,HCLTECH.NS,HCL Technologies,IT
2026-01-01,1592.2608642578125,1603.171383641462,1576.576948050413,1580.9606579856593,773806,HCLTECH.NS,HCL Technologies,IT
2026-01-02,1597.8135986328125,1600.5412880777594,1583.1038394275422,1589.8255521259302,950573,HCLTECH.NS,HCL Technologies,IT
2026-01-05,1566.0560302734375,1591.2867406702128,1539.2666912049156,1583.0063995035787,3245802,HCLTECH.NS,HCL Technologies,IT
2026-01-06,1574.5313720703125,1583.980655598294,1556.022373019656,1558.9448465539701,2112043,HCLTECH.NS,HCL Technologies,IT
2026-01-07,1605.1197509765625,1611.744071547711,1574.9208593368048,1578.9150014282086,3816569,HCLTECH.NS,HCL Technologies,IT
2026-01-08,1604.1456298828125,1617.6864473239102,1593.1377178988225,1610.5751666083943,3266398,HCLTECH.NS,HCL Technologies,IT
2026-01-09,1618.4656982421875,1631.7142197657945,1604.5351949489357,1604.5351949489357,3281306,HCLTECH.NS,HCL Technologies,IT
2026-01-12,1624.5054931640625,1633.8573840862946,1599.0799988419571,1616.3225440137053,4175707,HCLTECH.NS,HCL Technologies,IT
2026-01-13,1621.97265625,1653.7301751658008,1583.9805039414414,1641.45581128003,7149266,HCLTECH.NS,HCL Technologies,IT
2026-01-14,1625.3822021484375,1634.539308760591,1606.5809100502474,1621.9726500312547,2470615,HCLTECH.NS,HCL Technologies,IT
2026-01-15,1625.3822021484375,1625.3822021484375,1625.3822021484375,1625.3822021484375,0,HCLTECH.NS,HCL Technologies,IT
2026-01-16,1666.1026611328125,1668.9482078899503,1633.5263790380302,1638.6286478750276,3098089,HCLTECH.NS,HCL Technologies,IT
2026-01-19,1684.549560546875,1686.7081851242312,1653.4449805546499,1666.1026750092756,2087629,HCLTECH.NS,HCL Technologies,IT
2026-01-20,1655.603759765625,1687.689435423555,1650.207078431422,1687.689435423555,1739341,HCLTECH.NS,HCL Technologies,IT
2026-01-21,1650.893798828125,1663.0608855505577,1637.5493023294396,1655.8979700429832,1728435,HCLTECH.NS,HCL Technologies,IT
2026-01-22,1671.1068115234375,1676.8960024857017,1649.912596945411,1658.8416271869417,1853439,HCLTECH.NS,HCL Technologies,IT
2026-01-23,1674.93359375,1688.6706003771237,1666.8876806364187,1680.5264699658806,1874357,HCLTECH.NS,HCL Technologies,IT
2026-01-27,1687.8856201171875,1693.0861063727632,1668.5557368223028,1687.6894250716618,2671530,HCLTECH.NS,HCL Technologies,IT
2026-01-28,1697.1090087890625,1701.8188875031153,1659.2341433689587,1673.0692473978506,2713867,HCLTECH.NS,HCL Technologies,IT
2026-01-29,1689.25927734375,1692.5954314248952,1664.2383014009472,1690.4368069014902,2235602,HCLTECH.NS,HCL Technologies,IT
2026-01-30,1663.7476806640625,1681.0170360441418,1651.3843989588458,1681.0170360441418,4448681,HCLTECH.NS,HCL Technologies,IT
2026-02-02,1645.3009033203125,1656.7810677235416,1622.5366497713308,1638.6285952610688,1916380,HCLTECH.NS,HCL Technologies,IT
2026-02-03,1663.4534912109375,1746.660434027475,1657.3698876107314,1746.5623365033355,3200948,HCLTECH.NS,HCL Technologies,IT
2026-02-04,1591.3341064453125,1614.098240405197,1556.2065709924877,1611.154596197771,5834470,HCLTECH.NS,HCL Technologies,IT
2026-02-05,1579.7557373046875,1601.1462666275152,1570.1397849058696,1583.386183945381,3184531,HCLTECH.NS,HCL Technologies,IT
2026-02-06,1563.761962890625,1581.7182414582567,1544.5301769623286,1581.7182414582567,3342992,HCLTECH.NS,HCL Technologies,IT
2026-02-09,1571.906005859375,1589.4697735756636,1564.4487978269658,1570.336086238424,1863558,HCLTECH.NS,HCL Technologies,IT
2026-02-10,1543.5489501953125,1572.2985912297154,1538.3485837150533,1565.0375778847172,3234785,HCLTECH.NS,HCL Technologies,IT
2026-02-11,1522.4527587890625,1548.4549492651706,1517.0560777468513,1544.4319928073237,2944646,HCLTECH.NS,HCL Technologies,IT
2026-02-12,1448.37109375,1506.164667487195,1441.8951002426272,1500.2773788846391,5397659,HCLTECH.NS,HCL Technologies,IT
2026-02-13,1427.8636474609375,1449.0579817516502,1369.775782530959,1396.2685806171596,7214938,HCLTECH.NS,HCL Technologies,IT
2026-02-16,1434.33984375,1439.4421128033866,1419.6216217376955,1423.8407735149042,2388700,HCLTECH.NS,HCL Technologies,IT
2026-02-17,1454.7490234375,1482.3211350761128,1430.6111635632708,1436.4984523022142,2840341,HCLTECH.NS,HCL Technologies,IT
2026-02-18,1439.6383056640625,1455.3377424533203,1416.2854653063598,1455.3377424533203,2036245,HCLTECH.NS,HCL Technologies,IT
2026-02-19,1423.1539306640625,1473.5883939499088,1415.8929173886818,1442.38571625874,2397127,HCLTECH.NS,HCL Technologies,IT
2026-02-20,1409.5150146484375,1427.6674878618005,1404.118333422843,1415.8929106423218,2392491,HCLTECH.NS,HCL Technologies,IT
2026-02-23,1399.408447265625,1414.519178573271,1388.9094972110074,1411.1830244231892,2629763,HCLTECH.NS,HCL Technologies,IT
2026-02-24,1314.042724609375,1380.274719192049,1297.65648645313,1375.9574701817446,10004684,HCLTECH.NS,HCL Technologies,IT
2026-02-25,1352.3101806640625,1365.2622878062396,1328.564830569199,1329.5460453628248,5703505,HCLTECH.NS,HCL Technologies,IT
2026-02-26,1347.698486328125,1378.6067515770044,1342.3018050941937,1364.8697447997247,2329520,HCLTECH.NS,HCL Technologies,IT
2026-02-27,1363.00537109375,1378.410514374845,1356.0387703966437,1371.7382062333631,8651443,HCLTECH.NS,HCL Technologies,IT
2026-03-02,1345.2454833984375,1359.9637053174577,1324.6399727118094,1325.6211875064107,2088938,HCLTECH.NS,HCL Technologies,IT
2026-03-04,1338.376953125,1356.03881907533,1330.5272349248532,1330.5272349248532,3161598,HCLTECH.NS,HCL Technologies,IT
2026-03-05,1328.662841796875,1352.3100928319334,1307.468627586557,1352.3100928319334,2217963,HCLTECH.NS,HCL Technologies,IT
2026-03-06,1331.2139892578125,1354.861360303096,1328.7609524088984,1330.5271868509924,1871596,HCLTECH.NS,HCL Technologies,IT
2026-03-09,1333.078369140625,1346.913473510414,1303.053220985995,1305.0156505356726,2256550,HCLTECH.NS,HCL Technologies,IT
2026-03-10,1335.9239501953125,1338.769497070742,1319.7339059953692,1335.4333427953143,1671877,HCLTECH.NS,HCL Technologies,IT
2026-03-11,1324.934326171875,1350.1514973614264,1321.5981720630728,1341.516759641843,1837000,HCLTECH.NS,HCL Technologies,IT
2026-03-12,1332.5877685546875,1337.7882547987542,1315.8090197747438,1324.6399527933663,2616965,HCLTECH.NS,HCL Technologies,IT
2026-03-13,1300.5020751953125,1331.2140255138524,1296.184706268201,1324.6399344905913,2190786,HCLTECH.NS,HCL Technologies,IT
2026-03-16,1303.6419677734375,1312.570998555867,1277.9341877577049,1288.1388456992804,3618375,HCLTECH.NS,HCL Technologies,IT
2026-03-17,1296.2828369140625,1303.641947849284,1273.3223868407317,1303.641947849284,2285672,HCLTECH.NS,HCL Technologies,IT
2026-03-18,1331.70458984375,1352.5064140828886,1301.5813454034121,1301.5813454034121,2564106,HCLTECH.NS,HCL Technologies,IT
2026-03-19,1287.1575927734375,1328.7610035092155,1284.6063385307011,1316.201526226088,1663249,HCLTECH.NS,HCL Technologies,IT
2026-03-20,1308.6461181640625,1327.0930041361307,1303.9363590360338,1309.8236477789667,5050431,HCLTECH.NS,HCL Technologies,IT
2026-03-23,1333.078369140625,1339.3581676550325,1285.3913550388957,1290.1012338689998,5166409,HCLTECH.NS,HCL Technologies,IT
2026-03-24,1347.5023193359375,1367.8134175828534,1334.4521147149787,1354.0764105196108,3555664,HCLTECH.NS,HCL Technologies,IT
2026-03-25,1355.35205078125,1384.8865922977561,1322.677550039282,1322.677550039282,4167275,HCLTECH.NS,HCL Technologies,IT
2026-03-27,1338.7694091796875,1380.9616428095928,1334.2558453514612,1351.1326908925473,8956139,HCLTECH.NS,HCL Technologies,IT
2026-03-30,1316.397705078125,1333.6670609907476,1311.0991213904404,1324.6399330615018,5541018,HCLTECH.NS,HCL Technologies,IT
2026-04-01,1328.957275390625,1373.4062314998082,1323.6586918089686,1373.4062314998082,2469237,HCLTECH.NS,HCL Technologies,IT
2026-04-02,1375.8592529296875,1386.2602249380814,1316.0051541197643,1321.6962474912555,6509389,HCLTECH.NS,HCL Technologies,IT
2026-04-06,1376.938720703125,1395.5818011442657,1367.9114730442573,1370.7570198038698,2134581,HCLTECH.NS,HCL Technologies,IT
2026-04-07,1414.5191650390625,1419.3271412878366,1362.0241757138642,1364.8697224551543,3459049,HCLTECH.NS,HCL Technologies,IT
2026-04-08,1433.5548095703125,1438.4608835250363,1405.0014831092587,1422.6633493462648,4239052,HCLTECH.NS,HCL Technologies,IT
2026-04-09,1437.3814697265625,1441.4044261299628,1409.0243403149261,1431.4941813965559,3101205,HCLTECH.NS,HCL Technologies,IT
2026-04-10,1423.9388427734375,1430.218641329469,1394.4043018104655,1424.7238625093896,3450066,HCLTECH.NS,HCL Technologies,IT
2026-04-13,1402.5484619140625,1420.6028382260422,1390.871981814991,1413.9305296616592,2252652,HCLTECH.NS,HCL Technologies,IT
2026-04-15,1424.0369873046875,1447.1936310056226,1410.1036662553024,1417.8552865872377,3993858,HCLTECH.NS,HCL Technologies,IT
2026-04-16,1422.9576416015625,1441.110115230014,1408.1413222170224,1432.5735944615665,5229848,HCLTECH.NS,HCL Technologies,IT
2026-04-17,1415.2060546875,1430.6110780561037,1403.137065583147,1416.187269418677,3319268,HCLTECH.NS,HCL Technologies,IT
2026-04-20,1401.4691162109375,1424.6257610308828,1397.2498447520022,1418.738472359175,2352656,HCLTECH.NS,HCL Technologies,IT
2026-04-21,1414.126708984375,1427.6675210120688,1395.6799427785093,1403.1371512352293,3091487,HCLTECH.NS,HCL Technologies,IT
2026-04-22,1261.1553955078125,1332.489661586118,1256.9361240735032,1319.7338695385338,33066256,HCLTECH.NS,HCL Technologies,IT
2026-04-23,1253.5999755859375,1269.9863342339863,1248.1051967882206,1265.7670627805069,8304759,HCLTECH.NS,HCL Technologies,IT
2026-04-24,1203.199951171875,1264.800048828125,1198.0999755859375,1264.4000244140625,10903519,HCLTECH.NS,HCL Technologies,IT
2026-04-27,1228.199951171875,1232.0,1201.0,1209.0,6066942,HCLTECH.NS,HCL Technologies,IT
2026-04-28,1196.0,1232.699951171875,1192.300048828125,1227.9000244140625,6643295,HCLTECH.NS,HCL Technologies,IT
2026-04-29,1200.199951171875,1210.800048828125,1192.0999755859375,1200.0,4777201,HCLTECH.NS,HCL Technologies,IT
2026-04-30,1199.0999755859375,1213.699951171875,1184.0,1200.0,5070033,HCLTECH.NS,HCL Technologies,IT
2026-05-01,1199.0999755859375,1199.0999755859375,1199.0999755859375,1199.0999755859375,0,HCLTECH.NS,HCL Technologies,IT
2026-05-04,1200.5,1213.5,1191.4000244140625,1208.0,3318673,HCLTECH.NS,HCL Technologies,IT
2026-05-05,1200.199951171875,1205.4000244140625,1190.0,1200.0,2459953,HCLTECH.NS,HCL Technologies,IT
2026-05-06,1189.0999755859375,1212.0,1186.4000244140625,1208.0,3541520,HCLTECH.NS,HCL Technologies,IT
2026-05-07,1183.4000244140625,1196.0,1181.0999755859375,1195.0,3725309,HCLTECH.NS,HCL Technologies,IT
2026-05-08,1198.4000244140625,1202.800048828125,1176.800048828125,1179.800048828125,2813749,HCLTECH.NS,HCL Technologies,IT
2026-05-11,1194.9000244140625,1206.300048828125,1191.0999755859375,1196.9000244140625,2505962,HCLTECH.NS,HCL Technologies,IT
2026-05-12,1145.800048828125,1184.0,1142.5999755859375,1183.0,3959561,HCLTECH.NS,HCL Technologies,IT
2026-05-13,1143.199951171875,1154.5999755859375,1137.0999755859375,1146.300048828125,2635034,HCLTECH.NS,HCL Technologies,IT
2026-05-14,1124.0,1143.199951171875,1103.4000244140625,1139.0,5837032,HCLTECH.NS,HCL Technologies,IT
2026-05-15,1132.5999755859375,1152.0,1121.800048828125,1121.9000244140625,3729249,HCLTECH.NS,HCL Technologies,IT
2026-05-18,1146.5999755859375,1149.5,1121.4000244140625,1129.0,2588569,HCLTECH.NS,HCL Technologies,IT
2026-05-19,1179.4000244140625,1198.300048828125,1152.300048828125,1156.0,5756760,HCLTECH.NS,HCL Technologies,IT
2026-05-20,,,,,1415415,HCLTECH.NS,HCL Technologies,IT
