Date,Close,High,Low,Open,Volume,Ticker,Company,Sector
2021-05-21,2428.916015625,2433.7160766967922,2387.3169939790946,2420.158391779865,1658538,HEROMOTOCO.NS,Hero MotoCorp,Auto
2021-05-24,2442.431396484375,2495.6934035620084,2435.31580187375,2458.89423978954,1587246,HEROMOTOCO.NS,Hero MotoCorp,Auto
2021-05-25,2467.062255859375,2479.8199973295864,2448.283674542308,2463.02019712042,501532,HEROMOTOCO.NS,Hero MotoCorp,Auto
2021-05-26,2496.535400390625,2515.103460695681,2459.3151944293086,2477.4200657459423,817054,HEROMOTOCO.NS,Hero MotoCorp,Auto
2021-05-27,2518.93505859375,2550.2185105743247,2471.6517469179194,2500.9985631345457,2097924,HEROMOTOCO.NS,Hero MotoCorp,Auto
2021-05-28,2519.1455078125,2554.3867268346576,2489.6724616209526,2547.3132779837483,1077246,HEROMOTOCO.NS,Hero MotoCorp,Auto
2021-05-31,2532.57666015625,2538.892312675343,2492.577527535328,2516.9980506091542,662303,HEROMOTOCO.NS,Hero MotoCorp,Auto
2021-06-01,2506.6826171875,2572.575928616045,2497.630181432141,2540.155577306154,971553,HEROMOTOCO.NS,Hero MotoCorp,Auto
2021-06-02,2503.188232421875,2520.36672727885,2477.504575495044,2502.6828979193924,793261,HEROMOTOCO.NS,Hero MotoCorp,Auto
2021-06-03,2533.29296875,2538.050678928977,2494.2621469766523,2512.7880643410977,851280,HEROMOTOCO.NS,Hero MotoCorp,Auto
2021-06-04,2567.01806640625,2572.575923139749,2530.3453400571498,2530.4715708788694,1023321,HEROMOTOCO.NS,Hero MotoCorp,Auto
2021-06-07,2570.260009765625,2590.7649101636093,2560.576009401204,2581.207140612362,612460,HEROMOTOCO.NS,Hero MotoCorp,Auto
2021-06-08,2573.3759765625,2591.944037834108,2560.2395414387474,2575.1022961977587,555729,HEROMOTOCO.NS,Hero MotoCorp,Auto
2021-06-09,2546.05029296875,2602.0490839336653,2535.1874518437053,2573.375977667931,845692,HEROMOTOCO.NS,Hero MotoCorp,Auto
2021-06-10,2533.84033203125,2563.2290924641334,2525.41946020662,2559.0608020284794,567660,HEROMOTOCO.NS,Hero MotoCorp,Auto
2021-06-11,2529.92431640625,2558.26046346533,2522.050720236558,2542.2608094805237,467264,HEROMOTOCO.NS,Hero MotoCorp,Auto
2021-06-14,2514.17724609375,2540.534613212889,2478.2623138250333,2534.6821490361367,489598,HEROMOTOCO.NS,Hero MotoCorp,Auto
2021-06-15,2532.1982421875,2547.3136656313122,2502.935713301322,2513.6301791436254,454939,HEROMOTOCO.NS,Hero MotoCorp,Auto
2021-06-16,2505.5458984375,2538.7663993119986,2500.9987102902232,2532.998020388213,444814,HEROMOTOCO.NS,Hero MotoCorp,Auto
2021-06-17,2453.92578125,2491.6932594213213,2443.736446429897,2481.6303610023797,782315,HEROMOTOCO.NS,Hero MotoCorp,Auto
2021-06-18,2434.7685546875,2479.9464441774317,2401.6323459402497,2453.926035707886,904203,HEROMOTOCO.NS,Hero MotoCorp,Auto
2021-06-21,2437.7158203125,2452.9996182944083,2412.579439208198,2416.789874529678,577938,HEROMOTOCO.NS,Hero MotoCorp,Auto
2021-06-22,2447.9892578125,2477.4623052607117,2439.1473435780363,2442.8945899217765,522538,HEROMOTOCO.NS,Hero MotoCorp,Auto
2021-06-23,2465.92578125,2522.0508028581717,2459.7363589812085,2491.6935225276043,1911546,HEROMOTOCO.NS,Hero MotoCorp,Auto
2021-06-24,2447.904541015625,2475.7355549532886,2436.578513012701,2475.7355549532886,844653,HEROMOTOCO.NS,Hero MotoCorp,Auto
2021-06-25,2475.062255859375,2483.567417435576,2443.6945127447893,2448.7891805963686,631005,HEROMOTOCO.NS,Hero MotoCorp,Auto
2021-06-28,2478.809326171875,2491.230109476277,2466.8095863693175,2490.0512699061724,407079,HEROMOTOCO.NS,Hero MotoCorp,Auto
2021-06-29,2465.209716796875,2490.5144725138057,2454.683629193131,2478.809339745853,470337,HEROMOTOCO.NS,Hero MotoCorp,Auto
2021-06-30,2444.24169921875,2467.3147997527135,2439.8626825443007,2463.104364940849,758083,HEROMOTOCO.NS,Hero MotoCorp,Auto
2021-07-01,2460.99951171875,2481.630645349925,2446.262987696482,2446.262987696482,634751,HEROMOTOCO.NS,Hero MotoCorp,Auto
2021-07-02,2458.76806640625,2500.1144190790633,2448.073395917322,2492.5777807581558,928741,HEROMOTOCO.NS,Hero MotoCorp,Auto
2021-07-05,2474.09375,2485.7565315904944,2463.1887644739977,2473.125226597987,480881,HEROMOTOCO.NS,Hero MotoCorp,Auto
2021-07-06,2458.2626953125,2487.5252211880193,2452.4943166098856,2473.209740903593,452807,HEROMOTOCO.NS,Hero MotoCorp,Auto
2021-07-07,2453.29443359375,2460.578404472541,2434.64208174729,2458.052143276984,668763,HEROMOTOCO.NS,Hero MotoCorp,Auto
2021-07-08,2442.388916015625,2471.3989760138447,2433.7575247481896,2451.3151199516365,524837,HEROMOTOCO.NS,Hero MotoCorp,Auto
2021-07-09,2439.358154296875,2458.599722771847,2421.884845525655,2442.3895447551727,328728,HEROMOTOCO.NS,Hero MotoCorp,Auto
2021-07-12,2440.536865234375,2463.946928433403,2437.926518498757,2453.8418829306006,392467,HEROMOTOCO.NS,Hero MotoCorp,Auto
2021-07-13,2445.5048828125,2458.0518965894967,2438.936563245709,2458.0518965894967,317264,HEROMOTOCO.NS,Hero MotoCorp,Auto
2021-07-14,2442.641845703125,2458.8941667584777,2438.684077716627,2458.8941667584777,429264,HEROMOTOCO.NS,Hero MotoCorp,Auto
2021-07-15,2429.12646484375,2453.3364689095865,2426.9371617417028,2450.4734550116514,349469,HEROMOTOCO.NS,Hero MotoCorp,Auto
2021-07-16,2446.01025390625,2449.336456691821,2425.210744541086,2431.1053539896234,459445,HEROMOTOCO.NS,Hero MotoCorp,Auto
2021-07-19,2431.189697265625,2437.3367684955792,2416.8742168681606,2430.263319240134,338468,HEROMOTOCO.NS,Hero MotoCorp,Auto
2021-07-20,2390.68505859375,2441.2102799800214,2381.4221013396,2431.947322725872,481836,HEROMOTOCO.NS,Hero MotoCorp,Auto
2021-07-22,2419.88671875,2427.346952622655,2392.5609061913924,2417.15844627877,613062,HEROMOTOCO.NS,Hero MotoCorp,Auto
2021-07-23,2417.11572265625,2441.8410686728394,2405.1793487172067,2429.94736627149,430659,HEROMOTOCO.NS,Hero MotoCorp,Auto
2021-07-26,2396.014404296875,2416.1358077048235,2394.096058096477,2412.8532209448113,313614,HEROMOTOCO.NS,Hero MotoCorp,Auto
2021-07-27,2382.031005859375,2409.6550978013056,2379.1747192974944,2405.861078331593,427442,HEROMOTOCO.NS,Hero MotoCorp,Auto
2021-07-28,2368.261962890625,2392.3478618817794,2354.023614675298,2384.1203725675823,415048,HEROMOTOCO.NS,Hero MotoCorp,Auto
2021-07-29,2340.97900390625,2374.315679177304,2336.1192354486825,2374.315679177304,611448,HEROMOTOCO.NS,Hero MotoCorp,Auto
2021-07-30,2355.984130859375,2388.979632330392,2340.9783225696506,2356.5809078376888,745920,HEROMOTOCO.NS,Hero MotoCorp,Auto
2021-08-02,2372.0986328125,2384.5466495967476,2357.6471351823216,2361.7823196483237,464874,HEROMOTOCO.NS,Hero MotoCorp,Auto
2021-08-03,2403.5595703125,2406.032021729563,2373.8891125385026,2373.8891125385026,530085,HEROMOTOCO.NS,Hero MotoCorp,Auto
2021-08-04,2391.96435546875,2416.5192263411914,2388.1276633997395,2414.3877307472967,308031,HEROMOTOCO.NS,Hero MotoCorp,Auto
2021-08-05,2403.303466796875,2414.3018985717586,2374.4856105745766,2392.39016993618,316844,HEROMOTOCO.NS,Hero MotoCorp,Auto
2021-08-06,2416.092529296875,2430.7998464724838,2397.2500280886197,2412.852614896989,445529,HEROMOTOCO.NS,Hero MotoCorp,Auto
2021-08-09,2418.22412109375,2443.460900884344,2408.589720580659,2429.904673860134,422204,HEROMOTOCO.NS,Hero MotoCorp,Auto
2021-08-10,2384.759521484375,2424.661153596952,2378.7486633387207,2424.661153596952,574570,HEROMOTOCO.NS,Hero MotoCorp,Auto
2021-08-11,2371.5869140625,2399.9358003596426,2345.710478947787,2395.800616390107,551805,HEROMOTOCO.NS,Hero MotoCorp,Auto
2021-08-12,2372.737548828125,2388.3401337691857,2365.9594363978545,2387.2743862753127,410605,HEROMOTOCO.NS,Hero MotoCorp,Auto
2021-08-13,2363.572509765625,2399.5521094554424,2346.3500690581036,2384.589178699457,1083905,HEROMOTOCO.NS,Hero MotoCorp,Auto
2021-08-16,2342.385498046875,2368.432203754026,2337.653536911109,2365.959752499434,396756,HEROMOTOCO.NS,Hero MotoCorp,Auto
2021-08-17,2372.439208984375,2378.7483507391516,2313.0983066506515,2348.05482363284,877329,HEROMOTOCO.NS,Hero MotoCorp,Auto
2021-08-18,2356.239990234375,2383.0114850156,2346.7760688749336,2379.174793894824,613650,HEROMOTOCO.NS,Hero MotoCorp,Auto
2021-08-20,2299.88330078125,2336.9713169384268,2285.9859105674504,2285.9859105674504,809463,HEROMOTOCO.NS,Hero MotoCorp,Auto
2021-08-23,2285.474853515625,2311.308412851933,2264.9271533164087,2302.8677738029814,758426,HEROMOTOCO.NS,Hero MotoCorp,Auto
2021-08-24,2281.425048828125,2297.752221612546,2261.0904978539784,2285.815846435338,567946,HEROMOTOCO.NS,Hero MotoCorp,Auto
2021-08-25,2279.8046875,2308.835694940488,2276.4369665772165,2287.520742069915,407780,HEROMOTOCO.NS,Hero MotoCorp,Auto
2021-08-26,2257.296142578125,2284.962909308198,2252.9904805398933,2280.6999188057575,445529,HEROMOTOCO.NS,Hero MotoCorp,Auto
2021-08-27,2279.89013671875,2284.8777110303704,2247.4487353085833,2257.6799131627954,517155,HEROMOTOCO.NS,Hero MotoCorp,Auto
2021-08-30,2324.395751953125,2326.740396911537,2284.963086743466,2284.963086743466,518747,HEROMOTOCO.NS,Hero MotoCorp,Auto
2021-08-31,2337.6962890625,2341.2344880753667,2302.9529149222703,2325.0351234455666,708031,HEROMOTOCO.NS,Hero MotoCorp,Auto
2021-09-01,2336.843505859375,2356.5810679389397,2328.1043756327563,2352.318077584491,442282,HEROMOTOCO.NS,Hero MotoCorp,Auto
2021-09-02,2327.89111328125,2335.1381965325427,2304.2315179608527,2323.3296305615568,422436,HEROMOTOCO.NS,Hero MotoCorp,Auto
2021-09-03,2386.8056640625,2399.1683362775966,2329.2979649409713,2329.2979649409713,981491,HEROMOTOCO.NS,Hero MotoCorp,Auto
2021-09-06,2401.939453125,2412.8527510147755,2388.1274048029636,2408.419282290323,580935,HEROMOTOCO.NS,Hero MotoCorp,Auto
2021-09-07,2385.3564453125,2408.589744619002,2379.601407869605,2402.834707176107,311022,HEROMOTOCO.NS,Hero MotoCorp,Auto
2021-09-08,2385.867919921875,2395.6301263050323,2370.2226618956724,2386.4220254122256,341207,HEROMOTOCO.NS,Hero MotoCorp,Auto
2021-09-09,2384.4609375,2392.6459620851083,2355.7284246927816,2372.7803857835725,403669,HEROMOTOCO.NS,Hero MotoCorp,Auto
2021-09-13,2378.57861328125,2398.2735077469933,2361.697126486422,2361.697126486422,279930,HEROMOTOCO.NS,Hero MotoCorp,Auto
2021-09-14,2431.35400390625,2439.283208009751,2387.274722973542,2387.274722973542,880592,HEROMOTOCO.NS,Hero MotoCorp,Auto
2021-09-15,2451.177001953125,2459.745654964272,2438.4307012817394,2438.4307012817394,681873,HEROMOTOCO.NS,Hero MotoCorp,Auto
2021-09-16,2489.927490234375,2494.70212301364,2457.102462299985,2463.155992271499,1118060,HEROMOTOCO.NS,Hero MotoCorp,Auto
2021-09-17,2499.903076171875,2518.9585196065527,2469.6783057476146,2507.491116315714,1024040,HEROMOTOCO.NS,Hero MotoCorp,Auto
2021-09-20,2463.582275390625,2489.5865181313807,2449.9833769651614,2489.5865181313807,442234,HEROMOTOCO.NS,Hero MotoCorp,Auto
2021-09-21,2430.2880859375,2468.2713709449827,2399.551884402568,2464.0083806670123,580932,HEROMOTOCO.NS,Hero MotoCorp,Auto
2021-09-22,2427.517578125,2438.430876826885,2408.6752826054717,2429.904894740078,561230,HEROMOTOCO.NS,Hero MotoCorp,Auto
2021-09-23,2432.505126953125,2457.1878010897226,2427.560016187617,2429.904661035985,448036,HEROMOTOCO.NS,Hero MotoCorp,Auto
2021-09-24,2415.7939453125,2440.39148274591,2402.0672413601756,2429.904484917082,603710,HEROMOTOCO.NS,Hero MotoCorp,Auto
2021-09-27,2483.57568359375,2496.4073270936296,2422.231289710725,2422.231289710725,1187306,HEROMOTOCO.NS,Hero MotoCorp,Auto
2021-09-28,2490.0556640625,2505.786058902211,2464.861346133478,2496.364807352805,788979,HEROMOTOCO.NS,Hero MotoCorp,Auto
2021-09-29,2460.726318359375,2490.055822603343,2443.120248027563,2485.323860757406,613787,HEROMOTOCO.NS,Hero MotoCorp,Auto
2021-09-30,2414.984375,2454.5023843979056,2410.465562958814,2436.12885175875,920513,HEROMOTOCO.NS,Hero MotoCorp,Auto
2021-10-01,2428.15673828125,2430.757204139525,2389.1930464047646,2410.4653275531214,329726,HEROMOTOCO.NS,Hero MotoCorp,Auto
2021-10-04,2434.63623046875,2446.956229785865,2429.9042699964166,2439.7518184055843,386779,HEROMOTOCO.NS,Hero MotoCorp,Auto
2021-10-05,2425.2578125,2438.1319180976366,2421.3784497613437,2432.4622243553217,316991,HEROMOTOCO.NS,Hero MotoCorp,Auto
2021-10-06,2385.697509765625,2429.9048085797485,2371.075534266765,2421.378826795258,468624,HEROMOTOCO.NS,Hero MotoCorp,Auto
2021-10-07,2422.78564453125,2437.876799522987,2395.8009941751284,2404.3269763608046,552458,HEROMOTOCO.NS,Hero MotoCorp,Auto
2021-10-08,2423.169189453125,2448.6617898674385,2421.378650147467,2445.0382478733795,300133,HEROMOTOCO.NS,Hero MotoCorp,Auto
2021-10-11,2436.555419921875,2454.2468343314,2424.1074017022966,2425.642120245706,658779,HEROMOTOCO.NS,Hero MotoCorp,Auto
2021-10-12,2486.730224609375,2495.9809974772734,2434.3807832782186,2450.2816549621834,956819,HEROMOTOCO.NS,Hero MotoCorp,Auto
2021-10-13,2494.01953125,2512.4784021264413,2478.5449614116346,2494.7016512543087,754779,HEROMOTOCO.NS,Hero MotoCorp,Auto
2021-10-14,2496.23681640625,2510.1766707705833,2472.5345470486027,2501.5228831174486,572466,HEROMOTOCO.NS,Hero MotoCorp,Auto
2021-10-18,2476.030029296875,2515.1641957247607,2469.2943799482373,2505.785617367821,440831,HEROMOTOCO.NS,Hero MotoCorp,Auto
2021-10-19,2452.114990234375,2498.1126195332363,2443.1200379769584,2476.030410355898,447221,HEROMOTOCO.NS,Hero MotoCorp,Auto
2021-10-20,2400.916259765625,2452.072145982222,2388.9798863150854,2440.9883706352925,424722,HEROMOTOCO.NS,Hero MotoCorp,Auto
2021-10-21,2350.52734375,2417.115330834513,2323.3295508021333,2417.115330834513,737326,HEROMOTOCO.NS,Hero MotoCorp,Auto
2021-10-22,2339.656982421875,2387.2746693561,2325.4186358461247,2365.1071188549363,387942,HEROMOTOCO.NS,Hero MotoCorp,Auto
2021-10-25,2290.760986328125,2348.7803380253918,2284.153349986974,2339.486892343582,326076,HEROMOTOCO.NS,Hero MotoCorp,Auto
2021-10-26,2302.44091796875,2308.8354030214314,2289.2256488598755,2299.371481881939,282346,HEROMOTOCO.NS,Hero MotoCorp,Auto
2021-10-27,2293.616943359375,2327.0389590148648,2286.6683513548687,2313.9088219633923,444512,HEROMOTOCO.NS,Hero MotoCorp,Auto
2021-10-28,2274.5185546875,2313.78073836432,2267.9109194897387,2313.78073836432,366561,HEROMOTOCO.NS,Hero MotoCorp,Auto
2021-10-29,2265.438720703125,2304.4450876682195,2250.0066102925516,2285.815734063786,614962,HEROMOTOCO.NS,Hero MotoCorp,Auto
2021-11-01,2285.559814453125,2295.8763353088043,2252.5643077456066,2280.70004663872,502481,HEROMOTOCO.NS,Hero MotoCorp,Auto
2021-11-02,2288.629150390625,2303.336467801536,2282.0215150321,2297.7519085451763,813089,HEROMOTOCO.NS,Hero MotoCorp,Auto
2021-11-03,2252.09521484375,2299.457081039494,2250.858989226646,2299.457081039494,504184,HEROMOTOCO.NS,Hero MotoCorp,Auto
2021-11-04,2282.831787109375,2289.2262739080006,2259.3853355144142,2259.3853355144142,93301,HEROMOTOCO.NS,Hero MotoCorp,Auto
2021-11-08,2287.435302734375,2310.28497288081,2276.863169817014,2308.579776722924,644351,HEROMOTOCO.NS,Hero MotoCorp,Auto
2021-11-09,2314.249755859375,2344.6447951237174,2288.032364059355,2297.7092276851104,723569,HEROMOTOCO.NS,Hero MotoCorp,Auto
2021-11-10,2318.044189453125,2329.2557733034873,2303.592690586037,2313.9516761769382,390217,HEROMOTOCO.NS,Hero MotoCorp,Auto
2021-11-11,2302.7822265625,2323.32992494002,2289.737641580406,2323.32992494002,264937,HEROMOTOCO.NS,Hero MotoCorp,Auto
2021-11-12,2287.563720703125,2319.0671836442843,2284.963254473045,2319.0671836442843,352693,HEROMOTOCO.NS,Hero MotoCorp,Auto
2021-11-15,2296.259521484375,2374.3149085869245,2290.0781860974776,2331.8554873330604,2023708,HEROMOTOCO.NS,Hero MotoCorp,Auto
2021-11-16,2345.411865234375,2360.8439730216123,2302.867306295188,2312.416362713482,1246961,HEROMOTOCO.NS,Hero MotoCorp,Auto
2021-11-17,2344.0908203125,2364.8087889524027,2329.1703526025353,2345.4121809294484,570038,HEROMOTOCO.NS,Hero MotoCorp,Auto
2021-11-18,2289.09814453125,2355.728604312428,2274.0069912921717,2353.1708099537827,559569,HEROMOTOCO.NS,Hero MotoCorp,Auto
2021-11-22,2246.255126953125,2300.4802433797245,2232.698691731094,2289.225989642418,636253,HEROMOTOCO.NS,Hero MotoCorp,Auto
2021-11-23,2244.20849609375,2256.7416455216257,2216.754881119875,2238.02716036755,626376,HEROMOTOCO.NS,Hero MotoCorp,Auto
2021-11-24,2234.702392578125,2266.1205090899934,2227.8389359323332,2256.4009735724917,564230,HEROMOTOCO.NS,Hero MotoCorp,Auto
2021-11-25,2212.236328125,2250.859065076975,2200.6411184396347,2250.859065076975,625134,HEROMOTOCO.NS,Hero MotoCorp,Auto
2021-11-26,2156.561767578125,2207.973479804939,2135.88626157557,2199.703319034688,685448,HEROMOTOCO.NS,Hero MotoCorp,Auto
2021-11-29,2123.651611328125,2156.178148985145,2085.5829772873512,2152.8104277685156,594113,HEROMOTOCO.NS,Hero MotoCorp,Auto
2021-11-30,2088.2685546875,2142.2805190868944,2066.740452799335,2111.032882182041,1527406,HEROMOTOCO.NS,Hero MotoCorp,Auto
2021-12-01,2087.33056640625,2114.4432268326927,2077.824181127787,2114.4432268326927,769987,HEROMOTOCO.NS,Hero MotoCorp,Auto
2021-12-02,2108.21923828125,2117.171518153081,2053.823438953074,2070.108145600507,921229,HEROMOTOCO.NS,Hero MotoCorp,Auto
2021-12-03,2099.48046875,2129.3214067846106,2089.7609321945583,2118.706600457358,499760,HEROMOTOCO.NS,Hero MotoCorp,Auto
2021-12-06,2063.287109375,2110.520954154543,2056.167832988156,2109.9668487296617,347297,HEROMOTOCO.NS,Hero MotoCorp,Auto
2021-12-07,2098.926025390625,2110.1802785789464,2071.8987074937336,2076.0763548847412,347226,HEROMOTOCO.NS,Hero MotoCorp,Auto
2021-12-08,2123.523193359375,2131.495068175879,2097.5189535276295,2097.5189535276295,308181,HEROMOTOCO.NS,Hero MotoCorp,Auto
2021-12-09,2149.357666015625,2156.1357809432047,2115.637361254911,2140.0217561603636,402958,HEROMOTOCO.NS,Hero MotoCorp,Auto
2021-12-10,2154.387451171875,2169.6915444339584,2142.493541932651,2149.143848307939,327197,HEROMOTOCO.NS,Hero MotoCorp,Auto
2021-12-13,2127.232177734375,2175.8302675663826,2122.9691873982338,2174.1250714319262,332491,HEROMOTOCO.NS,Hero MotoCorp,Auto
2021-12-14,2117.683349609375,2121.264220247512,2097.391471788135,2114.4434349734042,365318,HEROMOTOCO.NS,Hero MotoCorp,Auto
2021-12-15,2137.591064453125,2151.9574244986457,2111.16052556269,2117.938846414096,470021,HEROMOTOCO.NS,Hero MotoCorp,Auto
2021-12-16,2106.85498046875,2152.809928958055,2096.7942825363234,2142.578753058056,496003,HEROMOTOCO.NS,Hero MotoCorp,Auto
2021-12-17,2084.303955078125,2105.0648030027305,2064.1400923732726,2105.0648030027305,492339,HEROMOTOCO.NS,Hero MotoCorp,Auto
2021-12-20,2009.275146484375,2076.076288134122,1969.5015300163539,2076.076288134122,687713,HEROMOTOCO.NS,Hero MotoCorp,Auto
2021-12-21,2001.388671875,2037.7094337464052,1989.1540141839253,2037.7094337464052,401977,HEROMOTOCO.NS,Hero MotoCorp,Auto
2021-12-22,2002.5826416015625,2017.2472886286164,1992.777762557087,2007.868708673031,367785,HEROMOTOCO.NS,Hero MotoCorp,Auto
2021-12-23,2040.011962890625,2048.7937672357293,2005.7375519858733,2016.395031008115,472868,HEROMOTOCO.NS,Hero MotoCorp,Auto
2021-12-24,2039.7982177734375,2057.3191498013925,2026.2846632109665,2057.3191498013925,343453,HEROMOTOCO.NS,Hero MotoCorp,Auto
2021-12-27,2047.9407958984375,2054.9320592328495,2021.5102527373836,2037.70961790061,223494,HEROMOTOCO.NS,Hero MotoCorp,Auto
2021-12-28,2061.411865234375,2067.5505303328414,2042.7398407073085,2049.6459690392376,265463,HEROMOTOCO.NS,Hero MotoCorp,Auto
2021-12-29,2074.58447265625,2082.726826714377,2054.7615654378146,2064.140145197074,270407,HEROMOTOCO.NS,Hero MotoCorp,Auto
2021-12-30,2073.433349609375,2078.506475105098,2056.7652223651794,2067.5505056589345,366389,HEROMOTOCO.NS,Hero MotoCorp,Auto
2021-12-31,2099.181884765625,2117.5127440858546,2073.5185984557693,2073.5185984557693,253608,HEROMOTOCO.NS,Hero MotoCorp,Auto
2022-01-03,2111.544677734375,2128.511297787869,2099.9492595439697,2099.9492595439697,234912,HEROMOTOCO.NS,Hero MotoCorp,Auto
2022-01-04,2118.620849609375,2128.5964134983606,2104.552981529223,2124.6743791356976,181575,HEROMOTOCO.NS,Hero MotoCorp,Auto
2022-01-05,2136.611083984375,2142.536599829139,2112.695662901983,2118.663850287414,294097,HEROMOTOCO.NS,Hero MotoCorp,Auto
2022-01-06,2128.084716796875,2139.1684913635254,2100.801579402043,2122.9691285353438,406402,HEROMOTOCO.NS,Hero MotoCorp,Auto
2022-01-07,2130.727783203125,2144.7103073918993,2116.1482738806176,2139.1684202926954,308537,HEROMOTOCO.NS,Hero MotoCorp,Auto
2022-01-10,2198.08349609375,2203.113742197131,2122.3727345298885,2122.3727345298885,783876,HEROMOTOCO.NS,Hero MotoCorp,Auto
2022-01-11,2189.684814453125,2210.061823400471,2183.333000981122,2203.6673383976877,372092,HEROMOTOCO.NS,Hero MotoCorp,Auto
2022-01-12,2208.655517578125,2212.4922092705015,2184.356470193073,2195.4402461932723,410716,HEROMOTOCO.NS,Hero MotoCorp,Auto
2022-01-13,2211.29833984375,2216.7548839889655,2191.176943019862,2215.902285956662,243121,HEROMOTOCO.NS,Hero MotoCorp,Auto
2022-01-14,2190.92138671875,2212.321683176992,2178.388235760213,2208.229170496654,267065,HEROMOTOCO.NS,Hero MotoCorp,Auto
2022-01-17,2303.2939453125,2322.8610315902706,2209.4654755189904,2215.902633302679,2357848,HEROMOTOCO.NS,Hero MotoCorp,Auto
2022-01-18,2295.9189453125,2325.035088034231,2263.8185009979416,2304.572733024029,1082632,HEROMOTOCO.NS,Hero MotoCorp,Auto
2022-01-19,2301.844482421875,2336.1188857573275,2280.742678618045,2297.751969750364,763040,HEROMOTOCO.NS,Hero MotoCorp,Auto
2022-01-20,2310.07177734375,2352.5312024600676,2298.6470465750303,2302.0147672890034,1022978,HEROMOTOCO.NS,Hero MotoCorp,Auto
2022-01-21,2344.730224609375,2367.665031279934,2265.5664041658642,2305.169546079551,1170753,HEROMOTOCO.NS,Hero MotoCorp,Auto
2022-01-24,2307.30126953125,2361.185435595932,2274.348431472711,2336.1191311004145,593277,HEROMOTOCO.NS,Hero MotoCorp,Auto
2022-01-25,2371.970703125,2377.896218582488,2261.8150647841453,2305.5107195716505,971148,HEROMOTOCO.NS,Hero MotoCorp,Auto
2022-01-27,2314.803955078125,2361.696852878971,2292.6364033904524,2330.1507216311293,559824,HEROMOTOCO.NS,Hero MotoCorp,Auto
2022-01-28,2278.269775390625,2348.9076064542337,2270.511258098258,2319.237152952469,466238,HEROMOTOCO.NS,Hero MotoCorp,Auto
2022-01-31,2322.73291015625,2331.0457411470084,2285.090581341702,2285.090581341702,442531,HEROMOTOCO.NS,Hero MotoCorp,Auto
2022-02-01,2324.822265625,2361.526661719937,2283.258101162098,2342.9399783395984,414159,HEROMOTOCO.NS,Hero MotoCorp,Auto
2022-02-02,2304.06103515625,2339.017557453145,2300.3096867566533,2304.572677280665,283071,HEROMOTOCO.NS,Hero MotoCorp,Auto
2022-02-03,2371.50146484375,2402.5786219883066,2288.3731553624393,2305.6809373262354,1436881,HEROMOTOCO.NS,Hero MotoCorp,Auto
2022-02-04,2320.55908203125,2370.2229257084136,2312.8856984588124,2357.4339530876846,585251,HEROMOTOCO.NS,Hero MotoCorp,Auto
2022-02-07,2257.72265625,2331.0034283223404,2238.0702265348,2320.559100598511,688838,HEROMOTOCO.NS,Hero MotoCorp,Auto
2022-02-08,2278.099365234375,2294.895505536372,2259.384879280159,2268.3798305246623,625615,HEROMOTOCO.NS,Hero MotoCorp,Auto
2022-02-09,2326.6123046875,2333.219939667822,2279.037291198418,2285.3037620616547,359950,HEROMOTOCO.NS,Hero MotoCorp,Auto
2022-02-10,2331.088623046875,2345.497448136304,2302.910213309635,2340.722815362022,448648,HEROMOTOCO.NS,Hero MotoCorp,Auto
2022-02-11,2317.873046875,2342.0867472398354,2263.6477298586683,2276.436700083859,1235994,HEROMOTOCO.NS,Hero MotoCorp,Auto
2022-02-14,2258.106201171875,2304.700606826343,2242.9725840033643,2285.8156410578804,576694,HEROMOTOCO.NS,Hero MotoCorp,Auto
2022-02-15,2369.07177734375,2376.9158468836044,2242.333145013553,2259.3851080935037,1131545,HEROMOTOCO.NS,Hero MotoCorp,Auto
2022-02-16,2376.020263671875,2425.300472101109,2358.45666075553,2358.45666075553,1127829,HEROMOTOCO.NS,Hero MotoCorp,Auto
2022-02-17,2381.690185546875,2448.9176308206024,2370.6917530194787,2387.274744884426,1166885,HEROMOTOCO.NS,Hero MotoCorp,Auto
2022-02-18,2365.14990234375,2402.621548814615,2343.7496058546594,2370.222819625489,662754,HEROMOTOCO.NS,Hero MotoCorp,Auto
2022-02-21,2364.5400390625,2394.7355827603715,2339.8344394874807,2370.2914597520466,522214,HEROMOTOCO.NS,Hero MotoCorp,Auto
2022-02-22,2379.92041015625,2398.220786799707,2305.891071952031,2331.0757908972573,644900,HEROMOTOCO.NS,Hero MotoCorp,Auto
2022-02-23,2327.32861328125,2407.3274480782834,2322.40502544021,2392.1207485303476,631227,HEROMOTOCO.NS,Hero MotoCorp,Auto
2022-02-24,2170.25048828125,2287.1987900902463,2126.329665537918,2281.9701105848253,1934361,HEROMOTOCO.NS,Hero MotoCorp,Auto
2022-02-25,2229.509033203125,2258.789725862818,2182.7123904614714,2252.428122741188,715496,HEROMOTOCO.NS,Hero MotoCorp,Auto
2022-02-28,2209.509521484375,2219.531158663735,2169.0744791846537,2202.1458393254325,1008620,HEROMOTOCO.NS,Hero MotoCorp,Auto
2022-03-02,2114.39111328125,2177.3095207597007,2109.7724033457016,2176.873797421546,855090,HEROMOTOCO.NS,Hero MotoCorp,Auto
2022-03-03,2106.635009765625,2150.730294586671,2095.8291565968166,2127.2012354481617,831912,HEROMOTOCO.NS,Hero MotoCorp,Auto
2022-03-04,2014.1748046875,2094.609377825373,2005.2860908790742,2091.4720845962615,1266961,HEROMOTOCO.NS,Hero MotoCorp,Auto
2022-03-07,1916.0498046875,1995.438683660384,1891.126556877585,1995.438683660384,1284637,HEROMOTOCO.NS,Hero MotoCorp,Auto
2022-03-08,1962.1927490234375,1968.8158286138485,1870.8653110221585,1900.625128784687,1081826,HEROMOTOCO.NS,Hero MotoCorp,Auto
2022-03-09,1996.0487060546875,2013.5648701753296,1947.814045148004,1974.698261479992,670764,HEROMOTOCO.NS,Hero MotoCorp,Auto
2022-03-10,2022.4097900390625,2100.57851110597,2014.8282468211967,2047.8996042623276,716132,HEROMOTOCO.NS,Hero MotoCorp,Auto
2022-03-11,2031.5166015625,2043.542609148257,1993.0859279094611,2020.0135471239487,467988,HEROMOTOCO.NS,Hero MotoCorp,Auto
2022-03-14,2040.8408203125,2048.771069913313,1988.9027277332216,2030.4706903011565,382149,HEROMOTOCO.NS,Hero MotoCorp,Auto
2022-03-15,2020.3621826171875,2074.043390774761,2004.327646547038,2043.5427526751323,612285,HEROMOTOCO.NS,Hero MotoCorp,Auto
2022-03-16,2064.892822265625,2070.9929487715794,2034.827913057706,2048.073859490959,493507,HEROMOTOCO.NS,Hero MotoCorp,Auto
2022-03-17,2108.8134765625,2116.9615871209485,2069.6856105432757,2076.657183126158,781757,HEROMOTOCO.NS,Hero MotoCorp,Auto
2022-03-21,2084.1083984375,2133.2579072271074,2074.04314649897,2121.7548533354484,516893,HEROMOTOCO.NS,Hero MotoCorp,Auto
2022-03-22,2112.081787109375,2121.9727926207306,2043.5862016210253,2095.8293906582576,470208,HEROMOTOCO.NS,Hero MotoCorp,Auto
2022-03-23,2086.809814453125,2126.1557617314193,2028.0307754161076,2111.515414203578,1137046,HEROMOTOCO.NS,Hero MotoCorp,Auto
2022-03-24,2102.0595703125,2115.2184974422494,2033.0846655815296,2057.4851673544754,692836,HEROMOTOCO.NS,Hero MotoCorp,Auto
2022-03-25,2072.6484375,2124.5867381870894,2062.4961700591857,2108.900699923198,467568,HEROMOTOCO.NS,Hero MotoCorp,Auto
2022-03-28,2072.2568359375,2089.5987545796825,2047.0284941103687,2065.328876560908,493636,HEROMOTOCO.NS,Hero MotoCorp,Auto
2022-03-29,1926.46337890625,2092.3433275662405,1877.139628033845,2078.400181693246,2475877,HEROMOTOCO.NS,Hero MotoCorp,Auto
2022-03-30,1979.6219482421875,1987.7700605544867,1940.188982332459,1960.755210980971,3115035,HEROMOTOCO.NS,Hero MotoCorp,Auto
2022-03-31,1999.2291259765625,2019.0545360639771,1986.8982417276961,1986.8982417276961,1338490,HEROMOTOCO.NS,Hero MotoCorp,Auto
2022-04-01,1952.171142578125,1957.2691906211808,1873.6103115919584,1904.1109445713623,3541517,HEROMOTOCO.NS,Hero MotoCorp,Auto
2022-04-04,2014.5667724609375,2020.8847606085926,1960.7549423757366,1960.7549423757366,1417392,HEROMOTOCO.NS,Hero MotoCorp,Auto
2022-04-05,2032.431640625,2050.209068854863,2017.3991844986065,2030.3836557026627,715666,HEROMOTOCO.NS,Hero MotoCorp,Auto
2022-04-06,2045.197998046875,2047.1587529521055,2010.0352543997224,2028.7277419451484,812337,HEROMOTOCO.NS,Hero MotoCorp,Auto
2022-04-07,2048.422607421875,2063.7599410094413,2036.440215827433,2047.8996543228136,853476,HEROMOTOCO.NS,Hero MotoCorp,Auto
2022-04-08,2058.7490234375,2074.0429541589783,2030.9499613810233,2052.2567886741153,694946,HEROMOTOCO.NS,Hero MotoCorp,Auto
2022-04-11,2035.1766357421875,2058.1393424913426,2031.4729870894562,2054.8278023213193,408871,HEROMOTOCO.NS,Hero MotoCorp,Auto
2022-04-12,2002.49755859375,2026.9416843972565,1991.6917031494663,2026.0702375789892,502227,HEROMOTOCO.NS,Hero MotoCorp,Auto
2022-04-13,1982.0181884765625,2014.0438530711897,1977.225231870564,1996.9636262740405,426929,HEROMOTOCO.NS,Hero MotoCorp,Auto
2022-04-18,1991.604248046875,1999.9266067708968,1960.0143044585952,1978.0968238918865,422209,HEROMOTOCO.NS,Hero MotoCorp,Auto
2022-04-19,1972.3018798828125,2028.2923342216927,1954.1321298317082,2011.2991223989977,484466,HEROMOTOCO.NS,Hero MotoCorp,Auto
2022-04-20,1982.4107666015625,2017.39926925774,1970.9074990518877,1978.1841646717364,424461,HEROMOTOCO.NS,Hero MotoCorp,Auto
2022-04-21,2019.7083740234375,2023.2813906219617,1984.2841505098338,1988.6413840419152,341987,HEROMOTOCO.NS,Hero MotoCorp,Auto
2022-04-22,1999.3165283203125,2008.6845800493932,1981.3646417651623,1999.970113324667,598737,HEROMOTOCO.NS,Hero MotoCorp,Auto
2022-04-25,1994.3929443359375,2033.0414766961683,1974.6981643902895,1976.7025342927197,596296,HEROMOTOCO.NS,Hero MotoCorp,Auto
2022-04-26,2097.7900390625,2102.800857517006,2005.460305047538,2013.9132953675098,1311255,HEROMOTOCO.NS,Hero MotoCorp,Auto
2022-04-27,2178.61669921875,2203.5401593600272,2065.328630859375,2082.757564453125,2082863,HEROMOTOCO.NS,Hero MotoCorp,Auto
2022-04-28,2193.693115234375,2215.174194173637,2176.91776400522,2213.300668619102,1182758,HEROMOTOCO.NS,Hero MotoCorp,Auto
2022-04-29,2184.41162109375,2223.931811067397,2171.165674801507,2186.111112235311,839920,HEROMOTOCO.NS,Hero MotoCorp,Auto
2022-05-02,2167.54931640625,2183.496832809143,2133.388649941507,2143.9330268568556,667551,HEROMOTOCO.NS,Hero MotoCorp,Auto
2022-05-04,2099.7509765625,2196.0458439250883,2090.426538744565,2126.3301028481014,1263034,HEROMOTOCO.NS,Hero MotoCorp,Auto
2022-05-05,2180.0546875,2211.862494027684,2117.7028424426417,2117.7028424426417,1675043,HEROMOTOCO.NS,Hero MotoCorp,Auto
2022-05-06,2233.822998046875,2264.8899880013128,2097.7900821916737,2100.1865606322294,2491483,HEROMOTOCO.NS,Hero MotoCorp,Auto
2022-05-09,2172.298583984375,2230.90336977234,2166.4163192398582,2226.5461366282534,996952,HEROMOTOCO.NS,Hero MotoCorp,Auto
2022-05-10,2152.255615234375,2195.479459225401,2142.5390690541335,2165.5451781991787,644415,HEROMOTOCO.NS,Hero MotoCorp,Auto
2022-05-11,2152.734619140625,2195.522520354472,2098.3562226215117,2148.551632830613,575504,HEROMOTOCO.NS,Hero MotoCorp,Auto
2022-05-12,2092.517822265625,2142.887485250854,2066.200173863267,2142.887485250854,966472,HEROMOTOCO.NS,Hero MotoCorp,Auto
2022-05-13,2134.303466796875,2178.616613824272,2104.500034070865,2104.500034070865,691344,HEROMOTOCO.NS,Hero MotoCorp,Auto
2022-05-16,2175.04345703125,2189.0302173399723,2126.329677793835,2135.0877585669987,473407,HEROMOTOCO.NS,Hero MotoCorp,Auto
2022-05-17,2199.095703125,2212.4724948025937,2180.4032143378745,2191.6884063243015,517525,HEROMOTOCO.NS,Hero MotoCorp,Auto
2022-05-18,2212.60302734375,2225.8489737708346,2188.8997211970413,2200.707865764889,332168,HEROMOTOCO.NS,Hero MotoCorp,Auto
2022-05-19,2192.124267578125,2221.317733276343,2179.0961814071948,2187.41854029914,556405,HEROMOTOCO.NS,Hero MotoCorp,Auto
2022-05-20,2257.17724609375,2277.4383788274936,2217.8315185968777,2217.8315185968777,751633,HEROMOTOCO.NS,Hero MotoCorp,Auto
2022-05-23,2287.28564453125,2352.861995334369,2274.9547613428963,2278.876270693249,744827,HEROMOTOCO.NS,Hero MotoCorp,Auto
2022-05-24,2298.005126953125,2312.8197220074303,2277.438898128454,2291.861384688316,616849,HEROMOTOCO.NS,Hero MotoCorp,Auto
2022-05-25,2261.142578125,2326.108968373876,2251.5130501002473,2300.793400663545,525893,HEROMOTOCO.NS,Hero MotoCorp,Auto
2022-05-26,2297.525634765625,2307.024531552731,2243.975277016666,2272.7330184308603,362813,HEROMOTOCO.NS,Hero MotoCorp,Auto
2022-05-27,2370.160888671875,2376.348032879511,2298.8765027084996,2305.1072618042945,654718,HEROMOTOCO.NS,Hero MotoCorp,Auto
2022-05-30,2414.38671875,2429.1140830090144,2373.820831952421,2373.820831952421,924244,HEROMOTOCO.NS,Hero MotoCorp,Auto
2022-05-31,2417.305419921875,2448.721109560511,2398.3514580868145,2418.1768664430274,1859231,HEROMOTOCO.NS,Hero MotoCorp,Auto
2022-06-01,2403.1015625,2439.9635885872385,2380.3567179837682,2439.9635885872385,430807,HEROMOTOCO.NS,Hero MotoCorp,Auto
2022-06-02,2320.74951171875,2381.6635435931858,2300.9675038123373,2379.572156867868,1093645,HEROMOTOCO.NS,Hero MotoCorp,Auto
2022-06-03,2251.600341796875,2343.058627594711,2244.105815305419,2331.1198507234217,753558,HEROMOTOCO.NS,Hero MotoCorp,Auto
2022-06-06,2214.128173828125,2260.924818449927,2200.4901182551816,2235.2607560244574,965347,HEROMOTOCO.NS,Hero MotoCorp,Auto
2022-06-07,2240.35888671875,2246.633260555854,2178.6168014630675,2200.402969477698,550257,HEROMOTOCO.NS,Hero MotoCorp,Auto
2022-06-08,2253.517578125,2280.6196559196624,2225.10854302033,2251.8182995908915,539786,HEROMOTOCO.NS,Hero MotoCorp,Auto
2022-06-09,2264.105712890625,2268.8550547633067,2230.903509156048,2248.288827936059,327503,HEROMOTOCO.NS,Hero MotoCorp,Auto
2022-06-10,2267.460693359375,2278.310162198603,2244.367355861872,2248.3324808889665,324452,HEROMOTOCO.NS,Hero MotoCorp,Auto
2022-06-13,2264.715576171875,2276.480105840907,2210.4680226980054,2230.9034039053295,625967,HEROMOTOCO.NS,Hero MotoCorp,Auto
2022-06-14,2228.81201171875,2278.7457339897455,2204.759999350893,2262.2318627117206,509259,HEROMOTOCO.NS,Hero MotoCorp,Auto
2022-06-15,2270.3798828125,2290.161678197117,2228.811922300437,2237.003435286149,673444,HEROMOTOCO.NS,Hero MotoCorp,Auto
2022-06-16,2195.2177734375,2286.8939204377116,2188.24620008759,2283.625995429941,493824,HEROMOTOCO.NS,Hero MotoCorp,Auto
2022-06-17,2150.207275390625,2194.3025588558617,2139.9677777470365,2194.3025588558617,725864,HEROMOTOCO.NS,Hero MotoCorp,Auto
2022-06-20,2137.2666015625,2179.880259191588,2121.013993296932,2139.4888331517427,377385,HEROMOTOCO.NS,Hero MotoCorp,Auto
2022-06-21,2177.91943359375,2200.2721679064457,2148.11600059902,2148.11600059902,381831,HEROMOTOCO.NS,Hero MotoCorp,Auto
2022-06-22,2199.92333984375,2225.2389062747366,2161.187580795515,2174.259279872907,873408,HEROMOTOCO.NS,Hero MotoCorp,Auto
2022-06-23,2330.33544921875,2341.271933896225,2241.84000401777,2241.84000401777,1846048,HEROMOTOCO.NS,Hero MotoCorp,Auto
2022-06-24,2405.149169921875,2411.9028815458773,2344.3657653058526,2365.9776850537673,1354569,HEROMOTOCO.NS,Hero MotoCorp,Auto
2022-06-27,2401.27099609375,2447.893387054017,2379.572061851829,2429.2009008930113,1005184,HEROMOTOCO.NS,Hero MotoCorp,Auto
2022-06-28,2411.031494140625,2433.689107887683,2379.049443441078,2394.7354837275025,714029,HEROMOTOCO.NS,Hero MotoCorp,Auto
2022-06-29,2398.56982421875,2426.76121020984,2379.049503141346,2387.8075850721507,653929,HEROMOTOCO.NS,Hero MotoCorp,Auto
2022-06-30,2370.073486328125,2416.5216367915987,2365.1062828173094,2392.1211298207495,643735,HEROMOTOCO.NS,Hero MotoCorp,Auto
2022-07-01,2408.50439453125,2413.907321436064,2338.396551158339,2365.9777536819183,393346,HEROMOTOCO.NS,Hero MotoCorp,Auto
2022-07-04,2405.585205078125,2439.179520771698,2386.8054845446513,2396.4786288396463,499627,HEROMOTOCO.NS,Hero MotoCorp,Auto
2022-07-05,2385.367431640625,2414.648125274441,2379.049443192586,2408.068660270548,401190,HEROMOTOCO.NS,Hero MotoCorp,Auto
2022-07-06,2467.7626953125,2476.6514086968996,2382.6223991480233,2385.585232690979,739745,HEROMOTOCO.NS,Hero MotoCorp,Auto
2022-07-07,2474.429443359375,2499.9628758054223,2461.9677122247285,2489.723376444825,382303,HEROMOTOCO.NS,Hero MotoCorp,Auto
2022-07-08,2483.01318359375,2509.7229404783197,2456.6519202952063,2482.22875389187,532145,HEROMOTOCO.NS,Hero MotoCorp,Auto
2022-07-11,2499.396484375,2505.7578753834487,2447.066064997304,2453.1225772995617,428940,HEROMOTOCO.NS,Hero MotoCorp,Auto
2022-07-12,2505.8447265625,2513.731360932554,2469.6796922546077,2487.5443477560966,422887,HEROMOTOCO.NS,Hero MotoCorp,Auto
2022-07-13,2477.827880859375,2520.049427878472,2470.551216336913,2514.123548194707,539917,HEROMOTOCO.NS,Hero MotoCorp,Auto
2022-07-14,2433.776123046875,2497.565972035549,2415.693605977881,2473.165467074978,620757,HEROMOTOCO.NS,Hero MotoCorp,Auto
2022-07-15,2440.09423828125,2454.385878258938,2425.0181686641517,2440.0070085139164,816619,HEROMOTOCO.NS,Hero MotoCorp,Auto
2022-07-18,2455.693115234375,2471.292138370001,2444.6257850131205,2466.1504753342438,369313,HEROMOTOCO.NS,Hero MotoCorp,Auto
2022-07-19,2441.096435546875,2480.878104762806,2425.628256735566,2453.1224424695924,661056,HEROMOTOCO.NS,Hero MotoCorp,Auto
2022-07-20,2463.36181640625,2473.819176199962,2448.765085027527,2457.4795515222872,201509,HEROMOTOCO.NS,Hero MotoCorp,Auto
2022-07-21,2481.7060546875,2487.1089818938326,2453.166174113911,2457.4797929014044,314132,HEROMOTOCO.NS,Hero MotoCorp,Auto
2022-07-22,2502.446044921875,2512.7289441999415,2475.169724845228,2484.537775433075,576270,HEROMOTOCO.NS,Hero MotoCorp,Auto
2022-07-25,2473.90625,2506.1061591169923,2467.4574175471257,2505.4089592902606,421977,HEROMOTOCO.NS,Hero MotoCorp,Auto
2022-07-26,2440.70458984375,2481.618973961624,2427.545658251606,2474.9088762496654,347002,HEROMOTOCO.NS,Hero MotoCorp,Auto
2022-07-27,2455.530029296875,2460.2953065165725,2409.464892864072,2440.0425551609696,498259,HEROMOTOCO.NS,Hero MotoCorp,Auto
2022-07-28,2453.8974609375,2481.5189633272803,2430.6883322378467,2469.1643169949252,294368,HEROMOTOCO.NS,Hero MotoCorp,Auto
2022-07-29,2486.857666015625,2512.2288115450247,2461.75130596394,2470.9289559067165,400652,HEROMOTOCO.NS,Hero MotoCorp,Auto
2022-08-01,2506.93408203125,2566.236336680641,2488.5785658319837,2501.771519039985,961562,HEROMOTOCO.NS,Hero MotoCorp,Auto
2022-08-02,2445.734130859375,2496.476419192942,2419.7894643949353,2493.961495909494,1137765,HEROMOTOCO.NS,Hero MotoCorp,Auto
2022-08-03,2472.60546875,2477.8121981022828,2426.2755527523623,2458.5742089413034,600314,HEROMOTOCO.NS,Hero MotoCorp,Auto
2022-08-04,2477.106201171875,2495.5940009446217,2452.5291973929156,2488.49003732799,396416,HEROMOTOCO.NS,Hero MotoCorp,Auto
2022-08-05,2445.07275390625,2479.665721118116,2436.512791895733,2477.9891052673734,512072,HEROMOTOCO.NS,Hero MotoCorp,Auto
2022-08-08,2416.26025390625,2465.016988314906,2409.156288427705,2444.455281664741,675310,HEROMOTOCO.NS,Hero MotoCorp,Auto
2022-08-10,2449.26416015625,2457.6918359327824,2411.714821691825,2457.6918359327824,895054,HEROMOTOCO.NS,Hero MotoCorp,Auto
2022-08-11,2457.95654296875,2486.8134192580696,2442.1601183825082,2462.4130827819827,422152,HEROMOTOCO.NS,Hero MotoCorp,Auto
2022-08-12,2437.306884765625,2466.5168846774723,2428.438186035954,2462.060344175499,435760,HEROMOTOCO.NS,Hero MotoCorp,Auto
2022-08-16,2485.93115234375,2511.213965530805,2454.6033014711184,2475.341456274128,1213957,HEROMOTOCO.NS,Hero MotoCorp,Auto
2022-08-17,2571.04541015625,2584.7679323678212,2478.0326796499935,2484.165834624587,2510869,HEROMOTOCO.NS,Hero MotoCorp,Auto
2022-08-18,2566.412841796875,2593.240201552028,2561.956301537675,2583.8417168661645,805655,HEROMOTOCO.NS,Hero MotoCorp,Auto
2022-08-19,2505.036865234375,2591.740009502383,2499.918684037972,2569.7664743861546,510610,HEROMOTOCO.NS,Hero MotoCorp,Auto
2022-08-22,2453.76513671875,2502.389364738646,2440.5280158597698,2501.8158423472623,570304,HEROMOTOCO.NS,Hero MotoCorp,Auto
2022-08-23,2473.929443359375,2479.7538624539156,2432.232514533415,2448.86724850876,396875,HEROMOTOCO.NS,Hero MotoCorp,Auto
2022-08-24,2476.532958984375,2492.108551250521,2453.279664474663,2454.471091498092,324008,HEROMOTOCO.NS,Hero MotoCorp,Auto
2022-08-25,2470.75244140625,2489.505026756714,2463.78076276016,2478.0770237150705,363945,HEROMOTOCO.NS,Hero MotoCorp,Auto
2022-08-26,2494.53515625,2507.022086064801,2485.9751954426592,2501.815571935527,475372,HEROMOTOCO.NS,Hero MotoCorp,Auto
2022-08-29,2494.800048828125,2499.1240885144784,2436.6008876664723,2461.133511034968,339203,HEROMOTOCO.NS,Hero MotoCorp,Auto
2022-08-30,2504.197998046875,2527.407121899708,2498.770865720555,2507.9926817175174,918526,HEROMOTOCO.NS,Hero MotoCorp,Auto
2022-09-01,2538.57080078125,2543.4685785353345,2464.6635434566065,2488.578694393961,838699,HEROMOTOCO.NS,Hero MotoCorp,Auto
2022-09-02,2493.122802734375,2549.4688869869497,2488.66647876894,2548.851197912839,776170,HEROMOTOCO.NS,Hero MotoCorp,Auto
2022-09-05,2508.037353515625,2513.2880350779747,2478.033212647419,2495.638540449618,930716,HEROMOTOCO.NS,Hero MotoCorp,Auto
2022-09-06,2529.657958984375,2532.4818350069145,2495.4620634859803,2508.0373282821643,481401,HEROMOTOCO.NS,Hero MotoCorp,Auto
2022-09-07,2519.24462890625,2537.114741432864,2498.2858549552825,2506.2281271893335,551689,HEROMOTOCO.NS,Hero MotoCorp,Auto
2022-09-08,2521.494873046875,2535.790919358233,2511.522866362809,2531.863950235829,519141,HEROMOTOCO.NS,Hero MotoCorp,Auto
2022-09-09,2504.85986328125,2539.9823937401875,2499.7856345783903,2534.1140241151666,522672,HEROMOTOCO.NS,Hero MotoCorp,Auto
2022-09-12,2522.024169921875,2532.6138655281634,2507.419387089862,2512.405282591993,313906,HEROMOTOCO.NS,Hero MotoCorp,Auto
2022-09-13,2532.702392578125,2561.8240577192673,2499.168353930749,2502.698252735736,766550,HEROMOTOCO.NS,Hero MotoCorp,Auto
2022-09-14,2516.37646484375,2532.4374603865213,2497.4032598659696,2497.4032598659696,519643,HEROMOTOCO.NS,Hero MotoCorp,Auto
2022-09-15,2462.368896484375,2519.4649594818266,2441.4101249300165,2519.4649594818266,1010823,HEROMOTOCO.NS,Hero MotoCorp,Auto
2022-09-16,2369.620849609375,2474.7236649410956,2356.2072782311243,2474.7236649410956,1906557,HEROMOTOCO.NS,Hero MotoCorp,Auto
2022-09-19,2386.564453125,2404.699351000378,2351.662751674182,2381.4902236837197,534862,HEROMOTOCO.NS,Hero MotoCorp,Auto
2022-09-20,2445.822509765625,2491.4464032917117,2395.6095759817704,2398.5217852383075,1009201,HEROMOTOCO.NS,Hero MotoCorp,Auto
2022-09-21,2450.322998046875,2477.944495960172,2442.3367753203815,2457.6917470943426,447919,HEROMOTOCO.NS,Hero MotoCorp,Auto
2022-09-22,2450.587646484375,2470.3552055759187,2411.8029332921415,2450.3228610310994,328914,HEROMOTOCO.NS,Hero MotoCorp,Auto
2022-09-23,2437.439208984375,2481.739394394608,2420.0984524243613,2462.898473982949,408930,HEROMOTOCO.NS,Hero MotoCorp,Auto
2022-09-26,2401.5224609375,2431.085361539923,2356.3837535847547,2417.980526884759,610918,HEROMOTOCO.NS,Hero MotoCorp,Auto
2022-09-27,2328.188720703125,2413.5681421863155,2320.9083049177366,2413.5681421863155,740040,HEROMOTOCO.NS,Hero MotoCorp,Auto
2022-09-28,2286.80078125,2316.4959671834913,2272.4605681198163,2294.434100829363,923391,HEROMOTOCO.NS,Hero MotoCorp,Auto
2022-09-29,2238.220458984375,2298.272900962748,2228.2484525231057,2294.478216944117,1057406,HEROMOTOCO.NS,Hero MotoCorp,Auto
2022-09-30,2249.60400390625,2287.506241460982,2215.011045802418,2249.427552091778,706844,HEROMOTOCO.NS,Hero MotoCorp,Auto
2022-10-03,2228.734130859375,2271.4458222526337,2224.233423489717,2240.1621356946434,658511,HEROMOTOCO.NS,Hero MotoCorp,Auto
2022-10-04,2313.67236328125,2319.0553300355127,2260.1061885679414,2276.7848753125672,391128,HEROMOTOCO.NS,Hero MotoCorp,Auto
2022-10-06,2335.1162109375,2350.6034683775592,2321.128901835008,2342.087674354191,463669,HEROMOTOCO.NS,Hero MotoCorp,Auto
2022-10-07,2316.45166015625,2413.4796994194307,2303.1703743253415,2369.355969381795,1065099,HEROMOTOCO.NS,Hero MotoCorp,Auto
2022-10-10,2268.401123046875,2294.257673782937,2233.896277516947,2294.257673782937,1076512,HEROMOTOCO.NS,Hero MotoCorp,Auto
2022-10-11,2248.677734375,2272.8135026734126,2236.014352184475,2272.372265340337,407068,HEROMOTOCO.NS,Hero MotoCorp,Auto
2022-10-12,2250.3544921875,2263.0620407868737,2220.3945213374045,2250.310325366048,401910,HEROMOTOCO.NS,Hero MotoCorp,Auto
2022-10-13,2247.177734375,2271.7547417984106,2234.426017608959,2252.9579869493173,239037,HEROMOTOCO.NS,Hero MotoCorp,Auto
2022-10-14,2237.867431640625,2281.1970241587455,2231.8226094140227,2272.8135147856283,250851,HEROMOTOCO.NS,Hero MotoCorp,Auto
2022-10-17,2253.575927734375,2267.9603105367087,2225.2044481611238,2227.366468402589,257635,HEROMOTOCO.NS,Hero MotoCorp,Auto
2022-10-18,2260.900146484375,2291.5661418357927,2236.8085444568424,2264.8712825730477,454003,HEROMOTOCO.NS,Hero MotoCorp,Auto
2022-10-19,2242.544677734375,2271.4898911541295,2234.602405387682,2271.4898911541295,375698,HEROMOTOCO.NS,Hero MotoCorp,Auto
2022-10-20,2264.032958984375,2267.959928221868,2208.613505975595,2238.352859610166,364460,HEROMOTOCO.NS,Hero MotoCorp,Auto
2022-10-21,2267.827392578125,2274.1369996654034,2248.5010699478535,2268.842152169093,360297,HEROMOTOCO.NS,Hero MotoCorp,Auto
2022-10-24,2278.4609375,2285.609067480929,2272.371949329495,2282.0791693072133,35097,HEROMOTOCO.NS,Hero MotoCorp,Auto
2022-10-25,2281.726318359375,2296.1988150266584,2264.473897547364,2282.167555641279,410336,HEROMOTOCO.NS,Hero MotoCorp,Auto
2022-10-27,2303.9208984375,2312.0837896796897,2274.181543163649,2292.6693456442117,473043,HEROMOTOCO.NS,Hero MotoCorp,Auto
2022-10-28,2338.425537109375,2360.046166030933,2311.2011079820445,2315.481196213028,717856,HEROMOTOCO.NS,Hero MotoCorp,Auto
2022-10-31,2362.252685546875,2377.5193267825066,2344.2942377123445,2354.442697615861,511816,HEROMOTOCO.NS,Hero MotoCorp,Auto
2022-11-01,2358.987060546875,2374.607034449098,2329.1154224562633,2374.0774634718337,368266,HEROMOTOCO.NS,Hero MotoCorp,Auto
2022-11-02,2333.218994140625,2344.9117841870707,2321.2174672107667,2338.513842463544,565598,HEROMOTOCO.NS,Hero MotoCorp,Auto
2022-11-03,2335.3369140625,2354.7953080520906,2319.1434177933384,2328.8506391006927,311401,HEROMOTOCO.NS,Hero MotoCorp,Auto
2022-11-04,2284.638671875,2327.262243109363,2271.0044808064727,2312.9661960137432,855256,HEROMOTOCO.NS,Hero MotoCorp,Auto
2022-11-07,2313.01025390625,2316.4959857285253,2285.609372585478,2293.5516445365474,314060,HEROMOTOCO.NS,Hero MotoCorp,Auto
2022-11-09,2339.881591796875,2344.338131978133,2313.892755807289,2320.9083863570736,459177,HEROMOTOCO.NS,Hero MotoCorp,Auto
2022-11-10,2393.712890625,2402.0964012096774,2317.687772923131,2339.837761093878,706321,HEROMOTOCO.NS,Hero MotoCorp,Auto
2022-11-11,2354.883544921875,2410.8765169813637,2347.4266774045277,2405.71416967608,474615,HEROMOTOCO.NS,Hero MotoCorp,Auto
2022-11-14,2372.444580078125,2389.741168064545,2343.7641561630226,2356.648371239427,352558,HEROMOTOCO.NS,Hero MotoCorp,Auto
2022-11-15,2409.817626953125,2430.379329186901,2375.6217345995833,2377.827921203038,1012827,HEROMOTOCO.NS,Hero MotoCorp,Auto
2022-11-16,2417.495361328125,2431.217886499405,2390.66821565627,2409.641422393017,647740,HEROMOTOCO.NS,Hero MotoCorp,Auto
2022-11-17,2421.5107421875,2440.131045808424,2406.685123125336,2418.863317906683,517393,HEROMOTOCO.NS,Hero MotoCorp,Auto
2022-11-18,2403.11083984375,2417.186483355003,2384.976157519174,2413.568250986057,469583,HEROMOTOCO.NS,Hero MotoCorp,Auto
2022-11-21,2362.78173828125,2402.5372648535335,2351.794971840098,2395.9187048952595,467604,HEROMOTOCO.NS,Hero MotoCorp,Auto
2022-11-22,2369.84130859375,2374.606800576032,2353.5596957453827,2356.030667649393,361527,HEROMOTOCO.NS,Hero MotoCorp,Auto
2022-11-23,2346.367431640625,2380.4749851937213,2337.454352931184,2374.7389008920495,264132,HEROMOTOCO.NS,Hero MotoCorp,Auto
2022-11-24,2358.94287109375,2365.605381772398,2334.8512721221737,2351.794740861692,498023,HEROMOTOCO.NS,Hero MotoCorp,Auto
2022-11-25,2389.873291015625,2397.4626580853765,2350.470889780215,2358.8543977407603,423634,HEROMOTOCO.NS,Hero MotoCorp,Auto
2022-11-28,2456.367919921875,2474.4586482705004,2393.315156157342,2400.286618951559,1223958,HEROMOTOCO.NS,Hero MotoCorp,Auto
2022-11-29,2495.85888671875,2504.4188475896285,2447.1904967722035,2456.0591944966213,731879,HEROMOTOCO.NS,Hero MotoCorp,Auto
2022-11-30,2516.7294921875,2524.7600980774364,2488.666969292828,2499.1241651419414,1379225,HEROMOTOCO.NS,Hero MotoCorp,Auto
2022-12-01,2534.29052734375,2545.0566740681907,2494.402719646962,2519.4649113955215,782249,HEROMOTOCO.NS,Hero MotoCorp,Auto
2022-12-02,2488.9755859375,2528.289874723038,2482.401192878152,2528.289874723038,526214,HEROMOTOCO.NS,Hero MotoCorp,Auto
2022-12-05,2495.32958984375,2499.9625821869045,2458.2656510985153,2479.753997002604,397713,HEROMOTOCO.NS,Hero MotoCorp,Auto
2022-12-06,2469.870361328125,2492.991156575629,2451.5590103550476,2490.343732338557,339117,HEROMOTOCO.NS,Hero MotoCorp,Auto
2022-12-07,2435.232666015625,2472.6936672424076,2427.687465590244,2464.795563179301,340800,HEROMOTOCO.NS,Hero MotoCorp,Auto
2022-12-08,2434.041259765625,2452.2203216676494,2422.6132574371854,2426.8050115480414,190468,HEROMOTOCO.NS,Hero MotoCorp,Auto
2022-12-09,2428.12890625,2455.2650006956433,2410.1704616328275,2437.394889719244,254995,HEROMOTOCO.NS,Hero MotoCorp,Auto
2022-12-12,2445.734130859375,2448.77862506981,2414.49461691665,2427.687568793798,166357,HEROMOTOCO.NS,Hero MotoCorp,Auto
2022-12-13,2435.14453125,2484.210205982417,2424.9519063656335,2456.720992479252,440848,HEROMOTOCO.NS,Hero MotoCorp,Auto
2022-12-14,2424.466552734375,2455.838350778829,2407.037680288394,2437.791789234467,438317,HEROMOTOCO.NS,Hero MotoCorp,Auto
2022-12-15,2445.204833984375,2456.6328369759894,2413.215129703039,2416.6566944672504,299314,HEROMOTOCO.NS,Hero MotoCorp,Auto
2022-12-16,2404.611083984375,2442.3808258253857,2397.8158569686916,2422.481195258594,271086,HEROMOTOCO.NS,Hero MotoCorp,Auto
2022-12-19,2453.80908203125,2457.6918842868654,2390.66797814428,2404.611120613299,276490,HEROMOTOCO.NS,Hero MotoCorp,Auto
2022-12-20,2446.705322265625,2462.6340340137117,2420.981054969426,2444.4549686453365,234062,HEROMOTOCO.NS,Hero MotoCorp,Auto
2022-12-21,2433.379638671875,2469.208195024393,2415.333075479558,2446.705091836695,328455,HEROMOTOCO.NS,Hero MotoCorp,Auto
2022-12-22,2407.1259765625,2467.8844402952955,2397.948326698702,2433.1589778382036,483991,HEROMOTOCO.NS,Hero MotoCorp,Auto
2022-12-23,2326.953369140625,2400.331050175463,2319.716904645736,2395.9186769214643,328855,HEROMOTOCO.NS,Hero MotoCorp,Auto
2022-12-26,2370.591796875,2380.91670763245,2304.6709807873626,2334.1455491800707,175951,HEROMOTOCO.NS,Hero MotoCorp,Auto
2022-12-27,2384.75537109375,2398.78663134645,2369.885587595288,2378.2249296491723,181947,HEROMOTOCO.NS,Hero MotoCorp,Auto
2022-12-28,2379.68115234375,2406.2876760232475,2369.4443605473252,2371.73888074415,225857,HEROMOTOCO.NS,Hero MotoCorp,Auto
2022-12-29,2402.2724609375,2422.39292614589,2357.4868722300666,2375.2688657836384,243791,HEROMOTOCO.NS,Hero MotoCorp,Auto
2022-12-30,2416.966064453125,2439.910408040807,2402.8904197784855,2414.318640193008,211762,HEROMOTOCO.NS,Hero MotoCorp,Auto
2023-01-02,2396.712646484375,2426.4522124473033,2391.506132596258,2416.965610629809,131296,HEROMOTOCO.NS,Hero MotoCorp,Auto
2023-01-03,2400.683837890625,2417.8920927499694,2384.44639127943,2384.6228431114837,136701,HEROMOTOCO.NS,Hero MotoCorp,Auto
2023-01-04,2390.888671875,2407.3909051513733,2380.6960463240903,2388.858937039871,178937,HEROMOTOCO.NS,Hero MotoCorp,Auto
2023-01-05,2441.939697265625,2445.425644570965,2384.4465586859505,2389.6530730605386,258988,HEROMOTOCO.NS,Hero MotoCorp,Auto
2023-01-06,2420.231201171875,2449.1764164497913,2412.4653801781014,2441.8076660092574,162618,HEROMOTOCO.NS,Hero MotoCorp,Auto
2023-01-09,2428.87890625,2446.5723485636686,2418.2008780493516,2432.9823267154684,110658,HEROMOTOCO.NS,Hero MotoCorp,Auto
2023-01-10,2393.315185546875,2433.9090155105687,2371.8268437238935,2426.805052177344,206381,HEROMOTOCO.NS,Hero MotoCorp,Auto
2023-01-11,2377.166015625,2400.330974477958,2368.6060548717737,2393.359511135659,150551,HEROMOTOCO.NS,Hero MotoCorp,Auto
2023-01-12,2377.607421875,2382.946436812907,2350.0300879477127,2373.856904460889,163626,HEROMOTOCO.NS,Hero MotoCorp,Auto
2023-01-13,2407.787841796875,2422.3045062542096,2367.944198751524,2367.944198751524,196440,HEROMOTOCO.NS,Hero MotoCorp,Auto
2023-01-16,2434.394287109375,2440.0420378351578,2391.5059394333734,2410.9203787940874,362194,HEROMOTOCO.NS,Hero MotoCorp,Auto
2023-01-17,2441.67529296875,2443.5725274591464,2408.8912274792947,2440.0426285390176,254062,HEROMOTOCO.NS,Hero MotoCorp,Auto
2023-01-18,2444.41064453125,2458.883358242672,2424.5549646556315,2441.719053725194,159791,HEROMOTOCO.NS,Hero MotoCorp,Auto
2023-01-19,2444.057861328125,2453.0590602258785,2428.2174834694038,2437.3951342185,140565,HEROMOTOCO.NS,Hero MotoCorp,Auto
2023-01-20,2423.672607421875,2442.2487430284427,2408.582419254032,2442.2487430284427,300399,HEROMOTOCO.NS,Hero MotoCorp,Auto
2023-01-23,2448.514404296875,2481.5188721066047,2426.849607185164,2428.0849855938136,434312,HEROMOTOCO.NS,Hero MotoCorp,Auto
2023-01-24,2446.13134765625,2459.4568007862104,2437.6155536317583,2450.6320544611795,129633,HEROMOTOCO.NS,Hero MotoCorp,Auto
2023-01-25,2457.691650390625,2464.7514468728964,2440.9246337452314,2452.3968030289216,356744,HEROMOTOCO.NS,Hero MotoCorp,Auto
2023-01-27,2414.582763671875,2479.8419319721133,2395.5656086123654,2460.339157350541,464092,HEROMOTOCO.NS,Hero MotoCorp,Auto
2023-01-30,2384.71142578125,2439.9983795775206,2366.003005223918,2403.02277581302,459196,HEROMOTOCO.NS,Hero MotoCorp,Auto
2023-01-31,2438.498046875,2446.2196999683347,2369.0915026780785,2404.2579877829753,579601,HEROMOTOCO.NS,Hero MotoCorp,Auto
2023-02-01,2406.728759765625,2491.093414441837,2360.663630516853,2449.3523243866653,408279,HEROMOTOCO.NS,Hero MotoCorp,Auto
2023-02-02,2348.220947265625,2394.3302491112286,2324.9678688093686,2372.974405030217,453723,HEROMOTOCO.NS,Hero MotoCorp,Auto
2023-02-03,2342.30859375,2368.6945024669826,2313.01047528265,2360.002255490689,328028,HEROMOTOCO.NS,Hero MotoCorp,Auto
2023-02-06,2378.269287109375,2386.9175821520844,2334.233886302734,2340.3670423023555,252416,HEROMOTOCO.NS,Hero MotoCorp,Auto
2023-02-07,2340.852294921875,2378.0926813010947,2307.715329402116,2370.3268614502463,421543,HEROMOTOCO.NS,Hero MotoCorp,Auto
2023-02-08,2307.362060546875,2371.1650153868954,2287.4182644275065,2346.5440609320653,793670,HEROMOTOCO.NS,Hero MotoCorp,Auto
2023-02-09,2258.42919921875,2306.7888556556686,2249.5163340567,2306.7888556556686,1266011,HEROMOTOCO.NS,Hero MotoCorp,Auto
2023-02-10,2279.69677734375,2285.300362030996,2250.5751142653667,2258.4290523709788,283858,HEROMOTOCO.NS,Hero MotoCorp,Auto
2023-02-13,2260.5029296875,2296.1989853517534,2254.7668445972668,2289.0950214965756,327921,HEROMOTOCO.NS,Hero MotoCorp,Auto
2023-02-14,2243.691650390625,2274.2253574561228,2237.9997323612197,2271.8425036991594,409279,HEROMOTOCO.NS,Hero MotoCorp,Auto
2023-02-15,2269.724609375,2272.3720331028867,2238.83799921632,2245.8977958240184,643367,HEROMOTOCO.NS,Hero MotoCorp,Auto
2023-02-16,2256.222900390625,2285.6093494010784,2247.2217020269677,2285.6093494010784,433077,HEROMOTOCO.NS,Hero MotoCorp,Auto
2023-02-17,2295.928955078125,2299.143508030925,2257.354761780957,2257.354761780957,705628,HEROMOTOCO.NS,Hero MotoCorp,Auto
2023-02-20,2288.59423828125,2304.032978618074,2276.1889958739175,2299.9582494360025,182493,HEROMOTOCO.NS,Hero MotoCorp,Auto
2023-02-21,2282.3466796875,2304.485999992445,2278.679378774455,2299.95852258578,203273,HEROMOTOCO.NS,Hero MotoCorp,Auto
2023-02-22,2263.240234375,2295.1136254396506,2259.210824412832,2270.076768257704,310260,HEROMOTOCO.NS,Hero MotoCorp,Auto
2023-02-23,2259.66357421875,2275.1476326396723,2248.1638278523133,2264.2363698047807,294710,HEROMOTOCO.NS,Hero MotoCorp,Auto
2023-02-24,2250.74462890625,2271.480606910342,2246.896273325751,2260.1165950413415,255112,HEROMOTOCO.NS,Hero MotoCorp,Auto
2023-02-27,2207.1904296875,2252.872629918957,2200.3538949771164,2250.7446272310945,293892,HEROMOTOCO.NS,Hero MotoCorp,Auto
2023-02-28,2190.484130859375,2238.3847517225886,2182.561045674273,2216.607541943034,542868,HEROMOTOCO.NS,Hero MotoCorp,Auto
2023-03-01,2201.35009765625,2212.985581657407,2186.1377297393237,2186.771532346648,293122,HEROMOTOCO.NS,Hero MotoCorp,Auto
2023-03-02,2230.55224609375,2248.616835629044,2210.223696925207,2212.578073460126,525446,HEROMOTOCO.NS,Hero MotoCorp,Auto
2023-03-03,2228.922119140625,2244.5419139010364,2224.80207109163,2241.734789893624,197868,HEROMOTOCO.NS,Hero MotoCorp,Auto
2023-03-06,2245.35693359375,2256.2681975446917,2228.605268436902,2238.3846631204888,203422,HEROMOTOCO.NS,Hero MotoCorp,Auto
2023-03-08,2243.86279296875,2246.5339600336665,2209.9520363749493,2224.8020716657475,286894,HEROMOTOCO.NS,Hero MotoCorp,Auto
2023-03-09,2212.849609375,2255.6342652199437,2209.4086827865276,2251.0614694292244,244591,HEROMOTOCO.NS,Hero MotoCorp,Auto
2023-03-10,2209.680419921875,2212.8496537517235,2177.988081623392,2188.5823333552435,224485,HEROMOTOCO.NS,Hero MotoCorp,Auto
2023-03-13,2161.462890625,2211.1291818652876,2155.0791036882465,2211.1291818652876,249618,HEROMOTOCO.NS,Hero MotoCorp,Auto
2023-03-14,2149.148193359375,2183.602340435796,2144.575396991799,2168.616346093926,302570,HEROMOTOCO.NS,Hero MotoCorp,Auto
2023-03-15,2154.5810546875,2180.2972575164135,2146.069486080738,2173.1890299702645,217071,HEROMOTOCO.NS,Hero MotoCorp,Auto
2023-03-16,2146.884521484375,2167.756237069979,2141.496867447995,2145.4809592392076,577586,HEROMOTOCO.NS,Hero MotoCorp,Auto
2023-03-17,2132.577392578125,2151.0496312897953,2108.7177215443426,2150.551564608559,628419,HEROMOTOCO.NS,Hero MotoCorp,Auto
2023-03-20,2118.27099609375,2133.7548365740145,2086.261641594251,2132.577648204953,352432,HEROMOTOCO.NS,Hero MotoCorp,Auto
2023-03-21,2127.053955078125,2133.664115529952,2110.7097193440372,2123.3413356129568,291142,HEROMOTOCO.NS,Hero MotoCorp,Auto
2023-03-22,2130.811767578125,2145.345013210797,2124.2922448000545,2127.0540500310212,166790,HEROMOTOCO.NS,Hero MotoCorp,Auto
2023-03-23,2139.23291015625,2158.565325623467,2134.252685391865,2141.496648685516,371585,HEROMOTOCO.NS,Hero MotoCorp,Auto
2023-03-24,2094.728271484375,2153.9022745179977,2086.3524374370936,2139.6860382405875,272040,HEROMOTOCO.NS,Hero MotoCorp,Auto
2023-03-27,2090.4267578125,2110.6191282711466,2079.5154940865596,2100.7039979072233,238881,HEROMOTOCO.NS,Hero MotoCorp,Auto
2023-03-28,2036.91162109375,2090.4264802730304,2033.7423876312791,2083.544627755821,456838,HEROMOTOCO.NS,Hero MotoCorp,Auto
2023-03-29,2086.397216796875,2096.6746784048564,2037.3647274501955,2037.3647274501955,712847,HEROMOTOCO.NS,Hero MotoCorp,Auto
2023-03-31,2125.514892578125,2134.1621975134904,2095.9956516532,2095.9956516532,302919,HEROMOTOCO.NS,Hero MotoCorp,Auto
2023-04-03,2201.35009765625,2204.4286937879565,2147.880546616489,2159.606668590789,787785,HEROMOTOCO.NS,Hero MotoCorp,Auto
2023-04-05,2202.345703125,2210.8121729097393,2190.483846912149,2210.133051410478,289012,HEROMOTOCO.NS,Hero MotoCorp,Auto
2023-04-06,2197.13916015625,2207.7787305786146,2182.515498598749,2202.3457584480457,211340,HEROMOTOCO.NS,Hero MotoCorp,Auto
2023-04-10,2228.107177734375,2234.6269214986505,2188.7181276549113,2200.353832025211,261131,HEROMOTOCO.NS,Hero MotoCorp,Auto
2023-04-11,2236.43798828125,2244.587447195227,2216.6981435870844,2240.19570590874,575155,HEROMOTOCO.NS,Hero MotoCorp,Auto
2023-04-12,2243.183837890625,2250.156108379001,2217.7393282780463,2241.101154220534,464883,HEROMOTOCO.NS,Hero MotoCorp,Auto
2023-04-13,2215.79248046875,2243.183715301188,2207.597703189537,2243.183715301188,458472,HEROMOTOCO.NS,Hero MotoCorp,Auto
2023-04-17,2232.90625,2235.66805507552,2190.8460345302638,2200.353735858045,656224,HEROMOTOCO.NS,Hero MotoCorp,Auto
2023-04-18,2209.13720703125,2241.0559216709116,2195.826468118568,2237.4339398678294,397381,HEROMOTOCO.NS,Hero MotoCorp,Auto
2023-04-19,2214.79638671875,2220.365315962318,2192.294959103468,2204.8812564935397,247426,HEROMOTOCO.NS,Hero MotoCorp,Auto
2023-04-20,2217.151123046875,2229.556367587801,2202.0293919173555,2218.464047351046,315314,HEROMOTOCO.NS,Hero MotoCorp,Auto
2023-04-21,2226.93017578125,2242.3686953258866,2217.1507813557946,2219.323881864469,699932,HEROMOTOCO.NS,Hero MotoCorp,Auto
2023-04-24,2264.689453125,2285.4705296144657,2212.4875074760316,2227.4735014777593,686216,HEROMOTOCO.NS,Hero MotoCorp,Auto
2023-04-25,2261.700927734375,2294.5251329712364,2258.1695844258243,2268.175130822782,538138,HEROMOTOCO.NS,Hero MotoCorp,Auto
2023-04-26,2268.402099609375,2285.4707792366,2256.5402404880433,2272.7938414753826,560280,HEROMOTOCO.NS,Hero MotoCorp,Auto
2023-04-27,2271.5712890625,2288.051484680302,2261.0676734807457,2263.738841099594,685268,HEROMOTOCO.NS,Hero MotoCorp,Auto
2023-04-28,2316.80078125,2324.4068547158186,2277.4568265078433,2281.8485679329424,721370,HEROMOTOCO.NS,Hero MotoCorp,Auto
2023-05-02,2260.02587890625,2299.912995462952,2232.951654891822,2299.912995462952,997629,HEROMOTOCO.NS,Hero MotoCorp,Auto
2023-05-03,2266.1376953125,2280.0371364180974,2244.63218221086,2254.6832683403745,863935,HEROMOTOCO.NS,Hero MotoCorp,Auto
2023-05-04,2276.8681640625,2293.393454972876,2267.6321552741783,2270.937125028969,684323,HEROMOTOCO.NS,Hero MotoCorp,Auto
2023-05-05,2306.523193359375,2319.879250716152,2275.102546706566,2297.2418653656823,1527593,HEROMOTOCO.NS,Hero MotoCorp,Auto
2023-05-08,2332.873291015625,2347.0442063807186,2323.5013246809117,2323.5013246809117,855245,HEROMOTOCO.NS,Hero MotoCorp,Auto
2023-05-09,2346.636474609375,2357.9098472923524,2331.876856466832,2342.9238553165437,556418,HEROMOTOCO.NS,Hero MotoCorp,Auto
2023-05-10,2341.65673828125,2358.0460745843016,2329.025119966238,2354.288356596262,549062,HEROMOTOCO.NS,Hero MotoCorp,Auto
2023-05-11,2341.11279296875,2357.909775096381,2331.695730220526,2354.287793875035,506829,HEROMOTOCO.NS,Hero MotoCorp,Auto
2023-05-12,2359.63037109375,2366.9649722506565,2341.7921559526344,2349.7605596750013,718178,HEROMOTOCO.NS,Hero MotoCorp,Auto
2023-05-15,2437.5029296875,2462.94743834177,2359.720964823034,2378.736367839643,1383562,HEROMOTOCO.NS,Hero MotoCorp,Auto
2023-05-16,2432.160888671875,2460.7293156247615,2427.225982459885,2444.7925065568775,602177,HEROMOTOCO.NS,Hero MotoCorp,Auto
2023-05-17,2465.61865234375,2504.9623832142693,2428.900769702886,2434.8318087796188,1169727,HEROMOTOCO.NS,Hero MotoCorp,Auto
2023-05-18,2476.665771484375,2498.3976621075144,2466.7959595869884,2485.630309007354,610410,HEROMOTOCO.NS,Hero MotoCorp,Auto
2023-05-19,2456.60888671875,2484.724561574711,2415.1371554384978,2481.645744741073,458137,HEROMOTOCO.NS,Hero MotoCorp,Auto
2023-05-22,2437.729248046875,2464.758373003976,2427.723701160918,2454.3904953326437,241924,HEROMOTOCO.NS,Hero MotoCorp,Auto
2023-05-23,2454.30029296875,2461.272564273301,2421.340344400921,2437.729680705354,224454,HEROMOTOCO.NS,Hero MotoCorp,Auto
2023-05-24,2479.88037109375,2485.358662838198,2450.270713777271,2454.798191075455,402069,HEROMOTOCO.NS,Hero MotoCorp,Auto
2023-05-25,2474.537841796875,2498.2617767608826,2453.0323263209525,2480.1065500086197,208718,HEROMOTOCO.NS,Hero MotoCorp,Auto
2023-05-26,2485.720947265625,2490.0220510011372,2457.1527403611854,2476.0321893803302,167210,HEROMOTOCO.NS,Hero MotoCorp,Auto
2023-05-29,2514.469970703125,2530.678470249025,2477.480617977099,2499.167187583248,462628,HEROMOTOCO.NS,Hero MotoCorp,Auto
2023-05-30,2516.50732421875,2530.8595140045177,2499.348231476975,2514.4248617594612,399817,HEROMOTOCO.NS,Hero MotoCorp,Auto
2023-05-31,2499.07666015625,2523.615673865833,2480.197213751572,2516.4170296664024,773286,HEROMOTOCO.NS,Hero MotoCorp,Auto
2023-06-01,2535.74951171875,2546.8418316022626,2487.260404511127,2498.126350519466,552629,HEROMOTOCO.NS,Hero MotoCorp,Auto
2023-06-02,2619.281494140625,2637.3914043099708,2567.9852620132488,2567.9852620132488,2090599,HEROMOTOCO.NS,Hero MotoCorp,Auto
2023-06-05,2599.3154296875,2643.865763370461,2594.2445665402674,2635.0371823848527,620625,HEROMOTOCO.NS,Hero MotoCorp,Auto
2023-06-06,2630.283203125,2636.8027260912513,2590.5771395812612,2598.7719175418583,729992,HEROMOTOCO.NS,Hero MotoCorp,Auto
2023-06-07,2678.45556640625,2697.470971035909,2632.3659359930816,2642.190429077469,996180,HEROMOTOCO.NS,Hero MotoCorp,Auto
2023-06-08,2684.61279296875,2740.0290669633555,2669.581480975176,2696.157859262135,1150017,HEROMOTOCO.NS,Hero MotoCorp,Auto
2023-06-09,2625.302978515625,2739.123711331525,2614.4370332144754,2705.5297420148477,826404,HEROMOTOCO.NS,Hero MotoCorp,Auto
2023-06-12,2653.4638671875,2660.572095135533,2606.106630419832,2631.6415587520282,617327,HEROMOTOCO.NS,Hero MotoCorp,Auto
2023-06-13,2673.429931640625,2676.5538466529447,2629.604041361636,2641.3301629382045,973087,HEROMOTOCO.NS,Hero MotoCorp,Auto
2023-06-14,2654.55029296875,2687.102807034979,2647.3514279827555,2673.42973863479,304861,HEROMOTOCO.NS,Hero MotoCorp,Auto
2023-06-15,2574.368896484375,2681.5341508982715,2544.4422274953836,2662.0659986238406,951322,HEROMOTOCO.NS,Hero MotoCorp,Auto
2023-06-16,2564.408447265625,2576.043931220165,2539.9147509969116,2574.3235782831443,1029235,HEROMOTOCO.NS,Hero MotoCorp,Auto
2023-06-19,2519.6318359375,2560.4695498475226,2514.6062917602644,2553.497278796371,671364,HEROMOTOCO.NS,Hero MotoCorp,Auto
2023-06-20,2536.020751953125,2544.0797931118727,2485.6300247604945,2512.749565952359,872568,HEROMOTOCO.NS,Hero MotoCorp,Auto
2023-06-21,2556.71142578125,2562.5518265433006,2535.3869661912513,2536.29246153632,407191,HEROMOTOCO.NS,Hero MotoCorp,Auto
2023-06-22,2558.070068359375,2591.5280823720195,2550.599730595724,2562.5522268039185,578572,HEROMOTOCO.NS,Hero MotoCorp,Auto
2023-06-23,2514.017333984375,2571.3805558613712,2503.6947748769053,2558.2508725934813,381689,HEROMOTOCO.NS,Hero MotoCorp,Auto
2023-06-26,2581.7939453125,2588.8115351682377,2512.7499160866946,2514.0175213107623,583691,HEROMOTOCO.NS,Hero MotoCorp,Auto
2023-06-27,2575.31982421875,2595.964944637831,2560.2431915950624,2587.9061231644387,415101,HEROMOTOCO.NS,Hero MotoCorp,Auto
2023-06-28,2561.42041015625,2590.9396520510113,2530.8599368578766,2580.662189640411,781032,HEROMOTOCO.NS,Hero MotoCorp,Auto
2023-06-30,2635.08251953125,2644.0468364741937,2567.07971965902,2571.561878130492,962194,HEROMOTOCO.NS,Hero MotoCorp,Auto
2023-07-03,2624.80517578125,2636.6672556885774,2591.890324735703,2603.299656876617,818522,HEROMOTOCO.NS,Hero MotoCorp,Auto
2023-07-04,2743.469970703125,2752.615341480756,2640.152858507787,2672.207527883061,2177103,HEROMOTOCO.NS,Hero MotoCorp,Auto
2023-07-05,2859.735595703125,2872.231476732313,2743.832181761846,2761.7610353195314,3069147,HEROMOTOCO.NS,Hero MotoCorp,Auto
2023-07-06,2872.322021484375,2903.7879863574035,2823.9684349090676,2842.3500355809106,1676341,HEROMOTOCO.NS,Hero MotoCorp,Auto
2023-07-07,2850.6806640625,2872.231499476504,2830.578709761523,2852.3106000476,931135,HEROMOTOCO.NS,Hero MotoCorp,Auto
2023-07-10,2828.495849609375,2885.225267312248,2794.2680803304233,2858.1508230455897,570281,HEROMOTOCO.NS,Hero MotoCorp,Auto
2023-07-11,2809.390380859375,2832.3898777565755,2792.729131290455,2806.130508685303,663715,HEROMOTOCO.NS,Hero MotoCorp,Auto
2023-07-12,2787.884765625,2819.079039786547,2768.507030277849,2806.9452680678883,739038,HEROMOTOCO.NS,Hero MotoCorp,Auto
2023-07-13,2782.67822265625,2835.061003055937,2766.741413926192,2787.884821618801,665215,HEROMOTOCO.NS,Hero MotoCorp,Auto
2023-07-14,2839.9052734375,2845.5193007161215,2782.6780082461282,2787.92970472303,811153,HEROMOTOCO.NS,Hero MotoCorp,Auto
2023-07-17,2799.429443359375,2859.0108590635364,2777.1541698721508,2847.4657936361255,909246,HEROMOTOCO.NS,Hero MotoCorp,Auto
2023-07-18,2821.885986328125,2825.1458584382303,2794.2683745709564,2806.130453621819,578275,HEROMOTOCO.NS,Hero MotoCorp,Auto
2023-07-19,2804.00244140625,2846.560728233039,2791.1897690122846,2829.673326249275,486164,HEROMOTOCO.NS,Hero MotoCorp,Auto
2023-07-20,2795.400146484375,2807.2169061364,2762.666574904195,2803.368550533862,735511,HEROMOTOCO.NS,Hero MotoCorp,Auto
2023-07-21,2808.891845703125,2829.3108097032245,2761.3080216766934,2788.06545301627,749722,HEROMOTOCO.NS,Hero MotoCorp,Auto
2023-07-24,2837.8681640625,2856.838250226746,2798.0263627915087,2834.1102251653188,784541,HEROMOTOCO.NS,Hero MotoCorp,Auto
2023-07-25,2843.527099609375,2878.569725536745,2832.5251984358115,2878.569725536745,748386,HEROMOTOCO.NS,Hero MotoCorp,Auto
2023-07-26,2848.416748046875,2888.439599283504,2830.6691713931086,2865.847533961303,509747,HEROMOTOCO.NS,Hero MotoCorp,Auto
2023-07-27,2872.45361328125,2892.5986524039113,2836.604689901104,2845.532604966829,524436,HEROMOTOCO.NS,Hero MotoCorp,Auto
2023-07-28,2905.006103515625,2907.295312423045,2867.4172485446816,2881.610343770684,445865,HEROMOTOCO.NS,Hero MotoCorp,Auto
2023-07-31,2933.575439453125,2957.657962309357,2905.4639982686035,2920.801698227948,933273,HEROMOTOCO.NS,Hero MotoCorp,Auto
2023-08-01,2840.541748046875,2970.477141477839,2776.5811690031373,2953.033326869953,3043469,HEROMOTOCO.NS,Hero MotoCorp,Auto
2023-08-02,2741.052734375,2813.8954016708517,2721.274104864951,2802.9071996467546,2692656,HEROMOTOCO.NS,Hero MotoCorp,Auto
2023-08-03,2703.464111328125,2766.7837649987487,2685.7457681939777,2721.411598912762,1250490,HEROMOTOCO.NS,Hero MotoCorp,Auto
2023-08-04,2696.41357421875,2733.315669679644,2675.123929555416,2725.9902005481745,642027,HEROMOTOCO.NS,Hero MotoCorp,Auto
2023-08-07,2704.97509765625,2714.9559591580464,2682.6322843902453,2701.2665344825436,444210,HEROMOTOCO.NS,Hero MotoCorp,Auto
2023-08-08,2808.309814453125,2828.317589616544,2728.737002689535,2751.6290916382727,2020469,HEROMOTOCO.NS,Hero MotoCorp,Auto
2023-08-09,2801.717041015625,2821.5417249107,2750.8051674467683,2820.1681995230506,548711,HEROMOTOCO.NS,Hero MotoCorp,Auto
2023-08-10,2779.923583984375,2804.647039691736,2758.954520232575,2794.11667892749,476401,HEROMOTOCO.NS,Hero MotoCorp,Auto
2023-08-11,2745.40234375,2814.2160958850827,2728.736948040194,2788.1647203387142,816082,HEROMOTOCO.NS,Hero MotoCorp,Auto
2023-08-14,2756.802734375,2769.9428834260407,2703.2810727931374,2756.1159716766297,526850,HEROMOTOCO.NS,Hero MotoCorp,Auto
2023-08-16,2730.33935546875,2762.479936674973,2706.7605046585477,2751.628997462428,753515,HEROMOTOCO.NS,Hero MotoCorp,Auto
2023-08-17,2738.85546875,2744.6699254602263,2711.1102110373063,2744.6699254602263,565973,HEROMOTOCO.NS,Hero MotoCorp,Auto
2023-08-18,2680.251708984375,2737.6191967359996,2673.7960949344647,2737.6191967359996,560922,HEROMOTOCO.NS,Hero MotoCorp,Auto
2023-08-21,2684.326416015625,2696.09303944631,2666.8367702072846,2682.0372070645626,328451,HEROMOTOCO.NS,Hero MotoCorp,Auto
2023-08-22,2707.447021484375,2715.550909381309,2673.7956549367973,2692.109323806227,255764,HEROMOTOCO.NS,Hero MotoCorp,Auto
2023-08-23,2702.868896484375,2724.158538846791,2687.348105150627,2718.664437591974,325912,HEROMOTOCO.NS,Hero MotoCorp,Auto
2023-08-24,2680.892578125,2720.9079055133034,2673.7960304414655,2705.84495546388,273751,HEROMOTOCO.NS,Hero MotoCorp,Auto
2023-08-25,2665.46337890625,2696.688279991539,2646.3256805349906,2684.601300833082,429528,HEROMOTOCO.NS,Hero MotoCorp,Auto
2023-08-28,2684.555419921875,2702.3654214007433,2666.3334055301875,2678.374555562884,303029,HEROMOTOCO.NS,Hero MotoCorp,Auto
2023-08-29,2736.199951171875,2740.641106202217,2690.3243354152323,2699.435342827977,590653,HEROMOTOCO.NS,Hero MotoCorp,Auto
2023-08-30,2702.96044921875,2754.375988708088,2694.078140357537,2754.375988708088,415898,HEROMOTOCO.NS,Hero MotoCorp,Auto
2023-08-31,2670.087646484375,2715.0019734201983,2646.3715297981453,2715.0019734201983,920121,HEROMOTOCO.NS,Hero MotoCorp,Auto
2023-09-01,2680.572021484375,2698.6567721813776,2662.8078494624556,2685.65411006224,331811,HEROMOTOCO.NS,Hero MotoCorp,Auto
2023-09-04,2694.7197265625,2714.956201152261,2676.3143957224183,2701.266775256568,643279,HEROMOTOCO.NS,Hero MotoCorp,Auto
2023-09-05,2687.851806640625,2723.1512287632786,2681.3045351035375,2715.0017345640435,306742,HEROMOTOCO.NS,Hero MotoCorp,Auto
2023-09-06,2690.278564453125,2705.8451865074826,2670.911944672435,2705.8451865074826,275916,HEROMOTOCO.NS,Hero MotoCorp,Auto
2023-09-07,2711.247314453125,2718.1607699174724,2683.5022819302726,2692.109617816717,242002,HEROMOTOCO.NS,Hero MotoCorp,Auto
2023-09-08,2755.063232421875,2771.774459340595,2710.5609167941734,2719.397398311942,569352,HEROMOTOCO.NS,Hero MotoCorp,Auto
2023-09-11,2796.818359375,2801.0761987936967,2764.4946828177212,2773.5140323581663,486566,HEROMOTOCO.NS,Hero MotoCorp,Auto
2023-09-12,2765.41015625,2810.5075711912395,2756.20749184022,2810.5075711912395,429664,HEROMOTOCO.NS,Hero MotoCorp,Auto
2023-09-13,2741.9228515625,2779.008036945175,2733.407173022781,2765.4102697715325,290774,HEROMOTOCO.NS,Hero MotoCorp,Auto
2023-09-14,2745.58544921875,2773.559626202233,2725.074227253045,2753.277325122554,311245,HEROMOTOCO.NS,Hero MotoCorp,Auto
2023-09-15,2806.43310546875,2841.366347061797,2751.5835210650193,2760.4200023621256,949607,HEROMOTOCO.NS,Hero MotoCorp,Auto
2023-09-18,2852.033935546875,2864.2584014587064,2781.846874562516,2808.1727789876877,897322,HEROMOTOCO.NS,Hero MotoCorp,Auto
2023-09-20,2803.685546875,2868.699073820849,2791.232162150482,2851.9878503453315,575906,HEROMOTOCO.NS,Hero MotoCorp,Auto
2023-09-21,2747.920654296875,2804.6930374883627,2737.8939635894917,2799.244764780293,585566,HEROMOTOCO.NS,Hero MotoCorp,Auto
2023-09-22,2767.836669921875,2783.6780403229827,2738.031125140858,2756.207533346111,323540,HEROMOTOCO.NS,Hero MotoCorp,Auto
2023-09-25,2723.884033203125,2767.836847180966,2718.115181657419,2760.969219996928,408884,HEROMOTOCO.NS,Hero MotoCorp,Auto
2023-09-26,2778.504638671875,2782.7624780166034,2719.6261381080244,2724.1587272456054,372568,HEROMOTOCO.NS,Hero MotoCorp,Auto
2023-09-27,2752.865478515625,2778.184040617151,2747.05079823713,2778.184040617151,222370,HEROMOTOCO.NS,Hero MotoCorp,Auto
2023-09-28,2719.580322265625,2763.7162275656906,2710.4693150553435,2753.0027740375763,331995,HEROMOTOCO.NS,Hero MotoCorp,Auto
2023-09-29,2799.4736328125,2811.148598490269,2721.5488705135576,2733.3613228620497,375842,HEROMOTOCO.NS,Hero MotoCorp,Auto
2023-10-03,2761.33544921875,2806.478470148136,2739.267385870576,2800.160342969153,387906,HEROMOTOCO.NS,Hero MotoCorp,Auto
2023-10-04,2737.024169921875,2765.3645332585597,2725.1202828581795,2761.655969885294,307263,HEROMOTOCO.NS,Hero MotoCorp,Auto
2023-10-05,2762.296630859375,2791.781819364553,2741.006988790674,2765.364260106547,537209,HEROMOTOCO.NS,Hero MotoCorp,Auto
2023-10-06,2781.846435546875,2788.2562199605777,2767.6533414879623,2783.6778025222184,180660,HEROMOTOCO.NS,Hero MotoCorp,Auto
2023-10-09,2705.936767578125,2792.7892252092183,2677.413088547974,2766.3718867816337,976306,HEROMOTOCO.NS,Hero MotoCorp,Auto
2023-10-10,2725.80712890625,2749.8896535670874,2715.917700793728,2724.1588536282334,467743,HEROMOTOCO.NS,Hero MotoCorp,Auto
2023-10-11,2839.397705078125,2848.691804603734,2735.650703934479,2747.0509205436197,1048795,HEROMOTOCO.NS,Hero MotoCorp,Auto
2023-10-12,2827.85986328125,2868.012678358745,2806.5243907989225,2854.1399377561393,927642,HEROMOTOCO.NS,Hero MotoCorp,Auto
2023-10-13,2837.19970703125,2856.0170490678975,2820.351218799466,2823.968124182557,374642,HEROMOTOCO.NS,Hero MotoCorp,Auto
2023-10-16,2894.475830078125,2906.6544665450238,2838.481867931456,2842.2818654104713,966651,HEROMOTOCO.NS,Hero MotoCorp,Auto
2023-10-17,2905.418212890625,2918.7872827761375,2899.512098424464,2913.7968519033525,416816,HEROMOTOCO.NS,Hero MotoCorp,Auto
2023-10-18,2887.28759765625,2915.5365255880192,2883.487600212523,2902.7169554378206,344063,HEROMOTOCO.NS,Hero MotoCorp,Auto
2023-10-19,2990.485107421875,2998.863522191428,2873.460709081433,2883.945240654016,1129769,HEROMOTOCO.NS,Hero MotoCorp,Auto
2023-10-20,2940.489013671875,2989.7070080618673,2933.4382945354923,2985.1285899790773,458086,HEROMOTOCO.NS,Hero MotoCorp,Auto
2023-10-23,2884.26611328125,2960.1761952569977,2874.7428695877284,2935.269645733794,313646,HEROMOTOCO.NS,Hero MotoCorp,Auto
2023-10-25,2876.024658203125,2903.6324267648106,2829.4620620319347,2884.403072945176,391029,HEROMOTOCO.NS,Hero MotoCorp,Auto
2023-10-26,2849.5615234375,2866.135485956495,2824.883895222761,2865.17397346905,461475,HEROMOTOCO.NS,Hero MotoCorp,Auto
2023-10-27,2849.790283203125,2887.058558762598,2842.327551735782,2861.694169284638,314423,HEROMOTOCO.NS,Hero MotoCorp,Auto
2023-10-30,2848.096435546875,2864.761831541623,2797.4132613406255,2849.83614487966,265215,HEROMOTOCO.NS,Hero MotoCorp,Auto
2023-10-31,2827.951416015625,2874.880198533122,2820.44263196838,2852.400122391678,207132,HEROMOTOCO.NS,Hero MotoCorp,Auto
2023-11-01,2831.70556640625,2879.504203290743,2816.2306037410062,2834.9104588503997,473455,HEROMOTOCO.NS,Hero MotoCorp,Auto
2023-11-02,2794.758056640625,2884.357564423445,2785.051720878986,2874.330873529225,1268028,HEROMOTOCO.NS,Hero MotoCorp,Auto
2023-11-03,2828.91259765625,2847.9588597206425,2813.0256226030665,2824.883679561429,411691,HEROMOTOCO.NS,Hero MotoCorp,Auto
2023-11-06,2899.87841796875,2907.5244657530106,2834.6817877844665,2847.7761084928316,850503,HEROMOTOCO.NS,Hero MotoCorp,Auto
2023-11-07,2866.318603515625,2912.972638462405,2858.1232799649492,2907.2496159332227,355269,HEROMOTOCO.NS,Hero MotoCorp,Auto
2023-11-08,2868.0126953125,2899.420463973566,2863.205356408594,2893.8349281423675,459324,HEROMOTOCO.NS,Hero MotoCorp,Auto
2023-11-09,2906.287841796875,2926.5245370604694,2870.667842204184,2879.824677426526,604807,HEROMOTOCO.NS,Hero MotoCorp,Auto
2023-11-10,2843.380615234375,2911.0039372139145,2834.1779505205404,2906.242427296753,820659,HEROMOTOCO.NS,Hero MotoCorp,Auto
2023-11-13,2855.833740234375,2872.45330631227,2840.541870518384,2840.541870518384,386501,HEROMOTOCO.NS,Hero MotoCorp,Auto
2023-11-15,2909.9052734375,2913.3390870032936,2866.181380699728,2879.7791482869284,570652,HEROMOTOCO.NS,Hero MotoCorp,Auto
2023-11-16,3003.48779296875,3020.8399510684153,2910.1339022414163,2917.36771267171,963718,HEROMOTOCO.NS,Hero MotoCorp,Auto
2023-11-17,3053.575927734375,3084.7549994608144,3003.488078826156,3012.3243362673024,947293,HEROMOTOCO.NS,Hero MotoCorp,Auto
2023-11-20,3064.19775390625,3084.022213451135,3036.040484588072,3073.949694345445,677714,HEROMOTOCO.NS,Hero MotoCorp,Auto
2023-11-21,3091.805419921875,3108.7455651220985,3049.2719649275587,3072.072395261316,742294,HEROMOTOCO.NS,Hero MotoCorp,Auto
2023-11-22,3125.777587890625,3138.688592358296,3084.754918404675,3101.42031500834,775145,HEROMOTOCO.NS,Hero MotoCorp,Auto
2023-11-23,3267.1591796875,3274.4846487002524,3131.5921740591393,3131.5921740591393,1726414,HEROMOTOCO.NS,Hero MotoCorp,Auto
2023-11-24,3249.39501953125,3277.9643040822107,3234.881344570434,3267.159192534798,514405,HEROMOTOCO.NS,Hero MotoCorp,Auto
2023-11-28,3316.60595703125,3322.1000585613956,3255.3009855018213,3259.8335745530785,659645,HEROMOTOCO.NS,Hero MotoCorp,Auto
2023-11-29,3430.974365234375,3468.746309042479,3319.9935714111266,3328.509472544425,1561256,HEROMOTOCO.NS,Hero MotoCorp,Auto
2023-11-30,3497.04150390625,3556.9729509285053,3463.2984737601937,3479.5976865821394,2909100,HEROMOTOCO.NS,Hero MotoCorp,Auto
2023-12-01,3442.970458984375,3539.117240418779,3424.977365023881,3534.538822255236,1060628,HEROMOTOCO.NS,Hero MotoCorp,Auto
2023-12-04,3476.9423828125,3552.8524659224804,3464.946837899656,3552.8524659224804,1018705,HEROMOTOCO.NS,Hero MotoCorp,Auto
2023-12-05,3485.778564453125,3502.4897902497414,3460.4600021889714,3477.766332906802,713163,HEROMOTOCO.NS,Hero MotoCorp,Auto
2023-12-06,3443.931640625,3502.489558599494,3415.087608965945,3466.045308808054,672675,HEROMOTOCO.NS,Hero MotoCorp,Auto
2023-12-07,3454.55322265625,3490.539628456959,3444.1603491975384,3461.2835857173604,500651,HEROMOTOCO.NS,Hero MotoCorp,Auto
2023-12-08,3402.451171875,3481.520536326868,3381.069871428548,3468.6093087701,779332,HEROMOTOCO.NS,Hero MotoCorp,Auto
2023-12-11,3392.287109375,3414.2635154514537,3372.4626491490912,3402.451286607585,451738,HEROMOTOCO.NS,Hero MotoCorp,Auto
2023-12-12,3431.20361328125,3474.057649235446,3401.9933967065854,3413.668362269605,598126,HEROMOTOCO.NS,Hero MotoCorp,Auto
2023-12-13,3537.560302734375,3543.6953378070643,3419.8949665823834,3424.6564763303413,1355603,HEROMOTOCO.NS,Hero MotoCorp,Auto
2023-12-14,3556.1943359375,3576.568294961679,3514.851313002792,3551.0208132929074,1067427,HEROMOTOCO.NS,Hero MotoCorp,Auto
2023-12-15,3568.0068359375,3607.793242081321,3558.483592738773,3606.8775585173407,924599,HEROMOTOCO.NS,Hero MotoCorp,Auto
2023-12-18,3561.7802734375,3615.6683425735378,3556.8356714331408,3571.166030312038,725829,HEROMOTOCO.NS,Hero MotoCorp,Auto
2023-12-19,3499.605224609375,3584.717964888687,3479.551620962432,3582.8865978098183,560186,HEROMOTOCO.NS,Hero MotoCorp,Auto
2023-12-20,3493.79052734375,3576.5682294748976,3469.295992785646,3529.4563563163088,595832,HEROMOTOCO.NS,Hero MotoCorp,Auto
2023-12-21,3525.51904296875,3541.772426499246,3435.690617984246,3456.7513403054522,410786,HEROMOTOCO.NS,Hero MotoCorp,Auto
2023-12-22,3603.85595703125,3611.4561757430406,3525.519179096298,3543.6955882671314,573168,HEROMOTOCO.NS,Hero MotoCorp,Auto
2023-12-26,3724.4970703125,3735.073260195285,3603.3064846647985,3616.9042514664725,1149831,HEROMOTOCO.NS,Hero MotoCorp,Auto
2023-12-27,3721.61279296875,3751.50999578073,3682.879333093576,3721.3380431855526,683058,HEROMOTOCO.NS,Hero MotoCorp,Auto
2023-12-28,3821.376708984375,3835.798726157203,3712.318699226666,3721.613022204722,1714818,HEROMOTOCO.NS,Hero MotoCorp,Auto
2023-12-29,3790.517578125,3839.827225642376,3764.8784392825787,3823.894421641091,383687,HEROMOTOCO.NS,Hero MotoCorp,Auto
2024-01-01,3771.288330078125,3828.839130985162,3740.567325623993,3790.5176847508556,392408,HEROMOTOCO.NS,Hero MotoCorp,Auto
2024-01-02,3743.49755859375,3771.655052170745,3685.809493183984,3767.1678449499764,507848,HEROMOTOCO.NS,Hero MotoCorp,Auto
2024-01-03,3653.4404296875,3719.4610854417765,3636.8206376282146,3662.7345291329448,896596,HEROMOTOCO.NS,Hero MotoCorp,Auto
2024-01-04,3614.1572265625,3668.365649265315,3598.499171628637,3660.4450757968216,630734,HEROMOTOCO.NS,Hero MotoCorp,Auto
2024-01-05,3653.852294921875,3696.6146741099283,3620.384014803599,3626.107037274044,593042,HEROMOTOCO.NS,Hero MotoCorp,Auto
2024-01-08,3671.433349609375,3708.5185349589647,3656.8282410778716,3676.377951567095,508360,HEROMOTOCO.NS,Hero MotoCorp,Auto
2024-01-09,3765.74853515625,3798.942063277688,3691.211984879572,3706.6411183006203,1043602,HEROMOTOCO.NS,Hero MotoCorp,Auto
2024-01-10,3789.144287109375,3824.810341655884,3741.5747930468615,3748.991695965813,511944,HEROMOTOCO.NS,Hero MotoCorp,Auto
2024-01-11,3976.08154296875,4024.42945864453,3811.075177901828,3822.979064810219,2133475,HEROMOTOCO.NS,Hero MotoCorp,Auto
2024-01-12,4013.578857421875,4024.4297985192984,3884.925299585251,3884.925299585251,905401,HEROMOTOCO.NS,Hero MotoCorp,Auto
2024-01-15,4003.7353515625,4041.415646687999,3971.4575008867355,4013.578951413974,490217,HEROMOTOCO.NS,Hero MotoCorp,Auto
2024-01-16,4014.9521484375,4074.792163223016,3974.15862146812,3974.15862146812,972808,HEROMOTOCO.NS,Hero MotoCorp,Auto
2024-01-17,4002.3154296875,4056.4780208369525,3974.9821870097544,3979.5606046404955,443836,HEROMOTOCO.NS,Hero MotoCorp,Auto
2024-01-18,4023.513427734375,4039.675152604261,3934.6004676173425,3968.572415976509,570816,HEROMOTOCO.NS,Hero MotoCorp,Auto
2024-01-19,4028.77880859375,4066.413492943687,4005.1999565404994,4024.4293116130534,383901,HEROMOTOCO.NS,Hero MotoCorp,Auto
2024-01-23,4069.481201171875,4175.517182352965,4030.5185960391627,4030.5185960391627,1399043,HEROMOTOCO.NS,Hero MotoCorp,Auto
2024-01-24,4059.820556640625,4078.0886235432163,3947.420393275403,4055.562717267347,596736,HEROMOTOCO.NS,Hero MotoCorp,Auto
2024-01-25,4067.603759765625,4102.308078317966,4009.320588829509,4073.739018647796,664356,HEROMOTOCO.NS,Hero MotoCorp,Auto
2024-01-29,4206.1923828125,4235.036414609299,4053.1359670018687,4072.960426417764,418127,HEROMOTOCO.NS,Hero MotoCorp,Auto
2024-01-30,4201.47705078125,4268.917060349746,4193.876608425995,4236.868133470243,709726,HEROMOTOCO.NS,Hero MotoCorp,Auto
2024-01-31,4231.87744140625,4245.933274349774,4137.195844828343,4182.3849207506355,645505,HEROMOTOCO.NS,Hero MotoCorp,Auto
2024-02-01,4199.9658203125,4320.057625690144,4189.252144181302,4232.014743819898,660378,HEROMOTOCO.NS,Hero MotoCorp,Auto
2024-02-02,4319.5537109375,4367.169254207731,4203.032982454099,4210.312845317735,994506,HEROMOTOCO.NS,Hero MotoCorp,Auto
2024-02-05,4346.42919921875,4371.793812199974,4303.712651367294,4322.026322224176,425966,HEROMOTOCO.NS,Hero MotoCorp,Auto
2024-02-06,4380.12744140625,4387.956358317955,4333.931019181737,4346.338354664308,261001,HEROMOTOCO.NS,Hero MotoCorp,Auto
2024-02-07,4389.19189453125,4411.076642256764,4331.320514526261,4386.124265174093,265821,HEROMOTOCO.NS,Hero MotoCorp,Auto
2024-02-08,4402.51513671875,4417.898889625123,4362.682899705265,4391.572985851843,444060,HEROMOTOCO.NS,Hero MotoCorp,Auto
2024-02-09,4494.95361328125,4508.826130658265,4388.047550983453,4431.908706820878,718094,HEROMOTOCO.NS,Hero MotoCorp,Auto
2024-02-12,4292.26708984375,4531.763968566996,4237.3716764315795,4531.763968566996,1321957,HEROMOTOCO.NS,Hero MotoCorp,Auto
2024-02-13,4344.7353515625,4422.6145097425815,4309.4815330831825,4329.352045979614,938269,HEROMOTOCO.NS,Hero MotoCorp,Auto
2024-02-14,4408.14599609375,4418.172909312687,4268.09247234395,4310.122255779236,735284,HEROMOTOCO.NS,Hero MotoCorp,Auto
2024-02-15,4410.8017578125,4445.460020155803,4383.422463823459,4422.934564032479,530347,HEROMOTOCO.NS,Hero MotoCorp,Auto
2024-02-16,4481.63037109375,4505.163620067429,4422.75209043205,4422.75209043205,848705,HEROMOTOCO.NS,Hero MotoCorp,Auto
2024-02-19,4443.44580078125,4527.139182491667,4435.433570229712,4513.358324787455,524294,HEROMOTOCO.NS,Hero MotoCorp,Auto
2024-02-20,4270.15283203125,4470.366944239075,4260.6754181778815,4443.445938175708,1153742,HEROMOTOCO.NS,Hero MotoCorp,Auto
2024-02-21,4243.484375,4323.116761283708,4218.359405614483,4299.4420210863855,1112050,HEROMOTOCO.NS,Hero MotoCorp,Auto
2024-02-22,4206.3349609375,4284.610328022381,4155.336604853409,4266.971812592064,1441798,HEROMOTOCO.NS,Hero MotoCorp,Auto
2024-02-23,4228.88623046875,4309.08015112052,4196.930474138974,4243.624286148317,819122,HEROMOTOCO.NS,Hero MotoCorp,Auto
2024-02-26,4207.2236328125,4238.945451097865,4182.9407492860055,4233.28434909784,605090,HEROMOTOCO.NS,Hero MotoCorp,Auto
2024-02-27,4145.41748046875,4228.652593119037,4124.784383816932,4212.557516661777,830187,HEROMOTOCO.NS,Hero MotoCorp,Auto
2024-02-28,4093.950927734375,4172.694618697463,4069.6214391861417,4154.728044390566,569688,HEROMOTOCO.NS,Hero MotoCorp,Auto
2024-02-29,4142.095703125,4167.828817738337,4070.510857018807,4097.647596065599,1548190,HEROMOTOCO.NS,Hero MotoCorp,Auto
2024-03-01,4217.51708984375,4234.266916207836,4164.085696602182,4173.349526208332,510674,HEROMOTOCO.NS,Hero MotoCorp,Auto
2024-03-04,4315.39599609375,4332.520028561863,4269.824814325655,4295.043445203637,570306,HEROMOTOCO.NS,Hero MotoCorp,Auto
2024-03-05,4295.09033203125,4346.322618671492,4278.106569485726,4315.349217923638,442519,HEROMOTOCO.NS,Hero MotoCorp,Auto
2024-03-06,4337.4794921875,4350.299443153096,4244.653415556182,4285.7327273910905,353334,HEROMOTOCO.NS,Hero MotoCorp,Auto
2024-03-07,4353.94921875,4401.766114651072,4323.911565233786,4351.235636294108,684934,HEROMOTOCO.NS,Hero MotoCorp,Auto
2024-03-11,4371.54150390625,4421.416773850861,4304.962555636321,4398.023034306677,644170,HEROMOTOCO.NS,Hero MotoCorp,Auto
2024-03-12,4359.56396484375,4395.216117987383,4335.328140224728,4366.488420890755,312738,HEROMOTOCO.NS,Hero MotoCorp,Auto
2024-03-13,4222.19580078125,4385.624374687594,4188.929628834585,4347.4925790363395,700123,HEROMOTOCO.NS,Hero MotoCorp,Auto
2024-03-14,4374.90966796875,4381.3196437381785,4168.764225827764,4168.764225827764,708629,HEROMOTOCO.NS,Hero MotoCorp,Auto
2024-03-15,4290.6923828125,4380.103529668678,4211.4812719444935,4355.914311551414,1278695,HEROMOTOCO.NS,Hero MotoCorp,Auto
2024-03-18,4261.59130859375,4288.072841358884,4236.653214485585,4267.486348721701,232124,HEROMOTOCO.NS,Hero MotoCorp,Auto
2024-03-19,4249.9404296875,4302.202132342048,4219.856173666977,4261.403361434882,388757,HEROMOTOCO.NS,Hero MotoCorp,Auto
2024-03-20,4220.65185546875,4294.108197143606,4192.15809813192,4250.174571811424,418716,HEROMOTOCO.NS,Hero MotoCorp,Auto
2024-03-21,4229.49462890625,4252.982035821408,4159.594406225276,4236.8869595449105,633619,HEROMOTOCO.NS,Hero MotoCorp,Auto
2024-03-22,4383.05126953125,4432.037854072734,4227.342622388285,4247.180240410704,902115,HEROMOTOCO.NS,Hero MotoCorp,Auto
2024-03-26,4371.02685546875,4420.995795045454,4335.8425774944435,4383.051329768468,551123,HEROMOTOCO.NS,Hero MotoCorp,Auto
2024-03-27,4278.76171875,4396.15169070013,4267.018243846869,4390.537193010858,693528,HEROMOTOCO.NS,Hero MotoCorp,Auto
2024-03-28,4418.8896484375,4444.8100921595615,4288.727259476353,4308.190666168973,1086607,HEROMOTOCO.NS,Hero MotoCorp,Auto
2024-04-01,4380.009765625,4472.648972332659,4362.558127662371,4435.452927215189,664163,HEROMOTOCO.NS,Hero MotoCorp,Auto
2024-04-02,4267.7666015625,4384.408154965992,4231.459699772539,4351.235648815194,1342779,HEROMOTOCO.NS,Hero MotoCorp,Auto
2024-04-03,4264.3984375,4307.489525611193,4235.670740819869,4290.318428354203,681469,HEROMOTOCO.NS,Hero MotoCorp,Auto
2024-04-04,4232.34912109375,4295.090953235247,4176.016808616688,4290.412204920176,1378250,HEROMOTOCO.NS,Hero MotoCorp,Auto
2024-04-05,4234.1728515625,4272.258039249462,4181.256399721223,4192.625664846048,605460,HEROMOTOCO.NS,Hero MotoCorp,Auto
2024-04-08,4299.86328125,4312.729838857166,4234.360806158974,4248.30338447512,711580,HEROMOTOCO.NS,Hero MotoCorp,Auto
2024-04-09,4231.17919921875,4372.991870015491,4215.5519979499895,4318.484455169634,945922,HEROMOTOCO.NS,Hero MotoCorp,Auto
2024-04-10,4206.10107421875,4259.251929290567,4188.321830599,4259.251929290567,515061,HEROMOTOCO.NS,Hero MotoCorp,Auto
2024-04-12,4155.47607421875,4232.207530954597,4146.305912152913,4219.294370999207,438331,HEROMOTOCO.NS,Hero MotoCorp,Auto
2024-04-15,4099.7060546875,4155.24242418697,4088.243122858077,4145.370449334191,645166,HEROMOTOCO.NS,Hero MotoCorp,Auto
2024-04-16,4045.15185546875,4160.763992723022,4012.5408905188065,4064.8962634154796,719918,HEROMOTOCO.NS,Hero MotoCorp,Auto
2024-04-18,3978.152099609375,4116.034894824742,3959.718106598191,4077.9967648910683,1103254,HEROMOTOCO.NS,Hero MotoCorp,Auto
2024-04-19,3942.96826171875,3978.105476341009,3900.3445934075658,3978.105476341009,674079,HEROMOTOCO.NS,Hero MotoCorp,Auto
2024-04-22,4034.8583984375,4056.4743044520123,3936.6046955614997,3967.437826037124,619635,HEROMOTOCO.NS,Hero MotoCorp,Auto
2024-04-23,4065.878662109375,4088.196381700335,4011.464913643677,4059.2818101193193,547228,HEROMOTOCO.NS,Hero MotoCorp,Auto
2024-04-24,4111.07568359375,4122.304679031524,4056.5682682395563,4079.8683423911384,658601,HEROMOTOCO.NS,Hero MotoCorp,Auto
2024-04-25,4209.28173828125,4224.9089374913565,4086.324346963952,4118.233495880279,1103462,HEROMOTOCO.NS,Hero MotoCorp,Auto
2024-04-26,4203.01318359375,4249.05179183699,4179.479171478104,4220.464823036099,497777,HEROMOTOCO.NS,Hero MotoCorp,Auto
2024-04-29,4171.291015625,4238.945526361622,4159.968354514956,4238.945526361622,590104,HEROMOTOCO.NS,Hero MotoCorp,Auto
2024-04-30,4251.1572265625,4293.406688408492,4178.122149798273,4178.122149798273,828084,HEROMOTOCO.NS,Hero MotoCorp,Auto
2024-05-02,4268.421875,4327.8419756384965,4258.87704614959,4327.8419756384965,808478,HEROMOTOCO.NS,Hero MotoCorp,Auto
2024-05-03,4260.23388671875,4285.686457976931,4226.640568285992,4283.393688749674,347594,HEROMOTOCO.NS,Hero MotoCorp,Auto
2024-05-06,4219.9970703125,4288.260191438389,4178.590147453954,4278.200882495352,241049,HEROMOTOCO.NS,Hero MotoCorp,Auto
2024-05-07,4189.1171875,4243.110124319278,4147.4297239346515,4237.963501315704,456294,HEROMOTOCO.NS,Hero MotoCorp,Auto
2024-05-08,4317.455078125,4362.464726205747,4131.00696643549,4203.995436758109,1313834,HEROMOTOCO.NS,Hero MotoCorp,Auto
2024-05-09,4458.7529296875,4605.759275053632,4336.123134191072,4355.91414574861,3589872,HEROMOTOCO.NS,Hero MotoCorp,Auto
2024-05-10,4564.025390625,4636.031511150618,4468.017382227183,4480.931001936154,1520297,HEROMOTOCO.NS,Hero MotoCorp,Auto
2024-05-13,4571.65087890625,4594.483532692608,4426.656765110497,4592.658638367331,624906,HEROMOTOCO.NS,Hero MotoCorp,Auto
2024-05-14,4719.40625,4726.470976337851,4589.898146772345,4599.115371220249,1335266,HEROMOTOCO.NS,Hero MotoCorp,Auto
2024-05-15,4732.36669921875,4775.130642587148,4698.16523099538,4733.021906761865,882851,HEROMOTOCO.NS,Hero MotoCorp,Auto
2024-05-16,4811.0166015625,4823.742888309033,4717.769239407876,4739.5254189836105,1296732,HEROMOTOCO.NS,Hero MotoCorp,Auto
2024-05-17,4762.21728515625,4836.515715728779,4746.917687049596,4805.07443621517,609690,HEROMOTOCO.NS,Hero MotoCorp,Auto
2024-05-21,4729.13818359375,4793.6578440443645,4706.118652167549,4748.92919615257,480490,HEROMOTOCO.NS,Hero MotoCorp,Auto
2024-05-22,4674.95849609375,4742.3324687235345,4645.9968625955435,4725.535580283484,422368,HEROMOTOCO.NS,Hero MotoCorp,Auto
2024-05-23,4814.61865234375,4824.210085001993,4644.171510358138,4678.747638167778,644911,HEROMOTOCO.NS,Hero MotoCorp,Auto
2024-05-24,4789.44677734375,4864.166470891217,4753.654356769711,4777.095157330244,458258,HEROMOTOCO.NS,Hero MotoCorp,Auto
2024-05-27,4757.2568359375,4799.271897496689,4725.535018974096,4796.651981635884,380940,HEROMOTOCO.NS,Hero MotoCorp,Auto
2024-05-28,4850.87939453125,4889.29173342451,4720.856802895054,4758.240182740049,727224,HEROMOTOCO.NS,Hero MotoCorp,Auto
2024-05-29,4813.26171875,4867.909400758245,4777.983778164425,4838.80749854717,409279,HEROMOTOCO.NS,Hero MotoCorp,Auto
2024-05-30,4806.009765625,4853.686388723204,4767.363491355816,4799.459518670294,457454,HEROMOTOCO.NS,Hero MotoCorp,Auto
2024-05-31,4790.66357421875,4856.4936476338235,4682.022958116789,4842.504008844685,1905070,HEROMOTOCO.NS,Hero MotoCorp,Auto
2024-06-03,4829.029296875,4972.573188774735,4823.414799484588,4940.757703562402,962485,HEROMOTOCO.NS,Hero MotoCorp,Auto
2024-06-04,4969.4853515625,5005.324376806333,4604.121754530073,4833.146458441711,1945233,HEROMOTOCO.NS,Hero MotoCorp,Auto
2024-06-05,5294.93896484375,5404.141122900662,4973.508986152608,4973.508986152608,2058534,HEROMOTOCO.NS,Hero MotoCorp,Auto
2024-06-06,5178.67236328125,5366.945370635748,5120.749552862966,5291.757796868866,1498100,HEROMOTOCO.NS,Hero MotoCorp,Auto
2024-06-07,5223.2138671875,5275.194573420571,5182.181156858747,5225.13197105655,637134,HEROMOTOCO.NS,Hero MotoCorp,Auto
2024-06-10,5354.54638671875,5413.311277110309,5222.464969028372,5226.1613626034705,1018162,HEROMOTOCO.NS,Hero MotoCorp,Auto
2024-06-11,5414.80908203125,5470.766729019284,5338.451818279317,5361.845559814284,1015127,HEROMOTOCO.NS,Hero MotoCorp,Auto
2024-06-12,5418.17724609375,5482.556632594978,5405.450960787518,5427.347408952188,668529,HEROMOTOCO.NS,Hero MotoCorp,Auto
2024-06-13,5442.31982421875,5464.777815240285,5362.781106017479,5446.250155411118,547596,HEROMOTOCO.NS,Hero MotoCorp,Auto
2024-06-14,5431.27783203125,5487.937285679771,5391.414809003613,5448.869741167706,573273,HEROMOTOCO.NS,Hero MotoCorp,Auto
2024-06-18,5385.0986328125,5515.822576715866,5368.114869093474,5449.805625740449,527069,HEROMOTOCO.NS,Hero MotoCorp,Auto
2024-06-19,5284.83349609375,5408.445659682981,5263.591796214755,5403.766911419679,447054,HEROMOTOCO.NS,Hero MotoCorp,Auto
2024-06-20,5150.9267578125,5304.763883296827,5142.879220779567,5304.763883296827,840321,HEROMOTOCO.NS,Hero MotoCorp,Auto
2024-06-21,5101.70654296875,5254.233719510185,5082.991551982071,5128.843279899435,669719,HEROMOTOCO.NS,Hero MotoCorp,Auto
2024-06-24,5169.501953125,5178.438178855821,5043.690239254224,5043.690239254224,464982,HEROMOTOCO.NS,Hero MotoCorp,Auto
2024-06-25,5155.97998046875,5221.342177410567,5121.778517445376,5208.288288525834,1118588,HEROMOTOCO.NS,Hero MotoCorp,Auto
2024-06-26,5102.642578125,5187.795791880616,5079.248838082248,5173.759547854965,384494,HEROMOTOCO.NS,Hero MotoCorp,Auto
2024-06-27,5132.77392578125,5155.980333265383,5072.6986182634555,5109.099186584747,874237,HEROMOTOCO.NS,Hero MotoCorp,Auto
2024-06-28,5221.10791015625,5245.109793029172,5101.799850995424,5146.622159878765,539635,HEROMOTOCO.NS,Hero MotoCorp,Auto
2024-07-01,5243.0986328125,5360.254207641273,5226.161473807442,5235.5189697318965,1018344,HEROMOTOCO.NS,Hero MotoCorp,Auto
2024-07-02,5209.412109375,5309.443658294874,5146.623214772965,5305.700659593221,689851,HEROMOTOCO.NS,Hero MotoCorp,Auto
2024-07-03,5221.2490234375,5266.352338586904,5196.2643254311415,5240.104287192089,329072,HEROMOTOCO.NS,Hero MotoCorp,Auto
2024-07-04,5201.2236328125,5243.893903921953,5175.2565826492855,5234.583013081828,676316,HEROMOTOCO.NS,Hero MotoCorp,Auto
2024-07-05,5200.94287109375,5237.390500704303,5036.76587824815,5201.223870118577,613329,HEROMOTOCO.NS,Hero MotoCorp,Auto
2024-07-08,5148.40087890625,5268.270499776755,5134.972780122709,5208.054918757186,478557,HEROMOTOCO.NS,Hero MotoCorp,Auto
2024-07-09,5230.044921875,5239.683417151795,5151.348287080536,5170.063279568684,570084,HEROMOTOCO.NS,Hero MotoCorp,Auto
2024-07-10,5154.810546875,5286.985176282051,5119.111791447032,5235.518948902314,354244,HEROMOTOCO.NS,Hero MotoCorp,Auto
2024-07-11,5171.18603515625,5203.235457767261,5149.429857763374,5174.695096026069,491353,HEROMOTOCO.NS,Hero MotoCorp,Auto
2024-07-12,5190.50927734375,5240.197671647777,5151.441732202447,5178.344532748853,265681,HEROMOTOCO.NS,Hero MotoCorp,Auto
2024-07-15,5246.1396484375,5276.691780255805,5173.3851199901,5190.602820549557,249438,HEROMOTOCO.NS,Hero MotoCorp,Auto
2024-07-16,5219.70458984375,5295.4066360940515,5204.638930898589,5256.105155493954,336316,HEROMOTOCO.NS,Hero MotoCorp,Auto
2024-07-18,5148.681640625,5219.61127766183,5069.049258148004,5189.199415610197,841644,HEROMOTOCO.NS,Hero MotoCorp,Auto
2024-07-19,5078.96826171875,5172.589825974975,5025.911076895951,5165.2911618944445,370397,HEROMOTOCO.NS,Hero MotoCorp,Auto
2024-07-22,5112.140625,5137.265594562861,5043.690629270277,5073.634618163904,415035,HEROMOTOCO.NS,Hero MotoCorp,Auto
2024-07-23,5159.30126953125,5296.201690128656,4987.264096266788,5132.585805123209,908996,HEROMOTOCO.NS,Hero MotoCorp,Auto
2024-07-24,5069.6572265625,5158.787372994151,5057.726419559838,5158.787372994151,723617,HEROMOTOCO.NS,Hero MotoCorp,Auto
2024-07-25,5056.04248046875,5100.115921615735,5009.0676672371355,5053.983648561137,438831,HEROMOTOCO.NS,Hero MotoCorp,Auto
2024-07-26,5126.87841796875,5189.854640512414,5050.568220466683,5062.405361584709,517306,HEROMOTOCO.NS,Hero MotoCorp,Auto
2024-07-29,5075.83349609375,5177.174996247057,5050.521194959416,5151.535548275918,418301,HEROMOTOCO.NS,Hero MotoCorp,Auto
2024-07-30,5094.50146484375,5191.538883038327,5062.9669768481235,5104.514168524527,412385,HEROMOTOCO.NS,Hero MotoCorp,Auto
2024-07-31,5135.81494140625,5180.449922020818,5057.913789230864,5102.548769845431,870466,HEROMOTOCO.NS,Hero MotoCorp,Auto
2024-08-01,5063.6103515625,5172.577251325622,5019.825494289752,5172.577251325622,868140,HEROMOTOCO.NS,Hero MotoCorp,Auto
2024-08-02,4971.5634765625,5065.731063573277,4935.979593833317,5019.4483584874115,402666,HEROMOTOCO.NS,Hero MotoCorp,Auto
2024-08-05,4886.44482421875,4945.924202950711,4829.039392360681,4882.8156473211375,439371,HEROMOTOCO.NS,Hero MotoCorp,Auto
2024-08-06,4876.92431640625,4953.55955369375,4862.031113231839,4901.856784913508,552856,HEROMOTOCO.NS,Hero MotoCorp,Auto
2024-08-07,4940.40966796875,5009.786549149306,4923.489925582688,4929.899553516321,515480,HEROMOTOCO.NS,Hero MotoCorp,Auto
2024-08-08,4862.87939453125,4950.637357486829,4851.567961117343,4934.612826817128,243559,HEROMOTOCO.NS,Hero MotoCorp,Auto
2024-08-09,4908.408203125,4945.594264413247,4892.90192900718,4906.287309354299,333635,HEROMOTOCO.NS,Hero MotoCorp,Auto
2024-08-12,5007.05322265625,5019.448576383747,4887.481853248775,4915.5717287821435,569618,HEROMOTOCO.NS,Hero MotoCorp,Auto
2024-08-13,4944.51025390625,5097.025894618741,4916.702980530931,5043.01398501543,1042924,HEROMOTOCO.NS,Hero MotoCorp,Auto
2024-08-14,4781.39013671875,4993.620810436242,4704.613599639905,4977.0306163291325,2185163,HEROMOTOCO.NS,Hero MotoCorp,Auto
2024-08-16,4833.84716796875,4844.074681634449,4731.996854457144,4826.211857937687,679493,HEROMOTOCO.NS,Hero MotoCorp,Auto
2024-08-19,4891.158203125,4924.244239435762,4814.476015192128,4853.547777345854,714915,HEROMOTOCO.NS,Hero MotoCorp,Auto
2024-08-20,4943.47314453125,5043.013846335903,4892.194740651091,4900.678315345861,962948,HEROMOTOCO.NS,Hero MotoCorp,Auto
2024-08-21,4981.4609375,5000.784635239624,4915.760181079927,4943.473099444077,612911,HEROMOTOCO.NS,Hero MotoCorp,Auto
2024-08-22,5024.1142578125,5074.120030913164,4961.4300701744305,4981.743333341273,761731,HEROMOTOCO.NS,Hero MotoCorp,Auto
2024-08-23,5075.9111328125,5131.431323614576,5010.022128574052,5024.161419623649,757678,HEROMOTOCO.NS,Hero MotoCorp,Auto
2024-08-26,5037.12255859375,5113.710386970029,5021.333683205409,5099.571095577485,553070,HEROMOTOCO.NS,Hero MotoCorp,Auto
2024-08-27,5049.18798828125,5087.270181951346,5020.391148431562,5046.784492809347,672259,HEROMOTOCO.NS,Hero MotoCorp,Auto
2024-08-28,5006.62890625,5074.309259615209,4963.834074831856,5057.153401343127,688591,HEROMOTOCO.NS,Hero MotoCorp,Auto
2024-08-29,5066.1083984375,5078.1737436837,4987.305317807391,4995.8832471334545,516725,HEROMOTOCO.NS,Hero MotoCorp,Auto
2024-08-30,5142.36572265625,5201.373788459847,5076.806728257181,5090.144700558748,1569946,HEROMOTOCO.NS,Hero MotoCorp,Auto
2024-09-02,5258.11962890625,5306.051456344351,5200.431138533321,5217.398287435551,1054947,HEROMOTOCO.NS,Hero MotoCorp,Auto
2024-09-03,5322.5009765625,5371.988500031823,5231.443841326261,5280.554409050407,805935,HEROMOTOCO.NS,Hero MotoCorp,Auto
2024-09-04,5357.61279296875,5362.844146316844,5283.381518291593,5283.381518291593,532554,HEROMOTOCO.NS,Hero MotoCorp,Auto
2024-09-05,5405.16845703125,5466.250011282701,5325.79971783881,5363.504494602271,817503,HEROMOTOCO.NS,Hero MotoCorp,Auto
2024-09-06,5414.17041015625,5439.196772190547,5325.517235902489,5391.783198449401,683920,HEROMOTOCO.NS,Hero MotoCorp,Auto
2024-09-09,5415.63134765625,5439.244241061543,5359.875499182988,5414.217418479769,469914,HEROMOTOCO.NS,Hero MotoCorp,Auto
2024-09-10,5344.36962890625,5527.6617030562575,5333.576452201111,5464.364899643854,775935,HEROMOTOCO.NS,Hero MotoCorp,Auto
2024-09-11,5329.99462890625,5381.131733068538,5280.884064469144,5371.0455210454575,592210,HEROMOTOCO.NS,Hero MotoCorp,Auto
2024-09-12,5470.162109375,5484.160100618847,5330.513126332,5372.93100266886,855863,HEROMOTOCO.NS,Hero MotoCorp,Auto
2024-09-13,5463.2333984375,5511.590050382212,5438.914001737856,5492.548954173721,332581,HEROMOTOCO.NS,Hero MotoCorp,Auto
2024-09-16,5447.822265625,5488.401849596083,5398.381690448564,5448.3405222267675,333195,HEROMOTOCO.NS,Hero MotoCorp,Auto
2024-09-17,5619.14306640625,5641.5302776145045,5432.881377100895,5467.192631910553,1250736,HEROMOTOCO.NS,Hero MotoCorp,Auto
2024-09-18,5622.4892578125,5793.292083020272,5587.942347677522,5641.859903037466,1446956,HEROMOTOCO.NS,Hero MotoCorp,Auto
2024-09-19,5661.4189453125,5712.273444988329,5636.9582485501505,5655.7162821666625,532623,HEROMOTOCO.NS,Hero MotoCorp,Auto
2024-09-20,5668.2060546875,5742.437331751757,5642.284021426966,5701.669043078372,993542,HEROMOTOCO.NS,Hero MotoCorp,Auto
2024-09-23,5835.3330078125,5853.667141338005,5659.770124547733,5702.848020144112,887240,HEROMOTOCO.NS,Hero MotoCorp,Auto
2024-09-24,5774.76953125,5887.8369218840835,5759.687619582976,5835.757195658893,631130,HEROMOTOCO.NS,Hero MotoCorp,Auto
2024-09-25,5738.94970703125,5814.453615630427,5687.624355087454,5791.453793529116,341785,HEROMOTOCO.NS,Hero MotoCorp,Auto
2024-09-26,5704.21435546875,5716.986664240638,5565.319294747343,5660.995163901575,1255943,HEROMOTOCO.NS,Hero MotoCorp,Auto
2024-09-27,5615.51416015625,5739.892522366987,5599.630930123167,5719.909265873132,718197,HEROMOTOCO.NS,Hero MotoCorp,Auto
2024-09-30,5384.619140625,5552.028443468862,5363.97586715782,5552.028443468862,1346723,HEROMOTOCO.NS,Hero MotoCorp,Auto
2024-10-01,5420.15625,5461.537152248963,5339.939241886499,5384.619312246072,742940,HEROMOTOCO.NS,Hero MotoCorp,Auto
2024-10-03,5337.818359375,5404.367385456532,5299.406616291775,5404.367385456532,1219791,HEROMOTOCO.NS,Hero MotoCorp,Auto
2024-10-04,5204.06103515625,5325.753306448487,5169.325414017758,5323.01934164754,943922,HEROMOTOCO.NS,Hero MotoCorp,Auto
2024-10-07,5185.86767578125,5286.634059791485,5124.1735110218,5250.343212192965,682783,HEROMOTOCO.NS,Hero MotoCorp,Auto
2024-10-08,5212.5439453125,5226.824537071661,5100.513538339903,5148.5871274094525,473756,HEROMOTOCO.NS,Hero MotoCorp,Auto
2024-10-09,5235.8740234375,5267.357420620455,5212.685493205282,5223.101253891951,439340,HEROMOTOCO.NS,Hero MotoCorp,Auto
2024-10-10,5143.02587890625,5273.908676646986,5132.562711353843,5267.35728761162,579335,HEROMOTOCO.NS,Hero MotoCorp,Auto
2024-10-11,5162.06689453125,5173.425735467998,5127.849991377974,5147.173690794013,303034,HEROMOTOCO.NS,Hero MotoCorp,Auto
2024-10-14,5236.5810546875,5255.1034348311305,5184.265675201737,5188.177453867362,407147,HEROMOTOCO.NS,Hero MotoCorp,Auto
2024-10-15,5189.732421875,5267.027212888244,5150.472415809363,5245.676975472018,302887,HEROMOTOCO.NS,Hero MotoCorp,Auto
2024-10-16,5088.4482421875,5202.316481893108,5077.890720775172,5189.732420818277,504211,HEROMOTOCO.NS,Hero MotoCorp,Auto
2024-10-17,4918.06982421875,5055.314842087548,4807.358990422203,5055.314842087548,1947589,HEROMOTOCO.NS,Hero MotoCorp,Auto
2024-10-18,4916.8916015625,4985.184102367538,4850.766481054213,4918.0698758372255,427617,HEROMOTOCO.NS,Hero MotoCorp,Auto
2024-10-21,4941.44677734375,4952.381254940268,4793.266816730509,4916.891724947645,740720,HEROMOTOCO.NS,Hero MotoCorp,Auto
2024-10-22,4878.8095703125,4971.751940232487,4859.203269837335,4961.006170543917,531833,HEROMOTOCO.NS,Hero MotoCorp,Auto
2024-10-23,4850.43701171875,4977.030617758266,4826.729764713219,4878.809488506996,411524,HEROMOTOCO.NS,Hero MotoCorp,Auto
2024-10-24,4820.1787109375,4931.03084569607,4801.326322722211,4863.963106409476,349453,HEROMOTOCO.NS,Hero MotoCorp,Auto
2024-10-25,4687.92919921875,4849.494543662916,4595.2698899533625,4826.211658781787,709797,HEROMOTOCO.NS,Hero MotoCorp,Auto
2024-10-28,4645.0400390625,4728.037959534427,4615.111870897075,4687.92922493736,419927,HEROMOTOCO.NS,Hero MotoCorp,Auto
2024-10-29,4512.74365234375,4675.345506832282,4472.729272742516,4645.08733055304,953917,HEROMOTOCO.NS,Hero MotoCorp,Auto
2024-10-30,4627.6015625,4748.445562203272,4468.110624936003,4472.729368268889,1039340,HEROMOTOCO.NS,Hero MotoCorp,Auto
2024-10-31,4703.24658203125,4739.019173422812,4637.640638064892,4653.712115204063,897452,HEROMOTOCO.NS,Hero MotoCorp,Auto
2024-11-01,4732.42041015625,4753.629345367586,4722.664207906365,4750.518885641931,49631,HEROMOTOCO.NS,Hero MotoCorp,Auto
2024-11-04,4530.2763671875,4833.281596478235,4455.291168357752,4833.281596478235,1676556,HEROMOTOCO.NS,Hero MotoCorp,Auto
2024-11-05,4544.0859375,4598.380451649819,4487.7170161134545,4541.540680783981,673746,HEROMOTOCO.NS,Hero MotoCorp,Auto
2024-11-06,4612.04833984375,4637.68777342823,4563.220835602858,4579.245366527305,602657,HEROMOTOCO.NS,Hero MotoCorp,Auto
2024-11-07,4539.6552734375,4634.812891067262,4513.308875691653,4634.812891067262,373373,HEROMOTOCO.NS,Hero MotoCorp,Auto
2024-11-08,4495.2578125,4554.737191972688,4464.198777715265,4552.851953068726,333494,HEROMOTOCO.NS,Hero MotoCorp,Auto
2024-11-11,4484.51220703125,4511.5181632668355,4446.854374440143,4489.696614207009,424955,HEROMOTOCO.NS,Hero MotoCorp,Auto
2024-11-12,4453.12255859375,4520.991152421946,4432.950136106349,4484.511599133947,310558,HEROMOTOCO.NS,Hero MotoCorp,Auto
2024-11-13,4260.26318359375,4427.248135940237,4234.246793345088,4422.440684438295,1304908,HEROMOTOCO.NS,Hero MotoCorp,Auto
2024-11-14,4339.8193359375,4364.327438182151,4210.680489494529,4260.262357626761,889483,HEROMOTOCO.NS,Hero MotoCorp,Auto
2024-11-18,4461.41796875,4562.231305561432,4443.60255275084,4556.763836456257,1783519,HEROMOTOCO.NS,Hero MotoCorp,Auto
2024-11-19,4501.76171875,4575.42779589077,4462.831720145043,4486.8215688987675,704072,HEROMOTOCO.NS,Hero MotoCorp,Auto
2024-11-21,4494.26806640625,4543.425576808042,4469.147351068485,4524.526241657171,572418,HEROMOTOCO.NS,Hero MotoCorp,Auto
2024-11-22,4519.01220703125,4532.49148168648,4469.90163935428,4504.212896874032,394712,HEROMOTOCO.NS,Hero MotoCorp,Auto
2024-11-25,4579.52783203125,4626.988812792424,4538.712594466742,4571.704274800352,1174601,HEROMOTOCO.NS,Hero MotoCorp,Auto
2024-11-26,4561.052734375,4601.16100626278,4525.562745291402,4581.13034375152,384827,HEROMOTOCO.NS,Hero MotoCorp,Auto
2024-11-27,4591.7353515625,4612.614281944939,4534.565569543386,4564.1637305138565,296689,HEROMOTOCO.NS,Hero MotoCorp,Auto
2024-11-28,4509.02001953125,4628.214429929013,4486.962817038714,4613.17946599476,778790,HEROMOTOCO.NS,Hero MotoCorp,Auto
2024-11-29,4488.47119140625,4528.768172644487,4460.569563806159,4523.44200457421,462448,HEROMOTOCO.NS,Hero MotoCorp,Auto
2024-12-02,4475.98193359375,4504.778776401758,4425.221779371311,4461.889587381821,510429,HEROMOTOCO.NS,Hero MotoCorp,Auto
2024-12-03,4427.4833984375,4509.491287657015,4420.885062523286,4477.442227502262,664696,HEROMOTOCO.NS,Hero MotoCorp,Auto
2024-12-04,4369.8427734375,4453.877211200372,4350.660374242395,4435.071767758818,586762,HEROMOTOCO.NS,Hero MotoCorp,Auto
2024-12-05,4377.8544921875,4409.620489735061,4325.114752775692,4388.8359161191,796988,HEROMOTOCO.NS,Hero MotoCorp,Auto
2024-12-06,4363.95068359375,4449.163381733603,4350.188348877241,4389.731415157103,733835,HEROMOTOCO.NS,Hero MotoCorp,Auto
2024-12-09,4332.23193359375,4392.22956798608,4326.623163905552,4372.764568898312,329145,HEROMOTOCO.NS,Hero MotoCorp,Auto
2024-12-10,4325.0205078125,4350.141683607635,4299.947199409866,4336.049339150041,384707,HEROMOTOCO.NS,Hero MotoCorp,Auto
2024-12-11,4383.60498046875,4387.281104417919,4323.088625255955,4323.088625255955,571443,HEROMOTOCO.NS,Hero MotoCorp,Auto
2024-12-12,4295.28125,4392.748010693244,4281.377612881988,4383.6048780347,821540,HEROMOTOCO.NS,Hero MotoCorp,Auto
2024-12-13,4312.908203125,4320.024795630382,4241.787383883203,4295.281035891063,552194,HEROMOTOCO.NS,Hero MotoCorp,Auto
2024-12-16,4278.5498046875,4326.6233979985955,4256.586954986033,4326.6233979985955,835965,HEROMOTOCO.NS,Hero MotoCorp,Auto
2024-12-17,4161.75927734375,4296.9777629646005,4143.378197840868,4254.324232323297,778939,HEROMOTOCO.NS,Hero MotoCorp,Auto
2024-12-18,4137.5810546875,4175.709734598002,4121.320869466677,4146.064629585321,738092,HEROMOTOCO.NS,Hero MotoCorp,Auto
2024-12-19,4154.0771484375,4202.292043331703,4076.8292970731377,4081.1180316502387,691740,HEROMOTOCO.NS,Hero MotoCorp,Auto
2024-12-20,4090.92138671875,4205.54354140295,4076.829042109453,4154.076888642758,800108,HEROMOTOCO.NS,Hero MotoCorp,Auto
2024-12-23,4027.435791015625,4124.431236439727,4014.0034643971203,4114.533732615566,931177,HEROMOTOCO.NS,Hero MotoCorp,Auto
2024-12-24,4014.710693359375,4067.403029897954,4006.1327640941613,4027.436056257086,561434,HEROMOTOCO.NS,Hero MotoCorp,Auto
2024-12-26,4029.6982421875,4060.663383890676,4011.4115164861623,4024.985144828216,375676,HEROMOTOCO.NS,Hero MotoCorp,Auto
2024-12-27,3994.774169921875,4099.121863945152,3985.9131791302743,4034.8824422863904,744900,HEROMOTOCO.NS,Hero MotoCorp,Auto
2024-12-30,3947.313232421875,4028.7554594368953,3929.0734543279923,4008.7247964717494,1819173,HEROMOTOCO.NS,Hero MotoCorp,Auto
2024-12-31,3921.862548828125,3975.4505562458207,3911.870690673965,3923.55907972113,492605,HEROMOTOCO.NS,Hero MotoCorp,Auto
2025-01-01,3944.24951171875,3956.173554874358,3893.0180561427446,3935.2472204430123,329310,HEROMOTOCO.NS,Hero MotoCorp,Auto
2025-01-02,4064.103759765625,4074.1425648581385,3908.100240748761,3944.862399308626,1062633,HEROMOTOCO.NS,Hero MotoCorp,Auto
2025-01-03,3999.628662109375,4053.074908522618,3923.606495866217,4020.6962987734873,1269643,HEROMOTOCO.NS,Hero MotoCorp,Auto
2025-01-06,3961.640625,4053.2634146647497,3947.454387154025,4014.616019315621,813031,HEROMOTOCO.NS,Hero MotoCorp,Auto
2025-01-07,3923.229248046875,3982.4260279324562,3916.8665665156514,3959.0961956513042,396158,HEROMOTOCO.NS,Hero MotoCorp,Auto
2025-01-08,3900.653564453125,3956.17375695722,3864.7396720335005,3956.17375695722,438731,HEROMOTOCO.NS,Hero MotoCorp,Auto
2025-01-09,3903.62255859375,3925.4441054741133,3876.3809502073404,3911.2578677245074,340998,HEROMOTOCO.NS,Hero MotoCorp,Auto
2025-01-10,3885.666015625,3925.0673238677864,3851.9199637238153,3907.1575546186295,355269,HEROMOTOCO.NS,Hero MotoCorp,Auto
2025-01-13,3811.622802734375,3885.43017709868,3768.121009956656,3864.739497391442,801718,HEROMOTOCO.NS,Hero MotoCorp,Auto
2025-01-14,3867.237548828125,3897.0244151491024,3824.9140280755328,3833.633257885082,242769,HEROMOTOCO.NS,Hero MotoCorp,Auto
2025-01-15,3875.956787109375,3918.657723941565,3848.8564781826235,3886.608662949929,281045,HEROMOTOCO.NS,Hero MotoCorp,Auto
2025-01-16,3840.325927734375,3935.4361365629416,3825.1024857977536,3930.723039393405,349664,HEROMOTOCO.NS,Hero MotoCorp,Auto
2025-01-17,3862.8544921875,3888.3052172458365,3817.6087587504576,3842.116864362189,211342,HEROMOTOCO.NS,Hero MotoCorp,Auto
2025-01-20,3857.293212890625,3881.2356552992915,3813.4142306762615,3881.2356552992915,254936,HEROMOTOCO.NS,Hero MotoCorp,Auto
2025-01-21,3793.854736328125,3882.649440805271,3779.903922706758,3858.0469815748747,287082,HEROMOTOCO.NS,Hero MotoCorp,Auto
2025-01-22,3822.981689453125,3838.3464326435346,3795.928557037209,3795.928557037209,272889,HEROMOTOCO.NS,Hero MotoCorp,Auto
2025-01-23,3865.06982421875,3878.8791073599496,3794.043355315625,3822.9817269310697,282745,HEROMOTOCO.NS,Hero MotoCorp,Auto
2025-01-24,3819.399658203125,3888.3052320652528,3809.2195522463517,3869.4997899284485,216273,HEROMOTOCO.NS,Hero MotoCorp,Auto
2025-01-27,3785.512451171875,3840.9856966403368,3770.4777173004786,3812.895591620109,328160,HEROMOTOCO.NS,Hero MotoCorp,Auto
2025-01-28,3795.31591796875,3829.2030412003433,3770.477803386262,3789.3301924031935,444089,HEROMOTOCO.NS,Hero MotoCorp,Auto
2025-01-29,3838.7705078125,3878.6903031777397,3801.631393780084,3804.412075112907,479893,HEROMOTOCO.NS,Hero MotoCorp,Auto
2025-01-30,3938.075439453125,3946.7477226864376,3827.082226941811,3845.1332977478446,807120,HEROMOTOCO.NS,Hero MotoCorp,Auto
2025-01-31,4090.1669921875,4121.886043834551,3936.3787248163776,3947.690157933666,1056018,HEROMOTOCO.NS,Hero MotoCorp,Auto
2025-02-01,4149.5517578125,4263.420453598134,3992.9825887718544,4081.5418624799695,1141242,HEROMOTOCO.NS,Hero MotoCorp,Auto
2025-02-03,4040.67919921875,4175.803776919599,3985.5833736248587,4166.377583292241,846135,HEROMOTOCO.NS,Hero MotoCorp,Auto
2025-02-04,3993.972900390625,4100.394542557425,3977.854015998237,4075.8864372455873,554233,HEROMOTOCO.NS,Hero MotoCorp,Auto
2025-02-05,4025.36181640625,4043.837248803108,3970.878598884372,3994.821039726707,408928,HEROMOTOCO.NS,Hero MotoCorp,Auto
2025-02-06,3987.3271484375,4085.925233181514,3974.9317949462875,4042.894748117946,576470,HEROMOTOCO.NS,Hero MotoCorp,Auto
2025-02-07,4029.3681640625,4072.0691015617103,3973.706669311441,4072.0691015617103,1344288,HEROMOTOCO.NS,Hero MotoCorp,Auto
2025-02-10,3955.655517578125,4073.01163739782,3930.8174033788673,4059.201894445267,779450,HEROMOTOCO.NS,Hero MotoCorp,Auto
2025-02-11,3851.118896484375,3995.7638034271054,3837.4037376154156,3959.0016452922487,593081,HEROMOTOCO.NS,Hero MotoCorp,Auto
2025-02-12,3880.30029296875,3929.4352363374946,3821.6477278649922,3871.8454271121914,619474,HEROMOTOCO.NS,Hero MotoCorp,Auto
2025-02-13,3823.09716796875,3889.335050544391,3812.0334191577017,3869.9129212961425,557075,HEROMOTOCO.NS,Hero MotoCorp,Auto
2025-02-14,3732.122802734375,3846.819291139417,3720.141143802397,3826.479251470701,475952,HEROMOTOCO.NS,Hero MotoCorp,Auto
2025-02-17,3745.69873046875,3755.0715058812425,3630.905763274472,3715.357935197997,913565,HEROMOTOCO.NS,Hero MotoCorp,Auto
2025-02-18,3710.96142578125,3760.627629371038,3681.490178941951,3749.129106114113,482022,HEROMOTOCO.NS,Hero MotoCorp,Auto
2025-02-19,3748.307861328125,3767.3917024079715,3686.321707322262,3711.34801721146,453662,HEROMOTOCO.NS,Hero MotoCorp,Auto
2025-02-20,3777.24755859375,3805.1726776350806,3725.455372936022,3734.151806175919,438563,HEROMOTOCO.NS,Hero MotoCorp,Auto
2025-02-21,3722.6533203125,3784.7361915597867,3699.510956235717,3768.4544414695583,426337,HEROMOTOCO.NS,Hero MotoCorp,Auto
2025-02-24,3753.815673828125,3759.8548638539073,3671.9242570785145,3710.3335056424908,272543,HEROMOTOCO.NS,Hero MotoCorp,Auto
2025-02-25,3699.12451171875,3752.3177423049005,3688.3506915494727,3746.230191845776,661184,HEROMOTOCO.NS,Hero MotoCorp,Auto
2025-02-27,3632.741943359375,3681.7801663464465,3599.5988213317687,3679.7025434350053,877741,HEROMOTOCO.NS,Hero MotoCorp,Auto
2025-02-28,3556.93798828125,3620.566751226765,3538.626975865343,3619.2624277579744,995134,HEROMOTOCO.NS,Hero MotoCorp,Auto
2025-03-03,3508.2861328125,3589.6944111818325,3494.9999152744786,3521.137575866811,691809,HEROMOTOCO.NS,Hero MotoCorp,Auto
2025-03-04,3396.29541015625,3517.127327848641,3377.1148494814065,3502.7299940973103,946922,HEROMOTOCO.NS,Hero MotoCorp,Auto
2025-03-05,3467.702880859375,3487.8497129621346,3394.991033618785,3396.4404392116207,611959,HEROMOTOCO.NS,Hero MotoCorp,Auto
2025-03-06,3525.67919921875,3534.6172006145084,3461.856990719756,3507.0784936113605,654829,HEROMOTOCO.NS,Hero MotoCorp,Auto
2025-03-07,3529.302490234375,3607.763596292639,3502.7300553318573,3540.4145993754278,621576,HEROMOTOCO.NS,Hero MotoCorp,Auto
2025-03-10,3462.001953125,3542.1056739074234,3455.0929783090487,3529.785726463566,675889,HEROMOTOCO.NS,Hero MotoCorp,Auto
2025-03-11,3527.514892578125,3539.9315614086263,3432.9171160896676,3458.281713738631,618870,HEROMOTOCO.NS,Hero MotoCorp,Auto
2025-03-12,3488.477783203125,3545.680944876083,3475.674700140334,3527.5150138020445,385877,HEROMOTOCO.NS,Hero MotoCorp,Auto
2025-03-13,3410.113037109375,3503.26164382832,3405.4751279830007,3502.730147935048,359751,HEROMOTOCO.NS,Hero MotoCorp,Auto
2025-03-17,3375.279052734375,3429.293470917625,3344.8415367203133,3368.418438889502,673556,HEROMOTOCO.NS,Hero MotoCorp,Auto
2025-03-18,3375.279052734375,3375.279052734375,3375.279052734375,3375.279052734375,0,HEROMOTOCO.NS,Hero MotoCorp,Auto
2025-03-19,3417.6982421875,3467.799454406051,3395.6188702356826,3464.0792191807145,674188,HEROMOTOCO.NS,Hero MotoCorp,Auto
2025-03-20,3475.8193359375,3511.426493115277,3441.1303243276775,3458.2816232414903,771668,HEROMOTOCO.NS,Hero MotoCorp,Auto
2025-03-21,3506.59521484375,3586.6989351164443,3489.9270507610677,3506.59521484375,1195882,HEROMOTOCO.NS,Hero MotoCorp,Auto
2025-03-24,3504.03466796875,3562.977160830716,3462.0019066655445,3534.617030968396,663262,HEROMOTOCO.NS,Hero MotoCorp,Auto
2025-03-25,3505.58056640625,3551.7199768994487,3493.06741220759,3529.302551338374,544164,HEROMOTOCO.NS,Hero MotoCorp,Auto
2025-03-26,3522.9736328125,3545.536141752077,3483.7913196310406,3526.887075241544,755658,HEROMOTOCO.NS,Hero MotoCorp,Auto
2025-03-27,3644.8203125,3661.1985486123035,3488.5744358726183,3511.4266364890764,1525094,HEROMOTOCO.NS,Hero MotoCorp,Auto
2025-03-28,3597.37646484375,3680.2825152566993,3582.302787617857,3651.53596984708,509889,HEROMOTOCO.NS,Hero MotoCorp,Auto
2025-04-01,3635.157470703125,3687.8675662497135,3582.3025289642515,3582.3025289642515,506307,HEROMOTOCO.NS,Hero MotoCorp,Auto
2025-04-02,3656.31884765625,3661.971623881409,3606.990696355983,3642.839422703017,321687,HEROMOTOCO.NS,Hero MotoCorp,Auto
2025-04-03,3626.7509765625,3678.6880087919108,3609.647802340878,3652.5019874822765,339509,HEROMOTOCO.NS,Hero MotoCorp,Auto
2025-04-04,3535.7763671875,3618.6340485200626,3510.025357089047,3618.6340485200626,330498,HEROMOTOCO.NS,Hero MotoCorp,Auto
2025-04-07,3407.93896484375,3425.428553371403,3231.2082038008384,3361.6063465427897,605866,HEROMOTOCO.NS,Hero MotoCorp,Auto
2025-04-08,3453.59521484375,3500.7008962851546,3391.850631378282,3478.573398749894,450859,HEROMOTOCO.NS,Hero MotoCorp,Auto
2025-04-09,3489.105712890625,3554.6672542667648,3418.6646946913525,3468.910755777828,584571,HEROMOTOCO.NS,Hero MotoCorp,Auto
2025-04-11,3542.34716796875,3579.1621633402588,3498.3335055390867,3498.3335055390867,436704,HEROMOTOCO.NS,Hero MotoCorp,Auto
2025-04-15,3675.595947265625,3687.28791368131,3562.155894598048,3622.547795700008,604277,HEROMOTOCO.NS,Hero MotoCorp,Auto
2025-04-16,3654.337890625,3687.8676618555846,3615.7837964575046,3680.5239125351777,491227,HEROMOTOCO.NS,Hero MotoCorp,Auto
2025-04-17,3644.57861328125,3669.50843590263,3540.7045489470443,3654.3378024333256,970749,HEROMOTOCO.NS,Hero MotoCorp,Auto
2025-04-21,3784.881103515625,3799.858294504773,3629.3115713057664,3666.0298459888386,1031160,HEROMOTOCO.NS,Hero MotoCorp,Auto
2025-04-22,3704.29443359375,3771.2567860076033,3692.312538657473,3769.420966543641,927543,HEROMOTOCO.NS,Hero MotoCorp,Auto
2025-04-23,3807.58837890625,3820.8262357451317,3693.665197066827,3731.8328765407005,800615,HEROMOTOCO.NS,Hero MotoCorp,Auto
2025-04-24,3821.1162109375,3853.486268610128,3792.5145133778515,3807.685147041647,1227984,HEROMOTOCO.NS,Hero MotoCorp,Auto
2025-04-25,3764.106201171875,3859.3805533793047,3710.381474596685,3826.430639620235,652719,HEROMOTOCO.NS,Hero MotoCorp,Auto
2025-04-28,3779.760009765625,3802.2741580606007,3716.7592246455147,3763.62334069785,521342,HEROMOTOCO.NS,Hero MotoCorp,Auto
2025-04-29,3722.749755859375,3820.536268770531,3716.662205431351,3802.7569885706293,428581,HEROMOTOCO.NS,Hero MotoCorp,Auto
2025-04-30,3698.30322265625,3737.0507599334824,3678.1082657238007,3722.7499108784864,892342,HEROMOTOCO.NS,Hero MotoCorp,Auto
2025-05-02,3611.3388671875,3781.982312705647,3599.3572086940558,3675.306155835822,881303,HEROMOTOCO.NS,Hero MotoCorp,Auto
2025-05-05,3640.520263671875,3666.512841714894,3616.073576644774,3641.872947799034,640182,HEROMOTOCO.NS,Hero MotoCorp,Auto
2025-05-06,3741.978759765625,3776.1846367804656,3653.4682987888796,3657.3333803004252,1210118,HEROMOTOCO.NS,Hero MotoCorp,Auto
2025-05-07,3737.533935546875,3763.4300296444526,3684.968919750546,3691.152955995104,448141,HEROMOTOCO.NS,Hero MotoCorp,Auto
2025-05-08,3672.310546875,3744.2976895515394,3648.3469944807,3738.5000673225563,739365,HEROMOTOCO.NS,Hero MotoCorp,Auto
2025-05-09,3723.909423828125,3764.686223691566,3609.019966901425,3609.019966901425,859973,HEROMOTOCO.NS,Hero MotoCorp,Auto
2025-05-12,3850.49072265625,3864.5983644924227,3778.1171659370852,3797.3458520356517,547435,HEROMOTOCO.NS,Hero MotoCorp,Auto
2025-05-13,3926.536376953125,3960.1623971648933,3824.0149961494803,3864.115216576569,1197629,HEROMOTOCO.NS,Hero MotoCorp,Auto
2025-05-14,3930.014892578125,3969.2453289639548,3800.3414531061453,3932.720496857872,1199813,HEROMOTOCO.NS,Hero MotoCorp,Auto
2025-05-15,4179.11962890625,4200.377578463693,3930.0150637292313,3945.282183774386,2629014,HEROMOTOCO.NS,Hero MotoCorp,Auto
2025-05-16,4198.734375,4215.837548968028,4149.454587010688,4183.950627327885,765257,HEROMOTOCO.NS,Hero MotoCorp,Auto
2025-05-19,4239.70458984375,4304.347981689417,4177.28343107129,4177.28343107129,753807,HEROMOTOCO.NS,Hero MotoCorp,Auto
2025-05-20,4098.53271484375,4287.535303681332,4088.6765678182023,4260.286289066039,842529,HEROMOTOCO.NS,Hero MotoCorp,Auto
2025-05-21,4119.98388671875,4144.237370145699,4069.9312645452005,4097.953108484377,396931,HEROMOTOCO.NS,Hero MotoCorp,Auto
2025-05-22,4132.0615234375,4139.501993523077,4061.137377294561,4106.648803098291,394809,HEROMOTOCO.NS,Hero MotoCorp,Auto
2025-05-23,4163.4658203125,4188.782294183121,4132.158752891332,4144.237133209046,461297,HEROMOTOCO.NS,Hero MotoCorp,Auto
2025-05-26,4212.35888671875,4269.272116205031,4154.962522055486,4164.528504197414,765160,HEROMOTOCO.NS,Hero MotoCorp,Auto
2025-05-27,4191.87451171875,4227.336352935315,4154.96279306497,4223.084857462896,411809,HEROMOTOCO.NS,Hero MotoCorp,Auto
2025-05-28,4215.06494140625,4235.549590866292,4165.1085728379885,4220.669121019912,424160,HEROMOTOCO.NS,Hero MotoCorp,Auto
2025-05-29,4209.65380859375,4236.129523754872,4185.980183289919,4236.129523754872,369150,HEROMOTOCO.NS,Hero MotoCorp,Auto
2025-05-30,4163.94921875,4232.264730870259,4144.6238090199995,4195.160038551009,914311,HEROMOTOCO.NS,Hero MotoCorp,Auto
2025-06-02,4089.546142578125,4173.032284983815,4054.4707147760378,4164.722264942947,771163,HEROMOTOCO.NS,Hero MotoCorp,Auto
2025-06-03,4066.6455078125,4136.120251930193,4059.301758756861,4106.649006121556,417447,HEROMOTOCO.NS,Hero MotoCorp,Auto
2025-06-04,4058.915771484375,4097.6633111289675,4049.9291731573057,4070.897430775388,353642,HEROMOTOCO.NS,Hero MotoCorp,Auto
2025-06-05,4037.947509765625,4085.198040649598,4032.053165628172,4085.198040649598,394746,HEROMOTOCO.NS,Hero MotoCorp,Auto
2025-06-06,4124.0419921875,4151.967111877224,4017.8489715213964,4047.7066319759692,551467,HEROMOTOCO.NS,Hero MotoCorp,Auto
2025-06-09,4202.6962890625,4212.938849434936,4130.805867278521,4159.697257227671,495256,HEROMOTOCO.NS,Hero MotoCorp,Auto
2025-06-10,4231.2978515625,4243.859366079584,4183.660912157004,4222.698139832373,469185,HEROMOTOCO.NS,Hero MotoCorp,Auto
2025-06-11,4261.5419921875,4335.3654253522745,4218.639682442977,4227.4328371064985,1241569,HEROMOTOCO.NS,Hero MotoCorp,Auto
2025-06-12,4215.64404296875,4275.7462467322375,4193.613267981449,4261.541884035367,813687,HEROMOTOCO.NS,Hero MotoCorp,Auto
2025-06-13,4187.62255859375,4200.37751686586,4108.001970326754,4122.206334229253,521000,HEROMOTOCO.NS,Hero MotoCorp,Auto
2025-06-16,4217.287109375,4265.214214992928,4167.041049187694,4170.422995546454,360242,HEROMOTOCO.NS,Hero MotoCorp,Auto
2025-06-17,4223.56787109375,4241.927008488117,4187.622423891671,4221.635330315396,331648,HEROMOTOCO.NS,Hero MotoCorp,Auto
2025-06-18,4210.90966796875,4282.510398735953,4203.2762261961625,4205.208766989816,370443,HEROMOTOCO.NS,Hero MotoCorp,Auto
2025-06-19,4236.41943359375,4255.455150580585,4203.566237608342,4227.3365855366055,425692,HEROMOTOCO.NS,Hero MotoCorp,Auto
2025-06-20,4192.1640625,4234.583238010598,4063.070244788574,4232.747418642676,1159015,HEROMOTOCO.NS,Hero MotoCorp,Auto
2025-06-23,4109.64453125,4178.829582862617,4101.817647031135,4174.287923480449,580717,HEROMOTOCO.NS,Hero MotoCorp,Auto
2025-06-24,4147.7158203125,4183.95096143346,4118.244572200786,4138.63297263386,469217,HEROMOTOCO.NS,Hero MotoCorp,Auto
2025-06-25,4155.7353515625,4210.90948316219,4145.299820459449,4156.411929535272,412213,HEROMOTOCO.NS,Hero MotoCorp,Auto
2025-06-26,4133.70458984375,4179.02257525319,4104.813200513633,4160.663438458652,795726,HEROMOTOCO.NS,Hero MotoCorp,Auto
2025-06-27,4174.57763671875,4203.179333662652,4140.4684818242,4153.996266828994,543489,HEROMOTOCO.NS,Hero MotoCorp,Auto
2025-06-30,4094.184326171875,4197.478535550403,4068.9645748625107,4197.478535550403,871009,HEROMOTOCO.NS,Hero MotoCorp,Auto
2025-07-01,4083.458740234375,4120.177015702644,4048.769726983275,4114.669085657715,480538,HEROMOTOCO.NS,Hero MotoCorp,Auto
2025-07-02,4100.56201171875,4178.733195128211,4087.4206395109572,4139.888935125067,808159,HEROMOTOCO.NS,Hero MotoCorp,Auto
2025-07-03,4165.205078125,4203.2760356719655,4095.0537561328256,4100.851378250994,650625,HEROMOTOCO.NS,Hero MotoCorp,Auto
2025-07-04,4198.44482421875,4227.143243387462,4161.823270977436,4179.119416512334,437195,HEROMOTOCO.NS,Hero MotoCorp,Auto
2025-07-07,4161.7265625,4212.552479288045,4148.198777063501,4193.613485314604,353771,HEROMOTOCO.NS,Hero MotoCorp,Auto
2025-07-08,4155.34912109375,4182.984548811605,4096.986483474522,4159.890780684553,467771,HEROMOTOCO.NS,Hero MotoCorp,Auto
2025-07-09,4186.9462890625,4197.478541870136,4145.493384012727,4154.962645037197,276485,HEROMOTOCO.NS,Hero MotoCorp,Auto
2025-07-10,4175.5439453125,4202.213101785646,4164.625278897612,4184.047407623257,368728,HEROMOTOCO.NS,Hero MotoCorp,Auto
2025-07-11,4076.40478515625,4193.613186174189,4048.672638264942,4155.059094792665,556464,HEROMOTOCO.NS,Hero MotoCorp,Auto
2025-07-14,4108.2919921875,4115.345577286293,4055.6302561081147,4076.694761815184,293675,HEROMOTOCO.NS,Hero MotoCorp,Auto
2025-07-15,4303.76806640625,4314.397040077212,4116.408343059523,4131.578504211976,1756329,HEROMOTOCO.NS,Hero MotoCorp,Auto
2025-07-16,4275.26318359375,4319.228484724616,4223.567719626688,4303.768159052223,791606,HEROMOTOCO.NS,Hero MotoCorp,Auto
2025-07-17,4293.71923828125,4313.334338651341,4263.184999318169,4287.3417592871065,414759,HEROMOTOCO.NS,Hero MotoCorp,Auto
2025-07-18,4248.40087890625,4332.7560886060455,4239.221310921916,4299.902897925269,370997,HEROMOTOCO.NS,Hero MotoCorp,Auto
2025-07-21,4259.51318359375,4272.847525818028,4199.604421359305,4261.252281514587,269975,HEROMOTOCO.NS,Hero MotoCorp,Auto
2025-07-22,4195.9326171875,4282.2208495978175,4173.128540697165,4268.982755993741,463290,HEROMOTOCO.NS,Hero MotoCorp,Auto
2025-07-23,4216.51416015625,4229.365367224141,4179.988857448241,4212.938771098299,376802,HEROMOTOCO.NS,Hero MotoCorp,Auto
2025-07-24,4219.65283203125,4237.406877933998,4173.747782431995,4227.598065716558,584473,HEROMOTOCO.NS,Hero MotoCorp,Auto
2025-07-25,4149.814453125,4208.765032484859,4114.796801283032,4196.209944192804,630896,HEROMOTOCO.NS,Hero MotoCorp,Auto
2025-07-28,4209.0595703125,4224.655486185809,4134.90485303373,4134.90485303373,462891,HEROMOTOCO.NS,Hero MotoCorp,Auto
2025-07-29,4242.5078125,4251.531632714169,4184.047193681376,4207.98060060894,422393,HEROMOTOCO.NS,Hero MotoCorp,Auto
2025-07-30,4170.02001953125,4243.09566832754,4135.101032256451,4228.578818265829,547169,HEROMOTOCO.NS,Hero MotoCorp,Auto
2025-07-31,4179.24072265625,4220.731805860108,4120.681923406533,4129.509854211261,446590,HEROMOTOCO.NS,Hero MotoCorp,Auto
2025-08-01,4229.16748046875,4239.368549166226,4158.936290713744,4173.747692632588,473918,HEROMOTOCO.NS,Hero MotoCorp,Auto
2025-08-04,4449.17919921875,4463.00972073593,4227.696402897742,4233.385322611738,1454995,HEROMOTOCO.NS,Hero MotoCorp,Auto
2025-08-05,4459.87060546875,4493.907375884438,4429.5614711117305,4449.277279714463,803505,HEROMOTOCO.NS,Hero MotoCorp,Auto
2025-08-06,4389.34521484375,4462.911305325653,4376.790126979866,4462.617232542087,574216,HEROMOTOCO.NS,Hero MotoCorp,Auto
2025-08-07,4571.59326171875,4585.521487577974,4337.750797346443,4345.30377426608,2121194,HEROMOTOCO.NS,Hero MotoCorp,Auto
2025-08-08,4511.857421875,4621.91249067183,4500.381398516567,4570.906665222989,972461,HEROMOTOCO.NS,Hero MotoCorp,Auto
2025-08-11,4474.9765625,4536.281639695783,4452.219926266559,4514.996325315041,455558,HEROMOTOCO.NS,Hero MotoCorp,Auto
2025-08-12,4556.3896484375,4580.32305448836,4483.608070116058,4501.263932129204,723767,HEROMOTOCO.NS,Hero MotoCorp,Auto
2025-08-13,4677.5283203125,4701.853982235643,4561.293899347667,4579.04746572229,1342794,HEROMOTOCO.NS,Hero MotoCorp,Auto
2025-08-14,4618.0869140625,4682.236449316643,4600.823309001721,4678.803365086496,373862,HEROMOTOCO.NS,Hero MotoCorp,Auto
2025-08-18,4888.7119140625,5021.1308764217365,4806.317893038974,4806.317893038974,3698091,HEROMOTOCO.NS,Hero MotoCorp,Auto
2025-08-19,5020.34619140625,5040.748328145747,4888.711746930999,4888.711746930999,1509894,HEROMOTOCO.NS,Hero MotoCorp,Auto
2025-08-20,5037.80615234375,5066.251708889305,5013.382304754166,5022.112052180685,916240,HEROMOTOCO.NS,Hero MotoCorp,Auto
2025-08-21,4999.64990234375,5060.26817185994,4943.641487323186,5037.806087081723,819430,HEROMOTOCO.NS,Hero MotoCorp,Auto
2025-08-22,4902.34619140625,5025.348601552422,4886.750275677314,4999.649800758037,1357460,HEROMOTOCO.NS,Hero MotoCorp,Auto
2025-08-25,4966.986328125,4982.778612185291,4880.865145156597,4914.215107965143,693190,HEROMOTOCO.NS,Hero MotoCorp,Auto
2025-08-26,4976.40283203125,5044.672262739089,4944.622375358303,4966.986276253286,1662083,HEROMOTOCO.NS,Hero MotoCorp,Auto
2025-08-28,4994.35302734375,5145.702805826195,4981.307019938564,5130.008706532786,1584393,HEROMOTOCO.NS,Hero MotoCorp,Auto
2025-08-29,4990.4296875,5049.8707076203555,4964.632223462689,5002.003894579548,783364,HEROMOTOCO.NS,Hero MotoCorp,Auto
2025-09-01,5143.7412109375,5158.944870123147,5011.812684455598,5015.736209406733,659443,HEROMOTOCO.NS,Hero MotoCorp,Auto
2025-09-02,5210.44091796875,5245.752641057394,5108.429273490446,5188.861531636801,962257,HEROMOTOCO.NS,Hero MotoCorp,Auto
2025-09-03,5246.7333984375,5260.956175457008,5156.001889864782,5223.192250267281,659989,HEROMOTOCO.NS,Hero MotoCorp,Auto
2025-09-04,5248.6953125,5413.483354454775,5238.886500478882,5399.75101762521,1187848,HEROMOTOCO.NS,Hero MotoCorp,Auto
2025-09-05,5260.4658203125,5315.885607530038,5246.243043061982,5257.523176743427,517415,HEROMOTOCO.NS,Hero MotoCorp,Auto
2025-09-08,5338.9365234375,5418.878343511017,5233.00135082474,5267.332193801098,726543,HEROMOTOCO.NS,Hero MotoCorp,Auto
2025-09-09,5319.80908203125,5383.075918168618,5287.930443667459,5361.006091609071,608443,HEROMOTOCO.NS,Hero MotoCorp,Auto
2025-09-10,5248.205078125,5353.649811495421,5215.8359971833825,5345.80276157018,536616,HEROMOTOCO.NS,Hero MotoCorp,Auto
2025-09-11,5200.63232421875,5260.466079740693,5184.938224409716,5248.205064264886,765635,HEROMOTOCO.NS,Hero MotoCorp,Auto
2025-09-12,5200.1416015625,5286.459145830632,5184.937943197091,5204.555566894393,537933,HEROMOTOCO.NS,Hero MotoCorp,Auto
2025-09-15,5187.39013671875,5253.599616576652,5167.282072465609,5222.211418718091,588879,HEROMOTOCO.NS,Hero MotoCorp,Auto
2025-09-16,5214.36474609375,5246.733827474693,5182.976545966774,5205.536814808038,925160,HEROMOTOCO.NS,Hero MotoCorp,Auto
2025-09-17,5247.71435546875,5284.987840610397,5208.969548545196,5241.8290683411215,616629,HEROMOTOCO.NS,Hero MotoCorp,Auto
2025-09-18,5267.33203125,5284.007011609637,5237.905595321229,5257.523219273743,420977,HEROMOTOCO.NS,Hero MotoCorp,Auto
2025-09-19,5304.60546875,5331.0892608462,5269.293745955067,5286.949607352533,579031,HEROMOTOCO.NS,Hero MotoCorp,Auto
2025-09-22,5325.6943359375,5393.865577552318,5296.758341295239,5305.586271864065,672445,HEROMOTOCO.NS,Hero MotoCorp,Auto
2025-09-23,5267.82275390625,5408.579213302125,5248.695569528413,5345.802813292815,507377,HEROMOTOCO.NS,Hero MotoCorp,Auto
2025-09-24,5176.1103515625,5273.217595224559,5164.339776573159,5267.332307729889,410267,HEROMOTOCO.NS,Hero MotoCorp,Auto
2025-09-25,5252.12841796875,5271.255601487359,5130.989589017561,5169.243956054779,640474,HEROMOTOCO.NS,Hero MotoCorp,Auto
2025-09-26,5226.13525390625,5349.726290316195,5207.008069699949,5252.128606801993,689941,HEROMOTOCO.NS,Hero MotoCorp,Auto
2025-09-29,5199.16064453125,5325.203874947676,5168.2628876587405,5226.134876721536,8318930,HEROMOTOCO.NS,Hero MotoCorp,Auto
2025-09-30,5367.87255859375,5378.662252178863,5221.2308139597135,5221.2308139597135,1141788,HEROMOTOCO.NS,Hero MotoCorp,Auto
2025-10-01,5328.63720703125,5413.483432232944,5306.567379666648,5367.872455679432,701001,HEROMOTOCO.NS,Hero MotoCorp,Auto
2025-10-03,5444.38134765625,5477.240869347356,5267.822723644336,5360.516001250591,1634394,HEROMOTOCO.NS,Hero MotoCorp,Auto
2025-10-06,5474.78857421875,5488.030470797081,5421.330547291415,5421.330547291415,844413,HEROMOTOCO.NS,Hero MotoCorp,Auto
2025-10-07,5507.64794921875,5540.997910086682,5465.960498133835,5474.788428951817,858678,HEROMOTOCO.NS,Hero MotoCorp,Auto
2025-10-08,5407.10791015625,5550.807013800311,5387.490285085388,5504.705594883787,789561,HEROMOTOCO.NS,Hero MotoCorp,Auto
2025-10-09,5406.6171875,5431.139217559416,5361.4966521906745,5409.55983110713,872880,HEROMOTOCO.NS,Hero MotoCorp,Auto
2025-10-10,5394.8466796875,5461.056161665483,5371.795971147018,5406.617254261364,835407,HEROMOTOCO.NS,Hero MotoCorp,Auto
2025-10-13,5452.71875,5474.298137030041,5379.643098466451,5394.846757510344,417645,HEROMOTOCO.NS,Hero MotoCorp,Auto
2025-10-14,5464.9794921875,5484.106675189862,5434.081735029839,5475.769185163191,375269,HEROMOTOCO.NS,Hero MotoCorp,Auto
2025-10-15,5431.6298828125,5501.762891683126,5342.860130325903,5473.317335637697,484777,HEROMOTOCO.NS,Hero MotoCorp,Auto
2025-10-16,5472.82666015625,5504.705299183955,5445.361986532381,5470.374457154118,294066,HEROMOTOCO.NS,Hero MotoCorp,Auto
2025-10-17,5485.578125,5517.456764081359,5444.3811144948595,5475.278872373715,435204,HEROMOTOCO.NS,Hero MotoCorp,Auto
2025-10-20,5533.15087890625,5585.137582785355,5499.310477324569,5512.552373595661,368799,HEROMOTOCO.NS,Hero MotoCorp,Auto
2025-10-21,5538.5458984375,5559.634845009076,5523.342239281247,5558.653963773189,40575,HEROMOTOCO.NS,Hero MotoCorp,Auto
2025-10-23,5481.65478515625,5607.6980239309805,5455.170991795023,5605.736261459778,489097,HEROMOTOCO.NS,Hero MotoCorp,Auto
2025-10-24,5434.572265625,5517.456726674601,5379.642918657218,5507.647914716068,546761,HEROMOTOCO.NS,Hero MotoCorp,Auto
2025-10-27,5538.5458984375,5553.749557593753,5443.8908591743775,5463.508483892123,424721,HEROMOTOCO.NS,Hero MotoCorp,Auto
2025-10-28,5502.2529296875,5556.691834687528,5468.412529282077,5532.169805408236,539756,HEROMOTOCO.NS,Hero MotoCorp,Auto
2025-10-29,5445.36181640625,5530.698478214292,5421.330227736169,5529.717597044085,432099,HEROMOTOCO.NS,Hero MotoCorp,Auto
2025-10-30,5409.56005859375,5480.673948756587,5387.980671233992,5463.998967614956,402078,HEROMOTOCO.NS,Hero MotoCorp,Auto
2025-10-31,5438.00537109375,5517.456748268821,5395.827479506984,5409.069375702829,424188,HEROMOTOCO.NS,Hero MotoCorp,Auto
2025-11-03,5433.10107421875,5472.826763604173,5377.190844713339,5472.826763604173,223771,HEROMOTOCO.NS,Hero MotoCorp,Auto
2025-11-04,5207.49853515625,5370.324821996698,5152.078744755736,5370.324821996698,2003141,HEROMOTOCO.NS,Hero MotoCorp,Auto
2025-11-06,5224.17333984375,5305.0960399070445,5203.574834373093,5250.166691985293,815323,HEROMOTOCO.NS,Hero MotoCorp,Auto
2025-11-07,5194.7470703125,5222.211745155541,5157.473583025514,5203.575001512049,436406,HEROMOTOCO.NS,Hero MotoCorp,Auto
2025-11-10,5257.03271484375,5306.567214722398,5199.160724886518,5208.479096150819,347961,HEROMOTOCO.NS,Hero MotoCorp,Auto
2025-11-11,5313.923828125,5326.184842956853,5229.077605488578,5272.726818289974,348232,HEROMOTOCO.NS,Hero MotoCorp,Auto
2025-11-12,5428.19677734375,5450.757045843733,5317.847637941659,5335.993940865558,534031,HEROMOTOCO.NS,Hero MotoCorp,Auto
2025-11-13,5403.18408203125,5487.539865103718,5380.623814465358,5447.8141765637765,585663,HEROMOTOCO.NS,Hero MotoCorp,Auto
2025-11-14,5432.61083984375,5521.871034197055,5358.063864339891,5415.935858481044,938647,HEROMOTOCO.NS,Hero MotoCorp,Auto
2025-11-17,5687.6396484375,5698.9197822578035,5464.489175035839,5482.145036667619,1770568,HEROMOTOCO.NS,Hero MotoCorp,Auto
2025-11-18,5688.62060546875,5769.543305693109,5678.811793320343,5708.728670372984,1182455,HEROMOTOCO.NS,Hero MotoCorp,Auto
2025-11-19,5764.1484375,5803.383685947205,5723.441867236024,5739.1359666149065,935374,HEROMOTOCO.NS,Hero MotoCorp,Auto
2025-11-20,5884.796875,5926.4843268189015,5808.288139897075,5836.2432546462205,1276202,HEROMOTOCO.NS,Hero MotoCorp,Auto
2025-11-21,5887.7392578125,5922.560539553831,5843.599604900953,5855.860619598605,703572,HEROMOTOCO.NS,Hero MotoCorp,Auto
2025-11-24,5867.63134765625,5933.350388159923,5857.822535640777,5888.229852888744,1349305,HEROMOTOCO.NS,Hero MotoCorp,Auto
2025-11-25,5965.22900390625,5971.114291092543,5855.370309762125,5885.287186292444,707293,HEROMOTOCO.NS,Hero MotoCorp,Auto
2025-11-26,6019.177734375,6028.496106162918,5936.293269524566,5967.191028610822,452071,HEROMOTOCO.NS,Hero MotoCorp,Auto
2025-11-27,6033.400390625,6081.463570456023,5980.4328046887695,6019.668053530421,352120,HEROMOTOCO.NS,Hero MotoCorp,Auto
2025-11-28,6056.451171875,6119.718011390092,6010.8401945501655,6034.381344137177,504441,HEROMOTOCO.NS,Hero MotoCorp,Auto
2025-12-01,6175.1376953125,6212.411181520407,6091.762791952709,6110.8899756646615,912454,HEROMOTOCO.NS,Hero MotoCorp,Auto
2025-12-02,6150.61572265625,6218.78696780809,6111.8709142606,6208.978155556027,809216,HEROMOTOCO.NS,Hero MotoCorp,Auto
2025-12-03,6092.74365234375,6173.666352386954,6072.63558748453,6173.666352386954,543787,HEROMOTOCO.NS,Hero MotoCorp,Auto
2025-12-04,6218.787109375,6229.576803097891,6120.208543997684,6128.546034601735,883433,HEROMOTOCO.NS,Hero MotoCorp,Auto
2025-12-05,6229.0859375,6266.359422363396,6184.455843781985,6213.882279200457,651633,HEROMOTOCO.NS,Hero MotoCorp,Auto
2025-12-08,6049.09423828125,6229.576375437688,6027.024411726794,6189.360247049568,707514,HEROMOTOCO.NS,Hero MotoCorp,Auto
2025-12-09,5886.26806640625,6046.15170160442,5851.937224492533,6046.15170160442,1186776,HEROMOTOCO.NS,Hero MotoCorp,Auto
2025-12-10,5831.8291015625,5928.936339146335,5802.402665931035,5912.751799549029,820197,HEROMOTOCO.NS,Hero MotoCorp,Auto
2025-12-11,5865.17919921875,5904.414447645667,5792.593989628954,5831.8292380558705,695094,HEROMOTOCO.NS,Hero MotoCorp,Auto
2025-12-12,5846.05224609375,5922.070542917956,5836.733874224977,5888.72058044024,679186,HEROMOTOCO.NS,Hero MotoCorp,Auto
2025-12-15,5845.5615234375,5862.236503871838,5764.14838366985,5825.9438993971025,652031,HEROMOTOCO.NS,Hero MotoCorp,Auto
2025-12-16,5832.81005859375,5871.554866012308,5819.077721787173,5846.542395400327,388048,HEROMOTOCO.NS,Hero MotoCorp,Auto
2025-12-17,5705.7861328125,5856.8418427064535,5671.455289654783,5855.860961473375,538205,HEROMOTOCO.NS,Hero MotoCorp,Auto
2025-12-18,5638.595703125,5674.3978677182085,5407.598175407171,5674.3978677182085,1016539,HEROMOTOCO.NS,Hero MotoCorp,Auto
2025-12-19,5670.47412109375,5686.658660619446,5615.5447748247225,5615.5447748247225,769295,HEROMOTOCO.NS,Hero MotoCorp,Auto
2025-12-22,5590.53271484375,5682.735552846261,5572.386411619852,5682.735552846261,1213460,HEROMOTOCO.NS,Hero MotoCorp,Auto
2025-12-23,5634.181640625,5642.519130866176,5586.1184615876355,5600.831679660298,351302,HEROMOTOCO.NS,Hero MotoCorp,Auto
2025-12-24,5589.5517578125,5640.0671417779895,5581.214267255089,5634.1818543256995,313655,HEROMOTOCO.NS,Hero MotoCorp,Auto
2025-12-26,5529.2275390625,5610.640681823222,5503.724626872395,5589.551735204481,249826,HEROMOTOCO.NS,Hero MotoCorp,Auto
2025-12-29,5459.5849609375,5542.959866018292,5444.381301775708,5529.227528710867,572147,HEROMOTOCO.NS,Hero MotoCorp,Auto
2025-12-30,5601.8125,5632.71025761688,5460.075167440028,5463.508251619681,2980473,HEROMOTOCO.NS,Hero MotoCorp,Auto
2025-12-31,5660.66552734375,5674.888305050644,5575.81930171297,5600.3413322420965,473265,HEROMOTOCO.NS,Hero MotoCorp,Auto
2026-01-01,5729.8173828125,5744.040159847642,5620.4491318181335,5660.665259986466,384697,HEROMOTOCO.NS,Hero MotoCorp,Auto
2026-01-02,5819.568359375,5914.223398424332,5762.677247822034,5787.199278663829,1069537,HEROMOTOCO.NS,Hero MotoCorp,Auto
2026-01-05,5871.064453125,5929.426884828439,5811.72114021646,5846.051982394954,653817,HEROMOTOCO.NS,Hero MotoCorp,Auto
2026-01-06,5885.287109375,5921.579713216146,5846.0518619791665,5895.095921223959,453152,HEROMOTOCO.NS,Hero MotoCorp,Auto
2026-01-07,5866.650390625,5933.350311468087,5830.3577866368505,5918.146653040619,609748,HEROMOTOCO.NS,Hero MotoCorp,Auto
2026-01-08,5738.1552734375,5870.574241286058,5718.537648571047,5866.650716312767,562060,HEROMOTOCO.NS,Hero MotoCorp,Auto
2026-01-09,5662.62744140625,5778.371428602844,5641.048053962818,5738.155297458265,500234,HEROMOTOCO.NS,Hero MotoCorp,Auto
2026-01-12,5617.01611328125,5681.263830983149,5519.418435245541,5662.627088443666,314329,HEROMOTOCO.NS,Hero MotoCorp,Auto
2026-01-13,5624.86328125,5669.493376166188,5571.8956960747455,5669.493376166188,336437,HEROMOTOCO.NS,Hero MotoCorp,Auto
2026-01-14,5567.97216796875,5631.239005779722,5532.170003936184,5610.6405004459175,368182,HEROMOTOCO.NS,Hero MotoCorp,Auto
2026-01-15,5567.97216796875,5567.97216796875,5567.97216796875,5567.97216796875,0,HEROMOTOCO.NS,Hero MotoCorp,Auto
2026-01-16,5543.4501953125,5622.411133244493,5510.100233949919,5514.514199424379,588398,HEROMOTOCO.NS,Hero MotoCorp,Auto
2026-01-19,5652.328125,5676.850155911063,5483.1261117136655,5517.456954989154,581040,HEROMOTOCO.NS,Hero MotoCorp,Auto
2026-01-20,5473.8076171875,5733.2506984071215,5448.795146219257,5668.512538254021,394664,HEROMOTOCO.NS,Hero MotoCorp,Auto
2026-01-21,5432.61083984375,5534.132049904927,5398.770436490025,5473.807852622199,406596,HEROMOTOCO.NS,Hero MotoCorp,Auto
2026-01-22,5383.56640625,5556.691936122119,5361.006138901225,5486.068490508564,401574,HEROMOTOCO.NS,Hero MotoCorp,Auto
2026-01-23,5281.064453125,5418.8782636123815,5265.370353710066,5408.579010871332,460330,HEROMOTOCO.NS,Hero MotoCorp,Auto
2026-01-27,5277.14111328125,5320.790328809319,5197.199291583774,5314.414600698478,400942,HEROMOTOCO.NS,Hero MotoCorp,Auto
2026-01-28,5407.10791015625,5418.388044571995,5226.625759504323,5303.624937907454,547414,HEROMOTOCO.NS,Hero MotoCorp,Auto
2026-01-29,5473.3173828125,5488.030601583501,5367.3822076612905,5416.426270231295,337842,HEROMOTOCO.NS,Hero MotoCorp,Auto
2026-01-30,5428.19677734375,5488.030532930662,5360.515971843801,5434.572505398093,466102,HEROMOTOCO.NS,Hero MotoCorp,Auto
2026-02-02,5515.4951171875,5542.469350821264,5314.414466463076,5443.890787905144,449861,HEROMOTOCO.NS,Hero MotoCorp,Auto
2026-02-03,5652.818359375,5680.283032993341,5567.972135518339,5624.372804556004,592655,HEROMOTOCO.NS,Hero MotoCorp,Auto
2026-02-04,5739.62646484375,5765.6198172009845,5607.207500005006,5637.124377246352,490202,HEROMOTOCO.NS,Hero MotoCorp,Auto
2026-02-05,5655.76123046875,5777.390504242272,5635.16272442646,5768.072132461236,331312,HEROMOTOCO.NS,Hero MotoCorp,Auto
2026-02-06,5643.5,5729.327105240289,5606.226514295647,5661.646302250804,770475,HEROMOTOCO.NS,Hero MotoCorp,Auto
2026-02-09,5646.44287109375,5704.805305008468,5558.6539999111055,5689.111205132242,543956,HEROMOTOCO.NS,Hero MotoCorp,Auto
2026-02-10,5643.5,5733.250630051273,5608.678717302511,5674.397757886504,816528,HEROMOTOCO.NS,Hero MotoCorp,Auto
2026-02-11,5682.5,5750.0,5546.0,5695.0,684908,HEROMOTOCO.NS,Hero MotoCorp,Auto
2026-02-12,5733.0,5805.0,5683.5,5704.0,560676,HEROMOTOCO.NS,Hero MotoCorp,Auto
2026-02-13,5584.0,5724.5,5560.0,5702.0,394003,HEROMOTOCO.NS,Hero MotoCorp,Auto
2026-02-16,5492.0,5623.5,5459.0,5578.0,285719,HEROMOTOCO.NS,Hero MotoCorp,Auto
2026-02-17,5577.0,5588.0,5446.5,5490.0,288723,HEROMOTOCO.NS,Hero MotoCorp,Auto
2026-02-18,5592.0,5628.0,5546.5,5595.0,197770,HEROMOTOCO.NS,Hero MotoCorp,Auto
2026-02-19,5414.5,5644.5,5387.5,5600.0,307768,HEROMOTOCO.NS,Hero MotoCorp,Auto
2026-02-20,5465.0,5472.0,5375.0,5400.0,560735,HEROMOTOCO.NS,Hero MotoCorp,Auto
2026-02-23,5488.5,5549.0,5437.0,5504.5,310190,HEROMOTOCO.NS,Hero MotoCorp,Auto
2026-02-24,5511.0,5523.0,5436.5,5480.0,396015,HEROMOTOCO.NS,Hero MotoCorp,Auto
2026-02-25,5737.5,5840.0,5500.5,5511.0,898486,HEROMOTOCO.NS,Hero MotoCorp,Auto
2026-02-26,5787.0,5829.0,5718.5,5760.0,489797,HEROMOTOCO.NS,Hero MotoCorp,Auto
2026-02-27,5710.0,5800.0,5689.0,5775.0,584546,HEROMOTOCO.NS,Hero MotoCorp,Auto
2026-03-02,5591.5,5725.0,5503.0,5565.0,432301,HEROMOTOCO.NS,Hero MotoCorp,Auto
2026-03-04,5500.0,5529.0,5427.5,5520.0,455955,HEROMOTOCO.NS,Hero MotoCorp,Auto
2026-03-05,5588.5,5622.5,5480.0,5513.5,545405,HEROMOTOCO.NS,Hero MotoCorp,Auto
2026-03-06,5512.5,5571.5,5490.0,5571.0,431008,HEROMOTOCO.NS,Hero MotoCorp,Auto
2026-03-09,5480.0,5510.0,5337.5,5447.0,306358,HEROMOTOCO.NS,Hero MotoCorp,Auto
2026-03-10,5711.5,5733.5,5527.5,5546.5,493375,HEROMOTOCO.NS,Hero MotoCorp,Auto
2026-03-11,5575.0,5766.0,5554.0,5729.5,511965,HEROMOTOCO.NS,Hero MotoCorp,Auto
2026-03-12,5394.5,5589.0,5376.0,5589.0,476478,HEROMOTOCO.NS,Hero MotoCorp,Auto
2026-03-13,5206.0,5377.5,5168.0,5338.0,496250,HEROMOTOCO.NS,Hero MotoCorp,Auto
2026-03-16,5278.5,5329.0,5124.5,5198.5,466610,HEROMOTOCO.NS,Hero MotoCorp,Auto
2026-03-17,5355.0,5384.0,5232.0,5276.5,403766,HEROMOTOCO.NS,Hero MotoCorp,Auto
2026-03-18,5426.0,5488.0,5365.0,5370.0,390261,HEROMOTOCO.NS,Hero MotoCorp,Auto
2026-03-19,5172.5,5366.5,5151.0,5349.0,397483,HEROMOTOCO.NS,Hero MotoCorp,Auto
2026-03-20,5275.5,5367.5,5216.0,5218.0,1043098,HEROMOTOCO.NS,Hero MotoCorp,Auto
2026-03-23,5065.0,5200.0,5051.0,5191.0,340775,HEROMOTOCO.NS,Hero MotoCorp,Auto
2026-03-24,5253.0,5317.0,5124.5,5185.0,435050,HEROMOTOCO.NS,Hero MotoCorp,Auto
2026-03-25,5289.5,5364.0,5278.0,5305.0,531702,HEROMOTOCO.NS,Hero MotoCorp,Auto
2026-03-27,5143.0,5244.0,5125.5,5212.0,535331,HEROMOTOCO.NS,Hero MotoCorp,Auto
2026-03-30,5063.0,5140.0,5037.5,5068.0,704213,HEROMOTOCO.NS,Hero MotoCorp,Auto
2026-04-01,5122.0,5244.0,5077.5,5152.0,546972,HEROMOTOCO.NS,Hero MotoCorp,Auto
2026-04-02,5011.5,5077.0,4904.0,5076.0,753867,HEROMOTOCO.NS,Hero MotoCorp,Auto
2026-04-06,5103.5,5122.5,4985.5,5019.5,348536,HEROMOTOCO.NS,Hero MotoCorp,Auto
2026-04-07,5051.0,5084.0,4932.0,5075.0,429282,HEROMOTOCO.NS,Hero MotoCorp,Auto
2026-04-08,5287.5,5349.5,5243.0,5250.0,790692,HEROMOTOCO.NS,Hero MotoCorp,Auto
2026-04-09,5284.0,5380.0,5204.0,5287.5,760419,HEROMOTOCO.NS,Hero MotoCorp,Auto
2026-04-10,5466.5,5484.5,5295.5,5297.0,855903,HEROMOTOCO.NS,Hero MotoCorp,Auto
2026-04-13,5247.0,5375.0,5202.5,5325.0,743470,HEROMOTOCO.NS,Hero MotoCorp,Auto
2026-04-15,5287.5,5361.5,5275.0,5361.5,651858,HEROMOTOCO.NS,Hero MotoCorp,Auto
2026-04-16,5159.5,5349.0,5129.5,5315.0,920301,HEROMOTOCO.NS,Hero MotoCorp,Auto
2026-04-17,5230.5,5250.0,5130.5,5136.5,545014,HEROMOTOCO.NS,Hero MotoCorp,Auto
2026-04-20,5282.5,5318.0,5210.0,5230.5,654258,HEROMOTOCO.NS,Hero MotoCorp,Auto
2026-04-21,5259.0,5310.0,5252.0,5260.0,321063,HEROMOTOCO.NS,Hero MotoCorp,Auto
2026-04-22,5189.0,5291.0,5178.0,5255.5,293830,HEROMOTOCO.NS,Hero MotoCorp,Auto
2026-04-23,5032.0,5160.0,4995.0,5150.0,628266,HEROMOTOCO.NS,Hero MotoCorp,Auto
2026-04-24,4961.5,5060.5,4941.5,5035.5,520325,HEROMOTOCO.NS,Hero MotoCorp,Auto
2026-04-27,5043.0,5098.0,5005.5,5012.5,448144,HEROMOTOCO.NS,Hero MotoCorp,Auto
2026-04-28,5068.0,5105.5,5019.0,5042.5,667998,HEROMOTOCO.NS,Hero MotoCorp,Auto
2026-04-29,5114.5,5208.5,5081.5,5094.0,474261,HEROMOTOCO.NS,Hero MotoCorp,Auto
2026-04-30,5099.0,5114.5,5020.0,5080.0,478138,HEROMOTOCO.NS,Hero MotoCorp,Auto
2026-05-01,5099.0,5099.0,5099.0,5099.0,0,HEROMOTOCO.NS,Hero MotoCorp,Auto
2026-05-04,5066.5,5237.0,5006.0,5186.0,617748,HEROMOTOCO.NS,Hero MotoCorp,Auto
2026-05-05,5109.0,5135.0,5018.0,5060.0,573411,HEROMOTOCO.NS,Hero MotoCorp,Auto
2026-05-06,5170.0,5281.0,4950.0,5240.0,2717300,HEROMOTOCO.NS,Hero MotoCorp,Auto
2026-05-07,5343.0,5458.5,5189.5,5235.0,1775531,HEROMOTOCO.NS,Hero MotoCorp,Auto
2026-05-08,5322.0,5398.5,5265.0,5341.0,558660,HEROMOTOCO.NS,Hero MotoCorp,Auto
2026-05-11,5228.5,5283.5,5146.0,5262.5,447686,HEROMOTOCO.NS,Hero MotoCorp,Auto
2026-05-12,5082.5,5270.0,5070.0,5230.0,391060,HEROMOTOCO.NS,Hero MotoCorp,Auto
2026-05-13,4995.0,5128.0,4977.0,5117.5,494571,HEROMOTOCO.NS,Hero MotoCorp,Auto
2026-05-14,5077.0,5091.0,4880.0,5020.0,594448,HEROMOTOCO.NS,Hero MotoCorp,Auto
2026-05-15,5064.5,5139.5,5044.0,5082.0,425856,HEROMOTOCO.NS,Hero MotoCorp,Auto
2026-05-18,4957.0,5034.5,4924.0,5034.5,434446,HEROMOTOCO.NS,Hero MotoCorp,Auto
2026-05-19,5007.5,5040.0,4932.5,4944.5,560327,HEROMOTOCO.NS,Hero MotoCorp,Auto
2026-05-20,,,,,416428,HEROMOTOCO.NS,Hero MotoCorp,Auto
