Date,Close,High,Low,Open,Volume,Ticker,Company,Sector
2021-05-21,2172.337890625,2175.924261936701,2151.8766701502805,2151.8766701502805,771492,HINDUNILVR.NS,Hindustan Unilever,FMCG
2021-05-24,2148.7041015625,2170.222778711057,2138.312515353154,2165.6707767580597,1194864,HINDUNILVR.NS,Hindustan Unilever,FMCG
2021-05-25,2155.601318359375,2179.281159997357,2150.0376601787125,2165.670953687283,1098457,HINDUNILVR.NS,Hindustan Unilever,FMCG
2021-05-26,2164.751220703125,2179.6487840313525,2156.7046730475804,2166.360530234234,811095,HINDUNILVR.NS,Hindustan Unilever,FMCG
2021-05-27,2139.370361328125,2163.8319599023353,2136.1517417532596,2163.8319599023353,3755182,HINDUNILVR.NS,Hindustan Unilever,FMCG
2021-05-28,2135.04833984375,2161.073223997056,2132.8874013276086,2145.7618801088674,1215325,HINDUNILVR.NS,Hindustan Unilever,FMCG
2021-05-31,2151.9228515625,2156.474853792628,2133.622567775573,2138.0827441653987,1178704,HINDUNILVR.NS,Hindustan Unilever,FMCG
2021-06-01,2168.705810546875,2173.0279117234395,2143.2327817487962,2158.3142229432556,1141451,HINDUNILVR.NS,Hindustan Unilever,FMCG
2021-06-02,2169.165283203125,2182.821288816127,2161.072710702991,2166.59034315585,1113091,HINDUNILVR.NS,Hindustan Unilever,FMCG
2021-06-03,2173.2578125,2180.430780680939,2156.475011239818,2178.545544403893,868532,HINDUNILVR.NS,Hindustan Unilever,FMCG
2021-06-04,2153.761474609375,2179.4643958946476,2146.312582438461,2179.4643958946476,1283795,HINDUNILVR.NS,Hindustan Unilever,FMCG
2021-06-07,2151.23291015625,2164.7510643385103,2143.600140600284,2164.7510643385103,1128300,HINDUNILVR.NS,Hindustan Unilever,FMCG
2021-06-08,2169.349365234375,2172.108181722592,2147.4166843478283,2151.2331818643643,1106664,HINDUNILVR.NS,Hindustan Unilever,FMCG
2021-06-09,2166.58984375,2181.2575017369663,2157.0260395080813,2172.1074749310274,1072858,HINDUNILVR.NS,Hindustan Unilever,FMCG
2021-06-10,2187.557373046875,2207.0069374749924,2165.9006209482873,2173.94716820794,1944339,HINDUNILVR.NS,Hindustan Unilever,FMCG
2021-06-11,2176.246337890625,2196.523683342776,2170.268902354479,2189.5806171635654,1128097,HINDUNILVR.NS,Hindustan Unilever,FMCG
2021-06-14,2190.23291015625,2199.9586331566993,2164.2976488217178,2184.489921379292,1761632,HINDUNILVR.NS,Hindustan Unilever,FMCG
2021-06-15,2215.56591796875,2218.3910541002247,2185.97197815304,2185.97197815304,1215463,HINDUNILVR.NS,Hindustan Unilever,FMCG
2021-06-16,2230.340087890625,2240.4828099996,2207.8782957377607,2209.1288364775855,2153668,HINDUNILVR.NS,Hindustan Unilever,FMCG
2021-06-17,2239.4169921875,2247.012272975136,2210.4250318046466,2221.1697297932656,1555777,HINDUNILVR.NS,Hindustan Unilever,FMCG
2021-06-18,2299.809326171875,2312.591750854638,2227.653810861362,2241.5477015735955,3937751,HINDUNILVR.NS,Hindustan Unilever,FMCG
2021-06-21,2328.940185546875,2342.509793977499,2285.081716782321,2291.5191737565333,2506277,HINDUNILVR.NS,Hindustan Unilever,FMCG
2021-06-22,2306.6171875,2347.0946730801456,2298.6512671835317,2332.4135990761306,1945883,HINDUNILVR.NS,Hindustan Unilever,FMCG
2021-06-23,2297.586181640625,2328.6158680284343,2276.930554131086,2311.016941420423,1035668,HINDUNILVR.NS,Hindustan Unilever,FMCG
2021-06-24,2306.5244140625,2320.094247952419,2291.6581337964762,2306.3855656280107,759681,HINDUNILVR.NS,Hindustan Unilever,FMCG
2021-06-25,2268.0849609375,2306.339518905708,2264.704204624878,2304.5333583258475,1112942,HINDUNILVR.NS,Hindustan Unilever,FMCG
2021-06-28,2278.782958984375,2283.2290486067304,2257.571712638936,2269.427876252713,694906,HINDUNILVR.NS,Hindustan Unilever,FMCG
2021-06-29,2308.748046875,2313.332985943953,2264.704364617804,2273.966959156118,1354397,HINDUNILVR.NS,Hindustan Unilever,FMCG
2021-06-30,2289.064697265625,2320.2795910474197,2281.376699700517,2308.747707768522,1447245,HINDUNILVR.NS,Hindustan Unilever,FMCG
2021-07-01,2295.2705078125,2300.828063521489,2281.3766185400273,2300.828063521489,735043,HINDUNILVR.NS,Hindustan Unilever,FMCG
2021-07-02,2303.884521484375,2308.886230640114,2271.1875269496477,2295.270265816161,860231,HINDUNILVR.NS,Hindustan Unilever,FMCG
2021-07-05,2314.768310546875,2328.0599955991747,2301.800680561692,2314.721952355138,761700,HINDUNILVR.NS,Hindustan Unilever,FMCG
2021-07-06,2290.176513671875,2313.749771689236,2286.934605563543,2306.3860542135367,461782,HINDUNILVR.NS,Hindustan Unilever,FMCG
2021-07-07,2298.651123046875,2307.126530666817,2265.491223589638,2276.7451827564787,623145,HINDUNILVR.NS,Hindustan Unilever,FMCG
2021-07-08,2267.066162109375,2287.6290748581196,2258.6371114028316,2280.635771399949,1114426,HINDUNILVR.NS,Hindustan Unilever,FMCG
2021-07-09,2270.678466796875,2282.766196693423,2258.6370950959154,2260.0728423339224,538094,HINDUNILVR.NS,Hindustan Unilever,FMCG
2021-07-12,2263.91650390625,2278.5050874061126,2250.810025693126,2272.113988899275,543898,HINDUNILVR.NS,Hindustan Unilever,FMCG
2021-07-13,2257.015869140625,2274.475946457303,2250.8099773934214,2273.966458642325,994396,HINDUNILVR.NS,Hindustan Unilever,FMCG
2021-07-14,2236.777587890625,2261.323461829811,2231.3588799811064,2259.8877145417077,1377829,HINDUNILVR.NS,Hindustan Unilever,FMCG
2021-07-15,2234.46142578125,2246.178513966116,2223.948293621709,2246.178513966116,693792,HINDUNILVR.NS,Hindustan Unilever,FMCG
2021-07-16,2239.138916015625,2250.809872476057,2228.5796515133306,2241.547280408254,545405,HINDUNILVR.NS,Hindustan Unilever,FMCG
2021-07-19,2231.034423828125,2238.7687796161094,2221.632982171799,2223.0687293473416,463873,HINDUNILVR.NS,Hindustan Unilever,FMCG
2021-07-20,2255.348876953125,2278.598077877544,2225.801293146235,2225.801293146235,1061476,HINDUNILVR.NS,Hindustan Unilever,FMCG
2021-07-22,2202.783447265625,2323.0583069206527,2200.328950594103,2269.33526792488,3546044,HINDUNILVR.NS,Hindustan Unilever,FMCG
2021-07-23,2184.212158203125,2215.380693370321,2181.062740882705,2206.349665143976,1517589,HINDUNILVR.NS,Hindustan Unilever,FMCG
2021-07-26,2175.505126953125,2185.971902050617,2165.5941978789588,2183.4246890291597,1311535,HINDUNILVR.NS,Hindustan Unilever,FMCG
2021-07-27,2169.670166015625,2185.462935744858,2160.037157654357,2175.505646103012,1656945,HINDUNILVR.NS,Hindustan Unilever,FMCG
2021-07-28,2187.268798828125,2193.7989726528413,2170.318433166684,2176.709532402551,912373,HINDUNILVR.NS,Hindustan Unilever,FMCG
2021-07-29,2162.58349609375,2196.5308026327975,2158.183765241862,2187.268211365665,1012663,HINDUNILVR.NS,Hindustan Unilever,FMCG
2021-07-30,2161.2412109375,2182.776743060569,2147.069396183839,2167.4471039992163,1708251,HINDUNILVR.NS,Hindustan Unilever,FMCG
2021-08-02,2160.777587890625,2179.858392442542,2153.182307393745,2169.2991276221856,1229936,HINDUNILVR.NS,Hindustan Unilever,FMCG
2021-08-03,2210.84228515625,2216.5386898716088,2154.57202798546,2158.184349101901,1733476,HINDUNILVR.NS,Hindustan Unilever,FMCG
2021-08-04,2201.81103515625,2218.159421069075,2192.965213763714,2210.842063178141,1588974,HINDUNILVR.NS,Hindustan Unilever,FMCG
2021-08-05,2183.84130859375,2214.685785717695,2180.414194721646,2214.685785717695,921757,HINDUNILVR.NS,Hindustan Unilever,FMCG
2021-08-06,2196.6240234375,2205.1919223271466,2183.6563926856024,2183.84159932598,1432661,HINDUNILVR.NS,Hindustan Unilever,FMCG
2021-08-09,2208.665283203125,2218.391005775418,2199.7269714845506,2203.9876285479936,921476,HINDUNILVR.NS,Hindustan Unilever,FMCG
2021-08-10,2206.1640625,2217.464378768315,2185.138025272175,2217.464378768315,1061370,HINDUNILVR.NS,Hindustan Unilever,FMCG
2021-08-11,2214.1767578125,2218.3912833486684,2188.009929522479,2213.759986306187,1300594,HINDUNILVR.NS,Hindustan Unilever,FMCG
2021-08-12,2215.89013671875,2235.5267883685665,2202.1350958567505,2218.3909915652443,1226064,HINDUNILVR.NS,Hindustan Unilever,FMCG
2021-08-13,2227.190673828125,2231.9608191685807,2211.907394095056,2223.948766005959,1033159,HINDUNILVR.NS,Hindustan Unilever,FMCG
2021-08-16,2247.475830078125,2257.155422202141,2216.2145737650712,2226.7277089357444,1146309,HINDUNILVR.NS,Hindustan Unilever,FMCG
2021-08-17,2300.642822265625,2304.023578149369,2251.782645726145,2253.588806076878,1921902,HINDUNILVR.NS,Hindustan Unilever,FMCG
2021-08-18,2302.72705078125,2315.648323197184,2273.0403940503556,2301.754433258001,1545643,HINDUNILVR.NS,Hindustan Unilever,FMCG
2021-08-20,2426.243408203125,2436.061846785861,2293.4179211565743,2306.3855507592366,5779927,HINDUNILVR.NS,Hindustan Unilever,FMCG
2021-08-23,2439.90625,2475.752671775456,2403.1801531084266,2431.4310664519635,2163220,HINDUNILVR.NS,Hindustan Unilever,FMCG
2021-08-24,2438.841064453125,2461.9975500632004,2417.5370976918557,2439.7673238775283,1482854,HINDUNILVR.NS,Hindustan Unilever,FMCG
2021-08-25,2449.955810546875,2469.8240269965845,2427.401306486265,2437.914439833412,1746570,HINDUNILVR.NS,Hindustan Unilever,FMCG
2021-08-26,2469.77783203125,2498.8625112053965,2436.988341607171,2436.988341607171,2117291,HINDUNILVR.NS,Hindustan Unilever,FMCG
2021-08-27,2480.47607421875,2491.637544132798,2455.6061474254425,2472.186098620981,1176229,HINDUNILVR.NS,Hindustan Unilever,FMCG
2021-08-30,2489.507080078125,2506.2261057021647,2474.5944410025118,2493.1196270374535,1168190,HINDUNILVR.NS,Hindustan Unilever,FMCG
2021-08-31,2523.22314453125,2535.5885709690333,2478.3456988475396,2489.692375699503,2535891,HINDUNILVR.NS,Hindustan Unilever,FMCG
2021-09-01,2531.374267578125,2570.3698794474662,2514.79431448644,2542.582096966953,1775792,HINDUNILVR.NS,Hindustan Unilever,FMCG
2021-09-02,2594.49853515625,2602.788510272855,2528.8266182003094,2545.3604363807135,1946183,HINDUNILVR.NS,Hindustan Unilever,FMCG
2021-09-03,2562.681640625,2601.6308906416407,2552.7707110310143,2595.563846808455,1561823,HINDUNILVR.NS,Hindustan Unilever,FMCG
2021-09-06,2575.556396484375,2616.682214102347,2570.647177545462,2584.263142423203,1444978,HINDUNILVR.NS,Hindustan Unilever,FMCG
2021-09-07,2572.870361328125,2601.584399058342,2565.7382100871555,2582.966723180294,1219915,HINDUNILVR.NS,Hindustan Unilever,FMCG
2021-09-08,2594.359619140625,2602.7886693433315,2561.1997166476253,2583.244507385422,946711,HINDUNILVR.NS,Hindustan Unilever,FMCG
2021-09-09,2603.390869140625,2615.4322412341776,2576.8536280202375,2576.8536280202375,879454,HINDUNILVR.NS,Hindustan Unilever,FMCG
2021-09-13,2580.8828125,2614.3206391215053,2570.3696784951053,2591.2105137261465,1341412,HINDUNILVR.NS,Hindustan Unilever,FMCG
2021-09-14,2558.837646484375,2597.2310488223798,2548.18566465076,2595.378530242621,1755061,HINDUNILVR.NS,Hindustan Unilever,FMCG
2021-09-15,2570.786376953125,2579.632198660778,2546.3332214316033,2569.443346170556,1362350,HINDUNILVR.NS,Hindustan Unilever,FMCG
2021-09-16,2564.1171875,2591.0250641361094,2549.065474577802,2549.065474577802,1259196,HINDUNILVR.NS,Hindustan Unilever,FMCG
2021-09-17,2521.509521484375,2577.779777129586,2499.973991546084,2565.8311219414204,3095032,HINDUNILVR.NS,Hindustan Unilever,FMCG
2021-09-20,2593.8505859375,2601.8626392451974,2510.209317383596,2519.425553131697,2671330,HINDUNILVR.NS,Hindustan Unilever,FMCG
2021-09-21,2605.05810546875,2648.4534471673865,2590.423162276478,2602.7888152523547,2277437,HINDUNILVR.NS,Hindustan Unilever,FMCG
2021-09-22,2579.1689453125,2630.48361857461,2569.4432229473423,2619.3685073001443,1580594,HINDUNILVR.NS,Hindustan Unilever,FMCG
2021-09-23,2577.131591796875,2609.92108433023,2568.3784856334205,2592.600078657101,1054473,HINDUNILVR.NS,Hindustan Unilever,FMCG
2021-09-24,2544.110107421875,2575.000946643274,2529.98465258867,2565.8310696983704,1635284,HINDUNILVR.NS,Hindustan Unilever,FMCG
2021-09-27,2509.699462890625,2561.1068517780323,2505.068166594462,2561.1068517780323,1465932,HINDUNILVR.NS,Hindustan Unilever,FMCG
2021-09-28,2522.991455078125,2551.3348536421627,2510.069957085121,2524.0565628055847,1078052,HINDUNILVR.NS,Hindustan Unilever,FMCG
2021-09-29,2487.2841796875,2542.0723276242175,2479.5961821581964,2514.7476778768632,1503894,HINDUNILVR.NS,Hindustan Unilever,FMCG
2021-09-30,2502.567138671875,2505.8090458548845,2484.1808031932355,2487.2838619519725,1620199,HINDUNILVR.NS,Hindustan Unilever,FMCG
2021-10-01,2504.651611328125,2512.0153278470725,2482.467745382351,2506.4577718120127,956111,HINDUNILVR.NS,Hindustan Unilever,FMCG
2021-10-04,2488.11767578125,2523.130322398871,2482.0969903570235,2500.9000992940355,1025005,HINDUNILVR.NS,Hindustan Unilever,FMCG
2021-10-05,2508.912353515625,2514.7478327774365,2487.9326692282666,2488.117875874863,562784,HINDUNILVR.NS,Hindustan Unilever,FMCG
2021-10-06,2487.978759765625,2532.392846576655,2478.669808865812,2495.3888339326377,862471,HINDUNILVR.NS,Hindustan Unilever,FMCG
2021-10-07,2472.556640625,2504.836869717214,2469.407449261752,2499.0477487277594,1082816,HINDUNILVR.NS,Hindustan Unilever,FMCG
2021-10-08,2445.37109375,2481.0320794768295,2431.8012583038894,2473.5756463246203,1579941,HINDUNILVR.NS,Hindustan Unilever,FMCG
2021-10-11,2450.048583984375,2468.9441833966657,2441.156404180046,2447.362296310919,1086252,HINDUNILVR.NS,Hindustan Unilever,FMCG
2021-10-12,2478.808837890625,2489.8314596996006,2431.4307631886486,2431.4307631886486,1174337,HINDUNILVR.NS,Hindustan Unilever,FMCG
2021-10-13,2451.576904296875,2494.972244762773,2447.733018496922,2489.8778184007692,1660007,HINDUNILVR.NS,Hindustan Unilever,FMCG
2021-10-14,2454.170166015625,2479.364371617675,2426.7991607876374,2451.576594967435,2158809,HINDUNILVR.NS,Hindustan Unilever,FMCG
2021-10-18,2458.292236328125,2481.3560029509467,2448.1497419973066,2475.705956779055,1758177,HINDUNILVR.NS,Hindustan Unilever,FMCG
2021-10-19,2358.99755859375,2530.5407595871543,2334.6368903877824,2473.0199586012523,5431133,HINDUNILVR.NS,Hindustan Unilever,FMCG
2021-10-20,2295.87255859375,2393.4540677957752,2287.8605059812558,2379.5601780833385,4864654,HINDUNILVR.NS,Hindustan Unilever,FMCG
2021-10-21,2265.3984375,2320.279295078197,2248.957336706532,2318.7971899037857,3254632,HINDUNILVR.NS,Hindustan Unilever,FMCG
2021-10-22,2273.133056640625,2314.0273146054406,2250.810116878303,2277.6716367916656,1845622,HINDUNILVR.NS,Hindustan Unilever,FMCG
2021-10-25,2274.754150390625,2281.8863022686014,2232.2850680802235,2273.133196503015,1560381,HINDUNILVR.NS,Hindustan Unilever,FMCG
2021-10-26,2271.0263671875,2300.895234205019,2252.5736798418484,2300.895234205019,1595060,HINDUNILVR.NS,Hindustan Unilever,FMCG
2021-10-27,2233.51513671875,2288.1273600782697,2228.4358188382043,2287.941015276972,3083879,HINDUNILVR.NS,Hindustan Unilever,FMCG
2021-10-28,2227.037841796875,2251.5948551727492,2206.861182553423,2236.683630966307,2015791,HINDUNILVR.NS,Hindustan Unilever,FMCG
2021-10-29,2230.299560546875,2238.5474220344486,2211.520829511968,2236.6835191018636,2453400,HINDUNILVR.NS,Hindustan Unilever,FMCG
2021-11-01,2243.30029296875,2246.8415262464987,2207.0938902774,2230.1596872939167,1941114,HINDUNILVR.NS,Hindustan Unilever,FMCG
2021-11-02,2254.297119140625,2262.777967773719,2238.547231710244,2250.6625997419815,1350154,HINDUNILVR.NS,Hindustan Unilever,FMCG
2021-11-03,2247.26123046875,2268.3698398989964,2223.8225148754063,2268.3698398989964,1591607,HINDUNILVR.NS,Hindustan Unilever,FMCG
2021-11-04,2257.978759765625,2264.642121911803,2255.322607006816,2263.710170421304,245719,HINDUNILVR.NS,Hindustan Unilever,FMCG
2021-11-08,2266.412841796875,2282.349304019993,2236.776965073115,2282.349304019993,2555533,HINDUNILVR.NS,Hindustan Unilever,FMCG
2021-11-09,2265.71435546875,2279.7402744988826,2252.0147105547535,2273.7758744428215,1696949,HINDUNILVR.NS,Hindustan Unilever,FMCG
2021-11-10,2236.823486328125,2255.3228161408374,2232.9559782948127,2246.981895032872,1794509,HINDUNILVR.NS,Hindustan Unilever,FMCG
2021-11-11,2214.503173828125,2243.160683294713,2205.183658554438,2239.1998893033965,1282647,HINDUNILVR.NS,Hindustan Unilever,FMCG
2021-11-12,2241.296875,2249.3583925689104,2214.5032674553395,2225.5003414486823,1651974,HINDUNILVR.NS,Hindustan Unilever,FMCG
2021-11-15,2259.749267578125,2264.642012667221,2240.5045612385647,2240.5045612385647,1007999,HINDUNILVR.NS,Hindustan Unilever,FMCG
2021-11-16,2242.881103515625,2268.975746877453,2236.7770028938417,2268.975746877453,1245209,HINDUNILVR.NS,Hindustan Unilever,FMCG
2021-11-17,2228.436279296875,2246.050303440039,2224.7551154835023,2240.4119499905555,956809,HINDUNILVR.NS,Hindustan Unilever,FMCG
2021-11-18,2236.12451171875,2242.6017571684697,2208.7252265021507,2227.3642579494262,1236943,HINDUNILVR.NS,Hindustan Unilever,FMCG
2021-11-22,2226.012939453125,2245.9099687008593,2215.3885551751696,2245.443992921841,1629290,HINDUNILVR.NS,Hindustan Unilever,FMCG
2021-11-23,2231.2783203125,2236.6836847226928,2177.5047622310713,2225.313921497465,1932539,HINDUNILVR.NS,Hindustan Unilever,FMCG
2021-11-24,2213.152099609375,2242.2755876029714,2205.929474586963,2242.2755876029714,999070,HINDUNILVR.NS,Hindustan Unilever,FMCG
2021-11-25,2189.200927734375,2224.5684450652166,2181.698671930319,2224.5684450652166,1363272,HINDUNILVR.NS,Hindustan Unilever,FMCG
2021-11-26,2176.200439453125,2204.0657034242,2166.9739813875494,2184.494718319799,2450902,HINDUNILVR.NS,Hindustan Unilever,FMCG
2021-11-29,2170.8876953125,2182.8633628899947,2129.2295094928577,2175.5474527314136,1724612,HINDUNILVR.NS,Hindustan Unilever,FMCG
2021-11-30,2159.844482421875,2200.3377340552224,2145.3525894939103,2163.9916215485923,3931035,HINDUNILVR.NS,Hindustan Unilever,FMCG
2021-12-01,2185.286865234375,2196.3769985931604,2165.1566190650515,2180.7668088291057,1263139,HINDUNILVR.NS,Hindustan Unilever,FMCG
2021-12-02,2221.119873046875,2225.4999992317144,2185.4260880227685,2196.609505104335,1673117,HINDUNILVR.NS,Hindustan Unilever,FMCG
2021-12-03,2184.168212890625,2227.270973138719,2178.8094913462674,2221.120229273713,1890178,HINDUNILVR.NS,Hindustan Unilever,FMCG
2021-12-06,2149.54638671875,2203.086961164305,2144.420652867914,2184.494572065359,1079171,HINDUNILVR.NS,Hindustan Unilever,FMCG
2021-12-07,2163.618408203125,2182.303851293236,2154.671583971605,2169.4895198574186,895313,HINDUNILVR.NS,Hindustan Unilever,FMCG
2021-12-08,2181.32568359375,2184.9135602071515,2160.4964774011905,2160.4964774011905,839769,HINDUNILVR.NS,Hindustan Unilever,FMCG
2021-12-09,2180.53369140625,2188.7815538324444,2163.5722182949253,2181.698630871688,716666,HINDUNILVR.NS,Hindustan Unilever,FMCG
2021-12-10,2174.056884765625,2187.290552873639,2162.1278579747946,2187.290552873639,724539,HINDUNILVR.NS,Hindustan Unilever,FMCG
2021-12-13,2147.542724609375,2191.9501265969234,2144.4205957906124,2191.9501265969234,1804894,HINDUNILVR.NS,Hindustan Unilever,FMCG
2021-12-14,2160.54345703125,2166.74084420982,2147.216503539423,2148.148455146862,1219031,HINDUNILVR.NS,Hindustan Unilever,FMCG
2021-12-15,2163.012939453125,2166.601043989555,2143.9545754528085,2158.399824711456,755122,HINDUNILVR.NS,Hindustan Unilever,FMCG
2021-12-16,2152.34228515625,2167.0671663860862,2147.1699081147017,2163.0130857928384,926493,HINDUNILVR.NS,Hindustan Unilever,FMCG
2021-12-17,2078.484619140625,2151.8291491430286,2074.523825672921,2146.284083793682,2439222,HINDUNILVR.NS,Hindustan Unilever,FMCG
2021-12-20,2114.69140625,2119.584152010436,2051.3651148145655,2074.5242024248582,2175705,HINDUNILVR.NS,Hindustan Unilever,FMCG
2021-12-21,2118.18603515625,2146.004650617717,2099.4537191954882,2134.1689121996083,1591415,HINDUNILVR.NS,Hindustan Unilever,FMCG
2021-12-22,2122.659423828125,2159.7044991096,2114.5981336771406,2143.488632638794,1661605,HINDUNILVR.NS,Hindustan Unilever,FMCG
2021-12-23,2144.09423828125,2148.148318526673,2119.817082473267,2142.5099661548115,1423081,HINDUNILVR.NS,Hindustan Unilever,FMCG
2021-12-24,2140.645751953125,2155.6036176328007,2127.92470618031,2152.807763394626,895503,HINDUNILVR.NS,Hindustan Unilever,FMCG
2021-12-27,2144.793212890625,2151.03747031701,2123.218625451306,2140.6460739855556,584302,HINDUNILVR.NS,Hindustan Unilever,FMCG
2021-12-28,2151.969482421875,2160.6364500861596,2141.391740987647,2152.808147832212,783710,HINDUNILVR.NS,Hindustan Unilever,FMCG
2021-12-29,2149.872802734375,2163.8520777959748,2142.60353419689,2157.3748316622896,1410236,HINDUNILVR.NS,Hindustan Unilever,FMCG
2021-12-30,2167.346435546875,2171.446931015159,2140.3662583951077,2150.943998619308,963711,HINDUNILVR.NS,Hindustan Unilever,FMCG
2021-12-31,2199.545166015625,2209.0512530102455,2171.4469202685295,2180.7664349477936,1123597,HINDUNILVR.NS,Hindustan Unilever,FMCG
2022-01-03,2200.6171875,2216.180732504574,2192.881944315922,2216.180732504574,879278,HINDUNILVR.NS,Hindustan Unilever,FMCG
2022-01-04,2237.8486328125,2244.23259186494,2195.0721481873306,2207.746552600195,1484275,HINDUNILVR.NS,Hindustan Unilever,FMCG
2022-01-05,2251.408935546875,2255.323087134796,2229.2284398456327,2240.225515280091,1202512,HINDUNILVR.NS,Hindustan Unilever,FMCG
2022-01-06,2228.668701171875,2247.8669928681206,2206.5814963742614,2234.8196720139936,1198901,HINDUNILVR.NS,Hindustan Unilever,FMCG
2022-01-07,2251.734619140625,2257.0933404879634,2225.500274338027,2225.500274338027,1026186,HINDUNILVR.NS,Hindustan Unilever,FMCG
2022-01-10,2243.25390625,2259.9823901894633,2238.547505663955,2259.9823901894633,919447,HINDUNILVR.NS,Hindustan Unilever,FMCG
2022-01-11,2240.085693359375,2253.738922772389,2229.2285466743183,2252.667041762428,1321335,HINDUNILVR.NS,Hindustan Unilever,FMCG
2022-01-12,2248.938720703125,2251.5948735474635,2235.285721938573,2243.3936546615473,1487554,HINDUNILVR.NS,Hindustan Unilever,FMCG
2022-01-13,2249.917236328125,2257.0932172786993,2239.7124130422185,2253.458697487188,1586299,HINDUNILVR.NS,Hindustan Unilever,FMCG
2022-01-14,2202.853759765625,2256.254627305183,2200.1511913716477,2255.322675786263,1596037,HINDUNILVR.NS,Hindustan Unilever,FMCG
2022-01-17,2226.94482421875,2231.278307822751,2185.4263380480415,2203.1334171196463,912205,HINDUNILVR.NS,Hindustan Unilever,FMCG
2022-01-18,2208.259521484375,2244.791982095059,2196.9828150651706,2244.791982095059,1667579,HINDUNILVR.NS,Hindustan Unilever,FMCG
2022-01-19,2152.71484375,2207.4205830125657,2148.195015145087,2203.1335147732616,2145255,HINDUNILVR.NS,Hindustan Unilever,FMCG
2022-01-20,2107.88818359375,2167.3000983532907,2090.3674479317615,2166.7874794656022,2829711,HINDUNILVR.NS,Hindustan Unilever,FMCG
2022-01-21,2167.16015625,2175.501305078791,2096.891096730464,2110.684025894407,4596050,HINDUNILVR.NS,Hindustan Unilever,FMCG
2022-01-24,2129.136474609375,2185.37961076667,2112.4544063472613,2179.741258721451,2231103,HINDUNILVR.NS,Hindustan Unilever,FMCG
2022-01-25,2168.88427734375,2174.895319426171,2088.410168780537,2128.1113964182846,1843543,HINDUNILVR.NS,Hindustan Unilever,FMCG
2022-01-27,2139.15478515625,2167.3463156408807,2120.1894827284355,2152.807782462719,2620474,HINDUNILVR.NS,Hindustan Unilever,FMCG
2022-01-28,2128.157470703125,2160.915468411879,2123.0317384710356,2138.455578238485,1967721,HINDUNILVR.NS,Hindustan Unilever,FMCG
2022-01-31,2119.025146484375,2154.532596739286,2116.4622793473404,2134.169361385033,1639875,HINDUNILVR.NS,Hindustan Unilever,FMCG
2022-02-01,2148.754150390625,2162.1277470784976,2123.3584688786036,2146.5642006114426,1270508,HINDUNILVR.NS,Hindustan Unilever,FMCG
2022-02-02,2169.48974609375,2174.242789623745,2140.2732038896747,2165.948512513049,1246111,HINDUNILVR.NS,Hindustan Unilever,FMCG
2022-02-03,2141.764404296875,2173.2644127905533,2134.1690900310223,2170.5152011712885,1448039,HINDUNILVR.NS,Hindustan Unilever,FMCG
2022-02-04,2149.6396484375,2155.371059758247,2127.6454996986613,2149.0803864674167,1014561,HINDUNILVR.NS,Hindustan Unilever,FMCG
2022-02-07,2103.9736328125,2159.051825637281,2084.775342403535,2139.061513031611,1207402,HINDUNILVR.NS,Hindustan Unilever,FMCG
2022-02-08,2110.264404296875,2113.665936155022,2093.675622608205,2113.665936155022,1190660,HINDUNILVR.NS,Hindustan Unilever,FMCG
2022-02-09,2122.659423828125,2125.1758751143198,2102.1100735239675,2113.246849392447,1049611,HINDUNILVR.NS,Hindustan Unilever,FMCG
2022-02-10,2127.78515625,2129.5093576817767,2102.343060169074,2124.8495997875057,1195100,HINDUNILVR.NS,Hindustan Unilever,FMCG
2022-02-11,2104.3466796875,2123.9176629795447,2095.959115419481,2123.9176629795447,2100036,HINDUNILVR.NS,Hindustan Unilever,FMCG
2022-02-14,2076.90087890625,2084.0768610498017,2056.817275500017,2068.932646855477,1661501,HINDUNILVR.NS,Hindustan Unilever,FMCG
2022-02-15,2134.261962890625,2147.355697859355,2071.308601178262,2094.9800754028524,1533070,HINDUNILVR.NS,Hindustan Unilever,FMCG
2022-02-16,2130.9072265625,2146.983390856488,2120.1897836998414,2134.2623431651828,995668,HINDUNILVR.NS,Hindustan Unilever,FMCG
2022-02-17,2150.525146484375,2155.604237639161,2121.1220254503805,2126.713735535048,869374,HINDUNILVR.NS,Hindustan Unilever,FMCG
2022-02-18,2155.1845703125,2169.3968312380184,2137.896823812407,2137.896823812407,890713,HINDUNILVR.NS,Hindustan Unilever,FMCG
2022-02-21,2138.642333984375,2147.2628853040674,2129.2761759640216,2141.6245332597973,737919,HINDUNILVR.NS,Hindustan Unilever,FMCG
2022-02-22,2115.483154296875,2124.849311900827,2096.9840544793274,2124.849311900827,902667,HINDUNILVR.NS,Hindustan Unilever,FMCG
2022-02-23,2106.5830078125,2119.210995712677,2098.9876943571803,2115.5298329185475,1324411,HINDUNILVR.NS,Hindustan Unilever,FMCG
2022-02-24,2023.639404296875,2089.435271474628,2013.2948791212511,2050.2933083158705,2997629,HINDUNILVR.NS,Hindustan Unilever,FMCG
2022-02-25,2022.9873046875,2046.5657258136623,2015.0190729544972,2045.6337742081005,2193728,HINDUNILVR.NS,Hindustan Unilever,FMCG
2022-02-28,2024.292236328125,2031.5612770554924,1975.7374651592988,2016.7433370776994,2334036,HINDUNILVR.NS,Hindustan Unilever,FMCG
2022-03-02,2002.857421875,2008.169500880238,1978.5800354040225,1984.0784592375164,2034688,HINDUNILVR.NS,Hindustan Unilever,FMCG
2022-03-03,1948.7108154296875,2020.4244462739819,1944.6103193588601,2011.0582870932244,2372998,HINDUNILVR.NS,Hindustan Unilever,FMCG
2022-03-04,1882.0762939453125,1936.5488205523177,1840.8374348182613,1933.7996087826311,6320118,HINDUNILVR.NS,Hindustan Unilever,FMCG
2022-03-07,1811.6671142578125,1845.4038275857765,1795.8705814778145,1844.7980363442316,2976453,HINDUNILVR.NS,Hindustan Unilever,FMCG
2022-03-08,1816.3734130859375,1824.7609763069602,1772.15236138721,1793.5872451742684,3211938,HINDUNILVR.NS,Hindustan Unilever,FMCG
2022-03-09,1861.946044921875,1870.4734244506374,1818.2374939947017,1830.3528642775982,2879079,HINDUNILVR.NS,Hindustan Unilever,FMCG
2022-03-10,1958.9154052734375,1970.1454663272466,1909.5686189709218,1912.271187303623,4879791,HINDUNILVR.NS,Hindustan Unilever,FMCG
2022-03-11,1951.8792724609375,1966.604152736656,1929.1397452190097,1957.0982922511694,2481643,HINDUNILVR.NS,Hindustan Unilever,FMCG
2022-03-14,1919.1678466796875,1952.438471063,1906.8660181265152,1952.438471063,1730325,HINDUNILVR.NS,Hindustan Unilever,FMCG
2022-03-15,1899.503662109375,1939.2048903709785,1887.2019467765758,1905.8409783496777,2391023,HINDUNILVR.NS,Hindustan Unilever,FMCG
2022-03-16,1931.1431884765625,1938.459098681995,1893.7720702538804,1919.820068886976,2808685,HINDUNILVR.NS,Hindustan Unilever,FMCG
2022-03-17,1959.0089111328125,1972.661911095697,1940.6495100728332,1955.327747809153,2995889,HINDUNILVR.NS,Hindustan Unilever,FMCG
2022-03-21,1911.619140625,1967.2566075083887,1906.7730376476707,1963.1561113415535,1674982,HINDUNILVR.NS,Hindustan Unilever,FMCG
2022-03-22,1857.845458984375,1913.9955412034915,1835.012645467888,1913.9955412034915,5356303,HINDUNILVR.NS,Hindustan Unilever,FMCG
2022-03-23,1843.912841796875,1879.3270017923637,1840.8373560812922,1875.086576603245,3212162,HINDUNILVR.NS,Hindustan Unilever,FMCG
2022-03-24,1832.12353515625,1855.841656083822,1818.5635948924385,1835.944513675644,3054664,HINDUNILVR.NS,Hindustan Unilever,FMCG
2022-03-25,1820.1014404296875,1842.468278407318,1812.6458277704771,1840.5112028369995,2233647,HINDUNILVR.NS,Hindustan Unilever,FMCG
2022-03-28,1840.697509765625,1846.0097019341574,1799.878099554704,1826.5784208300988,1794533,HINDUNILVR.NS,Hindustan Unilever,FMCG
2022-03-29,1851.8345947265625,1859.1037494290167,1839.7192231255085,1845.2642900066926,1249125,HINDUNILVR.NS,Hindustan Unilever,FMCG
2022-03-30,1878.72119140625,1881.6102185185125,1859.2900239380176,1863.9031387008545,1476829,HINDUNILVR.NS,Hindustan Unilever,FMCG
2022-03-31,1909.2423095703125,1914.2283410020175,1880.6780877030533,1881.9828425285125,2540524,HINDUNILVR.NS,Hindustan Unilever,FMCG
2022-04-01,1936.7349853515625,1943.9111941702524,1899.6900257155633,1915.0671122310337,1714996,HINDUNILVR.NS,Hindustan Unilever,FMCG
2022-04-04,1983.6121826171875,1987.3399887260887,1929.3260061563153,1936.5952735741182,1693019,HINDUNILVR.NS,Hindustan Unilever,FMCG
2022-04-05,1994.18994140625,2011.1514138489274,1982.260916244981,1998.5700681181766,1277652,HINDUNILVR.NS,Hindustan Unilever,FMCG
2022-04-06,1996.2869873046875,2017.1159692259162,1976.9489914398225,1989.7166829632235,1736115,HINDUNILVR.NS,Hindustan Unilever,FMCG
2022-04-07,2017.48876953125,2026.9946298762572,1989.809853883904,1994.3296824042986,1824732,HINDUNILVR.NS,Hindustan Unilever,FMCG
2022-04-08,2034.496826171875,2044.2356741218994,2016.277128316722,2029.5107944923936,1693462,HINDUNILVR.NS,Hindustan Unilever,FMCG
2022-04-11,2015.85791015625,2044.7950522139772,1993.3511429881326,2039.1100565664012,1380107,HINDUNILVR.NS,Hindustan Unilever,FMCG
2022-04-12,1987.1539306640625,2017.6753475848025,1980.397281116723,1995.2152215268802,1370233,HINDUNILVR.NS,Hindustan Unilever,FMCG
2022-04-13,2005.6993408203125,2017.6750086725144,1985.709026540064,1992.2326870761876,1071601,HINDUNILVR.NS,Hindustan Unilever,FMCG
2022-04-18,2029.4639892578125,2034.3567343827915,1989.76299390288,2001.8317197057195,1828131,HINDUNILVR.NS,Hindustan Unilever,FMCG
2022-04-19,1969.260498046875,2056.6776091439533,1958.077078141763,2036.966695044837,1775996,HINDUNILVR.NS,Hindustan Unilever,FMCG
2022-04-20,2017.62841796875,2021.0765931219128,1950.2949199729485,1970.518222654477,1511804,HINDUNILVR.NS,Hindustan Unilever,FMCG
2022-04-21,2048.3828125,2053.788176860029,2020.470909782209,2036.3140857352982,2244813,HINDUNILVR.NS,Hindustan Unilever,FMCG
2022-04-22,1982.2139892578125,2040.0416192655018,1975.7369725184394,2033.5179594505823,3520828,HINDUNILVR.NS,Hindustan Unilever,FMCG
2022-04-25,1957.7969970703125,2014.8790230470145,1907.7046069274925,1957.0980334869244,2437310,HINDUNILVR.NS,Hindustan Unilever,FMCG
2022-04-26,2002.1583251953125,2011.1049241029732,1976.6693577420535,1996.426686297958,1447088,HINDUNILVR.NS,Hindustan Unilever,FMCG
2022-04-27,1999.12939453125,2005.9324589388564,1960.3601183884512,2001.6456182531135,2214481,HINDUNILVR.NS,Hindustan Unilever,FMCG
2022-04-28,2089.295654296875,2096.8909683491133,2017.6750873225915,2078.2519375193438,5865359,HINDUNILVR.NS,Hindustan Unilever,FMCG
2022-04-29,2082.77197265625,2134.1690086439226,2071.308923305249,2091.671927766584,2678692,HINDUNILVR.NS,Hindustan Unilever,FMCG
2022-05-02,2078.7177734375,2098.75473023145,2055.791676048419,2068.932282910222,1543544,HINDUNILVR.NS,Hindustan Unilever,FMCG
2022-05-04,2023.7794189453125,2097.683221819358,2002.4375920917612,2089.3887165693423,1608395,HINDUNILVR.NS,Hindustan Unilever,FMCG
2022-05-05,2019.1663818359375,2052.1107336333866,2007.0510113103558,2029.7905388243976,1101451,HINDUNILVR.NS,Hindustan Unilever,FMCG
2022-05-06,2002.9500732421875,2022.3347095116133,1962.8761596435704,1980.3968929549208,1585602,HINDUNILVR.NS,Hindustan Unilever,FMCG
2022-05-09,1972.614990234375,1993.8168862012708,1966.557305672405,1977.1350458799618,1341414,HINDUNILVR.NS,Hindustan Unilever,FMCG
2022-05-10,2032.0269775390625,2048.3361289331297,1974.8052459444818,1988.784518567968,2162232,HINDUNILVR.NS,Hindustan Unilever,FMCG
2022-05-11,2016.2772216796875,2040.6943073080545,1972.0095221050237,2036.3141804345355,1858636,HINDUNILVR.NS,Hindustan Unilever,FMCG
2022-05-12,1993.2579345703125,2017.5353169048858,1965.6720788706627,2017.5353169048858,1531515,HINDUNILVR.NS,Hindustan Unilever,FMCG
2022-05-13,2044.794921875,2067.0684722011733,2007.5632766140677,2022.3347992229694,2057239,HINDUNILVR.NS,Hindustan Unilever,FMCG
2022-05-16,2066.36962890625,2070.7497558016858,2024.478451130906,2050.293464243432,1396818,HINDUNILVR.NS,Hindustan Unilever,FMCG
2022-05-17,2092.2314453125,2122.053897985106,2070.144236807303,2085.6144976148626,2055096,HINDUNILVR.NS,Hindustan Unilever,FMCG
2022-05-18,2135.473876953125,2145.3526552558214,2083.9371337639604,2083.9371337639604,2137455,HINDUNILVR.NS,Hindustan Unilever,FMCG
2022-05-19,2110.450927734375,2128.3909950691245,2092.650562121211,2092.7904913700295,1734602,HINDUNILVR.NS,Hindustan Unilever,FMCG
2022-05-20,2167.6728515625,2188.222430540445,2127.365943504206,2134.1692359189183,2599505,HINDUNILVR.NS,Hindustan Unilever,FMCG
2022-05-23,2217.858642578125,2225.5006008108,2149.4068375268134,2151.8764184556685,2363306,HINDUNILVR.NS,Hindustan Unilever,FMCG
2022-05-24,2152.482177734375,2218.0450715968987,2145.399481249001,2218.0450715968987,3078655,HINDUNILVR.NS,Hindustan Unilever,FMCG
2022-05-25,2142.277099609375,2171.400587139213,2130.9073355831756,2171.400587139213,1884260,HINDUNILVR.NS,Hindustan Unilever,FMCG
2022-05-26,2125.036376953125,2139.761260400362,2104.347093198614,2134.309251543915,2299127,HINDUNILVR.NS,Hindustan Unilever,FMCG
2022-05-27,2172.00634765625,2176.013557251892,2125.31548454464,2140.692684937092,1011303,HINDUNILVR.NS,Hindustan Unilever,FMCG
2022-05-30,2189.107421875,2204.065288897061,2172.378938020739,2182.816749274554,939562,HINDUNILVR.NS,Hindustan Unilever,FMCG
2022-05-31,2193.11474609375,2206.767743802838,2147.122851101255,2199.40541837087,3123979,HINDUNILVR.NS,Hindustan Unilever,FMCG
2022-06-01,2151.36328125,2249.5444576097916,2145.3522398973455,2208.7249385563464,2197599,HINDUNILVR.NS,Hindustan Unilever,FMCG
2022-06-02,2129.32275390625,2149.965387856446,2103.5541593685275,2138.828613349025,1460335,HINDUNILVR.NS,Hindustan Unilever,FMCG
2022-06-03,2135.986572265625,2166.740977198737,2111.0102221478273,2128.5776020371914,1845303,HINDUNILVR.NS,Hindustan Unilever,FMCG
2022-06-06,2125.315673828125,2145.3059906132307,2094.654556477287,2117.580429860595,2131405,HINDUNILVR.NS,Hindustan Unilever,FMCG
2022-06-07,2061.10400390625,2106.0706632466377,2056.8635791262204,2096.8908500698885,2034730,HINDUNILVR.NS,Hindustan Unilever,FMCG
2022-06-08,2047.544189453125,2067.9538372977217,2037.246079365342,2064.2726741968127,1506843,HINDUNILVR.NS,Hindustan Unilever,FMCG
2022-06-09,2048.14990234375,2058.0753229955944,2023.0338532527846,2047.497581755784,1497867,HINDUNILVR.NS,Hindustan Unilever,FMCG
2022-06-10,2050.2001953125,2058.5413439975937,2015.6249281184046,2015.8112729294546,1641981,HINDUNILVR.NS,Hindustan Unilever,FMCG
2022-06-13,2047.4041748046875,2066.1364911070755,2009.287449177652,2020.4708672621286,1519441,HINDUNILVR.NS,Hindustan Unilever,FMCG
2022-06-14,2023.2669677734375,2063.2942443618927,2013.0154999496199,2041.7662984482267,1592475,HINDUNILVR.NS,Hindustan Unilever,FMCG
2022-06-15,2018.142822265625,2029.7539040767374,2003.522981724058,2029.5659140401,1432377,HINDUNILVR.NS,Hindustan Unilever,FMCG
2022-06-16,2018.283935546875,2034.549092032727,2007.3309326652916,2016.6856757902954,1353485,HINDUNILVR.NS,Hindustan Unilever,FMCG
2022-06-17,1984.2025146484375,2031.1644521569615,1974.377681142353,2030.7884720321345,3252189,HINDUNILVR.NS,Hindustan Unilever,FMCG
2022-06-20,2064.540771484375,2071.1220302134116,1982.0399924168078,1984.7195967137795,2022000,HINDUNILVR.NS,Hindustan Unilever,FMCG
2022-06-21,2073.09619140625,2098.481042729592,2042.211197148429,2063.694394619827,1606187,HINDUNILVR.NS,Hindustan Unilever,FMCG
2022-06-22,2071.0751953125,2091.8059765846137,2055.2801285283426,2058.2416031283337,1741378,HINDUNILVR.NS,Hindustan Unilever,FMCG
2022-06-23,2117.84912109375,2122.314975168631,2060.9682428768456,2075.917009965697,1585753,HINDUNILVR.NS,Hindustan Unilever,FMCG
2022-06-24,2166.080078125,2180.0888944056537,2124.853332973325,2129.507176922961,1930048,HINDUNILVR.NS,Hindustan Unilever,FMCG
2022-06-27,2181.82763671875,2192.357831577001,2160.5797160667007,2177.314958392104,1450391,HINDUNILVR.NS,Hindustan Unilever,FMCG
2022-06-28,2179.007568359375,2184.9778017577833,2141.5885968634702,2181.8281076903877,1404108,HINDUNILVR.NS,Hindustan Unilever,FMCG
2022-06-29,2099.844482421875,2162.3193828566273,2091.9000091930543,2158.8407635800163,1682914,HINDUNILVR.NS,Hindustan Unilever,FMCG
2022-06-30,2097.165283203125,2114.46450077699,2080.994006015614,2091.8060743833043,2387212,HINDUNILVR.NS,Hindustan Unilever,FMCG
2022-07-01,2145.819580078125,2155.832403701725,2071.7804166278365,2092.8403535281464,1235612,HINDUNILVR.NS,Hindustan Unilever,FMCG
2022-07-04,2233.11474609375,2236.02939493714,2139.8489670740096,2139.8489670740096,2410245,HINDUNILVR.NS,Hindustan Unilever,FMCG
2022-07-05,2257.841796875,2267.713684806371,2229.7305125801013,2241.8587402242088,2463079,HINDUNILVR.NS,Hindustan Unilever,FMCG
2022-07-06,2348.945068359375,2359.0051756249095,2256.4314699075953,2256.4314699075953,4770394,HINDUNILVR.NS,Hindustan Unilever,FMCG
2022-07-07,2325.017822265625,2379.5953110032447,2318.0135279646383,2355.150633766546,3333262,HINDUNILVR.NS,Hindustan Unilever,FMCG
2022-07-08,2347.48779296875,2354.02199602444,2306.0728309729266,2328.3079892265077,1346970,HINDUNILVR.NS,Hindustan Unilever,FMCG
2022-07-11,2341.61181640625,2373.953908533825,2331.6458190748067,2338.227077435098,1587197,HINDUNILVR.NS,Hindustan Unilever,FMCG
2022-07-12,2303.017578125,2341.612006550453,2298.2225691158487,2326.945109199244,1116476,HINDUNILVR.NS,Hindustan Unilever,FMCG
2022-07-13,2348.334228515625,2368.6422051607865,2314.158599034669,2316.6031584676207,2528792,HINDUNILVR.NS,Hindustan Unilever,FMCG
2022-07-14,2348.381103515625,2371.979478303374,2320.5516901761675,2353.034947525601,1663307,HINDUNILVR.NS,Hindustan Unilever,FMCG
2022-07-15,2414.8515625,2419.9284410719883,2352.376667263305,2378.6546440042825,2996964,HINDUNILVR.NS,Hindustan Unilever,FMCG
2022-07-18,2400.749267578125,2449.168530268657,2381.522635387842,2426.6042136750107,1566888,HINDUNILVR.NS,Hindustan Unilever,FMCG
2022-07-19,2414.33447265625,2420.9627856075535,2371.838395103478,2397.411237650061,1473121,HINDUNILVR.NS,Hindustan Unilever,FMCG
2022-07-20,2448.698486328125,2461.3909146504247,2383.9201847050513,2420.963179994211,4012897,HINDUNILVR.NS,Hindustan Unilever,FMCG
2022-07-21,2451.4716796875,2472.5786694816798,2436.6638484047844,2460.4504423407425,1990695,HINDUNILVR.NS,Hindustan Unilever,FMCG
2022-07-22,2482.638671875,2485.0830014366134,2454.8563151138937,2460.4503385664325,1905780,HINDUNILVR.NS,Hindustan Unilever,FMCG
2022-07-25,2466.655517578125,2495.2368882363417,2455.749341399143,2487.245360900242,1253821,HINDUNILVR.NS,Hindustan Unilever,FMCG
2022-07-26,2394.73193359375,2467.9718443212746,2386.270315841791,2467.9718443212746,1685576,HINDUNILVR.NS,Hindustan Unilever,FMCG
2022-07-27,2427.497314453125,2435.53589806676,2373.9541179766725,2383.685071225193,1404133,HINDUNILVR.NS,Hindustan Unilever,FMCG
2022-07-28,2463.364990234375,2467.9717790742206,2430.364590059756,2467.9717790742206,1442054,HINDUNILVR.NS,Hindustan Unilever,FMCG
2022-07-29,2479.6298828125,2486.7753404444593,2440.70653451562,2482.074441880292,1463059,HINDUNILVR.NS,Hindustan Unilever,FMCG
2022-08-01,2437.885986328125,2480.19407324859,2425.6636501066573,2479.7239833939184,1559918,HINDUNILVR.NS,Hindustan Unilever,FMCG
2022-08-02,2477.608642578125,2481.2284263663405,2443.527127240507,2444.467306973959,1359934,HINDUNILVR.NS,Hindustan Unilever,FMCG
2022-08-03,2469.2412109375,2504.638887179492,2442.492913066802,2458.805123759822,1767904,HINDUNILVR.NS,Hindustan Unilever,FMCG
2022-08-04,2470.7451171875,2485.317902068479,2458.56983637157,2476.4332500966407,1189384,HINDUNILVR.NS,Hindustan Unilever,FMCG
2022-08-05,2487.151123046875,2498.6683236146723,2470.369054226854,2480.193885538705,1176666,HINDUNILVR.NS,Hindustan Unilever,FMCG
2022-08-08,2491.805908203125,2498.998192676859,2468.9594905569834,2487.1518340348275,1024511,HINDUNILVR.NS,Hindustan Unilever,FMCG
2022-08-10,2484.707275390625,2516.5792794894205,2473.8010976589776,2491.805678942235,1098949,HINDUNILVR.NS,Hindustan Unilever,FMCG
2022-08-11,2457.34765625,2508.164415361328,2450.672518046582,2497.164358687816,810674,HINDUNILVR.NS,Hindustan Unilever,FMCG
2022-08-12,2439.71923828125,2469.00597331785,2430.458606065407,2467.8775740621036,1473527,HINDUNILVR.NS,Hindustan Unilever,FMCG
2022-08-16,2486.305419921875,2489.92520387724,2435.5827668671755,2451.9418031702107,1584117,HINDUNILVR.NS,Hindustan Unilever,FMCG
2022-08-17,2524.0537109375,2532.8444842395543,2486.3055822462884,2492.416751194899,1711381,HINDUNILVR.NS,Hindustan Unilever,FMCG
2022-08-18,2521.609130859375,2552.588007548374,2505.2498655755444,2524.382615199773,1465489,HINDUNILVR.NS,Hindustan Unilever,FMCG
2022-08-19,2476.950439453125,2537.4979194609705,2469.38194706813,2528.143177485704,1324508,HINDUNILVR.NS,Hindustan Unilever,FMCG
2022-08-22,2469.5703125,2507.2716154813493,2463.3652633463025,2489.596188777673,1410895,HINDUNILVR.NS,Hindustan Unilever,FMCG
2022-08-23,2437.651123046875,2472.3907199885966,2430.599774701353,2446.394840902538,1305045,HINDUNILVR.NS,Hindustan Unilever,FMCG
2022-08-24,2433.42041015625,2453.8693211659665,2408.08261000775,2421.9032074036513,1242489,HINDUNILVR.NS,Hindustan Unilever,FMCG
2022-08-25,2420.2109375,2471.168639747808,2411.9843637664853,2445.595793591988,1106593,HINDUNILVR.NS,Hindustan Unilever,FMCG
2022-08-26,2417.71923828125,2458.2879019454017,2408.7404759239685,2444.3731959899155,1048791,HINDUNILVR.NS,Hindustan Unilever,FMCG
2022-08-29,2421.71484375,2451.8944734834326,2397.458162318159,2397.458162318159,1450034,HINDUNILVR.NS,Hindustan Unilever,FMCG
2022-08-30,2500.7373046875,2507.4594983673783,2430.928955323504,2433.8433749490387,2227943,HINDUNILVR.NS,Hindustan Unilever,FMCG
2022-09-01,2450.1083984375,2496.177205622242,2438.8262415759305,2491.4763069299215,1702269,HINDUNILVR.NS,Hindustan Unilever,FMCG
2022-09-02,2447.852294921875,2466.0916917924455,2430.364858285731,2458.570253159453,937600,HINDUNILVR.NS,Hindustan Unilever,FMCG
2022-09-05,2445.03173828125,2465.527474783493,2431.399130854591,2441.6469991057124,1274074,HINDUNILVR.NS,Hindustan Unilever,FMCG
2022-09-06,2419.1767578125,2463.2710990303262,2409.6808499292847,2436.193874629951,1250776,HINDUNILVR.NS,Hindustan Unilever,FMCG
2022-09-07,2411.185302734375,2441.552927852562,2407.612573445149,2417.9545516562225,1344964,HINDUNILVR.NS,Hindustan Unilever,FMCG
2022-09-08,2422.984130859375,2440.706610814734,2409.6806793213264,2425.6637349391426,1004533,HINDUNILVR.NS,Hindustan Unilever,FMCG
2022-09-09,2433.843505859375,2488.6560364376614,2428.907561699459,2442.587224278445,1785443,HINDUNILVR.NS,Hindustan Unilever,FMCG
2022-09-12,2426.039794921875,2449.1683091567497,2420.022736187898,2436.005792332107,1595709,HINDUNILVR.NS,Hindustan Unilever,FMCG
2022-09-13,2431.86865234375,2452.9285836314225,2424.7231955482707,2442.586608000933,1342130,HINDUNILVR.NS,Hindustan Unilever,FMCG
2022-09-14,2417.578125,2450.1084362675592,2394.3557310085926,2397.458370100643,1610054,HINDUNILVR.NS,Hindustan Unilever,FMCG
2022-09-15,2407.236083984375,2443.339123264628,2398.3984863547657,2425.6636984693437,1199906,HINDUNILVR.NS,Hindustan Unilever,FMCG
2022-09-16,2376.915283203125,2410.4798830604955,2367.9835758033796,2402.1592006684114,2516820,HINDUNILVR.NS,Hindustan Unilever,FMCG
2022-09-19,2424.958740234375,2433.185313454129,2358.0179846277065,2379.5950650511595,1166725,HINDUNILVR.NS,Hindustan Unilever,FMCG
2022-09-20,2429.00146484375,2464.6812408283668,2425.287800698982,2443.1512161388982,1253333,HINDUNILVR.NS,Hindustan Unilever,FMCG
2022-09-21,2466.655517578125,2488.420585508492,2425.6635914279436,2427.543950801143,1960049,HINDUNILVR.NS,Hindustan Unilever,FMCG
2022-09-22,2531.668701171875,2539.660228034733,2463.317687910874,2466.1852816924024,2620240,HINDUNILVR.NS,Hindustan Unilever,FMCG
2022-09-23,2521.609130859375,2560.8145803167163,2514.0406380052864,2536.5108420952433,1789791,HINDUNILVR.NS,Hindustan Unilever,FMCG
2022-09-26,2501.395263671875,2565.7505212379992,2484.94211815276,2508.869646729059,2678551,HINDUNILVR.NS,Hindustan Unilever,FMCG
2022-09-27,2518.9765625,2551.4127634540914,2494.6728244634487,2515.9209783521505,1898501,HINDUNILVR.NS,Hindustan Unilever,FMCG
2022-09-28,2540.459716796875,2546.711820129236,2493.403675837528,2510.2328010347546,1526197,HINDUNILVR.NS,Hindustan Unilever,FMCG
2022-09-29,2539.002197265625,2563.8699030769285,2530.1175454889044,2548.921138470767,2019666,HINDUNILVR.NS,Hindustan Unilever,FMCG
2022-09-30,2535.147216796875,2552.4934843747656,2508.3050435184205,2545.0661574069422,1340054,HINDUNILVR.NS,Hindustan Unilever,FMCG
2022-10-03,2465.621337890625,2570.4513776140966,2460.967494141953,2560.109400601019,1683197,HINDUNILVR.NS,Hindustan Unilever,FMCG
2022-10-04,2508.3525390625,2516.3911218993767,2476.5744173397807,2491.4763583162144,1327939,HINDUNILVR.NS,Hindustan Unilever,FMCG
2022-10-06,2457.629638671875,2531.2457521797,2449.2150765966394,2520.903775888426,1752351,HINDUNILVR.NS,Hindustan Unilever,FMCG
2022-10-07,2444.185546875,2456.6899849751667,2420.963150138176,2455.655695310182,1025923,HINDUNILVR.NS,Hindustan Unilever,FMCG
2022-10-10,2449.732666015625,2454.5274454448854,2389.937136789768,2416.262172128129,1043728,HINDUNILVR.NS,Hindustan Unilever,FMCG
2022-10-11,2398.0693359375,2454.3862394726934,2392.757412278695,2453.8690947141035,1129783,HINDUNILVR.NS,Hindustan Unilever,FMCG
2022-10-12,2436.3349609375,2448.7923430031724,2401.4071444430424,2410.1038073945497,882873,HINDUNILVR.NS,Hindustan Unilever,FMCG
2022-10-13,2412.87744140625,2451.189769756758,2409.5868119773722,2428.484518511937,753331,HINDUNILVR.NS,Hindustan Unilever,FMCG
2022-10-14,2421.71484375,2467.877527898887,2416.449745775194,2435.0653491780513,1001536,HINDUNILVR.NS,Hindustan Unilever,FMCG
2022-10-17,2435.582763671875,2453.8221595047135,2414.3816638241474,2419.6467623821204,778918,HINDUNILVR.NS,Hindustan Unilever,FMCG
2022-10-18,2446.582763671875,2483.9549088754325,2441.6468199657447,2463.270954297363,1123374,HINDUNILVR.NS,Hindustan Unilever,FMCG
2022-10-19,2428.48388671875,2460.9200826505335,2424.158968780099,2458.8517334548437,1241979,HINDUNILVR.NS,Hindustan Unilever,FMCG
2022-10-20,2445.313720703125,2453.8694492948,2414.5228301037364,2414.5228301037364,1428125,HINDUNILVR.NS,Hindustan Unilever,FMCG
2022-10-21,2495.142822265625,2507.224223264995,2450.1083063011447,2450.1083063011447,2458302,HINDUNILVR.NS,Hindustan Unilever,FMCG
2022-10-24,2419.1767578125,2482.07469520613,2397.458512415012,2453.9634107377374,719908,HINDUNILVR.NS,Hindustan Unilever,FMCG
2022-10-25,2355.5263671875,2431.304950498523,2350.4494881076207,2431.304950498523,2923789,HINDUNILVR.NS,Hindustan Unilever,FMCG
2022-10-27,2368.31298828125,2378.6549663960154,2339.1674135941844,2344.8084925658745,1846329,HINDUNILVR.NS,Hindustan Unilever,FMCG
2022-10-28,2373.248779296875,2398.3044782988304,2361.731577139249,2374.988203682049,1164951,HINDUNILVR.NS,Hindustan Unilever,FMCG
2022-10-31,2398.116455078125,2418.1423297660617,2389.98399201212,2392.7574763820476,1324443,HINDUNILVR.NS,Hindustan Unilever,FMCG
2022-11-01,2415.248046875,2438.0111287575533,2411.2728436181856,2431.5275937357715,1280132,HINDUNILVR.NS,Hindustan Unilever,FMCG
2022-11-02,2383.541015625,2426.79547534711,2367.5452281753182,2426.79547534711,1338284,HINDUNILVR.NS,Hindustan Unilever,FMCG
2022-11-03,2410.089599609375,2412.5977001586793,2374.0756881563893,2381.0796063109324,730444,HINDUNILVR.NS,Hindustan Unilever,FMCG
2022-11-04,2385.48095703125,2409.7582801093517,2380.6537761370964,2408.764421563361,889055,HINDUNILVR.NS,Hindustan Unilever,FMCG
2022-11-07,2397.2646484375,2415.4371702744916,2382.3100930959617,2395.655665189773,1283685,HINDUNILVR.NS,Hindustan Unilever,FMCG
2022-11-09,2374.548828125,2408.716901782784,2359.262910290921,2375.6845673603025,1436444,HINDUNILVR.NS,Hindustan Unilever,FMCG
2022-11-10,2379.092041015625,2402.1862529874106,2367.2135718394065,2370.0056648859245,1459152,HINDUNILVR.NS,Hindustan Unilever,FMCG
2022-11-11,2369.106689453125,2410.5155369158833,2361.487415304746,2408.811812405041,1162847,HINDUNILVR.NS,Hindustan Unilever,FMCG
2022-11-14,2326.2783203125,2379.2342792383424,2323.7699883938017,2372.6562336621487,2137131,HINDUNILVR.NS,Hindustan Unilever,FMCG
2022-11-15,2325.994384765625,2336.8789973494722,2313.358676857381,2326.2783773960928,1558333,HINDUNILVR.NS,Hindustan Unilever,FMCG
2022-11-16,2345.255126953125,2350.129447190016,2298.167354098633,2331.7203038169064,1330395,HINDUNILVR.NS,Hindustan Unilever,FMCG
2022-11-17,2328.3603515625,2364.3268935785063,2322.9180458627097,2347.2427399056714,960476,HINDUNILVR.NS,Hindustan Unilever,FMCG
2022-11-18,2350.792236328125,2355.382795630736,2317.8072676554602,2337.8253967395817,1075675,HINDUNILVR.NS,Hindustan Unilever,FMCG
2022-11-21,2367.544921875,2377.577786813517,2337.872662584153,2350.7921309777334,1354881,HINDUNILVR.NS,Hindustan Unilever,FMCG
2022-11-22,2381.07958984375,2388.935485714857,2363.3803121354986,2371.8039621071234,921265,HINDUNILVR.NS,Hindustan Unilever,FMCG
2022-11-23,2373.176513671875,2389.8819325720688,2368.112711008046,2386.095980995717,734152,HINDUNILVR.NS,Hindustan Unilever,FMCG
2022-11-24,2412.739501953125,2423.0089879457746,2376.772962288305,2382.310008851373,999929,HINDUNILVR.NS,Hindustan Unilever,FMCG
2022-11-25,2401.66552734375,2418.6549378844725,2383.4456363937766,2418.276435178303,783480,HINDUNILVR.NS,Hindustan Unilever,FMCG
2022-11-28,2390.0712890625,2406.4455765656708,2386.853322511518,2391.7750135620254,830905,HINDUNILVR.NS,Hindustan Unilever,FMCG
2022-11-29,2493.23828125,2498.680586459523,2391.964079959749,2391.964079959749,2542932,HINDUNILVR.NS,Hindustan Unilever,FMCG
2022-11-30,2540.705078125,2553.6245465024504,2482.6379486567557,2493.049316340791,3698270,HINDUNILVR.NS,Hindustan Unilever,FMCG
2022-12-01,2520.35546875,2539.427108047889,2505.2116619185554,2536.5876442669933,1675569,HINDUNILVR.NS,Hindustan Unilever,FMCG
2022-12-02,2475.16064453125,2517.657859580169,2467.635880729102,2517.657859580169,2101890,HINDUNILVR.NS,Hindustan Unilever,FMCG
2022-12-05,2479.65625,2484.5305699257824,2446.812937224266,2460.8683740217275,1640511,HINDUNILVR.NS,Hindustan Unilever,FMCG
2022-12-06,2512.499755859375,2517.6106986070267,2464.512860680038,2467.304954052851,1484562,HINDUNILVR.NS,Hindustan Unilever,FMCG
2022-12-07,2562.47412109375,2574.257849291455,2514.1084967355036,2517.705196988416,2368561,HINDUNILVR.NS,Hindustan Unilever,FMCG
2022-12-08,2560.675537109375,2565.975961560979,2542.029772464489,2550.832155786268,1314703,HINDUNILVR.NS,Hindustan Unilever,FMCG
2022-12-09,2576.57666015625,2594.8912932696076,2566.1652933597697,2578.8955092729643,1883397,HINDUNILVR.NS,Hindustan Unilever,FMCG
2022-12-12,2571.844482421875,2578.2332763334944,2544.7748335658794,2557.599792003697,1163204,HINDUNILVR.NS,Hindustan Unilever,FMCG
2022-12-13,2565.266357421875,2574.447244394373,2553.435257953151,2571.607780521879,1265839,HINDUNILVR.NS,Hindustan Unilever,FMCG
2022-12-14,2540.98876953125,2574.4472108229606,2528.400664721609,2574.4472108229606,886858,HINDUNILVR.NS,Hindustan Unilever,FMCG
2022-12-15,2520.73388671875,2539.6636446214534,2506.7258196555204,2525.5610674143977,990722,HINDUNILVR.NS,Hindustan Unilever,FMCG
2022-12-16,2528.353515625,2543.8758268550387,2511.3167311195625,2525.230058917101,1793864,HINDUNILVR.NS,Hindustan Unilever,FMCG
2022-12-19,2572.64892578125,2574.4471604113696,2528.3532446001177,2528.3532446001177,1546941,HINDUNILVR.NS,Hindustan Unilever,FMCG
2022-12-20,2531.42919921875,2561.2435673627783,2511.268961210893,2561.1961967536704,827567,HINDUNILVR.NS,Hindustan Unilever,FMCG
2022-12-21,2523.526123046875,2550.9269029512657,2508.2878057158546,2544.112235934674,779092,HINDUNILVR.NS,Hindustan Unilever,FMCG
2022-12-22,2503.7919921875,2544.63285481951,2500.6211651229855,2533.2749994139554,852567,HINDUNILVR.NS,Hindustan Unilever,FMCG
2022-12-23,2480.83935546875,2507.7668881453783,2468.4876430131476,2491.155980434474,1189702,HINDUNILVR.NS,Hindustan Unilever,FMCG
2022-12-26,2477.385009765625,2496.6935039260525,2467.2576342157854,2480.6977178196216,605144,HINDUNILVR.NS,Hindustan Unilever,FMCG
2022-12-27,2454.479736328125,2493.900864766486,2437.4429541999434,2484.5307270264448,870960,HINDUNILVR.NS,Hindustan Unilever,FMCG
2022-12-28,2445.346435546875,2463.802951141692,2440.1407516611575,2454.2433301210895,822651,HINDUNILVR.NS,Hindustan Unilever,FMCG
2022-12-29,2430.62841796875,2445.0623591572944,2403.511399647527,2442.1755247043534,1345863,HINDUNILVR.NS,Hindustan Unilever,FMCG
2022-12-30,2424.0029296875,2448.043630384934,2418.4658829342757,2441.8914589151973,696432,HINDUNILVR.NS,Hindustan Unilever,FMCG
2023-01-02,2421.49462890625,2441.9862312468067,2402.233738166701,2436.16519182867,681703,HINDUNILVR.NS,Hindustan Unilever,FMCG
2023-01-03,2406.019775390625,2424.902164059462,2399.3469890283905,2413.591679103535,821843,HINDUNILVR.NS,Hindustan Unilever,FMCG
2023-01-04,2400.388427734375,2421.4949263154367,2391.8226646962603,2414.017763176768,1672649,HINDUNILVR.NS,Hindustan Unilever,FMCG
2023-01-05,2445.44091796875,2453.2494437087807,2401.7132200398096,2401.760590653467,2008493,HINDUNILVR.NS,Hindustan Unilever,FMCG
2023-01-06,2438.578857421875,2472.131809376192,2437.111754869187,2441.9389358938606,991782,HINDUNILVR.NS,Hindustan Unilever,FMCG
2023-01-09,2483.632080078125,2488.7430232540055,2432.4743533955602,2450.788990082147,1267078,HINDUNILVR.NS,Hindustan Unilever,FMCG
2023-01-10,2502.37255859375,2511.364195195127,2475.161026773793,2483.632048725116,1413088,HINDUNILVR.NS,Hindustan Unilever,FMCG
2023-01-11,2454.479736328125,2506.1580678807336,2449.6054160941317,2502.513997050636,1471687,HINDUNILVR.NS,Hindustan Unilever,FMCG
2023-01-12,2451.451171875,2463.3296419148805,2435.076884052882,2447.712590671319,1703829,HINDUNILVR.NS,Hindustan Unilever,FMCG
2023-01-13,2483.584228515625,2498.018168868088,2429.3030554809857,2451.5928915519858,1348015,HINDUNILVR.NS,Hindustan Unilever,FMCG
2023-01-16,2458.123779296875,2487.3227919121446,2445.7246955692203,2487.3227919121446,930068,HINDUNILVR.NS,Hindustan Unilever,FMCG
2023-01-17,2524.803955078125,2531.8552440285057,2462.5723729118167,2466.026961468533,1892865,HINDUNILVR.NS,Hindustan Unilever,FMCG
2023-01-18,2542.4560546875,2549.3654633986735,2517.658114958408,2525.230019063546,2038075,HINDUNILVR.NS,Hindustan Unilever,FMCG
2023-01-19,2507.956298828125,2535.925062330031,2472.1316395854597,2527.217419914552,1649842,HINDUNILVR.NS,Hindustan Unilever,FMCG
2023-01-20,2412.361328125,2465.601278966405,2400.3409765502647,2413.544438143698,4569549,HINDUNILVR.NS,Hindustan Unilever,FMCG
2023-01-23,2457.46142578125,2464.6548272312907,2415.437449728976,2423.0093539601016,1388360,HINDUNILVR.NS,Hindustan Unilever,FMCG
2023-01-24,2461.341796875,2470.333431972217,2442.6960313623167,2464.654504542396,1462462,HINDUNILVR.NS,Hindustan Unilever,FMCG
2023-01-25,2482.02294921875,2500.6213463628555,2455.1899214478603,2461.342093571766,1591810,HINDUNILVR.NS,Hindustan Unilever,FMCG
2023-01-27,2472.3681640625,2504.927484999918,2440.2349475217848,2494.4687479613276,1581382,HINDUNILVR.NS,Hindustan Unilever,FMCG
2023-01-30,2430.722900390625,2470.3335129424054,2394.803729434912,2470.3335129424054,2744039,HINDUNILVR.NS,Hindustan Unilever,FMCG
2023-01-31,2438.86279296875,2451.593009512975,2405.215100575178,2430.581023515572,2366794,HINDUNILVR.NS,Hindustan Unilever,FMCG
2023-02-01,2436.496826171875,2463.7083572012784,2410.563146421281,2461.058144485787,2014615,HINDUNILVR.NS,Hindustan Unilever,FMCG
2023-02-02,2493.85400390625,2498.491702684477,2425.848748548277,2432.0009205598117,1980667,HINDUNILVR.NS,Hindustan Unilever,FMCG
2023-02-03,2507.010009765625,2515.244408886857,2490.351729068288,2498.728240030675,1638238,HINDUNILVR.NS,Hindustan Unilever,FMCG
2023-02-06,2496.45654296875,2503.460460901495,2460.6318840183976,2490.209630484625,1697446,HINDUNILVR.NS,Hindustan Unilever,FMCG
2023-02-07,2462.004638671875,2503.981475595175,2456.420451677146,2503.4608609589454,1495745,HINDUNILVR.NS,Hindustan Unilever,FMCG
2023-02-08,2444.589111328125,2467.9673173617275,2440.3772861867856,2453.9592495561014,1061956,HINDUNILVR.NS,Hindustan Unilever,FMCG
2023-02-09,2448.280517578125,2460.77411323944,2428.6882617596793,2448.5645101996456,1102484,HINDUNILVR.NS,Hindustan Unilever,FMCG
2023-02-10,2439.57275390625,2448.233026441154,2418.6081377046994,2446.6714137139306,1523011,HINDUNILVR.NS,Hindustan Unilever,FMCG
2023-02-13,2442.885498046875,2452.113755933724,2413.5443704066374,2423.009250290585,1146525,HINDUNILVR.NS,Hindustan Unilever,FMCG
2023-02-14,2441.560791015625,2462.7620319888943,2432.6636642451203,2446.6717343164073,1944364,HINDUNILVR.NS,Hindustan Unilever,FMCG
2023-02-15,2412.076904296875,2434.1774879256877,2401.239664678217,2413.5440066730207,2009134,HINDUNILVR.NS,Hindustan Unilever,FMCG
2023-02-16,2391.869873046875,2424.8074699775007,2387.8472991211815,2423.0092352411875,1982857,HINDUNILVR.NS,Hindustan Unilever,FMCG
2023-02-17,2380.890380859375,2409.9948846206253,2372.750492255035,2389.8820161677286,1395341,HINDUNILVR.NS,Hindustan Unilever,FMCG
2023-02-20,2377.05712890625,2406.918870108475,2373.9810430518055,2383.2566712281323,632091,HINDUNILVR.NS,Hindustan Unilever,FMCG
2023-02-21,2381.50537109375,2407.8177801990973,2377.8615314255153,2392.721344828088,862797,HINDUNILVR.NS,Hindustan Unilever,FMCG
2023-02-22,2360.588134765625,2388.5095271243335,2349.8927755451964,2381.505378192057,885515,HINDUNILVR.NS,Hindustan Unilever,FMCG
2023-02-23,2357.3701171875,2381.268937894084,2347.3848541888447,2358.647968348811,757215,HINDUNILVR.NS,Hindustan Unilever,FMCG
2023-02-24,2351.26513671875,2376.8676799947484,2339.670660230971,2358.8370397311774,732783,HINDUNILVR.NS,Hindustan Unilever,FMCG
2023-02-27,2336.073974609375,2353.915363623792,2324.574239268208,2353.915363623792,853991,HINDUNILVR.NS,Hindustan Unilever,FMCG
2023-02-28,2328.9755859375,2341.942656293586,2305.313386128832,2337.588719098323,1780454,HINDUNILVR.NS,Hindustan Unilever,FMCG
2023-03-01,2334.27587890625,2337.825208676508,2317.0024740243284,2326.467353411683,967339,HINDUNILVR.NS,Hindustan Unilever,FMCG
2023-03-02,2323.959228515625,2337.825184242716,2313.216498092793,2334.275854509554,827174,HINDUNILVR.NS,Hindustan Unilever,FMCG
2023-03-03,2338.771728515625,2356.660258371258,2324.2430460274054,2334.0392887573985,1176008,HINDUNILVR.NS,Hindustan Unilever,FMCG
2023-03-06,2351.88037109375,2365.1312006815665,2343.125358687514,2349.1354177477388,1214503,HINDUNILVR.NS,Hindustan Unilever,FMCG
2023-03-08,2352.117431640625,2367.545001247968,2335.1751577199375,2353.915666418115,1448340,HINDUNILVR.NS,Hindustan Unilever,FMCG
2023-03-09,2329.685302734375,2358.600555264015,2325.4261070415814,2351.8806295944114,1038910,HINDUNILVR.NS,Hindustan Unilever,FMCG
2023-03-10,2333.5185546875,2338.2983648138043,2314.2576645034133,2318.895362798551,772024,HINDUNILVR.NS,Hindustan Unilever,FMCG
2023-03-13,2323.72265625,2355.3352613192606,2314.1630355336915,2334.039282464656,1314549,HINDUNILVR.NS,Hindustan Unilever,FMCG
2023-03-14,2311.749755859375,2339.718524730678,2309.1942842684753,2330.253643967204,1250763,HINDUNILVR.NS,Hindustan Unilever,FMCG
2023-03-15,2277.344482421875,2327.8868406067504,2264.9453992973995,2320.693440598086,1738040,HINDUNILVR.NS,Hindustan Unilever,FMCG
2023-03-16,2327.7451171875,2337.1626256092,2278.9062489514567,2295.1857946714217,1628035,HINDUNILVR.NS,Hindustan Unilever,FMCG
2023-03-17,2316.434326171875,2350.318638214497,2309.24115698828,2339.386657074509,2127178,HINDUNILVR.NS,Hindustan Unilever,FMCG
2023-03-20,2376.820556640625,2381.97886988922,2295.233339409627,2316.434577619481,1561128,HINDUNILVR.NS,Hindustan Unilever,FMCG
2023-03-21,2330.821533203125,2388.225940237796,2327.1774618288637,2380.4174139296765,1595161,HINDUNILVR.NS,Hindustan Unilever,FMCG
2023-03-22,2343.83544921875,2348.615028345868,2323.0598545484304,2340.2861195246614,1063244,HINDUNILVR.NS,Hindustan Unilever,FMCG
2023-03-23,2352.117431640625,2366.2673810880165,2334.039418330145,2342.5578103678467,1578627,HINDUNILVR.NS,Hindustan Unilever,FMCG
2023-03-24,2348.04736328125,2364.2321686543496,2337.82524715941,2339.907474443672,1449326,HINDUNILVR.NS,Hindustan Unilever,FMCG
2023-03-27,2365.2734375,2370.952365321128,2332.146358543417,2352.022605917367,1387736,HINDUNILVR.NS,Hindustan Unilever,FMCG
2023-03-28,2349.9404296875,2378.9975647887627,2339.623571942456,2375.495605438165,1412387,HINDUNILVR.NS,Hindustan Unilever,FMCG
2023-03-29,2395.4189453125,2403.8899656295807,2347.3373147574616,2352.0223835517227,2613254,HINDUNILVR.NS,Hindustan Unilever,FMCG
2023-03-31,2423.340576171875,2431.0069901140273,2381.8843567038157,2421.8734735972384,2146167,HINDUNILVR.NS,Hindustan Unilever,FMCG
2023-04-03,2400.388427734375,2432.474280087941,2380.4648081355385,2432.474280087941,918048,HINDUNILVR.NS,Hindustan Unilever,FMCG
2023-04-05,2444.541748046875,2450.0314243612925,2368.112846234936,2378.0509696903587,1489612,HINDUNILVR.NS,Hindustan Unilever,FMCG
2023-04-06,2427.978271484375,2446.6714089414713,2416.3837938211127,2437.2065292163593,797414,HINDUNILVR.NS,Hindustan Unilever,FMCG
2023-04-10,2396.6494140625,2431.480217475743,2389.8821175265043,2427.978258211828,853322,HINDUNILVR.NS,Hindustan Unilever,FMCG
2023-04-11,2411.414794921875,2418.276832901733,2397.4540969628533,2404.079512943406,913184,HINDUNILVR.NS,Hindustan Unilever,FMCG
2023-04-12,2393.62060546875,2419.2231502023587,2383.871733569996,2419.2231502023587,1109809,HINDUNILVR.NS,Hindustan Unilever,FMCG
2023-04-13,2400.482421875,2425.2332176220757,2389.881804245652,2389.881804245652,1261711,HINDUNILVR.NS,Hindustan Unilever,FMCG
2023-04-17,2415.29541015625,2440.992466020651,2405.404426043704,2435.3135382206806,1566977,HINDUNILVR.NS,Hindustan Unilever,FMCG
2023-04-18,2405.0732421875,2423.009142554852,2394.6145041655373,2423.009142554852,1474786,HINDUNILVR.NS,Hindustan Unilever,FMCG
2023-04-19,2396.12890625,2411.6512156786957,2375.9212967650888,2411.6512156786957,1320243,HINDUNILVR.NS,Hindustan Unilever,FMCG
2023-04-20,2359.216064453125,2396.8861017243007,2347.290223307466,2383.0675156682732,1401364,HINDUNILVR.NS,Hindustan Unilever,FMCG
2023-04-21,2364.279541015625,2375.2115231112857,2352.6376929537028,2358.647983898515,1206288,HINDUNILVR.NS,Hindustan Unilever,FMCG
2023-04-24,2365.983154296875,2370.8574746055406,2342.6523197332685,2368.112752095522,1735797,HINDUNILVR.NS,Hindustan Unilever,FMCG
2023-04-25,2357.180908203125,2365.9832925002665,2345.4445498577115,2357.5596420351417,1701098,HINDUNILVR.NS,Hindustan Unilever,FMCG
2023-04-26,2376.44189453125,2383.2565612791695,2349.372247830502,2356.754899755811,1245903,HINDUNILVR.NS,Hindustan Unilever,FMCG
2023-04-27,2336.831298828125,2387.0425290910475,2325.5208144237527,2379.4232551362525,2743893,HINDUNILVR.NS,Hindustan Unilever,FMCG
2023-04-28,2325.8046875,2335.74281012788,2289.554155889742,2305.691820276909,3761927,HINDUNILVR.NS,Hindustan Unilever,FMCG
2023-05-02,2320.50439453125,2345.397073120602,2318.895411277431,2339.5288942134157,1760370,HINDUNILVR.NS,Hindustan Unilever,FMCG
2023-05-03,2352.968994140625,2356.7549458608837,2321.4035292425083,2325.4734735570173,1258140,HINDUNILVR.NS,Hindustan Unilever,FMCG
2023-05-04,2372.608642578125,2375.0696036515333,2347.4319709544525,2353.8681351589257,1150227,HINDUNILVR.NS,Hindustan Unilever,FMCG
2023-05-05,2366.9296875,2385.1495801259625,2361.2033893166094,2366.219821553534,1354871,HINDUNILVR.NS,Hindustan Unilever,FMCG
2023-05-08,2381.647705078125,2391.6331992928026,2363.5223219595014,2371.6622108634474,972810,HINDUNILVR.NS,Hindustan Unilever,FMCG
2023-05-09,2381.17431640625,2389.881958912603,2366.2671319100623,2389.881958912603,1651327,HINDUNILVR.NS,Hindustan Unilever,FMCG
2023-05-10,2387.705078125,2399.3469259929784,2371.75689499437,2386.0960948435104,2025658,HINDUNILVR.NS,Hindustan Unilever,FMCG
2023-05-11,2453.67529296875,2459.9222059298563,2388.5571062375384,2401.1925818470027,1749356,HINDUNILVR.NS,Hindustan Unilever,FMCG
2023-05-12,2483.01611328125,2498.7279038952875,2447.9960631130207,2455.1894631455966,2170011,HINDUNILVR.NS,Hindustan Unilever,FMCG
2023-05-15,2519.78759765625,2527.8327453997294,2482.685315454495,2496.787893774364,1561055,HINDUNILVR.NS,Hindustan Unilever,FMCG
2023-05-16,2532.706787109375,2535.073006773357,2508.7608289707878,2527.122601132833,1477905,HINDUNILVR.NS,Hindustan Unilever,FMCG
2023-05-17,2519.31396484375,2530.9084406845823,2505.4006400499766,2529.0154650370996,839404,HINDUNILVR.NS,Hindustan Unilever,FMCG
2023-05-18,2486.944580078125,2526.36571268063,2481.5496447162177,2522.863753310702,1434067,HINDUNILVR.NS,Hindustan Unilever,FMCG
2023-05-19,2500.1005859375,2507.246616279918,2461.483830796552,2487.985493784788,1174757,HINDUNILVR.NS,Hindustan Unilever,FMCG
2023-05-22,2496.929931640625,2513.3513587848156,2482.6852419016027,2493.9957265906437,768232,HINDUNILVR.NS,Hindustan Unilever,FMCG
2023-05-23,2487.654296875,2508.0037875682942,2484.530840460333,2491.1562560348934,703864,HINDUNILVR.NS,Hindustan Unilever,FMCG
2023-05-24,2475.018310546875,2496.834901293877,2468.4402663284422,2479.798120314616,628872,HINDUNILVR.NS,Hindustan Unilever,FMCG
2023-05-25,2458.265625,2485.6190320642017,2442.459323756377,2470.3333453652904,1072231,HINDUNILVR.NS,Hindustan Unilever,FMCG
2023-05-26,2510.417236328125,2514.534319985662,2463.8027079525486,2464.41783264786,947073,HINDUNILVR.NS,Hindustan Unilever,FMCG
2023-05-29,2508.476806640625,2536.1615763808218,2503.5077454052052,2527.122571156402,698267,HINDUNILVR.NS,Hindustan Unilever,FMCG
2023-05-30,2514.392578125,2522.390354986555,2508.997643093168,2513.398719574783,948051,HINDUNILVR.NS,Hindustan Unilever,FMCG
2023-05-31,2524.803955078125,2536.58768373697,2496.835190185868,2514.3925877195034,3388305,HINDUNILVR.NS,Hindustan Unilever,FMCG
2023-06-01,2553.52978515625,2585.095251180072,2512.45229995698,2524.2833995047145,1541080,HINDUNILVR.NS,Hindustan Unilever,FMCG
2023-06-02,2571.323486328125,2591.672975027533,2547.6139195584715,2564.9820639719082,1509260,HINDUNILVR.NS,Hindustan Unilever,FMCG
2023-06-05,2551.54248046875,2576.340420668472,2540.5157562606664,2571.0873658806017,1000190,HINDUNILVR.NS,Hindustan Unilever,FMCG
2023-06-06,2547.140625,2562.9942961134498,2527.2643806189585,2555.517134705319,655372,HINDUNILVR.NS,Hindustan Unilever,FMCG
2023-06-07,2570.850341796875,2581.072457149329,2535.972401951196,2546.0524054755024,1428490,HINDUNILVR.NS,Hindustan Unilever,FMCG
2023-06-08,2536.492919921875,2575.914280987985,2531.7604802555584,2562.1428353437727,923536,HINDUNILVR.NS,Hindustan Unilever,FMCG
2023-06-09,2495.131591796875,2545.058833244845,2479.8932738110634,2545.058833244845,1413808,HINDUNILVR.NS,Hindustan Unilever,FMCG
2023-06-12,2501.993408203125,2514.8183655410803,2492.1026558034114,2503.4605106722456,775484,HINDUNILVR.NS,Hindustan Unilever,FMCG
2023-06-13,2532.706787109375,2552.6777735038395,2486.896866845138,2488.8845837933386,1787924,HINDUNILVR.NS,Hindustan Unilever,FMCG
2023-06-14,2554.333984375,2557.5048109778104,2510.0856791338583,2528.0689475741083,1536248,HINDUNILVR.NS,Hindustan Unilever,FMCG
2023-06-15,2545.768798828125,2572.0812121817794,2534.8368159061,2568.721133472249,1830192,HINDUNILVR.NS,Hindustan Unilever,FMCG
2023-06-16,2570.329833984375,2578.23310056672,2539.6163471183318,2545.76851861381,1748145,HINDUNILVR.NS,Hindustan Unilever,FMCG
2023-06-19,2560.406005859375,2587.2671552212655,2552.5337056457015,2578.297597254088,1068263,HINDUNILVR.NS,Hindustan Unilever,FMCG
2023-06-20,2553.58349609375,2557.6864481081543,2526.8653856788046,2547.762671710834,1129279,HINDUNILVR.NS,Hindustan Unilever,FMCG
2023-06-21,2554.060546875,2582.925647646169,2546.283528707355,2562.982347335304,1201840,HINDUNILVR.NS,Hindustan Unilever,FMCG
2023-06-22,2532.8291015625,2555.3962681763737,2527.437629105136,2546.4742350703746,830052,HINDUNILVR.NS,Hindustan Unilever,FMCG
2023-06-23,2520.662841796875,2538.7452297462055,2507.1605147486616,2529.918711566066,991214,HINDUNILVR.NS,Hindustan Unilever,FMCG
2023-06-26,2530.682373046875,2551.77045708576,2521.1877148671288,2521.1877148671288,758700,HINDUNILVR.NS,Hindustan Unilever,FMCG
2023-06-27,2529.966796875,2539.747534504064,2515.319452703655,2530.682460603956,687747,HINDUNILVR.NS,Hindustan Unilever,FMCG
2023-06-28,2539.413330078125,2564.557074272448,2521.0446286769024,2531.4932719721824,1397573,HINDUNILVR.NS,Hindustan Unilever,FMCG
2023-06-30,2555.539306640625,2562.9344974808137,2529.966445976903,2543.8978915235925,1160181,HINDUNILVR.NS,Hindustan Unilever,FMCG
2023-07-03,2577.39111328125,2581.9714072296324,2537.6955430131725,2563.98430099116,980665,HINDUNILVR.NS,Hindustan Unilever,FMCG
2023-07-04,2576.38916015625,2582.7823755535815,2552.533704969618,2577.391135866774,721907,HINDUNILVR.NS,Hindustan Unilever,FMCG
2023-07-05,2629.68212890625,2633.0694168998043,2572.6675955919104,2576.341195617382,1717547,HINDUNILVR.NS,Hindustan Unilever,FMCG
2023-07-06,2630.875244140625,2638.41347517002,2610.407076199385,2633.5468688839683,1265020,HINDUNILVR.NS,Hindustan Unilever,FMCG
2023-07-07,2574.576416015625,2642.850547089924,2567.801373090765,2627.0584210397765,1178930,HINDUNILVR.NS,Hindustan Unilever,FMCG
2023-07-10,2534.928466796875,2587.2196720077654,2529.632509066761,2585.835869213727,1518183,HINDUNILVR.NS,Hindustan Unilever,FMCG
2023-07-11,2561.5986328125,2592.3721682597725,2524.8612339064534,2535.453148594602,2476367,HINDUNILVR.NS,Hindustan Unilever,FMCG
2023-07-12,2551.24560546875,2581.1126841590863,2521.5217992981634,2581.1126841590863,2395826,HINDUNILVR.NS,Hindustan Unilever,FMCG
2023-07-13,2533.1630859375,2564.413732937298,2529.8233221359947,2562.028187364794,1495067,HINDUNILVR.NS,Hindustan Unilever,FMCG
2023-07-14,2554.3466796875,2563.5072678557194,2529.680278287794,2533.449393693257,1419016,HINDUNILVR.NS,Hindustan Unilever,FMCG
2023-07-17,2558.927001953125,2579.4426940677295,2547.7626951625157,2547.7626951625157,912701,HINDUNILVR.NS,Hindustan Unilever,FMCG
2023-07-18,2559.9765625,2577.4388016680173,2554.728362545665,2562.6006624771676,1215904,HINDUNILVR.NS,Hindustan Unilever,FMCG
2023-07-19,2549.28955078125,2573.4310859545835,2539.079229212013,2559.928991003643,1166542,HINDUNILVR.NS,Hindustan Unilever,FMCG
2023-07-20,2579.490478515625,2591.943073242828,2536.502899857043,2546.8562610316517,1430764,HINDUNILVR.NS,Hindustan Unilever,FMCG
2023-07-21,2484.784423828125,2553.8222102024315,2473.3338043634794,2528.678465109267,5198952,HINDUNILVR.NS,Hindustan Unilever,FMCG
2023-07-24,2462.12158203125,2486.644943890536,2457.111936335808,2484.7842649392014,1777469,HINDUNILVR.NS,Hindustan Unilever,FMCG
2023-07-25,2450.575439453125,2468.180952061506,2444.9934026192527,2462.0738156481693,1653775,HINDUNILVR.NS,Hindustan Unilever,FMCG
2023-07-26,2465.031982421875,2479.8223648804947,2454.5355819673705,2461.4059065812685,1300033,HINDUNILVR.NS,Hindustan Unilever,FMCG
2023-07-27,2452.19775390625,2464.745630150409,2436.1190839233427,2443.752829583894,2276136,HINDUNILVR.NS,Hindustan Unilever,FMCG
2023-07-28,2466.2724609375,2475.003464310564,2447.760488019154,2452.3407819867566,966450,HINDUNILVR.NS,Hindustan Unilever,FMCG
2023-07-31,2443.56201171875,2464.6500941483187,2437.0732813698723,2457.159621060771,2003252,HINDUNILVR.NS,Hindustan Unilever,FMCG
2023-08-01,2434.30615234375,2455.9668589723788,2428.4853281165274,2452.3407832060807,1758897,HINDUNILVR.NS,Hindustan Unilever,FMCG
2023-08-02,2451.33837890625,2455.6323600716078,2419.896941188143,2421.8053772616354,2082908,HINDUNILVR.NS,Hindustan Unilever,FMCG
2023-08-03,2434.496826171875,2443.800453185906,2421.042256996987,2440.842283719155,1475310,HINDUNILVR.NS,Hindustan Unilever,FMCG
2023-08-04,2429.439453125,2441.7965317946764,2418.9908107892793,2434.4968560026655,1359318,HINDUNILVR.NS,Hindustan Unilever,FMCG
2023-08-07,2451.577392578125,2456.15768660504,2422.521494509924,2423.7142672792547,803823,HINDUNILVR.NS,Hindustan Unilever,FMCG
2023-08-08,2448.380615234375,2466.844595767983,2438.552122170893,2451.5771061046025,1002061,HINDUNILVR.NS,Hindustan Unilever,FMCG
2023-08-09,2435.35546875,2451.3386224534675,2424.668272269319,2448.380686023708,1212549,HINDUNILVR.NS,Hindustan Unilever,FMCG
2023-08-10,2420.565185546875,2434.5921460549325,2411.881939976849,2432.3498731332065,1313334,HINDUNILVR.NS,Hindustan Unilever,FMCG
2023-08-11,2387.262939453125,2420.517301160485,2384.59108212417,2418.942934447687,1472199,HINDUNILVR.NS,Hindustan Unilever,FMCG
2023-08-14,2417.130126953125,2423.7141391062746,2374.190309528014,2387.2630517958637,1060479,HINDUNILVR.NS,Hindustan Unilever,FMCG
2023-08-16,2435.7373046875,2438.075092525665,2408.828166908653,2417.988754190398,1155882,HINDUNILVR.NS,Hindustan Unilever,FMCG
2023-08-17,2426.8154296875,2443.418733131073,2417.034693167576,2435.7374630154354,1532873,HINDUNILVR.NS,Hindustan Unilever,FMCG
2023-08-18,2437.7890625,2450.1938996905274,2416.176112426495,2416.176112426495,1970819,HINDUNILVR.NS,Hindustan Unilever,FMCG
2023-08-21,2445.422607421875,2457.0162649652852,2422.80768345719,2437.788862086054,977004,HINDUNILVR.NS,Hindustan Unilever,FMCG
2023-08-22,2448.3330078125,2457.1117683143766,2436.1189687404285,2455.7759560723107,960025,HINDUNILVR.NS,Hindustan Unilever,FMCG
2023-08-23,2456.20556640625,2465.222882398685,2445.1842988761878,2457.1120271633886,1136112,HINDUNILVR.NS,Hindustan Unilever,FMCG
2023-08-24,2463.075927734375,2473.095219643803,2449.430559779322,2466.6542462734565,1143934,HINDUNILVR.NS,Hindustan Unilever,FMCG
2023-08-25,2446.186279296875,2462.551029352658,2434.6879026134584,2449.4782857177142,802955,HINDUNILVR.NS,Hindustan Unilever,FMCG
2023-08-28,2438.695556640625,2450.4324878127904,2422.7601583164624,2447.5698330373084,619841,HINDUNILVR.NS,Hindustan Unilever,FMCG
2023-08-29,2410.498291015625,2441.748938080361,2406.6338935508866,2441.748938080361,958564,HINDUNILVR.NS,Hindustan Unilever,FMCG
2023-08-30,2416.03271484375,2419.897345130354,2404.629853993885,2410.4982027140945,1227377,HINDUNILVR.NS,Hindustan Unilever,FMCG
2023-08-31,2390.364501953125,2423.5235865317863,2377.053203801286,2416.1283950070488,3235414,HINDUNILVR.NS,Hindustan Unilever,FMCG
2023-09-01,2390.125732421875,2399.3816021309085,2385.5454385871035,2390.3642869657338,813413,HINDUNILVR.NS,Hindustan Unilever,FMCG
2023-09-04,2386.881591796875,2398.90483571016,2377.912032851917,2398.90483571016,1143301,HINDUNILVR.NS,Hindustan Unilever,FMCG
2023-09-05,2392.27294921875,2407.9220355882544,2387.549615397008,2395.087846509409,844088,HINDUNILVR.NS,Hindustan Unilever,FMCG
2023-09-06,2407.9697265625,2410.450787169734,2392.654477231026,2398.379786666086,1094146,HINDUNILVR.NS,Hindustan Unilever,FMCG
2023-09-07,2392.654296875,2406.3951782614326,2385.5454181216815,2395.087599794168,1894798,HINDUNILVR.NS,Hindustan Unilever,FMCG
2023-09-08,2398.713623046875,2405.6317046083727,2387.02445075331,2389.36223861934,1018234,HINDUNILVR.NS,Hindustan Unilever,FMCG
2023-09-11,2420.135986328125,2422.6645714527635,2394.1812970595506,2398.7138336529692,1121083,HINDUNILVR.NS,Hindustan Unilever,FMCG
2023-09-12,2384.4482421875,2432.302191730767,2374.0948815324236,2432.302191730767,3946716,HINDUNILVR.NS,Hindustan Unilever,FMCG
2023-09-13,2391.7958984375,2394.133686652422,2377.9119757424614,2379.820412320104,1231305,HINDUNILVR.NS,Hindustan Unilever,FMCG
2023-09-14,2386.30859375,2398.904225669188,2378.961161210757,2396.0415714619453,2081195,HINDUNILVR.NS,Hindustan Unilever,FMCG
2023-09-15,2356.632568359375,2376.003243807194,2353.102007722305,2361.499174212782,3750697,HINDUNILVR.NS,Hindustan Unilever,FMCG
2023-09-18,2374.71484375,2378.818028280448,2349.2850239024633,2358.207056557156,1499641,HINDUNILVR.NS,Hindustan Unilever,FMCG
2023-09-20,2353.913330078125,2366.4612065970864,2333.0635686007568,2337.500590177752,1795159,HINDUNILVR.NS,Hindustan Unilever,FMCG
2023-09-21,2360.11572265625,2369.323835274501,2331.0595915476433,2353.1021255686346,2223720,HINDUNILVR.NS,Hindustan Unilever,FMCG
2023-09-22,2368.798828125,2376.003221836102,2345.4682406719435,2355.010422285743,1176741,HINDUNILVR.NS,Hindustan Unilever,FMCG
2023-09-25,2362.501220703125,2385.259184966629,2347.3767690666537,2368.7989210371984,1122778,HINDUNILVR.NS,Hindustan Unilever,FMCG
2023-09-26,2365.458984375,2375.048923164469,2348.5693700837887,2360.735651228966,1263548,HINDUNILVR.NS,Hindustan Unilever,FMCG
2023-09-27,2387.21533203125,2390.125744073198,2355.9646866334188,2362.6442138940242,1086791,HINDUNILVR.NS,Hindustan Unilever,FMCG
2023-09-28,2347.7109375,2386.499815729826,2340.888137313114,2385.5455974908296,1612346,HINDUNILVR.NS,Hindustan Unilever,FMCG
2023-09-29,2352.720458984375,2359.5907833495717,2338.3116711512257,2352.67270148226,1249567,HINDUNILVR.NS,Hindustan Unilever,FMCG
2023-10-03,2355.869140625,2384.5912006529666,2349.0943314136016,2376.003237145213,1585626,HINDUNILVR.NS,Hindustan Unilever,FMCG
2023-10-04,2393.036376953125,2396.0898288185003,2352.2910705325726,2354.1042250201153,1587335,HINDUNILVR.NS,Hindustan Unilever,FMCG
2023-10-05,2404.200439453125,2409.2100848511195,2381.108406306482,2402.7213546953185,1909928,HINDUNILVR.NS,Hindustan Unilever,FMCG
2023-10-06,2384.972900390625,2404.6298886978925,2379.820215243073,2404.5821311947166,1083342,HINDUNILVR.NS,Hindustan Unilever,FMCG
2023-10-09,2396.328369140625,2401.290257512795,2367.4155091950106,2371.2323822449016,1468771,HINDUNILVR.NS,Hindustan Unilever,FMCG
2023-10-10,2401.003662109375,2405.440916284318,2388.742098661599,2397.1867895098962,1092373,HINDUNILVR.NS,Hindustan Unilever,FMCG
2023-10-11,2439.36328125,2446.5676751580454,2401.0515142086524,2403.0554655876986,1697398,HINDUNILVR.NS,Hindustan Unilever,FMCG
2023-10-12,2439.935791015625,2450.002839014336,2422.950661481965,2438.0273547301217,1625010,HINDUNILVR.NS,Hindustan Unilever,FMCG
2023-10-13,2451.81591796875,2458.7339999485785,2426.290581008693,2436.1668326066474,1531977,HINDUNILVR.NS,Hindustan Unilever,FMCG
2023-10-16,2441.176513671875,2463.7914388455088,2435.737516422029,2442.7986380497687,954899,HINDUNILVR.NS,Hindustan Unilever,FMCG
2023-10-17,2439.124755859375,2452.3407710991128,2429.8688859230097,2441.1764647650048,1253538,HINDUNILVR.NS,Hindustan Unilever,FMCG
2023-10-18,2431.586669921875,2453.53368980148,2423.285017690539,2452.388674487406,1084689,HINDUNILVR.NS,Hindustan Unilever,FMCG
2023-10-19,2431.443603515625,2437.4549920889817,2409.4010688685216,2409.4010688685216,1272343,HINDUNILVR.NS,Hindustan Unilever,FMCG
2023-10-20,2380.91748046875,2427.1017817460606,2371.280016297584,2404.6298962420647,3608160,HINDUNILVR.NS,Hindustan Unilever,FMCG
2023-10-23,2369.80078125,2395.03980478579,2366.7950872556053,2379.820071849205,922707,HINDUNILVR.NS,Hindustan Unilever,FMCG
2023-10-25,2363.884765625,2376.003290029655,2352.1478353104817,2361.7377747002747,1435836,HINDUNILVR.NS,Hindustan Unilever,FMCG
2023-10-26,2363.02587890625,2376.0033397303096,2343.225851075164,2348.331011677226,2650560,HINDUNILVR.NS,Hindustan Unilever,FMCG
2023-10-27,2368.4169921875,2380.7740695228053,2351.0502700165257,2354.342275744429,1784812,HINDUNILVR.NS,Hindustan Unilever,FMCG
2023-10-30,2365.411376953125,2377.911728421933,2349.6667768251305,2357.8731464408493,875135,HINDUNILVR.NS,Hindustan Unilever,FMCG
2023-10-31,2370.278076171875,2377.9118219888537,2354.8197874851803,2357.1098180449,920414,HINDUNILVR.NS,Hindustan Unilever,FMCG
2023-11-01,2359.06591796875,2379.772406079239,2353.8654754309146,2371.232199879601,1267131,HINDUNILVR.NS,Hindustan Unilever,FMCG
2023-11-02,2390.353759765625,2399.196906557308,2367.7651670957143,2379.011355660792,1595123,HINDUNILVR.NS,Hindustan Unilever,FMCG
2023-11-03,2411.932861328125,2415.05681541772,2389.3923779852994,2400.1579574519587,1125583,HINDUNILVR.NS,Hindustan Unilever,FMCG
2023-11-06,2400.542236328125,2420.1030879528025,2394.4867595025,2417.4597423101177,1338677,HINDUNILVR.NS,Hindustan Unilever,FMCG
2023-11-07,2399.629150390625,2408.0397956975985,2388.8635713321037,2399.1966498520997,1473411,HINDUNILVR.NS,Hindustan Unilever,FMCG
2023-11-08,2421.64111328125,2427.071893153558,2400.8306332753555,2401.1190451871635,745022,HINDUNILVR.NS,Hindustan Unilever,FMCG
2023-11-09,2380.645263671875,2424.188425464951,2377.136916718744,2422.314099905442,1823094,HINDUNILVR.NS,Hindustan Unilever,FMCG
2023-11-10,2390.11328125,2392.0838222948596,2369.7355354324045,2380.9336154108005,771062,HINDUNILVR.NS,Hindustan Unilever,FMCG
2023-11-13,2382.038818359375,2390.7378755052937,2375.1662135527877,2381.1257095257197,760809,HINDUNILVR.NS,Hindustan Unilever,FMCG
2023-11-15,2389.96875,2405.9731464541132,2379.9721916904596,2404.8676066119556,1457029,HINDUNILVR.NS,Hindustan Unilever,FMCG
2023-11-16,2394.582763671875,2408.6166199984764,2379.3476212589244,2384.0093809981963,1420578,HINDUNILVR.NS,Hindustan Unilever,FMCG
2023-11-17,2430.724609375,2435.242280505872,2369.3989427459933,2369.3989427459933,1756043,HINDUNILVR.NS,Hindustan Unilever,FMCG
2023-11-20,2409.241455078125,2436.203629376514,2403.0416545438093,2436.1555216090155,944231,HINDUNILVR.NS,Hindustan Unilever,FMCG
2023-11-21,2408.087890625,2419.382185691298,2401.1190702649437,2407.8475864746533,1088806,HINDUNILVR.NS,Hindustan Unilever,FMCG
2023-11-22,2424.09228515625,2426.3512382545014,2406.8866002136365,2410.4911628137966,816610,HINDUNILVR.NS,Hindustan Unilever,FMCG
2023-11-23,2422.169677734375,2429.715322104033,2409.0010569157093,2409.0010569157093,1023670,HINDUNILVR.NS,Hindustan Unilever,FMCG
2023-11-24,2417.652099609375,2422.0737901202465,2410.2026704841705,2417.5561187464655,735137,HINDUNILVR.NS,Hindustan Unilever,FMCG
2023-11-28,2413.1826171875,2433.5603641585562,2403.041734135041,2433.5603641585562,1880641,HINDUNILVR.NS,Hindustan Unilever,FMCG
2023-11-29,2427.120361328125,2430.5806007675874,2410.827784619846,2414.576436013944,1265214,HINDUNILVR.NS,Hindustan Unilever,FMCG
2023-11-30,2446.8251953125,2455.4280377646614,2418.565283786909,2418.565283786909,3095684,HINDUNILVR.NS,Hindustan Unilever,FMCG
2023-12-01,2464.222900390625,2481.81321151669,2443.412654382418,2448.6993458061406,1345599,HINDUNILVR.NS,Hindustan Unilever,FMCG
2023-12-04,2501.3740234375,2507.237303937237,2475.1327631308727,2477.055196344955,2188039,HINDUNILVR.NS,Hindustan Unilever,FMCG
2023-12-05,2463.8388671875,2534.728603442285,2457.1584576206137,2534.728603442285,3108717,HINDUNILVR.NS,Hindustan Unilever,FMCG
2023-12-06,2468.06787109375,2483.495445470624,2463.5983074792334,2470.3268241208075,1573754,HINDUNILVR.NS,Hindustan Unilever,FMCG
2023-12-07,2420.583984375,2460.5225856827965,2401.69616985785,2452.1600472249447,3925967,HINDUNILVR.NS,Hindustan Unilever,FMCG
2023-12-08,2424.476806640625,2435.6748867600672,2411.019773521691,2421.304744756755,1605805,HINDUNILVR.NS,Hindustan Unilever,FMCG
2023-12-11,2406.550048828125,2431.8300944655984,2402.0804851315706,2424.4768807268692,2012243,HINDUNILVR.NS,Hindustan Unilever,FMCG
2023-12-12,2405.68505859375,2420.3436130412797,2400.1580626545174,2403.0417127097694,1677929,HINDUNILVR.NS,Hindustan Unilever,FMCG
2023-12-13,2414.47998046875,2419.093867268127,2401.1672708282504,2410.5872408203054,1513205,HINDUNILVR.NS,Hindustan Unilever,FMCG
2023-12-14,2418.7578125,2426.8800469344105,2404.1952382366917,2423.56389615019,2166569,HINDUNILVR.NS,Hindustan Unilever,FMCG
2023-12-15,2425.053466796875,2433.8006324489797,2409.770215461924,2422.266032295193,2543337,HINDUNILVR.NS,Hindustan Unilever,FMCG
2023-12-18,2437.164794921875,2445.81574469679,2417.459853767902,2422.410025603624,1969036,HINDUNILVR.NS,Hindustan Unilever,FMCG
2023-12-19,2461.387451171875,2467.395055289173,2436.684229975954,2436.7323377432995,1656220,HINDUNILVR.NS,Hindustan Unilever,FMCG
2023-12-20,2458.311767578125,2473.162519005037,2448.21899199276,2473.162519005037,1468642,HINDUNILVR.NS,Hindustan Unilever,FMCG
2023-12-21,2454.17822265625,2479.9388749584405,2437.6453437575988,2443.652947621355,1945695,HINDUNILVR.NS,Hindustan Unilever,FMCG
2023-12-22,2475.709716796875,2479.6986720564782,2448.02663012791,2459.945622811475,1174984,HINDUNILVR.NS,Hindustan Unilever,FMCG
2023-12-26,2484.5048828125,2491.137184220364,2467.4913940371575,2475.7098438144135,893776,HINDUNILVR.NS,Hindustan Unilever,FMCG
2023-12-27,2507.1416015625,2510.6980564691835,2480.8041228009033,2485.706421910149,1073278,HINDUNILVR.NS,Hindustan Unilever,FMCG
2023-12-28,2531.65234375,2537.6118397726373,2505.747603153392,2512.4761193952136,1635216,HINDUNILVR.NS,Hindustan Unilever,FMCG
2023-12-29,2560.63330078125,2563.661274331084,2519.5893927061984,2531.652709789761,1305681,HINDUNILVR.NS,Hindustan Unilever,FMCG
2024-01-01,2551.789794921875,2565.8715243869406,2535.689416707376,2560.536959940054,526353,HINDUNILVR.NS,Hindustan Unilever,FMCG
2024-01-02,2512.42822265625,2551.020978758828,2505.8919022522155,2545.3017864073136,1310629,HINDUNILVR.NS,Hindustan Unilever,FMCG
2024-01-03,2505.45947265625,2526.6543481330496,2494.8860888029035,2498.2022395315885,1008270,HINDUNILVR.NS,Hindustan Unilever,FMCG
2024-01-04,2492.00244140625,2521.2714434435734,2487.6769661887524,2505.459475416242,1376844,HINDUNILVR.NS,Hindustan Unilever,FMCG
2024-01-05,2518.435791015625,2527.903634441405,2494.357266422686,2494.357266422686,1150738,HINDUNILVR.NS,Hindustan Unilever,FMCG
2024-01-08,2478.2568359375,2524.1549311245517,2466.9625402631996,2523.145606704356,1189828,HINDUNILVR.NS,Hindustan Unilever,FMCG
2024-01-09,2479.69873046875,2488.589984759606,2471.816800626399,2482.390184107417,1017205,HINDUNILVR.NS,Hindustan Unilever,FMCG
2024-01-10,2477.439697265625,2493.684399436957,2465.5207046868295,2479.93895442184,881278,HINDUNILVR.NS,Hindustan Unilever,FMCG
2024-01-11,2437.83740234375,2488.589683850302,2433.6562510941385,2479.938734775504,2399600,HINDUNILVR.NS,Hindustan Unilever,FMCG
2024-01-12,2445.335205078125,2455.908588433416,2414.432183049432,2435.2424300571656,2979841,HINDUNILVR.NS,Hindustan Unilever,FMCG
2024-01-15,2473.402587890625,2478.7373871269424,2432.839292997883,2447.2575424625093,1391204,HINDUNILVR.NS,Hindustan Unilever,FMCG
2024-01-16,2469.461669921875,2484.3605272761324,2457.206158227244,2473.4025171930134,1599406,HINDUNILVR.NS,Hindustan Unilever,FMCG
2024-01-17,2463.501953125,2471.624421207969,2441.2498824973773,2450.141136129861,3047652,HINDUNILVR.NS,Hindustan Unilever,FMCG
2024-01-18,2449.179931640625,2470.326697141447,2439.13526496214,2470.326697141447,1273095,HINDUNILVR.NS,Hindustan Unilever,FMCG
2024-01-19,2465.9052734375,2474.1237233073075,2433.800728938802,2465.520880619284,1323064,HINDUNILVR.NS,Hindustan Unilever,FMCG
2024-01-23,2283.41845703125,2384.298106226015,2273.710074159049,2355.942212602283,4369332,HINDUNILVR.NS,Hindustan Unilever,FMCG
2024-01-24,2346.95458984375,2351.039760693699,2275.343947885817,2295.3854093361483,1551469,HINDUNILVR.NS,Hindustan Unilever,FMCG
2024-01-25,2334.12255859375,2372.2828146337984,2326.3366094581024,2359.5948011333753,2364765,HINDUNILVR.NS,Hindustan Unilever,FMCG
2024-01-29,2349.59765625,2354.0193462775947,2316.5319005835045,2316.5319005835045,1587091,HINDUNILVR.NS,Hindustan Unilever,FMCG
2024-01-30,2363.29541015625,2397.803231432302,2352.385741116403,2358.8258462479507,1793711,HINDUNILVR.NS,Hindustan Unilever,FMCG
2024-01-31,2385.30712890625,2389.4882803625414,2347.050660838892,2354.9806978827833,1445004,HINDUNILVR.NS,Hindustan Unilever,FMCG
2024-02-01,2377.66552734375,2414.143651172756,2372.61914008399,2379.1073522751103,1727534,HINDUNILVR.NS,Hindustan Unilever,FMCG
2024-02-02,2357.480224609375,2390.4497704134455,2347.291233494428,2380.933818741072,1956115,HINDUNILVR.NS,Hindustan Unilever,FMCG
2024-02-05,2325.663818359375,2369.1588742720683,2319.175605598918,2368.4379617431287,1315445,HINDUNILVR.NS,Hindustan Unilever,FMCG
2024-02-06,2332.248046875,2346.666296218703,2324.2699019704123,2330.902202799705,1557511,HINDUNILVR.NS,Hindustan Unilever,FMCG
2024-02-07,2331.3828125,2345.272345774969,2318.021995302354,2345.272345774969,1149076,HINDUNILVR.NS,Hindustan Unilever,FMCG
2024-02-08,2323.30908203125,2347.099197510304,2305.9590720909005,2347.099197510304,1758661,HINDUNILVR.NS,Hindustan Unilever,FMCG
2024-02-09,2330.13330078125,2334.266579403876,2312.7835275950797,2323.3088032155542,886474,HINDUNILVR.NS,Hindustan Unilever,FMCG
2024-02-12,2293.12646484375,2335.6124295793047,2289.6181178518773,2330.085433702878,1292460,HINDUNILVR.NS,Hindustan Unilever,FMCG
2024-02-13,2301.152587890625,2307.8329964640893,2287.7917707436964,2297.307721411276,957865,HINDUNILVR.NS,Hindustan Unilever,FMCG
2024-02-14,2295.33740234375,2301.1528103904666,2278.083609283795,2292.501859975465,1397975,HINDUNILVR.NS,Hindustan Unilever,FMCG
2024-02-15,2259.67626953125,2292.213312532259,2255.735187373002,2276.4975610105416,2553695,HINDUNILVR.NS,Hindustan Unilever,FMCG
2024-02-16,2283.1298828125,2289.618095299179,2266.1645025494804,2278.0353875552187,2363302,HINDUNILVR.NS,Hindustan Unilever,FMCG
2024-02-19,2294.568115234375,2302.0656516566646,2281.7360144140926,2296.8270681155595,576683,HINDUNILVR.NS,Hindustan Unilever,FMCG
2024-02-20,2310.861083984375,2315.042235684377,2276.3532648212054,2278.179717292503,1032995,HINDUNILVR.NS,Hindustan Unilever,FMCG
2024-02-21,2313.74462890625,2328.835682964777,2301.2488127974525,2310.8609790349888,1127778,HINDUNILVR.NS,Hindustan Unilever,FMCG
2024-02-22,2295.481689453125,2326.4328201820526,2273.9984023925185,2326.4328201820526,2258516,HINDUNILVR.NS,Hindustan Unilever,FMCG
2024-02-23,2301.2490234375,2312.2068000824784,2291.492533010144,2295.914223752952,1210775,HINDUNILVR.NS,Hindustan Unilever,FMCG
2024-02-26,2311.00537109375,2313.216216553072,2287.6958649071958,2298.365464700586,831596,HINDUNILVR.NS,Hindustan Unilever,FMCG
2024-02-27,2312.014404296875,2315.52275112335,2296.4906149378007,2310.8128835108178,1120424,HINDUNILVR.NS,Hindustan Unilever,FMCG
2024-02-28,2327.63427734375,2330.9504279253597,2307.8812278139335,2317.5896100629743,629152,HINDUNILVR.NS,Hindustan Unilever,FMCG
2024-02-29,2318.742919921875,2334.6029942925143,2304.276562728189,2330.950324169719,2848084,HINDUNILVR.NS,Hindustan Unilever,FMCG
2024-03-01,2316.24365234375,2344.2151499760976,2310.764764520349,2323.2124728690296,2326244,HINDUNILVR.NS,Hindustan Unilever,FMCG
2024-03-04,2328.066650390625,2333.737734571899,2311.1491440334266,2322.491547068001,1501261,HINDUNILVR.NS,Hindustan Unilever,FMCG
2024-03-05,2306.77587890625,2326.1443005982023,2298.365233191277,2311.726050801106,1587199,HINDUNILVR.NS,Hindustan Unilever,FMCG
2024-03-06,2307.689208984375,2315.427050718229,2283.178181979929,2310.7650556348353,1354111,HINDUNILVR.NS,Hindustan Unilever,FMCG
2024-03-07,2325.712158203125,2331.9119596362516,2309.803973209362,2311.678299037228,1820704,HINDUNILVR.NS,Hindustan Unilever,FMCG
2024-03-11,2297.163818359375,2319.415891037393,2291.1081062307944,2315.571024247443,2040761,HINDUNILVR.NS,Hindustan Unilever,FMCG
2024-03-12,2285.917236328125,2292.5016641169373,2269.2402685894435,2287.695580963652,1012157,HINDUNILVR.NS,Hindustan Unilever,FMCG
2024-03-13,2222.90966796875,2282.889491692188,2214.499022473042,2282.889491692188,2322669,HINDUNILVR.NS,Hindustan Unilever,FMCG
2024-03-14,2244.056396484375,2250.880893627091,2212.576552438003,2215.460202274312,2292515,HINDUNILVR.NS,Hindustan Unilever,FMCG
2024-03-15,2237.424072265625,2246.315326766892,2226.0816682377067,2239.6830253861167,2751403,HINDUNILVR.NS,Hindustan Unilever,FMCG
2024-03-18,2210.75,2234.828521977646,2207.9144580570546,2230.7914593239598,2487402,HINDUNILVR.NS,Hindustan Unilever,FMCG
2024-03-19,2179.030029296875,2214.546937441648,2159.709715510338,2194.6979075652634,4220638,HINDUNILVR.NS,Hindustan Unilever,FMCG
2024-03-20,2154.999755859375,2177.588348542376,2153.1254302094503,2162.7375973086,2995013,HINDUNILVR.NS,Hindustan Unilever,FMCG
2024-03-21,2155.38427734375,2171.5325295385032,2147.358024341876,2147.358024341876,3504486,HINDUNILVR.NS,Hindustan Unilever,FMCG
2024-03-22,2169.03369140625,2178.117142705983,2145.483881169579,2152.2123983800566,3507809,HINDUNILVR.NS,Hindustan Unilever,FMCG
2024-03-26,2153.12548828125,2171.5326949037612,2145.435754394531,2145.531969936937,3027027,HINDUNILVR.NS,Hindustan Unilever,FMCG
2024-03-27,2152.8369140625,2175.233309253919,2149.2804593423607,2162.7374926298353,2168861,HINDUNILVR.NS,Hindustan Unilever,FMCG
2024-03-28,2176.531005859375,2199.1674701311017,2153.2215021979396,2157.9313698937053,3186360,HINDUNILVR.NS,Hindustan Unilever,FMCG
2024-04-01,2197.244873046875,2205.9920377407097,2174.271890792804,2181.9616233862357,1427873,HINDUNILVR.NS,Hindustan Unilever,FMCG
2024-04-02,2198.01416015625,2208.8759556978766,2188.738512957842,2208.8759556978766,1221495,HINDUNILVR.NS,Hindustan Unilever,FMCG
2024-04-03,2177.34765625,2193.352052420509,2173.3587014837085,2193.352052420509,1175309,HINDUNILVR.NS,Hindustan Unilever,FMCG
2024-04-04,2177.107666015625,2193.496457295735,2162.0166111185067,2181.961857169728,1890255,HINDUNILVR.NS,Hindustan Unilever,FMCG
2024-04-05,2179.030029296875,2192.0545617880575,2170.523402780724,2177.1075960043618,1153449,HINDUNILVR.NS,Hindustan Unilever,FMCG
2024-04-08,2180.952392578125,2200.176724886131,2179.2702635011747,2188.6902332665027,1127294,HINDUNILVR.NS,Hindustan Unilever,FMCG
2024-04-09,2176.33837890625,2186.38327968871,2168.264253676801,2182.9228062063685,1189343,HINDUNILVR.NS,Hindustan Unilever,FMCG
2024-04-10,2173.214599609375,2188.5940657934834,2170.1387533069596,2188.5940657934834,2308993,HINDUNILVR.NS,Hindustan Unilever,FMCG
2024-04-12,2145.7236328125,2177.011276718781,2142.1671787086207,2173.214283818698,3388551,HINDUNILVR.NS,Hindustan Unilever,FMCG
2024-04-15,2108.957275390625,2141.3502270656313,2105.064301323637,2141.302119302431,4909564,HINDUNILVR.NS,Hindustan Unilever,FMCG
2024-04-16,2134.669921875,2144.714588644273,2087.8106115348733,2098.335886615327,2821129,HINDUNILVR.NS,Hindustan Unilever,FMCG
2024-04-18,2128.902587890625,2150.9143543197647,2123.375592400965,2129.142892042349,3392171,HINDUNILVR.NS,Hindustan Unilever,FMCG
2024-04-19,2145.051025390625,2156.7297130319407,2110.831621088865,2133.9008191335524,2337694,HINDUNILVR.NS,Hindustan Unilever,FMCG
2024-04-22,2154.567138671875,2166.149846333918,2142.600038215488,2162.7374802639833,1804108,HINDUNILVR.NS,Hindustan Unilever,FMCG
2024-04-23,2174.992919921875,2185.3259986487164,2161.4877793956443,2165.6210578207865,1991778,HINDUNILVR.NS,Hindustan Unilever,FMCG
2024-04-24,2172.590087890625,2180.3760371789404,2158.556229932344,2178.165191792081,1404398,HINDUNILVR.NS,Hindustan Unilever,FMCG
2024-04-25,2144.33056640625,2152.981517502396,2129.191401987995,2151.2512803487534,4951866,HINDUNILVR.NS,Hindustan Unilever,FMCG
2024-04-26,2136.447998046875,2167.543449157478,2132.5552585254745,2157.931283085826,2307512,HINDUNILVR.NS,Hindustan Unilever,FMCG
2024-04-29,2139.764404296875,2147.357921699967,2133.900889066216,2147.357921699967,1395292,HINDUNILVR.NS,Hindustan Unilever,FMCG
2024-04-30,2143.945556640625,2153.3655264224535,2138.706973011922,2145.4835970967697,2119102,HINDUNILVR.NS,Hindustan Unilever,FMCG
2024-05-02,2139.95654296875,2156.201009483979,2119.530690414858,2119.530690414858,2140383,HINDUNILVR.NS,Hindustan Unilever,FMCG
2024-05-03,2131.0654296875,2148.9439186486993,2118.521505418379,2145.4355717304093,2595307,HINDUNILVR.NS,Hindustan Unilever,FMCG
2024-05-06,2168.69677734375,2173.7912720969075,2126.2110519028784,2138.706867307371,1619256,HINDUNILVR.NS,Hindustan Unilever,FMCG
2024-05-07,2287.11865234375,2296.9232492649267,2171.3882691830577,2178.1167852894237,8277810,HINDUNILVR.NS,Hindustan Unilever,FMCG
2024-05-08,2250.25634765625,2280.246261031328,2234.8287730626357,2274.623049604483,1813439,HINDUNILVR.NS,Hindustan Unilever,FMCG
2024-05-09,2235.453369140625,2270.489903158512,2229.49387294917,2249.823745544639,1558987,HINDUNILVR.NS,Hindustan Unilever,FMCG
2024-05-10,2270.92236328125,2279.0445967528176,2230.983765948245,2230.983765948245,2610266,HINDUNILVR.NS,Hindustan Unilever,FMCG
2024-05-13,2269.095947265625,2289.2814965269827,2256.840435214087,2281.928283164871,1170617,HINDUNILVR.NS,Hindustan Unilever,FMCG
2024-05-14,2258.474853515625,2280.294425684034,2255.735292050197,2269.0482372218366,689430,HINDUNILVR.NS,Hindustan Unilever,FMCG
2024-05-15,2233.19482421875,2264.4343672229857,2227.763809016323,2258.4267627990944,812282,HINDUNILVR.NS,Hindustan Unilever,FMCG
2024-05-16,2252.274658203125,2257.032868270841,2212.095990708857,2246.363269783034,1880021,HINDUNILVR.NS,Hindustan Unilever,FMCG
2024-05-17,2230.359130859375,2260.6853282003162,2225.3127434849703,2260.6853282003162,1264582,HINDUNILVR.NS,Hindustan Unilever,FMCG
2024-05-21,2221.083251953125,2234.636500499877,2212.4804099252933,2217.5267973053774,1663959,HINDUNILVR.NS,Hindustan Unilever,FMCG
2024-05-22,2275.103515625,2281.92824747066,2221.0831887144805,2221.3716006338227,1914851,HINDUNILVR.NS,Hindustan Unilever,FMCG
2024-05-23,2290.098876953125,2294.232155858532,2263.6654166734984,2275.103801980224,1614718,HINDUNILVR.NS,Hindustan Unilever,FMCG
2024-05-24,2277.17041015625,2290.819640002725,2272.9890237524455,2286.253860797852,974100,HINDUNILVR.NS,Hindustan Unilever,FMCG
2024-05-27,2292.02099609375,2306.871745716128,2270.874230770176,2277.1702464713717,1116934,HINDUNILVR.NS,Hindustan Unilever,FMCG
2024-05-28,2303.027099609375,2315.571024447078,2286.3020229404683,2297.30790719324,1631747,HINDUNILVR.NS,Hindustan Unilever,FMCG
2024-05-29,2281.3515625,2302.1139365481226,2277.5066958001285,2288.8490994991575,1592495,HINDUNILVR.NS,Hindustan Unilever,FMCG
2024-05-30,2260.20458984375,2280.4382459438207,2243.527622854832,2276.160879064105,1837380,HINDUNILVR.NS,Hindustan Unilever,FMCG
2024-05-31,2238.7216796875,2285.2444715554675,2227.7157960085565,2261.74277145962,5529186,HINDUNILVR.NS,Hindustan Unilever,FMCG
2024-06-03,2264.5302734375,2294.8567065039656,2253.380300797559,2288.6569058773034,1207445,HINDUNILVR.NS,Hindustan Unilever,FMCG
2024-06-04,2399.4853515625,2412.7020814982593,2251.2657798718847,2281.9284994540258,7826048,HINDUNILVR.NS,Hindustan Unilever,FMCG
2024-06-05,2501.806396484375,2618.3057963865517,2427.071809095398,2435.2902576011925,11061076,HINDUNILVR.NS,Hindustan Unilever,FMCG
2024-06-06,2450.718017578125,2499.1632419376433,2420.343478153456,2499.1632419376433,4102547,HINDUNILVR.NS,Hindustan Unilever,FMCG
2024-06-07,2477.82421875,2495.7989223831146,2427.07193491907,2456.1968450725035,3974253,HINDUNILVR.NS,Hindustan Unilever,FMCG
2024-06-10,2465.857177734375,2493.0594206488636,2447.2575420592607,2478.977690876211,1449122,HINDUNILVR.NS,Hindustan Unilever,FMCG
2024-06-11,2457.2060546875,2476.766670941292,2452.35186410996,2466.481700651621,1402423,HINDUNILVR.NS,Hindustan Unilever,FMCG
2024-06-12,2430.628662109375,2468.4045259716218,2419.3824734698487,2468.4045259716218,1754677,HINDUNILVR.NS,Hindustan Unilever,FMCG
2024-06-13,2390.93017578125,2408.6167027553947,2351.568401318949,2391.4588918675045,3123098,HINDUNILVR.NS,Hindustan Unilever,FMCG
2024-06-14,2406.79931640625,2436.5475426423045,2397.724285194477,2400.2478917119292,1729552,HINDUNILVR.NS,Hindustan Unilever,FMCG
2024-06-18,2413.10791015625,2424.512241154475,2400.3931995365956,2406.944623727065,1820933,HINDUNILVR.NS,Hindustan Unilever,FMCG
2024-06-19,2384.718505859375,2421.600599153089,2379.380308145811,2421.600599153089,986976,HINDUNILVR.NS,Hindustan Unilever,FMCG
2024-06-20,2409.17724609375,2416.7478288529137,2374.6730278925506,2384.7186407596823,2163310,HINDUNILVR.NS,Hindustan Unilever,FMCG
2024-06-21,2369.48046875,2405.1007594830376,2355.1643928006965,2402.189015222162,3646215,HINDUNILVR.NS,Hindustan Unilever,FMCG
2024-06-24,2370.35400390625,2395.2495606319985,2355.6497895105103,2363.3658647573675,1945519,HINDUNILVR.NS,Hindustan Unilever,FMCG
2024-06-25,2360.648193359375,2374.7216246112826,2356.474645665412,2367.5879930137835,833789,HINDUNILVR.NS,Hindustan Unilever,FMCG
2024-06-26,2373.654296875,2394.424646941484,2360.8424310457776,2365.3072008903105,1738656,HINDUNILVR.NS,Hindustan Unilever,FMCG
2024-06-27,2389.717041015625,2410.147828089514,2364.3364306830586,2377.8759946247305,3402726,HINDUNILVR.NS,Hindustan Unilever,FMCG
2024-06-28,2400.29638671875,2417.232984813931,2390.396503797189,2390.5419962243377,2129791,HINDUNILVR.NS,Hindustan Unilever,FMCG
2024-07-01,2431.403564453125,2448.776876762152,2378.0215873536727,2388.6494063118025,3312865,HINDUNILVR.NS,Hindustan Unilever,FMCG
2024-07-02,2412.040283203125,2441.0122329179167,2406.411100622321,2441.0122329179167,1305210,HINDUNILVR.NS,Hindustan Unilever,FMCG
2024-07-03,2436.499267578125,2445.71979146585,2401.5097584861905,2413.496297365214,1406405,HINDUNILVR.NS,Hindustan Unilever,FMCG
2024-07-04,2422.5224609375,2462.219380127531,2419.562140443245,2441.0606594124497,1977010,HINDUNILVR.NS,Hindustan Unilever,FMCG
2024-07-05,2472.07080078125,2478.86487051249,2422.522573421036,2422.522573421036,1754286,HINDUNILVR.NS,Hindustan Unilever,FMCG
2024-07-08,2511.039794921875,2518.6589543648624,2461.6372921032303,2484.6886023792094,2818809,HINDUNILVR.NS,Hindustan Unilever,FMCG
2024-07-09,2513.951416015625,2537.099878087564,2492.453131954424,2511.039671702594,1479529,HINDUNILVR.NS,Hindustan Unilever,FMCG
2024-07-10,2533.654296875,2548.746885802939,2497.3060689912268,2505.0707205854474,1764036,HINDUNILVR.NS,Hindustan Unilever,FMCG
2024-07-11,2532.1015625,2540.060283161406,2513.854583474437,2540.0117066962384,1432671,HINDUNILVR.NS,Hindustan Unilever,FMCG
2024-07-12,2545.107177734375,2561.8497075526293,2524.4823221611628,2524.4823221611628,1912642,HINDUNILVR.NS,Hindustan Unilever,FMCG
2024-07-15,2543.214599609375,2551.9012561227323,2536.760090845706,2550.688029320354,920101,HINDUNILVR.NS,Hindustan Unilever,FMCG
2024-07-16,2609.359619140625,2644.834418084959,2547.3395600466733,2548.698279276291,3298003,HINDUNILVR.NS,Hindustan Unilever,FMCG
2024-07-18,2657.840087890625,2670.2635775618123,2576.8936915714958,2620.5698558354193,5569762,HINDUNILVR.NS,Hindustan Unilever,FMCG
2024-07-19,2646.775390625,2662.3046925135222,2636.050419116571,2658.4223670413917,1668862,HINDUNILVR.NS,Hindustan Unilever,FMCG
2024-07-22,2654.831298828125,2669.050221276368,2626.0534187066073,2626.101995167326,1911629,HINDUNILVR.NS,Hindustan Unilever,FMCG
2024-07-23,2684.96826171875,2728.595853311204,2651.6286919831223,2665.2168331572675,3906259,HINDUNILVR.NS,Hindustan Unilever,FMCG
2024-07-24,2637.1181640625,2676.3295567061523,2596.402322900649,2667.1576101328446,3611927,HINDUNILVR.NS,Hindustan Unilever,FMCG
2024-07-25,2627.557861328125,2644.688764839163,2591.452281427988,2637.118182692761,2166670,HINDUNILVR.NS,Hindustan Unilever,FMCG
2024-07-26,2631.294921875,2646.7756488135715,2608.1950356707994,2643.863904425438,2135309,HINDUNILVR.NS,Hindustan Unilever,FMCG
2024-07-29,2631.828857421875,2639.981647137038,2613.581878057342,2631.440482651685,957011,HINDUNILVR.NS,Hindustan Unilever,FMCG
2024-07-30,2612.222900390625,2673.3211941210275,2606.3994115108435,2635.711161772439,1560399,HINDUNILVR.NS,Hindustan Unilever,FMCG
2024-07-31,2626.0537109375,2629.9360368935118,2596.3540595490326,2625.4229277529967,1751085,HINDUNILVR.NS,Hindustan Unilever,FMCG
2024-08-01,2635.662353515625,2644.7857238415877,2615.910927352041,2634.157904962315,1886392,HINDUNILVR.NS,Hindustan Unilever,FMCG
2024-08-02,2613.339111328125,2678.319491535029,2602.2743407046587,2632.2168729998184,1738872,HINDUNILVR.NS,Hindustan Unilever,FMCG
2024-08-05,2636.001953125,2661.334222675603,2587.764104503914,2597.227273238811,3118731,HINDUNILVR.NS,Hindustan Unilever,FMCG
2024-08-06,2669.1474609375,2690.20903019787,2628.96524828348,2640.0785950237046,2296031,HINDUNILVR.NS,Hindustan Unilever,FMCG
2024-08-07,2663.32421875,2700.012246928229,2655.0256995137474,2699.866517527861,1713875,HINDUNILVR.NS,Hindustan Unilever,FMCG
2024-08-08,2652.793212890625,2678.076907446923,2640.3697227462762,2672.9813547553963,1464161,HINDUNILVR.NS,Hindustan Unilever,FMCG
2024-08-09,2666.38134765625,2676.8636748479075,2638.622859990569,2674.9225119219846,1284031,HINDUNILVR.NS,Hindustan Unilever,FMCG
2024-08-12,2667.837158203125,2682.1046579872973,2642.3108189254185,2657.451984181087,1297178,HINDUNILVR.NS,Hindustan Unilever,FMCG
2024-08-13,2660.751708984375,2676.5236564605643,2649.784328921455,2661.334152597603,1051237,HINDUNILVR.NS,Hindustan Unilever,FMCG
2024-08-14,2641.971435546875,2661.8683564179764,2626.9759986722806,2660.363907692145,946995,HINDUNILVR.NS,Hindustan Unilever,FMCG
2024-08-16,2667.400390625,2672.593096011396,2630.9550108698363,2657.3547781329457,1727926,HINDUNILVR.NS,Hindustan Unilever,FMCG
2024-08-19,2661.8681640625,2678.562117366071,2656.5299661657655,2669.1475248307747,1130327,HINDUNILVR.NS,Hindustan Unilever,FMCG
2024-08-20,2670.1181640625,2675.165140246076,2654.588860754042,2661.8682216798816,1097889,HINDUNILVR.NS,Hindustan Unilever,FMCG
2024-08-21,2709.0869140625,2712.8723239179676,2662.2563587851414,2668.613714717056,1417729,HINDUNILVR.NS,Hindustan Unilever,FMCG
2024-08-22,2710.6396484375,2727.333600307501,2700.2544753582456,2720.490954381254,1552947,HINDUNILVR.NS,Hindustan Unilever,FMCG
2024-08-23,2732.769287109375,2738.010332274373,2689.821056977102,2716.851608794936,2111401,HINDUNILVR.NS,Hindustan Unilever,FMCG
2024-08-26,2738.15576171875,2751.549833114722,2721.1222468451892,2732.7692242402322,1152244,HINDUNILVR.NS,Hindustan Unilever,FMCG
2024-08-27,2685.501708984375,2741.019157279429,2678.368077529086,2726.3632826569533,1357212,HINDUNILVR.NS,Hindustan Unilever,FMCG
2024-08-28,2683.02685546875,2699.9148774708824,2664.9739461905906,2678.804731489039,1723549,HINDUNILVR.NS,Hindustan Unilever,FMCG
2024-08-29,2703.31201171875,2727.333902856005,2664.246107950083,2688.462067987683,2129934,HINDUNILVR.NS,Hindustan Unilever,FMCG
2024-08-30,2696.275390625,2733.448709240914,2678.902076663861,2713.4546356789924,4029712,HINDUNILVR.NS,Hindustan Unilever,FMCG
2024-09-02,2707.0,2726.2658978957274,2697.2456099024953,2711.804330358968,957950,HINDUNILVR.NS,Hindustan Unilever,FMCG
2024-09-03,2712.095703125,2744.7556730503247,2693.363434369963,2698.216341458918,2022116,HINDUNILVR.NS,Hindustan Unilever,FMCG
2024-09-04,2757.66455078125,2760.188157340057,2690.111986931693,2698.216436840079,1640986,HINDUNILVR.NS,Hindustan Unilever,FMCG
2024-09-05,2754.94677734375,2771.0099471964018,2740.582124971867,2756.4998023952226,1945173,HINDUNILVR.NS,Hindustan Unilever,FMCG
2024-09-06,2755.43212890625,2782.123118479223,2744.9014624679285,2744.9014624679285,1672730,HINDUNILVR.NS,Hindustan Unilever,FMCG
2024-09-09,2835.844970703125,2851.7624119394613,2759.5571728010573,2769.166071475763,3342754,HINDUNILVR.NS,Hindustan Unilever,FMCG
2024-09-10,2813.327392578125,2851.180067874474,2802.553844056592,2847.6858799868537,1536584,HINDUNILVR.NS,Hindustan Unilever,FMCG
2024-09-11,2818.714111328125,2863.2153669847785,2812.8422829388005,2825.9451329233075,1913665,HINDUNILVR.NS,Hindustan Unilever,FMCG
2024-09-12,2869.4267578125,2876.2208276163733,2809.056642089753,2825.362457010719,2454564,HINDUNILVR.NS,Hindustan Unilever,FMCG
2024-09-13,2846.666748046875,2869.426835111309,2832.641893822737,2869.426835111309,1902001,HINDUNILVR.NS,Hindustan Unilever,FMCG
2024-09-16,2782.754150390625,2824.3919995176966,2724.810248668883,2824.3919995176966,1489057,HINDUNILVR.NS,Hindustan Unilever,FMCG
2024-09-17,2788.9658203125,2828.177216442892,2775.9601235551504,2782.7541937629762,1098661,HINDUNILVR.NS,Hindustan Unilever,FMCG
2024-09-18,2791.246826171875,2808.42607086622,2777.512956142777,2789.451155662023,464796,HINDUNILVR.NS,Hindustan Unilever,FMCG
2024-09-19,2826.090576171875,2847.9772355641235,2788.8203427591193,2791.6349342197495,1713010,HINDUNILVR.NS,Hindustan Unilever,FMCG
2024-09-20,2890.00341796875,2901.4077499970376,2810.2214332765097,2838.7566700584757,3641632,HINDUNILVR.NS,Hindustan Unilever,FMCG
2024-09-23,2939.45458984375,2945.7147930006277,2882.5784203092207,2892.33281157887,1300470,HINDUNILVR.NS,Hindustan Unilever,FMCG
2024-09-24,2863.749267578125,2931.156104781509,2859.430227331959,2931.156104781509,1929308,HINDUNILVR.NS,Hindustan Unilever,FMCG
2024-09-25,2862.196044921875,2873.260815338254,2819.636191624619,2863.749069984707,1055354,HINDUNILVR.NS,Hindustan Unilever,FMCG
2024-09-26,2898.25341796875,2904.8048428813454,2854.674167856613,2864.2830665701063,1902889,HINDUNILVR.NS,Hindustan Unilever,FMCG
2024-09-27,2878.9873046875,2940.8618738147916,2865.884454754662,2898.253441779502,2977081,HINDUNILVR.NS,Hindustan Unilever,FMCG
2024-09-30,2871.271240234375,2909.706124674832,2856.0331583870834,2876.9975761841415,1627702,HINDUNILVR.NS,Hindustan Unilever,FMCG
2024-10-01,2837.737548828125,2875.541649372102,2806.339143756762,2875.541649372102,1184642,HINDUNILVR.NS,Hindustan Unilever,FMCG
2024-10-03,2808.23193359375,2837.106731735907,2776.9306818262016,2823.1787931428157,1233447,HINDUNILVR.NS,Hindustan Unilever,FMCG
2024-10-04,2764.944091796875,2828.27453567217,2734.1767051525835,2805.9511608195753,2456486,HINDUNILVR.NS,Hindustan Unilever,FMCG
2024-10-07,2750.04541015625,2782.1231747563133,2741.9411971515387,2761.3042498599384,1280975,HINDUNILVR.NS,Hindustan Unilever,FMCG
2024-10-08,2735.875244140625,2801.0982750877915,2716.366460746994,2760.333851126015,1761488,HINDUNILVR.NS,Hindustan Unilever,FMCG
2024-10-09,2687.4912109375,2742.7174325285027,2679.4839147128605,2740.339318628453,1476282,HINDUNILVR.NS,Hindustan Unilever,FMCG
2024-10-10,2673.66064453125,2705.398610217547,2652.793143577846,2688.5105879502285,2065078,HINDUNILVR.NS,Hindustan Unilever,FMCG
2024-10-11,2701.322265625,2707.922266928901,2656.5300261363855,2683.463661587022,679307,HINDUNILVR.NS,Hindustan Unilever,FMCG
2024-10-14,2707.048828125,2722.1897566323278,2683.657720300339,2709.475281759991,874010,HINDUNILVR.NS,Hindustan Unilever,FMCG
2024-10-15,2699.623779296875,2716.9487533001934,2683.9004068922713,2710.9311955846492,1082666,HINDUNILVR.NS,Hindustan Unilever,FMCG
2024-10-16,2699.4296875,2715.2502127006615,2674.5343678170534,2707.09718625598,1170797,HINDUNILVR.NS,Hindustan Unilever,FMCG
2024-10-17,2658.082763671875,2700.1575638443824,2643.3299731877614,2697.68253378276,1368242,HINDUNILVR.NS,Hindustan Unilever,FMCG
2024-10-18,2637.1669921875,2659.3932129429836,2614.212598375217,2658.0828331824578,1137277,HINDUNILVR.NS,Hindustan Unilever,FMCG
2024-10-21,2614.3095703125,2657.451866034502,2601.5948592234436,2635.128493894694,792345,HINDUNILVR.NS,Hindustan Unilever,FMCG
2024-10-22,2602.808349609375,2630.2758533291735,2595.092274110287,2606.1084688697565,1272253,HINDUNILVR.NS,Hindustan Unilever,FMCG
2024-10-23,2581.0673828125,2613.8245078342925,2543.8940646553547,2543.8940646553547,1431962,HINDUNILVR.NS,Hindustan Unilever,FMCG
2024-10-24,2431.403564453125,2569.128970586372,2380.448040858193,2569.128970586372,9216267,HINDUNILVR.NS,Hindustan Unilever,FMCG
2024-10-25,2453.678466796875,2465.276867660535,2426.5507628298415,2428.6859946148834,2761166,HINDUNILVR.NS,Hindustan Unilever,FMCG
2024-10-28,2500.02392578125,2513.417998144498,2445.9625825267967,2469.1593860637768,852829,HINDUNILVR.NS,Hindustan Unilever,FMCG
2024-10-29,2472.70166015625,2509.632330583052,2461.394481395327,2509.632330583052,1695654,HINDUNILVR.NS,Hindustan Unilever,FMCG
2024-10-30,2479.786865234375,2487.8913145923343,2458.870788970481,2481.776604467718,1200637,HINDUNILVR.NS,Hindustan Unilever,FMCG
2024-10-31,2453.87255859375,2488.0855548126483,2449.8447403470686,2479.7870359976687,1901355,HINDUNILVR.NS,Hindustan Unilever,FMCG
2024-11-01,2462.8505859375,2471.0519523196854,2437.4699741899085,2469.1107892962864,118532,HINDUNILVR.NS,Hindustan Unilever,FMCG
2024-11-04,2450.52392578125,2472.0707851149646,2429.850494909821,2472.0707851149646,1097260,HINDUNILVR.NS,Hindustan Unilever,FMCG
2024-11-05,2447.175537109375,2455.813616889939,2433.247599068502,2445.865157420273,702046,HINDUNILVR.NS,Hindustan Unilever,FMCG
2024-11-06,2455.3740234375,2476.386285924596,2449.77738556988,2469.6112066402106,1219166,HINDUNILVR.NS,Hindustan Unilever,FMCG
2024-11-07,2430.630859375,2464.407253718044,2421.401332931118,2455.374054274254,1322446,HINDUNILVR.NS,Hindustan Unilever,FMCG
2024-11-08,2462.247314453125,2469.6605169147483,2422.579669604473,2438.927788649835,1700877,HINDUNILVR.NS,Hindustan Unilever,FMCG
2024-11-11,2445.899169921875,2469.316739128912,2430.189173754933,2463.5237739285594,1175577,HINDUNILVR.NS,Hindustan Unilever,FMCG
2024-11-12,2416.884765625,2451.692178555918,2411.484454346943,2449.7775706822567,1624222,HINDUNILVR.NS,Hindustan Unilever,FMCG
2024-11-13,2420.272216796875,2427.980029788182,2405.985890652603,2417.4740174733843,1262017,HINDUNILVR.NS,Hindustan Unilever,FMCG
2024-11-14,2345.89501953125,2420.026560463074,2340.4947086024417,2415.804451248359,2443393,HINDUNILVR.NS,Hindustan Unilever,FMCG
2024-11-18,2378.984375,2381.0464079817834,2332.6890737165863,2357.62859793872,1374215,HINDUNILVR.NS,Hindustan Unilever,FMCG
2024-11-19,2366.661865234375,2395.970682267616,2361.507022871615,2387.8210740176746,1133370,HINDUNILVR.NS,Hindustan Unilever,FMCG
2024-11-21,2339.611328125,2380.800928160588,2333.0328148891485,2380.800928160588,1291829,HINDUNILVR.NS,Hindustan Unilever,FMCG
2024-11-22,2400.92919921875,2407.6551370493976,2334.7509378705845,2347.613353088314,1696471,HINDUNILVR.NS,Hindustan Unilever,FMCG
2024-11-25,2426.654296875,2460.2835069783887,2413.0554754508216,2425.2306264341637,4368045,HINDUNILVR.NS,Hindustan Unilever,FMCG
2024-11-26,2434.263916015625,2449.7284438602323,2415.80462213737,2441.186181184411,982442,HINDUNILVR.NS,Hindustan Unilever,FMCG
2024-11-27,2441.82421875,2447.7646089278323,2413.4481343744396,2430.2871904428803,948232,HINDUNILVR.NS,Hindustan Unilever,FMCG
2024-11-28,2417.57177734375,2493.1269856575846,2408.7349052669156,2440.9404425567004,2540530,HINDUNILVR.NS,Hindustan Unilever,FMCG
2024-11-29,2450.906494140625,2462.050868133835,2410.600728530422,2410.600728530422,1795164,HINDUNILVR.NS,Hindustan Unilever,FMCG
2024-12-02,2434.21484375,2445.359218749969,2415.9521160801214,2439.9589072851527,1006993,HINDUNILVR.NS,Hindustan Unilever,FMCG
2024-12-03,2437.847900390625,2446.291879693493,2421.3032144140357,2435.0494613734018,1641588,HINDUNILVR.NS,Hindustan Unilever,FMCG
2024-12-04,2419.830322265625,2447.8137526509245,2412.024465943355,2436.12953900783,1321495,HINDUNILVR.NS,Hindustan Unilever,FMCG
2024-12-05,2449.384765625,2469.414913971408,2405.642199026858,2420.910398823739,2071795,HINDUNILVR.NS,Hindustan Unilever,FMCG
2024-12-06,2438.78076171875,2450.5632597319986,2430.1402152325936,2449.777711921342,1308086,HINDUNILVR.NS,Hindustan Unilever,FMCG
2024-12-09,2357.23583984375,2432.054648922866,2340.1021731538126,2420.3212934353196,3385021,HINDUNILVR.NS,Hindustan Unilever,FMCG
2024-12-10,2353.897705078125,2369.2639501866993,2345.0116899782884,2365.0418405006158,2063838,HINDUNILVR.NS,Hindustan Unilever,FMCG
2024-12-11,2357.824951171875,2365.6799489199275,2341.77120363809,2361.4086980082207,1718225,HINDUNILVR.NS,Hindustan Unilever,FMCG
2024-12-12,2302.447021484375,2356.450129788821,2295.623040287186,2341.8202926979993,3231056,HINDUNILVR.NS,Hindustan Unilever,FMCG
2024-12-13,2346.779052734375,2351.1483476463695,2291.155701547438,2302.447261734775,2260902,HINDUNILVR.NS,Hindustan Unilever,FMCG
2024-12-16,2323.262939453125,2349.626373461965,2320.170129749529,2346.975359470951,1247552,HINDUNILVR.NS,Hindustan Unilever,FMCG
2024-12-17,2320.41552734375,2336.861929579234,2310.6950631027157,2310.6950631027157,2131569,HINDUNILVR.NS,Hindustan Unilever,FMCG
2024-12-18,2316.43896484375,2339.8076328717684,2307.454906369584,2307.454906369584,988403,HINDUNILVR.NS,Hindustan Unilever,FMCG
2024-12-19,2317.0771484375,2343.685809457716,2293.659340534284,2304.459962428923,1655915,HINDUNILVR.NS,Hindustan Unilever,FMCG
2024-12-20,2291.597412109375,2330.479748587135,2282.515070557055,2309.467724557705,2069691,HINDUNILVR.NS,Hindustan Unilever,FMCG
2024-12-23,2296.5068359375,2309.124022795506,2273.285593186901,2294.641369734494,1066199,HINDUNILVR.NS,Hindustan Unilever,FMCG
2024-12-24,2293.217529296875,2314.229552226785,2288.848234775878,2288.848234775878,683646,HINDUNILVR.NS,Hindustan Unilever,FMCG
2024-12-26,2290.46826171875,2299.403417590653,2282.564122249837,2289.9773243568984,1033769,HINDUNILVR.NS,Hindustan Unilever,FMCG
2024-12-27,2298.814208984375,2303.134361905232,2286.049837508968,2300.5324897599107,556816,HINDUNILVR.NS,Hindustan Unilever,FMCG
2024-12-30,2301.0234375,2316.389681190017,2282.8587549338595,2299.05968803339,924180,HINDUNILVR.NS,Hindustan Unilever,FMCG
2024-12-31,2284.675537109375,2310.00771587375,2281.1406918459334,2297.5870951983143,1878762,HINDUNILVR.NS,Hindustan Unilever,FMCG
2025-01-01,2280.011474609375,2294.7884979654154,2278.1949104183414,2282.8588155253287,559893,HINDUNILVR.NS,Hindustan Unilever,FMCG
2025-01-02,2327.04296875,2336.517963432763,2273.5307992154535,2287.767981935654,1650744,HINDUNILVR.NS,Hindustan Unilever,FMCG
2025-01-03,2362.635986328125,2370.834735922727,2321.9373281379058,2338.678339641274,1274239,HINDUNILVR.NS,Hindustan Unilever,FMCG
2025-01-06,2333.130615234375,2375.10575867804,2318.8442903999216,2374.1730256557257,900419,HINDUNILVR.NS,Hindustan Unilever,FMCG
2025-01-07,2347.46630859375,2358.708727057057,2332.1981075834215,2334.063573808319,922768,HINDUNILVR.NS,Hindustan Unilever,FMCG
2025-01-08,2357.481201171875,2365.3361989267164,2325.0793354331527,2347.662453978323,953351,HINDUNILVR.NS,Hindustan Unilever,FMCG
2025-01-09,2391.2578125,2428.814523921439,2343.1459468882217,2361.458055894267,2425267,HINDUNILVR.NS,Hindustan Unilever,FMCG
2025-01-10,2397.787109375,2411.4842132129756,2370.049149674973,2391.257498926049,1651911,HINDUNILVR.NS,Hindustan Unilever,FMCG
2025-01-13,2406.5751953125,2415.903006147045,2365.3855943599074,2373.2405929574184,2595013,HINDUNILVR.NS,Hindustan Unilever,FMCG
2025-01-14,2325.0302734375,2423.2668904188554,2321.2501994677364,2420.3212661598373,2052741,HINDUNILVR.NS,Hindustan Unilever,FMCG
2025-01-15,2329.989013671875,2341.6732284736895,2307.5041755449906,2330.8726051486196,1215150,HINDUNILVR.NS,Hindustan Unilever,FMCG
2025-01-16,2302.496337890625,2336.861954874067,2283.8898589241226,2333.867188879549,2762596,HINDUNILVR.NS,Hindustan Unilever,FMCG
2025-01-17,2311.3330078125,2336.1744852788183,2300.532386280666,2307.405509073651,1333005,HINDUNILVR.NS,Hindustan Unilever,FMCG
2025-01-20,2302.692626953125,2325.079419305078,2293.315675101929,2313.7387179443335,1382273,HINDUNILVR.NS,Hindustan Unilever,FMCG
2025-01-21,2298.077880859375,2334.2109200503423,2290.173741080801,2310.8422527675875,1842885,HINDUNILVR.NS,Hindustan Unilever,FMCG
2025-01-22,2300.4833984375,2319.1881603751613,2289.928244871017,2300.0907444235577,2658047,HINDUNILVR.NS,Hindustan Unilever,FMCG
2025-01-23,2279.618408203125,2298.8632479151706,2212.9983546557087,2273.0398957567777,3408925,HINDUNILVR.NS,Hindustan Unilever,FMCG
2025-01-24,2325.177490234375,2337.6472505376432,2280.894846953598,2290.5664082907183,1688664,HINDUNILVR.NS,Hindustan Unilever,FMCG
2025-01-27,2349.47900390625,2366.023448998165,2318.353383718259,2322.1336972511494,2477358,HINDUNILVR.NS,Hindustan Unilever,FMCG
2025-01-28,2345.551513671875,2363.3724438998315,2336.321747502455,2357.48119559763,1892156,HINDUNILVR.NS,Hindustan Unilever,FMCG
2025-01-29,2340.740234375,2352.5718729143537,2321.151881289454,2341.9184361178313,699576,HINDUNILVR.NS,Hindustan Unilever,FMCG
2025-01-30,2365.0908203125,2381.0462851096263,2340.7894200830306,2340.7894200830306,1419960,HINDUNILVR.NS,Hindustan Unilever,FMCG
2025-01-31,2424.052490234375,2434.0675649870627,2357.9722699945264,2357.9722699945264,2116148,HINDUNILVR.NS,Hindustan Unilever,FMCG
2025-02-01,2460.627197265625,2554.838028984739,2391.0121355827387,2430.139939176491,2970999,HINDUNILVR.NS,Hindustan Unilever,FMCG
2025-02-03,2397.68896484375,2474.3243359703793,2372.7003007430244,2459.5962149229367,2528480,HINDUNILVR.NS,Hindustan Unilever,FMCG
2025-02-04,2393.85986328125,2405.5932189981568,2359.2979188534423,2405.5932189981568,1992474,HINDUNILVR.NS,Hindustan Unilever,FMCG
2025-02-05,2347.711669921875,2408.538762766955,2343.735029239593,2408.538762766955,1357416,HINDUNILVR.NS,Hindustan Unilever,FMCG
2025-02-06,2329.694091796875,2365.2870502684787,2317.518941198998,2356.499319499281,1132113,HINDUNILVR.NS,Hindustan Unilever,FMCG
2025-02-07,2321.0048828125,2338.776673176707,2293.7578566318184,2336.8620652260356,855602,HINDUNILVR.NS,Hindustan Unilever,FMCG
2025-02-10,2318.648193359375,2354.535765162653,2309.418666146116,2327.9268622556306,1326354,HINDUNILVR.NS,Hindustan Unilever,FMCG
2025-02-11,2273.285400390625,2334.848896170445,2254.924391433907,2328.024914944897,1389260,HINDUNILVR.NS,Hindustan Unilever,FMCG
2025-02-12,2290.222900390625,2297.4886778004043,2263.319627586285,2283.5461040133705,1341909,HINDUNILVR.NS,Hindustan Unilever,FMCG
2025-02-13,2279.42236328125,2303.0856420040236,2271.4201794945166,2287.8665825033304,1334967,HINDUNILVR.NS,Hindustan Unilever,FMCG
2025-02-14,2276.329345703125,2323.1155800749834,2271.4688740822953,2279.9130925334366,1135380,HINDUNILVR.NS,Hindustan Unilever,FMCG
2025-02-17,2287.178955078125,2293.659424337889,2258.311933209394,2276.3294308235972,1409168,HINDUNILVR.NS,Hindustan Unilever,FMCG
2025-02-18,2254.384521484375,2296.1633418095184,2246.5295231516766,2287.17904363718,1035705,HINDUNILVR.NS,Hindustan Unilever,FMCG
2025-02-19,2209.611083984375,2263.9088115608124,2207.2546802120023,2257.084829242589,1521343,HINDUNILVR.NS,Hindustan Unilever,FMCG
2025-02-20,2207.3037109375,2213.587613824965,2186.1442608736543,2209.6109729078917,2206196,HINDUNILVR.NS,Hindustan Unilever,FMCG
2025-02-21,2201.019287109375,2212.7037396655705,2186.045698194655,2207.303428909442,1781509,HINDUNILVR.NS,Hindustan Unilever,FMCG
2025-02-24,2200.822998046875,2210.1999493735907,2178.5836319813607,2189.5805806766357,1627949,HINDUNILVR.NS,Hindustan Unilever,FMCG
2025-02-25,2218.349609375,2228.4629669638985,2197.3864881550335,2202.345003448744,1988040,HINDUNILVR.NS,Hindustan Unilever,FMCG
2025-02-27,2204.259765625,2228.512025036238,2192.6246931729806,2228.512025036238,1699658,HINDUNILVR.NS,Hindustan Unilever,FMCG
2025-02-28,2150.551025390625,2208.8253837386137,2146.230872669716,2204.3578059858905,3683249,HINDUNILVR.NS,Hindustan Unilever,FMCG
2025-03-03,2137.394287109375,2159.1427183773503,2119.3767883663077,2159.1427183773503,1306470,HINDUNILVR.NS,Hindustan Unilever,FMCG
2025-03-04,2118.24755859375,2140.4869254884225,2097.284437084069,2140.437783808497,1800330,HINDUNILVR.NS,Hindustan Unilever,FMCG
2025-03-05,2131.10986328125,2152.1710273429244,2111.0305739051128,2112.9943232761875,1145673,HINDUNILVR.NS,Hindustan Unilever,FMCG
2025-03-06,2178.73095703125,2189.3843940941274,2124.5315180663188,2135.5776091481193,1856868,HINDUNILVR.NS,Hindustan Unilever,FMCG
2025-03-07,2164.592041015625,2186.340470972133,2149.5201676266793,2186.340470972133,1738356,HINDUNILVR.NS,Hindustan Unilever,FMCG
2025-03-10,2207.0087890625,2226.0570617705903,2154.87114820946,2167.9792709376043,1242387,HINDUNILVR.NS,Hindustan Unilever,FMCG
2025-03-11,2176.76708984375,2221.44238913751,2171.170451941259,2199.399349846657,1325891,HINDUNILVR.NS,Hindustan Unilever,FMCG
2025-03-12,2153.153076171875,2189.5315841563634,2145.39636141498,2177.160105947309,1526212,HINDUNILVR.NS,Hindustan Unilever,FMCG
2025-03-13,2135.38134765625,2169.894150742321,2125.2188476629813,2145.3964226012604,1845629,HINDUNILVR.NS,Hindustan Unilever,FMCG
2025-03-17,2131.8955078125,2155.656828338742,2117.412855542962,2121.8312918285837,1111886,HINDUNILVR.NS,Hindustan Unilever,FMCG
2025-03-18,2131.8955078125,2131.8955078125,2131.8955078125,2131.8955078125,0,HINDUNILVR.NS,Hindustan Unilever,FMCG
2025-03-19,2160.173583984375,2172.7416286827006,2153.6931147712576,2166.9975655294597,1341405,HINDUNILVR.NS,Hindustan Unilever,FMCG
2025-03-20,2201.755859375,2208.1380452959766,2148.783764173998,2163.9536812276774,1426689,HINDUNILVR.NS,Hindustan Unilever,FMCG
2025-03-21,2205.487060546875,2214.32393347734,2185.45691112403,2204.308858765917,2152415,HINDUNILVR.NS,Hindustan Unilever,FMCG
2025-03-24,2215.3056640625,2224.9280841258274,2200.3812164721885,2209.4635575040347,1454404,HINDUNILVR.NS,Hindustan Unilever,FMCG
2025-03-25,2230.13232421875,2250.4570850278583,2202.6889709722714,2209.9547487462705,2229340,HINDUNILVR.NS,Hindustan Unilever,FMCG
2025-03-26,2205.241455078125,2238.576053510754,2197.239272084734,2230.8193391946506,1416907,HINDUNILVR.NS,Hindustan Unilever,FMCG
2025-03-27,2203.965087890625,2219.920552767721,2160.124475668381,2203.5232921909783,3752627,HINDUNILVR.NS,Hindustan Unilever,FMCG
2025-03-28,2217.90771484375,2254.3842632873084,2199.6938916027498,2206.2724040098356,2280152,HINDUNILVR.NS,Hindustan Unilever,FMCG
2025-04-01,2193.361083984375,2243.240131281449,2179.7620223282347,2218.0551389367038,2495962,HINDUNILVR.NS,Hindustan Unilever,FMCG
2025-04-02,2197.33740234375,2203.0323238244255,2150.3548394880845,2203.0323238244255,1351493,HINDUNILVR.NS,Hindustan Unilever,FMCG
2025-04-03,2203.866943359375,2212.0654534146915,2180.3510918370066,2185.1130403837997,1310088,HINDUNILVR.NS,Hindustan Unilever,FMCG
2025-04-04,2203.866943359375,2225.959124485599,2181.7256205542135,2189.580618287982,1120226,HINDUNILVR.NS,Hindustan Unilever,FMCG
2025-04-07,2208.62890625,2220.6079696442002,2111.0306546602815,2111.0306546602815,3435185,HINDUNILVR.NS,Hindustan Unilever,FMCG
2025-04-08,2247.756591796875,2264.399319536186,2211.5255123036677,2227.18636537145,2774874,HINDUNILVR.NS,Hindustan Unilever,FMCG
2025-04-09,2307.40576171875,2311.480446220256,2248.002336789395,2252.3716316716723,2989089,HINDUNILVR.NS,Hindustan Unilever,FMCG
2025-04-11,2323.262939453125,2351.442937710442,2301.858260794508,2351.1974690128386,3836083,HINDUNILVR.NS,Hindustan Unilever,FMCG
2025-04-15,2318.697265625,2356.4994442091893,2302.692658956642,2356.4994442091893,3042779,HINDUNILVR.NS,Hindustan Unilever,FMCG
2025-04-16,2323.704833984375,2332.934360568433,2308.3874922964587,2308.3874922964587,1131979,HINDUNILVR.NS,Hindustan Unilever,FMCG
2025-04-17,2331.952392578125,2336.763482680823,2300.630685801908,2314.3769314844735,1962402,HINDUNILVR.NS,Hindustan Unilever,FMCG
2025-04-21,2308.387451171875,2329.3994741521456,2306.2273747455256,2325.177604656988,1478430,HINDUNILVR.NS,Hindustan Unilever,FMCG
2025-04-22,2355.222900390625,2362.3906339646264,2312.413305383334,2327.043143182113,2352346,HINDUNILVR.NS,Hindustan Unilever,FMCG
2025-04-23,2379.867919921875,2393.810492567148,2350.0187855371846,2366.3180012661305,2226066,HINDUNILVR.NS,Hindustan Unilever,FMCG
2025-04-24,2283.153564453125,2442.31532877599,2275.102238880822,2379.8682341199365,7065430,HINDUNILVR.NS,Hindustan Unilever,FMCG
2025-04-25,2289.92822265625,2299.4523596993467,2252.8133095091957,2289.633612290894,2859858,HINDUNILVR.NS,Hindustan Unilever,FMCG
2025-04-28,2276.57470703125,2306.423601129874,2273.0398623310593,2302.4961024476606,1555660,HINDUNILVR.NS,Hindustan Unilever,FMCG
2025-04-29,2279.618408203125,2290.22270274414,2270.6834923989963,2285.8042666616752,1896387,HINDUNILVR.NS,Hindustan Unilever,FMCG
2025-04-30,2299.64892578125,2309.8603271969996,2274.0218991661004,2277.949398128391,2083807,HINDUNILVR.NS,Hindustan Unilever,FMCG
2025-05-02,2276.57470703125,2302.4961024476606,2268.1304889782928,2291.7937644248273,1424284,HINDUNILVR.NS,Hindustan Unilever,FMCG
2025-05-05,2306.03125,2312.21686946445,2277.0659434146482,2281.9753174121656,2074103,HINDUNILVR.NS,Hindustan Unilever,FMCG
2025-05-06,2338.629150390625,2346.778758141565,2297.7830679976596,2297.7830679976596,1888125,HINDUNILVR.NS,Hindustan Unilever,FMCG
2025-05-07,2327.82861328125,2343.6366523024376,2312.609555257485,2326.06119085797,1610400,HINDUNILVR.NS,Hindustan Unilever,FMCG
2025-05-08,2312.216796875,2328.9086679425363,2298.5688334765755,2318.8935932451186,2323073,HINDUNILVR.NS,Hindustan Unilever,FMCG
2025-05-09,2290.615478515625,2300.2378988832365,2260.57025538677,2287.768137663965,1805685,HINDUNILVR.NS,Hindustan Unilever,FMCG
2025-05-12,2339.316650390625,2343.7350868761478,2303.5765044828277,2317.2244679630116,1274873,HINDUNILVR.NS,Hindustan Unilever,FMCG
2025-05-13,2317.224609375,2354.5358530852754,2310.155158509844,2332.5419526791165,1929665,HINDUNILVR.NS,Hindustan Unilever,FMCG
2025-05-14,2307.896728515625,2327.0432872078413,2296.1142308588765,2327.0432872078413,1568111,HINDUNILVR.NS,Hindustan Unilever,FMCG
2025-05-15,2312.51123046875,2326.9447405218516,2297.586783068839,2308.976625401022,3236681,HINDUNILVR.NS,Hindustan Unilever,FMCG
2025-05-16,2338.236572265625,2343.735167077532,2306.423924367458,2317.2245472572163,1473000,HINDUNILVR.NS,Hindustan Unilever,FMCG
2025-05-19,2339.512939453125,2361.408794513757,2331.95255175475,2331.95255175475,936655,HINDUNILVR.NS,Hindustan Unilever,FMCG
2025-05-20,2298.6669921875,2351.1972894631904,2296.1140220411703,2351.1972894631904,1617408,HINDUNILVR.NS,Hindustan Unilever,FMCG
2025-05-21,2321.053466796875,2332.6396359970754,2302.496131178057,2303.478005860862,1570754,HINDUNILVR.NS,Hindustan Unilever,FMCG
2025-05-22,2288.45556640625,2320.268454005645,2271.174713619723,2312.3151721769136,2423653,HINDUNILVR.NS,Hindustan Unilever,FMCG
2025-05-23,2316.43896484375,2321.642949192319,2287.3756147859463,2294.5431090059574,844118,HINDUNILVR.NS,Hindustan Unilever,FMCG
2025-05-26,2350.706298828125,2353.8482499032,2321.250058032729,2325.07927344993,892618,HINDUNILVR.NS,Hindustan Unilever,FMCG
2025-05-27,2337.058349609375,2365.8273291751543,2317.5191369873537,2350.706553150472,1865258,HINDUNILVR.NS,Hindustan Unilever,FMCG
2025-05-28,2319.18798828125,2344.716729896539,2309.3692415061387,2344.716729896539,897517,HINDUNILVR.NS,Hindustan Unilever,FMCG
2025-05-29,2323.802978515625,2332.9344618523432,2312.8060289954524,2326.0613384377953,1111275,HINDUNILVR.NS,Hindustan Unilever,FMCG
2025-05-30,2305.736328125,2331.8540504341177,2301.0232817809842,2317.224213784136,3288892,HINDUNILVR.NS,Hindustan Unilever,FMCG
2025-06-02,2328.6142578125,2340.789408851528,2301.121764755519,2305.343634416857,1178205,HINDUNILVR.NS,Hindustan Unilever,FMCG
2025-06-03,2309.6640625,2336.3710082209473,2300.139925202615,2322.2321074614806,1643913,HINDUNILVR.NS,Hindustan Unilever,FMCG
2025-06-04,2321.642822265625,2324.686729845221,2299.6489239802295,2316.733448566607,3287896,HINDUNILVR.NS,Hindustan Unilever,FMCG
2025-06-05,2333.3271484375,2336.861993557662,2306.3255917892498,2321.642934355921,1787978,HINDUNILVR.NS,Hindustan Unilever,FMCG
2025-06-06,2346.484130859375,2353.0626431956043,2327.141247831911,2330.283198828193,997488,HINDUNILVR.NS,Hindustan Unilever,FMCG
2025-06-09,2349.82275390625,2355.517675763248,2335.1929150826363,2350.608301699548,1293622,HINDUNILVR.NS,Hindustan Unilever,FMCG
2025-06-10,2351.786376953125,2356.695750752591,2335.2908330438154,2350.0189544422137,1778782,HINDUNILVR.NS,Hindustan Unilever,FMCG
2025-06-11,2333.3271484375,2359.346830298541,2328.319730852048,2351.7864423801357,1977707,HINDUNILVR.NS,Hindustan Unilever,FMCG
2025-06-12,2290.419189453125,2344.7169112625684,2281.9752104026784,2343.6367531475557,3339584,HINDUNILVR.NS,Hindustan Unilever,FMCG
2025-06-13,2276.967529296875,2282.760494395082,2260.2756586638234,2263.221282893185,1740682,HINDUNILVR.NS,Hindustan Unilever,FMCG
2025-06-16,2285.215087890625,2294.248526930686,2271.1744714100378,2277.94931097458,1105297,HINDUNILVR.NS,Hindustan Unilever,FMCG
2025-06-17,2286.3935546875,2290.8119909000766,2271.1744966219585,2277.949336261707,1119284,HINDUNILVR.NS,Hindustan Unilever,FMCG
2025-06-18,2255.660888671875,2289.1426734843863,2244.0747187940665,2285.5097848886408,2056563,HINDUNILVR.NS,Hindustan Unilever,FMCG
2025-06-19,2252.616943359375,2265.9705354890243,2248.7877278228257,2258.410148058999,1214549,HINDUNILVR.NS,Hindustan Unilever,FMCG
2025-06-20,2264.3994140625,2271.0762100507136,2250.849495086671,2253.402465225416,2685864,HINDUNILVR.NS,Hindustan Unilever,FMCG
2025-06-23,2257.35498046875,2268.169866753373,2241.082750343553,2265.590049100476,842856,HINDUNILVR.NS,Hindustan Unilever,FMCG
2025-06-24,2245.44873046875,2283.053027199062,2242.6705210148793,2277.099825042089,2440747,HINDUNILVR.NS,Hindustan Unilever,FMCG
2025-06-25,2260.9267578125,2272.6347697099336,2253.683647230803,2261.2244663474958,1047270,HINDUNILVR.NS,Hindustan Unilever,FMCG
2025-06-26,2263.010498046875,2273.130892683563,2253.8823037125367,2271.0471751540676,1874722,HINDUNILVR.NS,Hindustan Unilever,FMCG
2025-06-27,2288.90673828125,2292.4787561982344,2261.5221557844948,2263.0104562105053,1050745,HINDUNILVR.NS,Hindustan Unilever,FMCG
2025-06-30,2276.702880859375,2298.928070446473,2270.1542620550413,2291.8833514974594,1403754,HINDUNILVR.NS,Hindustan Unilever,FMCG
2025-07-01,2277.595703125,2284.6404218850275,2268.7652176811503,2282.060604307341,759914,HINDUNILVR.NS,Hindustan Unilever,FMCG
2025-07-02,2289.10546875,2290.9905524746237,2269.7575623951902,2277.099747912196,1128034,HINDUNILVR.NS,Hindustan Unilever,FMCG
2025-07-03,2295.356201171875,2308.750905945756,2286.029614742405,2291.9828168641297,1060039,HINDUNILVR.NS,Hindustan Unilever,FMCG
2025-07-04,2321.05419921875,2323.1376744970185,2292.2803906553454,2299.920284481797,1242346,HINDUNILVR.NS,Hindustan Unilever,FMCG
2025-07-07,2391.599609375,2396.858319639088,2322.7410024796927,2322.7410024796927,2701583,HINDUNILVR.NS,Hindustan Unilever,FMCG
2025-07-08,2374.03759765625,2399.6364137173014,2367.3899041263103,2386.6384929568344,1471046,HINDUNILVR.NS,Hindustan Unilever,FMCG
2025-07-09,2404.498046875,2420.670959786851,2378.4033734605428,2380.2884570863953,1741690,HINDUNILVR.NS,Hindustan Unilever,FMCG
2025-07-10,2389.615234375,2415.0156603181044,2378.8996643467794,2404.4982396768783,1053695,HINDUNILVR.NS,Hindustan Unilever,FMCG
2025-07-11,2499.947998046875,2510.2667843766285,2441.8049629845386,2480.50077507572,7242235,HINDUNILVR.NS,Hindustan Unilever,FMCG
2025-07-14,2496.971435546875,2512.7473238245966,2470.5788099993074,2480.5008132523167,2427712,HINDUNILVR.NS,Hindustan Unilever,FMCG
2025-07-15,2507.19091796875,2510.167518959921,2490.422829279717,2501.0393243676117,1700294,HINDUNILVR.NS,Hindustan Unilever,FMCG
2025-07-16,2497.963623046875,2513.144094156912,2487.9423029182253,2506.5957173853917,1284379,HINDUNILVR.NS,Hindustan Unilever,FMCG
2025-07-17,2490.224365234375,2505.702544596446,2486.652347254296,2493.3993577519996,807474,HINDUNILVR.NS,Hindustan Unilever,FMCG
2025-07-18,2470.181884765625,2495.2843577635995,2462.144965698126,2495.2843577635995,771112,HINDUNILVR.NS,Hindustan Unilever,FMCG
2025-07-21,2445.674560546875,2474.150904552474,2436.2486571651175,2471.471769802211,1169960,HINDUNILVR.NS,Hindustan Unilever,FMCG
2025-07-22,2460.359130859375,2465.6178411005535,2433.470647028656,2450.734836023488,861632,HINDUNILVR.NS,Hindustan Unilever,FMCG
2025-07-23,2431.28759765625,2467.6022267172193,2422.953211758524,2461.6490247227266,1320795,HINDUNILVR.NS,Hindustan Unilever,FMCG
2025-07-24,2418.785888671875,2446.7658880933027,2402.1168755368553,2436.744568380519,693984,HINDUNILVR.NS,Hindustan Unilever,FMCG
2025-07-25,2396.560546875,2409.657784838074,2386.638543712917,2407.1772840475533,769388,HINDUNILVR.NS,Hindustan Unilever,FMCG
2025-07-28,2422.556396484375,2429.204090176368,2393.4848786817606,2396.5605543297306,987995,HINDUNILVR.NS,Hindustan Unilever,FMCG
2025-07-29,2434.462890625,2438.3323751192297,2410.7491567723273,2425.7314790440246,732282,HINDUNILVR.NS,Hindustan Unilever,FMCG
2025-07-30,2418.388916015625,2433.768020676373,2379.7924212132107,2422.9531342933756,1224146,HINDUNILVR.NS,Hindustan Unilever,FMCG
2025-07-31,2501.535400390625,2529.1186177565537,2401.224093298107,2401.224093298107,5505507,HINDUNILVR.NS,Hindustan Unilever,FMCG
2025-08-01,2533.781982421875,2706.2264515000306,2517.112968113841,2530.110889578397,4259653,HINDUNILVR.NS,Hindustan Unilever,FMCG
2025-08-04,2523.85986328125,2563.0517752650835,2515.327086013953,2527.1341727297113,1293028,HINDUNILVR.NS,Hindustan Unilever,FMCG
2025-08-05,2514.93017578125,2533.0874906124764,2497.6659866058358,2517.7083852053106,756361,HINDUNILVR.NS,Hindustan Unilever,FMCG
2025-08-06,2515.8232421875,2543.1087511382634,2506.893439258159,2518.898917854651,885487,HINDUNILVR.NS,Hindustan Unilever,FMCG
2025-08-07,2497.8642578125,2524.1575657894737,2475.539751039598,2515.922254843745,847151,HINDUNILVR.NS,Hindustan Unilever,FMCG
2025-08-08,2479.11181640625,2510.16749263262,2467.2054125664436,2496.3760050794067,839794,HINDUNILVR.NS,Hindustan Unilever,FMCG
2025-08-11,2498.757080078125,2504.8095986608714,2459.168385930271,2470.678006035155,992436,HINDUNILVR.NS,Hindustan Unilever,FMCG
2025-08-12,2464.42724609375,2516.815472347512,2460.7561532932295,2498.3604491802103,1406211,HINDUNILVR.NS,Hindustan Unilever,FMCG
2025-08-13,2475.63916015625,2481.9891454246754,2454.108219033236,2465.6178398482184,969803,HINDUNILVR.NS,Hindustan Unilever,FMCG
2025-08-14,2461.252197265625,2489.430589305409,2453.909769595819,2479.4092692334916,1104362,HINDUNILVR.NS,Hindustan Unilever,FMCG
2025-08-18,2548.06982421875,2576.744317534717,2501.6347992367637,2519.1966970429903,3089136,HINDUNILVR.NS,Hindustan Unilever,FMCG
2025-08-19,2584.4833984375,2594.603793083701,2538.445159023351,2552.13757165593,1400717,HINDUNILVR.NS,Hindustan Unilever,FMCG
2025-08-20,2648.9765625,2659.096957697686,2568.3106250001715,2578.7287287523454,3156954,HINDUNILVR.NS,Hindustan Unilever,FMCG
2025-08-21,2627.346435546875,2646.2975584682295,2606.807937462502,2646.2975584682295,2235686,HINDUNILVR.NS,Hindustan Unilever,FMCG
2025-08-22,2609.387451171875,2637.76447641911,2598.5725648830726,2626.3541730605166,1223445,HINDUNILVR.NS,Hindustan Unilever,FMCG
2025-08-25,2611.074462890625,2622.385449660888,2594.8022322765755,2622.385449660888,667598,HINDUNILVR.NS,Hindustan Unilever,FMCG
2025-08-26,2671.5986328125,2683.901819675416,2604.1290122069813,2604.1290122069813,4348648,HINDUNILVR.NS,Hindustan Unilever,FMCG
2025-08-28,2633.696533203125,2726.5665836002318,2626.1559558246827,2726.5665836002318,3198743,HINDUNILVR.NS,Hindustan Unilever,FMCG
2025-08-29,2639.054443359375,2701.7614547505946,2620.797812241766,2644.0154449288766,1972773,HINDUNILVR.NS,Hindustan Unilever,FMCG
2025-09-01,2628.834716796875,2652.4491325813005,2618.714322099665,2639.054428419475,1096729,HINDUNILVR.NS,Hindustan Unilever,FMCG
2025-09-02,2656.120361328125,2671.400149963799,2624.469266767194,2628.338751273143,1525106,HINDUNILVR.NS,Hindustan Unilever,FMCG
2025-09-03,2643.916015625,2665.9428132100716,2637.5660307805015,2660.0889285014373,1010692,HINDUNILVR.NS,Hindustan Unilever,FMCG
2025-09-04,2645.801513671875,2728.5509248247226,2634.787993044382,2728.5509248247226,2494678,HINDUNILVR.NS,Hindustan Unilever,FMCG
2025-09-05,2612.860107421875,2652.0520182863465,2603.335130123233,2646.793550617698,944879,HINDUNILVR.NS,Hindustan Unilever,FMCG
2025-09-08,2603.434326171875,2623.9730666119685,2598.3742498750744,2609.486845026385,903410,HINDUNILVR.NS,Hindustan Unilever,FMCG
2025-09-09,2621.393310546875,2625.560503547093,2590.9328084136164,2616.4323088236597,1610956,HINDUNILVR.NS,Hindustan Unilever,FMCG
2025-09-10,2622.881591796875,2632.2081780734443,2598.5726835316877,2621.393291290843,1031486,HINDUNILVR.NS,Hindustan Unilever,FMCG
2025-09-11,2601.54931640625,2636.9708204363524,2593.6117136101975,2623.1793324727764,1212707,HINDUNILVR.NS,Hindustan Unilever,FMCG
2025-09-12,2560.372802734375,2608.395199020342,2548.9624996026387,2604.5257148528326,1368380,HINDUNILVR.NS,Hindustan Unilever,FMCG
2025-09-15,2560.868896484375,2573.1720829359647,2548.3670761897,2560.37279634945,752745,HINDUNILVR.NS,Hindustan Unilever,FMCG
2025-09-16,2560.769775390625,2569.7988954313,2552.534706310226,2568.01288636171,1040928,HINDUNILVR.NS,Hindustan Unilever,FMCG
2025-09-17,2549.656982421875,2570.8902135171456,2546.4819900088273,2566.8220955202946,970247,HINDUNILVR.NS,Hindustan Unilever,FMCG
2025-09-18,2566.623779296875,2589.5434608386845,2550.847649216938,2550.847649216938,1550153,HINDUNILVR.NS,Hindustan Unilever,FMCG
2025-09-19,2539.635986328125,2584.384074543658,2534.8733764379313,2579.7207815780857,2214708,HINDUNILVR.NS,Hindustan Unilever,FMCG
2025-09-22,2552.1376953125,2567.0207005828506,2540.231291096219,2548.962702635441,1174161,HINDUNILVR.NS,Hindustan Unilever,FMCG
2025-09-23,2502.527587890625,2555.2135215505277,2498.558786627699,2548.8632941880032,1430474,HINDUNILVR.NS,Hindustan Unilever,FMCG
2025-09-24,2529.61474609375,2555.9080548882134,2490.4228329850216,2502.5276285865116,1882881,HINDUNILVR.NS,Hindustan Unilever,FMCG
2025-09-25,2518.502197265625,2547.474399043097,2512.0528949895665,2526.142091514596,1624258,HINDUNILVR.NS,Hindustan Unilever,FMCG
2025-09-26,2492.208740234375,2525.54652468155,2479.905311279923,2515.2277385461766,885612,HINDUNILVR.NS,Hindustan Unilever,FMCG
2025-09-29,2478.4169921875,2497.7648977229896,2423.945293497526,2475.5397082588324,2403556,HINDUNILVR.NS,Hindustan Unilever,FMCG
2025-09-30,2494.788330078125,2506.5956589551924,2472.1663570938695,2478.4170251763394,1678088,HINDUNILVR.NS,Hindustan Unilever,FMCG
2025-10-01,2516.41845703125,2530.110870187784,2478.4171355140884,2495.780641485965,1483899,HINDUNILVR.NS,Hindustan Unilever,FMCG
2025-10-03,2525.050537109375,2528.721872140129,2488.7361501691885,2516.4184426371576,1242611,HINDUNILVR.NS,Hindustan Unilever,FMCG
2025-10-06,2521.974853515625,2529.714064556161,2500.5432294397424,2515.4262344267695,818923,HINDUNILVR.NS,Hindustan Unilever,FMCG
2025-10-07,2497.566650390625,2539.4374563414676,2488.736164248618,2520.188866616989,1291750,HINDUNILVR.NS,Hindustan Unilever,FMCG
2025-10-08,2480.60009765625,2505.305788537764,2466.7092932841597,2491.414984165673,1225128,HINDUNILVR.NS,Hindustan Unilever,FMCG
2025-10-09,2497.963623046875,2503.3214078814285,2478.814108419605,2481.493000836882,1259173,HINDUNILVR.NS,Hindustan Unilever,FMCG
2025-10-10,2509.17529296875,2515.12849489021,2486.9501026898624,2490.422803810714,1018875,HINDUNILVR.NS,Hindustan Unilever,FMCG
2025-10-13,2473.35693359375,2511.854353327809,2466.0145060992772,2499.5509243788547,1114750,HINDUNILVR.NS,Hindustan Unilever,FMCG
2025-10-14,2482.782958984375,2489.6290444351353,2462.9389521863327,2473.555447376003,1461017,HINDUNILVR.NS,Hindustan Unilever,FMCG
2025-10-15,2499.3525390625,2512.0527512652384,2483.0805511453786,2483.0805511453786,881070,HINDUNILVR.NS,Hindustan Unilever,FMCG
2025-10-16,2541.52099609375,2548.466397996017,2487.545398204978,2498.1618926654496,1446646,HINDUNILVR.NS,Hindustan Unilever,FMCG
2025-10-17,2583.391845703125,2594.603757423401,2540.0327414928897,2545.4898430859407,2050690,HINDUNILVR.NS,Hindustan Unilever,FMCG
2025-10-20,2574.164306640625,2604.228023538072,2565.4331379755677,2588.6505276068815,1011485,HINDUNILVR.NS,Hindustan Unilever,FMCG
2025-10-21,2571.485595703125,2586.3686009360827,2564.9372187424715,2573.7677049527942,82020,HINDUNILVR.NS,Hindustan Unilever,FMCG
2025-10-23,2581.308349609375,2646.396542743126,2575.8512480603545,2580.7129325458322,3386744,HINDUNILVR.NS,Hindustan Unilever,FMCG
2025-10-24,2496.772705078125,2563.845541367595,2455.1996099512826,2563.845541367595,3110800,HINDUNILVR.NS,Hindustan Unilever,FMCG
2025-10-27,2492.208740234375,2505.3057356327795,2486.453930097325,2496.7727162326983,2127832,HINDUNILVR.NS,Hindustan Unilever,FMCG
2025-10-28,2477.62353515625,2506.298027731777,2462.541896386315,2499.3526254379835,2294976,HINDUNILVR.NS,Hindustan Unilever,FMCG
2025-10-29,2468.693603515625,2493.994710552656,2464.6254854896224,2493.002510276694,1870143,HINDUNILVR.NS,Hindustan Unilever,FMCG
2025-10-30,2450.337890625,2477.5240812054235,2435.752352825584,2471.5708795685664,1195631,HINDUNILVR.NS,Hindustan Unilever,FMCG
2025-10-31,2446.269775390625,2460.160579225737,2433.7679550444664,2449.742476349403,1401937,HINDUNILVR.NS,Hindustan Unilever,FMCG
2025-11-03,2440.812744140625,2455.5964317532575,2421.2664466287306,2436.943259855451,1049185,HINDUNILVR.NS,Hindustan Unilever,FMCG
2025-11-04,2426.624267578125,2444.0870900572017,2422.2586830765586,2440.812780562824,1251588,HINDUNILVR.NS,Hindustan Unilever,FMCG
2025-11-06,2417.0,2444.682292267998,2413.6266157779787,2444.682292267998,1329256,HINDUNILVR.NS,Hindustan Unilever,FMCG
2025-11-07,2414.0,2425.0,2400.60009765625,2417.0,817896,HINDUNILVR.NS,Hindustan Unilever,FMCG
2025-11-10,2408.800048828125,2429.300048828125,2404.0,2405.0,780558,HINDUNILVR.NS,Hindustan Unilever,FMCG
2025-11-11,2427.5,2433.699951171875,2403.10009765625,2422.199951171875,1422399,HINDUNILVR.NS,Hindustan Unilever,FMCG
2025-11-12,2424.5,2434.800048828125,2416.199951171875,2430.60009765625,1680827,HINDUNILVR.NS,Hindustan Unilever,FMCG
2025-11-13,2407.60009765625,2431.0,2405.0,2429.0,1256059,HINDUNILVR.NS,Hindustan Unilever,FMCG
2025-11-14,2427.699951171875,2430.199951171875,2392.0,2405.10009765625,975973,HINDUNILVR.NS,Hindustan Unilever,FMCG
2025-11-17,2425.0,2438.39990234375,2416.0,2431.39990234375,920038,HINDUNILVR.NS,Hindustan Unilever,FMCG
2025-11-18,2404.0,2422.89990234375,2401.89990234375,2415.800048828125,1229034,HINDUNILVR.NS,Hindustan Unilever,FMCG
2025-11-19,2441.60009765625,2450.699951171875,2411.0,2412.0,1465143,HINDUNILVR.NS,Hindustan Unilever,FMCG
2025-11-20,2428.39990234375,2459.0,2425.0,2445.10009765625,1396929,HINDUNILVR.NS,Hindustan Unilever,FMCG
2025-11-21,2433.699951171875,2443.199951171875,2413.0,2436.199951171875,1840712,HINDUNILVR.NS,Hindustan Unilever,FMCG
2025-11-24,2424.199951171875,2444.89990234375,2413.0,2441.89990234375,4092327,HINDUNILVR.NS,Hindustan Unilever,FMCG
2025-11-25,2414.10009765625,2424.199951171875,2406.0,2422.0,1240672,HINDUNILVR.NS,Hindustan Unilever,FMCG
2025-11-26,2425.199951171875,2427.699951171875,2409.0,2412.0,1242683,HINDUNILVR.NS,Hindustan Unilever,FMCG
2025-11-27,2451.699951171875,2459.699951171875,2425.0,2426.10009765625,1872248,HINDUNILVR.NS,Hindustan Unilever,FMCG
2025-11-28,2466.60009765625,2470.0,2447.199951171875,2450.0,973225,HINDUNILVR.NS,Hindustan Unilever,FMCG
2025-12-01,2464.5,2488.0,2458.800048828125,2466.60009765625,1924828,HINDUNILVR.NS,Hindustan Unilever,FMCG
2025-12-02,2477.800048828125,2484.39990234375,2460.0,2471.0,2179406,HINDUNILVR.NS,Hindustan Unilever,FMCG
2025-12-03,2448.0,2484.89990234375,2403.10009765625,2478.199951171875,3535932,HINDUNILVR.NS,Hindustan Unilever,FMCG
2025-12-04,2462.199951171875,2483.0,2423.199951171875,2440.0,2587753,HINDUNILVR.NS,Hindustan Unilever,FMCG
2025-12-05,2338.60009765625,2422.0,2286.699951171875,2422.0,4008271,HINDUNILVR.NS,Hindustan Unilever,FMCG
2025-12-08,2314.0,2355.10009765625,2302.0,2350.10009765625,1898154,HINDUNILVR.NS,Hindustan Unilever,FMCG
2025-12-09,2306.5,2330.39990234375,2298.10009765625,2318.0,1471488,HINDUNILVR.NS,Hindustan Unilever,FMCG
2025-12-10,2301.699951171875,2316.89990234375,2295.0,2306.5,2857290,HINDUNILVR.NS,Hindustan Unilever,FMCG
2025-12-11,2305.60009765625,2313.0,2292.0,2296.300048828125,1108032,HINDUNILVR.NS,Hindustan Unilever,FMCG
2025-12-12,2260.60009765625,2309.0,2244.699951171875,2306.89990234375,3203114,HINDUNILVR.NS,Hindustan Unilever,FMCG
2025-12-15,2293.5,2299.0,2252.0,2260.60009765625,1274115,HINDUNILVR.NS,Hindustan Unilever,FMCG
2025-12-16,2281.10009765625,2302.699951171875,2276.0,2293.39990234375,1256042,HINDUNILVR.NS,Hindustan Unilever,FMCG
2025-12-17,2275.60009765625,2286.199951171875,2268.300048828125,2281.199951171875,808100,HINDUNILVR.NS,Hindustan Unilever,FMCG
2025-12-18,2265.5,2278.300048828125,2255.300048828125,2270.0,1057295,HINDUNILVR.NS,Hindustan Unilever,FMCG
2025-12-19,2280.0,2284.800048828125,2263.699951171875,2263.699951171875,1237214,HINDUNILVR.NS,Hindustan Unilever,FMCG
2025-12-22,2289.5,2295.0,2280.0,2280.0,790773,HINDUNILVR.NS,Hindustan Unilever,FMCG
2025-12-23,2302.60009765625,2310.0,2280.699951171875,2289.300048828125,1128801,HINDUNILVR.NS,Hindustan Unilever,FMCG
2025-12-24,2282.199951171875,2305.0,2278.10009765625,2302.60009765625,519380,HINDUNILVR.NS,Hindustan Unilever,FMCG
2025-12-26,2285.39990234375,2290.0,2275.0,2282.300048828125,533626,HINDUNILVR.NS,Hindustan Unilever,FMCG
2025-12-29,2293.300048828125,2298.699951171875,2280.0,2288.89990234375,1086695,HINDUNILVR.NS,Hindustan Unilever,FMCG
2025-12-30,2290.199951171875,2298.0,2283.0,2293.300048828125,1556717,HINDUNILVR.NS,Hindustan Unilever,FMCG
2025-12-31,2315.89990234375,2325.5,2286.800048828125,2290.0,1324220,HINDUNILVR.NS,Hindustan Unilever,FMCG
2026-01-01,2323.0,2326.0,2300.0,2322.0,758866,HINDUNILVR.NS,Hindustan Unilever,FMCG
2026-01-02,2348.0,2357.699951171875,2322.0,2326.0,973413,HINDUNILVR.NS,Hindustan Unilever,FMCG
2026-01-05,2384.10009765625,2394.0,2336.39990234375,2341.5,1344113,HINDUNILVR.NS,Hindustan Unilever,FMCG
2026-01-06,2424.699951171875,2428.10009765625,2367.800048828125,2398.800048828125,1584720,HINDUNILVR.NS,Hindustan Unilever,FMCG
2026-01-07,2399.39990234375,2421.89990234375,2382.0,2416.0,892690,HINDUNILVR.NS,Hindustan Unilever,FMCG
2026-01-08,2386.699951171875,2418.10009765625,2368.10009765625,2389.0,1163828,HINDUNILVR.NS,Hindustan Unilever,FMCG
2026-01-09,2372.60009765625,2386.0,2361.0,2382.0,1189464,HINDUNILVR.NS,Hindustan Unilever,FMCG
2026-01-12,2406.199951171875,2413.89990234375,2361.0,2362.0,1057665,HINDUNILVR.NS,Hindustan Unilever,FMCG
2026-01-13,2389.5,2422.199951171875,2365.0,2415.10009765625,1519683,HINDUNILVR.NS,Hindustan Unilever,FMCG
2026-01-14,2353.5,2398.89990234375,2341.0,2398.89990234375,1027639,HINDUNILVR.NS,Hindustan Unilever,FMCG
2026-01-15,2353.5,2353.5,2353.5,2353.5,0,HINDUNILVR.NS,Hindustan Unilever,FMCG
2026-01-16,2360.39990234375,2372.89990234375,2348.89990234375,2370.0,1367606,HINDUNILVR.NS,Hindustan Unilever,FMCG
2026-01-19,2413.89990234375,2425.39990234375,2353.0,2353.0,1505238,HINDUNILVR.NS,Hindustan Unilever,FMCG
2026-01-20,2379.10009765625,2439.0,2368.5,2423.0,1460806,HINDUNILVR.NS,Hindustan Unilever,FMCG
2026-01-21,2368.0,2400.5,2360.0,2379.10009765625,1020245,HINDUNILVR.NS,Hindustan Unilever,FMCG
2026-01-22,2390.60009765625,2402.0,2365.699951171875,2368.89990234375,1745964,HINDUNILVR.NS,Hindustan Unilever,FMCG
2026-01-23,2409.5,2434.300048828125,2376.800048828125,2400.0,1378097,HINDUNILVR.NS,Hindustan Unilever,FMCG
2026-01-27,2400.89990234375,2421.60009765625,2380.5,2412.0,2060117,HINDUNILVR.NS,Hindustan Unilever,FMCG
2026-01-28,2378.39990234375,2420.199951171875,2340.60009765625,2403.10009765625,1797593,HINDUNILVR.NS,Hindustan Unilever,FMCG
2026-01-29,2352.60009765625,2374.699951171875,2312.0,2370.5,1478536,HINDUNILVR.NS,Hindustan Unilever,FMCG
2026-01-30,2373.0,2385.0,2340.0,2341.0,2090462,HINDUNILVR.NS,Hindustan Unilever,FMCG
2026-02-02,2357.300048828125,2360.0,2303.0,2356.10009765625,1375089,HINDUNILVR.NS,Hindustan Unilever,FMCG
2026-02-03,2368.60009765625,2399.89990234375,2343.300048828125,2390.0,1553270,HINDUNILVR.NS,Hindustan Unilever,FMCG
2026-02-04,2371.0,2393.5,2356.800048828125,2360.60009765625,1232755,HINDUNILVR.NS,Hindustan Unilever,FMCG
2026-02-05,2354.39990234375,2423.0,2351.60009765625,2362.5,1962066,HINDUNILVR.NS,Hindustan Unilever,FMCG
2026-02-06,2424.199951171875,2429.0,2337.5,2354.39990234375,1421995,HINDUNILVR.NS,Hindustan Unilever,FMCG
2026-02-09,2435.0,2439.0,2402.0,2425.0,958484,HINDUNILVR.NS,Hindustan Unilever,FMCG
2026-02-10,2453.60009765625,2458.10009765625,2430.10009765625,2435.0,792532,HINDUNILVR.NS,Hindustan Unilever,FMCG
2026-02-11,2462.89990234375,2470.60009765625,2447.0,2460.0,1137856,HINDUNILVR.NS,Hindustan Unilever,FMCG
2026-02-12,2409.699951171875,2479.60009765625,2350.10009765625,2475.0,4656164,HINDUNILVR.NS,Hindustan Unilever,FMCG
2026-02-13,2305.199951171875,2400.0,2300.300048828125,2400.0,2791519,HINDUNILVR.NS,Hindustan Unilever,FMCG
2026-02-16,2319.0,2327.0,2288.10009765625,2308.10009765625,2036833,HINDUNILVR.NS,Hindustan Unilever,FMCG
2026-02-17,2312.300048828125,2326.0,2303.39990234375,2309.300048828125,1233244,HINDUNILVR.NS,Hindustan Unilever,FMCG
2026-02-18,2323.5,2328.89990234375,2306.0,2312.60009765625,830787,HINDUNILVR.NS,Hindustan Unilever,FMCG
2026-02-19,2279.300048828125,2337.39990234375,2275.60009765625,2336.0,940180,HINDUNILVR.NS,Hindustan Unilever,FMCG
2026-02-20,2314.5,2331.199951171875,2278.300048828125,2285.0,1716316,HINDUNILVR.NS,Hindustan Unilever,FMCG
2026-02-23,2345.39990234375,2350.0,2320.800048828125,2325.0,1300035,HINDUNILVR.NS,Hindustan Unilever,FMCG
2026-02-24,2358.60009765625,2372.0,2330.300048828125,2331.10009765625,1544803,HINDUNILVR.NS,Hindustan Unilever,FMCG
2026-02-25,2374.89990234375,2380.0,2349.0,2368.89990234375,1158620,HINDUNILVR.NS,Hindustan Unilever,FMCG
2026-02-26,2383.300048828125,2387.300048828125,2355.199951171875,2378.0,1470677,HINDUNILVR.NS,Hindustan Unilever,FMCG
2026-02-27,2338.10009765625,2378.89990234375,2330.60009765625,2369.300048828125,3053227,HINDUNILVR.NS,Hindustan Unilever,FMCG
2026-03-02,2320.60009765625,2354.0,2290.199951171875,2303.0,2273224,HINDUNILVR.NS,Hindustan Unilever,FMCG
2026-03-04,2261.300048828125,2311.60009765625,2252.10009765625,2292.89990234375,2648737,HINDUNILVR.NS,Hindustan Unilever,FMCG
2026-03-05,2255.0,2277.800048828125,2228.39990234375,2275.5,1751288,HINDUNILVR.NS,Hindustan Unilever,FMCG
2026-03-06,2225.699951171875,2250.0,2219.5,2245.10009765625,1674258,HINDUNILVR.NS,Hindustan Unilever,FMCG
2026-03-09,2194.60009765625,2200.0,2170.39990234375,2199.0,1512817,HINDUNILVR.NS,Hindustan Unilever,FMCG
2026-03-10,2190.199951171875,2224.0,2175.0,2224.0,1084986,HINDUNILVR.NS,Hindustan Unilever,FMCG
2026-03-11,2161.39990234375,2195.0,2156.0,2190.199951171875,1313256,HINDUNILVR.NS,Hindustan Unilever,FMCG
2026-03-12,2136.89990234375,2165.10009765625,2109.300048828125,2165.10009765625,1791973,HINDUNILVR.NS,Hindustan Unilever,FMCG
2026-03-13,2160.0,2191.89990234375,2120.300048828125,2136.0,2298875,HINDUNILVR.NS,Hindustan Unilever,FMCG
2026-03-16,2175.699951171875,2186.699951171875,2154.0,2169.60009765625,1981511,HINDUNILVR.NS,Hindustan Unilever,FMCG
2026-03-17,2158.199951171875,2184.800048828125,2145.5,2172.800048828125,1705956,HINDUNILVR.NS,Hindustan Unilever,FMCG
2026-03-18,2135.300048828125,2175.0,2129.699951171875,2165.0,2441148,HINDUNILVR.NS,Hindustan Unilever,FMCG
2026-03-19,2077.300048828125,2133.60009765625,2070.10009765625,2112.0,2098905,HINDUNILVR.NS,Hindustan Unilever,FMCG
2026-03-20,2082.699951171875,2099.800048828125,2069.0,2099.699951171875,2429744,HINDUNILVR.NS,Hindustan Unilever,FMCG
2026-03-23,2052.199951171875,2097.0,2033.300048828125,2062.300048828125,2599535,HINDUNILVR.NS,Hindustan Unilever,FMCG
2026-03-24,2085.0,2115.0,2066.0,2070.0,1702418,HINDUNILVR.NS,Hindustan Unilever,FMCG
2026-03-25,2134.800048828125,2154.699951171875,2086.0,2098.0,2069217,HINDUNILVR.NS,Hindustan Unilever,FMCG
2026-03-27,2074.39990234375,2127.0,2069.5,2123.300048828125,2789151,HINDUNILVR.NS,Hindustan Unilever,FMCG
2026-03-30,2055.199951171875,2082.39990234375,2046.199951171875,2064.0,2482193,HINDUNILVR.NS,Hindustan Unilever,FMCG
2026-04-01,2064.699951171875,2119.89990234375,2052.0,2119.89990234375,2028470,HINDUNILVR.NS,Hindustan Unilever,FMCG
2026-04-02,2065.300048828125,2069.89990234375,2022.5,2055.0,1431905,HINDUNILVR.NS,Hindustan Unilever,FMCG
2026-04-06,2084.800048828125,2092.800048828125,2041.9000244140625,2065.300048828125,1661298,HINDUNILVR.NS,Hindustan Unilever,FMCG
2026-04-07,2110.60009765625,2119.5,2050.800048828125,2064.699951171875,2709707,HINDUNILVR.NS,Hindustan Unilever,FMCG
2026-04-08,2145.60009765625,2192.800048828125,2130.0,2130.0,3794437,HINDUNILVR.NS,Hindustan Unilever,FMCG
2026-04-09,2133.199951171875,2162.89990234375,2115.0,2145.5,2506245,HINDUNILVR.NS,Hindustan Unilever,FMCG
2026-04-10,2155.300048828125,2170.0,2121.39990234375,2133.199951171875,2144484,HINDUNILVR.NS,Hindustan Unilever,FMCG
2026-04-13,2127.199951171875,2140.699951171875,2113.5,2131.0,1994541,HINDUNILVR.NS,Hindustan Unilever,FMCG
2026-04-15,2157.60009765625,2168.0,2140.89990234375,2140.89990234375,1552971,HINDUNILVR.NS,Hindustan Unilever,FMCG
2026-04-16,2139.10009765625,2163.699951171875,2129.10009765625,2158.0,1845734,HINDUNILVR.NS,Hindustan Unilever,FMCG
2026-04-17,2240.800048828125,2245.0,2133.0,2142.0,4882697,HINDUNILVR.NS,Hindustan Unilever,FMCG
2026-04-20,2231.5,2253.39990234375,2223.199951171875,2240.800048828125,1460822,HINDUNILVR.NS,Hindustan Unilever,FMCG
2026-04-21,2310.699951171875,2335.699951171875,2227.199951171875,2238.699951171875,3217281,HINDUNILVR.NS,Hindustan Unilever,FMCG
2026-04-22,2368.800048828125,2408.0,2310.39990234375,2310.39990234375,5558325,HINDUNILVR.NS,Hindustan Unilever,FMCG
2026-04-23,2366.39990234375,2400.0,2336.0,2336.0,2063531,HINDUNILVR.NS,Hindustan Unilever,FMCG
2026-04-24,2327.300048828125,2388.60009765625,2299.0,2388.60009765625,1676706,HINDUNILVR.NS,Hindustan Unilever,FMCG
2026-04-27,2328.300048828125,2362.800048828125,2325.0,2334.89990234375,1099681,HINDUNILVR.NS,Hindustan Unilever,FMCG
2026-04-28,2289.5,2334.39990234375,2281.10009765625,2321.0,1629120,HINDUNILVR.NS,Hindustan Unilever,FMCG
2026-04-29,2314.39990234375,2349.699951171875,2291.0,2305.0,1778765,HINDUNILVR.NS,Hindustan Unilever,FMCG
2026-04-30,2250.89990234375,2368.800048828125,2211.60009765625,2312.0,4434979,HINDUNILVR.NS,Hindustan Unilever,FMCG
2026-05-01,2250.89990234375,2250.89990234375,2250.89990234375,2250.89990234375,0,HINDUNILVR.NS,Hindustan Unilever,FMCG
2026-05-04,2309.300048828125,2365.800048828125,2268.800048828125,2268.800048828125,2554255,HINDUNILVR.NS,Hindustan Unilever,FMCG
2026-05-05,2327.39990234375,2335.39990234375,2288.10009765625,2301.5,1741424,HINDUNILVR.NS,Hindustan Unilever,FMCG
2026-05-06,2317.10009765625,2339.39990234375,2288.300048828125,2330.0,1196175,HINDUNILVR.NS,Hindustan Unilever,FMCG
2026-05-07,2272.199951171875,2327.89990234375,2268.10009765625,2310.0,1859012,HINDUNILVR.NS,Hindustan Unilever,FMCG
2026-05-08,2287.699951171875,2297.300048828125,2256.0,2272.199951171875,1104526,HINDUNILVR.NS,Hindustan Unilever,FMCG
2026-05-11,2307.199951171875,2317.10009765625,2259.199951171875,2277.10009765625,1903862,HINDUNILVR.NS,Hindustan Unilever,FMCG
2026-05-12,2262.0,2307.0,2256.0,2285.300048828125,983506,HINDUNILVR.NS,Hindustan Unilever,FMCG
2026-05-13,2267.300048828125,2295.800048828125,2250.0,2265.0,1308559,HINDUNILVR.NS,Hindustan Unilever,FMCG
2026-05-14,2248.699951171875,2285.89990234375,2245.0,2268.0,1380764,HINDUNILVR.NS,Hindustan Unilever,FMCG
2026-05-15,2272.199951171875,2298.89990234375,2246.199951171875,2248.699951171875,1038522,HINDUNILVR.NS,Hindustan Unilever,FMCG
2026-05-18,2254.199951171875,2265.0,2224.699951171875,2263.10009765625,1118204,HINDUNILVR.NS,Hindustan Unilever,FMCG
2026-05-19,2232.89990234375,2282.0,2229.5,2242.0,1145022,HINDUNILVR.NS,Hindustan Unilever,FMCG
2026-05-20,,,,,1071877,HINDUNILVR.NS,Hindustan Unilever,FMCG
