Date,Close,High,Low,Open,Volume,Ticker,Company,Sector
2021-05-21,981.1553344726562,985.0181507501077,948.128243512067,951.218508322408,12591860,INDUSINDBK.NS,IndusInd Bank,Banking
2021-05-24,970.2911376953125,987.6738104781098,962.8552047720697,983.955873487437,5385688,INDUSINDBK.NS,IndusInd Bank,Banking
2021-05-25,959.8132934570312,978.0167914993916,948.7076967132712,977.2925134508855,4583345,INDUSINDBK.NS,IndusInd Bank,Banking
2021-05-26,964.2072143554688,973.3814027719015,953.1498912651782,964.5934606078645,2972854,INDUSINDBK.NS,IndusInd Bank,Banking
2021-05-27,972.3190307617188,978.5478332343932,953.1498302945582,961.1651615572888,4427518,INDUSINDBK.NS,IndusInd Bank,Banking
2021-05-28,984.3904418945312,990.3295456328142,968.6012035784619,979.7068006284642,5388785,INDUSINDBK.NS,IndusInd Bank,Banking
2021-05-31,978.2581787109375,985.4044120828203,969.5668424736242,980.1895867636738,2643491,INDUSINDBK.NS,IndusInd Bank,Banking
2021-06-01,975.4093627929688,995.9788472459463,971.4982731833437,981.1553136722438,3766919,INDUSINDBK.NS,IndusInd Bank,Banking
2021-06-02,992.7437744140625,994.6751825354906,969.0840249265678,974.298850431183,4177378,INDUSINDBK.NS,IndusInd Bank,Banking
2021-06-03,971.2568969726562,1001.676576072471,930.9870242807118,995.6409254574284,14752885,INDUSINDBK.NS,IndusInd Bank,Banking
2021-06-04,974.6851196289062,988.301582570568,969.5668997750473,977.4856850476458,4323154,INDUSINDBK.NS,IndusInd Bank,Banking
2021-06-07,990.0397338867188,997.2342997094158,974.8782276239939,983.0867119576283,3823401,INDUSINDBK.NS,IndusInd Bank,Banking
2021-06-08,985.1630249023438,992.7437782313392,971.1119836114067,989.8466660380572,3141410,INDUSINDBK.NS,IndusInd Bank,Banking
2021-06-09,969.13232421875,1000.1796752345869,963.0484002621796,984.0524641435559,4767864,INDUSINDBK.NS,IndusInd Bank,Banking
2021-06-10,989.2189331054688,993.323175372174,971.4982871306892,977.2925115072142,2984339,INDUSINDBK.NS,IndusInd Bank,Banking
2021-06-11,980.2861938476562,996.6066164732514,977.3890815904666,992.7438001303318,2679470,INDUSINDBK.NS,IndusInd Bank,Banking
2021-06-14,989.1707153320312,992.7437731987808,959.6684091598136,977.2925082462705,3982216,INDUSINDBK.NS,IndusInd Bank,Banking
2021-06-15,998.9725341796875,1013.9892797137293,989.8466778157833,989.8466778157833,6026006,INDUSINDBK.NS,IndusInd Bank,Banking
2021-06-16,978.9342651367188,1003.0768088718507,975.6991210128557,994.6752302937641,3325800,INDUSINDBK.NS,IndusInd Bank,Banking
2021-06-17,950.3010864257812,986.7564153801886,934.8015477580489,967.635486418972,6126591,INDUSINDBK.NS,IndusInd Bank,Banking
2021-06-18,961.2619018554688,965.5109646060865,927.0759525291941,959.8133456796419,4895262,INDUSINDBK.NS,IndusInd Bank,Banking
2021-06-21,972.9951171875,975.3611039309598,934.8498066872298,943.4928698421264,3160990,INDUSINDBK.NS,IndusInd Bank,Banking
2021-06-22,965.800537109375,986.6597786647128,961.889447737091,981.0587073094264,4141759,INDUSINDBK.NS,IndusInd Bank,Banking
2021-06-23,965.2694702148438,982.8935691059036,962.3240846543064,974.3953852646213,3975716,INDUSINDBK.NS,IndusInd Bank,Banking
2021-06-24,966.331787109375,973.4296883434536,962.034392272257,969.5668721198684,2285845,INDUSINDBK.NS,IndusInd Bank,Banking
2021-06-25,978.1616821289062,985.0181574915485,952.8119501346384,962.80696374419,3499315,INDUSINDBK.NS,IndusInd Bank,Banking
2021-06-28,974.298828125,986.5632222617617,966.6697426432645,984.0524153381483,2819763,INDUSINDBK.NS,IndusInd Bank,Banking
2021-06-29,983.2315673828125,986.9495042673354,965.7040159171579,974.3953520604124,4543628,INDUSINDBK.NS,IndusInd Bank,Banking
2021-06-30,981.4932861328125,992.3092422064724,977.4373762825619,986.4666855594306,2628556,INDUSINDBK.NS,IndusInd Bank,Banking
2021-07-01,973.1400146484375,982.072777401693,965.7040814330234,976.3268263287866,3070067,INDUSINDBK.NS,IndusInd Bank,Banking
2021-07-02,975.0230712890625,979.368739307391,970.677403270734,973.4296361055842,1501210,INDUSINDBK.NS,IndusInd Bank,Banking
2021-07-05,985.5492553710938,991.2952062507464,977.292497540921,977.292497540921,1993126,INDUSINDBK.NS,IndusInd Bank,Banking
2021-07-06,995.689208984375,999.5036928324881,980.1896118115704,983.7627285888198,3019919,INDUSINDBK.NS,IndusInd Bank,Banking
2021-07-07,1009.0641479492188,1011.0921028021497,978.2581663214686,989.4120948382752,3781022,INDUSINDBK.NS,IndusInd Bank,Banking
2021-07-08,1009.5952758789062,1024.6120213663048,1000.6625132044121,1007.0844688660783,4139752,INDUSINDBK.NS,IndusInd Bank,Banking
2021-07-09,1004.2838745117188,1012.637238078289,991.0054438920764,1004.3322068674898,3625932,INDUSINDBK.NS,IndusInd Bank,Banking
2021-07-12,1013.3132934570312,1021.3768985914461,1005.3462351495845,1009.5470241349341,2010018,INDUSINDBK.NS,IndusInd Bank,Banking
2021-07-13,1019.68701171875,1023.5980427045151,1008.1951090256999,1018.8178544273118,2096758,INDUSINDBK.NS,IndusInd Bank,Banking
2021-07-14,1016.5001831054688,1024.1292696052685,1012.5408195955908,1013.9893758468005,1566799,INDUSINDBK.NS,IndusInd Bank,Banking
2021-07-15,1018.9144287109375,1030.7926369516929,1013.9893611051882,1017.8521777189222,2748272,INDUSINDBK.NS,IndusInd Bank,Banking
2021-07-16,1008.4848022460938,1022.6322724914895,1006.2636357430462,1017.8520845231964,1218164,INDUSINDBK.NS,IndusInd Bank,Banking
2021-07-19,981.010498046875,999.2139969710796,971.0637574872477,988.8810101320104,2644846,INDUSINDBK.NS,IndusInd Bank,Banking
2021-07-20,947.8868408203125,984.0524708962944,946.3900112643458,982.1210627100405,3752725,INDUSINDBK.NS,IndusInd Bank,Banking
2021-07-22,958.123291015625,971.256842439792,954.1155956554954,965.6074973580644,2181872,INDUSINDBK.NS,IndusInd Bank,Banking
2021-07-23,955.3710327148438,965.7040781393142,943.4928843421101,961.841261826757,3449852,INDUSINDBK.NS,IndusInd Bank,Banking
2021-07-26,947.6453857421875,962.4689784823335,944.7482735516325,955.3710182503345,2335433,INDUSINDBK.NS,IndusInd Bank,Banking
2021-07-27,942.333984375,959.9098095781912,930.0212579442939,955.0812894092869,3311920,INDUSINDBK.NS,IndusInd Bank,Banking
2021-07-28,958.7027587890625,975.1680021377797,945.4243272268872,957.9784807038529,8820340,INDUSINDBK.NS,IndusInd Bank,Banking
2021-07-29,958.0267333984375,969.035783632251,953.1499395185615,963.7244111222691,3459503,INDUSINDBK.NS,IndusInd Bank,Banking
2021-07-30,947.3556518554688,965.7040283949733,946.3899478270738,955.0812840826286,3115750,INDUSINDBK.NS,IndusInd Bank,Banking
2021-08-02,954.1156005859375,962.9518162126574,951.6530670489182,957.785264184427,2149603,INDUSINDBK.NS,IndusInd Bank,Banking
2021-08-03,986.9978637695312,989.8467026533527,952.8119739893754,953.1499468476675,4450926,INDUSINDBK.NS,IndusInd Bank,Banking
2021-08-04,985.5492553710938,1012.0578433032463,982.0244709575521,993.7094663731302,5055711,INDUSINDBK.NS,IndusInd Bank,Banking
2021-08-05,963.48291015625,977.7270444159734,952.184161361853,976.7613403983651,3955681,INDUSINDBK.NS,IndusInd Bank,Banking
2021-08-06,994.1923828125,998.5380513143516,963.9658559102234,970.5326320801967,7609448,INDUSINDBK.NS,IndusInd Bank,Banking
2021-08-09,1007.0363159179688,1011.0922261185037,992.7921799721732,995.6409600078103,4274598,INDUSINDBK.NS,IndusInd Bank,Banking
2021-08-10,998.1517333984375,1018.8178246989489,996.0272315336284,1001.4351509126161,3469468,INDUSINDBK.NS,IndusInd Bank,Banking
2021-08-11,1005.4910278320312,1009.4987232885352,985.0181487564936,998.1517004964874,2155833,INDUSINDBK.NS,IndusInd Bank,Banking
2021-08-12,999.8416748046875,1011.2370298646156,992.0194954965386,1010.5609662924321,2453701,INDUSINDBK.NS,IndusInd Bank,Banking
2021-08-13,989.0258178710938,1007.9535935114114,986.5632254112727,999.8416559844769,2348979,INDUSINDBK.NS,IndusInd Bank,Banking
2021-08-16,984.0523681640625,994.578565257001,981.2518030096053,989.7982597647928,1132546,INDUSINDBK.NS,IndusInd Bank,Banking
2021-08-17,970.6600341796875,985.0229180845604,963.963795575555,983.5672191908393,3082005,INDUSINDBK.NS,IndusInd Bank,Banking
2021-08-18,960.421630859375,976.0946200818748,957.8498724530859,973.377327325679,2344486,INDUSINDBK.NS,IndusInd Bank,Banking
2021-08-20,950.5228881835938,961.6832466274923,941.9827996556404,955.9089623687062,3465186,INDUSINDBK.NS,IndusInd Bank,Banking
2021-08-23,959.402587890625,969.3984342846591,935.6261727745019,958.9173549290714,2914978,INDUSINDBK.NS,IndusInd Bank,Banking
2021-08-24,975.3667602539062,979.2001124812872,957.8498622587022,960.9553650466769,2510063,INDUSINDBK.NS,IndusInd Bank,Banking
2021-08-25,975.8519897460938,983.9554156822142,968.7190889582723,980.0735520191736,2105187,INDUSINDBK.NS,IndusInd Bank,Banking
2021-08-26,971.921630859375,982.7423496937608,968.6220229976902,970.4659319614328,1971408,INDUSINDBK.NS,IndusInd Bank,Banking
2021-08-27,960.955322265625,971.2907483055453,957.8498196159051,967.5544783759447,2368969,INDUSINDBK.NS,IndusInd Bank,Banking
2021-08-30,975.415283203125,982.1115218176247,962.0228652066653,965.9047289292647,2868604,INDUSINDBK.NS,IndusInd Bank,Banking
2021-08-31,963.0903930664062,979.9764643659572,960.7612511886911,979.2001034842316,3138652,INDUSINDBK.NS,IndusInd Bank,Banking
2021-09-01,969.2528076171875,994.7275372291537,963.6726287498045,964.6430946397842,3854558,INDUSINDBK.NS,IndusInd Bank,Banking
2021-09-02,980.2676391601562,982.5967811492302,965.8077319449911,973.0862266201707,2136382,INDUSINDBK.NS,IndusInd Bank,Banking
2021-09-03,974.105224609375,998.2698511345449,967.1178577270632,980.1706369668431,5363972,INDUSINDBK.NS,IndusInd Bank,Banking
2021-09-06,962.6537475585938,978.5208427515008,961.7317930245238,976.2887828281241,3349749,INDUSINDBK.NS,IndusInd Bank,Banking
2021-09-07,971.6790161132812,982.1115249005151,955.0840723400929,962.7507176767687,5483796,INDUSINDBK.NS,IndusInd Bank,Banking
2021-09-08,970.07763671875,991.6219903631172,963.0903300081743,983.276007774077,6385224,INDUSINDBK.NS,IndusInd Bank,Banking
2021-09-09,969.9806518554688,977.1621230959877,964.1578565466815,970.4658847978677,3193603,INDUSINDBK.NS,IndusInd Bank,Banking
2021-09-13,966.8751831054688,974.3477825271349,963.3330180411833,974.3477825271349,2386618,INDUSINDBK.NS,IndusInd Bank,Banking
2021-09-14,1005.9849853515625,1008.314127336791,968.136813103117,969.4954891332573,7838383,INDUSINDBK.NS,IndusInd Bank,Banking
2021-09-15,1022.822509765625,1030.6348078135197,997.1537335483912,1005.4026938745823,6071710,INDUSINDBK.NS,IndusInd Bank,Banking
2021-09-16,1097.54833984375,1151.4577668757534,1039.3689577108569,1039.3689577108569,27230283,INDUSINDBK.NS,IndusInd Bank,Banking
2021-09-17,1096.6265869140625,1112.6878467013614,1079.4978382130507,1103.9050819599524,5784278,INDUSINDBK.NS,IndusInd Bank,Banking
2021-09-20,1057.75927734375,1098.9556265408562,1052.5673083881998,1082.0694959160567,2954179,INDUSINDBK.NS,IndusInd Bank,Banking
2021-09-21,1103.9534912109375,1109.388076357464,1052.955462661005,1058.7782578462272,6332732,INDUSINDBK.NS,IndusInd Bank,Banking
2021-09-22,1107.6898193359375,1123.6539362554313,1094.879598175862,1111.183472937748,5587136,INDUSINDBK.NS,IndusInd Bank,Banking
2021-09-23,1134.6202392578125,1140.2974411227274,1113.1243957172496,1116.035793439265,4879235,INDUSINDBK.NS,IndusInd Bank,Banking
2021-09-24,1128.700439453125,1154.223622156258,1107.5442349396592,1137.580107879045,4615559,INDUSINDBK.NS,IndusInd Bank,Banking
2021-09-27,1116.7152099609375,1143.1604091985364,1111.0865780829988,1137.3861837235193,3083520,INDUSINDBK.NS,IndusInd Bank,Banking
2021-09-28,1101.2362060546875,1125.7404706088896,1085.951367768403,1125.7404706088896,3684708,INDUSINDBK.NS,IndusInd Bank,Banking
2021-09-29,1090.0272216796875,1103.3226752250773,1081.1960059242529,1093.81206227918,5574048,INDUSINDBK.NS,IndusInd Bank,Banking
2021-09-30,1079.0611572265625,1101.3818749811012,1074.305850185839,1091.774237993739,3180267,INDUSINDBK.NS,IndusInd Bank,Banking
2021-10-01,1071.4429931640625,1079.1581501790395,1059.0695521435744,1071.3944224799097,1940798,INDUSINDBK.NS,IndusInd Bank,Banking
2021-10-04,1086.727783203125,1091.7741585945978,1073.3353061383334,1074.7910050164594,1817348,INDUSINDBK.NS,IndusInd Bank,Banking
2021-10-05,1134.0865478515625,1142.335508880254,1075.9071583352381,1083.8164799557658,5270013,INDUSINDBK.NS,IndusInd Bank,Banking
2021-10-06,1098.421875,1144.324962372056,1093.4239516044884,1143.6455651198514,3329243,INDUSINDBK.NS,IndusInd Bank,Banking
2021-10-07,1132.2425537109375,1151.1181871379204,1106.3797314355731,1109.2425585444723,4002618,INDUSINDBK.NS,IndusInd Bank,Banking
2021-10-08,1139.7152099609375,1145.1497954667468,1124.1877551071511,1144.5675396027457,2344868,INDUSINDBK.NS,IndusInd Bank,Banking
2021-10-11,1138.59912109375,1159.1729508585292,1135.4451069078948,1138.0168652447612,2535840,INDUSINDBK.NS,IndusInd Bank,Banking
2021-10-12,1146.9937744140625,1160.677321145926,1125.7891162784522,1130.5928755309396,2354120,INDUSINDBK.NS,IndusInd Bank,Banking
2021-10-13,1149.516845703125,1156.7467691912939,1140.5400362284488,1153.010499211065,1235622,INDUSINDBK.NS,IndusInd Bank,Banking
2021-10-14,1174.2637939453125,1179.1161236723592,1127.4873827626143,1154.8544750371254,3315820,INDUSINDBK.NS,IndusInd Bank,Banking
2021-10-18,1183.5802001953125,1193.3334299772744,1160.725799092848,1184.938876162388,4512591,INDUSINDBK.NS,IndusInd Bank,Banking
2021-10-19,1158.736328125,1203.3777612018425,1150.584390565778,1185.9093743456867,3879525,INDUSINDBK.NS,IndusInd Bank,Banking
2021-10-20,1166.2088623046875,1178.0486177460775,1137.8227338130062,1154.8544582940467,2850772,INDUSINDBK.NS,IndusInd Bank,Banking
2021-10-21,1149.4197998046875,1175.1855975670535,1130.7867840267722,1169.4113730281713,2408608,INDUSINDBK.NS,IndusInd Bank,Banking
2021-10-22,1161.0654296875,1169.1202256008935,1142.0443216875262,1156.843926703755,2618946,INDUSINDBK.NS,IndusInd Bank,Banking
2021-10-25,1142.9661865234375,1175.2341769304885,1122.5378324285837,1170.3332768660953,3612312,INDUSINDBK.NS,IndusInd Bank,Banking
2021-10-26,1120.7911376953125,1157.7658663128752,1104.0990524498086,1145.1498090940427,3413917,INDUSINDBK.NS,IndusInd Bank,Banking
2021-10-27,1108.805908203125,1129.4767616660258,1088.862785730846,1121.8586277226898,4329232,INDUSINDBK.NS,IndusInd Bank,Banking
2021-10-28,1141.2679443359375,1205.3186963139747,1134.7172992472745,1137.3860805796928,17223159,INDUSINDBK.NS,IndusInd Bank,Banking
2021-10-29,1106.5252685546875,1147.0907941079927,1090.41555689898,1132.485233649771,5112475,INDUSINDBK.NS,IndusInd Bank,Banking
2021-11-01,1192.7996826171875,1198.525455449599,1112.202556064586,1123.799576850717,10563295,INDUSINDBK.NS,IndusInd Bank,Banking
2021-11-02,1176.738525390625,1203.4747910144147,1171.352392026344,1183.9684492726922,3730392,INDUSINDBK.NS,IndusInd Bank,Banking
2021-11-03,1143.160400390625,1183.9685439004427,1139.5697235041762,1179.1162138024902,2922214,INDUSINDBK.NS,IndusInd Bank,Banking
2021-11-04,1153.9810791015625,1159.7068521062338,1150.0021922559724,1159.7068521062338,278458,INDUSINDBK.NS,IndusInd Bank,Banking
2021-11-08,1029.8099365234375,1096.626491540665,1010.8372803678309,1096.626491540665,29099645,INDUSINDBK.NS,IndusInd Bank,Banking
2021-11-09,1036.7003173828125,1052.858600176625,1031.120137813469,1049.073759036574,7752739,INDUSINDBK.NS,IndusInd Bank,Banking
2021-11-10,1001.7149047851562,1035.2931213796621,997.4449493832695,1035.2931213796621,6796906,INDUSINDBK.NS,IndusInd Bank,Banking
2021-11-11,1002.7825317382812,1007.3436744001094,990.3605199665816,1001.7149244018209,4527396,INDUSINDBK.NS,IndusInd Bank,Banking
2021-11-12,1006.4216918945312,1012.6811494572312,998.1727318845777,1009.2845188648974,3479296,INDUSINDBK.NS,IndusInd Bank,Banking
2021-11-15,1010.7402954101562,1019.9597220125532,1002.0546724707732,1011.2255283892298,3105993,INDUSINDBK.NS,IndusInd Bank,Banking
2021-11-16,990.7487182617188,1015.1073900664733,988.1769597850731,1011.2255262421273,2685826,INDUSINDBK.NS,IndusInd Bank,Banking
2021-11-17,1003.4617919921875,1011.225519589806,984.0524729981414,987.8373138949967,3042496,INDUSINDBK.NS,IndusInd Bank,Banking
2021-11-18,978.6663208007812,1011.2254389710482,972.6979319929185,1001.3267344592799,3244457,INDUSINDBK.NS,IndusInd Bank,Banking
2021-11-22,977.1621704101562,995.6010231141246,959.3540850223262,993.7571141507118,6198324,INDUSINDBK.NS,IndusInd Bank,Banking
2021-11-23,952.36669921875,980.1705712955451,945.233798457288,965.6135826129379,8136685,INDUSINDBK.NS,IndusInd Bank,Banking
2021-11-24,941.7401733398438,964.3035064800836,937.4700995041586,959.7908161590195,6646771,INDUSINDBK.NS,IndusInd Bank,Banking
2021-11-25,930.9679565429688,941.3519538598899,923.252740538537,939.4110219962613,5711537,INDUSINDBK.NS,IndusInd Bank,Banking
2021-11-26,875.1661376953125,928.6873558297019,871.4783791179357,922.9130718721123,6746021,INDUSINDBK.NS,IndusInd Bank,Banking
2021-11-29,869.0037231445312,910.2970363476978,862.5986125091711,899.5248882886245,11905868,INDUSINDBK.NS,IndusInd Bank,Banking
2021-11-30,856.92138671875,900.1071191185058,849.8369975199043,875.3602387546008,6964145,INDUSINDBK.NS,IndusInd Bank,Banking
2021-12-01,906.0755004882812,911.0248528266013,863.8602343386598,864.6851066508675,14626216,INDUSINDBK.NS,IndusInd Bank,Banking
2021-12-02,917.6240234375,921.9426085556631,898.311787492541,907.385619999521,5703967,INDUSINDBK.NS,IndusInd Bank,Banking
2021-12-03,923.0587158203125,929.56079032594,910.7822978094594,917.0418150591333,4928235,INDUSINDBK.NS,IndusInd Bank,Banking
2021-12-06,888.607177734375,923.8835915987257,887.0058852113817,923.8835915987257,4617346,INDUSINDBK.NS,IndusInd Bank,Banking
2021-12-07,899.2822875976562,908.8413534200566,893.6050263053212,895.6430403202133,3434735,INDUSINDBK.NS,IndusInd Bank,Banking
2021-12-08,917.3814086914062,920.972144388533,904.9594569465828,908.3560876160874,3774244,INDUSINDBK.NS,IndusInd Bank,Banking
2021-12-09,918.448974609375,922.4278612066773,910.4911421822309,919.03123047104,3111606,INDUSINDBK.NS,IndusInd Bank,Banking
2021-12-10,916.8477172851562,939.4110508939203,910.2970720439022,931.6473232005822,6605152,INDUSINDBK.NS,IndusInd Bank,Banking
2021-12-13,910.8307495117188,927.377181095138,906.6092465818491,926.1155872842318,2681792,INDUSINDBK.NS,IndusInd Bank,Banking
2021-12-14,918.1093139648438,921.1177939946339,896.9046563313153,904.4742790086996,2725729,INDUSINDBK.NS,IndusInd Bank,Banking
2021-12-15,910.8307495117188,922.7674681161262,909.3265392282328,917.0417549027707,2266938,INDUSINDBK.NS,IndusInd Bank,Banking
2021-12-16,900.883544921875,921.3118416716981,893.9447488004134,917.0903384101285,2457432,INDUSINDBK.NS,IndusInd Bank,Banking
2021-12-17,856.92138671875,901.5628179634414,854.2526055030347,898.6514202735702,4786306,INDUSINDBK.NS,IndusInd Bank,Banking
2021-12-20,821.1112060546875,848.1872294049083,806.263089056922,848.1872294049083,4700733,INDUSINDBK.NS,IndusInd Bank,Banking
2021-12-21,831.8834228515625,842.3159317973211,823.2947636683205,829.7968973693944,3568436,INDUSINDBK.NS,IndusInd Bank,Banking
2021-12-22,846.003662109375,858.8623354938879,835.5711535143927,836.007875023016,3619713,INDUSINDBK.NS,IndusInd Bank,Banking
2021-12-23,845.3728637695312,857.8918981941133,843.3349089713624,853.9130114995777,2642247,INDUSINDBK.NS,IndusInd Bank,Banking
2021-12-24,835.7167358398438,852.8454234837286,821.7905145959639,852.0690626080421,3462247,INDUSINDBK.NS,IndusInd Bank,Banking
2021-12-27,829.990966796875,836.3475066399546,787.5330833740592,818.1027594384866,12325932,INDUSINDBK.NS,IndusInd Bank,Banking
2021-12-28,827.4678344726562,840.1809150090573,820.1407690002022,838.4825995585626,4660498,INDUSINDBK.NS,IndusInd Bank,Banking
2021-12-29,844.3053588867188,849.0606656355334,828.7779040106411,828.826415460621,6067054,INDUSINDBK.NS,IndusInd Bank,Banking
2021-12-30,859.2505493164062,867.0627881264021,834.6006912538016,838.4825549340519,12354342,INDUSINDBK.NS,IndusInd Bank,Banking
2021-12-31,861.9193725585938,866.529085903312,852.45732937733,855.4657501829714,3606043,INDUSINDBK.NS,IndusInd Bank,Banking
2022-01-03,885.3560180664062,888.4615207555327,850.8074561352846,861.9678138509466,5594214,INDUSINDBK.NS,IndusInd Bank,Banking
2022-01-04,877.6893920898438,890.8391933147393,869.6344776563852,887.9763070357121,4102750,INDUSINDBK.NS,IndusInd Bank,Banking
2022-01-05,877.2526245117188,884.9678399321938,865.8981621223908,878.2716018164905,5448165,INDUSINDBK.NS,IndusInd Bank,Banking
2022-01-06,894.4784545898438,896.7105143700145,858.9108547586667,868.8096190365319,5209239,INDUSINDBK.NS,IndusInd Bank,Banking
2022-01-07,895.0121459960938,910.7337048907297,889.0437572199935,899.1366259315596,4207773,INDUSINDBK.NS,IndusInd Bank,Banking
2022-01-10,893.653564453125,902.3877581799157,890.8877601326581,899.5249309555013,2569322,INDUSINDBK.NS,IndusInd Bank,Banking
2022-01-11,890.8392333984375,907.4341775016387,887.0058810375983,899.6219384265357,3383081,INDUSINDBK.NS,IndusInd Bank,Banking
2022-01-12,913.7421875,918.6430286158412,892.9256813876723,900.592385952482,5506622,INDUSINDBK.NS,IndusInd Bank,Banking
2022-01-13,899.718994140625,921.942688967706,898.6515052464165,920.0017569909319,2109207,INDUSINDBK.NS,IndusInd Bank,Banking
2022-01-14,892.8771362304688,899.2822466869067,886.2779799807603,891.955181782284,2557488,INDUSINDBK.NS,IndusInd Bank,Banking
2022-01-17,893.3138427734375,904.3771775013432,885.3074992613454,891.8581439530572,3048497,INDUSINDBK.NS,IndusInd Bank,Banking
2022-01-18,873.0796508789062,899.9615083148069,868.9066002172707,893.3138407431927,3088062,INDUSINDBK.NS,IndusInd Bank,Banking
2022-01-19,866.8687133789062,877.1071173467249,858.0374968908445,870.5079607062736,3628266,INDUSINDBK.NS,IndusInd Bank,Banking
2022-01-20,851.292724609375,871.9151255968476,846.2462899329914,868.567006295903,3565267,INDUSINDBK.NS,IndusInd Bank,Banking
2022-01-21,828.8749389648438,847.1682575462843,820.1407454700296,844.2083482639943,4042974,INDUSINDBK.NS,IndusInd Bank,Banking
2022-01-24,826.109130859375,843.6260292178733,806.9909400079569,833.6302418892253,4657809,INDUSINDBK.NS,IndusInd Bank,Banking
2022-01-25,858.1344604492188,860.7062187423924,817.1322767297056,817.4719160970892,5165597,INDUSINDBK.NS,IndusInd Bank,Banking
2022-01-27,861.8707885742188,867.2083513120522,835.6682078612188,848.38134737631,4323258,INDUSINDBK.NS,IndusInd Bank,Banking
2022-01-28,876.864501953125,898.4088580045492,868.567029882875,870.5079617932278,5520247,INDUSINDBK.NS,IndusInd Bank,Banking
2022-01-31,846.3433227539062,900.0586480834054,841.0543307658578,900.0586480834054,10148990,INDUSINDBK.NS,IndusInd Bank,Banking
2022-02-01,895.0607299804688,899.6219317723165,853.0395663731027,853.0395663731027,11628936,INDUSINDBK.NS,IndusInd Bank,Banking
2022-02-02,946.5438842773438,952.8034011286278,902.6303026546865,902.6303026546865,14380553,INDUSINDBK.NS,IndusInd Bank,Banking
2022-02-03,930.0460205078125,950.7655041025233,926.261238838193,938.7802140673758,5623611,INDUSINDBK.NS,IndusInd Bank,Banking
2022-02-04,927.81396484375,946.1557950944213,917.0903278827404,929.7063853033496,5000045,INDUSINDBK.NS,IndusInd Bank,Banking
2022-02-07,905.4931640625,931.0649751608901,900.737916860524,923.9320155091225,2587054,INDUSINDBK.NS,IndusInd Bank,Banking
2022-02-08,910.0059204101562,912.9658296696728,886.0353999345323,910.2970483445687,3160992,INDUSINDBK.NS,IndusInd Bank,Banking
2022-02-09,938.5861206054688,942.7106006880598,912.6261577326899,914.4700074065607,4101202,INDUSINDBK.NS,IndusInd Bank,Banking
2022-02-10,943.632568359375,948.8731083243958,931.8899537391983,937.4701331029061,4037566,INDUSINDBK.NS,IndusInd Bank,Banking
2022-02-11,953.3858032226562,960.7613209836551,926.3582901180853,926.79501165595,7171664,INDUSINDBK.NS,IndusInd Bank,Banking
2022-02-14,913.7906494140625,936.3054696888667,909.5206350792524,930.8708844509131,3652419,INDUSINDBK.NS,IndusInd Bank,Banking
2022-02-15,941.060791015625,943.2928507294856,895.9826383086395,915.149339750931,3985559,INDUSINDBK.NS,IndusInd Bank,Banking
2022-02-16,939.7992553710938,958.3836428867479,933.5397381091336,937.5671362865276,3683264,INDUSINDBK.NS,IndusInd Bank,Banking
2022-02-17,927.5713500976562,951.0566381097314,923.0101482520503,951.0566381097314,3152042,INDUSINDBK.NS,IndusInd Bank,Banking
2022-02-18,927.1345825195312,937.4700681439473,920.5839376334322,921.94261359912,2417043,INDUSINDBK.NS,IndusInd Bank,Banking
2022-02-21,924.3202514648438,943.2928478230068,920.9721322881003,923.8835299665664,3535914,INDUSINDBK.NS,IndusInd Bank,Banking
2022-02-22,911.3645629882812,921.7970721000095,895.7400846628027,897.6810165905661,2866135,INDUSINDBK.NS,IndusInd Bank,Banking
2022-02-23,922.6219482421875,932.4236301951134,915.2949425018776,916.1198148285703,3507003,INDUSINDBK.NS,IndusInd Bank,Banking
2022-02-24,849.7885131835938,906.7063042969821,843.1892974899781,892.3434204152189,7305449,INDUSINDBK.NS,IndusInd Bank,Banking
2022-02-25,899.67041015625,902.3391914091573,868.5669895825124,872.157725296568,4821342,INDUSINDBK.NS,IndusInd Bank,Banking
2022-02-28,893.5079956054688,897.4868822343946,876.3307367593587,888.9467938777105,3299912,INDUSINDBK.NS,IndusInd Bank,Banking
2022-03-02,879.581787109375,885.6957699596929,861.3370391576981,880.212613667754,4507940,INDUSINDBK.NS,IndusInd Bank,Banking
2022-03-03,885.3075561523438,898.6514628633273,879.7273769822962,890.8877353223914,3731807,INDUSINDBK.NS,IndusInd Bank,Banking
2022-03-04,875.2632446289062,895.6430291279125,864.6851423149777,869.5374719575982,3623960,INDUSINDBK.NS,IndusInd Bank,Banking
2022-03-07,809.7567749023438,870.459405419383,801.1196046540038,852.0690646713692,6323502,INDUSINDBK.NS,IndusInd Bank,Banking
2022-03-08,815.8707275390625,822.7610120194937,791.9002069764772,806.5542189762856,6163433,INDUSINDBK.NS,IndusInd Bank,Banking
2022-03-09,849.497314453125,854.0100046479736,813.4930527229135,837.5120841036377,6967640,INDUSINDBK.NS,IndusInd Bank,Banking
2022-03-10,877.5923461914062,900.5924010385763,864.3940329726504,882.9299089130789,6312569,INDUSINDBK.NS,IndusInd Bank,Banking
2022-03-11,875.1176147460938,888.4615207097852,866.5775267758386,873.4192994416239,3451877,INDUSINDBK.NS,IndusInd Bank,Banking
2022-03-14,880.794921875,887.0059279959984,865.9468038546174,872.4489379304185,3718477,INDUSINDBK.NS,IndusInd Bank,Banking
2022-03-15,870.1683349609375,894.7696235867093,861.0459311576006,889.820270836893,4390735,INDUSINDBK.NS,IndusInd Bank,Banking
2022-03-16,901.2232055664062,908.3561064270646,884.6282026979266,885.064924210986,5705364,INDUSINDBK.NS,IndusInd Bank,Banking
2022-03-17,904.9109497070312,921.4573816275051,902.0965748747639,916.0713076730306,4492246,INDUSINDBK.NS,IndusInd Bank,Banking
2022-03-21,886.423583984375,910.297021626117,884.0944421123589,910.297021626117,2363059,INDUSINDBK.NS,IndusInd Bank,Banking
2022-03-22,900.30126953125,904.4742612505977,876.9130047040225,888.9468061218321,2764481,INDUSINDBK.NS,IndusInd Bank,Banking
2022-03-23,903.8433837890625,916.5565224992674,900.6893696436641,905.4446762020489,2433056,INDUSINDBK.NS,IndusInd Bank,Banking
2022-03-24,897.4868774414062,910.248528074448,888.1704282352395,894.7695846923192,2923793,INDUSINDBK.NS,IndusInd Bank,Banking
2022-03-25,898.8941040039062,905.7358772405045,888.995339271201,902.5333513885374,1984601,INDUSINDBK.NS,IndusInd Bank,Banking
2022-03-28,907.53125,915.0523610558511,893.071283760896,895.7885765539212,2654339,INDUSINDBK.NS,IndusInd Bank,Banking
2022-03-29,901.7084350585938,916.6050632672749,894.1873241636002,912.1894551689801,3351562,INDUSINDBK.NS,IndusInd Bank,Banking
2022-03-30,898.9425659179688,917.0902903891075,895.6915287932028,911.6071342720725,4849869,INDUSINDBK.NS,IndusInd Bank,Banking
2022-03-31,907.7738647460938,910.7337740191194,896.7105293276071,902.5333249725916,2311242,INDUSINDBK.NS,IndusInd Bank,Banking
2022-04-01,939.9932250976562,942.273855448925,901.7083936226571,901.9995215393516,5222165,INDUSINDBK.NS,IndusInd Bank,Banking
2022-04-04,958.0440063476562,965.4195239413178,929.7548999563936,946.2043098041119,5033678,INDUSINDBK.NS,IndusInd Bank,Banking
2022-04-05,944.5059814453125,964.6431498141696,939.4110352315053,964.6431498141696,3827808,INDUSINDBK.NS,IndusInd Bank,Banking
2022-04-06,939.7021484375,949.8435292553679,932.61775899301,938.4405545746521,2406015,INDUSINDBK.NS,IndusInd Bank,Banking
2022-04-07,943.8751831054688,957.7528939268495,931.6473355197885,932.1325685070384,3182285,INDUSINDBK.NS,IndusInd Bank,Banking
2022-04-08,956.4912109375,960.7612847851167,939.653650498171,942.3224318447963,2659878,INDUSINDBK.NS,IndusInd Bank,Banking
2022-04-11,951.4933471679688,969.3984556911876,947.9511227773919,954.5502793537365,2413145,INDUSINDBK.NS,IndusInd Bank,Banking
2022-04-12,956.0059814453125,958.480716998133,937.4701055361137,948.1452309614732,1963842,INDUSINDBK.NS,IndusInd Bank,Banking
2022-04-13,954.3562622070312,966.8267262757645,952.9975861508665,962.702245887637,2060127,INDUSINDBK.NS,IndusInd Bank,Banking
2022-04-18,948.5819091796875,953.9679830973613,937.5670856359377,943.2928581593441,1575552,INDUSINDBK.NS,IndusInd Bank,Banking
2022-04-19,935.3350219726562,959.7422630349927,922.9130703071434,950.959558492142,1747142,INDUSINDBK.NS,IndusInd Bank,Banking
2022-04-20,943.82666015625,953.7254248220768,924.3688294510589,937.033398417502,2421543,INDUSINDBK.NS,IndusInd Bank,Banking
2022-04-21,960.0333862304688,963.3815054133373,947.2717360234981,947.2717360234981,1957820,INDUSINDBK.NS,IndusInd Bank,Banking
2022-04-22,931.501708984375,958.8203488933297,928.8329276488926,951.0566213719262,1942893,INDUSINDBK.NS,IndusInd Bank,Banking
2022-04-25,918.5945434570312,930.1431120849294,903.5038096113204,917.0903330641222,2096910,INDUSINDBK.NS,IndusInd Bank,Banking
2022-04-26,951.4933471679688,954.3076628676022,929.8033977680388,933.58823864475,2673266,INDUSINDBK.NS,IndusInd Bank,Banking
2022-04-27,945.7190551757812,950.8625127930306,938.5861542350959,941.44898136191,1476543,INDUSINDBK.NS,IndusInd Bank,Banking
2022-04-28,959.1599731445312,963.1389189759899,943.2928789660501,949.1156745152233,2003774,INDUSINDBK.NS,IndusInd Bank,Banking
2022-04-29,949.6494140625,979.6853461296239,946.398376923882,960.761260691756,3476442,INDUSINDBK.NS,IndusInd Bank,Banking
2022-05-02,988.0313110351562,995.6980153532107,937.9067827413521,943.2928566504102,8962019,INDUSINDBK.NS,IndusInd Bank,Banking
2022-05-04,949.4067993164062,998.6094333912282,942.3224099347741,995.2128026654077,4565643,INDUSINDBK.NS,IndusInd Bank,Banking
2022-05-05,909.1325073242188,965.6136385299675,904.4742825225425,965.6136385299675,4679266,INDUSINDBK.NS,IndusInd Bank,Banking
2022-05-06,888.3645629882812,906.7063340826655,875.845528418152,891.8582167493425,3713381,INDUSINDBK.NS,IndusInd Bank,Banking
2022-05-09,863.423583984375,885.8413241627584,854.9805182122743,885.8413241627584,3283626,INDUSINDBK.NS,IndusInd Bank,Banking
2022-05-10,883.8518676757812,892.828677750995,861.7737672205257,861.7737672205257,3972560,INDUSINDBK.NS,IndusInd Bank,Banking
2022-05-11,896.0796508789062,900.5923409354446,864.9762311230634,883.9973980013083,4209334,INDUSINDBK.NS,IndusInd Bank,Banking
2022-05-12,844.2083740234375,889.4320646945977,830.7188732990459,888.9468317078575,4776857,INDUSINDBK.NS,IndusInd Bank,Banking
2022-05-13,846.5859375,867.7421423388982,843.0922838154785,859.8328212495124,2932319,INDUSINDBK.NS,IndusInd Bank,Banking
2022-05-16,859.7357788085938,872.2547535873806,839.9867618754572,850.8074805335237,1971123,INDUSINDBK.NS,IndusInd Bank,Banking
2022-05-17,877.1555786132812,878.271638089504,861.8707407128286,863.7146496128825,2038983,INDUSINDBK.NS,IndusInd Bank,Banking
2022-05-18,876.476318359375,890.839202112781,872.497372552308,880.2125884541748,2665522,INDUSINDBK.NS,IndusInd Bank,Banking
2022-05-19,840.6660766601562,864.5395138454558,834.6976877475628,861.7737097537879,2656251,INDUSINDBK.NS,IndusInd Bank,Banking
2022-05-20,870.022705078125,873.4193358285695,855.1745882155473,861.7737446841885,2286465,INDUSINDBK.NS,IndusInd Bank,Banking
2022-05-23,875.7484741210938,894.7695825517376,872.400354834452,873.4193322088545,2577890,INDUSINDBK.NS,IndusInd Bank,Banking
2022-05-24,871.4298706054688,889.9172342357228,868.8581122660798,878.6598534389514,2149695,INDUSINDBK.NS,IndusInd Bank,Banking
2022-05-25,866.9656982421875,896.2252691634409,863.2779396254347,880.988942508199,3664893,INDUSINDBK.NS,IndusInd Bank,Banking
2022-05-26,871.0902099609375,880.01850851602,851.5353566767908,875.9425396938583,3909078,INDUSINDBK.NS,IndusInd Bank,Banking
2022-05-27,898.0692138671875,899.6219356942476,878.4657898297152,881.522722032841,2509528,INDUSINDBK.NS,IndusInd Bank,Banking
2022-05-30,908.5502319335938,918.4975078958803,904.5712860091547,908.3561268975776,2036338,INDUSINDBK.NS,IndusInd Bank,Banking
2022-05-31,903.358154296875,912.1894294772719,898.6514184010723,898.6514184010723,1249259,INDUSINDBK.NS,IndusInd Bank,Banking
2022-06-01,900.9320068359375,910.6366659680424,891.5670463129795,903.3581716189638,1144864,INDUSINDBK.NS,IndusInd Bank,Banking
2022-06-02,915.100830078125,917.0902733218924,893.7990917772095,893.7990917772095,1735855,INDUSINDBK.NS,IndusInd Bank,Banking
2022-06-03,897.0015869140625,925.6303299232985,894.769527271714,921.9425714838701,1398174,INDUSINDBK.NS,IndusInd Bank,Banking
2022-06-06,901.3202514648438,906.3666862536046,891.3729754729034,892.8286743985532,1417254,INDUSINDBK.NS,IndusInd Bank,Banking
2022-06-07,896.4193725585938,902.4847844936924,889.4320061628525,896.9531169623748,929573,INDUSINDBK.NS,IndusInd Bank,Banking
2022-06-08,886.7147216796875,910.297031655382,879.7758666686166,901.5628383878998,1905868,INDUSINDBK.NS,IndusInd Bank,Banking
2022-06-09,893.1197509765625,896.2252536858689,879.581739900041,881.1830323191867,1031195,INDUSINDBK.NS,IndusInd Bank,Banking
2022-06-10,886.2294921875,897.6809782253808,876.5733444130543,885.5501541953081,882217,INDUSINDBK.NS,IndusInd Bank,Banking
2022-06-13,839.8897094726562,873.7589332169202,834.6976814641298,868.5669644409304,3353078,INDUSINDBK.NS,IndusInd Bank,Banking
2022-06-14,819.2673950195312,844.2568940916769,815.4825539913154,838.4826096440318,3770890,INDUSINDBK.NS,IndusInd Bank,Banking
2022-06-15,818.3939208984375,831.6893162129946,803.5458037623799,826.8369864801301,3911673,INDUSINDBK.NS,IndusInd Bank,Banking
2022-06-16,785.689208984375,834.0184606531819,781.3706828953405,828.7779208331178,3141825,INDUSINDBK.NS,IndusInd Bank,Banking
2022-06-17,783.0689697265625,797.5773877553308,773.2187170061081,786.0773903670506,2624540,INDUSINDBK.NS,IndusInd Bank,Banking
2022-06-20,760.893798828125,790.5415210752465,746.7735314254576,790.5415210752465,3103978,INDUSINDBK.NS,IndusInd Bank,Banking
2022-06-21,775.2566528320312,785.4951153615037,760.3115136597983,772.5393601854922,3425596,INDUSINDBK.NS,IndusInd Bank,Banking
2022-06-22,754.682861328125,778.1680896712379,745.0267133863694,776.0331119909841,3066728,INDUSINDBK.NS,IndusInd Bank,Banking
2022-06-23,761.7672729492188,770.8411060512976,740.6596381584882,757.9339205315202,3888446,INDUSINDBK.NS,IndusInd Bank,Banking
2022-06-24,782.6807861328125,791.754619042824,769.0942628769423,770.5014503463798,4706175,INDUSINDBK.NS,IndusInd Bank,Banking
2022-06-27,799.1786499023438,805.1955501877029,793.5014482135384,795.0056584767441,2569316,INDUSINDBK.NS,IndusInd Bank,Banking
2022-06-28,792.4824829101562,799.1787217581593,788.0183631665154,794.8116249179509,1280737,INDUSINDBK.NS,IndusInd Bank,Banking
2022-06-29,784.9127807617188,793.210252071493,764.9212076103594,781.2250223165454,3774208,INDUSINDBK.NS,IndusInd Bank,Banking
2022-06-30,770.8895874023438,792.5795364661091,766.9107007844249,787.8242297185615,2686640,INDUSINDBK.NS,IndusInd Bank,Banking
2022-07-01,783.360107421875,786.0774001685423,759.8748201629243,769.5794794242643,2796110,INDUSINDBK.NS,IndusInd Bank,Banking
2022-07-04,807.4276733398438,815.1914009681116,787.241993352856,788.794715185493,4711395,INDUSINDBK.NS,IndusInd Bank,Banking
2022-07-05,799.7124633789062,814.2209413435141,796.8010654956756,808.3981455770528,1836183,INDUSINDBK.NS,IndusInd Bank,Banking
2022-07-06,811.84326171875,815.1913810230311,800.6829035261728,805.2926166926721,1660551,INDUSINDBK.NS,IndusInd Bank,Banking
2022-07-07,835.5712280273438,837.9003701260126,815.434058478485,816.161907980251,3868679,INDUSINDBK.NS,IndusInd Bank,Banking
2022-07-08,823.5374145507812,841.8792454354175,821.2083317167683,841.3940124409302,1342616,INDUSINDBK.NS,IndusInd Bank,Banking
2022-07-11,832.9994506835938,834.6007432444636,818.1513330281949,820.0437535367113,1503503,INDUSINDBK.NS,IndusInd Bank,Banking
2022-07-12,822.0330810546875,835.7166849902967,820.0436379216212,824.8959671400924,1221366,INDUSINDBK.NS,IndusInd Bank,Banking
2022-07-13,794.860107421875,830.8644289327766,766.1828510620699,830.8644289327766,10850036,INDUSINDBK.NS,IndusInd Bank,Banking
2022-07-14,796.6555786132812,805.2926906420212,789.6682114306462,798.7905564688393,2463571,INDUSINDBK.NS,IndusInd Bank,Banking
2022-07-15,790.9782104492188,804.5162214381412,787.2419404721047,799.8094855726821,1365475,INDUSINDBK.NS,IndusInd Bank,Banking
2022-07-18,825.9150390625,828.0015645585297,798.8875859118341,801.6048787390175,2536142,INDUSINDBK.NS,IndusInd Bank,Banking
2022-07-19,842.4614868164062,846.0522227602362,815.1914166892241,816.1618826614731,2608372,INDUSINDBK.NS,IndusInd Bank,Banking
2022-07-20,853.3306884765625,870.9446689657389,847.022659871877,859.8328221155925,3995680,INDUSINDBK.NS,IndusInd Bank,Banking
2022-07-21,920.0986938476562,933.5881935176941,866.2378365293278,876.3307055576693,23581540,INDUSINDBK.NS,IndusInd Bank,Banking
2022-07-22,914.6156005859375,927.7654017028967,910.9278420072662,921.9911177432801,4842122,INDUSINDBK.NS,IndusInd Bank,Banking
2022-07-25,933.63671875,937.9553039047083,911.8012357310078,912.2379572378953,6043152,INDUSINDBK.NS,IndusInd Bank,Banking
2022-07-26,933.199951171875,941.2548652294703,923.7379089974442,930.6767636183744,2983144,INDUSINDBK.NS,IndusInd Bank,Banking
2022-07-27,950.8624877929688,954.6958399880945,927.0375615233822,932.3266125850718,3405140,INDUSINDBK.NS,IndusInd Bank,Banking
2022-07-28,987.6431884765625,989.8752482683066,959.8878273483391,965.0798556116231,7001490,INDUSINDBK.NS,IndusInd Bank,Banking
2022-07-29,1012.6812133789062,1018.9406713367108,988.662181245578,992.0103006015804,5862550,INDUSINDBK.NS,IndusInd Bank,Banking
2022-08-01,1009.4301147460938,1016.9512253605834,994.2908706215553,1009.2845211702179,4299697,INDUSINDBK.NS,IndusInd Bank,Banking
2022-08-02,1035.729736328125,1040.2424264759782,1001.5693838839845,1002.4912791070069,5074834,INDUSINDBK.NS,IndusInd Bank,Banking
2022-08-03,1027.0440673828125,1038.3984705627508,1020.4934228255241,1032.1390131495923,2753893,INDUSINDBK.NS,IndusInd Bank,Banking
2022-08-04,1019.1832885742188,1041.164365932727,1012.9724012951073,1029.761391073145,2142720,INDUSINDBK.NS,IndusInd Bank,Banking
2022-08-05,1005.6939086914062,1026.510355877409,1003.0251273360171,1024.326807495727,2382020,INDUSINDBK.NS,IndusInd Bank,Banking
2022-08-08,1019.1832885742188,1026.4617831654414,1003.1706004735292,1005.6939067038847,2057991,INDUSINDBK.NS,IndusInd Bank,Banking
2022-08-10,1031.7022705078125,1035.972344143903,1012.2445003689792,1014.5250715319249,2727232,INDUSINDBK.NS,IndusInd Bank,Banking
2022-08-11,1055.7681884765625,1062.4205935522168,1045.7897002829832,1047.4038991019188,3998702,INDUSINDBK.NS,IndusInd Bank,Banking
2022-08-12,1056.990966796875,1064.426049338845,1052.1974522894116,1053.7626888277603,2463516,INDUSINDBK.NS,IndusInd Bank,Banking
2022-08-16,1060.9041748046875,1073.0839297716989,1051.7572076046579,1061.4422808717068,3083931,INDUSINDBK.NS,IndusInd Bank,Banking
2022-08-17,1064.9639892578125,1071.2250545565498,1058.507314182819,1059.4856019038752,1768441,INDUSINDBK.NS,IndusInd Bank,Banking
2022-08-18,1081.1058349609375,1083.4047874304874,1058.0672286870802,1058.9965543386327,2407824,INDUSINDBK.NS,IndusInd Bank,Banking
2022-08-19,1040.2135009765625,1080.9590936999643,1036.9851033585235,1080.9590936999643,3660413,INDUSINDBK.NS,IndusInd Bank,Banking
2022-08-22,1034.245849609375,1044.1266522617464,1022.7999297275863,1032.0936641440494,2662510,INDUSINDBK.NS,IndusInd Bank,Banking
2022-08-23,1047.795166015625,1055.4747011421912,1011.6473611866649,1012.5278440654832,3030759,INDUSINDBK.NS,IndusInd Bank,Banking
2022-08-24,1077.975341796875,1081.0080100678372,1053.6159518941724,1053.6159518941724,3685015,INDUSINDBK.NS,IndusInd Bank,Banking
2022-08-25,1066.2847900390625,1095.4378156194457,1059.192203155168,1084.9212212743607,3775014,INDUSINDBK.NS,IndusInd Bank,Banking
2022-08-26,1046.5234375,1077.779686837086,1041.5341933014852,1074.1600695255902,3662548,INDUSINDBK.NS,IndusInd Bank,Banking
2022-08-29,1036.202392578125,1039.8221290990973,1018.397602341648,1027.202192563622,1642550,INDUSINDBK.NS,IndusInd Bank,Banking
2022-08-30,1083.40478515625,1085.7038570408724,1046.7679545161443,1048.52892033843,3200407,INDUSINDBK.NS,IndusInd Bank,Banking
2022-09-01,1087.2691650390625,1096.6607047281323,1071.2252200511193,1073.8177067964114,3487969,INDUSINDBK.NS,IndusInd Bank,Banking
2022-09-02,1076.850341796875,1095.1932388295268,1071.2251867068617,1092.698557065125,2428618,INDUSINDBK.NS,IndusInd Bank,Banking
2022-09-05,1083.94287109375,1088.2962039903828,1072.7415236685465,1075.6274248804857,2419887,INDUSINDBK.NS,IndusInd Bank,Banking
2022-09-06,1084.7254638671875,1094.4593788429083,1073.7685698304147,1090.7907999194124,2516672,INDUSINDBK.NS,IndusInd Bank,Banking
2022-09-07,1066.2847900390625,1076.1166306598707,1062.4206008151089,1071.2251914295987,3165749,INDUSINDBK.NS,IndusInd Bank,Banking
2022-09-08,1084.236328125,1090.790808082744,1073.5729680902584,1079.051355439701,2995969,INDUSINDBK.NS,IndusInd Bank,Banking
2022-09-09,1112.4599609375,1124.5907531629146,1092.307256770384,1094.7040140376293,4751837,INDUSINDBK.NS,IndusInd Bank,Banking
2022-09-12,1112.1663818359375,1120.139450718479,1103.5085593104318,1119.454697075515,1918731,INDUSINDBK.NS,IndusInd Bank,Banking
2022-09-13,1138.5313720703125,1140.243375694242,1112.1176018725434,1120.1395139424262,3571187,INDUSINDBK.NS,IndusInd Bank,Banking
2022-09-14,1189.353515625,1198.4026787091302,1117.4983170654655,1123.661459189738,9043198,INDUSINDBK.NS,IndusInd Bank,Banking
2022-09-15,1169.885498046875,1193.5111734378424,1159.3200609503508,1192.5328855907621,4063705,INDUSINDBK.NS,IndusInd Bank,Banking
2022-09-16,1200.7015380859375,1223.8870311895314,1159.27107258268,1169.8854715995626,16270762,INDUSINDBK.NS,IndusInd Bank,Banking
2022-09-19,1199.13623046875,1228.7294354221906,1191.5545002740669,1199.380802410514,6074889,INDUSINDBK.NS,IndusInd Bank,Banking
2022-09-20,1236.6536865234375,1248.0997263834088,1213.0769724746456,1214.2998323259305,5704241,INDUSINDBK.NS,IndusInd Bank,Banking
2022-09-21,1197.6688232421875,1237.534050562685,1195.272065931981,1232.6426116276546,6121456,INDUSINDBK.NS,IndusInd Bank,Banking
2022-09-22,1190.1361083984375,1211.6094785178134,1178.8368361840655,1192.5328658160795,5463724,INDUSINDBK.NS,IndusInd Bank,Banking
2022-09-23,1157.6568603515625,1187.5924435640525,1150.515430964148,1183.728254468252,4197496,INDUSINDBK.NS,IndusInd Bank,Banking
2022-09-26,1124.6396484375,1154.379621902702,1111.0414239226322,1144.5967437509842,5082576,INDUSINDBK.NS,IndusInd Bank,Banking
2022-09-27,1139.8031005859375,1152.423037186132,1115.835049303204,1141.1237652420268,4493527,INDUSINDBK.NS,IndusInd Bank,Banking
2022-09-28,1116.1285400390625,1134.8138125514045,1108.4000427765009,1130.1179834901307,4898528,INDUSINDBK.NS,IndusInd Bank,Banking
2022-09-29,1117.4493408203125,1149.2926593641141,1112.6068635394156,1134.813950844003,4998273,INDUSINDBK.NS,IndusInd Bank,Banking
2022-09-30,1159.4666748046875,1166.4126138524753,1104.2913373730935,1116.2264009917235,4392250,INDUSINDBK.NS,IndusInd Bank,Banking
2022-10-03,1131.145263671875,1160.1515206956346,1128.0147904938879,1152.4230232263512,3397982,INDUSINDBK.NS,IndusInd Bank,Banking
2022-10-04,1192.7774658203125,1195.467757418431,1150.613283202874,1159.17330192416,4446589,INDUSINDBK.NS,IndusInd Bank,Banking
2022-10-06,1174.8258056640625,1208.1364325462355,1171.3039935796771,1198.4025170127425,2773277,INDUSINDBK.NS,IndusInd Bank,Banking
2022-10-07,1187.054443359375,1191.4077763122543,1156.8253263801344,1174.9236507251935,3338767,INDUSINDBK.NS,IndusInd Bank,Banking
2022-10-10,1184.0218505859375,1190.478526609912,1157.559116074006,1167.1952276587162,2547644,INDUSINDBK.NS,IndusInd Bank,Banking
2022-10-11,1139.31396484375,1189.5490202326268,1136.7704404101169,1188.6196945768434,21664338,INDUSINDBK.NS,IndusInd Bank,Banking
2022-10-12,1163.233154296875,1166.2168604296498,1130.9984996920518,1149.5371251211425,3412460,INDUSINDBK.NS,IndusInd Bank,Banking
2022-10-13,1158.537353515625,1170.7659512939197,1141.6618885815785,1163.2331828304502,1982808,INDUSINDBK.NS,IndusInd Bank,Banking
2022-10-14,1155.94482421875,1189.9403247871062,1153.5969096480353,1175.1682031003752,2918993,INDUSINDBK.NS,IndusInd Bank,Banking
2022-10-17,1173.60302734375,1177.662945750598,1138.7270420765822,1152.4230717922799,3419791,INDUSINDBK.NS,IndusInd Bank,Banking
2022-10-18,1196.6905517578125,1201.9733297635923,1176.9780286971154,1180.7933750023951,3451130,INDUSINDBK.NS,IndusInd Bank,Banking
2022-10-19,1191.9459228515625,1204.9570794138933,1183.728281148042,1201.239657290328,3896969,INDUSINDBK.NS,IndusInd Bank,Banking
2022-10-20,1134.764892578125,1187.6413962499646,1125.1287815749035,1187.6413962499646,11242103,INDUSINDBK.NS,IndusInd Bank,Banking
2022-10-21,1117.4493408203125,1143.6185418419307,1114.3677100870561,1140.6836781759548,5309754,INDUSINDBK.NS,IndusInd Bank,Banking
2022-10-24,1120.9710693359375,1134.8138658071337,1118.182972946167,1134.8138658071337,674170,INDUSINDBK.NS,IndusInd Bank,Banking
2022-10-25,1112.75341796875,1128.014803289268,1097.443309329734,1120.9710594290525,3514202,INDUSINDBK.NS,IndusInd Bank,Banking
2022-10-27,1117.69384765625,1128.552818703547,1110.5522987172692,1125.0310063935995,2590606,INDUSINDBK.NS,IndusInd Bank,Banking
2022-10-28,1122.0960693359375,1135.7920980811016,1112.8023355445762,1120.1394938009141,2778938,INDUSINDBK.NS,IndusInd Bank,Banking
2022-10-31,1117.840576171875,1134.4225065785802,1114.2208396676501,1129.9224065921492,2048520,INDUSINDBK.NS,IndusInd Bank,Banking
2022-11-01,1126.156005859375,1134.7160239649952,1120.1395121068742,1121.6069437821236,2664189,INDUSINDBK.NS,IndusInd Bank,Banking
2022-11-02,1113.4871826171875,1132.563795683881,1110.356709266512,1121.117875611826,1947283,INDUSINDBK.NS,IndusInd Bank,Banking
2022-11-03,1123.074462890625,1125.9603643086625,1100.8184140833414,1108.840326764598,1742221,INDUSINDBK.NS,IndusInd Bank,Banking
2022-11-04,1127.67236328125,1132.8573366834278,1117.3025358967989,1128.6996132974998,1571565,INDUSINDBK.NS,IndusInd Bank,Banking
2022-11-07,1119.30810546875,1132.8573687673486,1114.5144709569963,1132.8573687673486,2601148,INDUSINDBK.NS,IndusInd Bank,Banking
2022-11-09,1124.052734375,1147.4338377642569,1119.1612951479547,1130.9007492928633,3456108,INDUSINDBK.NS,IndusInd Bank,Banking
2022-11-10,1102.872802734375,1132.6617399298752,1093.7258350639306,1118.1830317335175,2072769,INDUSINDBK.NS,IndusInd Bank,Banking
2022-11-11,1115.248046875,1136.2322715679804,1106.0521180431049,1115.248046875,2198448,INDUSINDBK.NS,IndusInd Bank,Banking
2022-11-14,1127.9168701171875,1134.8138468682682,1109.5251311474676,1120.8242835742608,2007506,INDUSINDBK.NS,IndusInd Bank,Banking
2022-11-15,1127.819091796875,1142.3956042297943,1122.2428989789992,1132.7105309072574,1802234,INDUSINDBK.NS,IndusInd Bank,Banking
2022-11-16,1119.259033203125,1132.857257326166,1111.334926012543,1126.0092428172861,2331206,INDUSINDBK.NS,IndusInd Bank,Banking
2022-11-17,1121.60693359375,1127.721232185081,1112.8513057789219,1116.666532563997,1721557,INDUSINDBK.NS,IndusInd Bank,Banking
2022-11-18,1104.14453125,1126.351616177925,1097.6388936026894,1126.351616177925,2082130,INDUSINDBK.NS,IndusInd Bank,Banking
2022-11-21,1114.269775390625,1117.2536008714374,1092.7474443470835,1095.2421259405428,2602264,INDUSINDBK.NS,IndusInd Bank,Banking
2022-11-22,1144.0098876953125,1147.7762722051,1113.780767871729,1118.183063396914,3927395,INDUSINDBK.NS,IndusInd Bank,Banking
2022-11-23,1148.8521728515625,1157.31438560748,1135.7920555285582,1150.4663714914595,3265438,INDUSINDBK.NS,IndusInd Bank,Banking
2022-11-24,1150.0262451171875,1161.1786302497087,1142.2487856306827,1154.3795779610318,3496170,INDUSINDBK.NS,IndusInd Bank,Banking
2022-11-25,1161.325439453125,1167.8800394551265,1150.5154307665293,1154.379619861666,4715695,INDUSINDBK.NS,IndusInd Bank,Banking
2022-11-28,1171.842041015625,1179.2770045618215,1153.1078053832396,1154.3796273168878,2846018,INDUSINDBK.NS,IndusInd Bank,Banking
2022-11-29,1154.966552734375,1173.7985928833698,1152.8632100805078,1166.1190575377593,1875146,INDUSINDBK.NS,IndusInd Bank,Banking
2022-11-30,1142.444580078125,1157.9992610996037,1137.7487507079304,1154.379643882509,2421938,INDUSINDBK.NS,IndusInd Bank,Banking
2022-12-01,1148.412109375,1155.308966935694,1136.868265194403,1149.488202105757,2693170,INDUSINDBK.NS,IndusInd Bank,Banking
2022-12-02,1153.1077880859375,1160.0047648797472,1141.7108306926136,1144.2543551018555,2299901,INDUSINDBK.NS,IndusInd Bank,Banking
2022-12-05,1169.5430908203125,1171.9888103745163,1154.2328625270159,1156.3362052276113,3842074,INDUSINDBK.NS,IndusInd Bank,Banking
2022-12-06,1158.3905029296875,1181.7716040798143,1153.4012592798852,1172.9180521587764,3130375,INDUSINDBK.NS,IndusInd Bank,Banking
2022-12-07,1139.3629150390625,1163.1841991872182,1136.2323224137015,1158.292760166246,2752097,INDUSINDBK.NS,IndusInd Bank,Banking
2022-12-08,1164.9940185546875,1168.369183162426,1137.797688997579,1139.7053024655056,3666432,INDUSINDBK.NS,IndusInd Bank,Banking
2022-12-09,1176.3909912109375,1189.5978755197505,1163.4286788337693,1169.5429771248862,6171282,INDUSINDBK.NS,IndusInd Bank,Banking
2022-12-12,1180.548828125,1193.413336856582,1169.2985181822303,1175.2172072679082,2790292,INDUSINDBK.NS,IndusInd Bank,Banking
2022-12-13,1208.136474609375,1214.0062014276787,1183.2390977896964,1186.4674953077226,4161518,INDUSINDBK.NS,IndusInd Bank,Banking
2022-12-14,1225.94140625,1229.707790475272,1206.2288827812333,1214.7889012113517,3913725,INDUSINDBK.NS,IndusInd Bank,Banking
2022-12-15,1212.685546875,1245.8984897170549,1208.1854468274767,1225.5500554762116,3097282,INDUSINDBK.NS,IndusInd Bank,Banking
2022-12-16,1202.853759765625,1221.6857990937979,1181.967220611192,1208.185380274995,1944616,INDUSINDBK.NS,IndusInd Bank,Banking
2022-12-19,1196.984130859375,1214.7399595669328,1185.7826634725668,1207.158228829359,1382378,INDUSINDBK.NS,IndusInd Bank,Banking
2022-12-20,1201.9732666015625,1207.5494590024825,1183.679214044717,1188.6196149447483,1245359,INDUSINDBK.NS,IndusInd Bank,Banking
2022-12-21,1175.706298828125,1211.2670356581061,1165.0917809057867,1209.1636930523937,1495106,INDUSINDBK.NS,IndusInd Bank,Banking
2022-12-22,1154.5263671875,1182.5543364476146,1144.7923319581605,1181.6248913887887,2126536,INDUSINDBK.NS,IndusInd Bank,Banking
2022-12-23,1122.9276123046875,1154.0860544333484,1118.1829404222208,1134.8627949567572,2621761,INDUSINDBK.NS,IndusInd Bank,Banking
2022-12-26,1169.7386474609375,1181.7716348887727,1116.2263538146437,1125.030943809676,2100374,INDUSINDBK.NS,IndusInd Bank,Banking
2022-12-27,1176.244384765625,1183.679348618773,1159.2711142760286,1175.559631031483,1462244,INDUSINDBK.NS,IndusInd Bank,Banking
2022-12-28,1187.7882080078125,1200.3591829015704,1168.0756840949268,1171.988835465429,2834356,INDUSINDBK.NS,IndusInd Bank,Banking
2022-12-29,1204.4190673828125,1208.08764668925,1175.7063438950743,1179.8151049503247,3134405,INDUSINDBK.NS,IndusInd Bank,Banking
2022-12-30,1193.60888671875,1211.1202617213164,1185.195635763631,1211.1202617213164,1767556,INDUSINDBK.NS,IndusInd Bank,Banking
2023-01-02,1199.7232666015625,1204.3701338334347,1185.4402880465257,1193.6089676122572,2587946,INDUSINDBK.NS,IndusInd Bank,Banking
2023-01-03,1214.0062255859375,1222.713011090329,1195.7612532318942,1199.9189764775963,2195814,INDUSINDBK.NS,IndusInd Bank,Banking
2023-01-04,1196.5438232421875,1245.7517489518098,1179.9129301008704,1230.6860924574598,8001367,INDUSINDBK.NS,IndusInd Bank,Banking
2023-01-05,1189.4512939453125,1205.739811016659,1177.6629966538485,1202.5603754095157,2364186,INDUSINDBK.NS,IndusInd Bank,Banking
2023-01-06,1156.2384033203125,1191.261035775167,1150.564286171922,1187.6414185935423,3029739,INDUSINDBK.NS,IndusInd Bank,Banking
2023-01-09,1192.1905517578125,1197.033029007677,1162.2549664406786,1164.3093471097147,2836421,INDUSINDBK.NS,IndusInd Bank,Banking
2023-01-10,1200.897216796875,1204.4190289346498,1178.8367795037634,1188.6196573419688,2442613,INDUSINDBK.NS,IndusInd Bank,Banking
2023-01-11,1186.9075927734375,1211.315823958457,1181.184633415936,1205.6418267555907,2675249,INDUSINDBK.NS,IndusInd Bank,Banking
2023-01-12,1182.896728515625,1198.1579944569387,1171.3040418592375,1187.6414005068166,1862790,INDUSINDBK.NS,IndusInd Bank,Banking
2023-01-13,1207.5985107421875,1210.4355693085142,1183.826068911805,1186.6631274781316,2184432,INDUSINDBK.NS,IndusInd Bank,Banking
2023-01-16,1212.3431396484375,1222.859733355293,1205.8375019830082,1213.0768554884507,2398823,INDUSINDBK.NS,IndusInd Bank,Banking
2023-01-17,1203.6363525390625,1213.0768535494549,1186.3695492477061,1213.0768535494549,1803413,INDUSINDBK.NS,IndusInd Bank,Banking
2023-01-18,1196.4459228515625,1211.1202391580002,1191.55448408275,1205.2505126354251,1865108,INDUSINDBK.NS,IndusInd Bank,Banking
2023-01-19,1174.4835205078125,1217.9683674658404,1157.5590930152255,1188.6197321052177,9691261,INDUSINDBK.NS,IndusInd Bank,Banking
2023-01-20,1176.3421630859375,1201.3374651158776,1172.4779738936315,1182.3586571738779,4144033,INDUSINDBK.NS,IndusInd Bank,Banking
2023-01-23,1178.5433349609375,1193.6579540214977,1174.4345737246151,1186.3696378262412,1848813,INDUSINDBK.NS,IndusInd Bank,Banking
2023-01-24,1185.9783935546875,1193.3155523383223,1172.3312065651855,1180.1086665277796,2472106,INDUSINDBK.NS,IndusInd Bank,Banking
2023-01-25,1131.04736328125,1184.7064204559072,1126.3515344908442,1183.7281327428966,3420414,INDUSINDBK.NS,IndusInd Bank,Banking
2023-01-27,1092.1605224609375,1143.27605994808,1081.9863054694695,1137.7976721587966,4781085,INDUSINDBK.NS,IndusInd Bank,Banking
2023-01-30,1065.4044189453125,1100.3782091933178,1032.0936702558247,1085.8995014066022,7991091,INDUSINDBK.NS,IndusInd Bank,Banking
2023-01-31,1059.436767578125,1074.991568103689,1045.1537890113432,1073.2307216452623,6080048,INDUSINDBK.NS,IndusInd Bank,Banking
2023-02-01,1019.2290649414062,1094.703988477809,968.5048691626727,1070.2467948120848,7563064,INDUSINDBK.NS,IndusInd Bank,Banking
2023-02-02,1052.5399169921875,1057.5291611208957,1006.0712443249881,1012.4301153215522,4494575,INDUSINDBK.NS,IndusInd Bank,Banking
2023-02-03,1079.589599609375,1106.4435531988936,1055.5725852357261,1085.8995084445376,9207051,INDUSINDBK.NS,IndusInd Bank,Banking
2023-02-06,1104.6336669921875,1110.3566266021492,1076.5567361477558,1084.9211444068576,2865938,INDUSINDBK.NS,IndusInd Bank,Banking
2023-02-07,1118.0850830078125,1123.2210936477636,1098.1279892085959,1109.3782982294413,3603258,INDUSINDBK.NS,IndusInd Bank,Banking
2023-02-08,1120.48193359375,1126.2538556303634,1111.33496633754,1119.1612689173817,1675932,INDUSINDBK.NS,IndusInd Bank,Banking
2023-02-09,1138.5313720703125,1142.8357427888473,1113.5850335501973,1125.1777199196836,2284751,INDUSINDBK.NS,IndusInd Bank,Banking
2023-02-10,1135.98779296875,1141.6619102133498,1122.1939582974535,1134.8138953277512,2126093,INDUSINDBK.NS,IndusInd Bank,Banking
2023-02-13,1132.221435546875,1144.596800910789,1123.6614167366447,1139.7053615906573,2112106,INDUSINDBK.NS,IndusInd Bank,Banking
2023-02-14,1131.7322998046875,1136.7705062248633,1112.31330944722,1135.4986842244634,2433798,INDUSINDBK.NS,IndusInd Bank,Banking
2023-02-15,1124.6396484375,1135.254047348134,1120.1395483716897,1129.9224265234075,2050158,INDUSINDBK.NS,IndusInd Bank,Banking
2023-02-16,1123.416748046875,1130.9984783403083,1118.867685986836,1130.2647625054599,1918858,INDUSINDBK.NS,IndusInd Bank,Banking
2023-02-17,1090.4974365234375,1119.063513864184,1084.9212434548867,1117.2047430346986,3146155,INDUSINDBK.NS,IndusInd Bank,Banking
2023-02-20,1085.214599609375,1098.4214836352103,1079.834017228479,1092.9919391010792,1613608,INDUSINDBK.NS,IndusInd Bank,Banking
2023-02-21,1077.82861328125,1088.002830564935,1072.2034582766055,1085.8994878531314,1767689,INDUSINDBK.NS,IndusInd Bank,Banking
2023-02-22,1069.0240478515625,1073.1328090526943,1055.7681997190268,1072.937199250699,1983022,INDUSINDBK.NS,IndusInd Bank,Banking
2023-02-23,1052.246337890625,1073.7198268361233,1043.4907098145134,1068.9750354517419,3193602,INDUSINDBK.NS,IndusInd Bank,Banking
2023-02-24,1055.71923828125,1065.9912595490732,1046.3765425982738,1056.5997211310414,1862986,INDUSINDBK.NS,IndusInd Bank,Banking
2023-02-27,1058.45849609375,1066.186994025984,1043.8821026019552,1056.5019203853315,2047252,INDUSINDBK.NS,IndusInd Bank,Banking
2023-02-28,1054.30078125,1066.2359648199342,1044.8603989163653,1058.996610756188,1360243,INDUSINDBK.NS,IndusInd Bank,Banking
2023-03-01,1076.556884765625,1082.5245365634967,1046.8658705266625,1053.6650431655767,4006038,INDUSINDBK.NS,IndusInd Bank,Banking
2023-03-02,1078.1221923828125,1086.3886770970385,1069.6599784431003,1076.0676923246872,3831094,INDUSINDBK.NS,IndusInd Bank,Banking
2023-03-03,1101.943359375,1108.5956445069235,1080.7634054365287,1084.9211284264406,3365349,INDUSINDBK.NS,IndusInd Bank,Banking
2023-03-06,1096.269287109375,1115.2480943534038,1092.4050980591799,1107.4217919368887,3623590,INDUSINDBK.NS,IndusInd Bank,Banking
2023-03-08,1148.75439453125,1153.4012613603097,1081.5460736347002,1085.5570295400155,7227479,INDUSINDBK.NS,IndusInd Bank,Banking
2023-03-09,1144.401123046875,1156.9720974680192,1137.0639645030283,1148.7544560149313,3086720,INDUSINDBK.NS,IndusInd Bank,Banking
2023-03-10,1119.94384765625,1137.0149208771575,1113.2914432851842,1130.0201396825564,3255900,INDUSINDBK.NS,IndusInd Bank,Banking
2023-03-13,1037.0828857421875,1095.1932056659696,1032.0936417843661,1094.7040617599105,12242080,INDUSINDBK.NS,IndusInd Bank,Banking
2023-03-14,1040.898193359375,1058.898712316486,1029.3543498379956,1037.0828471501127,5410127,INDUSINDBK.NS,IndusInd Bank,Banking
2023-03-15,1021.6749267578125,1062.9587470735994,1017.419398350616,1056.3553038631508,4117107,INDUSINDBK.NS,IndusInd Bank,Banking
2023-03-16,995.7012939453125,1019.3269080870963,980.146554016115,1017.419294677534,9261210,INDUSINDBK.NS,IndusInd Bank,Banking
2023-03-17,998.3427124023438,1016.0496979201106,984.4021110777643,1015.4627491167397,5324960,INDUSINDBK.NS,IndusInd Bank,Banking
2023-03-20,980.5379028320312,997.8536097670379,968.7006436981874,997.8536097670379,5439347,INDUSINDBK.NS,IndusInd Bank,Banking
2023-03-21,1000.6416625976562,1007.5874821648371,974.3746587825286,985.4782015423057,6200518,INDUSINDBK.NS,IndusInd Bank,Banking
2023-03-22,1008.7615356445312,1021.3325105736458,1001.9135207268919,1005.6799050476129,2992139,INDUSINDBK.NS,IndusInd Bank,Banking
2023-03-23,996.1415405273438,1023.4846364448646,992.2283893737869,1005.8266135163765,3703523,INDUSINDBK.NS,IndusInd Bank,Banking
2023-03-24,987.6304321289062,1002.6960283555268,982.8368577563241,996.8752637395305,2709449,INDUSINDBK.NS,IndusInd Bank,Banking
2023-03-27,990.8588256835938,998.7829931001236,982.2010020890011,991.9838805958638,2116764,INDUSINDBK.NS,IndusInd Bank,Banking
2023-03-28,1013.6529541015625,1015.854101708559,985.3315096162157,995.6035317822,4396283,INDUSINDBK.NS,IndusInd Bank,Banking
2023-03-29,1034.1480712890625,1040.8493192355,1002.7450549166299,1008.6147820673614,5803091,INDUSINDBK.NS,IndusInd Bank,Banking
2023-03-31,1044.762451171875,1052.6377160534328,1037.3764496303188,1039.9199741308541,3097113,INDUSINDBK.NS,IndusInd Bank,Banking
2023-04-03,1055.327880859375,1057.6757952778255,1040.8981369495943,1049.7027264538674,1534155,INDUSINDBK.NS,IndusInd Bank,Banking
2023-04-05,1044.0286865234375,1065.551018002458,1037.0828670664603,1065.3554082115165,2979782,INDUSINDBK.NS,IndusInd Bank,Banking
2023-04-06,1058.5074462890625,1069.708794325177,1041.1428370731376,1044.028738442471,3458673,INDUSINDBK.NS,IndusInd Bank,Banking
2023-04-10,1046.0831298828125,1059.4856241750579,1039.919869342647,1058.5073364334373,1602094,INDUSINDBK.NS,IndusInd Bank,Banking
2023-04-11,1050.876708984375,1054.692055295588,1032.1425931147753,1054.0073016022488,1932390,INDUSINDBK.NS,IndusInd Bank,Banking
2023-04-12,1051.414794921875,1053.7137473282578,1034.5882928199505,1050.1919351929591,3005913,INDUSINDBK.NS,IndusInd Bank,Banking
2023-04-13,1085.214599609375,1090.3016479106313,986.0651048190822,1049.7027081275078,6082307,INDUSINDBK.NS,IndusInd Bank,Banking
2023-04-17,1099.9378662109375,1112.0196966807378,1081.008021127659,1083.3559357362597,5360050,INDUSINDBK.NS,IndusInd Bank,Banking
2023-04-18,1121.998291015625,1124.5418153874155,1102.5793022545931,1105.4652034691426,4455007,INDUSINDBK.NS,IndusInd Bank,Banking
2023-04-19,1096.07373046875,1121.020070631113,1094.2639218311474,1118.1830119835695,2207739,INDUSINDBK.NS,IndusInd Bank,Banking
2023-04-20,1101.7476806640625,1106.981615968327,1088.24738057709,1094.6550940620982,2530597,INDUSINDBK.NS,IndusInd Bank,Banking
2023-04-21,1092.111572265625,1111.090379654153,1084.2852697895228,1101.7476833053463,1894300,INDUSINDBK.NS,IndusInd Bank,Banking
2023-04-24,1078.0731201171875,1116.2263430614437,1068.2902424391732,1106.198893441479,7711772,INDUSINDBK.NS,IndusInd Bank,Banking
2023-04-25,1097.3944091796875,1103.1173692883085,1088.9321952895516,1095.6334432601557,5268567,INDUSINDBK.NS,IndusInd Bank,Banking
2023-04-26,1113.095947265625,1115.0525229370921,1090.937703902279,1093.481228391206,2688362,INDUSINDBK.NS,IndusInd Bank,Banking
2023-04-27,1119.89501953125,1123.5146368187727,1105.4652737019546,1115.2481522302905,2990958,INDUSINDBK.NS,IndusInd Bank,Banking
2023-04-28,1127.770263671875,1132.4171308869545,1110.3566924453007,1123.8081501731624,2239678,INDUSINDBK.NS,IndusInd Bank,Banking
2023-05-02,1125.9114990234375,1136.6237031042706,1125.0310160833917,1133.7866444840797,2000569,INDUSINDBK.NS,IndusInd Bank,Banking
2023-05-03,1121.2646484375,1134.7161064382947,1115.5416883720518,1117.6938738842173,1816420,INDUSINDBK.NS,IndusInd Bank,Banking
2023-05-04,1109.96533203125,1126.009276095919,1104.486944146214,1121.2646040728048,2752160,INDUSINDBK.NS,IndusInd Bank,Banking
2023-05-05,1049.9964599609375,1129.8735721540281,1042.2189994364167,1106.443624513419,8504838,INDUSINDBK.NS,IndusInd Bank,Banking
2023-05-08,1101.8944091796875,1110.0142454631407,1063.3988091980339,1063.3988091980339,6764292,INDUSINDBK.NS,IndusInd Bank,Banking
2023-05-09,1115.8350830078125,1124.9332076599514,1106.5413485562326,1110.3566950045458,4181498,INDUSINDBK.NS,IndusInd Bank,Banking
2023-05-10,1147.0914306640625,1150.2708660778294,1125.0309925636586,1129.9224316617615,6466598,INDUSINDBK.NS,IndusInd Bank,Banking
2023-05-11,1161.6678466796875,1173.9454068273849,1143.8630557774331,1149.4882108518143,6086958,INDUSINDBK.NS,IndusInd Bank,Banking
2023-05-12,1182.4075927734375,1187.6414087054163,1150.515433853631,1166.6082206599744,3983609,INDUSINDBK.NS,IndusInd Bank,Banking
2023-05-15,1193.0709228515625,1196.103591118589,1170.032197613866,1182.3585998920396,3323300,INDUSINDBK.NS,IndusInd Bank,Banking
2023-05-16,1193.8045654296875,1199.4785626152843,1182.407489484119,1193.0708496317309,2888698,INDUSINDBK.NS,IndusInd Bank,Banking
2023-05-17,1209.310546875,1220.9032339868074,1187.641447163449,1190.6252728670352,4661849,INDUSINDBK.NS,IndusInd Bank,Banking
2023-05-18,1212.000732421875,1220.9031271735369,1203.9787011202413,1220.9031271735369,2489971,INDUSINDBK.NS,IndusInd Bank,Banking
2023-05-19,1220.9031982421875,1223.8380616995005,1195.0763759338536,1216.011759146666,2366675,INDUSINDBK.NS,IndusInd Bank,Banking
2023-05-22,1219.0933837890625,1223.8380558048857,1205.7397312386265,1219.9249045473161,2106351,INDUSINDBK.NS,IndusInd Bank,Banking
2023-05-23,1232.8382568359375,1239.392856849126,1217.9683298141977,1218.9466176293095,2142459,INDUSINDBK.NS,IndusInd Bank,Banking
2023-05-24,1244.1375732421875,1248.1974917036835,1220.5608599410793,1227.7512517546259,2782379,INDUSINDBK.NS,IndusInd Bank,Banking
2023-05-25,1235.9688720703125,1244.2843186506384,1222.566257106552,1241.398297891408,2589092,INDUSINDBK.NS,IndusInd Bank,Banking
2023-05-26,1240.517822265625,1244.8221928058056,1228.631602285163,1229.16958889274,1981580,INDUSINDBK.NS,IndusInd Bank,Banking
2023-05-29,1257.0509033203125,1266.882743810509,1244.3821236501678,1244.5777334488191,2985334,INDUSINDBK.NS,IndusInd Bank,Banking
2023-05-30,1265.1707763671875,1268.0078350483575,1248.6866497916385,1257.0509393520979,1818000,INDUSINDBK.NS,IndusInd Bank,Banking
2023-05-31,1258.6650390625,1269.2305948980954,1249.5180721657007,1261.0129536281763,2764078,INDUSINDBK.NS,IndusInd Bank,Banking
2023-06-01,1262.1380615234375,1269.81759706702,1224.3272131967453,1252.2084162140104,3244947,INDUSINDBK.NS,IndusInd Bank,Banking
2023-06-02,1274.0556640625,1278.7535096095298,1257.044566373674,1268.3194198325446,1912458,INDUSINDBK.NS,IndusInd Bank,Banking
2023-06-05,1287.5064697265625,1292.1053168049323,1268.5667098527463,1280.781084465939,3040374,INDUSINDBK.NS,IndusInd Bank,Banking
2023-06-06,1291.6602783203125,1301.4516016664425,1285.7261575929604,1287.704197835411,2902701,INDUSINDBK.NS,IndusInd Bank,Banking
2023-06-07,1296.8031005859375,1298.3361300255556,1288.890939824022,1295.5668254668883,2679118,INDUSINDBK.NS,IndusInd Bank,Banking
2023-06-08,1289.5338134765625,1309.3637144696613,1285.726110295915,1301.9954423995864,3215312,INDUSINDBK.NS,IndusInd Bank,Banking
2023-06-09,1316.435302734375,1321.7265363257009,1284.1437710886246,1284.7371590253158,4233651,INDUSINDBK.NS,IndusInd Bank,Banking
2023-06-12,1317.81982421875,1322.270414804737,1304.1219195612114,1322.270414804737,1904622,INDUSINDBK.NS,IndusInd Bank,Banking
2023-06-13,1321.578125,1328.1551328924909,1317.7209224162089,1321.3308699719364,3756073,INDUSINDBK.NS,IndusInd Bank,Banking
2023-06-14,1308.7208251953125,1321.5780862779038,1303.726225482771,1320.3913104699686,2858453,INDUSINDBK.NS,IndusInd Bank,Banking
2023-06-15,1282.85791015625,1305.456994636269,1274.3523616902678,1300.5613935760202,5952095,INDUSINDBK.NS,IndusInd Bank,Banking
2023-06-16,1299.5723876953125,1304.12185592633,1280.3359953931886,1282.8579241641921,3508045,INDUSINDBK.NS,IndusInd Bank,Banking
2023-06-19,1287.11083984375,1302.7867849837573,1276.429373994093,1295.6163889381073,2679485,INDUSINDBK.NS,IndusInd Bank,Banking
2023-06-20,1284.1436767578125,1300.9570178656381,1271.0885394596255,1280.7809843902496,2102065,INDUSINDBK.NS,IndusInd Bank,Banking
2023-06-21,1272.4732666015625,1293.143811326315,1270.297470622113,1283.5008651233081,1490552,INDUSINDBK.NS,IndusInd Bank,Banking
2023-06-22,1258.725830078125,1274.896405259865,1255.1160033054355,1272.473233582452,3185099,INDUSINDBK.NS,IndusInd Bank,Banking
2023-06-23,1294.33056640625,1303.5285016980897,1248.1433756775336,1258.7258425358925,4636121,INDUSINDBK.NS,IndusInd Bank,Banking
2023-06-26,1300.6109619140625,1312.0340719043643,1291.5614036365537,1300.363706883147,2236596,INDUSINDBK.NS,IndusInd Bank,Banking
2023-06-27,1301.5009765625,1306.4460771546749,1283.1052265056085,1304.2702811861159,2638788,INDUSINDBK.NS,IndusInd Bank,Banking
2023-06-28,1319.40234375,1332.16060675628,1301.797737263667,1310.4516633423427,5550351,INDUSINDBK.NS,IndusInd Bank,Banking
2023-06-30,1359.5565185546875,1367.073047245779,1322.3693865592927,1327.1661099474895,4590286,INDUSINDBK.NS,IndusInd Bank,Banking
2023-07-03,1365.19384765625,1371.7708553553216,1352.583841595846,1364.7982154769843,2890340,INDUSINDBK.NS,IndusInd Bank,Banking
2023-07-04,1352.336669921875,1378.6940809087776,1348.3312107761717,1373.748980188158,2262047,INDUSINDBK.NS,IndusInd Bank,Banking
2023-07-05,1384.18310546875,1397.5842551555422,1356.2926666898716,1356.2926666898716,5288351,INDUSINDBK.NS,IndusInd Bank,Banking
2023-07-06,1374.9356689453125,1381.3642994747634,1358.3202040148801,1379.9302686486512,3337234,INDUSINDBK.NS,IndusInd Bank,Banking
2023-07-07,1342.19921875,1378.6445870590276,1338.1442602890631,1369.3478942515133,2922616,INDUSINDBK.NS,IndusInd Bank,Banking
2023-07-10,1351.990478515625,1357.3312112087958,1330.380413447603,1346.303612932988,1941110,INDUSINDBK.NS,IndusInd Bank,Banking
2023-07-11,1365.7872314453125,1368.4576580998175,1354.9575098592366,1356.935550019615,2110648,INDUSINDBK.NS,IndusInd Bank,Banking
2023-07-12,1356.3916015625,1369.5951168096324,1336.1661883068484,1356.8861116247897,4921224,INDUSINDBK.NS,IndusInd Bank,Banking
2023-07-13,1361.1884765625,1376.221534504397,1351.3971529615283,1368.8038834021454,5174896,INDUSINDBK.NS,IndusInd Bank,Banking
2023-07-14,1361.8807373046875,1368.7543790085253,1351.9905358718286,1361.0894728980597,3885754,INDUSINDBK.NS,IndusInd Bank,Banking
2023-07-17,1375.232421875,1389.3259580215074,1354.5618780474574,1364.847711030205,4003275,INDUSINDBK.NS,IndusInd Bank,Banking
2023-07-18,1374.9852294921875,1393.7271125786297,1367.3203235194744,1382.6501354649006,4106331,INDUSINDBK.NS,IndusInd Bank,Banking
2023-07-19,1403.9635009765625,1427.5516057069879,1394.5183109332104,1414.2987125067311,8850582,INDUSINDBK.NS,IndusInd Bank,Banking
2023-07-20,1409.5020751953125,1417.7603692096902,1402.628312791491,1410.3427181674351,4491531,INDUSINDBK.NS,IndusInd Bank,Banking
2023-07-21,1391.8974609375,1414.6449240113056,1385.2215750354048,1406.436129340061,2138540,INDUSINDBK.NS,IndusInd Bank,Banking
2023-07-24,1419.9361572265625,1423.5956041581308,1389.8700417552807,1393.0348578901535,2738185,INDUSINDBK.NS,IndusInd Bank,Banking
2023-07-25,1399.908447265625,1430.123059504978,1395.9029883128906,1421.2218786366898,2982900,INDUSINDBK.NS,IndusInd Bank,Banking
2023-07-26,1412.02392578125,1414.1998424042702,1395.7050943935576,1405.842550255609,1537232,INDUSINDBK.NS,IndusInd Bank,Banking
2023-07-27,1400.056884765625,1417.4636150678061,1389.7216726040167,1417.4636150678061,3362598,INDUSINDBK.NS,IndusInd Bank,Banking
2023-07-28,1386.556640625,1406.3370420504002,1382.2544274609734,1399.6611565693277,1565680,INDUSINDBK.NS,IndusInd Bank,Banking
2023-07-31,1402.1832275390625,1404.3096448708895,1380.672040659165,1393.8754346670348,1721385,INDUSINDBK.NS,IndusInd Bank,Banking
2023-08-01,1379.2874755859375,1407.5734277000363,1374.0951198039265,1405.1503766270973,1578914,INDUSINDBK.NS,IndusInd Bank,Banking
2023-08-02,1366.083984375,1378.8423675424913,1354.0673662668978,1374.7379100678734,1913777,INDUSINDBK.NS,IndusInd Bank,Banking
2023-08-03,1349.5179443359375,1365.4411440109782,1339.182732445956,1361.1389306649571,3631489,INDUSINDBK.NS,IndusInd Bank,Banking
2023-08-04,1394.1226806640625,1399.3645353802167,1351.2981836367646,1355.0070089368764,4063355,INDUSINDBK.NS,IndusInd Bank,Banking
2023-08-07,1399.710693359375,1402.0843657400053,1383.9852496589417,1394.5183378461184,2792582,INDUSINDBK.NS,IndusInd Bank,Banking
2023-08-08,1388.5347900390625,1405.348132573788,1386.903003377044,1399.710766015909,1846797,INDUSINDBK.NS,IndusInd Bank,Banking
2023-08-09,1392.9853515625,1394.9633918193135,1376.7160187422073,1389.5732804114953,1218020,INDUSINDBK.NS,IndusInd Bank,Banking
2023-08-10,1414.4964599609375,1418.2547845299302,1384.7269799128273,1387.0511529381304,3730443,INDUSINDBK.NS,IndusInd Bank,Banking
2023-08-11,1381.9083251953125,1416.0295184100116,1377.457734776004,1416.0295184100116,3074690,INDUSINDBK.NS,IndusInd Bank,Banking
2023-08-14,1373.6500244140625,1382.155573025142,1363.9082006929425,1379.6830228050612,1783022,INDUSINDBK.NS,IndusInd Bank,Banking
2023-08-16,1365.5400390625,1372.8094335693297,1351.9905116343878,1368.8038537688315,2051360,INDUSINDBK.NS,IndusInd Bank,Banking
2023-08-17,1359.2103271484375,1375.9741690016917,1354.9574925659067,1365.9850904652694,3329471,INDUSINDBK.NS,IndusInd Bank,Banking
2023-08-18,1356.6387939453125,1361.880648655518,1345.9079502351651,1353.9684880242585,1720129,INDUSINDBK.NS,IndusInd Bank,Banking
2023-08-21,1382.452392578125,1384.62818858247,1351.1992597375518,1359.9026852149261,1763990,INDUSINDBK.NS,IndusInd Bank,Banking
2023-08-22,1385.7655029296875,1389.177573898159,1378.7928631054324,1387.5951659233606,1224910,INDUSINDBK.NS,IndusInd Bank,Banking
2023-08-23,1385.6171875,1392.5403283369021,1376.8643835879154,1385.7655646639325,1681561,INDUSINDBK.NS,IndusInd Bank,Banking
2023-08-24,1409.5020751953125,1419.2438994181414,1386.8534898669607,1392.7876107007648,3559546,INDUSINDBK.NS,IndusInd Bank,Banking
2023-08-25,1385.7655029296875,1405.8425380242984,1373.7983841621626,1402.3809677600561,1862535,INDUSINDBK.NS,IndusInd Bank,Banking
2023-08-28,1393.974365234375,1395.75464974926,1378.4962968804966,1384.628173356219,1072295,INDUSINDBK.NS,IndusInd Bank,Banking
2023-08-29,1384.7764892578125,1398.1776389047843,1377.1609622032695,1393.9743035644813,1831565,INDUSINDBK.NS,IndusInd Bank,Banking
2023-08-30,1377.1610107421875,1395.4085043006414,1371.6225222445787,1389.7216386397943,1500390,INDUSINDBK.NS,IndusInd Bank,Banking
2023-08-31,1363.01806640625,1386.507293633824,1348.2816428627423,1377.160981309489,4106180,INDUSINDBK.NS,IndusInd Bank,Banking
2023-09-01,1400.9964599609375,1407.9689791732662,1361.0894026548788,1366.8257674818935,2792033,INDUSINDBK.NS,IndusInd Bank,Banking
2023-09-04,1406.1888427734375,1411.8262091167924,1399.4634577234756,1408.2162615639452,998692,INDUSINDBK.NS,IndusInd Bank,Banking
2023-09-05,1408.117431640625,1414.101051810711,1400.7986584206021,1409.3537068220478,1469938,INDUSINDBK.NS,IndusInd Bank,Banking
2023-09-06,1393.1832275390625,1406.1393670706618,1381.1171095387213,1406.1393670706618,4046484,INDUSINDBK.NS,IndusInd Bank,Banking
2023-09-07,1423.7933349609375,1427.353783232822,1382.6501222780614,1393.1832106602988,2278316,INDUSINDBK.NS,IndusInd Bank,Banking
2023-09-08,1432.9417724609375,1443.9198716143394,1418.3537257342562,1429.1340691562434,2862657,INDUSINDBK.NS,IndusInd Bank,Banking
2023-09-11,1434.27685546875,1436.0571398845693,1416.0294834915512,1433.1395789736314,2220230,INDUSINDBK.NS,IndusInd Bank,Banking
2023-09-12,1413.4581298828125,1437.9363778742663,1409.4525501013038,1434.1780531229742,1943026,INDUSINDBK.NS,IndusInd Bank,Banking
2023-09-13,1439.07373046875,1443.6231987374545,1400.5019469527929,1414.1998510554101,4302942,INDUSINDBK.NS,IndusInd Bank,Banking
2023-09-14,1442.238525390625,1451.7330939713543,1434.5241205081632,1443.9198112273205,2407947,INDUSINDBK.NS,IndusInd Bank,Banking
2023-09-15,1434.0791015625,1448.3210147171185,1430.5680320218514,1448.3210147171185,1647901,INDUSINDBK.NS,IndusInd Bank,Banking
2023-09-18,1440.9034423828125,1446.6891859605319,1429.28245592919,1438.035259878047,1504046,INDUSINDBK.NS,IndusInd Bank,Banking
2023-09-20,1424.6339111328125,1459.4474900248676,1406.6832934514282,1425.1779204631528,5683215,INDUSINDBK.NS,IndusInd Bank,Banking
2023-09-21,1395.8040771484375,1427.7988523601282,1390.9083553496846,1415.2877242921902,2514377,INDUSINDBK.NS,IndusInd Bank,Banking
2023-09-22,1436.9473876953125,1447.4309770489501,1397.4854599044527,1400.452520328878,4397398,INDUSINDBK.NS,IndusInd Bank,Banking
2023-09-25,1426.9088134765625,1438.579299473655,1418.3537650806427,1435.5627397409326,2013653,INDUSINDBK.NS,IndusInd Bank,Banking
2023-09-26,1407.4251708984375,1428.0955954222525,1396.1503170572666,1424.18901412689,2870137,INDUSINDBK.NS,IndusInd Bank,Banking
2023-09-27,1420.6778564453125,1423.1999059605191,1402.7272384405749,1409.3536247350519,3697690,INDUSINDBK.NS,IndusInd Bank,Banking
2023-09-28,1397.4854736328125,1429.48025137784,1393.9744038040851,1421.2219572613953,5876746,INDUSINDBK.NS,IndusInd Bank,Banking
2023-09-29,1413.161376953125,1424.1394761596123,1383.935904790584,1399.5129717096524,2593595,INDUSINDBK.NS,IndusInd Bank,Banking
2023-10-03,1419.6395263671875,1422.6065867731115,1404.408592137444,1416.2768337611406,1442499,INDUSINDBK.NS,IndusInd Bank,Banking
2023-10-04,1385.9139404296875,1412.815239362513,1370.9796400554403,1409.2052917837711,3978667,INDUSINDBK.NS,IndusInd Bank,Banking
2023-10-05,1386.457763671875,1399.859033938356,1378.9907345668898,1393.2325270185138,1647175,INDUSINDBK.NS,IndusInd Bank,Banking
2023-10-06,1419.046142578125,1422.2109587283587,1385.7160914828626,1389.5237948689244,2167139,INDUSINDBK.NS,IndusInd Bank,Banking
2023-10-09,1412.86474609375,1429.1340788376544,1394.5183745059467,1404.5074536099546,1613546,INDUSINDBK.NS,IndusInd Bank,Banking
2023-10-10,1404.9525146484375,1420.5789593822658,1396.5458440180269,1418.2547863539737,1874201,INDUSINDBK.NS,IndusInd Bank,Banking
2023-10-11,1405.5953369140625,1416.1779245657551,1399.0184497437515,1415.2382830200004,1855211,INDUSINDBK.NS,IndusInd Bank,Banking
2023-10-12,1408.6119384765625,1428.1450862981612,1405.3976230122487,1417.562619061497,2069952,INDUSINDBK.NS,IndusInd Bank,Banking
2023-10-13,1447.628662109375,1450.200210935661,1404.4085323289935,1405.5953081488242,4480890,INDUSINDBK.NS,IndusInd Bank,Banking
2023-10-16,1430.5186767578125,1446.7880088830343,1428.5900151518194,1446.7880088830343,1913782,INDUSINDBK.NS,IndusInd Bank,Banking
2023-10-17,1420.23291015625,1442.436363837098,1409.8976980644513,1438.9254148050022,1373704,INDUSINDBK.NS,IndusInd Bank,Banking
2023-10-18,1404.754638671875,1428.1449875798278,1400.056793317994,1421.221847058319,3067244,INDUSINDBK.NS,IndusInd Bank,Banking
2023-10-19,1434.42529296875,1448.6177074069528,1407.4251163928996,1435.5626902417057,13948984,INDUSINDBK.NS,IndusInd Bank,Banking
2023-10-20,1452.9693603515625,1455.639786977932,1427.2548385375699,1432.1010610254355,5135316,INDUSINDBK.NS,IndusInd Bank,Banking
2023-10-23,1419.243896484375,1453.612346242446,1414.3482950986054,1452.8705811397538,3319090,INDUSINDBK.NS,IndusInd Bank,Banking
2023-10-25,1397.188720703125,1431.0626609155431,1394.5679138838277,1429.0846206111682,4045910,INDUSINDBK.NS,IndusInd Bank,Banking
2023-10-26,1399.1173095703125,1413.6064781912457,1378.347887456072,1397.1392693689563,4194418,INDUSINDBK.NS,IndusInd Bank,Banking
2023-10-27,1425.4747314453125,1428.6395475022296,1397.1886597428932,1404.4085548308522,2424655,INDUSINDBK.NS,IndusInd Bank,Banking
2023-10-30,1438.6781005859375,1444.859476159271,1412.3206909952448,1424.1889320960454,2255111,INDUSINDBK.NS,IndusInd Bank,Banking
2023-10-31,1425.4747314453125,1443.9693591922846,1420.7768859273924,1440.0132787561413,1454345,INDUSINDBK.NS,IndusInd Bank,Banking
2023-11-01,1416.8702392578125,1429.7275011761774,1411.4801277455742,1428.0462152173136,2658439,INDUSINDBK.NS,IndusInd Bank,Banking
2023-11-02,1445.1561279296875,1463.700254882984,1423.298807773401,1431.1120907423883,4524652,INDUSINDBK.NS,IndusInd Bank,Banking
2023-11-03,1434.326416015625,1458.8046637635214,1432.1011207658162,1454.848583319417,3052041,INDUSINDBK.NS,IndusInd Bank,Banking
2023-11-06,1454.1068115234375,1455.738718845096,1440.0132750063765,1446.9364157515995,2090640,INDUSINDBK.NS,IndusInd Bank,Banking
2023-11-07,1470.0794677734375,1474.084926650494,1448.1726489043854,1453.4145036086697,2830149,INDUSINDBK.NS,IndusInd Bank,Banking
2023-11-08,1472.6014404296875,1479.524581180587,1464.9860338956955,1477.5465409660442,3210977,INDUSINDBK.NS,IndusInd Bank,Banking
2023-11-09,1490.7994384765625,1499.6512408979547,1468.5464860043378,1472.6014443088334,3207721,INDUSINDBK.NS,IndusInd Bank,Banking
2023-11-10,1482.3433837890625,1492.8763513384035,1476.7553960418106,1483.4806603274467,2247500,INDUSINDBK.NS,IndusInd Bank,Banking
2023-11-13,1493.0247802734375,1499.3545333199963,1479.7225076728548,1485.5082513500226,2026629,INDUSINDBK.NS,IndusInd Bank,Banking
2023-11-15,1477.5465087890625,1521.6074019004714,1473.887182763846,1521.6074019004714,6293703,INDUSINDBK.NS,IndusInd Bank,Banking
2023-11-16,1482.195068359375,1490.0577302408626,1476.6070803793878,1483.5302214126468,2728834,INDUSINDBK.NS,IndusInd Bank,Banking
2023-11-17,1481.9971923828125,1492.4314032355373,1469.2389290584358,1474.1840297981162,4182376,INDUSINDBK.NS,IndusInd Bank,Banking
2023-11-20,1488.2774658203125,1492.8763126118563,1474.332186097598,1482.4422231978278,2125867,INDUSINDBK.NS,IndusInd Bank,Banking
2023-11-21,1485.5577392578125,1490.8983513927096,1477.6949567614422,1488.9698104251074,1661103,INDUSINDBK.NS,IndusInd Bank,Banking
2023-11-22,1454.2552490234375,1488.9698320545313,1442.9308958966144,1483.5302212433057,3914008,INDUSINDBK.NS,IndusInd Bank,Banking
2023-11-23,1469.78271484375,1479.821292788783,1454.3045264657424,1458.8046161159266,3832098,INDUSINDBK.NS,IndusInd Bank,Banking
2023-11-24,1459.991455078125,1475.519143423798,1457.8156591028055,1475.074011931122,2813844,INDUSINDBK.NS,IndusInd Bank,Banking
2023-11-28,1461.32666015625,1470.4750958503005,1451.8814701476938,1463.7497110480838,4305915,INDUSINDBK.NS,IndusInd Bank,Banking
2023-11-29,1467.2608642578125,1473.1949850463232,1455.0958683493673,1467.705875024952,3477076,INDUSINDBK.NS,IndusInd Bank,Banking
2023-11-30,1450.0023193359375,1483.5301242909102,1434.1286194440193,1483.5301242909102,45549217,INDUSINDBK.NS,IndusInd Bank,Banking
2023-12-01,1445.0079345703125,1476.6070799859838,1442.1397519970126,1462.7607979231548,4063279,INDUSINDBK.NS,IndusInd Bank,Banking
2023-12-04,1498.019287109375,1500.887469485059,1457.2715874082567,1473.6399180110466,4254987,INDUSINDBK.NS,IndusInd Bank,Banking
2023-12-05,1490.0576171875,1508.750120705065,1470.178337874847,1503.1127545834136,3457904,INDUSINDBK.NS,IndusInd Bank,Banking
2023-12-06,1485.112548828125,1504.6456956823065,1476.9531330535935,1500.3434824199155,3405245,INDUSINDBK.NS,IndusInd Bank,Banking
2023-12-07,1488.22802734375,1498.3159842877753,1479.6236005814928,1488.4752823740448,1931490,INDUSINDBK.NS,IndusInd Bank,Banking
2023-12-08,1492.3818359375,1504.2500771719704,1477.6455329886937,1493.4203553375135,2568088,INDUSINDBK.NS,IndusInd Bank,Banking
2023-12-11,1505.1402587890625,1521.0634587159052,1493.4203944093986,1496.1896990618914,2194782,INDUSINDBK.NS,IndusInd Bank,Banking
2023-12-12,1480.5631103515625,1512.1128761276316,1473.590470257308,1512.1128761276316,1621785,INDUSINDBK.NS,IndusInd Bank,Banking
2023-12-13,1490.3543701171875,1496.041235529182,1478.5850071185403,1485.5081476200987,2562565,INDUSINDBK.NS,IndusInd Bank,Banking
2023-12-14,1534.6624755859375,1537.431780220565,1498.958873314463,1506.2776463659832,3427500,INDUSINDBK.NS,IndusInd Bank,Banking
2023-12-15,1553.5528564453125,1560.6737530340781,1530.063628540015,1535.8987506777557,3478643,INDUSINDBK.NS,IndusInd Bank,Banking
2023-12-18,1539.261474609375,1552.7616237002846,1534.959261135568,1552.7616237002846,1352458,INDUSINDBK.NS,IndusInd Bank,Banking
2023-12-19,1549.3494873046875,1568.6353792715877,1525.2667512645899,1539.2614098378517,2297704,INDUSINDBK.NS,IndusInd Bank,Banking
2023-12-20,1539.063720703125,1563.6408471270863,1532.486712601784,1560.673786696105,3218717,INDUSINDBK.NS,IndusInd Bank,Banking
2023-12-21,1552.7615966796875,1556.7176771807822,1510.7777406538178,1525.1679110385526,2400593,INDUSINDBK.NS,IndusInd Bank,Banking
2023-12-22,1545.195556640625,1573.6298850226235,1540.7944654091484,1557.014419484357,2214206,INDUSINDBK.NS,IndusInd Bank,Banking
2023-12-26,1553.5528564453125,1565.3715986151376,1539.9043304651836,1545.788951901039,1129332,INDUSINDBK.NS,IndusInd Bank,Banking
2023-12-27,1579.91015625,1582.4322058701039,1550.0912959546322,1555.8770395613456,1887827,INDUSINDBK.NS,IndusInd Bank,Banking
2023-12-28,1592.8663330078125,1600.9267500498702,1574.519962290882,1582.432122905409,3143161,INDUSINDBK.NS,IndusInd Bank,Banking
2023-12-29,1581.3936767578125,1601.1247006419112,1569.624433882731,1597.267498017727,1779207,INDUSINDBK.NS,IndusInd Bank,Banking
2024-01-01,1581.2947998046875,1593.7070506426287,1574.3222803742467,1581.3936776710066,1341121,INDUSINDBK.NS,IndusInd Bank,Banking
2024-01-02,1558.300048828125,1580.7013782882034,1552.761560401989,1576.5969207182122,1227193,INDUSINDBK.NS,IndusInd Bank,Banking
2024-01-03,1583.569580078125,1587.32778407428,1540.8933380022188,1558.2011900016018,2620296,INDUSINDBK.NS,IndusInd Bank,Banking
2024-01-04,1630.4490966796875,1636.8282278860995,1575.5089830952004,1575.5089830952004,4271262,INDUSINDBK.NS,IndusInd Bank,Banking
2024-01-05,1625.1578369140625,1635.8393026599474,1611.1137992944705,1635.8393026599474,2294140,INDUSINDBK.NS,IndusInd Bank,Banking
2024-01-08,1609.234619140625,1631.9327034177397,1604.190640655709,1615.069862016506,1791003,INDUSINDBK.NS,IndusInd Bank,Banking
2024-01-09,1607.256591796875,1625.8502185638756,1603.2016334031132,1614.0313555526716,1619091,INDUSINDBK.NS,IndusInd Bank,Banking
2024-01-10,1622.141357421875,1624.7127855616532,1602.2125780611038,1602.2125780611038,1629958,INDUSINDBK.NS,IndusInd Bank,Banking
2024-01-11,1639.64697265625,1649.8833066951913,1624.5150373425956,1625.8995689188819,1914421,INDUSINDBK.NS,IndusInd Bank,Banking
2024-01-12,1655.61962890625,1659.4273321027183,1629.3117186861155,1639.646930323671,2161848,INDUSINDBK.NS,IndusInd Bank,Banking
2024-01-15,1670.306640625,1675.8946285664556,1649.7350941345935,1666.3011814928043,2930339,INDUSINDBK.NS,IndusInd Bank,Banking
2024-01-16,1648.7459716796875,1673.1747193492258,1644.7898913620302,1670.306536972926,1316138,INDUSINDBK.NS,IndusInd Bank,Banking
2024-01-17,1625.8502197265625,1658.636261260174,1613.9324788396702,1631.8832183879367,6683398,INDUSINDBK.NS,IndusInd Bank,Banking
2024-01-18,1595.1905517578125,1621.5973402735747,1577.5859455939753,1616.9983726385842,3557256,INDUSINDBK.NS,IndusInd Bank,Banking
2024-01-19,1543.959228515625,1613.8335215749175,1533.178885457314,1604.8828415254504,10982524,INDUSINDBK.NS,IndusInd Bank,Banking
2024-01-23,1425.8702392578125,1530.9042470067538,1412.3702113879992,1518.1458634868268,10097057,INDUSINDBK.NS,IndusInd Bank,Banking
2024-01-24,1474.4805908203125,1479.3763127495938,1426.1669831179665,1443.9198456075003,9155544,INDUSINDBK.NS,IndusInd Bank,Banking
2024-01-25,1495.3984375,1526.9975823813645,1472.2553422974531,1473.6399946263227,8118578,INDUSINDBK.NS,IndusInd Bank,Banking
2024-01-29,1510.0360107421875,1520.8657330742576,1498.7116576059602,1506.2776858865839,3058020,INDUSINDBK.NS,IndusInd Bank,Banking
2024-01-30,1503.211669921875,1527.4920408708115,1493.4698461101839,1513.200748757873,1721705,INDUSINDBK.NS,IndusInd Bank,Banking
2024-01-31,1517.206298828125,1531.0030806231398,1490.601634586027,1502.5192540869923,3867886,INDUSINDBK.NS,IndusInd Bank,Banking
2024-02-01,1524.2283935546875,1530.5581465163216,1506.8216634576909,1520.8657009753824,2240634,INDUSINDBK.NS,IndusInd Bank,Banking
2024-02-02,1516.9095458984375,1547.668046203909,1512.7557098593668,1533.9701422581754,3554450,INDUSINDBK.NS,IndusInd Bank,Banking
2024-02-05,1520.9151611328125,1532.981158085098,1505.0908395009662,1515.9205613257639,2624023,INDUSINDBK.NS,IndusInd Bank,Banking
2024-02-06,1494.8050537109375,1533.4262174807673,1487.6346577440554,1532.9812067127525,3312270,INDUSINDBK.NS,IndusInd Bank,Banking
2024-02-07,1498.7115478515625,1505.684187678572,1475.815708948747,1505.684187678572,4066189,INDUSINDBK.NS,IndusInd Bank,Banking
2024-02-08,1461.0794677734375,1524.0305016639518,1453.8595726241902,1505.9808845208283,2931291,INDUSINDBK.NS,IndusInd Bank,Banking
2024-02-09,1469.93115234375,1475.0246301042623,1446.5903016737273,1463.9970316278122,2388841,INDUSINDBK.NS,IndusInd Bank,Banking
2024-02-12,1431.260498046875,1480.5631271323714,1426.3153974218503,1471.8597017403297,2821957,INDUSINDBK.NS,IndusInd Bank,Banking
2024-02-13,1447.8265380859375,1460.0409120867787,1414.941619998293,1436.4528070180304,4601482,INDUSINDBK.NS,IndusInd Bank,Banking
2024-02-14,1465.2332763671875,1478.0905376515434,1420.1833625750046,1434.128642552031,4208176,INDUSINDBK.NS,IndusInd Bank,Banking
2024-02-15,1460.733154296875,1476.4585976657058,1444.2660666003533,1474.6289346694246,1906763,INDUSINDBK.NS,IndusInd Bank,Banking
2024-02-16,1477.2498779296875,1489.9587619088327,1454.8485488004599,1469.6343508174823,1844045,INDUSINDBK.NS,IndusInd Bank,Banking
2024-02-19,1467.3101806640625,1486.2994388208178,1460.782672219237,1483.431256415215,1209609,INDUSINDBK.NS,IndusInd Bank,Banking
2024-02-20,1487.6839599609375,1491.442284566829,1458.8541211370234,1472.650902997353,2390096,INDUSINDBK.NS,IndusInd Bank,Banking
2024-02-21,1500.5908203125,1510.03601102268,1486.0027731221167,1503.3106257208767,5259113,INDUSINDBK.NS,IndusInd Bank,Banking
2024-02-22,1472.79931640625,1503.3105625595688,1447.4309265170584,1500.5907572654644,4969478,INDUSINDBK.NS,IndusInd Bank,Banking
2024-02-23,1464.0465087890625,1488.376379210535,1458.8541532411266,1481.9971270993608,2557861,INDUSINDBK.NS,IndusInd Bank,Banking
2024-02-26,1450.39794921875,1469.6838408039976,1447.8265211533817,1464.7387403975238,2077787,INDUSINDBK.NS,IndusInd Bank,Banking
2024-02-27,1476.656494140625,1480.9092080909957,1442.485801728157,1450.3979624506974,2843312,INDUSINDBK.NS,IndusInd Bank,Banking
2024-02-28,1433.287841796875,1486.9421807682531,1426.6614555983965,1478.5850094416658,2661887,INDUSINDBK.NS,IndusInd Bank,Banking
2024-02-29,1458.705810546875,1467.705869563292,1424.1889839428172,1435.0682053479359,4216252,INDUSINDBK.NS,IndusInd Bank,Banking
2024-03-01,1509.8875732421875,1511.9644913246643,1461.6233436408565,1463.7497610207706,3549401,INDUSINDBK.NS,IndusInd Bank,Banking
2024-03-04,1514.486572265625,1522.0524796706559,1503.65672941196,1513.1512985070938,2985524,INDUSINDBK.NS,IndusInd Bank,Banking
2024-03-05,1525.5140380859375,1530.0141279306729,1507.2666651366164,1512.8546529689816,2694157,INDUSINDBK.NS,IndusInd Bank,Banking
2024-03-06,1537.481201171875,1547.5691576139661,1519.6788398764274,1525.513961717055,5167456,INDUSINDBK.NS,IndusInd Bank,Banking
2024-03-07,1546.5802001953125,1554.2451060635865,1529.074592504284,1539.3603050854565,2285176,INDUSINDBK.NS,IndusInd Bank,Banking
2024-03-11,1524.1295166015625,1551.5253258561556,1519.7283045938057,1548.9043983708616,1694488,INDUSINDBK.NS,IndusInd Bank,Banking
2024-03-12,1516.21728515625,1538.8657484523603,1511.7171954906964,1524.1294458130544,1918571,INDUSINDBK.NS,IndusInd Bank,Banking
2024-03-13,1486.151123046875,1523.684388702428,1478.5850949035432,1518.1459001183537,4165036,INDUSINDBK.NS,IndusInd Bank,Banking
2024-03-14,1460.535400390625,1490.3543798924904,1453.0682505086854,1455.3925442763023,3652530,INDUSINDBK.NS,IndusInd Bank,Banking
2024-03-15,1468.052001953125,1473.1454797552096,1440.7055712846475,1457.8156677805835,2985042,INDUSINDBK.NS,IndusInd Bank,Banking
2024-03-18,1464.4420166015625,1475.2223598583464,1450.2002237180973,1470.92014656105,2365287,INDUSINDBK.NS,IndusInd Bank,Banking
2024-03-19,1418.353759765625,1466.6673694973767,1415.139444308047,1459.8432271099011,3180412,INDUSINDBK.NS,IndusInd Bank,Banking
2024-03-20,1425.7220458984375,1447.9254999797615,1407.0789194820488,1424.1890163735359,5480729,INDUSINDBK.NS,IndusInd Bank,Banking
2024-03-21,1467.8046875,1470.573992036595,1442.9803074533463,1443.969327540703,3870591,INDUSINDBK.NS,IndusInd Bank,Banking
2024-03-22,1495.497314453125,1503.6567305257677,1456.8266515154487,1461.5244971330308,5309042,INDUSINDBK.NS,IndusInd Bank,Banking
2024-03-26,1502.0247802734375,1506.8710029181327,1485.705948594153,1495.4972717477222,9046136,INDUSINDBK.NS,IndusInd Bank,Banking
2024-03-27,1516.7117919921875,1526.0084841602945,1497.8214118799935,1502.3215015360377,8408702,INDUSINDBK.NS,IndusInd Bank,Banking
2024-03-28,1535.9482421875,1547.3219735366026,1516.7612277656237,1517.898625046533,3964429,INDUSINDBK.NS,IndusInd Bank,Banking
2024-04-01,1525.464599609375,1555.4813349714898,1522.101907182402,1535.948188339357,2159432,INDUSINDBK.NS,IndusInd Bank,Banking
2024-04-02,1542.2779541015625,1553.7010637149892,1520.1238799164437,1526.0085011660883,2335256,INDUSINDBK.NS,IndusInd Bank,Banking
2024-04-03,1525.7119140625,1539.8054507891134,1521.162445651136,1536.9372682917333,3711781,INDUSINDBK.NS,IndusInd Bank,Banking
2024-04-04,1527.4920654296875,1533.42618610846,1494.6071466681567,1531.0526344209463,6077155,INDUSINDBK.NS,IndusInd Bank,Banking
2024-04-05,1535.3548583984375,1539.2614395803491,1511.3216211909962,1534.9592262044478,3286862,INDUSINDBK.NS,IndusInd Bank,Banking
2024-04-08,1551.129638671875,1559.0417994156778,1532.9811441117758,1542.8713450415294,2372626,INDUSINDBK.NS,IndusInd Bank,Banking
2024-04-09,1537.8768310546875,1557.6078554480334,1524.0800482801662,1557.6078554480334,1176425,INDUSINDBK.NS,IndusInd Bank,Banking
2024-04-10,1535.7998046875,1547.668045628996,1531.0030814529769,1547.668045628996,2528578,INDUSINDBK.NS,IndusInd Bank,Banking
2024-04-12,1538.5692138671875,1545.541733456659,1525.0690647318302,1529.025145314792,1749128,INDUSINDBK.NS,IndusInd Bank,Banking
2024-04-15,1522.9920654296875,1540.7944271045405,1513.2007423625198,1527.9865444615816,1528341,INDUSINDBK.NS,IndusInd Bank,Banking
2024-04-16,1474.5794677734375,1517.9480956827404,1471.6124074775212,1513.2007509172774,3981325,INDUSINDBK.NS,IndusInd Bank,Banking
2024-04-18,1458.2113037109375,1491.7884888299736,1452.0299278988914,1486.2994995468746,3856849,INDUSINDBK.NS,IndusInd Bank,Banking
2024-04-19,1465.77734375,1473.887260589242,1428.5407114099492,1449.903522243804,4311650,INDUSINDBK.NS,IndusInd Bank,Banking
2024-04-22,1461.2772216796875,1484.519194410295,1453.8100715104094,1477.5960535969225,2887202,INDUSINDBK.NS,IndusInd Bank,Banking
2024-04-23,1458.3101806640625,1469.486156417237,1454.9474880784173,1466.5190960293141,1206443,INDUSINDBK.NS,IndusInd Bank,Banking
2024-04-24,1458.45849609375,1466.9640446997612,1446.6891329071807,1460.7826691532428,2964953,INDUSINDBK.NS,IndusInd Bank,Banking
2024-04-25,1479.6729736328125,1483.0356661782819,1454.4035820689053,1459.8431927151078,3697957,INDUSINDBK.NS,IndusInd Bank,Banking
2024-04-26,1430.5186767578125,1502.321510866528,1427.452738636736,1494.9038602203798,6135488,INDUSINDBK.NS,IndusInd Bank,Banking
2024-04-29,1470.920166015625,1474.6289914468293,1434.1780445978288,1442.7330927384724,5463640,INDUSINDBK.NS,IndusInd Bank,Banking
2024-04-30,1499.0577392578125,1520.1239159886907,1472.650950492622,1481.3543757922325,6293171,INDUSINDBK.NS,IndusInd Bank,Banking
2024-05-02,1488.6729736328125,1504.596293478158,1483.5796168133281,1491.4422781441745,2554549,INDUSINDBK.NS,IndusInd Bank,Banking
2024-05-03,1467.4090576171875,1501.2829956622031,1456.8760902543363,1500.541230595524,2119368,INDUSINDBK.NS,IndusInd Bank,Banking
2024-05-06,1481.0576171875,1493.4203685830553,1465.7773047545916,1479.2773326945426,2600170,INDUSINDBK.NS,IndusInd Bank,Banking
2024-05-07,1436.6011962890625,1486.1510792131496,1432.1011065366085,1481.0576015459746,1884596,INDUSINDBK.NS,IndusInd Bank,Banking
2024-05-08,1426.6614990234375,1439.0242503148017,1415.6834000227047,1439.0242503148017,5278612,INDUSINDBK.NS,IndusInd Bank,Banking
2024-05-09,1386.0621337890625,1440.6066149915164,1378.1499732006373,1429.6285163210744,3272042,INDUSINDBK.NS,IndusInd Bank,Banking
2024-05-10,1394.666748046875,1408.8591626400014,1380.2270784234504,1386.6062099131498,1575172,INDUSINDBK.NS,IndusInd Bank,Banking
2024-05-13,1389.1282958984375,1402.183313548131,1362.1279975906639,1399.8096410490964,3624862,INDUSINDBK.NS,IndusInd Bank,Banking
2024-05-14,1405.3975830078125,1413.655876819671,1387.3974652120255,1391.5513014018243,1279355,INDUSINDBK.NS,IndusInd Bank,Banking
2024-05-15,1401.5404052734375,1414.1504119596966,1391.9469582825566,1405.3976079352337,2516309,INDUSINDBK.NS,IndusInd Bank,Banking
2024-05-16,1393.2821044921875,1409.3536815626387,1370.4357636949608,1404.6063366590608,5666243,INDUSINDBK.NS,IndusInd Bank,Banking
2024-05-17,1396.842529296875,1401.540374823022,1379.6830545210528,1392.5403159610341,3673405,INDUSINDBK.NS,IndusInd Bank,Banking
2024-05-21,1391.0567626953125,1405.2491769031553,1384.6281320820742,1404.4085339689611,3010012,INDUSINDBK.NS,IndusInd Bank,Banking
2024-05-22,1389.5238037109375,1397.6338413337644,1376.5676639641022,1393.5293835881262,6739695,INDUSINDBK.NS,IndusInd Bank,Banking
2024-05-23,1425.029541015625,1435.0681188531178,1391.1556036822553,1393.0842652530973,6444146,INDUSINDBK.NS,IndusInd Bank,Banking
2024-05-24,1425.96923828125,1432.8428797315369,1412.1723353533455,1425.1779739038097,2155290,INDUSINDBK.NS,IndusInd Bank,Banking
2024-05-27,1449.0133056640625,1459.3980165800447,1423.496659851358,1431.9527091592345,3253683,INDUSINDBK.NS,IndusInd Bank,Banking
2024-05-28,1443.326416015625,1462.5629288285413,1433.1889602910514,1456.6288084044006,2381333,INDUSINDBK.NS,IndusInd Bank,Banking
2024-05-29,1444.2166748046875,1455.4915286666767,1423.4472516436545,1437.0462787133786,4383563,INDUSINDBK.NS,IndusInd Bank,Banking
2024-05-30,1430.914306640625,1461.4749306696906,1423.3482788477047,1441.9912832957566,3415942,INDUSINDBK.NS,IndusInd Bank,Banking
2024-05-31,1445.799072265625,1453.7607327107955,1430.6671365118818,1440.0133285736056,3546505,INDUSINDBK.NS,IndusInd Bank,Banking
2024-06-03,1512.904052734375,1518.0470298761302,1479.9697546656214,1498.316005738141,8265525,INDUSINDBK.NS,IndusInd Bank,Banking
2024-06-04,1376.221435546875,1505.189677583863,1348.5783727188311,1493.3708152394477,7911282,INDUSINDBK.NS,IndusInd Bank,Banking
2024-06-05,1484.4697265625,1499.1567721831673,1357.2817610710774,1385.1227020778344,11014467,INDUSINDBK.NS,IndusInd Bank,Banking
2024-06-06,1464.837646484375,1493.2225958024542,1454.7496897527883,1483.5301505270138,3279775,INDUSINDBK.NS,IndusInd Bank,Banking
2024-06-07,1475.7169189453125,1481.9477940863665,1447.3814679381335,1452.4255672094614,3964791,INDUSINDBK.NS,IndusInd Bank,Banking
2024-06-10,1469.5355224609375,1489.2665463104556,1463.8486567658877,1482.0466511360462,2416022,INDUSINDBK.NS,IndusInd Bank,Banking
2024-06-11,1464.788330078125,1474.6290322022305,1459.0024656615424,1468.694911348298,1737873,INDUSINDBK.NS,IndusInd Bank,Banking
2024-06-12,1467.953125,1475.8652860240863,1456.8266485598788,1474.6290108640728,5419536,INDUSINDBK.NS,IndusInd Bank,Banking
2024-06-13,1490.7005615234375,1493.420366827262,1464.9365393533933,1479.574085280519,2446832,INDUSINDBK.NS,IndusInd Bank,Banking
2024-06-14,1485.8543701171875,1499.255641188343,1479.5246171308486,1493.914908333307,2706742,INDUSINDBK.NS,IndusInd Bank,Banking
2024-06-18,1491.343505859375,1499.8985542886965,1482.6400802617998,1497.3765046183767,2811967,INDUSINDBK.NS,IndusInd Bank,Banking
2024-06-19,1511.4205322265625,1532.981219607231,1496.6347294004145,1499.5522905263774,11002582,INDUSINDBK.NS,IndusInd Bank,Banking
2024-06-20,1511.0743408203125,1523.832724300058,1496.3874164309511,1519.13487880895,3589441,INDUSINDBK.NS,IndusInd Bank,Banking
2024-06-21,1510.382080078125,1520.9151683603757,1494.6566362357503,1506.2776224893614,5249389,INDUSINDBK.NS,IndusInd Bank,Banking
2024-06-24,1474.03564453125,1492.3325171675403,1461.9695263547248,1490.6017319181617,4609137,INDUSINDBK.NS,IndusInd Bank,Banking
2024-06-25,1479.1290283203125,1485.6565366995974,1465.925513673816,1478.3377639646458,3309896,INDUSINDBK.NS,IndusInd Bank,Banking
2024-06-26,1481.4532470703125,1504.2995874677088,1465.2827924161159,1481.552124935324,5605220,INDUSINDBK.NS,IndusInd Bank,Banking
2024-06-27,1486.25,1488.4257959934782,1468.6948926967227,1477.5960738645817,5166134,INDUSINDBK.NS,IndusInd Bank,Banking
2024-06-28,1464.5,1491.0,1460.5,1491.0,6425323,INDUSINDBK.NS,IndusInd Bank,Banking
2024-07-01,1456.9000244140625,1469.0,1452.949951171875,1468.949951171875,3166439,INDUSINDBK.NS,IndusInd Bank,Banking
2024-07-02,1429.449951171875,1460.449951171875,1420.6500244140625,1457.4000244140625,4644571,INDUSINDBK.NS,IndusInd Bank,Banking
2024-07-03,1455.5,1458.0,1421.9000244140625,1438.9000244140625,5907225,INDUSINDBK.NS,IndusInd Bank,Banking
2024-07-04,1442.8499755859375,1457.8499755859375,1436.199951171875,1455.449951171875,3010077,INDUSINDBK.NS,IndusInd Bank,Banking
2024-07-05,1434.25,1449.699951171875,1426.0,1437.0,4216309,INDUSINDBK.NS,IndusInd Bank,Banking
2024-07-08,1438.050048828125,1441.699951171875,1422.800048828125,1428.0,2772277,INDUSINDBK.NS,IndusInd Bank,Banking
2024-07-09,1434.25,1449.5999755859375,1426.0,1441.0,3126274,INDUSINDBK.NS,IndusInd Bank,Banking
2024-07-10,1425.949951171875,1433.5,1415.050048828125,1433.5,3979121,INDUSINDBK.NS,IndusInd Bank,Banking
2024-07-11,1429.75,1435.8499755859375,1415.699951171875,1427.949951171875,2416195,INDUSINDBK.NS,IndusInd Bank,Banking
2024-07-12,1434.550048828125,1450.949951171875,1427.3499755859375,1432.0,3340305,INDUSINDBK.NS,IndusInd Bank,Banking
2024-07-15,1444.050048828125,1449.0,1433.0,1438.5,4284427,INDUSINDBK.NS,IndusInd Bank,Banking
2024-07-16,1445.9000244140625,1450.0,1435.75,1445.050048828125,2284985,INDUSINDBK.NS,IndusInd Bank,Banking
2024-07-18,1456.9000244140625,1460.8499755859375,1438.0,1440.699951171875,3634938,INDUSINDBK.NS,IndusInd Bank,Banking
2024-07-19,1432.449951171875,1452.0,1429.0,1451.550048828125,2981749,INDUSINDBK.NS,IndusInd Bank,Banking
2024-07-22,1423.4000244140625,1429.949951171875,1409.5999755859375,1428.0,2883674,INDUSINDBK.NS,IndusInd Bank,Banking
2024-07-23,1413.199951171875,1427.0,1395.6500244140625,1422.5,3054925,INDUSINDBK.NS,IndusInd Bank,Banking
2024-07-24,1396.6500244140625,1412.5,1386.4000244140625,1409.800048828125,5553500,INDUSINDBK.NS,IndusInd Bank,Banking
2024-07-25,1379.0999755859375,1396.550048828125,1374.0,1389.0,3631639,INDUSINDBK.NS,IndusInd Bank,Banking
2024-07-26,1403.9000244140625,1409.0,1359.050048828125,1365.0,3607419,INDUSINDBK.NS,IndusInd Bank,Banking
2024-07-29,1411.5,1444.949951171875,1406.449951171875,1415.0,5955870,INDUSINDBK.NS,IndusInd Bank,Banking
2024-07-30,1429.699951171875,1432.699951171875,1407.199951171875,1411.5,2158067,INDUSINDBK.NS,IndusInd Bank,Banking
2024-07-31,1427.800048828125,1435.0,1414.050048828125,1435.0,3926481,INDUSINDBK.NS,IndusInd Bank,Banking
2024-08-01,1419.8499755859375,1440.0,1416.800048828125,1432.0,4074181,INDUSINDBK.NS,IndusInd Bank,Banking
2024-08-02,1404.300048828125,1413.949951171875,1392.699951171875,1413.949951171875,3268026,INDUSINDBK.NS,IndusInd Bank,Banking
2024-08-05,1389.449951171875,1396.199951171875,1369.0,1388.0,3532894,INDUSINDBK.NS,IndusInd Bank,Banking
2024-08-06,1381.0,1407.300048828125,1376.25,1395.0,2425599,INDUSINDBK.NS,IndusInd Bank,Banking
2024-08-07,1345.1500244140625,1399.5,1329.199951171875,1391.0,8728852,INDUSINDBK.NS,IndusInd Bank,Banking
2024-08-08,1347.300048828125,1355.800048828125,1334.0,1347.949951171875,3669342,INDUSINDBK.NS,IndusInd Bank,Banking
2024-08-09,1349.800048828125,1367.0,1338.050048828125,1367.0,5082087,INDUSINDBK.NS,IndusInd Bank,Banking
2024-08-12,1350.8499755859375,1357.5999755859375,1336.6500244140625,1349.800048828125,4436342,INDUSINDBK.NS,IndusInd Bank,Banking
2024-08-13,1350.5999755859375,1371.6500244140625,1343.5,1355.0,3905817,INDUSINDBK.NS,IndusInd Bank,Banking
2024-08-14,1338.0999755859375,1356.949951171875,1335.949951171875,1356.949951171875,4868357,INDUSINDBK.NS,IndusInd Bank,Banking
2024-08-16,1364.1500244140625,1367.9000244140625,1338.550048828125,1347.0999755859375,5456176,INDUSINDBK.NS,IndusInd Bank,Banking
2024-08-19,1347.5999755859375,1375.800048828125,1345.550048828125,1370.050048828125,5895105,INDUSINDBK.NS,IndusInd Bank,Banking
2024-08-20,1381.300048828125,1391.6500244140625,1357.199951171875,1363.9000244140625,5507239,INDUSINDBK.NS,IndusInd Bank,Banking
2024-08-21,1384.0,1387.3499755859375,1366.4000244140625,1380.0,5441231,INDUSINDBK.NS,IndusInd Bank,Banking
2024-08-22,1381.9000244140625,1395.949951171875,1379.5999755859375,1384.050048828125,3510879,INDUSINDBK.NS,IndusInd Bank,Banking
2024-08-23,1388.550048828125,1390.300048828125,1373.800048828125,1382.0,2252945,INDUSINDBK.NS,IndusInd Bank,Banking
2024-08-26,1384.5,1395.550048828125,1379.800048828125,1395.300048828125,2541300,INDUSINDBK.NS,IndusInd Bank,Banking
2024-08-27,1383.199951171875,1387.1500244140625,1377.550048828125,1385.9000244140625,1167406,INDUSINDBK.NS,IndusInd Bank,Banking
2024-08-28,1415.75,1421.949951171875,1382.550048828125,1389.050048828125,6532773,INDUSINDBK.NS,IndusInd Bank,Banking
2024-08-29,1417.449951171875,1423.050048828125,1405.25,1414.199951171875,3316387,INDUSINDBK.NS,IndusInd Bank,Banking
2024-08-30,1425.25,1430.0,1415.550048828125,1422.1500244140625,2792988,INDUSINDBK.NS,IndusInd Bank,Banking
2024-09-02,1449.050048828125,1451.25,1425.25,1425.25,4024426,INDUSINDBK.NS,IndusInd Bank,Banking
2024-09-03,1436.699951171875,1451.9000244140625,1433.9000244140625,1450.0,2351018,INDUSINDBK.NS,IndusInd Bank,Banking
2024-09-04,1434.4000244140625,1439.25,1417.0,1417.0,2919356,INDUSINDBK.NS,IndusInd Bank,Banking
2024-09-05,1422.9000244140625,1444.0,1418.9000244140625,1443.0,3427784,INDUSINDBK.NS,IndusInd Bank,Banking
2024-09-06,1409.3499755859375,1438.199951171875,1401.5,1426.449951171875,2608515,INDUSINDBK.NS,IndusInd Bank,Banking
2024-09-09,1428.0999755859375,1431.0,1400.0999755859375,1409.3499755859375,1802343,INDUSINDBK.NS,IndusInd Bank,Banking
2024-09-10,1435.550048828125,1438.5,1420.5999755859375,1428.9000244140625,2414043,INDUSINDBK.NS,IndusInd Bank,Banking
2024-09-11,1421.199951171875,1438.949951171875,1417.800048828125,1435.4000244140625,2622902,INDUSINDBK.NS,IndusInd Bank,Banking
2024-09-12,1443.3499755859375,1446.5,1420.1500244140625,1425.1500244140625,2437399,INDUSINDBK.NS,IndusInd Bank,Banking
2024-09-13,1464.050048828125,1470.949951171875,1442.3499755859375,1450.0,2999055,INDUSINDBK.NS,IndusInd Bank,Banking
2024-09-16,1470.199951171875,1473.949951171875,1461.0999755859375,1469.949951171875,1495683,INDUSINDBK.NS,IndusInd Bank,Banking
2024-09-17,1466.3499755859375,1483.5,1462.25,1478.0,1866702,INDUSINDBK.NS,IndusInd Bank,Banking
2024-09-18,1480.25,1488.75,1461.1500244140625,1470.0,3966006,INDUSINDBK.NS,IndusInd Bank,Banking
2024-09-19,1484.75,1498.0,1474.9000244140625,1494.949951171875,3861906,INDUSINDBK.NS,IndusInd Bank,Banking
2024-09-20,1480.199951171875,1491.949951171875,1473.199951171875,1488.0,5335400,INDUSINDBK.NS,IndusInd Bank,Banking
2024-09-23,1465.0999755859375,1490.8499755859375,1453.050048828125,1490.199951171875,4610747,INDUSINDBK.NS,IndusInd Bank,Banking
2024-09-24,1448.300048828125,1474.0999755859375,1446.0,1470.0999755859375,3893140,INDUSINDBK.NS,IndusInd Bank,Banking
2024-09-25,1439.5,1456.0,1432.25,1450.0,3012173,INDUSINDBK.NS,IndusInd Bank,Banking
2024-09-26,1452.699951171875,1457.300048828125,1437.300048828125,1445.0,3388674,INDUSINDBK.NS,IndusInd Bank,Banking
2024-09-27,1462.699951171875,1481.0,1454.0,1457.0,4708951,INDUSINDBK.NS,IndusInd Bank,Banking
2024-09-30,1447.5999755859375,1474.800048828125,1437.0,1467.0,2888962,INDUSINDBK.NS,IndusInd Bank,Banking
2024-10-01,1409.699951171875,1450.300048828125,1404.6500244140625,1450.0,3377999,INDUSINDBK.NS,IndusInd Bank,Banking
2024-10-03,1387.75,1412.699951171875,1382.050048828125,1404.0,2081630,INDUSINDBK.NS,IndusInd Bank,Banking
2024-10-04,1382.8499755859375,1410.949951171875,1380.8499755859375,1384.050048828125,2178195,INDUSINDBK.NS,IndusInd Bank,Banking
2024-10-07,1350.8499755859375,1394.050048828125,1338.199951171875,1388.0,3878973,INDUSINDBK.NS,IndusInd Bank,Banking
2024-10-08,1359.550048828125,1371.0,1343.550048828125,1357.8499755859375,2429248,INDUSINDBK.NS,IndusInd Bank,Banking
2024-10-09,1341.550048828125,1371.5,1335.550048828125,1369.0,5269772,INDUSINDBK.NS,IndusInd Bank,Banking
2024-10-10,1356.4000244140625,1362.0,1344.300048828125,1350.0,1673393,INDUSINDBK.NS,IndusInd Bank,Banking
2024-10-11,1347.5999755859375,1371.300048828125,1339.0,1360.0999755859375,2755874,INDUSINDBK.NS,IndusInd Bank,Banking
2024-10-14,1370.449951171875,1371.5,1348.300048828125,1354.5999755859375,1381439,INDUSINDBK.NS,IndusInd Bank,Banking
2024-10-15,1360.9000244140625,1374.449951171875,1349.449951171875,1371.0,2775029,INDUSINDBK.NS,IndusInd Bank,Banking
2024-10-16,1346.300048828125,1358.3499755859375,1341.0999755859375,1355.0,2126519,INDUSINDBK.NS,IndusInd Bank,Banking
2024-10-17,1347.3499755859375,1354.25,1337.0,1348.0,1353852,INDUSINDBK.NS,IndusInd Bank,Banking
2024-10-18,1347.25,1354.949951171875,1331.0,1345.0,3676670,INDUSINDBK.NS,IndusInd Bank,Banking
2024-10-21,1308.25,1353.949951171875,1299.5999755859375,1352.050048828125,5862686,INDUSINDBK.NS,IndusInd Bank,Banking
2024-10-22,1274.3499755859375,1312.199951171875,1271.25,1309.0999755859375,4183194,INDUSINDBK.NS,IndusInd Bank,Banking
2024-10-23,1274.300048828125,1284.9000244140625,1266.5,1274.3499755859375,4860497,INDUSINDBK.NS,IndusInd Bank,Banking
2024-10-24,1280.050048828125,1285.949951171875,1258.1500244140625,1276.0,2441333,INDUSINDBK.NS,IndusInd Bank,Banking
2024-10-25,1041.5999755859375,1166.75,1025.5,1163.0,56935420,INDUSINDBK.NS,IndusInd Bank,Banking
2024-10-28,1054.800048828125,1084.6500244140625,1031.0,1051.4000244140625,11099823,INDUSINDBK.NS,IndusInd Bank,Banking
2024-10-29,1038.1500244140625,1058.800048828125,1018.0999755859375,1058.800048828125,7951124,INDUSINDBK.NS,IndusInd Bank,Banking
2024-10-30,1056.4000244140625,1069.4000244140625,1030.25,1037.6500244140625,8907271,INDUSINDBK.NS,IndusInd Bank,Banking
2024-10-31,1055.5999755859375,1066.9000244140625,1044.0,1054.0,4509824,INDUSINDBK.NS,IndusInd Bank,Banking
2024-11-01,1062.5,1069.9000244140625,1058.550048828125,1061.449951171875,441083,INDUSINDBK.NS,IndusInd Bank,Banking
2024-11-04,1063.800048828125,1070.5,1054.0999755859375,1067.0,5143749,INDUSINDBK.NS,IndusInd Bank,Banking
2024-11-05,1090.0999755859375,1092.4000244140625,1062.0,1063.699951171875,4840541,INDUSINDBK.NS,IndusInd Bank,Banking
2024-11-06,1077.6500244140625,1098.5999755859375,1068.25,1092.300048828125,7153974,INDUSINDBK.NS,IndusInd Bank,Banking
2024-11-07,1056.800048828125,1086.0,1051.0,1086.0,4901367,INDUSINDBK.NS,IndusInd Bank,Banking
2024-11-08,1053.800048828125,1061.449951171875,1048.050048828125,1061.449951171875,2107903,INDUSINDBK.NS,IndusInd Bank,Banking
2024-11-11,1060.800048828125,1067.5,1040.0,1053.0,4918839,INDUSINDBK.NS,IndusInd Bank,Banking
2024-11-12,1059.550048828125,1065.449951171875,1051.550048828125,1061.300048828125,2186055,INDUSINDBK.NS,IndusInd Bank,Banking
2024-11-13,1036.699951171875,1067.800048828125,1032.199951171875,1053.800048828125,4850346,INDUSINDBK.NS,IndusInd Bank,Banking
2024-11-14,1017.1500244140625,1045.0,1015.0,1043.0,2612235,INDUSINDBK.NS,IndusInd Bank,Banking
2024-11-18,1004.5999755859375,1017.9500122070312,1000.0499877929688,1015.5,5427908,INDUSINDBK.NS,IndusInd Bank,Banking
2024-11-19,1000.2000122070312,1032.0,998.0999755859375,1010.5,5718490,INDUSINDBK.NS,IndusInd Bank,Banking
2024-11-21,981.4500122070312,1003.0,966.4000244140625,1000.4000244140625,6606440,INDUSINDBK.NS,IndusInd Bank,Banking
2024-11-22,998.2000122070312,1002.4500122070312,981.4000244140625,986.0,4026863,INDUSINDBK.NS,IndusInd Bank,Banking
2024-11-25,1003.5,1022.0499877929688,997.0499877929688,1020.0,6491357,INDUSINDBK.NS,IndusInd Bank,Banking
2024-11-26,1009.5999755859375,1017.7000122070312,998.0999755859375,1011.7000122070312,2390208,INDUSINDBK.NS,IndusInd Bank,Banking
2024-11-27,1001.9500122070312,1012.0,994.5,1012.0,4798242,INDUSINDBK.NS,IndusInd Bank,Banking
2024-11-28,993.5999755859375,1013.4000244140625,991.3499755859375,1005.9500122070312,4822835,INDUSINDBK.NS,IndusInd Bank,Banking
2024-11-29,995.8499755859375,999.5,987.2999877929688,998.0999755859375,4815934,INDUSINDBK.NS,IndusInd Bank,Banking
2024-12-02,990.9500122070312,993.1500244140625,979.0,990.0499877929688,4969967,INDUSINDBK.NS,IndusInd Bank,Banking
2024-12-03,998.3499755859375,1011.5,991.4000244140625,993.0,4665094,INDUSINDBK.NS,IndusInd Bank,Banking
2024-12-04,998.8499755859375,1005.9500122070312,990.5,1005.0,4256690,INDUSINDBK.NS,IndusInd Bank,Banking
2024-12-05,998.2000122070312,1006.0,990.5499877929688,1006.0,5254145,INDUSINDBK.NS,IndusInd Bank,Banking
2024-12-06,990.3499755859375,1003.0499877929688,986.2999877929688,1000.0,6258019,INDUSINDBK.NS,IndusInd Bank,Banking
2024-12-09,982.5999755859375,994.0,977.7999877929688,992.7999877929688,3565285,INDUSINDBK.NS,IndusInd Bank,Banking
2024-12-10,984.2999877929688,988.4000244140625,979.0999755859375,983.0,3843321,INDUSINDBK.NS,IndusInd Bank,Banking
2024-12-11,984.8499755859375,999.9000244140625,981.25,985.5,4679888,INDUSINDBK.NS,IndusInd Bank,Banking
2024-12-12,997.9500122070312,1005.5,986.0,986.0,5771673,INDUSINDBK.NS,IndusInd Bank,Banking
2024-12-13,986.6500244140625,997.6500244140625,965.5499877929688,991.0,5674567,INDUSINDBK.NS,IndusInd Bank,Banking
2024-12-16,999.3499755859375,1007.9500122070312,985.5499877929688,987.9000244140625,3058066,INDUSINDBK.NS,IndusInd Bank,Banking
2024-12-17,975.6500244140625,1002.0,972.0,1002.0,3294161,INDUSINDBK.NS,IndusInd Bank,Banking
2024-12-18,965.2000122070312,979.2999877929688,960.5,976.7999877929688,2958191,INDUSINDBK.NS,IndusInd Bank,Banking
2024-12-19,964.4000244140625,966.8499755859375,948.0,959.0,3665813,INDUSINDBK.NS,IndusInd Bank,Banking
2024-12-20,929.4500122070312,966.8499755859375,926.4500122070312,960.0,4466131,INDUSINDBK.NS,IndusInd Bank,Banking
2024-12-23,945.7000122070312,948.7999877929688,930.0499877929688,938.9500122070312,2502370,INDUSINDBK.NS,IndusInd Bank,Banking
2024-12-24,935.2999877929688,946.0,929.7999877929688,941.0,5603093,INDUSINDBK.NS,IndusInd Bank,Banking
2024-12-26,931.9500122070312,945.0,928.25,940.0,5262262,INDUSINDBK.NS,IndusInd Bank,Banking
2024-12-27,953.4000244140625,971.0999755859375,933.0499877929688,933.0499877929688,6300341,INDUSINDBK.NS,IndusInd Bank,Banking
2024-12-30,963.5,973.5,948.8499755859375,953.2999877929688,8165774,INDUSINDBK.NS,IndusInd Bank,Banking
2024-12-31,960.1500244140625,961.4500122070312,949.0499877929688,958.0,2295670,INDUSINDBK.NS,IndusInd Bank,Banking
2025-01-01,969.4000244140625,979.2999877929688,953.5,958.5999755859375,4024591,INDUSINDBK.NS,IndusInd Bank,Banking
2025-01-02,991.3499755859375,998.0,968.7999877929688,975.5,3956740,INDUSINDBK.NS,IndusInd Bank,Banking
2025-01-03,997.9000244140625,1025.4000244140625,990.6500244140625,993.0,5896120,INDUSINDBK.NS,IndusInd Bank,Banking
2025-01-06,970.0499877929688,1004.9500122070312,963.2000122070312,1004.9500122070312,3370654,INDUSINDBK.NS,IndusInd Bank,Banking
2025-01-07,983.5999755859375,994.5499877929688,970.1500244140625,970.1500244140625,3581533,INDUSINDBK.NS,IndusInd Bank,Banking
2025-01-08,981.0499877929688,986.0,967.0999755859375,985.9000244140625,3781895,INDUSINDBK.NS,IndusInd Bank,Banking
2025-01-09,980.9000244140625,985.3499755859375,970.4000244140625,981.0499877929688,3134034,INDUSINDBK.NS,IndusInd Bank,Banking
2025-01-10,937.5999755859375,975.0,933.0499877929688,971.75,5611356,INDUSINDBK.NS,IndusInd Bank,Banking
2025-01-13,941.7000122070312,973.5,934.5,936.9000244140625,8752532,INDUSINDBK.NS,IndusInd Bank,Banking
2025-01-14,962.0999755859375,979.2999877929688,945.0999755859375,945.0999755859375,5735697,INDUSINDBK.NS,IndusInd Bank,Banking
2025-01-15,962.4500122070312,983.0,954.6500244140625,971.25,3633812,INDUSINDBK.NS,IndusInd Bank,Banking
2025-01-16,975.3499755859375,990.6500244140625,967.0,967.0,3948431,INDUSINDBK.NS,IndusInd Bank,Banking
2025-01-17,970.9500122070312,975.5999755859375,959.0,972.8499755859375,3066978,INDUSINDBK.NS,IndusInd Bank,Banking
2025-01-20,970.7000122070312,980.4500122070312,948.0999755859375,966.2000122070312,4485164,INDUSINDBK.NS,IndusInd Bank,Banking
2025-01-21,960.4500122070312,978.5,958.0,971.5499877929688,3369291,INDUSINDBK.NS,IndusInd Bank,Banking
2025-01-22,970.9500122070312,977.5499877929688,949.1500244140625,964.4500122070312,2639472,INDUSINDBK.NS,IndusInd Bank,Banking
2025-01-23,970.9500122070312,988.5499877929688,962.5,965.9500122070312,3359986,INDUSINDBK.NS,IndusInd Bank,Banking
2025-01-24,950.7999877929688,973.0,948.25,970.8499755859375,2938649,INDUSINDBK.NS,IndusInd Bank,Banking
2025-01-27,926.4500122070312,947.0,923.7000122070312,947.0,3907787,INDUSINDBK.NS,IndusInd Bank,Banking
2025-01-28,934.1500244140625,948.9500122070312,925.7000122070312,937.3499755859375,5708478,INDUSINDBK.NS,IndusInd Bank,Banking
2025-01-29,948.2999877929688,953.0,931.9500122070312,935.7000122070312,2571504,INDUSINDBK.NS,IndusInd Bank,Banking
2025-01-30,957.0499877929688,967.4000244140625,946.0999755859375,948.2999877929688,4509409,INDUSINDBK.NS,IndusInd Bank,Banking
2025-01-31,991.2000122070312,999.2999877929688,953.0999755859375,957.5499877929688,5365839,INDUSINDBK.NS,IndusInd Bank,Banking
2025-02-01,1009.4000244140625,1023.0,972.4000244140625,977.0,6054296,INDUSINDBK.NS,IndusInd Bank,Banking
2025-02-03,1012.7000122070312,1023.9500122070312,990.0999755859375,994.0,3655089,INDUSINDBK.NS,IndusInd Bank,Banking
2025-02-04,1047.1500244140625,1053.9000244140625,1014.7000122070312,1022.4500122070312,9861468,INDUSINDBK.NS,IndusInd Bank,Banking
2025-02-05,1061.199951171875,1078.699951171875,1052.4000244140625,1052.4000244140625,5000442,INDUSINDBK.NS,IndusInd Bank,Banking
2025-02-06,1065.550048828125,1076.75,1058.050048828125,1062.0999755859375,3889634,INDUSINDBK.NS,IndusInd Bank,Banking
2025-02-07,1079.0999755859375,1086.550048828125,1061.5,1061.5,3975043,INDUSINDBK.NS,IndusInd Bank,Banking
2025-02-10,1068.0,1082.0,1062.699951171875,1076.0,4457091,INDUSINDBK.NS,IndusInd Bank,Banking
2025-02-11,1054.1500244140625,1074.9000244140625,1047.6500244140625,1063.5,4109028,INDUSINDBK.NS,IndusInd Bank,Banking
2025-02-12,1039.6500244140625,1063.949951171875,1020.25,1060.449951171875,4798340,INDUSINDBK.NS,IndusInd Bank,Banking
2025-02-13,1047.25,1056.949951171875,1025.4000244140625,1039.5,4539780,INDUSINDBK.NS,IndusInd Bank,Banking
2025-02-14,1024.4000244140625,1058.0999755859375,1018.2000122070312,1049.5999755859375,4036016,INDUSINDBK.NS,IndusInd Bank,Banking
2025-02-17,1048.25,1050.949951171875,1013.0999755859375,1024.4000244140625,2795714,INDUSINDBK.NS,IndusInd Bank,Banking
2025-02-18,1024.0999755859375,1051.5,1021.3499755859375,1045.0,2620716,INDUSINDBK.NS,IndusInd Bank,Banking
2025-02-19,1035.800048828125,1042.050048828125,1015.9000244140625,1024.0999755859375,2464555,INDUSINDBK.NS,IndusInd Bank,Banking
2025-02-20,1047.6500244140625,1049.9000244140625,1025.5999755859375,1029.949951171875,1819683,INDUSINDBK.NS,IndusInd Bank,Banking
2025-02-21,1043.75,1055.800048828125,1038.949951171875,1041.550048828125,2589619,INDUSINDBK.NS,IndusInd Bank,Banking
2025-02-24,1029.1500244140625,1038.75,1021.0999755859375,1030.0999755859375,3074297,INDUSINDBK.NS,IndusInd Bank,Banking
2025-02-25,1034.25,1041.699951171875,1026.3499755859375,1028.199951171875,3628538,INDUSINDBK.NS,IndusInd Bank,Banking
2025-02-27,1046.699951171875,1063.300048828125,1040.699951171875,1046.9000244140625,5951737,INDUSINDBK.NS,IndusInd Bank,Banking
2025-02-28,990.0999755859375,1040.6500244140625,970.0999755859375,1040.0,55666745,INDUSINDBK.NS,IndusInd Bank,Banking
2025-03-03,984.0,986.2999877929688,947.0,978.9500122070312,6158061,INDUSINDBK.NS,IndusInd Bank,Banking
2025-03-04,987.5999755859375,1003.5999755859375,966.9500122070312,978.0,3271190,INDUSINDBK.NS,IndusInd Bank,Banking
2025-03-05,971.8499755859375,995.25,970.6500244140625,984.25,3944062,INDUSINDBK.NS,IndusInd Bank,Banking
2025-03-06,971.7000122070312,984.0999755859375,962.2000122070312,976.0,3928358,INDUSINDBK.NS,IndusInd Bank,Banking
2025-03-07,936.75,976.5999755859375,932.2999877929688,971.0,7737031,INDUSINDBK.NS,IndusInd Bank,Banking
2025-03-10,900.5,913.3499755859375,881.0999755859375,895.0,16014401,INDUSINDBK.NS,IndusInd Bank,Banking
2025-03-11,655.9500122070312,810.4500122070312,649.0,810.4500122070312,101075220,INDUSINDBK.NS,IndusInd Bank,Banking
2025-03-12,684.7000122070312,697.6500244140625,606.0,630.0,108682122,INDUSINDBK.NS,IndusInd Bank,Banking
2025-03-13,672.3499755859375,706.9000244140625,667.6500244140625,690.0,31592987,INDUSINDBK.NS,IndusInd Bank,Banking
2025-03-17,677.4000244140625,709.9000244140625,675.0,705.0,22353102,INDUSINDBK.NS,IndusInd Bank,Banking
2025-03-18,677.4000244140625,677.4000244140625,677.4000244140625,677.4000244140625,0,INDUSINDBK.NS,IndusInd Bank,Banking
2025-03-19,692.7000122070312,700.7999877929688,682.5499877929688,685.0,11120576,INDUSINDBK.NS,IndusInd Bank,Banking
2025-03-20,684.0999755859375,701.0,681.0,697.5,8918567,INDUSINDBK.NS,IndusInd Bank,Banking
2025-03-21,686.9000244140625,693.8499755859375,672.2999877929688,685.0,14265415,INDUSINDBK.NS,IndusInd Bank,Banking
2025-03-24,669.4500122070312,693.75,665.1500244140625,692.0,14649992,INDUSINDBK.NS,IndusInd Bank,Banking
2025-03-25,637.0499877929688,672.8499755859375,633.5999755859375,670.2000122070312,18615476,INDUSINDBK.NS,IndusInd Bank,Banking
2025-03-26,655.2999877929688,662.5,637.4000244140625,637.4000244140625,23506399,INDUSINDBK.NS,IndusInd Bank,Banking
2025-03-27,673.5499877929688,676.75,640.5,655.2999877929688,21589495,INDUSINDBK.NS,IndusInd Bank,Banking
2025-03-28,649.8499755859375,673.9500122070312,643.5,672.0,8807815,INDUSINDBK.NS,IndusInd Bank,Banking
2025-04-01,682.7000122070312,689.7999877929688,646.8499755859375,649.0,14019630,INDUSINDBK.NS,IndusInd Bank,Banking
2025-04-02,702.4500122070312,708.4000244140625,675.0,682.7000122070312,14993840,INDUSINDBK.NS,IndusInd Bank,Banking
2025-04-03,709.4000244140625,714.7000122070312,693.5,694.9500122070312,6972769,INDUSINDBK.NS,IndusInd Bank,Banking
2025-04-04,682.0,704.9000244140625,675.6500244140625,701.0,9627949,INDUSINDBK.NS,IndusInd Bank,Banking
2025-04-07,675.9000244140625,678.6500244140625,637.0,637.0,9382614,INDUSINDBK.NS,IndusInd Bank,Banking
2025-04-08,679.6500244140625,695.9000244140625,673.0,684.9000244140625,5639989,INDUSINDBK.NS,IndusInd Bank,Banking
2025-04-09,678.5499877929688,683.2999877929688,670.25,679.6500244140625,4243562,INDUSINDBK.NS,IndusInd Bank,Banking
2025-04-11,689.5,694.0,675.5,684.9500122070312,5019467,INDUSINDBK.NS,IndusInd Bank,Banking
2025-04-15,735.9000244140625,741.0,693.0499877929688,705.0,12452925,INDUSINDBK.NS,IndusInd Bank,Banking
2025-04-16,788.25,794.4000244140625,733.0,747.0,31252589,INDUSINDBK.NS,IndusInd Bank,Banking
2025-04-17,794.7000122070312,801.0,777.2999877929688,788.25,13986710,INDUSINDBK.NS,IndusInd Bank,Banking
2025-04-21,828.2000122070312,841.9000244140625,798.3499755859375,802.0,15639685,INDUSINDBK.NS,IndusInd Bank,Banking
2025-04-22,787.5,808.0,775.4000244140625,790.0,25698945,INDUSINDBK.NS,IndusInd Bank,Banking
2025-04-23,794.2000122070312,805.0,782.0,797.4500122070312,10657940,INDUSINDBK.NS,IndusInd Bank,Banking
2025-04-24,819.75,837.5,793.2999877929688,795.0,22577201,INDUSINDBK.NS,IndusInd Bank,Banking
2025-04-25,822.3499755859375,829.0,807.3499755859375,822.0,11724192,INDUSINDBK.NS,IndusInd Bank,Banking
2025-04-28,830.5499877929688,841.7999877929688,821.0499877929688,828.0,6929801,INDUSINDBK.NS,IndusInd Bank,Banking
2025-04-29,836.9500122070312,852.0,828.5499877929688,841.9500122070312,8769289,INDUSINDBK.NS,IndusInd Bank,Banking
2025-04-30,838.4000244140625,843.0999755859375,810.0499877929688,820.0,20241775,INDUSINDBK.NS,IndusInd Bank,Banking
2025-05-02,856.4500122070312,863.5,833.0999755859375,835.0,7845964,INDUSINDBK.NS,IndusInd Bank,Banking
2025-05-05,846.75,862.0,840.5499877929688,855.0,7875811,INDUSINDBK.NS,IndusInd Bank,Banking
2025-05-06,831.7999877929688,851.25,821.9000244140625,846.75,10040705,INDUSINDBK.NS,IndusInd Bank,Banking
2025-05-07,833.7999877929688,842.0,816.0999755859375,827.0,9432595,INDUSINDBK.NS,IndusInd Bank,Banking
2025-05-08,826.7999877929688,844.25,816.0,835.0,13290700,INDUSINDBK.NS,IndusInd Bank,Banking
2025-05-09,818.2000122070312,826.4500122070312,805.5,805.5,5074137,INDUSINDBK.NS,IndusInd Bank,Banking
2025-05-12,788.5,838.0,786.0,835.0,14573162,INDUSINDBK.NS,IndusInd Bank,Banking
2025-05-13,770.0999755859375,804.0,769.0499877929688,794.0,10848937,INDUSINDBK.NS,IndusInd Bank,Banking
2025-05-14,781.3499755859375,786.4000244140625,764.5499877929688,775.0,9164606,INDUSINDBK.NS,IndusInd Bank,Banking
2025-05-15,780.5,782.6500244140625,757.8499755859375,778.0,7350633,INDUSINDBK.NS,IndusInd Bank,Banking
2025-05-16,780.2000122070312,785.5,750.0,750.0,27168178,INDUSINDBK.NS,IndusInd Bank,Banking
2025-05-19,784.0499877929688,791.9500122070312,770.2999877929688,779.9000244140625,7193105,INDUSINDBK.NS,IndusInd Bank,Banking
2025-05-20,782.25,799.7000122070312,780.0499877929688,785.0,6637953,INDUSINDBK.NS,IndusInd Bank,Banking
2025-05-21,769.9500122070312,786.7000122070312,761.0,783.0,8134620,INDUSINDBK.NS,IndusInd Bank,Banking
2025-05-22,785.0,796.7000122070312,725.7999877929688,750.0,43477564,INDUSINDBK.NS,IndusInd Bank,Banking
2025-05-23,793.4000244140625,799.2000122070312,777.2999877929688,781.0999755859375,9260373,INDUSINDBK.NS,IndusInd Bank,Banking
2025-05-26,800.0999755859375,802.0,790.75,793.3499755859375,5381797,INDUSINDBK.NS,IndusInd Bank,Banking
2025-05-27,820.7000122070312,827.5999755859375,798.0,798.5999755859375,10346628,INDUSINDBK.NS,IndusInd Bank,Banking
2025-05-28,805.1500244140625,820.7000122070312,802.9000244140625,820.5,5308859,INDUSINDBK.NS,IndusInd Bank,Banking
2025-05-29,824.1500244140625,827.0,803.0499877929688,805.1500244140625,8791159,INDUSINDBK.NS,IndusInd Bank,Banking
2025-05-30,816.9500122070312,823.8499755859375,811.0,821.0999755859375,5630146,INDUSINDBK.NS,IndusInd Bank,Banking
2025-06-02,812.7000122070312,824.7999877929688,809.5499877929688,815.0,4094000,INDUSINDBK.NS,IndusInd Bank,Banking
2025-06-03,800.8499755859375,818.4500122070312,798.1500244140625,818.4500122070312,3241313,INDUSINDBK.NS,IndusInd Bank,Banking
2025-06-04,814.3499755859375,815.4500122070312,803.0,807.7999877929688,3877545,INDUSINDBK.NS,IndusInd Bank,Banking
2025-06-05,803.2000122070312,818.5,800.2999877929688,817.0,3366237,INDUSINDBK.NS,IndusInd Bank,Banking
2025-06-06,822.8499755859375,845.8499755859375,805.0,807.0,10916786,INDUSINDBK.NS,IndusInd Bank,Banking
2025-06-09,836.6500244140625,840.0,821.5,831.25,6894267,INDUSINDBK.NS,IndusInd Bank,Banking
2025-06-10,845.0499877929688,857.3499755859375,836.0,838.0,10162134,INDUSINDBK.NS,IndusInd Bank,Banking
2025-06-11,836.2999877929688,851.4000244140625,834.4500122070312,845.25,2359273,INDUSINDBK.NS,IndusInd Bank,Banking
2025-06-12,829.9000244140625,843.1500244140625,826.0,837.0,2742462,INDUSINDBK.NS,IndusInd Bank,Banking
2025-06-13,816.8499755859375,826.7999877929688,813.0499877929688,819.0,3164561,INDUSINDBK.NS,IndusInd Bank,Banking
2025-06-16,821.25,824.7999877929688,810.25,817.0499877929688,2286257,INDUSINDBK.NS,IndusInd Bank,Banking
2025-06-17,809.1500244140625,820.9500122070312,806.0499877929688,820.0,2343961,INDUSINDBK.NS,IndusInd Bank,Banking
2025-06-18,850.5,855.5,815.5499877929688,818.0499877929688,20826809,INDUSINDBK.NS,IndusInd Bank,Banking
2025-06-19,837.5,849.5999755859375,835.4500122070312,847.0,4363823,INDUSINDBK.NS,IndusInd Bank,Banking
2025-06-20,840.25,847.75,829.0,835.5,20961217,INDUSINDBK.NS,IndusInd Bank,Banking
2025-06-23,839.9000244140625,845.0,826.5,835.2000122070312,3191499,INDUSINDBK.NS,IndusInd Bank,Banking
2025-06-24,831.9500122070312,852.0,823.7999877929688,851.0,5482589,INDUSINDBK.NS,IndusInd Bank,Banking
2025-06-25,829.7999877929688,838.7999877929688,828.0,834.0,4946637,INDUSINDBK.NS,IndusInd Bank,Banking
2025-06-26,836.0999755859375,840.5,824.5,834.9000244140625,4451922,INDUSINDBK.NS,IndusInd Bank,Banking
2025-06-27,857.7000122070312,881.0,831.5,836.0,12647856,INDUSINDBK.NS,IndusInd Bank,Banking
2025-06-30,872.0999755859375,875.75,857.7000122070312,864.75,4353159,INDUSINDBK.NS,IndusInd Bank,Banking
2025-07-01,879.0999755859375,892.7999877929688,866.0499877929688,870.0999755859375,5729474,INDUSINDBK.NS,IndusInd Bank,Banking
2025-07-02,857.6500244140625,875.5,847.7000122070312,875.5,10183147,INDUSINDBK.NS,IndusInd Bank,Banking
2025-07-03,862.4000244140625,866.0,845.5499877929688,849.0,3855070,INDUSINDBK.NS,IndusInd Bank,Banking
2025-07-04,856.25,863.9000244140625,849.4000244140625,857.0999755859375,2658812,INDUSINDBK.NS,IndusInd Bank,Banking
2025-07-07,854.4500122070312,866.9500122070312,845.2000122070312,847.0,3295065,INDUSINDBK.NS,IndusInd Bank,Banking
2025-07-08,850.2999877929688,862.9000244140625,848.4500122070312,855.0,2344400,INDUSINDBK.NS,IndusInd Bank,Banking
2025-07-09,840.75,854.9000244140625,839.5499877929688,851.75,2406142,INDUSINDBK.NS,IndusInd Bank,Banking
2025-07-10,852.8499755859375,855.7000122070312,840.9500122070312,845.0,2560806,INDUSINDBK.NS,IndusInd Bank,Banking
2025-07-11,858.8499755859375,867.7000122070312,849.5999755859375,852.0,3849544,INDUSINDBK.NS,IndusInd Bank,Banking
2025-07-14,867.5999755859375,873.5,857.4500122070312,858.7999877929688,3605770,INDUSINDBK.NS,IndusInd Bank,Banking
2025-07-15,881.0,886.75,869.6500244140625,871.0,3532750,INDUSINDBK.NS,IndusInd Bank,Banking
2025-07-16,879.75,888.9500122070312,876.0,876.0,2863446,INDUSINDBK.NS,IndusInd Bank,Banking
2025-07-17,865.0999755859375,890.9000244140625,862.75,879.75,4185118,INDUSINDBK.NS,IndusInd Bank,Banking
2025-07-18,870.0499877929688,876.4500122070312,861.25,866.0,2622714,INDUSINDBK.NS,IndusInd Bank,Banking
2025-07-21,858.7999877929688,870.0499877929688,830.5999755859375,870.0499877929688,6765856,INDUSINDBK.NS,IndusInd Bank,Banking
2025-07-22,843.2000122070312,884.6500244140625,841.0999755859375,880.0,7686762,INDUSINDBK.NS,IndusInd Bank,Banking
2025-07-23,851.1500244140625,854.0,841.7999877929688,849.0,2623940,INDUSINDBK.NS,IndusInd Bank,Banking
2025-07-24,847.9000244140625,860.7999877929688,845.0,855.25,2006984,INDUSINDBK.NS,IndusInd Bank,Banking
2025-07-25,823.7000122070312,848.4000244140625,821.4000244140625,846.4000244140625,2805230,INDUSINDBK.NS,IndusInd Bank,Banking
2025-07-28,802.0499877929688,828.75,798.0,825.0,5922408,INDUSINDBK.NS,IndusInd Bank,Banking
2025-07-29,808.2000122070312,818.8499755859375,790.0,800.0,16766666,INDUSINDBK.NS,IndusInd Bank,Banking
2025-07-30,801.9000244140625,814.7999877929688,795.5499877929688,811.0,3218643,INDUSINDBK.NS,IndusInd Bank,Banking
2025-07-31,798.9000244140625,806.0,789.0999755859375,795.5999755859375,4480429,INDUSINDBK.NS,IndusInd Bank,Banking
2025-08-01,783.7000122070312,798.6500244140625,779.7000122070312,792.5,4739250,INDUSINDBK.NS,IndusInd Bank,Banking
2025-08-04,804.0499877929688,805.5999755859375,781.0,783.0,2980888,INDUSINDBK.NS,IndusInd Bank,Banking
2025-08-05,819.1500244140625,848.7000122070312,810.0499877929688,820.0,18982770,INDUSINDBK.NS,IndusInd Bank,Banking
2025-08-06,803.3499755859375,822.0,795.4000244140625,822.0,5249912,INDUSINDBK.NS,IndusInd Bank,Banking
2025-08-07,807.3499755859375,810.0,789.0999755859375,801.8499755859375,2553303,INDUSINDBK.NS,IndusInd Bank,Banking
2025-08-08,782.4500122070312,808.5,779.0,806.5999755859375,2490574,INDUSINDBK.NS,IndusInd Bank,Banking
2025-08-11,783.25,790.0999755859375,777.8499755859375,784.5,1629229,INDUSINDBK.NS,IndusInd Bank,Banking
2025-08-12,783.0499877929688,791.3499755859375,780.7999877929688,784.0499877929688,1462522,INDUSINDBK.NS,IndusInd Bank,Banking
2025-08-13,773.4500122070312,787.7999877929688,766.7000122070312,787.0,4114205,INDUSINDBK.NS,IndusInd Bank,Banking
2025-08-14,769.75,779.7999877929688,765.7000122070312,773.4500122070312,1859573,INDUSINDBK.NS,IndusInd Bank,Banking
2025-08-18,788.6500244140625,795.9000244140625,777.5,777.5,3029689,INDUSINDBK.NS,IndusInd Bank,Banking
2025-08-19,785.5,790.7000122070312,780.8499755859375,787.25,2807872,INDUSINDBK.NS,IndusInd Bank,Banking
2025-08-20,778.2000122070312,790.2000122070312,777.0,786.4500122070312,2332155,INDUSINDBK.NS,IndusInd Bank,Banking
2025-08-21,767.4500122070312,781.8499755859375,766.5,781.0,3324022,INDUSINDBK.NS,IndusInd Bank,Banking
2025-08-22,760.0999755859375,772.7000122070312,758.75,767.4500122070312,2483587,INDUSINDBK.NS,IndusInd Bank,Banking
2025-08-25,770.8499755859375,775.0,761.5,767.9500122070312,2790762,INDUSINDBK.NS,IndusInd Bank,Banking
2025-08-26,756.4000244140625,773.0,754.1500244140625,770.8499755859375,3306397,INDUSINDBK.NS,IndusInd Bank,Banking
2025-08-28,746.5999755859375,762.4000244140625,744.8499755859375,756.4000244140625,3085661,INDUSINDBK.NS,IndusInd Bank,Banking
2025-08-29,739.5,750.3499755859375,738.0,743.0,2538543,INDUSINDBK.NS,IndusInd Bank,Banking
2025-09-01,752.8499755859375,754.0,741.5,742.4000244140625,1436082,INDUSINDBK.NS,IndusInd Bank,Banking
2025-09-02,751.2000122070312,758.75,747.5,753.0,1330606,INDUSINDBK.NS,IndusInd Bank,Banking
2025-09-03,768.0999755859375,769.0,749.2000122070312,750.0,1933362,INDUSINDBK.NS,IndusInd Bank,Banking
2025-09-04,754.8499755859375,773.4000244140625,752.8499755859375,771.7999877929688,1401421,INDUSINDBK.NS,IndusInd Bank,Banking
2025-09-05,757.0499877929688,759.5,750.0,756.3499755859375,2873689,INDUSINDBK.NS,IndusInd Bank,Banking
2025-09-08,750.75,760.5,746.5,759.5,2330647,INDUSINDBK.NS,IndusInd Bank,Banking
2025-09-09,746.1500244140625,755.0999755859375,745.0999755859375,753.6500244140625,1347461,INDUSINDBK.NS,IndusInd Bank,Banking
2025-09-10,751.25,755.8499755859375,746.0999755859375,750.2000122070312,1350420,INDUSINDBK.NS,IndusInd Bank,Banking
2025-09-11,748.5999755859375,754.2999877929688,747.5,751.5,975314,INDUSINDBK.NS,IndusInd Bank,Banking
2025-09-12,740.5,754.3499755859375,739.25,753.0,1853165,INDUSINDBK.NS,IndusInd Bank,Banking
2025-09-15,739.9000244140625,744.4000244140625,738.0999755859375,741.0,1499071,INDUSINDBK.NS,IndusInd Bank,Banking
2025-09-16,742.25,748.9500122070312,734.5999755859375,740.7000122070312,2892657,INDUSINDBK.NS,IndusInd Bank,Banking
2025-09-17,739.0499877929688,745.9000244140625,737.0499877929688,745.0,2280605,INDUSINDBK.NS,IndusInd Bank,Banking
2025-09-18,735.4500122070312,743.0,732.5,742.4500122070312,2280312,INDUSINDBK.NS,IndusInd Bank,Banking
2025-09-19,744.4000244140625,746.9500122070312,736.1500244140625,738.0,8190278,INDUSINDBK.NS,IndusInd Bank,Banking
2025-09-22,734.2999877929688,748.2999877929688,733.4000244140625,744.4000244140625,1884250,INDUSINDBK.NS,IndusInd Bank,Banking
2025-09-23,755.25,757.0,729.0499877929688,735.0,4501893,INDUSINDBK.NS,IndusInd Bank,Banking
2025-09-24,740.75,758.9500122070312,738.9000244140625,755.25,2993982,INDUSINDBK.NS,IndusInd Bank,Banking
2025-09-25,740.75,745.5999755859375,735.4000244140625,740.9500122070312,3037406,INDUSINDBK.NS,IndusInd Bank,Banking
2025-09-26,712.75,742.6500244140625,710.5999755859375,742.0,5779485,INDUSINDBK.NS,IndusInd Bank,Banking
2025-09-29,723.4000244140625,734.8499755859375,712.5499877929688,717.75,41100690,INDUSINDBK.NS,IndusInd Bank,Banking
2025-09-30,735.5499877929688,737.7000122070312,722.5499877929688,730.0,3965781,INDUSINDBK.NS,IndusInd Bank,Banking
2025-10-01,743.1500244140625,745.4500122070312,726.0,732.2000122070312,4127017,INDUSINDBK.NS,IndusInd Bank,Banking
2025-10-03,747.4000244140625,758.9500122070312,741.75,743.2000122070312,4112610,INDUSINDBK.NS,IndusInd Bank,Banking
2025-10-06,739.2999877929688,755.5999755859375,734.0999755859375,742.0,5118797,INDUSINDBK.NS,IndusInd Bank,Banking
2025-10-07,749.0,752.4000244140625,740.4500122070312,742.9500122070312,4348518,INDUSINDBK.NS,IndusInd Bank,Banking
2025-10-08,740.9500122070312,754.0999755859375,739.1500244140625,747.0499877929688,4238626,INDUSINDBK.NS,IndusInd Bank,Banking
2025-10-09,749.1500244140625,753.2999877929688,743.0,744.0,3506978,INDUSINDBK.NS,IndusInd Bank,Banking
2025-10-10,763.3499755859375,766.75,747.75,749.5999755859375,5386722,INDUSINDBK.NS,IndusInd Bank,Banking
2025-10-13,759.9000244140625,767.9500122070312,757.0499877929688,758.0,2906803,INDUSINDBK.NS,IndusInd Bank,Banking
2025-10-14,750.4000244140625,763.0499877929688,743.2999877929688,758.0,1833516,INDUSINDBK.NS,IndusInd Bank,Banking
2025-10-15,740.0999755859375,753.0,733.2000122070312,752.3499755859375,2333738,INDUSINDBK.NS,IndusInd Bank,Banking
2025-10-16,739.5,744.8499755859375,735.0,742.9000244140625,3056360,INDUSINDBK.NS,IndusInd Bank,Banking
2025-10-17,751.0,761.0,734.5,740.0,4770012,INDUSINDBK.NS,IndusInd Bank,Banking
2025-10-20,759.75,770.6500244140625,726.2999877929688,743.0,9184006,INDUSINDBK.NS,IndusInd Bank,Banking
2025-10-21,758.4500122070312,762.9000244140625,756.0,761.9500122070312,350896,INDUSINDBK.NS,IndusInd Bank,Banking
2025-10-23,759.5999755859375,766.0,751.7999877929688,759.0,5363491,INDUSINDBK.NS,IndusInd Bank,Banking
2025-10-24,755.0499877929688,759.9500122070312,750.8499755859375,759.9500122070312,2001556,INDUSINDBK.NS,IndusInd Bank,Banking
2025-10-27,770.0499877929688,772.0,753.1500244140625,755.7000122070312,3590863,INDUSINDBK.NS,IndusInd Bank,Banking
2025-10-28,799.75,801.9500122070312,772.4500122070312,773.9000244140625,8948361,INDUSINDBK.NS,IndusInd Bank,Banking
2025-10-29,807.4500122070312,810.0499877929688,793.7999877929688,804.0,4077629,INDUSINDBK.NS,IndusInd Bank,Banking
2025-10-30,800.9500122070312,810.0,797.25,807.0,4103276,INDUSINDBK.NS,IndusInd Bank,Banking
2025-10-31,794.7999877929688,806.5,792.0,800.9500122070312,3511425,INDUSINDBK.NS,IndusInd Bank,Banking
2025-11-03,796.9000244140625,803.7000122070312,791.1500244140625,794.7999877929688,2640561,INDUSINDBK.NS,IndusInd Bank,Banking
2025-11-04,790.2000122070312,799.25,785.0999755859375,797.0499877929688,3505823,INDUSINDBK.NS,IndusInd Bank,Banking
2025-11-06,786.2000122070312,797.5,777.3499755859375,791.0,2640541,INDUSINDBK.NS,IndusInd Bank,Banking
2025-11-07,797.25,801.9500122070312,779.0999755859375,782.1500244140625,2079256,INDUSINDBK.NS,IndusInd Bank,Banking
2025-11-10,799.3499755859375,807.7999877929688,791.0,791.0,1894738,INDUSINDBK.NS,IndusInd Bank,Banking
2025-11-11,826.0999755859375,828.2000122070312,792.7999877929688,799.7000122070312,7150449,INDUSINDBK.NS,IndusInd Bank,Banking
2025-11-12,864.4000244140625,873.0,827.0,830.0499877929688,11714519,INDUSINDBK.NS,IndusInd Bank,Banking
2025-11-13,863.4500122070312,892.3499755859375,859.0499877929688,862.0,9325204,INDUSINDBK.NS,IndusInd Bank,Banking
2025-11-14,848.25,872.0,845.8499755859375,864.0,4460991,INDUSINDBK.NS,IndusInd Bank,Banking
2025-11-17,854.0499877929688,861.75,838.5,852.0,4019335,INDUSINDBK.NS,IndusInd Bank,Banking
2025-11-18,847.9500122070312,858.5,845.0499877929688,854.0499877929688,1958051,INDUSINDBK.NS,IndusInd Bank,Banking
2025-11-19,839.5999755859375,850.2999877929688,836.2999877929688,850.0,2317710,INDUSINDBK.NS,IndusInd Bank,Banking
2025-11-20,829.4000244140625,844.0,827.5,844.0,5136903,INDUSINDBK.NS,IndusInd Bank,Banking
2025-11-21,846.5499877929688,856.7999877929688,830.5499877929688,832.2000122070312,7304707,INDUSINDBK.NS,IndusInd Bank,Banking
2025-11-24,836.0499877929688,857.5,832.5499877929688,847.0999755859375,5082933,INDUSINDBK.NS,IndusInd Bank,Banking
2025-11-25,839.9000244140625,844.9000244140625,829.0499877929688,836.0499877929688,3021941,INDUSINDBK.NS,IndusInd Bank,Banking
2025-11-26,850.7000122070312,858.7000122070312,841.0,844.9000244140625,2939823,INDUSINDBK.NS,IndusInd Bank,Banking
2025-11-27,857.4500122070312,863.75,846.5499877929688,853.0,3016014,INDUSINDBK.NS,IndusInd Bank,Banking
2025-11-28,858.5499877929688,863.0,851.5,859.6500244140625,2901007,INDUSINDBK.NS,IndusInd Bank,Banking
2025-12-01,847.1500244140625,862.4000244140625,842.6500244140625,860.0,3019328,INDUSINDBK.NS,IndusInd Bank,Banking
2025-12-02,850.2999877929688,860.5,845.4000244140625,847.1500244140625,2674933,INDUSINDBK.NS,IndusInd Bank,Banking
2025-12-03,846.9000244140625,856.2999877929688,841.3499755859375,854.0,2063761,INDUSINDBK.NS,IndusInd Bank,Banking
2025-12-04,863.0,873.0,842.9000244140625,846.0,4259999,INDUSINDBK.NS,IndusInd Bank,Banking
2025-12-05,870.0999755859375,874.4000244140625,856.0999755859375,863.6500244140625,3377823,INDUSINDBK.NS,IndusInd Bank,Banking
2025-12-08,841.4000244140625,873.5999755859375,834.5,870.0999755859375,2015558,INDUSINDBK.NS,IndusInd Bank,Banking
2025-12-09,844.3499755859375,848.7000122070312,832.1500244140625,841.4500122070312,3015385,INDUSINDBK.NS,IndusInd Bank,Banking
2025-12-10,833.8499755859375,851.5999755859375,828.1500244140625,847.7999877929688,2623610,INDUSINDBK.NS,IndusInd Bank,Banking
2025-12-11,835.5499877929688,842.7999877929688,827.5,834.4500122070312,2810755,INDUSINDBK.NS,IndusInd Bank,Banking
2025-12-12,846.1500244140625,851.2000122070312,839.0,840.0499877929688,3492109,INDUSINDBK.NS,IndusInd Bank,Banking
2025-12-15,851.25,853.5,835.4000244140625,845.9500122070312,2458486,INDUSINDBK.NS,IndusInd Bank,Banking
2025-12-16,845.0499877929688,856.7999877929688,841.8499755859375,854.0,2811166,INDUSINDBK.NS,IndusInd Bank,Banking
2025-12-17,833.8499755859375,846.0999755859375,827.7999877929688,838.2000122070312,3107473,INDUSINDBK.NS,IndusInd Bank,Banking
2025-12-18,834.9000244140625,842.5,826.0,830.7999877929688,1537403,INDUSINDBK.NS,IndusInd Bank,Banking
2025-12-19,844.7000122070312,847.9000244140625,831.0,834.9000244140625,7000947,INDUSINDBK.NS,IndusInd Bank,Banking
2025-12-22,856.4000244140625,862.7999877929688,840.9000244140625,845.0,2387606,INDUSINDBK.NS,IndusInd Bank,Banking
2025-12-23,849.9000244140625,859.7000122070312,846.2000122070312,856.4000244140625,1628642,INDUSINDBK.NS,IndusInd Bank,Banking
2025-12-24,848.0499877929688,858.8499755859375,844.2000122070312,850.0,1947886,INDUSINDBK.NS,IndusInd Bank,Banking
2025-12-26,849.8499755859375,858.9000244140625,837.0999755859375,841.0499877929688,4257972,INDUSINDBK.NS,IndusInd Bank,Banking
2025-12-29,839.5999755859375,854.5499877929688,836.5999755859375,849.7999877929688,1907670,INDUSINDBK.NS,IndusInd Bank,Banking
2025-12-30,841.5,844.0999755859375,833.25,839.5999755859375,4409838,INDUSINDBK.NS,IndusInd Bank,Banking
2025-12-31,864.2000122070312,869.5999755859375,836.5499877929688,841.5,2887744,INDUSINDBK.NS,IndusInd Bank,Banking
2026-01-01,890.2000122070312,891.5999755859375,863.5,865.4500122070312,4244931,INDUSINDBK.NS,IndusInd Bank,Banking
2026-01-02,902.4500122070312,909.75,890.25,896.0,6250730,INDUSINDBK.NS,IndusInd Bank,Banking
2026-01-05,899.9500122070312,910.0,892.5,905.0,2521435,INDUSINDBK.NS,IndusInd Bank,Banking
2026-01-06,914.25,924.0,886.5,898.0,8308942,INDUSINDBK.NS,IndusInd Bank,Banking
2026-01-07,897.8499755859375,924.7000122070312,892.8499755859375,914.5,2952528,INDUSINDBK.NS,IndusInd Bank,Banking
2026-01-08,883.4500122070312,902.75,876.0999755859375,897.0,3567518,INDUSINDBK.NS,IndusInd Bank,Banking
2026-01-09,882.25,892.0,878.0499877929688,878.0499877929688,2515780,INDUSINDBK.NS,IndusInd Bank,Banking
2026-01-12,905.4500122070312,907.9500122070312,879.0999755859375,880.2000122070312,4015935,INDUSINDBK.NS,IndusInd Bank,Banking
2026-01-13,910.5499877929688,913.7000122070312,897.5,909.0,3958844,INDUSINDBK.NS,IndusInd Bank,Banking
2026-01-14,944.5,948.9000244140625,905.0,913.0,11559313,INDUSINDBK.NS,IndusInd Bank,Banking
2026-01-15,944.5,944.5,944.5,944.5,0,INDUSINDBK.NS,IndusInd Bank,Banking
2026-01-16,953.8499755859375,960.2000122070312,938.0499877929688,945.0,10345071,INDUSINDBK.NS,IndusInd Bank,Banking
2026-01-19,949.7999877929688,961.9000244140625,941.4500122070312,947.9500122070312,5455304,INDUSINDBK.NS,IndusInd Bank,Banking
2026-01-20,905.1500244140625,948.0,899.0499877929688,946.0,6701234,INDUSINDBK.NS,IndusInd Bank,Banking
2026-01-21,907.1500244140625,919.1500244140625,891.4500122070312,908.0,3567143,INDUSINDBK.NS,IndusInd Bank,Banking
2026-01-22,902.4500122070312,916.2000122070312,892.9000244140625,911.0,2338485,INDUSINDBK.NS,IndusInd Bank,Banking
2026-01-23,892.4500122070312,914.5999755859375,888.25,900.0499877929688,5907525,INDUSINDBK.NS,IndusInd Bank,Banking
2026-01-27,894.75,897.0,851.1500244140625,875.0,8419598,INDUSINDBK.NS,IndusInd Bank,Banking
2026-01-28,901.7000122070312,903.0,877.6500244140625,898.75,2982683,INDUSINDBK.NS,IndusInd Bank,Banking
2026-01-29,898.4000244140625,904.5,890.7000122070312,899.9000244140625,4382116,INDUSINDBK.NS,IndusInd Bank,Banking
2026-01-30,896.0999755859375,902.75,888.2000122070312,892.0999755859375,2867342,INDUSINDBK.NS,IndusInd Bank,Banking
2026-02-02,910.25,914.5,884.3499755859375,889.0,3762702,INDUSINDBK.NS,IndusInd Bank,Banking
2026-02-03,922.4000244140625,959.5999755859375,916.3499755859375,951.2999877929688,9608114,INDUSINDBK.NS,IndusInd Bank,Banking
2026-02-04,921.2999877929688,932.0,915.7999877929688,922.0,2883259,INDUSINDBK.NS,IndusInd Bank,Banking
2026-02-05,914.4000244140625,922.1500244140625,902.2999877929688,918.0999755859375,2552518,INDUSINDBK.NS,IndusInd Bank,Banking
2026-02-06,903.5999755859375,917.0499877929688,895.0,909.0999755859375,2711855,INDUSINDBK.NS,IndusInd Bank,Banking
2026-02-09,927.9000244140625,936.9500122070312,900.3499755859375,910.0,6863941,INDUSINDBK.NS,IndusInd Bank,Banking
2026-02-10,927.5999755859375,933.0,920.0,927.9000244140625,2768617,INDUSINDBK.NS,IndusInd Bank,Banking
2026-02-11,925.0,928.2999877929688,915.0,927.9000244140625,2473671,INDUSINDBK.NS,IndusInd Bank,Banking
2026-02-12,922.7000122070312,937.0,915.0,928.7000122070312,3082642,INDUSINDBK.NS,IndusInd Bank,Banking
2026-02-13,926.0499877929688,929.9500122070312,903.3499755859375,922.0,2860622,INDUSINDBK.NS,IndusInd Bank,Banking
2026-02-16,931.9000244140625,933.7000122070312,912.1500244140625,930.0,2098887,INDUSINDBK.NS,IndusInd Bank,Banking
2026-02-17,943.7999877929688,952.2000122070312,928.2000122070312,931.9000244140625,6284594,INDUSINDBK.NS,IndusInd Bank,Banking
2026-02-18,944.6500244140625,950.0,932.7999877929688,944.0,3474257,INDUSINDBK.NS,IndusInd Bank,Banking
2026-02-19,927.3499755859375,944.5,923.2000122070312,944.5,2641817,INDUSINDBK.NS,IndusInd Bank,Banking
2026-02-20,926.0499877929688,947.9000244140625,922.6500244140625,934.0,6462199,INDUSINDBK.NS,IndusInd Bank,Banking
2026-02-23,919.75,934.6500244140625,911.9500122070312,926.0499877929688,4217172,INDUSINDBK.NS,IndusInd Bank,Banking
2026-02-24,931.4000244140625,934.4000244140625,912.0,919.75,3079572,INDUSINDBK.NS,IndusInd Bank,Banking
2026-02-25,937.3499755859375,941.8499755859375,932.0999755859375,934.0,1173030,INDUSINDBK.NS,IndusInd Bank,Banking
2026-02-26,964.5999755859375,968.8499755859375,936.2999877929688,938.0,8974624,INDUSINDBK.NS,IndusInd Bank,Banking
2026-02-27,956.75,968.0,951.2000122070312,963.0,3745120,INDUSINDBK.NS,IndusInd Bank,Banking
2026-03-02,942.5,955.9500122070312,933.2000122070312,939.0,1568186,INDUSINDBK.NS,IndusInd Bank,Banking
2026-03-04,927.5499877929688,942.9500122070312,916.7000122070312,930.0,2527046,INDUSINDBK.NS,IndusInd Bank,Banking
2026-03-05,937.2000122070312,947.5499877929688,926.9500122070312,930.0499877929688,1949212,INDUSINDBK.NS,IndusInd Bank,Banking
2026-03-06,917.8499755859375,942.9000244140625,912.0499877929688,935.0,1153433,INDUSINDBK.NS,IndusInd Bank,Banking
2026-03-09,881.2000122070312,900.0,870.5499877929688,899.0,3362985,INDUSINDBK.NS,IndusInd Bank,Banking
2026-03-10,898.7000122070312,904.0499877929688,885.0,892.0,4547967,INDUSINDBK.NS,IndusInd Bank,Banking
2026-03-11,877.1500244140625,907.5,873.1500244140625,897.2000122070312,2754525,INDUSINDBK.NS,IndusInd Bank,Banking
2026-03-12,831.3499755859375,870.5,828.0,870.0,7514347,INDUSINDBK.NS,IndusInd Bank,Banking
2026-03-13,814.4000244140625,833.1500244140625,804.7999877929688,827.0,5606889,INDUSINDBK.NS,IndusInd Bank,Banking
2026-03-16,825.0499877929688,830.0,806.2000122070312,814.5499877929688,3107008,INDUSINDBK.NS,IndusInd Bank,Banking
2026-03-17,820.8499755859375,825.0,808.0,825.0,3713235,INDUSINDBK.NS,IndusInd Bank,Banking
2026-03-18,842.1500244140625,847.9000244140625,815.5999755859375,819.5999755859375,4695600,INDUSINDBK.NS,IndusInd Bank,Banking
2026-03-19,816.2999877929688,831.25,812.9500122070312,828.2000122070312,5080824,INDUSINDBK.NS,IndusInd Bank,Banking
2026-03-20,818.5999755859375,837.0,813.0999755859375,822.0,7872290,INDUSINDBK.NS,IndusInd Bank,Banking
2026-03-23,778.3499755859375,809.0,771.9000244140625,806.2999877929688,7448050,INDUSINDBK.NS,IndusInd Bank,Banking
2026-03-24,797.25,802.1500244140625,771.7000122070312,789.8499755859375,6347812,INDUSINDBK.NS,IndusInd Bank,Banking
2026-03-25,818.4000244140625,834.2999877929688,802.9500122070312,802.9500122070312,3095936,INDUSINDBK.NS,IndusInd Bank,Banking
2026-03-27,792.5499877929688,816.2000122070312,785.2999877929688,809.0,6211886,INDUSINDBK.NS,IndusInd Bank,Banking
2026-03-30,752.4500122070312,784.0,750.5,781.0,7093604,INDUSINDBK.NS,IndusInd Bank,Banking
2026-04-01,785.6500244140625,793.6500244140625,765.9500122070312,765.9500122070312,4336917,INDUSINDBK.NS,IndusInd Bank,Banking
2026-04-02,778.7000122070312,784.75,754.0,772.2000122070312,2481604,INDUSINDBK.NS,IndusInd Bank,Banking
2026-04-06,786.2000122070312,788.2999877929688,756.4000244140625,774.5999755859375,2512596,INDUSINDBK.NS,IndusInd Bank,Banking
2026-04-07,784.7999877929688,787.7999877929688,770.2999877929688,778.0,1165539,INDUSINDBK.NS,IndusInd Bank,Banking
2026-04-08,835.9500122070312,840.8499755859375,810.0,812.0,3572416,INDUSINDBK.NS,IndusInd Bank,Banking
2026-04-09,814.5499877929688,834.9000244140625,812.0,831.8499755859375,2531440,INDUSINDBK.NS,IndusInd Bank,Banking
2026-04-10,830.9000244140625,835.4500122070312,817.7999877929688,818.5,1509168,INDUSINDBK.NS,IndusInd Bank,Banking
2026-04-13,818.9000244140625,822.2000122070312,800.7000122070312,807.0999755859375,1555260,INDUSINDBK.NS,IndusInd Bank,Banking
2026-04-15,840.0999755859375,850.0,828.1500244140625,832.0,3272348,INDUSINDBK.NS,IndusInd Bank,Banking
2026-04-16,847.9000244140625,857.25,840.9000244140625,845.5,3785293,INDUSINDBK.NS,IndusInd Bank,Banking
2026-04-17,853.9000244140625,857.4500122070312,838.5499877929688,849.0,1850548,INDUSINDBK.NS,IndusInd Bank,Banking
2026-04-20,851.9500122070312,856.0,839.5,853.9000244140625,2453075,INDUSINDBK.NS,IndusInd Bank,Banking
2026-04-21,856.4000244140625,865.8499755859375,854.8499755859375,857.7000122070312,975223,INDUSINDBK.NS,IndusInd Bank,Banking
2026-04-22,870.0999755859375,873.0,851.0,851.0,2253573,INDUSINDBK.NS,IndusInd Bank,Banking
2026-04-23,860.3499755859375,869.7000122070312,854.1500244140625,861.7000122070312,1561128,INDUSINDBK.NS,IndusInd Bank,Banking
2026-04-24,847.9500122070312,868.0,839.0,868.0,1453183,INDUSINDBK.NS,IndusInd Bank,Banking
2026-04-27,900.1500244140625,903.5,865.2000122070312,865.2000122070312,11254307,INDUSINDBK.NS,IndusInd Bank,Banking
2026-04-28,885.5499877929688,895.7000122070312,882.4500122070312,890.1500244140625,5748485,INDUSINDBK.NS,IndusInd Bank,Banking
2026-04-29,913.75,925.0,891.0,891.0,3485256,INDUSINDBK.NS,IndusInd Bank,Banking
2026-04-30,916.0499877929688,920.0,895.25,906.0,3438569,INDUSINDBK.NS,IndusInd Bank,Banking
2026-05-01,916.0499877929688,916.0499877929688,916.0499877929688,916.0499877929688,0,INDUSINDBK.NS,IndusInd Bank,Banking
2026-05-04,913.9000244140625,942.4000244140625,911.0999755859375,925.25,1973688,INDUSINDBK.NS,IndusInd Bank,Banking
2026-05-05,910.7000122070312,918.0999755859375,903.0,911.0999755859375,2006111,INDUSINDBK.NS,IndusInd Bank,Banking
2026-05-06,946.75,949.75,917.9500122070312,920.4000244140625,2901974,INDUSINDBK.NS,IndusInd Bank,Banking
2026-05-07,946.9500122070312,951.6500244140625,934.0999755859375,948.25,2007411,INDUSINDBK.NS,IndusInd Bank,Banking
2026-05-08,950.75,957.9000244140625,940.5,946.0,1604266,INDUSINDBK.NS,IndusInd Bank,Banking
2026-05-11,922.2999877929688,940.9000244140625,918.0999755859375,939.0,1584134,INDUSINDBK.NS,IndusInd Bank,Banking
2026-05-12,892.8499755859375,922.2999877929688,890.0999755859375,920.0,1374763,INDUSINDBK.NS,IndusInd Bank,Banking
2026-05-13,892.5,906.7999877929688,890.2999877929688,891.0,1428120,INDUSINDBK.NS,IndusInd Bank,Banking
2026-05-14,907.9000244140625,914.5,886.2000122070312,895.0,1862991,INDUSINDBK.NS,IndusInd Bank,Banking
2026-05-15,886.4000244140625,910.0,881.9500122070312,910.0,1437283,INDUSINDBK.NS,IndusInd Bank,Banking
2026-05-18,892.1500244140625,895.9000244140625,870.2000122070312,885.75,1421988,INDUSINDBK.NS,IndusInd Bank,Banking
2026-05-19,895.25,904.0999755859375,888.7999877929688,898.5,1303728,INDUSINDBK.NS,IndusInd Bank,Banking
2026-05-20,,,,,2947976,INDUSINDBK.NS,IndusInd Bank,Banking
