Date,Close,High,Low,Open,Volume,Ticker,Company,Sector
2021-05-21,164.33673095703125,164.96561448578402,163.03963687907816,163.19685776126636,23509878,ITC.NS,ITC,FMCG
2021-05-24,166.26271057128906,166.6950711491929,163.3147907453518,164.69048915553992,29977506,ITC.NS,ITC,FMCG
2021-05-25,165.79103088378906,167.75631056623115,165.28005368180322,167.441868806741,26310600,ITC.NS,ITC,FMCG
2021-05-26,165.5552215576172,167.0095367430745,165.31939642634165,166.49855945398303,18253046,ITC.NS,ITC,FMCG
2021-05-27,165.98757934570312,168.34591781801896,165.31939361850192,165.86966055352417,49385674,ITC.NS,ITC,FMCG
2021-05-28,167.36326599121094,167.83492866948632,166.3020218508196,167.04882420569402,26583388,ITC.NS,ITC,FMCG
2021-05-31,170.27188110351562,171.2938231197057,168.54242639486318,169.0141015231714,75852502,ITC.NS,ITC,FMCG
2021-06-01,169.21063232421875,172.47300643612786,168.42452783593546,171.37244769544404,40247686,ITC.NS,ITC,FMCG
2021-06-02,164.29742431640625,167.00951892192145,163.98298253686687,165.4765996753088,100377464,ITC.NS,ITC,FMCG
2021-06-03,164.33673095703125,165.6731146841739,164.06157884184444,165.6731146841739,48454441,ITC.NS,ITC,FMCG
2021-06-04,164.10092163085938,164.84772406397616,163.51134010697308,164.6905031547457,31286264,ITC.NS,ITC,FMCG
2021-06-07,166.22341918945312,166.9702216072871,165.24077918405564,165.3980000900687,32643869,ITC.NS,ITC,FMCG
2021-06-08,167.9528350830078,168.42451018362948,166.0268699457557,166.81297435164862,22080199,ITC.NS,ITC,FMCG
2021-06-09,167.04881286621094,168.81755713249416,166.26269599869443,168.22797571039973,25846432,ITC.NS,ITC,FMCG
2021-06-10,169.29046630859375,170.9890355608122,167.8345534687672,168.80515348380996,31902690,ITC.NS,ITC,FMCG
2021-06-11,168.15811157226562,170.22065292956617,168.0367833482013,170.09933752276615,22249404,ITC.NS,ITC,FMCG
2021-06-14,167.6728057861328,168.60296744352516,165.97423634157573,168.19854431616434,18358717,ITC.NS,ITC,FMCG
2021-06-15,167.47056579589844,168.56250681448503,167.4301273336581,167.87498887008837,15426377,ITC.NS,ITC,FMCG
2021-06-16,168.11767578125,169.33093240669035,167.47059618168782,167.47059618168782,20878518,ITC.NS,ITC,FMCG
2021-06-17,166.33824157714844,168.2390293756082,165.81250294157286,167.3897444828325,22304032,ITC.NS,ITC,FMCG
2021-06-18,165.448486328125,166.98528909758022,163.790368155021,166.62130443484187,24475206,ITC.NS,ITC,FMCG
2021-06-21,165.36761474609375,166.62130982916455,163.7094837020442,164.27567353979143,19809308,ITC.NS,ITC,FMCG
2021-06-22,165.89334106445312,166.82351550813178,165.2867128022464,166.70218729223774,18737552,ITC.NS,ITC,FMCG
2021-06-23,164.9631805419922,166.49998325816205,164.6800856420994,166.3382037577117,13059519,ITC.NS,ITC,FMCG
2021-06-24,164.3970184326172,165.52939822292205,163.83082853746475,165.3676315124879,23299321,ITC.NS,ITC,FMCG
2021-06-25,165.85292053222656,166.29778216043277,164.80143057621777,165.003635746397,14411660,ITC.NS,ITC,FMCG
2021-06-28,164.6800994873047,166.5404357262528,164.4778815033724,166.5404357262528,15190488,ITC.NS,ITC,FMCG
2021-06-29,164.4374237060547,166.05510330105315,164.31609549340877,164.68008013134656,13839294,ITC.NS,ITC,FMCG
2021-06-30,163.95213317871094,165.32715642814165,163.8308049590304,165.2462794931972,16556397,ITC.NS,ITC,FMCG
2021-07-01,164.1947784423828,164.84185801472717,163.50727321942588,164.11390150662976,10583793,ITC.NS,ITC,FMCG
2021-07-02,163.70948791503906,164.76097786194453,163.58815968707597,164.4374444655528,13187847,ITC.NS,ITC,FMCG
2021-07-05,164.7205352783203,165.08451995312015,163.95214027676212,164.19478390936425,10642939,ITC.NS,ITC,FMCG
2021-07-06,163.79039001464844,164.8418800407854,163.58817201371758,164.39701838290955,11515716,ITC.NS,ITC,FMCG
2021-07-07,164.8014373779297,165.9742556113567,163.62861914450266,163.7903858507755,18568033,ITC.NS,ITC,FMCG
2021-07-08,163.38592529296875,165.40802788461028,163.22415862370892,164.5991817210487,21730892,ITC.NS,ITC,FMCG
2021-07-09,162.8601837158203,163.66902992761112,162.4962118925987,163.38593503521065,12289809,ITC.NS,ITC,FMCG
2021-07-12,162.6580047607422,163.8308229845877,162.53667652771244,163.38596134165545,13589278,ITC.NS,ITC,FMCG
2021-07-13,163.26461791992188,163.5477128315662,162.8601947865351,163.3859461416643,11247522,ITC.NS,ITC,FMCG
2021-07-14,165.08453369140625,165.93381851935203,163.14330756545436,163.26463580048454,21269167,ITC.NS,ITC,FMCG
2021-07-15,166.82350158691406,168.6433862216671,164.11388104893993,165.32713747210863,29963443,ITC.NS,ITC,FMCG
2021-07-16,168.15811157226562,169.57358615757553,167.59192173814168,167.99634487926798,30137464,ITC.NS,ITC,FMCG
2021-07-19,168.0367889404297,169.45226357284628,166.9044092344964,167.2683939188027,17099088,ITC.NS,ITC,FMCG
2021-07-20,167.2683868408203,169.29048971091714,166.94485345774822,168.40076649883682,24567907,ITC.NS,ITC,FMCG
2021-07-22,167.43016052246094,168.4412119997201,166.49999880297898,167.43016052246094,19016769,ITC.NS,ITC,FMCG
2021-07-23,171.7978973388672,172.76851033180674,167.02573494803917,167.43015809653602,46241640,ITC.NS,ITC,FMCG
2021-07-26,170.78684997558594,174.18398912378228,170.50375504656958,173.09204787835776,49084040,ITC.NS,ITC,FMCG
2021-07-27,168.7647247314453,172.28319164452847,168.19853494812764,171.47434543485662,25378089,ITC.NS,ITC,FMCG
2021-07-28,169.12872314453125,169.8566796656142,167.794125508159,168.48164356064405,15304399,ITC.NS,ITC,FMCG
2021-07-29,166.6617889404297,170.01847724086818,166.3382426810823,169.12875386651257,16204679,ITC.NS,ITC,FMCG
2021-07-30,165.7720489501953,167.51107000038047,165.4889668078112,166.7022235964463,15515733,ITC.NS,ITC,FMCG
2021-08-02,167.6728057861328,167.83457247362435,166.1764414966242,166.98528775134582,10046707,ITC.NS,ITC,FMCG
2021-08-03,169.7758026123047,170.58464894835848,166.98530454226992,167.83458934994684,19179805,ITC.NS,ITC,FMCG
2021-08-04,168.72430419921875,170.74640712105705,168.31988105139817,170.5846404253817,11421835,ITC.NS,ITC,FMCG
2021-08-05,174.10308837890625,175.3163577769582,167.34926179660232,168.72429788427505,48995450,ITC.NS,ITC,FMCG
2021-08-06,173.2942352294922,174.7096968070704,171.95963776163507,174.22439679338038,24489836,ITC.NS,ITC,FMCG
2021-08-09,172.93026733398438,175.63988817803198,172.04054414752426,173.9008802725153,21142199,ITC.NS,ITC,FMCG
2021-08-10,169.73533630371094,173.45600833173563,168.68384649309982,173.09202369502617,18855165,ITC.NS,ITC,FMCG
2021-08-11,168.7647247314453,170.34196586822125,167.79411184329172,169.73533761959894,16012451,ITC.NS,ITC,FMCG
2021-08-12,168.96693420410156,173.25378301166714,168.52207265630952,170.0588624333139,28758718,ITC.NS,ITC,FMCG
2021-08-13,171.0294952392578,171.71701328147688,169.209597555093,169.7353489080718,19576945,ITC.NS,ITC,FMCG
2021-08-16,170.5846405029297,172.48541519955947,170.26110711143198,170.9890636509341,11621038,ITC.NS,ITC,FMCG
2021-08-17,169.20960998535156,171.06994627417205,168.88607658310409,170.50375641160647,8161139,ITC.NS,ITC,FMCG
2021-08-18,169.0074005126953,171.06994192112074,168.52210042167303,169.5331518909179,11149120,ITC.NS,ITC,FMCG
2021-08-20,168.96693420410156,170.4228470545597,167.1874751956708,167.43013160983466,20168965,ITC.NS,ITC,FMCG
2021-08-23,166.86395263671875,170.01843495562278,166.62129620687585,169.45224516416496,10319044,ITC.NS,ITC,FMCG
2021-08-24,166.41909790039062,167.43014930994136,165.56981317829633,167.43014930994136,12971124,ITC.NS,ITC,FMCG
2021-08-25,166.94485473632812,168.1581113407725,166.62130853351388,166.94485473632812,10994627,ITC.NS,ITC,FMCG
2021-08-26,165.48895263671875,167.30883766383158,165.28673464441835,166.94486578531507,15407558,ITC.NS,ITC,FMCG
2021-08-27,166.54042053222656,167.30881547617807,165.73157430482033,165.81246405446632,10879860,ITC.NS,ITC,FMCG
2021-08-30,168.23899841308594,168.4007651032814,166.6213058766031,166.6213058766031,12550267,ITC.NS,ITC,FMCG
2021-08-31,170.9081573486328,171.15081377739654,167.6323468293755,168.27942636699106,26802390,ITC.NS,ITC,FMCG
2021-09-01,169.45223999023438,171.71699908691517,169.29047331436618,170.66549646787738,16867486,ITC.NS,ITC,FMCG
2021-09-02,169.65444946289062,171.06992393446035,169.04782120857885,169.04782120857885,14872714,ITC.NS,ITC,FMCG
2021-09-03,170.34197998046875,170.86773134203847,169.65446192701546,169.65446192701546,10622796,ITC.NS,ITC,FMCG
2021-09-06,169.29046630859375,170.82726889163843,169.08826117644213,170.66548940520218,11041632,ITC.NS,ITC,FMCG
2021-09-07,171.27215576171875,173.37513558920222,169.97800939970418,170.58463770312193,38933378,ITC.NS,ITC,FMCG
2021-09-08,170.86773681640625,172.2832114373175,169.61402889256135,171.67657030173794,17897021,ITC.NS,ITC,FMCG
2021-09-09,172.00009155273438,173.01114287562518,170.30152225413477,170.70594534674365,19784972,ITC.NS,ITC,FMCG
2021-09-13,173.21336364746094,174.0222099056848,171.31258903962518,172.566296894693,16661794,ITC.NS,ITC,FMCG
2021-09-14,174.79061889648438,175.72079344976484,173.2538160095186,173.82000587222888,20377545,ITC.NS,ITC,FMCG
2021-09-15,174.70973205566406,175.68034509613292,174.14355500076118,175.59946815283186,21028598,ITC.NS,ITC,FMCG
2021-09-16,186.64012145996094,188.9857704130323,174.95236643020303,175.47811776433798,154986538,ITC.NS,ITC,FMCG
2021-09-17,186.96368408203125,191.93805169133506,185.30555300075352,188.46003564837946,82563658,ITC.NS,ITC,FMCG
2021-09-20,189.06663513183594,193.59615324465207,186.23568631132585,186.8423273566228,73101936,ITC.NS,ITC,FMCG
2021-09-21,195.33518981933594,196.10358483372562,187.4085447697263,190.03727602387522,58854434,ITC.NS,ITC,FMCG
2021-09-22,196.9528350830078,198.81317099668473,194.68807608944243,196.9528350830078,54648494,ITC.NS,ITC,FMCG
2021-09-23,196.14404296875,198.65145906459423,195.49697611644564,198.16614610810004,22630330,ITC.NS,ITC,FMCG
2021-09-24,192.8682098388672,197.3572769737961,192.26156875258198,197.3572769737961,25779310,ITC.NS,ITC,FMCG
2021-09-27,193.0704345703125,195.6182889393184,190.4821417305409,193.9601578307468,23772123,ITC.NS,ITC,FMCG
2021-09-28,192.302001953125,195.41603275599337,191.12917117477141,194.00055838320665,16319138,ITC.NS,ITC,FMCG
2021-09-29,192.58511352539062,195.2542830164171,190.64388769804088,190.8865441307755,16045073,ITC.NS,ITC,FMCG
2021-09-30,191.00790405273438,194.44546906167392,190.27994745095987,194.04105869633912,16987893,ITC.NS,ITC,FMCG
2021-10-01,190.36080932617188,191.69539418755454,188.37914486040498,190.2394810992708,16570661,ITC.NS,ITC,FMCG
2021-10-04,191.37185668945312,192.78733127749896,190.4012437123268,190.88655660952213,11098123,ITC.NS,ITC,FMCG
2021-10-05,189.83506774902344,192.05938878342423,189.67330104389225,191.2101039685365,9578825,ITC.NS,ITC,FMCG
2021-10-06,187.04457092285156,191.2101052643208,186.51881951466333,189.91595879723582,18179336,ITC.NS,ITC,FMCG
2021-10-07,188.41958618164062,190.0372658811418,187.89383483196556,188.46002464938059,10770973,ITC.NS,ITC,FMCG
2021-10-08,187.40853881835938,189.91594176592358,187.004115680426,189.8755032973095,10114327,ITC.NS,ITC,FMCG
2021-10-11,192.544677734375,193.71749589152083,187.40854348815924,187.65118712315402,22000303,ITC.NS,ITC,FMCG
2021-10-12,195.1733856201172,196.54842159539214,192.50421623366066,192.98951626285375,30347455,ITC.NS,ITC,FMCG
2021-10-13,201.5632781982422,202.93830161797553,194.24326099869504,196.1844871194856,52091422,ITC.NS,ITC,FMCG
2021-10-14,207.50823974609375,211.79510194592942,202.4934210233864,204.83907010131895,88696178,ITC.NS,ITC,FMCG
2021-10-18,212.3612823486328,214.58559028719347,208.15531009018667,211.10757451930024,62614961,ITC.NS,ITC,FMCG
2021-10-19,198.9345245361328,212.36128790435816,198.20656802653534,211.43111342043338,61336411,ITC.NS,ITC,FMCG
2021-10-20,199.46026611328125,200.997068909097,196.02268866993225,198.9345275699933,49663940,ITC.NS,ITC,FMCG
2021-10-21,197.92347717285156,200.87574173970978,196.62933081623572,200.59264682366054,23385990,ITC.NS,ITC,FMCG
2021-10-22,191.37185668945312,198.8132014853145,189.0262204105568,197.9234782634755,36905793,ITC.NS,ITC,FMCG
2021-10-25,188.78353881835938,191.41226966475088,186.43790285187234,189.34972857816834,23194065,ITC.NS,ITC,FMCG
2021-10-26,191.45274353027344,193.31307970091905,188.13649432473372,189.3497509147241,19663381,ITC.NS,ITC,FMCG
2021-10-27,192.8682098388672,195.17339469769658,191.04831221453878,194.32412281142447,26909428,ITC.NS,ITC,FMCG
2021-10-28,182.07017517089844,190.84610415647174,181.30176741239816,190.15858614733168,48064941,ITC.NS,ITC,FMCG
2021-10-29,180.5334014892578,184.61804610006956,179.80544489706102,181.98931467365142,27668175,ITC.NS,ITC,FMCG
2021-11-01,183.48561096191406,184.05180067579857,179.9671572975702,181.30174184432872,24090945,ITC.NS,ITC,FMCG
2021-11-02,182.47457885742188,185.42685593456804,181.5848557329985,184.41580459913007,14896284,ITC.NS,ITC,FMCG
2021-11-03,179.9267578125,183.48565070810776,179.32011668959925,182.79814546426087,18530527,ITC.NS,ITC,FMCG
2021-11-04,183.24302673339844,183.84965510411018,181.18047232880645,181.86799046367045,7295341,ITC.NS,ITC,FMCG
2021-11-08,185.87173461914062,186.59969113502424,182.5554854207232,185.79084486525838,21051238,ITC.NS,ITC,FMCG
2021-11-09,185.0224609375,186.76146898587723,184.29450437811568,185.91218419705137,11964518,ITC.NS,ITC,FMCG
2021-11-10,186.72100830078125,188.3386879272601,183.7687311264887,183.97094909058816,13948380,ITC.NS,ITC,FMCG
2021-11-11,186.0334930419922,187.2467623927212,184.86067497503865,186.3570264086145,8448263,ITC.NS,ITC,FMCG
2021-11-12,188.37911987304688,189.22840453143732,185.34596587190796,187.00409672417396,12312123,ITC.NS,ITC,FMCG
2021-11-15,192.58511352539062,193.3130700063309,188.54089518795593,189.2284132025283,40247848,ITC.NS,ITC,FMCG
2021-11-16,190.44168090820312,193.83880685090224,190.0776962622371,193.35350680687762,15241184,ITC.NS,ITC,FMCG
2021-11-17,193.71749877929688,198.36834582485395,190.6034674094487,190.88656233554988,48496295,ITC.NS,ITC,FMCG
2021-11-18,192.09979248046875,196.54842092669077,191.12917960812177,194.12189515445485,21005037,ITC.NS,ITC,FMCG
2021-11-22,186.76145935058594,194.72854262205456,185.66953097647607,192.42334483338854,23443628,ITC.NS,ITC,FMCG
2021-11-23,187.32765197753906,188.2173752044726,185.34598754292787,185.34598754292787,13950744,ITC.NS,ITC,FMCG
2021-11-24,184.1731719970703,188.21737786187813,183.56654368080208,188.01517269554358,14684422,ITC.NS,ITC,FMCG
2021-11-25,187.08499145507812,187.81294797192888,182.5959241316211,183.60697556153963,24825493,ITC.NS,ITC,FMCG
2021-11-26,181.1804656982422,186.07395659282645,180.45250911657558,185.14379483407785,28067913,ITC.NS,ITC,FMCG
2021-11-29,179.15835571289062,180.8973637470813,178.10686576175002,179.56277886864154,22985358,ITC.NS,ITC,FMCG
2021-11-30,178.875244140625,182.15105473493767,177.94508250449095,179.56276215969913,24408641,ITC.NS,ITC,FMCG
2021-12-01,179.4818878173828,180.61425462029055,178.43038513164424,179.56276475181576,13496307,ITC.NS,ITC,FMCG
2021-12-02,182.353271484375,182.91944846524135,178.9965711619585,179.48188402736324,16517389,ITC.NS,ITC,FMCG
2021-12-03,179.2796630859375,182.95989671270922,179.0370194745252,181.98928381527028,14325920,ITC.NS,ITC,FMCG
2021-12-06,176.24652099609375,179.72453689667825,175.92298761400778,179.279675291994,13644352,ITC.NS,ITC,FMCG
2021-12-07,178.47084045410156,179.52233034636677,176.40828632043855,177.05536589686147,9246755,ITC.NS,ITC,FMCG
2021-12-08,181.94888305664062,182.51507296271186,178.75396162510492,178.75396162510492,10241656,ITC.NS,ITC,FMCG
2021-12-09,190.40126037597656,191.25054520313228,180.37163479210685,180.37163479210685,39714672,ITC.NS,ITC,FMCG
2021-12-10,190.96746826171875,193.27266649064381,189.06669324821797,191.04835803171028,36517117,ITC.NS,ITC,FMCG
2021-12-13,189.75418090820312,193.11086870344965,189.39019622769308,192.50424038653088,22903720,ITC.NS,ITC,FMCG
2021-12-14,184.90113830566406,191.776293765857,184.0518534911274,190.07772413678364,38953007,ITC.NS,ITC,FMCG
2021-12-15,181.2209014892578,187.81294863246143,180.69515012963606,186.03350221107112,35987634,ITC.NS,ITC,FMCG
2021-12-16,180.2907257080078,182.91945685285543,178.59215623573184,182.79814144820494,25131188,ITC.NS,ITC,FMCG
2021-12-17,176.28697204589844,180.25030111973342,175.31637183037014,180.20986264840266,30827201,ITC.NS,ITC,FMCG
2021-12-20,171.7978973388672,174.911941483302,169.6949174743068,174.911941483302,38778895,ITC.NS,ITC,FMCG
2021-12-21,171.87876892089844,174.2648434553751,170.70595088635727,173.09202542083392,20142586,ITC.NS,ITC,FMCG
2021-12-22,171.474365234375,173.2538117204035,170.74640868852111,173.09204502324314,17903428,ITC.NS,ITC,FMCG
2021-12-23,175.76123046875,176.69139219708129,172.44498107909934,173.01117093713225,23065082,ITC.NS,ITC,FMCG
2021-12-24,176.32740783691406,178.30905938239727,175.07369998046488,176.32740783691406,17220191,ITC.NS,ITC,FMCG
2021-12-27,175.9634246826172,176.6913811951516,174.42663472130235,176.6509427270286,8467106,ITC.NS,ITC,FMCG
2021-12-28,177.98553466796875,178.43039628695365,176.32741641852766,176.32741641852766,12014352,ITC.NS,ITC,FMCG
2021-12-29,175.3163604736328,178.18774809741282,174.95237580343928,177.94509165061714,11923119,ITC.NS,ITC,FMCG
2021-12-30,174.70973205566406,176.24653496830098,174.30532170462845,175.19504498453108,10116360,ITC.NS,ITC,FMCG
2021-12-31,176.3678436279297,176.97447190442713,174.83104088584093,175.43768197960213,7875890,ITC.NS,ITC,FMCG
2022-01-03,177.2171630859375,177.8237914813664,175.5590318000144,176.3678782054305,8064567,ITC.NS,ITC,FMCG
2022-01-04,178.14732360839844,179.32014191555277,177.1767233097463,177.54069521742431,9398805,ITC.NS,ITC,FMCG
2022-01-05,178.3899383544922,179.15833328212997,176.85313568195343,177.66198189218713,11663111,ITC.NS,ITC,FMCG
2022-01-06,176.89358520507812,178.2686083680829,176.48916210398386,177.13622881192424,9295303,ITC.NS,ITC,FMCG
2022-01-07,176.6509552001953,178.47085301866474,175.92299863626053,177.7833349257083,9196075,ITC.NS,ITC,FMCG
2022-01-10,180.6142578125,181.7466374526854,177.05536502021903,177.86419846516287,16451394,ITC.NS,ITC,FMCG
2022-01-11,179.52235412597656,181.38269053087538,178.91572575459486,180.65473392176418,8329596,ITC.NS,ITC,FMCG
2022-01-12,180.16940307617188,180.89735961298143,179.2392413747403,179.96719791154985,13665682,ITC.NS,ITC,FMCG
2022-01-13,181.1400146484375,182.6363789970961,180.16940166785685,181.09957617928208,11944029,ITC.NS,ITC,FMCG
2022-01-14,180.04806518554688,181.82751142727145,179.80540876448885,181.13999344578227,10976796,ITC.NS,ITC,FMCG
2022-01-17,181.665771484375,182.47460497814987,179.0370401993933,180.04809167956049,12792728,ITC.NS,ITC,FMCG
2022-01-18,178.55172729492188,183.84964115279135,178.18775542702093,181.66577149359125,14948456,ITC.NS,ITC,FMCG
2022-01-19,178.2281951904297,179.88631347773043,176.89361030300253,178.55172859030327,11915686,ITC.NS,ITC,FMCG
2022-01-20,176.93405151367188,179.68411108971446,176.32742317519848,178.38996465291413,17997322,ITC.NS,ITC,FMCG
2022-01-21,175.5590057373047,178.34951644963698,174.70972098287874,176.73183669622463,17225050,ITC.NS,ITC,FMCG
2022-01-24,171.31259155273438,176.1251922531533,170.58463503655955,175.55900242754353,18023332,ITC.NS,ITC,FMCG
2022-01-25,173.33468627929688,173.65821964524955,169.49268590250244,171.47435019917373,19028606,ITC.NS,ITC,FMCG
2022-01-27,173.5773468017578,174.30530330093325,170.7463977398179,170.86772595922443,24041247,ITC.NS,ITC,FMCG
2022-01-28,176.00387573242188,177.33847344852575,173.98177274002418,173.98177274002418,15865353,ITC.NS,ITC,FMCG
2022-01-31,178.10684204101562,178.5517036079144,175.59943931692595,176.7318188753094,15618203,ITC.NS,ITC,FMCG
2022-02-01,184.21360778808594,185.06289254541718,177.25757585253209,178.75394020380048,44871108,ITC.NS,ITC,FMCG
2022-02-02,187.7725067138672,188.70268119324072,185.22465253411045,186.033498792934,42714702,ITC.NS,ITC,FMCG
2022-02-03,189.6328582763672,190.23948661118416,187.48942705171757,187.77252198360083,28918394,ITC.NS,ITC,FMCG
2022-02-04,189.51150512695312,192.90864386286003,187.28719725267834,191.89759249868726,58889867,ITC.NS,ITC,FMCG
2022-02-07,186.19525146484375,189.87548500300738,184.82022830906934,189.26885676318742,25101983,ITC.NS,ITC,FMCG
2022-02-08,187.04457092285156,187.8938557434947,185.26512433708427,186.27617586395485,16825239,ITC.NS,ITC,FMCG
2022-02-09,186.1548309326172,188.4600287198056,185.02245127332966,187.89383889016185,12351873,ITC.NS,ITC,FMCG
2022-02-10,187.85337829589844,188.78353986803498,184.21358330052777,184.98199101726252,20317032,ITC.NS,ITC,FMCG
2022-02-11,188.01515197753906,188.70266997494005,185.87172105462025,187.65116733752802,18793513,ITC.NS,ITC,FMCG
2022-02-14,181.76356506347656,187.18872800755483,180.97671417850117,187.18872800755483,23621214,ITC.NS,ITC,FMCG
2022-02-15,184.70391845703125,185.1180553342,181.01812256293164,183.0473840734752,13371177,ITC.NS,ITC,FMCG
2022-02-16,184.496826171875,186.1119506539419,183.75138511285317,185.36650959492007,11664158,ITC.NS,ITC,FMCG
2022-02-17,184.4140167236328,185.8220663006464,182.9231345243862,184.74532096232798,14564261,ITC.NS,ITC,FMCG
2022-02-18,183.7928009033203,185.07660799015832,183.461483570317,184.41399957438608,9004891,ITC.NS,ITC,FMCG
2022-02-21,180.5625762939453,183.2958560634697,179.85854491387306,182.46759543260728,16750193,ITC.NS,ITC,FMCG
2022-02-22,177.95350646972656,179.6514635477479,176.42121462502428,178.07774883215708,26741024,ITC.NS,ITC,FMCG
2022-02-23,178.86460876464844,180.14842907519085,178.11916767710213,179.56864010430834,11438476,ITC.NS,ITC,FMCG
2022-02-24,172.69400024414062,176.669690308222,171.45160284135426,173.93641077204484,42933709,ITC.NS,ITC,FMCG
2022-02-25,177.20806884765625,179.32014967447256,174.39195670352854,175.17880751398374,24543858,ITC.NS,ITC,FMCG
2022-02-28,178.7817840576172,179.27874039312303,174.5990190145845,176.58687060684352,20806226,ITC.NS,ITC,FMCG
2022-03-02,178.32623291015625,179.40297817211916,175.96566740789152,177.58077873827716,20039140,ITC.NS,ITC,FMCG
2022-03-03,181.72213745117188,182.3847458944181,178.90601219202222,178.9474350635634,29631546,ITC.NS,ITC,FMCG
2022-03-04,186.7745819091797,188.3482836014619,179.7342946670046,180.31408364577752,69409780,ITC.NS,ITC,FMCG
2022-03-07,186.31903076171875,188.01697478310345,182.3019308817423,183.87563253568553,47001716,ITC.NS,ITC,FMCG
2022-03-08,187.93414306640625,189.21795015453642,185.32509289516338,185.449335254525,37424203,ITC.NS,ITC,FMCG
2022-03-09,189.88058471679688,191.66136136448705,187.27153436664327,188.59676441551395,43923809,ITC.NS,ITC,FMCG
2022-03-10,192.1583251953125,192.57246206267456,188.72101413393293,191.33006458570702,37523806,ITC.NS,ITC,FMCG
2022-03-11,195.7613067626953,196.38250551786706,190.62603834471227,192.07551085685895,43305144,ITC.NS,ITC,FMCG
2022-03-14,197.95619201660156,198.32890596620504,194.89159530543964,195.67844607413804,36465969,ITC.NS,ITC,FMCG
2022-03-15,197.0037078857422,199.94406271426962,195.3885832176057,197.95622403624276,34269168,ITC.NS,ITC,FMCG
2022-03-16,200.93797302246094,201.26927725556868,198.03902816997265,198.78446925702417,22462538,ITC.NS,ITC,FMCG
2022-03-17,202.84298706054688,203.25712390430283,201.0207875730442,203.13288153866426,35541798,ITC.NS,ITC,FMCG
2022-03-21,202.5116729736328,205.2035559388632,201.9318971331737,203.67125090478717,29052540,ITC.NS,ITC,FMCG
2022-03-22,206.86007690429688,207.68835055185687,201.7248091646828,202.5530828122428,38368305,ITC.NS,ITC,FMCG
2022-03-23,208.7237091064453,210.1317587127038,205.82476414485626,208.2681493623796,42051087,ITC.NS,ITC,FMCG
2022-03-24,211.08425903320312,212.45089878780126,208.2681337811327,208.68227061967937,39712133,ITC.NS,ITC,FMCG
2022-03-25,209.8418426513672,211.8296941707732,206.4459416704061,211.45696708896557,30412482,ITC.NS,ITC,FMCG
2022-03-28,212.9064483642578,213.69329918097034,209.17924301520128,210.3802306762796,25876007,ITC.NS,ITC,FMCG
2022-03-29,210.877197265625,213.27917270454668,210.1731659084905,212.90645871408157,18820674,ITC.NS,ITC,FMCG
2022-03-30,206.404541015625,212.36806958625158,205.9489944234309,211.29132428880354,18281803,ITC.NS,ITC,FMCG
2022-03-31,207.60552978515625,210.67012670588494,206.65302684870818,206.73584634312036,26644916,ITC.NS,ITC,FMCG
2022-04-01,209.80044555664062,211.4983895869442,206.07324013940996,207.06715283392606,14856664,ITC.NS,ITC,FMCG
2022-04-04,211.58119201660156,213.6104531139709,207.97822948157605,209.63476352784815,16520039,ITC.NS,ITC,FMCG
2022-04-05,214.89430236816406,216.8821541146951,211.29133912461492,212.07818999817744,28230046,ITC.NS,ITC,FMCG
2022-04-06,215.01852416992188,218.12453074221398,213.11350523056862,213.2791573394101,20352716,ITC.NS,ITC,FMCG
2022-04-07,212.57516479492188,217.1720540262949,211.87113340360045,213.693319945732,16679649,ITC.NS,ITC,FMCG
2022-04-08,221.81036376953125,222.68003415528338,212.0367832724113,213.69331766806724,39283623,ITC.NS,ITC,FMCG
2022-04-11,221.5618438720703,226.2415518131153,220.3194465536782,222.5971793457694,47924937,ITC.NS,ITC,FMCG
2022-04-12,219.32553100585938,222.5143835038909,217.91748143706013,221.06489793653932,24460888,ITC.NS,ITC,FMCG
2022-04-13,223.2598114013672,224.1294817413057,218.3730279727989,219.73966779283754,22239115,ITC.NS,ITC,FMCG
2022-04-18,223.71534729003906,225.7031988649666,221.35479487312887,221.9759804432569,25339139,ITC.NS,ITC,FMCG
2022-04-19,216.63365173339844,225.7031999791827,214.35591879788058,225.28905001348414,24280577,ITC.NS,ITC,FMCG
2022-04-20,214.9771270751953,219.86391051151287,213.32059276417755,217.75182959309313,25454589,ITC.NS,ITC,FMCG
2022-04-21,215.68116760253906,219.0356461157108,215.01854597485945,215.101378600239,24313956,ITC.NS,ITC,FMCG
2022-04-22,216.2609405517578,217.83464219108288,214.14884657510902,215.34983424069003,16274820,ITC.NS,ITC,FMCG
2022-04-25,211.4155731201172,214.52157986648876,209.13782696437372,214.35592774836314,25140992,ITC.NS,ITC,FMCG
2022-04-26,214.4801788330078,215.92963820678108,212.24384233464923,212.53373683442763,21327644,ITC.NS,ITC,FMCG
2022-04-27,213.27915954589844,214.1074332237923,211.82970029726076,212.20241426473058,17219401,ITC.NS,ITC,FMCG
2022-04-28,216.2609405517578,218.41443115034514,213.81754234842143,214.93571051988948,28999835,ITC.NS,ITC,FMCG
2022-04-29,214.9771270751953,217.83464908982896,214.10744360875935,217.83464908982896,21206335,ITC.NS,ITC,FMCG
2022-05-02,217.95887756347656,219.07704569906468,212.90644233070114,213.6932931251151,19696250,ITC.NS,ITC,FMCG
2022-05-04,215.1427764892578,220.36086409715944,214.1902735380598,218.66292005911836,26951488,ITC.NS,ITC,FMCG
2022-05-05,217.0477752685547,219.65682539166832,215.68113559102144,217.0063655245704,18623544,ITC.NS,ITC,FMCG
2022-05-06,220.85784912109375,221.43763813224882,214.4387602476255,214.5215928742701,35818441,ITC.NS,ITC,FMCG
2022-05-09,217.79322814941406,220.4437012860046,215.80538970336823,220.4437012860046,22228031,ITC.NS,ITC,FMCG
2022-05-10,215.1427764892578,220.9820759404605,214.6043972667696,217.00638576892462,18727774,ITC.NS,ITC,FMCG
2022-05-11,211.74685668945312,217.17201881031335,208.5166078884865,214.521558928757,18012072,ITC.NS,ITC,FMCG
2022-05-12,209.46914672851562,212.36807851664443,206.3631399465158,211.20850055134554,20816708,ITC.NS,ITC,FMCG
2022-05-13,214.19027709960938,216.05387328514584,210.7943758419421,211.16708982900204,12380764,ITC.NS,ITC,FMCG
2022-05-16,210.46304321289062,215.30841656905153,209.5519500604742,215.30841656905153,8502159,ITC.NS,ITC,FMCG
2022-05-17,219.2427215576172,219.90533006151077,211.04285600866098,211.20850813463437,18483427,ITC.NS,ITC,FMCG
2022-05-18,220.98207092285156,221.81034461170077,217.95888377115804,220.3194624718665,20978307,ITC.NS,ITC,FMCG
2022-05-19,228.312255859375,231.29402035588168,217.5033529969788,217.5033529969788,81302807,ITC.NS,ITC,FMCG
2022-05-20,231.9152374267578,233.86166634308432,229.43041612383328,229.43041612383328,33617466,ITC.NS,ITC,FMCG
2022-05-23,227.35971069335938,232.28792968330498,226.1587362232997,231.91520260629295,22535903,ITC.NS,ITC,FMCG
2022-05-24,224.3365936279297,227.77390497893956,223.6325622066039,227.77390497893956,16146766,ITC.NS,ITC,FMCG
2022-05-25,225.8688507080078,226.86278967717007,224.04666426485957,226.0759388267412,15877459,ITC.NS,ITC,FMCG
2022-05-26,226.28521728515625,227.60031278292823,223.86708295127815,227.60031278292823,19129574,ITC.NS,ITC,FMCG
2022-05-27,228.40635681152344,229.67904625095144,224.88522426485687,228.23665233747516,13986762,ITC.NS,ITC,FMCG
2022-05-30,228.2790985107422,229.93360294570672,227.04881495027382,229.50935518094212,12274291,ITC.NS,ITC,FMCG
2022-05-31,229.63662719726562,232.90320322898515,226.0306690873399,228.27909888444083,24102167,ITC.NS,ITC,FMCG
2022-06-01,230.65480041503906,232.56382124443414,229.2548123677556,229.636627289742,15265925,ITC.NS,ITC,FMCG
2022-06-02,232.0547637939453,232.86079959901087,227.2609280270644,229.67906233252978,14789457,ITC.NS,ITC,FMCG
2022-06-03,231.37599182128906,233.92139797854622,230.44268429737605,233.3274725642133,12968807,ITC.NS,ITC,FMCG
2022-06-06,233.1577606201172,234.00622931211333,228.83060524828798,231.12146802765056,11345943,ITC.NS,ITC,FMCG
2022-06-07,232.3941650390625,233.32747256297054,230.99420375320045,231.80023962473277,11245578,ITC.NS,ITC,FMCG
2022-06-08,227.3033447265625,232.81835021869801,225.86095081454138,232.43653532017476,14915091,ITC.NS,ITC,FMCG
2022-06-09,229.8063201904297,230.5275171544063,225.47915185170356,227.21850844452166,10239939,ITC.NS,ITC,FMCG
2022-06-10,229.21241760253906,229.9336146380709,228.02456682522424,228.2791101189731,8693455,ITC.NS,ITC,FMCG
2022-06-13,224.54586791992188,228.32151727461266,223.14589324207893,226.03068139937048,11519902,ITC.NS,ITC,FMCG
2022-06-14,225.22462463378906,226.92154850603336,223.1883186761228,223.31557687430515,7708043,ITC.NS,ITC,FMCG
2022-06-15,223.48529052734375,226.79428616361244,223.1883278291374,225.6913010633246,5254329,ITC.NS,ITC,FMCG
2022-06-16,221.19439697265625,227.30334113661206,220.1762508162746,226.53971135162604,14843837,ITC.NS,ITC,FMCG
2022-06-17,223.40040588378906,224.12160282415454,219.37020034187188,219.75201523211237,17296080,ITC.NS,ITC,FMCG
2022-06-20,224.0791778564453,225.8185343490621,221.74589606831375,223.40040032794298,17738981,ITC.NS,ITC,FMCG
2022-06-21,229.00030517578125,229.80634100550807,224.0792110615894,224.8428274911029,14417711,ITC.NS,ITC,FMCG
2022-06-22,225.0973358154297,229.3396653400503,224.75795375590275,226.5397162909859,11756920,ITC.NS,ITC,FMCG
2022-06-23,225.2670440673828,226.75187094288194,222.63681273726155,225.2670440673828,9416459,ITC.NS,ITC,FMCG
2022-06-24,225.56399536132812,227.68516690124375,225.0125028615705,225.7761192378866,7283228,ITC.NS,ITC,FMCG
2022-06-27,229.04270935058594,229.63663472949503,226.11551530105876,226.53973619016412,8487729,ITC.NS,ITC,FMCG
2022-06-28,230.65480041503906,230.9941824933819,227.85485121074058,228.1518273357084,11673046,ITC.NS,ITC,FMCG
2022-06-29,232.5214080810547,233.32744385340908,228.36393069229945,228.44876948668738,16635367,ITC.NS,ITC,FMCG
2022-06-30,232.0547637939453,233.07291003872254,230.7820473751379,232.43655182931883,20003893,ITC.NS,ITC,FMCG
2022-07-01,241.26058959960938,241.81208211197062,230.10327948068883,232.0547600310366,36520000,ITC.NS,ITC,FMCG
2022-07-04,247.66647338867188,248.8543241164546,241.64238095213614,242.36357795759486,41417701,ITC.NS,ITC,FMCG
2022-07-05,243.42413330078125,248.59975658547253,242.44841999762534,248.59975658547253,19283789,ITC.NS,ITC,FMCG
2022-07-06,245.46046447753906,246.05438981253735,242.06661694480627,242.74538107329937,18997440,ITC.NS,ITC,FMCG
2022-07-07,247.7089080810547,248.7270543309223,244.78171408370005,246.9028722719592,14326277,ITC.NS,ITC,FMCG
2022-07-08,248.64222717285156,249.83007796510742,246.3937972368151,248.51495552437626,11538313,ITC.NS,ITC,FMCG
2022-07-11,250.29672241210938,251.95122689053898,247.79374927212905,248.599785089008,12828405,ITC.NS,ITC,FMCG
2022-07-12,248.34527587890625,250.59367890619419,246.8180161097546,248.59979228349496,14616684,ITC.NS,ITC,FMCG
2022-07-13,249.4906768798828,250.12700818356478,248.34525902104085,248.59977540835277,9634877,ITC.NS,ITC,FMCG
2022-07-14,246.7755889892578,251.44212602720404,245.33319503561347,249.70278284853933,13930984,ITC.NS,ITC,FMCG
2022-07-15,249.0664520263672,249.44826697785155,245.63019813381953,247.7513564550386,11450042,ITC.NS,ITC,FMCG
2022-07-18,250.55126953125,251.3997382057762,249.23614711927485,250.2967262398652,11751684,ITC.NS,ITC,FMCG
2022-07-19,249.95733642578125,250.80580507409437,248.3452648171744,250.29671850705276,9542292,ITC.NS,ITC,FMCG
2022-07-20,253.01181030273438,254.11482227055723,249.1088759053645,250.21188787318735,16397373,ITC.NS,ITC,FMCG
2022-07-21,254.1572265625,256.40565643855683,252.84210415685135,253.69057282729588,16660697,ITC.NS,ITC,FMCG
2022-07-22,255.0056915283203,256.6601960000569,252.92696617265906,254.53903779989557,10351425,ITC.NS,ITC,FMCG
2022-07-25,255.47232055664062,257.0419860778844,253.52086703288506,253.6905446139422,11050533,ITC.NS,ITC,FMCG
2022-07-26,256.6177978515625,257.72080994527596,254.92088719616407,255.3875409876827,10114261,ITC.NS,ITC,FMCG
2022-07-27,258.0601501464844,258.7813471417001,255.04811741612986,256.9571382319894,9706094,ITC.NS,ITC,FMCG
2022-07-28,257.4662170410156,258.95104383009493,256.575342479782,258.6965005582375,11256515,ITC.NS,ITC,FMCG
2022-07-29,257.1268310546875,259.5449652101947,255.68443712966686,258.781335406266,17584873,ITC.NS,ITC,FMCG
2022-08-01,260.9024963378906,262.0055082145643,257.1692667403295,257.93286966243636,16501510,ITC.NS,ITC,FMCG
2022-08-02,262.981201171875,268.66591081115354,261.496401394425,263.0236340104721,40483892,ITC.NS,ITC,FMCG
2022-08-03,261.4539794921875,263.7872747975873,257.6359112374964,263.7872747975873,18376724,ITC.NS,ITC,FMCG
2022-08-04,262.59942626953125,263.3206232200239,260.6055398906321,261.32670995085806,16514348,ITC.NS,ITC,FMCG
2022-08-05,263.744873046875,264.5509088770924,262.2600730322923,262.59945512447496,10477269,ITC.NS,ITC,FMCG
2022-08-08,265.6962890625,266.3750800407258,263.06607149908865,263.82967437547717,8627072,ITC.NS,ITC,FMCG
2022-08-10,264.04180908203125,266.5023761852095,263.6600210538475,265.69631350505483,9267241,ITC.NS,ITC,FMCG
2022-08-11,259.8419189453125,265.9508499218457,259.03588317622376,265.56903501324547,11305242,ITC.NS,ITC,FMCG
2022-08-12,261.7933654785156,262.5145624340796,258.35711206473457,259.8419119266054,6669853,ITC.NS,ITC,FMCG
2022-08-16,263.4903259277344,264.2963617462434,261.7933886012013,261.7933886012013,8941455,ITC.NS,ITC,FMCG
2022-08-17,265.187255859375,265.78118121807273,263.8721335015251,264.46605886022286,8283028,ITC.NS,ITC,FMCG
2022-08-18,267.8174743652344,268.11445049047194,265.2296624865342,265.5690445651854,10264507,ITC.NS,ITC,FMCG
2022-08-19,264.7205810546875,268.2417000828232,264.04179006291065,268.2417000828232,10823811,ITC.NS,ITC,FMCG
2022-08-22,266.75689697265625,268.96292083324323,263.8721358407428,264.04181343600726,11793184,ITC.NS,ITC,FMCG
2022-08-23,268.0295715332031,268.114410317587,264.80540193370723,265.52659882663124,9698555,ITC.NS,ITC,FMCG
2022-08-24,266.50238037109375,271.0416459497589,265.6114788807127,267.90234153713817,11783894,ITC.NS,ITC,FMCG
2022-08-25,265.01751708984375,268.4537971570217,264.38118586016276,267.6477614652669,8057930,ITC.NS,ITC,FMCG
2022-08-26,265.48419189453125,267.6053499429559,264.72058898003723,267.053857455251,7224507,ITC.NS,ITC,FMCG
2022-08-29,266.0357360839844,267.2235599628373,262.04793599320465,263.0236763157559,11798961,ITC.NS,ITC,FMCG
2022-08-30,271.93255615234375,272.69615913543754,266.62963366461634,266.62963366461634,18516092,ITC.NS,ITC,FMCG
2022-09-01,269.4720153808594,273.12040683439596,268.1144868819956,271.0841140861003,13765474,ITC.NS,ITC,FMCG
2022-09-02,274.1809387207031,275.1142730153722,269.853783764817,270.4052762609814,26750910,ITC.NS,ITC,FMCG
2022-09-05,279.0171813964844,279.6535395795609,274.69002642236677,275.7506054673159,18144801,ITC.NS,ITC,FMCG
2022-09-06,277.5748291015625,279.99293654538434,276.9384708846257,279.99293654538434,12431779,ITC.NS,ITC,FMCG
2022-09-07,276.68389892578125,278.5505136483378,275.9627019847451,276.59906013573766,8397233,ITC.NS,ITC,FMCG
2022-09-08,279.9080810546875,280.5020063916544,277.8717617721913,279.1444512399011,11331350,ITC.NS,ITC,FMCG
2022-09-09,280.41717529296875,282.7928498157612,279.9929275319118,280.5020140890729,9770432,ITC.NS,ITC,FMCG
2022-09-12,280.7565612792969,282.0292507996631,279.99293143291607,281.68986872025,9048240,ITC.NS,ITC,FMCG
2022-09-13,283.7261657714844,284.2352254054314,280.5019959352434,281.4353033027904,10925371,ITC.NS,ITC,FMCG
2022-09-14,284.5322265625,287.62909815011665,280.7989698733131,280.8414027174895,12739464,ITC.NS,ITC,FMCG
2022-09-15,283.4716491699219,285.9746222956876,282.45347602573565,285.42310287916376,8742900,ITC.NS,ITC,FMCG
2022-09-16,281.0959777832031,283.89590044895573,279.7384224090289,281.9868524894801,12973988,ITC.NS,ITC,FMCG
2022-09-19,284.74432373046875,285.8473356152218,279.22931808723854,279.22931808723854,14918717,ITC.NS,ITC,FMCG
2022-09-20,285.0837097167969,288.1381752501277,284.23524109303435,287.4169782644429,9892945,ITC.NS,ITC,FMCG
2022-09-21,289.2835998535156,292.8895848660916,284.65949549309363,285.0837163697409,21800547,ITC.NS,ITC,FMCG
2022-09-22,292.7623291015625,295.9016336736952,289.2412095855803,289.32604838745686,25111230,ITC.NS,ITC,FMCG
2022-09-23,293.9077453613281,296.58042306271375,291.2775273960429,294.8410528474406,23718397,ITC.NS,ITC,FMCG
2022-09-26,282.1989440917969,293.52590457504243,281.47774711779783,292.5925971711066,16829922,ITC.NS,ITC,FMCG
2022-09-27,284.1080017089844,288.0958020043659,283.386804641424,284.23527336151096,10375837,ITC.NS,ITC,FMCG
2022-09-28,275.70819091796875,282.7928350538754,275.1566715464111,281.64741725032246,16151900,ITC.NS,ITC,FMCG
2022-09-29,282.5807189941406,284.1503845053013,278.0838597710169,279.1444387617436,18985406,ITC.NS,ITC,FMCG
2022-09-30,281.8595275878906,284.8715870392449,280.120184462611,282.58072454257734,12906555,ITC.NS,ITC,FMCG
2022-10-03,275.2415466308594,282.5383559337637,274.2658331722687,282.4534902406312,9462192,ITC.NS,ITC,FMCG
2022-10-04,282.4110412597656,283.386754569709,278.29599692921727,278.8899222393101,9142294,ITC.NS,ITC,FMCG
2022-10-06,285.6352233886719,287.88365330764236,282.1565367308051,284.2352621563399,23091432,ITC.NS,ITC,FMCG
2022-10-07,283.4716491699219,285.8049178082336,281.0959476871794,285.7624849638028,10910698,ITC.NS,ITC,FMCG
2022-10-10,278.16876220703125,281.22322795270395,276.6415293341949,279.9929443291806,9750594,ITC.NS,ITC,FMCG
2022-10-11,276.8536071777344,280.37472625070114,275.83543412223884,279.14444277206616,11018577,ITC.NS,ITC,FMCG
2022-10-12,280.0777282714844,281.2231728694555,275.538463387814,278.2535465066379,10735673,ITC.NS,ITC,FMCG
2022-10-13,278.8475036621094,281.09593338744793,278.29601116390967,279.95051554877637,7546587,ITC.NS,ITC,FMCG
2022-10-14,281.77471923828125,283.3019521043014,280.71414011214864,281.9444237301811,6672357,ITC.NS,ITC,FMCG
2022-10-17,281.9019775390625,284.02313569090956,279.6535477468832,280.9262372599377,7195922,ITC.NS,ITC,FMCG
2022-10-18,288.7320861816406,289.32601149959356,283.00497031516136,283.3443523696678,21691854,ITC.NS,ITC,FMCG
2022-10-19,293.8653564453125,294.7986639855421,288.3079171619546,291.10783978264334,16923690,ITC.NS,ITC,FMCG
2022-10-20,296.70770263671875,297.76828179838714,292.55022479370285,294.416839815796,19186222,ITC.NS,ITC,FMCG
2022-10-21,293.22894287109375,299.67725563027733,292.29563550688033,299.67725563027733,28426343,ITC.NS,ITC,FMCG
2022-10-24,295.0107421875,296.7076794697808,294.4168168277286,296.0713212663584,3292671,ITC.NS,ITC,FMCG
2022-10-25,293.8228759765625,296.53795935090176,291.5744462967065,296.495526509488,17906260,ITC.NS,ITC,FMCG
2022-10-27,293.39862060546875,295.56218434795625,291.74411644872094,294.11979059278866,19273344,ITC.NS,ITC,FMCG
2022-10-28,293.39862060546875,295.77429474953647,292.80469534688586,294.88342030679405,13572499,ITC.NS,ITC,FMCG
2022-10-31,295.8592224121094,297.38645526984885,292.50778055998325,295.2652970290846,14358449,ITC.NS,ITC,FMCG
2022-11-01,296.5379638671875,297.3864324765158,294.5865102669731,296.32585343742227,20422565,ITC.NS,ITC,FMCG
2022-11-02,300.90753173828125,302.2650599111192,295.68947568212093,295.68947568212093,17427813,ITC.NS,ITC,FMCG
2022-11-03,300.1015625,304.1741748109055,299.5076370702563,300.3561058113575,11149636,ITC.NS,ITC,FMCG
2022-11-04,300.0166931152344,302.05301269079484,299.0833855785757,300.35610211972056,8709851,ITC.NS,ITC,FMCG
2022-11-07,299.9318542480469,302.34998878545736,296.9622271364337,301.2045438986607,10437370,ITC.NS,ITC,FMCG
2022-11-09,306.040771484375,306.67712972446185,299.6772966445866,299.93183994062133,21404869,ITC.NS,ITC,FMCG
2022-11-10,302.052978515625,305.3619873676679,300.44090693293117,304.5983844196486,20071989,ITC.NS,ITC,FMCG
2022-11-11,302.3499450683594,306.2528791521114,300.90755112409437,305.44681649600983,11372654,ITC.NS,ITC,FMCG
2022-11-14,294.5865478515625,302.85904389971773,294.0774612429606,302.34998418138673,18319254,ITC.NS,ITC,FMCG
2022-11-15,292.9320068359375,296.07131112129144,287.75635636940854,296.07131112129144,16046491,ITC.NS,ITC,FMCG
2022-11-16,291.9562683105469,294.28953683980063,289.8775161651745,293.31379658565174,7897812,ITC.NS,ITC,FMCG
2022-11-17,291.61688232421875,294.79861942780377,290.6835749250552,291.9562643884357,10379179,ITC.NS,ITC,FMCG
2022-11-18,289.3684387207031,292.5077428316221,288.30785973711704,291.6168683171269,8140173,ITC.NS,ITC,FMCG
2022-11-21,286.10186767578125,288.47756916373294,283.72619307809856,287.71396619418795,9553090,ITC.NS,ITC,FMCG
2022-11-22,288.6896667480469,289.32602493621624,284.8291654472003,285.93217734327123,6746019,ITC.NS,ITC,FMCG
2022-11-23,288.307861328125,290.1744760470947,286.35638092900854,290.1744760470947,8067471,ITC.NS,ITC,FMCG
2022-11-24,289.1139221191406,290.5987220769565,286.39883859521296,288.3078863197395,8454385,ITC.NS,ITC,FMCG
2022-11-25,288.7320861816406,290.08964128993296,286.61092817327545,289.32601149959356,7200274,ITC.NS,ITC,FMCG
2022-11-28,288.5199890136719,289.96238297928875,287.4169771181529,288.4775561710592,10284123,ITC.NS,ITC,FMCG
2022-11-29,290.4290466308594,292.71988240502225,288.47756604814566,288.47756604814566,10582296,ITC.NS,ITC,FMCG
2022-11-30,288.47760009765625,291.9987198626354,287.62913134808093,289.5381793120574,23425220,ITC.NS,ITC,FMCG
2022-12-01,288.0957946777344,289.91997683377264,285.7624990342661,289.91997683377264,17270904,ITC.NS,ITC,FMCG
2022-12-02,286.0594787597656,289.1563774474647,285.7200966541682,287.92609378568704,8711914,ITC.NS,ITC,FMCG
2022-12-05,285.7200927734375,287.5018689713266,283.5140687816108,286.4836957780927,10090597,ITC.NS,ITC,FMCG
2022-12-06,286.18670654296875,286.95030944094776,283.4716232240956,283.4716232240956,6571118,ITC.NS,ITC,FMCG
2022-12-07,288.56243896484375,289.75026283547726,285.6352180174455,287.2048837136964,10191144,ITC.NS,ITC,FMCG
2022-12-08,287.12005615234375,290.30179362424616,286.35642625175734,288.6472890632461,6439244,ITC.NS,ITC,FMCG
2022-12-09,289.6654052734375,290.59871268365674,286.7806442482873,288.2654441581086,8445424,ITC.NS,ITC,FMCG
2022-12-12,291.192626953125,291.87141795405626,288.5624093017329,289.32601220366394,11646572,ITC.NS,ITC,FMCG
2022-12-13,293.22894287109375,293.5683249226017,290.51385956876385,292.29563550688033,11105261,ITC.NS,ITC,FMCG
2022-12-14,293.05926513671875,294.7137695951809,291.65930396267674,293.56835170555905,7664099,ITC.NS,ITC,FMCG
2022-12-15,287.50189208984375,293.6532301390105,286.78069498340045,292.50781209478754,8469001,ITC.NS,ITC,FMCG
2022-12-16,284.32012939453125,287.5442727749147,281.09595912387766,286.35642198521447,12907968,ITC.NS,ITC,FMCG
2022-12-19,288.9018249511719,290.4714637783214,284.5322367839802,285.76249351633334,8113695,ITC.NS,ITC,FMCG
2022-12-20,288.6048278808594,289.28359202122505,285.7200668391714,288.51998908588064,5693354,ITC.NS,ITC,FMCG
2022-12-21,284.36248779296875,289.5381109866779,283.8109953365087,289.326000571906,7316532,ITC.NS,ITC,FMCG
2022-12-22,282.07171630859375,286.2716002792479,279.9081250502298,284.78680014858566,6838031,ITC.NS,ITC,FMCG
2022-12-23,277.1930236816406,281.6050447264805,276.04760574212514,280.75657603821094,10461859,ITC.NS,ITC,FMCG
2022-12-26,283.8958435058594,284.3200912396883,276.1748412992115,277.0232829863363,9934633,ITC.NS,ITC,FMCG
2022-12-27,282.6656494140625,285.42313928734745,280.1202431191775,284.74437503148704,6986433,ITC.NS,ITC,FMCG
2022-12-28,283.7261657714844,284.2352254054314,281.26559883129704,282.4110435107773,8035558,ITC.NS,ITC,FMCG
2022-12-29,284.5322265625,284.87160864510446,281.30805644235426,283.6837579108544,8417520,ITC.NS,ITC,FMCG
2022-12-30,281.3080749511719,285.72009609585905,280.41720028700314,284.57465124015135,7228324,ITC.NS,ITC,FMCG
2023-01-02,282.4110412597656,283.386754569709,279.6959579693791,280.75653695952593,6181118,ITC.NS,ITC,FMCG
2023-01-03,280.92626953125,282.8353174652673,280.2050724499425,281.2656516476997,6228015,ITC.NS,ITC,FMCG
2023-01-04,277.44757080078125,282.11410831517077,276.5991021008185,281.56261576081664,6947412,ITC.NS,ITC,FMCG
2023-01-05,282.92010498046875,283.30191987610624,278.46567853549766,278.8474934311352,8486143,ITC.NS,ITC,FMCG
2023-01-06,284.27764892578125,286.39880685343945,282.6231446665972,283.980672832971,8603181,ITC.NS,ITC,FMCG
2023-01-09,286.82305908203125,289.58057544596466,285.21098748541885,285.8897516429116,11027747,ITC.NS,ITC,FMCG
2023-01-10,282.8777160644531,287.12003234184647,282.15651907046407,286.6957845799462,7217255,ITC.NS,ITC,FMCG
2023-01-11,281.5201721191406,284.3201214106787,281.09595123056147,284.3201214106787,4760847,ITC.NS,ITC,FMCG
2023-01-12,279.86566162109375,283.0473988879398,278.3808616526731,282.8777212922585,6894087,ITC.NS,ITC,FMCG
2023-01-13,278.9323425292969,281.9019692324323,276.93845607653475,279.86564993738693,14967746,ITC.NS,ITC,FMCG
2023-01-16,280.16265869140625,281.85956922640884,277.91422870354097,280.2899303428153,8571826,ITC.NS,ITC,FMCG
2023-01-17,281.9019775390625,282.96255661498606,279.22932687262113,280.1626343082124,14240647,ITC.NS,ITC,FMCG
2023-01-18,283.93829345703125,285.55036502803495,282.02924576542426,283.38677405884465,13039078,ITC.NS,ITC,FMCG
2023-01-19,281.817138671875,284.7867654617728,281.3928909074505,283.38677741846726,8667564,ITC.NS,ITC,FMCG
2023-01-20,283.8958435058594,284.40493003034743,279.35657829672897,281.6898467168552,13608325,ITC.NS,ITC,FMCG
2023-01-23,286.5684814453125,286.90789037363754,282.5807088852788,285.0836816675179,7399204,ITC.NS,ITC,FMCG
2023-01-24,287.586669921875,289.1139026204414,286.4412521205169,286.61092970354275,12776694,ITC.NS,ITC,FMCG
2023-01-25,287.8412170410156,289.3260169185744,284.44734265185195,287.5442409313436,12978859,ITC.NS,ITC,FMCG
2023-01-27,293.5683288574219,295.9864629809435,289.7502336688159,290.0047769334252,21850457,ITC.NS,ITC,FMCG
2023-01-30,292.55023193359375,298.44705329199684,290.0472585973046,294.3320081955146,14634225,ITC.NS,ITC,FMCG
2023-01-31,298.95611572265625,301.20454577184114,289.36849699017176,293.5683809303978,17794183,ITC.NS,ITC,FMCG
2023-02-01,306.6346740722656,310.2830649667827,279.22932296558173,299.5075967647228,67003785,ITC.NS,ITC,FMCG
2023-02-02,321.22821044921875,326.4038332445663,305.786180844502,306.80432689120096,57892084,ITC.NS,ITC,FMCG
2023-02-03,322.9675598144531,324.32508790383645,315.6283462717156,324.0281387181329,23153980,ITC.NS,ITC,FMCG
2023-02-06,325.30084228515625,329.37348051237205,322.07667259613254,324.5372394239691,26783409,ITC.NS,ITC,FMCG
2023-02-07,316.6889953613281,325.7251210184186,312.61638330032497,325.7251210184186,21438758,ITC.NS,ITC,FMCG
2023-02-08,318.6404724121094,320.12527243334034,315.24659769454775,317.96168133443524,10821785,ITC.NS,ITC,FMCG
2023-02-09,317.53741455078125,322.4160885845296,315.7556386486366,317.3253041341543,12318006,ITC.NS,ITC,FMCG
2023-02-10,315.076904296875,319.82828026077203,314.18600281658485,315.7981012936871,10674456,ITC.NS,ITC,FMCG
2023-02-13,317.4950256347656,318.3010614636174,313.9314733374816,316.47687935994287,10282470,ITC.NS,ITC,FMCG
2023-02-14,327.88873291015625,328.9069061575999,317.11323634643196,318.1738424426096,30246745,ITC.NS,ITC,FMCG
2023-02-15,329.5971374511719,330.1576679226677,326.44948650079726,329.2090652796974,12679568,ITC.NS,ITC,FMCG
2023-02-16,329.89892578125,332.2273312860376,328.56225107766346,329.4246244991014,10151755,ITC.NS,ITC,FMCG
2023-02-17,330.6319274902344,331.62365824844454,327.0531039108078,328.60536506972716,7967611,ITC.NS,ITC,FMCG
2023-02-20,331.1924743652344,334.1676667878579,328.8209679393305,331.7530321247744,8105569,ITC.NS,ITC,FMCG
2023-02-21,329.6402282714844,332.7878791255196,329.1659269645161,332.01176213727604,8577674,ITC.NS,ITC,FMCG
2023-02-22,331.02001953125,331.92549387387686,327.69991050035287,329.4246300412966,9306194,ITC.NS,ITC,FMCG
2023-02-23,334.25390625,339.7730635557299,330.3732393743947,331.5374558356461,19555814,ITC.NS,ITC,FMCG
2023-02-24,332.09796142578125,335.46119851133227,328.5622387300454,335.46119851133227,13407431,ITC.NS,ITC,FMCG
2023-02-27,329.5971374511719,333.5640336540253,326.0614143293228,332.09800144908905,8455904,ITC.NS,ITC,FMCG
2023-02-28,324.8540954589844,331.36498387124664,323.3880905915263,329.8558507634998,16997837,ITC.NS,ITC,FMCG
2023-03-01,326.57879638671875,328.0448283784041,322.1807277426097,322.74125813257007,8065784,ITC.NS,ITC,FMCG
2023-03-02,323.8623962402344,327.4843212134342,323.12938013123113,327.26873467101,5212922,ITC.NS,ITC,FMCG
2023-03-03,331.9686279296875,332.3567000823072,324.3366789162476,325.1127958905374,8495772,ITC.NS,ITC,FMCG
2023-03-06,334.72821044921875,338.4795199727342,332.22734654385846,332.78787699460906,11126980,ITC.NS,ITC,FMCG
2023-03-08,338.3932800292969,339.0400669894196,332.09800538489117,334.5988694124469,9261146,ITC.NS,ITC,FMCG
2023-03-09,334.16766357421875,339.42810589779805,332.57227411624933,338.13455943528567,10005328,ITC.NS,ITC,FMCG
2023-03-10,334.5988464355469,336.4960516136908,330.71817960319845,333.6933720845052,8684320,ITC.NS,ITC,FMCG
2023-03-13,330.8475341796875,337.09970743167725,329.8558306919474,335.6336753224757,9130473,ITC.NS,ITC,FMCG
2023-03-14,327.4411926269531,333.26216543515204,325.2852727230352,332.61540586254597,10623744,ITC.NS,ITC,FMCG
2023-03-15,327.1824645996094,331.4080750926228,325.9751473158912,328.56224016331714,8748113,ITC.NS,ITC,FMCG
2023-03-16,328.9503173828125,329.72646164762585,324.9834215793122,328.21730135413816,16315136,ITC.NS,ITC,FMCG
2023-03-17,323.8623962402344,332.01177525909844,318.774411718077,332.01177525909844,50787703,ITC.NS,ITC,FMCG
2023-03-20,326.6650390625,327.1393403346496,320.8009381836736,321.9220263410037,10512002,ITC.NS,ITC,FMCG
2023-03-21,325.06964111328125,326.66503050094747,322.5687774410421,326.66503050094747,12057999,ITC.NS,ITC,FMCG
2023-03-22,325.75958251953125,326.7081851155626,322.698160870653,325.0696673607315,4958761,ITC.NS,ITC,FMCG
2023-03-23,328.2604064941406,330.07138232033816,322.87060724865256,325.11275608211065,10127917,ITC.NS,ITC,FMCG
2023-03-24,326.57879638671875,330.28697726919245,325.97513776255107,328.99343088338946,10317108,ITC.NS,ITC,FMCG
2023-03-27,327.8723449707031,331.4942967399921,324.5522361809951,325.9320117135164,11232922,ITC.NS,ITC,FMCG
2023-03-28,327.48431396484375,329.72649048309006,326.104538259108,327.87238613118836,9523719,ITC.NS,ITC,FMCG
2023-03-29,330.07147216796875,331.1494323104942,325.2422019835495,327.8724236380735,10551626,ITC.NS,ITC,FMCG
2023-03-31,330.71820068359375,331.5805741825232,327.6999344337672,329.4246541006751,9877493,ITC.NS,ITC,FMCG
2023-04-03,326.7513122558594,331.1494090061376,326.4063683142408,331.1494090061376,7331070,ITC.NS,ITC,FMCG
2023-04-05,333.21905517578125,333.7795855891628,326.7512683146224,326.7512683146224,12055499,ITC.NS,ITC,FMCG
2023-04-06,334.038330078125,336.5822949482747,331.3218522485814,333.43467137499874,13394394,ITC.NS,ITC,FMCG
2023-04-10,335.0731506347656,336.3235962389909,331.796142451687,334.03831889161165,7044256,ITC.NS,ITC,FMCG
2023-04-11,341.4977722167969,343.3087482121327,334.5988394706166,335.0731407552796,18939829,ITC.NS,ITC,FMCG
2023-04-12,339.38494873046875,343.0500286146007,338.134530611312,343.00690038151225,10122932,ITC.NS,ITC,FMCG
2023-04-13,341.1528015136719,342.0151748719387,339.51431126462745,341.06657237712915,6292395,ITC.NS,ITC,FMCG
2023-04-17,345.07659912109375,346.67196114992544,338.82442638431115,338.82442638431115,11466474,ITC.NS,ITC,FMCG
2023-04-18,343.6536865234375,346.6719797998749,342.36014007094957,344.9472603068738,9860308,ITC.NS,ITC,FMCG
2023-04-19,343.8693542480469,346.1115036056961,341.4978201608352,341.5409484040227,10119480,ITC.NS,ITC,FMCG
2023-04-20,345.2059631347656,347.2325255508556,342.96378687492137,344.9472483870184,6924577,ITC.NS,ITC,FMCG
2023-04-21,352.0617980957031,352.7085850216558,344.1280333460661,345.205993335354,14801099,ITC.NS,ITC,FMCG
2023-04-24,352.4498596191406,353.5709478133228,348.56919284238995,353.5709478133228,6212135,ITC.NS,ITC,FMCG
2023-04-25,354.90765380859375,356.6323734928454,351.3288023855,352.44989067847706,9180650,ITC.NS,ITC,FMCG
2023-04-26,355.5113220214844,356.15808167123777,352.7517431220612,355.2957081406145,7914219,ITC.NS,ITC,FMCG
2023-04-27,358.74517822265625,359.9524956184329,354.4333381894397,355.46816995826964,13100076,ITC.NS,ITC,FMCG
2023-04-28,366.98077392578125,369.3091521609752,356.7617046409041,360.4698858529476,13208557,ITC.NS,ITC,FMCG
2023-05-02,366.0321960449219,368.2312170453855,363.22948899493935,367.3688708739612,10648421,ITC.NS,ITC,FMCG
2023-05-03,368.36053466796875,369.52475106941137,363.9624658109192,365.6440843931658,7607609,ITC.NS,ITC,FMCG
2023-05-04,366.16156005859375,368.2312237045819,365.6441304816209,366.76521878807824,8292456,ITC.NS,ITC,FMCG
2023-05-05,369.7403564453125,372.4568068586512,365.94594604814733,367.32572170858936,12890455,ITC.NS,ITC,FMCG
2023-05-08,372.0687255859375,373.7934724501675,370.2577769087297,371.68068077279236,7522610,ITC.NS,ITC,FMCG
2023-05-09,365.47161865234375,373.53476810451167,363.48818430101966,373.23295242687635,10377820,ITC.NS,ITC,FMCG
2023-05-10,366.80828857421875,367.670662019015,364.09183818751245,365.6009712176939,10130159,ITC.NS,ITC,FMCG
2023-05-11,362.53961181640625,368.5761991800974,361.246065190173,368.4468417843788,16597954,ITC.NS,ITC,FMCG
2023-05-12,362.58270263671875,364.5230087103349,358.78826497218336,362.53957439894646,11564770,ITC.NS,ITC,FMCG
2023-05-15,368.9211120605469,369.6972290385542,361.3753921567857,362.194637373385,9503538,ITC.NS,ITC,FMCG
2023-05-16,365.6009216308594,370.81826249912626,365.21287686463893,370.81826249912626,8302077,ITC.NS,ITC,FMCG
2023-05-17,368.74859619140625,369.91278522840224,364.4367566000682,365.77343124633455,9844782,ITC.NS,ITC,FMCG
2023-05-18,361.9359130859375,372.9310991903745,360.55613745867515,370.8183075120231,24919291,ITC.NS,ITC,FMCG
2023-05-19,362.0652770996094,364.86798397388037,354.73514378539636,363.0138796934658,26759905,ITC.NS,ITC,FMCG
2023-05-22,366.2908630371094,367.1532090960195,361.41846568333955,363.87622847788674,16015615,ITC.NS,ITC,FMCG
2023-05-23,370.0853271484375,371.8531750904477,365.81661514264306,367.368876538473,9068926,ITC.NS,ITC,FMCG
2023-05-24,373.83660888671875,374.91456886776746,368.231195120506,369.3522833399385,11921823,ITC.NS,ITC,FMCG
2023-05-25,380.4337463378906,381.5548072858419,374.95768966539407,376.81179405000734,18905572,ITC.NS,ITC,FMCG
2023-05-26,382.5465087890625,383.538239600723,379.0108132541104,382.3740231705763,13496209,ITC.NS,ITC,FMCG
2023-05-29,387.2895202636719,389.6179257846181,382.9776804575075,383.75382474147256,20589822,ITC.NS,ITC,FMCG
2023-05-30,396.694091796875,398.0607904227817,388.8466198986373,388.8466198986373,19627897,ITC.NS,ITC,FMCG
2023-05-31,392.81439208984375,398.5457120356545,390.1250920308218,396.16500689487293,14821960,ITC.NS,ITC,FMCG
2023-06-01,387.7003479003906,394.1370521106153,387.0831300712574,394.1370521106153,9142172,ITC.NS,ITC,FMCG
2023-06-02,390.96270751953125,392.28533690590683,387.7884528819144,387.9648127817119,9558309,ITC.NS,ITC,FMCG
2023-06-05,388.5379638671875,394.0047579044921,388.0530090359599,392.3735334972519,7427630,ITC.NS,ITC,FMCG
2023-06-06,390.4337463378906,391.13913016054414,388.31756692508327,388.67025883641,6703067,ITC.NS,ITC,FMCG
2023-06-07,391.44775390625,392.9466875464616,390.38965022510433,391.4918229297332,7833952,ITC.NS,ITC,FMCG
2023-06-08,390.52191162109375,393.0348799089027,389.64016787195294,392.9907829407493,7294955,ITC.NS,ITC,FMCG
2023-06-09,386.5981750488281,392.1090385407523,383.6884458318554,383.6884458318554,7329661,ITC.NS,ITC,FMCG
2023-06-12,385.2755432128906,388.8024899824118,382.54214619271056,387.9648432684456,9054977,ITC.NS,ITC,FMCG
2023-06-13,392.7262268066406,393.6079704879434,386.4658829976891,388.84658814272206,16732376,ITC.NS,ITC,FMCG
2023-06-14,391.93267822265625,394.79831026437284,391.2713634734976,393.4757087109002,9039402,ITC.NS,ITC,FMCG
2023-06-15,395.10693359375,395.68005441379864,392.15310761877413,392.3735365538048,7787525,ITC.NS,ITC,FMCG
2023-06-16,399.515625,401.71997024510654,394.9305745944466,395.9004842667059,12181426,ITC.NS,ITC,FMCG
2023-06-19,399.9565124511719,401.98452587577134,398.7661737553355,400.97051916347164,4350517,ITC.NS,ITC,FMCG
2023-06-20,399.2951965332031,401.0145589993537,396.9144913699615,401.0145589993537,4644353,ITC.NS,ITC,FMCG
2023-06-21,394.18109130859375,400.48553208235376,392.4176318908195,398.5457127503798,6292873,ITC.NS,ITC,FMCG
2023-06-22,394.71014404296875,396.4736314097722,393.1230165907835,395.0187389624948,6892713,ITC.NS,ITC,FMCG
2023-06-23,392.1531066894531,394.71014380840734,390.34555030370274,394.57788085873347,6325479,ITC.NS,ITC,FMCG
2023-06-26,392.9907531738281,398.01666142391394,391.49179170831167,394.04882882574555,5688287,ITC.NS,ITC,FMCG
2023-06-27,392.4617004394531,394.31335378452604,390.7423100436601,393.34344411970375,5052984,ITC.NS,ITC,FMCG
2023-06-28,396.2091369628906,397.3113096684264,391.9327091009996,392.37356700527516,12548096,ITC.NS,ITC,FMCG
2023-06-30,398.19305419921875,398.50164914384476,393.78433542362166,396.7822586020583,9456776,ITC.NS,ITC,FMCG
2023-07-03,408.4652404785156,410.84591752828834,396.8262972772856,398.1929957052276,11111199,ITC.NS,ITC,FMCG
2023-07-04,411.1986389160156,412.6535313723766,405.42327783509205,410.008300305656,8022597,ITC.NS,ITC,FMCG
2023-07-05,418.91387939453125,423.8075530512712,409.3911138921741,411.19867042880867,16878943,ITC.NS,ITC,FMCG
2023-07-06,417.8558044433594,420.94189362445013,414.8579091994762,420.8977966558463,9835812,ITC.NS,ITC,FMCG
2023-07-07,413.0062255859375,419.26656948415007,412.30081386393067,417.0622242218856,7605499,ITC.NS,ITC,FMCG
2023-07-10,410.7578125,415.210600305827,408.86206202643064,414.41702254158486,6772454,ITC.NS,ITC,FMCG
2023-07-11,417.1944885253906,418.4288961670022,410.89004764135507,410.89004764135507,8783282,ITC.NS,ITC,FMCG
2023-07-12,416.44500732421875,421.25045876818416,414.8137828842925,421.25045876818416,12816220,ITC.NS,ITC,FMCG
2023-07-13,416.1804504394531,420.3687117239263,415.29870680932567,417.8557437753052,8214385,ITC.NS,ITC,FMCG
2023-07-14,416.9740295410156,418.8256829113683,415.607331009695,417.06222347163595,5277090,ITC.NS,ITC,FMCG
2023-07-17,416.48907470703125,419.53106669234575,414.9460442041412,418.38482504271707,6325310,ITC.NS,ITC,FMCG
2023-07-18,416.621337890625,418.12029937388587,415.29873632386034,416.66543485596026,5558415,ITC.NS,ITC,FMCG
2023-07-19,422.22039794921875,423.6311655117629,412.7417020883116,416.84176976869503,14401395,ITC.NS,ITC,FMCG
2023-07-20,433.9475402832031,435.3142389262866,419.9719868493442,423.1462420452844,21030102,ITC.NS,ITC,FMCG
2023-07-21,432.44854736328125,438.84115426116944,429.4065553495226,433.6388859893509,14510084,ITC.NS,ITC,FMCG
2023-07-24,415.60736083984375,440.60466916135977,412.7857975889099,435.0937776752237,40477929,ITC.NS,ITC,FMCG
2023-07-25,407.62762451171875,413.0943906903244,401.54361259835747,412.5653388861595,45211370,ITC.NS,ITC,FMCG
2023-07-26,416.4009094238281,417.06222418037964,407.4071684589522,409.92013658900305,18842179,ITC.NS,ITC,FMCG
2023-07-27,410.0523986816406,418.9579456970976,406.56952087917085,418.29665888677584,14528232,ITC.NS,ITC,FMCG
2023-07-28,413.0503234863281,413.9320672418531,408.5975636299245,412.3890366283196,10362522,ITC.NS,ITC,FMCG
2023-07-31,410.6255187988281,414.15246561566977,408.68569944680746,413.5352478268591,8510403,ITC.NS,ITC,FMCG
2023-08-01,409.8319396972656,413.4029552788153,408.9501960699717,410.89001528311263,6686176,ITC.NS,ITC,FMCG
2023-08-02,405.68780517578125,409.8319980193271,403.83615167841316,409.65563809083386,10715605,ITC.NS,ITC,FMCG
2023-08-03,402.1167297363281,408.90609694643274,400.57367141050963,405.6877452990014,11026824,ITC.NS,ITC,FMCG
2023-08-04,401.1468200683594,406.83404307646845,400.52960228410603,402.33718661681957,7097614,ITC.NS,ITC,FMCG
2023-08-07,401.1027526855469,402.55761719475873,397.6198749005769,400.39736891347656,9513953,ITC.NS,ITC,FMCG
2023-08-08,398.8543395996094,402.95443547075286,397.7080699276576,402.95443547075286,6638681,ITC.NS,ITC,FMCG
2023-08-09,404.4093017578125,405.51147446602874,394.04886153367136,398.8543412482576,10134166,ITC.NS,ITC,FMCG
2023-08-10,398.3252258300781,404.9823579853179,395.900451847985,404.62966612836277,13702317,ITC.NS,ITC,FMCG
2023-08-11,395.6800842285156,400.2210380006582,392.1531371677337,400.2210380006582,12028396,ITC.NS,ITC,FMCG
2023-08-14,396.07684326171875,397.8843996517433,392.41763351672574,395.68005441175876,7854074,ITC.NS,ITC,FMCG
2023-08-16,397.0026550292969,403.3070958142908,395.19509864354063,397.6639697776685,15494896,ITC.NS,ITC,FMCG
2023-08-17,388.84661865234375,396.78225651702405,387.96487490185774,396.78225651702405,16896158,ITC.NS,ITC,FMCG
2023-08-18,389.4197082519531,390.9186697129564,386.64224220850457,388.846587435329,20068497,ITC.NS,ITC,FMCG
2023-08-21,394.8424072265625,395.4596250108248,389.15518421837106,389.72833298258615,9940689,ITC.NS,ITC,FMCG
2023-08-22,400.52960205078125,401.32317974929236,394.1370232220497,395.9004826440001,10234488,ITC.NS,ITC,FMCG
2023-08-23,397.17901611328125,401.76403856600933,395.54779169239134,401.7199695458845,8770272,ITC.NS,ITC,FMCG
2023-08-24,397.5758056640625,399.86831689446626,396.16501017584454,397.31127976346886,6322751,ITC.NS,ITC,FMCG
2023-08-25,390.91864013671875,397.66393825605127,389.7723706453508,397.57577227820525,9628041,ITC.NS,ITC,FMCG
2023-08-28,389.19927978515625,394.00475909216124,388.8465879018226,392.37353468000396,7176903,ITC.NS,ITC,FMCG
2023-08-29,388.05303955078125,391.49182060438557,387.25948973948226,390.56600783372903,9845106,ITC.NS,ITC,FMCG
2023-08-30,390.4337463378906,391.4918220718709,388.40573291670324,388.8466187644968,7648569,ITC.NS,ITC,FMCG
2023-08-31,387.7003479003906,392.2853986232156,384.5260927633759,390.610077118513,20666732,ITC.NS,ITC,FMCG
2023-09-01,388.8906555175781,392.37353326329537,386.46588136288614,387.9648428202756,11879159,ITC.NS,ITC,FMCG
2023-09-04,385.760498046875,390.9186692245814,385.0110173173097,390.9186692245814,14128562,ITC.NS,ITC,FMCG
2023-09-05,390.6982727050781,391.932708368559,386.6422738029047,386.9949657146354,8701612,ITC.NS,ITC,FMCG
2023-09-06,394.5337829589844,395.4596236045077,389.7283315966505,391.4477219934921,13358433,ITC.NS,ITC,FMCG
2023-09-07,393.1671142578125,395.9004833529414,392.02084467285863,395.72415138285294,8401953,ITC.NS,ITC,FMCG
2023-09-08,390.3014831542969,394.93060291197133,389.59609933204774,394.93060291197133,10322317,ITC.NS,ITC,FMCG
2023-09-11,394.3133850097656,395.1069627682871,390.3014830834986,393.25530927658383,9679540,ITC.NS,ITC,FMCG
2023-09-12,397.7962646484375,400.57373092478633,392.9026189523317,395.81234818896826,14961276,ITC.NS,ITC,FMCG
2023-09-13,399.8683166503906,402.9544055806916,397.75213739177775,398.722047063466,12268130,ITC.NS,ITC,FMCG
2023-09-14,396.7381286621094,401.98449378836676,394.2692854757375,401.98449378836676,14986708,ITC.NS,ITC,FMCG
2023-09-15,395.327392578125,398.63391068945157,394.13705388260456,395.0628666580434,15657801,ITC.NS,ITC,FMCG
2023-09-18,398.58978271484375,400.309173116776,393.431611509047,395.3273618255969,8513132,ITC.NS,ITC,FMCG
2023-09-20,399.38336181640625,401.27908419477126,396.3854388712871,398.2811891944968,10343224,ITC.NS,ITC,FMCG
2023-09-21,394.577880859375,399.91238403180046,391.93267775558206,399.25109722827455,11132308,ITC.NS,ITC,FMCG
2023-09-22,390.6982727050781,395.371489438992,389.9487919133328,394.5779116789628,7795399,ITC.NS,ITC,FMCG
2023-09-25,390.25738525390625,392.1972047328813,386.51000925541774,390.6982711003939,6005673,ITC.NS,ITC,FMCG
2023-09-26,390.1250915527344,391.93267587465755,387.7003173950868,391.13909818042134,5533023,ITC.NS,ITC,FMCG
2023-09-27,396.0327453613281,396.6058661800201,386.90676950287354,390.12509342536094,10894817,ITC.NS,ITC,FMCG
2023-09-28,388.62615966796875,396.73812888894656,387.6121530360298,396.73812888894656,10610213,ITC.NS,ITC,FMCG
2023-09-29,391.8445129394531,392.90261661546174,387.2594901595714,389.7283614771293,8474326,ITC.NS,ITC,FMCG
2023-10-03,387.74444580078125,390.5219120661356,387.30355995328506,388.8466185022516,7770032,ITC.NS,ITC,FMCG
2023-10-04,384.52606201171875,389.46380424989917,382.05719089262857,387.7444138594502,13912656,ITC.NS,ITC,FMCG
2023-10-05,384.4819641113281,388.4056997135795,383.60024838080864,387.9648418483198,10416552,ITC.NS,ITC,FMCG
2023-10-06,389.8605651855469,391.13909770977415,385.01101687608707,386.06909252228434,8742804,ITC.NS,ITC,FMCG
2023-10-09,388.3616027832031,390.78637675755687,385.54003999172545,388.8024606167793,5827256,ITC.NS,ITC,FMCG
2023-10-10,391.8445129394531,392.24130181795636,388.36166285884923,388.36166285884923,5207891,ITC.NS,ITC,FMCG
2023-10-11,395.2392272949219,396.2973030322983,392.1972071533767,394.31338657297647,7946195,ITC.NS,ITC,FMCG
2023-10-12,397.3994445800781,398.986572034128,393.3875429524582,396.4736318755676,12227957,ITC.NS,ITC,FMCG
2023-10-13,395.327392578125,398.3693847693699,394.13705388260456,396.64999423368624,7926432,ITC.NS,ITC,FMCG
2023-10-16,395.8564147949219,397.66397118708454,393.431612672195,395.0187401290674,4377288,ITC.NS,ITC,FMCG
2023-10-17,399.82421875,400.7500593993467,395.9004831074062,396.60586687701203,7203352,ITC.NS,ITC,FMCG
2023-10-18,398.23712158203125,404.0125110176941,397.6640007187461,400.52963298001873,7160492,ITC.NS,ITC,FMCG
2023-10-19,397.1349182128906,401.10275081576816,394.0047602733921,396.5617973938608,9830006,ITC.NS,ITC,FMCG
2023-10-20,386.46588134765625,395.90048001314057,385.6282346346906,392.37353324783265,13521824,ITC.NS,ITC,FMCG
2023-10-23,384.3497009277344,387.9207446466252,381.8808577610075,386.20135426141275,7555671,ITC.NS,ITC,FMCG
2023-10-25,381.52813720703125,386.2013535243227,376.5463259738046,385.2314438673201,11308597,ITC.NS,ITC,FMCG
2023-10-26,382.9830627441406,384.9669512491503,378.75070392513396,378.75070392513396,19525305,ITC.NS,ITC,FMCG
2023-10-27,382.4539794921875,385.1432795427069,381.0872809846565,382.98303128732067,13638258,ITC.NS,ITC,FMCG
2023-10-30,379.54425048828125,385.45187443929177,377.692597150259,383.1593632352452,7911426,ITC.NS,ITC,FMCG
2023-10-31,377.7366638183594,382.10128521111284,377.2958059550796,379.14745928157436,8952141,ITC.NS,ITC,FMCG
2023-11-01,377.47216796875,380.1173710528435,375.1796288213682,379.1474613923529,8297973,ITC.NS,ITC,FMCG
2023-11-02,380.1614685058594,381.52813906932903,377.9571232846674,379.1915588441225,8465990,ITC.NS,ITC,FMCG
2023-11-03,382.0130615234375,383.0270680638022,380.1173393251997,381.61630065533143,14334179,ITC.NS,ITC,FMCG
2023-11-06,383.86474609375,385.1432786139572,381.39590292705253,382.23354963743043,7589690,ITC.NS,ITC,FMCG
2023-11-07,381.52813720703125,383.4679844658809,381.04318237852993,383.4679844658809,5321353,ITC.NS,ITC,FMCG
2023-11-08,385.2755432128906,385.76049804438924,381.17544768262053,381.924928412181,7248663,ITC.NS,ITC,FMCG
2023-11-09,383.027099609375,386.2013544847034,382.58624174413,386.0250225165432,8085620,ITC.NS,ITC,FMCG
2023-11-10,384.9228515625,386.20135614411055,381.35180782620057,383.0271012551432,4236307,ITC.NS,ITC,FMCG
2023-11-13,384.4378967285156,386.5540480245854,383.5561530493976,386.5540480245854,3888975,ITC.NS,ITC,FMCG
2023-11-15,389.68426513671875,390.16922000738833,385.76052920317534,386.28958104203184,7722827,ITC.NS,ITC,FMCG
2023-11-16,386.7745361328125,391.9327077300588,385.8486954142867,389.68426535848573,11276031,ITC.NS,ITC,FMCG
2023-11-17,387.3035583496094,389.28747479301074,386.46591157113573,387.3035583496094,6911592,ITC.NS,ITC,FMCG
2023-11-20,385.1432800292969,388.2293689300651,383.11529472013177,387.83258008321394,4502356,ITC.NS,ITC,FMCG
2023-11-21,384.6583557128906,387.34765598014883,383.99704091567685,385.45190552470046,6228803,ITC.NS,ITC,FMCG
2023-11-22,387.7003479003906,388.31756572952384,383.379823096458,385.31967052005297,5074887,ITC.NS,ITC,FMCG
2023-11-23,388.2734069824219,389.94872822056055,386.4217817344849,388.80245873602803,6611803,ITC.NS,ITC,FMCG
2023-11-24,386.0250549316406,389.948790863243,385.18740815043003,388.846618162735,7084608,ITC.NS,ITC,FMCG
2023-11-28,383.776611328125,387.08312941901437,383.46801638650174,386.20138567247454,9082513,ITC.NS,ITC,FMCG
2023-11-29,385.4960021972656,386.64227186327514,382.8067019320691,384.43792646738143,14316126,ITC.NS,ITC,FMCG
2023-11-30,384.26153564453125,386.5981438118981,383.11529401552866,385.05511333677407,15710110,ITC.NS,ITC,FMCG
2023-12-01,396.60589599609375,397.6199027048791,385.672362929922,386.11322083208256,20081576,ITC.NS,ITC,FMCG
2023-12-04,400.353271484375,402.4253537779579,397.66397140473475,401.1909182058432,13293194,ITC.NS,ITC,FMCG
2023-12-05,398.3252258300781,403.6597565355255,396.87036144082225,401.1908855919971,12603697,ITC.NS,ITC,FMCG
2023-12-06,408.4652404785156,409.56741302429555,398.63385354560245,400.22098089373185,21203900,ITC.NS,ITC,FMCG
2023-12-07,403.92431640625,409.831968383296,403.3070986184266,409.78787141814973,11746535,ITC.NS,ITC,FMCG
2023-12-08,396.0327453613281,407.01040251522204,395.45962454263616,405.5555100688054,19386851,ITC.NS,ITC,FMCG
2023-12-11,398.9425048828125,399.95651159293635,396.1650386168719,398.1048581006937,6854157,ITC.NS,ITC,FMCG
2023-12-12,399.515625,405.5996089341438,398.8543102485301,400.4855346722593,10549319,ITC.NS,ITC,FMCG
2023-12-13,401.7640686035156,404.5856318410862,399.51565417402054,402.3372174115911,11718443,ITC.NS,ITC,FMCG
2023-12-14,405.68780517578125,406.4813829367305,396.2973026736294,405.59963918395806,14924265,ITC.NS,ITC,FMCG
2023-12-15,404.0124816894531,408.20074324634294,401.19091865642844,407.2749025937947,16397959,ITC.NS,ITC,FMCG
2023-12-18,398.23712158203125,402.0726915313319,397.0908519106141,401.1909477798453,12490839,ITC.NS,ITC,FMCG
2023-12-19,402.16082763671875,403.83612107865207,398.58978387272845,399.73605345896135,10664235,ITC.NS,ITC,FMCG
2023-12-20,397.6639709472656,404.9382934765252,396.16500947644437,404.7178645413679,10766954,ITC.NS,ITC,FMCG
2023-12-21,398.060791015625,400.0887765009009,391.888612678095,395.900514625066,11584223,ITC.NS,ITC,FMCG
2023-12-22,401.36724853515625,401.98446627571667,397.2671532703954,399.4274013899357,11450973,ITC.NS,ITC,FMCG
2023-12-26,402.46942138671875,404.6296695079279,400.92636306170425,402.1167295268179,6097422,ITC.NS,ITC,FMCG
2023-12-27,403.0425720214844,404.27700759500016,400.08874603806044,402.9544060361889,7833901,ITC.NS,ITC,FMCG
2023-12-28,409.2147521972656,409.74377605686726,402.16083060240936,403.1307402806648,21493169,ITC.NS,ITC,FMCG
2023-12-29,407.4512634277344,412.56533770385613,406.78994867442344,409.214750806667,13384631,ITC.NS,ITC,FMCG
2024-01-01,412.6976013183594,414.3729227144936,407.93621892139623,408.6856996614059,9706230,ITC.NS,ITC,FMCG
2024-01-02,414.7256164550781,415.6073322050578,408.7738674736452,414.4169935867092,10924918,ITC.NS,ITC,FMCG
2024-01-03,420.80963134765625,423.85162356508897,413.84390315321025,414.6374529754397,24961710,ITC.NS,ITC,FMCG
2024-01-04,420.06011962890625,424.5129071228705,418.1203002675262,423.23437457386365,12240910,ITC.NS,ITC,FMCG
2024-01-05,417.89990234375,422.7053820832455,416.18051179222624,422.7053820832455,9564086,ITC.NS,ITC,FMCG
2024-01-08,410.44921875,419.2666004502911,409.61154401480087,418.82571459836834,8311403,ITC.NS,ITC,FMCG
2024-01-09,409.6115417480469,414.37295243132024,408.8179919307326,412.2126760420016,5916180,ITC.NS,ITC,FMCG
2024-01-10,408.5093688964844,411.55138903884136,405.64373662767423,409.6115416025299,6123200,ITC.NS,ITC,FMCG
2024-01-11,407.93621826171875,411.3749990892165,406.5695197347844,409.21475080316065,6786448,ITC.NS,ITC,FMCG
2024-01-12,411.50726318359375,412.3890068755031,405.9082340544786,408.46527119962445,9714589,ITC.NS,ITC,FMCG
2024-01-15,412.30084228515625,414.8579075571134,410.97824062559533,414.4170217073618,7167978,ITC.NS,ITC,FMCG
2024-01-16,416.44500732421875,418.8256845634594,409.34701668229076,412.4771746656909,12531058,ITC.NS,ITC,FMCG
2024-01-17,411.4190979003906,420.5891708332484,410.18466231857855,415.651428506,11536527,ITC.NS,ITC,FMCG
2024-01-18,410.44921875,412.5213012139807,400.7941623145097,410.2287618516151,9495938,ITC.NS,ITC,FMCG
2024-01-19,415.7395935058594,417.06222301526753,411.2427370084064,413.1384873419948,12673308,ITC.NS,ITC,FMCG
2024-01-23,404.98236083984375,417.72347652084,402.4253239002638,417.72347652084,8728196,ITC.NS,ITC,FMCG
2024-01-24,408.77386474609375,412.12447958613257,403.9243163741842,405.68777580722184,22459072,ITC.NS,ITC,FMCG
2024-01-25,401.7640686035156,409.9642323963227,398.63391042262094,408.7298246781795,20435547,ITC.NS,ITC,FMCG
2024-01-29,396.60589599609375,403.1748631742745,394.5779105233698,401.9845244825636,18557346,ITC.NS,ITC,FMCG
2024-01-30,386.2454528808594,400.0446450412793,385.6723320649476,394.13702107881414,45190319,ITC.NS,ITC,FMCG
2024-01-31,389.3315734863281,390.1692202685137,386.8186051949246,387.96487486493197,20648695,ITC.NS,ITC,FMCG
2024-02-01,390.52191162109375,394.79833946233754,387.3476564800643,389.72836180825976,19903526,ITC.NS,ITC,FMCG
2024-02-02,388.05303955078125,394.31338382927,387.52401565819747,392.37356435182073,17816750,ITC.NS,ITC,FMCG
2024-02-05,386.2454528808594,391.18319512515933,384.92285133537746,389.7283306306448,12505666,ITC.NS,ITC,FMCG
2024-02-06,380.3819274902344,388.7584232256236,378.7066059872792,387.9648734146209,19487043,ITC.NS,ITC,FMCG
2024-02-07,380.7345886230469,383.5561516187938,379.8528449472176,383.5561516187938,13376903,ITC.NS,ITC,FMCG
2024-02-08,371.1029357910156,384.12800816758073,365.7765333782061,384.03849666697397,50039587,ITC.NS,ITC,FMCG
2024-02-09,371.953369140625,379.74157904258544,365.77653649119355,367.11932249698526,33527317,ITC.NS,ITC,FMCG
2024-02-12,364.2099304199219,374.1913565530827,363.4937816638938,373.7885122385735,11326971,ITC.NS,ITC,FMCG
2024-02-13,364.12042236328125,367.74596448553467,361.0320059987887,364.25470380272145,16207766,ITC.NS,ITC,FMCG
2024-02-14,368.4173583984375,369.04399563612463,362.01670458696765,363.4490304322448,12618012,ITC.NS,ITC,FMCG
2024-02-15,361.56915283203125,371.10296536010526,360.8977455956946,369.7154093192213,21169031,ITC.NS,ITC,FMCG
2024-02-16,362.1957702636719,366.6269726665046,357.54074654679084,362.55384464630635,38963810,ITC.NS,ITC,FMCG
2024-02-19,366.3584289550781,369.49161543120795,362.1957892142552,362.5538636156247,17602580,ITC.NS,ITC,FMCG
2024-02-20,363.5385437011719,367.4326485808488,361.9271948494633,367.4326485808488,14626643,ITC.NS,ITC,FMCG
2024-02-21,361.0767822265625,367.1193336213837,359.24161197934507,364.3442216530248,20162369,ITC.NS,ITC,FMCG
2024-02-22,371.013427734375,371.64006498707033,361.166283065441,364.2546993925409,19321180,ITC.NS,ITC,FMCG
2024-02-23,368.2830810546875,372.3114390234385,367.477392438148,372.3114390234385,11576964,ITC.NS,ITC,FMCG
2024-02-26,366.31365966796875,369.7601503452562,364.6127709260232,368.0145200385987,8289561,ITC.NS,ITC,FMCG
2024-02-27,368.05926513671875,369.49159101888046,365.73176749593637,367.0298119400418,8083518,ITC.NS,ITC,FMCG
2024-02-28,365.5079650878906,369.1335070788597,364.1651791134282,368.05925560223767,8949664,ITC.NS,ITC,FMCG
2024-02-29,363.71759033203125,367.9697698582137,362.1062413756304,366.13462795229105,15468800,ITC.NS,ITC,FMCG
2024-03-01,366.5821838378906,369.8496514216038,364.7918120169836,366.04508647727596,12873024,ITC.NS,ITC,FMCG
2024-03-04,366.2240905761719,369.67060934978923,365.6422233108164,369.0439721519782,7103794,ITC.NS,ITC,FMCG
2024-03-05,363.5832824707031,368.28307592576715,361.61385926389903,366.71646865030743,10108373,ITC.NS,ITC,FMCG
2024-03-06,365.1051330566406,366.98504483260456,358.7045074023188,363.89662847613386,11534613,ITC.NS,ITC,FMCG
2024-03-07,370.2077331542969,371.46100763953405,361.34530025763866,365.10512371335005,23907135,ITC.NS,ITC,FMCG
2024-03-11,366.49267578125,374.45990848021876,365.2394013091887,373.1171225091003,18298683,ITC.NS,ITC,FMCG
2024-03-12,362.06146240234375,363.89660411866976,357.4959505214604,363.89660411866976,36226074,ITC.NS,ITC,FMCG
2024-03-13,378.17498779296875,392.0952609994141,377.0112531117893,389.4096888737355,105525827,ITC.NS,ITC,FMCG
2024-03-14,375.6684265136719,380.9053175233625,374.1913590552437,377.72738966516533,31949569,ITC.NS,ITC,FMCG
2024-03-15,375.1760559082031,383.6356443794862,371.7295653076996,373.47519557546644,76074975,ITC.NS,ITC,FMCG
2024-03-18,373.698974609375,376.6083677378852,373.20661882761476,375.08653045923944,16547358,ITC.NS,ITC,FMCG
2024-03-19,366.6269836425781,375.57892859039265,365.86606491745584,374.1913725840706,21803126,ITC.NS,ITC,FMCG
2024-03-20,372.1324157714844,372.9828459519357,366.62696200946334,367.02980631746095,20364534,ITC.NS,ITC,FMCG
2024-03-21,377.10076904296875,377.7721478966098,372.5800265946558,375.0865757394108,19968509,ITC.NS,ITC,FMCG
2024-03-22,383.680419921875,384.62036160072563,377.10074305597453,377.10074305597453,40358503,ITC.NS,ITC,FMCG
2024-03-26,382.8299865722656,384.2175424825222,380.9500748588195,380.9500748588195,10669833,ITC.NS,ITC,FMCG
2024-03-27,383.143310546875,383.9489991957222,381.75575456584926,382.24811039415033,12698464,ITC.NS,ITC,FMCG
2024-03-28,383.4566650390625,387.8430978040811,382.2481319974897,383.14333220080795,29009002,ITC.NS,ITC,FMCG
2024-04-01,381.9795837402344,386.1422233976248,381.12912513629533,384.12803010538937,9743648,ITC.NS,ITC,FMCG
2024-04-02,381.2186584472656,383.76994910118805,380.0996653454435,383.76994910118805,9194659,ITC.NS,ITC,FMCG
2024-04-03,380.63671875,383.8594446123948,376.87692392461406,381.3528958145952,13152268,ITC.NS,ITC,FMCG
2024-04-04,378.4435729980469,382.56147130590125,375.8922821653247,380.9501222612033,19065447,ITC.NS,ITC,FMCG
2024-04-05,382.740478515625,386.4555320406198,375.9369803377719,378.21973637562843,16768902,ITC.NS,ITC,FMCG
2024-04-08,384.1280212402344,386.18698442346965,382.9195166413107,383.4118724683771,8844633,ITC.NS,ITC,FMCG
2024-04-09,381.6662292480469,386.2764829149658,380.9500805003139,385.3365412299807,6967273,ITC.NS,ITC,FMCG
2024-04-10,391.1553039550781,391.9162226475416,381.1291078862097,383.4118639636001,14547618,ITC.NS,ITC,FMCG
2024-04-12,385.023193359375,390.08106107425925,383.411844554351,389.4096539174515,18785009,ITC.NS,ITC,FMCG
2024-04-15,381.26336669921875,384.17275985826257,378.5777948380354,383.14327835057276,9083087,ITC.NS,ITC,FMCG
2024-04-16,381.26336669921875,382.2480782730736,378.84635769841657,378.89109926093727,10357752,ITC.NS,ITC,FMCG
2024-04-18,374.9522705078125,382.1585846561629,373.87804738734405,381.35292440864043,22133191,ITC.NS,ITC,FMCG
2024-04-19,380.2339172363281,381.5767031798926,372.40096613233504,374.19133793331616,17221280,ITC.NS,ITC,FMCG
2024-04-22,380.7262878417969,382.7852225858655,378.9806575358475,382.24809683901475,7386048,ITC.NS,ITC,FMCG
2024-04-23,384.2175598144531,385.3812944719523,380.5472477213064,380.7262990993228,12484384,ITC.NS,ITC,FMCG
2024-04-24,383.948974609375,385.64983493071486,383.41184887787193,384.26227903854186,6070285,ITC.NS,ITC,FMCG
2024-04-25,391.6924133300781,392.3637921214862,384.03848516029745,385.82888534668166,30337038,ITC.NS,ITC,FMCG
2024-04-26,393.8856506347656,396.83978556705586,390.662952822937,393.2142434359195,15342965,ITC.NS,ITC,FMCG
2024-04-29,392.2742919921875,396.07885703437194,389.05159426034965,395.67604109637887,12075706,ITC.NS,ITC,FMCG
2024-04-30,389.9915466308594,394.3332375377621,389.49919080754,393.84088171444273,12528665,ITC.NS,ITC,FMCG
2024-05-02,392.99041748046875,396.21311502157647,389.2753641586727,390.30484565331693,24123523,ITC.NS,ITC,FMCG
2024-05-03,390.7076721191406,393.93039811859694,386.14218854115893,393.93039811859694,23786388,ITC.NS,ITC,FMCG
2024-05-06,389.1858825683594,394.2884921290817,387.93260805370363,392.0952475427761,10753860,ITC.NS,ITC,FMCG
2024-05-07,394.19891357421875,399.2567810732374,389.5886602844062,391.1104975273433,26969062,ITC.NS,ITC,FMCG
2024-05-08,394.7808532714844,398.09306260698986,392.27430420837044,395.00464621540885,10916481,ITC.NS,ITC,FMCG
2024-05-09,380.5472106933594,395.2284008948065,378.98063186624165,393.9303849229235,24314298,ITC.NS,ITC,FMCG
2024-05-10,387.9325866699219,390.6181585553969,381.800495873466,381.800495873466,14524604,ITC.NS,ITC,FMCG
2024-05-13,386.5898132324219,389.8125109477641,384.48608019612794,387.8430593472191,7584217,ITC.NS,ITC,FMCG
2024-05-14,384.6651306152344,387.88782832259807,383.6356490674802,385.38127935657843,11423749,ITC.NS,ITC,FMCG
2024-05-15,382.96429443359375,387.84308286683984,382.02432432634987,385.60509663039625,7856433,ITC.NS,ITC,FMCG
2024-05-16,386.2317199707031,387.2612015462776,378.5778198017074,384.9337038883544,23911954,ITC.NS,ITC,FMCG
2024-05-17,390.5734558105469,391.64767899723824,383.9490085643236,387.0821949896533,11894830,ITC.NS,ITC,FMCG
2024-05-21,389.2305908203125,391.28955379158856,387.79829342404537,390.3048422388265,11175153,ITC.NS,ITC,FMCG
2024-05-22,393.796142578125,395.63128444260855,389.7677560924288,391.51338645338825,11036895,ITC.NS,ITC,FMCG
2024-05-23,395.09417724609375,398.27213366936695,390.79725604789365,395.13894718561795,27244733,ITC.NS,ITC,FMCG
2024-05-24,390.48388671875,396.0788519270615,389.67822648183704,394.78083588666976,13252938,ITC.NS,ITC,FMCG
2024-05-27,386.2764892578125,392.90093621140824,385.56034049832,392.81142470930064,12282545,ITC.NS,ITC,FMCG
2024-05-28,384.0384826660156,387.17166878618104,383.36707550765357,386.8135944254928,9668761,ITC.NS,ITC,FMCG
2024-05-29,385.78411865234375,387.08216305407205,380.905302219086,380.905302219086,10832067,ITC.NS,ITC,FMCG
2024-05-30,379.4282531738281,385.78413731361627,378.0854671434653,383.59092107640083,21314885,ITC.NS,ITC,FMCG
2024-05-31,381.7557067871094,384.530818401841,379.7862837203888,382.0242696364464,29300711,ITC.NS,ITC,FMCG
2024-06-03,385.24700927734375,389.3201656528504,383.725200249957,388.514477016602,16116836,ITC.NS,ITC,FMCG
2024-06-04,378.535888671875,388.6557312027862,367.2764561221505,388.3822180405629,47791986,ITC.NS,ITC,FMCG
2024-06-05,392.302490234375,397.4991534256846,381.13421955458244,384.7353989949108,28197030,ITC.NS,ITC,FMCG
2024-06-06,396.9521484375,399.0490345527086,393.03186047876784,397.49917476941124,32318523,ITC.NS,ITC,FMCG
2024-06-07,400.3710021972656,402.6502400373076,393.03185750810144,393.3053706719897,29543660,ITC.NS,ITC,FMCG
2024-06-10,398.3196716308594,402.05763661284067,397.36240447731143,401.14593572253284,11872688,ITC.NS,ITC,FMCG
2024-06-11,394.7640686035156,399.1402214325666,394.0803145887873,398.4108722591482,13158571,ITC.NS,ITC,FMCG
2024-06-12,394.1258544921875,396.04041761505835,392.2112913693166,392.5303996702627,10751658,ITC.NS,ITC,FMCG
2024-06-13,392.302490234375,398.31966398522343,391.801059088471,398.31966398522343,9641349,ITC.NS,ITC,FMCG
2024-06-14,393.0774230957031,393.7611770597148,391.1628599867876,392.9406665240471,9572809,ITC.NS,ITC,FMCG
2024-06-18,390.8893737792969,395.8581191738071,390.38794261342787,394.7640665251691,14641141,ITC.NS,ITC,FMCG
2024-06-19,386.23974609375,392.71275624893684,385.6927197561344,392.0290022211883,11329972,ITC.NS,ITC,FMCG
2024-06-20,385.9206237792969,388.8380493170652,384.2795737201941,386.6044066765355,15147549,ITC.NS,ITC,FMCG
2024-06-21,382.54736328125,387.74402663160475,381.5900672225091,387.47051347196447,26176371,ITC.NS,ITC,FMCG
2024-06-24,385.9206237792969,386.5132163607238,382.9120368199867,382.9120368199867,9723008,ITC.NS,ITC,FMCG
2024-06-25,385.9206237792969,386.5588115186297,382.68411881899715,385.64711062040146,10655609,ITC.NS,ITC,FMCG
2024-06-26,386.51318359375,388.74685493918827,384.780972259955,385.6470779268525,11511714,ITC.NS,ITC,FMCG
2024-06-27,388.01751708984375,389.52181048558475,383.9148777238095,386.5131947998345,38438054,ITC.NS,ITC,FMCG
2024-06-28,387.3793640136719,390.2055993306075,386.1029884921122,387.9263614555754,18554411,ITC.NS,ITC,FMCG
2024-07-01,391.1628723144531,392.25689602791135,387.1513942432347,388.6557165788598,13391362,ITC.NS,ITC,FMCG
2024-07-02,387.92633056640625,392.6215625266498,385.23682315339903,392.02896997249417,11177863,ITC.NS,ITC,FMCG
2024-07-03,390.4790954589844,391.70987576739714,387.9263445272619,388.4733708395652,7435499,ITC.NS,ITC,FMCG
2024-07-04,391.1628723144531,393.3965148981146,389.33947056442025,392.0289780327245,9478861,ITC.NS,ITC,FMCG
2024-07-05,395.3566589355469,395.6757383384228,389.84088762231767,391.1172630223574,13427543,ITC.NS,ITC,FMCG
2024-07-08,404.42803955078125,405.29414529158566,395.3566835098957,396.72422041086423,21311436,ITC.NS,ITC,FMCG
2024-07-09,412.6332702636719,414.8213465379182,404.79269491641344,408.07479488064865,27489709,ITC.NS,ITC,FMCG
2024-07-10,411.5848693847656,415.1404827339749,407.0719599600082,413.6361603295421,12065662,ITC.NS,ITC,FMCG
2024-07-11,418.1490783691406,418.9240227196027,409.07769306817414,410.2629071737522,19556596,ITC.NS,ITC,FMCG
2024-07-12,418.51373291015625,422.3428593192128,415.5963073929136,418.14905833228465,19693114,ITC.NS,ITC,FMCG
2024-07-15,422.4796447753906,425.2603139042144,416.82711619633983,418.5137615167691,16876907,ITC.NS,ITC,FMCG
2024-07-16,424.43975830078125,425.5338109620082,420.6562269340028,422.5251950379047,13497253,ITC.NS,ITC,FMCG
2024-07-18,428.7247009277344,429.31732238979913,421.7958262702707,422.1149345797316,21907158,ITC.NS,ITC,FMCG
2024-07-19,432.6449890136719,437.0667368269077,427.94975694190003,429.40848412543824,25939326,ITC.NS,ITC,FMCG
2024-07-22,425.3514404296875,437.11230375842484,424.71325270358847,432.6905848326919,18762384,ITC.NS,ITC,FMCG
2024-07-23,448.7364196777344,453.4772470105013,425.21469253973703,425.3514491191427,56125835,ITC.NS,ITC,FMCG
2024-07-24,450.4230651855469,465.55721919731405,447.3233168036432,452.2008718247006,43693692,ITC.NS,ITC,FMCG
2024-07-25,446.6851501464844,452.20089316741996,441.853161161021,446.7307164122864,18567567,ITC.NS,ITC,FMCG
2024-07-26,457.8534240722656,461.6825218161174,444.36031941248064,450.42308880903994,21534703,ITC.NS,ITC,FMCG
2024-07-29,452.2464599609375,461.5001675935918,450.423058192173,460.8619798639512,12978187,ITC.NS,ITC,FMCG
2024-07-30,446.6395568847656,453.84194523349976,445.4999379265304,452.4744082624718,13891052,ITC.NS,ITC,FMCG
2024-07-31,451.6082763671875,453.97867557287424,447.1865573764219,448.9643640042543,11982586,ITC.NS,ITC,FMCG
2024-08-01,450.10400390625,452.88467297760064,447.59681911064166,452.155294892808,12114803,ITC.NS,ITC,FMCG
2024-08-02,445.9101867675781,455.3462174298525,441.9898988909283,441.9898988909283,22141163,ITC.NS,ITC,FMCG
2024-08-05,443.08392333984375,448.4629384481495,437.20347706841375,437.6593419676077,25022076,ITC.NS,ITC,FMCG
2024-08-06,443.3574523925781,448.28060277815945,441.3061325083515,443.31185723274336,14251363,ITC.NS,ITC,FMCG
2024-08-07,449.14666748046875,451.83617488506997,444.99846182580694,446.730673221321,11320399,ITC.NS,ITC,FMCG
2024-08-08,451.0612487792969,454.02426944874264,449.00992900000904,450.3774947823807,21349889,ITC.NS,ITC,FMCG
2024-08-09,452.1097106933594,454.02427391323624,449.55695973352357,454.02427391323624,9556181,ITC.NS,ITC,FMCG
2024-08-12,450.92449951171875,455.84764972526483,448.5541002742936,448.5541002742936,9425644,ITC.NS,ITC,FMCG
2024-08-13,446.730712890625,453.8875348865262,445.1352579261627,452.15529444292224,8056478,ITC.NS,ITC,FMCG
2024-08-14,448.7364196777344,454.93597422607183,446.6395336172972,448.5085016768149,9609981,ITC.NS,ITC,FMCG
2024-08-16,458.2636413574219,459.67677341741495,449.1466901515516,450.833335370804,13643352,ITC.NS,ITC,FMCG
2024-08-19,457.16961669921875,464.32640951224664,455.4829714833437,460.1782036565068,10591508,ITC.NS,ITC,FMCG
2024-08-20,454.7536315917969,458.9474326908904,453.7507692522604,456.7593562708698,6888634,ITC.NS,ITC,FMCG
2024-08-21,460.77081298828125,464.0529130177818,454.9815283328472,455.8476340497613,8801221,ITC.NS,ITC,FMCG
2024-08-22,459.9958801269531,463.5970596598946,457.16961601684477,463.0044670797505,8686423,ITC.NS,ITC,FMCG
2024-08-23,461.135498046875,462.18392662579055,455.80207815406663,460.45171515256504,8195369,ITC.NS,ITC,FMCG
2024-08-26,461.0443115234375,463.1412264870548,457.67104997039354,461.31782468341106,8126402,ITC.NS,ITC,FMCG
2024-08-27,456.3946838378906,462.7765613871338,455.84765750673535,462.73096622811397,8260450,ITC.NS,ITC,FMCG
2024-08-28,453.3861083984375,457.94458422323976,452.65675920109425,456.2123437617104,8081932,ITC.NS,ITC,FMCG
2024-08-29,460.4972839355469,462.86768300960847,453.43162407992503,454.0242455191415,19389694,ITC.NS,ITC,FMCG
2024-08-30,457.57989501953125,464.1896905333773,456.0300063539427,457.6254612839912,15523349,ITC.NS,ITC,FMCG
2024-09-02,465.01019287109375,467.6085389871661,458.8562623710469,459.49445011058486,16497266,ITC.NS,ITC,FMCG
2024-09-03,464.4176025390625,470.3892102248928,463.0500656317912,465.0101951235504,12481552,ITC.NS,ITC,FMCG
2024-09-04,461.63690185546875,465.0101631809234,455.80205115060204,455.8476174113433,8739052,ITC.NS,ITC,FMCG
2024-09-05,466.05865478515625,466.6968425307686,462.27512346983656,463.4603086443522,11318636,ITC.NS,ITC,FMCG
2024-09-06,457.39752197265625,466.78798605768634,453.2493162323431,466.78798605768634,14245025,ITC.NS,ITC,FMCG
2024-09-09,466.5600891113281,467.38059970737794,456.16676226622855,457.67105577087847,14265060,ITC.NS,ITC,FMCG
2024-09-10,468.24676513671875,469.52311182622276,463.8250168608902,466.69687637152293,11332248,ITC.NS,ITC,FMCG
2024-09-11,468.93048095703125,473.6257131371341,466.7424045783741,467.69970063527967,15497555,ITC.NS,ITC,FMCG
2024-09-12,473.625732421875,474.5374333579599,463.6426750732821,469.6142829762266,19085324,ITC.NS,ITC,FMCG
2024-09-13,468.4746398925781,474.0815440167886,466.7879946924352,473.6257080193676,9165077,ITC.NS,ITC,FMCG
2024-09-16,465.9674987792969,471.3464850740398,464.69112327323506,470.34362273274417,7821668,ITC.NS,ITC,FMCG
2024-09-17,462.913330078125,468.20115510336865,461.545764214466,465.9219171896321,10889862,ITC.NS,ITC,FMCG
2024-09-18,462.5486145019531,467.15268536936793,460.4973235485926,463.0044794093549,5638729,ITC.NS,ITC,FMCG
2024-09-19,463.369140625,469.34074825372676,462.685357730768,464.96459551918156,14461616,ITC.NS,ITC,FMCG
2024-09-20,468.97607421875,471.6655817468218,463.14122316210313,466.78799784894,24725118,ITC.NS,ITC,FMCG
2024-09-23,471.3009033203125,473.580141232498,468.2467499449426,469.93336635185545,8105508,ITC.NS,ITC,FMCG
2024-09-24,469.75103759765625,472.0758417465427,468.7481752404364,471.3464925584321,7015487,ITC.NS,ITC,FMCG
2024-09-25,471.847900390625,473.44338416672934,467.061506850851,469.978932353214,8802667,ITC.NS,ITC,FMCG
2024-09-26,476.5887145996094,477.50041546177516,471.3464563128574,471.93904887084426,16086557,ITC.NS,ITC,FMCG
2024-09-27,476.54315185546875,481.83097676370437,474.30950915137026,474.30950915137026,17916386,ITC.NS,ITC,FMCG
2024-09-30,472.3949279785156,478.047427263378,468.6569629993216,474.6285705979751,10936940,ITC.NS,ITC,FMCG
2024-10-01,470.61712646484375,473.85363142974245,468.6114018224536,472.3949331059205,5285319,ITC.NS,ITC,FMCG
2024-10-03,467.4717712402344,470.161249819359,463.2323751658065,463.6426448944806,16481353,ITC.NS,ITC,FMCG
2024-10-04,459.0841979980469,471.6656015344404,457.260796130997,464.9646155648812,18930962,ITC.NS,ITC,FMCG
2024-10-07,465.14697265625,469.47753046957075,462.00162895956305,462.2295469719965,17114457,ITC.NS,ITC,FMCG
2024-10-08,463.09564208984375,467.28944322025905,461.317835402975,464.964610200732,9868331,ITC.NS,ITC,FMCG
2024-10-09,448.28057861328125,464.7822693286866,447.2321211477684,464.7822693286866,24874940,ITC.NS,ITC,FMCG
2024-10-10,448.5997314453125,451.88183185115764,446.2293031233235,451.6083186682918,13292273,ITC.NS,ITC,FMCG
2024-10-11,445.08966064453125,450.3319193215231,444.3603114582125,449.4658135509857,14949380,ITC.NS,ITC,FMCG
2024-10-14,453.06695556640625,454.9359524306525,445.49989337508043,447.6423744907658,6970606,ITC.NS,ITC,FMCG
2024-10-15,454.5257263183594,455.3006706741215,450.8333562856044,454.0242951345452,8347216,ITC.NS,ITC,FMCG
2024-10-16,449.64813232421875,454.79922952979206,448.87318798542856,452.2008833474638,6939430,ITC.NS,ITC,FMCG
2024-10-17,445.7278137207031,451.28915139858844,444.9073031735123,451.28915139858844,7669729,ITC.NS,ITC,FMCG
2024-10-18,443.72210693359375,448.1438259382292,436.1550443992969,445.5910749882809,22616838,ITC.NS,ITC,FMCG
2024-10-21,440.9414367675781,444.54264518224113,435.1977471460307,443.72210571019014,7680088,ITC.NS,ITC,FMCG
2024-10-22,439.2547912597656,445.27199403454927,438.34309036731116,440.94143646609285,12772970,ITC.NS,ITC,FMCG
2024-10-23,437.932861328125,440.62234002608295,437.15791699336745,438.5254539217694,10553961,ITC.NS,ITC,FMCG
2024-10-24,430.0466613769531,439.8017998552316,428.49677281164986,439.43712529179584,13596626,ITC.NS,ITC,FMCG
2024-10-25,439.7106628417969,449.92163786751,432.3259230631333,433.78462139783363,32154050,ITC.NS,ITC,FMCG
2024-10-28,441.39727783203125,442.9927616367931,433.96697181201,439.3915531808061,8946214,ITC.NS,ITC,FMCG
2024-10-29,444.8617248535156,446.00134374693727,438.7989558078247,442.1722173304157,7131161,ITC.NS,ITC,FMCG
2024-10-30,448.1438293457031,449.6937179905663,443.5397585692342,444.861729212034,6640080,ITC.NS,ITC,FMCG
2024-10-31,445.6366882324219,449.46581481275115,441.89872307707066,448.55411388015784,8111694,ITC.NS,ITC,FMCG
2024-11-01,447.00421142578125,448.6452614962307,446.09251052124927,447.6423991695266,1517892,ITC.NS,ITC,FMCG
2024-11-04,441.8075256347656,449.87601899719573,437.2034550817817,449.87601899719573,8754385,ITC.NS,ITC,FMCG
2024-11-05,437.7961120605469,442.21783124301106,434.8330912542778,440.30326795355165,7610046,ITC.NS,ITC,FMCG
2024-11-06,438.6166076660156,441.6252235289505,435.79037243527137,437.79609708104795,11749720,ITC.NS,ITC,FMCG
2024-11-07,435.69915771484375,440.0753102371216,434.0581077425567,439.20920454261847,9267980,ITC.NS,ITC,FMCG
2024-11-08,435.8359375,438.2519318787487,432.69059396011545,435.6991809205033,6325023,ITC.NS,ITC,FMCG
2024-11-11,434.83306884765625,438.9812746472622,432.2347516635963,435.83593115318143,5700343,ITC.NS,ITC,FMCG
2024-11-12,431.0951232910156,435.7447601410333,429.5452347095868,435.42568073005793,5236095,ITC.NS,ITC,FMCG
2024-11-13,430.5025329589844,432.7817708396454,426.9013532883317,428.54240340663677,11548660,ITC.NS,ITC,FMCG
2024-11-14,424.804443359375,431.1863210595827,421.4311816574202,429.59086608166643,12087836,ITC.NS,ITC,FMCG
2024-11-18,425.3514404296875,426.4910593052737,421.2032346571783,424.85000928020037,8448573,ITC.NS,ITC,FMCG
2024-11-19,426.0807800292969,431.9156308531127,425.0779177527912,426.67340147942747,7121472,ITC.NS,ITC,FMCG
2024-11-21,416.7815246582031,423.0722117400087,415.1860408616483,420.2915427797919,20313155,ITC.NS,ITC,FMCG
2024-11-22,432.7361755371094,434.4227918075198,415.27718911581206,415.9153768353446,20214206,ITC.NS,ITC,FMCG
2024-11-25,434.69635009765625,439.61950063345034,430.684900526477,436.7020748832458,14427013,ITC.NS,ITC,FMCG
2024-11-26,434.8786926269531,440.0297610711077,432.2347801116228,437.6137665685303,6791715,ITC.NS,ITC,FMCG
2024-11-27,434.83306884765625,437.70492808099607,431.2318893580711,435.3345000004188,7339184,ITC.NS,ITC,FMCG
2024-11-28,432.964111328125,441.0782002838839,428.9982282727063,434.8786745654213,14967609,ITC.NS,ITC,FMCG
2024-11-29,434.6507263183594,436.6108556833616,430.867166371129,431.4141926563706,8668142,ITC.NS,ITC,FMCG
2024-12-02,435.0610046386719,436.9755679077777,431.5965815849029,433.966980868156,5689595,ITC.NS,ITC,FMCG
2024-12-03,430.8216247558594,431.5965690728606,421.886996425715,424.85001711458597,23073942,ITC.NS,ITC,FMCG
2024-12-04,425.8529052734375,435.97271937779976,425.2147174968439,432.50829621423856,13957078,ITC.NS,ITC,FMCG
2024-12-05,426.2175598144531,431.0039534664892,421.6590841659863,426.26315497287504,27432375,ITC.NS,ITC,FMCG
2024-12-06,429.5452575683594,433.009709482812,426.3999139761327,428.49680007286037,7842234,ITC.NS,ITC,FMCG
2024-12-09,423.8927001953125,430.3201724154078,422.0693273870647,429.86430754264455,12154116,ITC.NS,ITC,FMCG
2024-12-10,424.3486022949219,425.26030322616083,421.75025608560446,424.2574408700793,9163636,ITC.NS,ITC,FMCG
2024-12-11,424.1662292480469,426.8557367471317,423.6647980951895,425.94403586168113,7005617,ITC.NS,ITC,FMCG
2024-12-12,419.9268798828125,426.5822417304775,418.6049092085582,424.3941941854832,13380617,ITC.NS,ITC,FMCG
2024-12-13,428.4967956542969,432.508273854474,411.76718663458706,419.3798443995844,32976794,ITC.NS,ITC,FMCG
2024-12-16,428.5879821777344,432.50829918536283,426.67344772907313,428.72473876610616,9354160,ITC.NS,ITC,FMCG
2024-12-17,428.08648681640625,433.78458083019905,422.16047482091517,428.4967565200235,20608409,ITC.NS,ITC,FMCG
2024-12-18,428.95269775390625,431.96128499425197,425.6705684348433,430.9584225808034,12841386,ITC.NS,ITC,FMCG
2024-12-19,425.3514404296875,432.4626668364285,424.2118215541013,427.58508302389953,15161531,ITC.NS,ITC,FMCG
2024-12-20,423.6192626953125,426.17201380284894,418.74167849464,425.3058791172928,20231570,ITC.NS,ITC,FMCG
2024-12-23,432.3714904785156,435.5168338433801,426.3086928429072,429.590821673927,19562956,ITC.NS,ITC,FMCG
2024-12-24,436.20062255859375,437.84167265770424,430.9127976719345,432.96411751939024,12009880,ITC.NS,ITC,FMCG
2024-12-26,434.83306884765625,439.30038295953085,433.96696311963626,438.1151689192422,9188830,ITC.NS,ITC,FMCG
2024-12-27,436.3373718261719,439.3459877026604,433.96697258814555,437.38582931183106,16906420,ITC.NS,ITC,FMCG
2024-12-30,434.8786926269531,438.93573727333114,433.96699168167027,438.2975495010603,13578360,ITC.NS,ITC,FMCG
2024-12-31,440.9414367675781,441.853137660656,432.6449962031207,436.20060946013535,13787501,ITC.NS,ITC,FMCG
2025-01-01,441.2149353027344,443.85884757904995,439.5738853072878,443.08390329032954,18931186,ITC.NS,ITC,FMCG
2025-01-02,445.8646240234375,446.73072983094727,439.71069304798334,442.491362222012,27131131,ITC.NS,ITC,FMCG
2025-01-03,439.0724792480469,447.6424042811121,437.47699542332975,446.9586213713376,38500784,ITC.NS,ITC,FMCG
2025-01-06,419.10430908203125,437.18833703154587,417.77878443999913,431.36547703293587,22009958,ITC.NS,ITC,FMCG
2025-01-07,417.63677978515625,423.7910283252627,416.7373011331246,421.8027268642203,14294780,ITC.NS,ITC,FMCG
2025-01-08,425.63726806640625,428.0042866384456,413.84953291421215,419.43569096537107,13482926,ITC.NS,ITC,FMCG
2025-01-09,426.1580505371094,436.1468578467629,422.32346292445044,425.4952737464954,19732649,ITC.NS,ITC,FMCG
2025-01-10,421.234619140625,427.95695766150703,418.96228709118776,426.01601399088287,9145729,ITC.NS,ITC,FMCG
2025-01-13,415.6957702636719,420.3824783707832,411.8612119173213,411.8612119173213,17799607,ITC.NS,ITC,FMCG
2025-01-14,413.37615966796875,418.0155106322584,412.66605404401815,417.54210688295797,18048459,ITC.NS,ITC,FMCG
2025-01-15,414.08624267578125,418.2995184778754,412.19262778200317,413.37613709061446,9786805,ITC.NS,ITC,FMCG
2025-01-16,409.82562255859375,416.0745576911416,408.1687094723871,414.74900410675934,15774070,ITC.NS,ITC,FMCG
2025-01-17,416.78466796875,418.2995368348359,409.4942387500577,409.96764249427747,11270061,ITC.NS,ITC,FMCG
2025-01-20,414.4176025390625,417.7314283751026,412.8080184324215,415.6484405775987,8742771,ITC.NS,ITC,FMCG
2025-01-21,414.2756042480469,423.22294655507415,412.0979585863446,414.7016791747707,15686500,ITC.NS,ITC,FMCG
2025-01-22,413.7548522949219,418.4415606921262,413.32877738816876,416.50058809880306,9619648,ITC.NS,ITC,FMCG
2025-01-23,416.78466796875,418.3468945458208,411.00913651041515,411.8612574711563,8888248,ITC.NS,ITC,FMCG
2025-01-24,418.1101989746094,421.3293387049614,415.6958225061414,416.0272109109435,9665384,ITC.NS,ITC,FMCG
2025-01-27,416.68994140625,421.3292918750087,413.3287578086634,417.3526892479191,10480203,ITC.NS,ITC,FMCG
2025-01-28,412.28729248046875,418.2994963345326,411.3878138958314,416.5952545780571,20813072,ITC.NS,ITC,FMCG
2025-01-29,410.29901123046875,414.2282563403287,407.221887040512,412.76071636128813,15158510,ITC.NS,ITC,FMCG
2025-01-30,412.9974365234375,414.701678438765,408.50010096959244,409.9676410136649,22496695,ITC.NS,ITC,FMCG
2025-01-31,423.6963195800781,424.3590963304251,411.9559133750371,413.2814379814617,13546181,ITC.NS,ITC,FMCG
2025-02-01,437.9457702636719,446.41970841807506,416.16919912132676,424.16973355524414,30393007,ITC.NS,ITC,FMCG
2025-02-03,430.1819763183594,440.4548430642073,428.24100368388565,437.4250476268326,16991730,ITC.NS,ITC,FMCG
2025-02-04,430.93939208984375,435.86280223904276,424.8798303714777,433.6377990198034,18923681,ITC.NS,ITC,FMCG
2025-02-05,424.3117370605469,431.6021657104411,422.7495106053608,430.9393889625346,12836283,ITC.NS,ITC,FMCG
2025-02-06,417.63677978515625,426.06336046890937,414.8910439076552,426.06336046890937,17469129,ITC.NS,ITC,FMCG
2025-02-07,407.9319763183594,421.8026990259945,405.6122866178601,416.5952582972785,18875982,ITC.NS,ITC,FMCG
2025-02-10,404.47613525390625,410.25163731299205,403.8133585122395,404.2867622150675,12227140,ITC.NS,ITC,FMCG
2025-02-11,396.049560546875,407.64795227119043,395.2921261144242,405.9910391677168,14288751,ITC.NS,ITC,FMCG
2025-02-12,394.22222900390625,397.97305679084684,392.01021063862936,397.34792371808146,13884574,ITC.NS,ITC,FMCG
2025-02-13,394.0298767089844,398.1173234410263,393.35663844827394,394.27031475204564,12989029,ITC.NS,ITC,FMCG
2025-02-14,394.558837890625,400.2812751894459,392.77959046029304,396.0014661827297,14124236,ITC.NS,ITC,FMCG
2025-02-17,392.9719543457031,395.6648487625189,391.1927069076455,394.12603937418936,11975265,ITC.NS,ITC,FMCG
2025-02-18,389.7500915527344,395.1359099155748,388.54790126416947,392.39491018757707,12998403,ITC.NS,ITC,FMCG
2025-02-19,390.8560791015625,393.1642784577035,389.02875583421536,389.3172697473528,7079032,ITC.NS,ITC,FMCG
2025-02-20,386.6724548339844,388.45170224904115,381.0462280233567,384.65279872265523,15355585,ITC.NS,ITC,FMCG
2025-02-21,385.56646728515625,387.8265909200422,383.93150608677536,386.6724764914858,8240986,ITC.NS,ITC,FMCG
2025-02-24,386.5281982421875,387.97082652327333,383.4986847219768,384.700874956215,7037625,ITC.NS,ITC,FMCG
2025-02-25,389.3653869628906,391.43314833834296,385.1817589914161,386.62438730224534,15760891,ITC.NS,ITC,FMCG
2025-02-27,386.2397155761719,390.9522958056036,384.2200299491726,389.3654104380863,19051003,ITC.NS,ITC,FMCG
2025-02-28,379.8921203613281,387.10526188717614,377.1992259318174,383.73912917511376,31954776,ITC.NS,ITC,FMCG
2025-03-03,382.2484130859375,383.7391172146777,376.23746200174764,380.8057848257319,10702826,ITC.NS,ITC,FMCG
2025-03-04,379.74786376953125,382.00798731989397,377.82435936077115,380.2768157418011,13404774,ITC.NS,ITC,FMCG
2025-03-05,389.5577087402344,396.9632122658291,379.4112349821189,379.4112349821189,15665018,ITC.NS,ITC,FMCG
2025-03-06,390.1828918457031,394.0299007695933,385.22984437591543,393.5009194323491,17869996,ITC.NS,ITC,FMCG
2025-03-07,388.45172119140625,390.3271497866334,386.33588388818345,388.11510203965406,11180761,ITC.NS,ITC,FMCG
2025-03-10,389.5096435546875,391.2888910064267,385.0855775356017,385.7107105996322,9785018,ITC.NS,ITC,FMCG
2025-03-11,390.6637878417969,392.77962524740065,385.8550264422196,386.1435403860541,11099475,ITC.NS,ITC,FMCG
2025-03-12,396.6265869140625,397.4921579923581,388.547874599392,390.85607392496263,13844306,ITC.NS,ITC,FMCG
2025-03-13,396.2900085449219,398.55013223484355,392.5872858097,397.2036849356402,8196569,ITC.NS,ITC,FMCG
2025-03-17,392.3468017578125,400.32933287132437,391.43312547418384,397.20363838043716,5257805,ITC.NS,ITC,FMCG
2025-03-18,393.4528503417969,396.1938501173774,392.1544789375377,394.31842149451984,13861897,ITC.NS,ITC,FMCG
2025-03-19,387.63421630859375,395.0397200620695,387.20144542451675,394.3184059049263,12830387,ITC.NS,ITC,FMCG
2025-03-20,388.49981689453125,391.0965302508203,386.5282072542035,389.50964497469676,16994037,ITC.NS,ITC,FMCG
2025-03-21,390.0386047363281,391.9140333230442,386.3358821349048,390.4233291082126,25302035,ITC.NS,ITC,FMCG
2025-03-24,395.1839599609375,397.05938842867533,390.08668521067875,391.4331323758087,14362572,ITC.NS,ITC,FMCG
2025-03-25,394.12603759765625,399.36759879824183,393.06813366389935,396.2419041658655,20338110,ITC.NS,ITC,FMCG
2025-03-26,391.769775390625,395.47252733324694,390.71184207125464,394.60692684899476,13891436,ITC.NS,ITC,FMCG
2025-03-27,393.7894287109375,394.99161889585264,390.1347529385877,392.3948763562974,18642328,ITC.NS,ITC,FMCG
2025-03-28,394.0779724121094,399.7042287729926,392.5391629889967,395.18398159578936,12981873,ITC.NS,ITC,FMCG
2025-04-01,391.0965270996094,398.55010666561213,390.08669902758044,394.1260406660441,15206240,ITC.NS,ITC,FMCG
2025-04-02,393.4047546386719,394.31843103609066,390.51949782621267,391.4812500970324,8001323,ITC.NS,ITC,FMCG
2025-04-03,393.7413330078125,394.51075235495847,391.1446197558559,391.4812095354885,7059566,ITC.NS,ITC,FMCG
2025-04-04,394.0298767089844,397.01128496266676,389.0287536731707,391.91401018990615,18627592,ITC.NS,ITC,FMCG
2025-04-07,390.51947021484375,392.49107984083315,375.2276160600784,375.2276160600784,26762866,ITC.NS,ITC,FMCG
2025-04-08,396.7708435058594,399.89653803876325,391.6735687769548,396.14571046934793,18600796,ITC.NS,ITC,FMCG
2025-04-09,400.37744140625,403.02226003741157,395.5206043873473,397.20367078899557,21785572,ITC.NS,ITC,FMCG
2025-04-11,405.4266357421875,406.292236218633,401.05067489059496,403.9359315444841,8939356,ITC.NS,ITC,FMCG
2025-04-15,404.32061767578125,412.78405461806295,402.97417047029376,412.78405461806295,11685880,ITC.NS,ITC,FMCG
2025-04-16,408.21575927734375,409.754539416005,402.01244544834776,402.01244544834776,13034594,ITC.NS,ITC,FMCG
2025-04-17,410.90863037109375,411.48568756526555,405.4266310519838,408.7446879057106,22410217,ITC.NS,ITC,FMCG
2025-04-21,406.67694091796875,412.6878924233474,405.3785695227371,411.6780349602343,27388236,ITC.NS,ITC,FMCG
2025-04-22,417.0157470703125,418.169832064902,407.3501201449234,409.6583488347964,32031936,ITC.NS,ITC,FMCG
2025-04-23,414.3709411621094,420.7185115509847,412.4474367624713,419.5163213012109,19566317,ITC.NS,ITC,FMCG
2025-04-24,413.6015319824219,419.372045323511,412.88021781478574,415.3327035949578,26064089,ITC.NS,ITC,FMCG
2025-04-25,411.4375915527344,416.1502009519827,407.10970652510946,413.60153406654683,22944377,ITC.NS,ITC,FMCG
2025-04-28,412.39935302734375,414.0343435923546,408.5042681552906,410.3315915600767,6287095,ITC.NS,ITC,FMCG
2025-04-29,409.7064514160156,413.16876532622075,408.7446991826447,412.49552702272155,11189930,ITC.NS,ITC,FMCG
2025-04-30,409.51409912109375,412.88023201920157,405.8594522861451,411.05290860172727,10026546,ITC.NS,ITC,FMCG
2025-05-02,413.07257080078125,414.99607520497585,407.87911477952554,407.87911477952554,9263372,ITC.NS,ITC,FMCG
2025-05-05,420.2376403808594,421.72834456792714,412.92831770641976,413.7938888263413,11525305,ITC.NS,ITC,FMCG
2025-05-06,418.89117431640625,422.834364350939,416.43871785669694,420.7666029152538,15026568,ITC.NS,ITC,FMCG
2025-05-07,414.6594543457031,418.362206178502,413.2649312686502,416.823396791454,9710361,ITC.NS,ITC,FMCG
2025-05-08,414.1304931640625,414.9960642530376,407.350122708005,412.59168381124715,19937960,ITC.NS,ITC,FMCG
2025-05-09,407.3501281738281,412.73594630577514,406.8211762096756,409.6583569091965,8226512,ITC.NS,ITC,FMCG
2025-05-12,418.84307861328125,419.5163168862086,411.7741941489348,413.072565475096,8031891,ITC.NS,ITC,FMCG
2025-05-13,411.53375244140625,421.1993794721109,409.08129611962823,418.2660177094136,14976369,ITC.NS,ITC,FMCG
2025-05-14,412.6878662109375,415.332684705315,409.6102474955229,410.7643618513902,9557309,ITC.NS,ITC,FMCG
2025-05-15,416.1020812988281,418.74689983509177,409.7064350721147,412.6878727466996,24263510,ITC.NS,ITC,FMCG
2025-05-16,419.03546142578125,419.51633754430964,415.573147502307,418.26604202592637,16402035,ITC.NS,ITC,FMCG
2025-05-19,418.6988220214844,421.72833555161463,416.10207936688846,418.362202884726,7543854,ITC.NS,ITC,FMCG
2025-05-20,418.26605224609375,423.9403847133091,416.3425477249801,420.28573786333305,9868414,ITC.NS,ITC,FMCG
2025-05-21,416.438720703125,421.4398441006694,415.4769684613164,419.90103464370577,5776672,ITC.NS,ITC,FMCG
2025-05-22,409.8026123046875,416.43869651769444,406.7249935694986,416.43869651769444,19451749,ITC.NS,ITC,FMCG
2025-05-23,419.61248779296875,422.20923056391143,412.59170822760365,417.40046939575757,18536884,ITC.NS,ITC,FMCG
2025-05-26,425.9600524902344,426.58518556334417,420.0452822056058,421.48791053602,13107662,ITC.NS,ITC,FMCG
2025-05-27,417.30426025390625,427.2103252046928,414.37092787863105,425.9600297748,26986022,ITC.NS,ITC,FMCG
2025-05-28,411.57440185546875,413.92513013654184,404.5221871211176,409.12572033536514,431851622,ITC.NS,ITC,FMCG
2025-05-29,410.1541442871094,414.12099629331436,408.04828421108533,413.337430183069,21478547,ITC.NS,ITC,FMCG
2025-05-30,409.468505859375,411.4274510468685,407.85238205791916,410.49697001748797,30656239,ITC.NS,ITC,FMCG
2025-06-02,410.6928405761719,411.8192579553598,406.0403458241328,409.7133679967952,14973380,ITC.NS,ITC,FMCG
2025-06-03,408.39111328125,413.04360813984886,407.1177809642176,410.3990201585084,13216486,ITC.NS,ITC,FMCG
2025-06-04,408.4400634765625,410.39900862513116,407.4116292300163,408.586978384479,12598933,ITC.NS,ITC,FMCG
2025-06-05,410.4969482421875,412.30897842272395,407.2157092489669,409.9092587388879,13212523,ITC.NS,ITC,FMCG
2025-06-06,412.40692138671875,412.6517895338172,410.39901453696416,411.67231694542346,8774988,ITC.NS,ITC,FMCG
2025-06-09,414.3658752441406,414.9046031137218,411.86823204786555,413.33744096123485,10473123,ITC.NS,ITC,FMCG
2025-06-10,418.23480224609375,419.75297282706833,414.3658735007135,415.78612073411426,13041075,ITC.NS,ITC,FMCG
2025-06-11,417.4022216796875,419.312205110815,416.12891931968926,419.2142518774774,20789182,ITC.NS,ITC,FMCG
2025-06-12,412.3579406738281,418.43068239792314,410.9376935297822,418.2347759328376,18508835,ITC.NS,ITC,FMCG
2025-06-13,405.4036865234375,410.7418239308055,405.01190347774315,406.48111231744474,17873926,ITC.NS,ITC,FMCG
2025-06-16,409.6154479980469,410.30106087453294,404.7670467340719,406.4321620890675,7006629,ITC.NS,ITC,FMCG
2025-06-17,408.83184814453125,410.44797192026425,407.1667626963428,409.5174909056936,9028406,ITC.NS,ITC,FMCG
2025-06-18,407.3626403808594,409.86031339660474,406.3831678000489,408.4400661979771,8036215,ITC.NS,ITC,FMCG
2025-06-19,407.4606018066406,409.66441515775824,406.2852227295919,407.11778041824044,12601006,ITC.NS,ITC,FMCG
2025-06-20,409.9582214355469,410.8887323090276,407.46057840418473,407.46057840418473,13203184,ITC.NS,ITC,FMCG
2025-06-23,405.4036865234375,408.9297937169475,403.2978264980913,408.4400574370469,14839890,ITC.NS,ITC,FMCG
2025-06-24,405.844482421875,412.0151479158747,405.25679287693885,408.3421256239387,16690068,ITC.NS,ITC,FMCG
2025-06-25,407.80340576171875,409.5664444107915,406.5790650634376,407.85236743319786,9946718,ITC.NS,ITC,FMCG
2025-06-26,411.67230224609375,412.25999175637196,407.70545036119364,408.635961243395,13703918,ITC.NS,ITC,FMCG
2025-06-27,410.0561828613281,413.3374219283217,409.2236252038625,412.3579493645105,21409935,ITC.NS,ITC,FMCG
2025-06-30,407.9013671875,412.1130873177171,407.26468609870335,411.18257641188427,12317124,ITC.NS,ITC,FMCG
2025-07-01,406.5790710449219,410.25209319380195,406.38316457386264,408.4400629554616,13670465,ITC.NS,ITC,FMCG
2025-07-02,404.47320556640625,408.3421042433258,403.2488648665335,408.3421042433258,15990899,ITC.NS,ITC,FMCG
2025-07-03,404.864990234375,407.4605865502793,402.80809187212105,405.5016414226337,14185298,ITC.NS,ITC,FMCG
2025-07-04,404.0813903808594,406.48111009570783,403.2978242937535,406.383156862037,8256733,ITC.NS,ITC,FMCG
2025-07-07,407.6075134277344,408.63597758463175,403.54270814671577,404.52218073930493,6845218,ITC.NS,ITC,FMCG
2025-07-08,408.635986328125,409.5175057020906,406.1383132289018,407.60752214922184,6807192,ITC.NS,ITC,FMCG
2025-07-09,410.83978271484375,411.6723104890166,406.9218924227146,407.65649685248883,9930533,ITC.NS,ITC,FMCG
2025-07-10,408.29315185546875,411.67231432927395,407.8523772370402,411.67231432927395,6220360,ITC.NS,ITC,FMCG
2025-07-11,408.2441711425781,409.4685119028319,406.9708687083669,408.44007762067145,8578844,ITC.NS,ITC,FMCG
2025-07-14,410.7908020019531,411.3295298660291,407.9992991168515,408.4890354163033,6896989,ITC.NS,ITC,FMCG
2025-07-15,413.4353942871094,413.72922411339215,410.3990232206159,412.26001519971453,8532755,ITC.NS,ITC,FMCG
2025-07-16,415.8840637207031,416.7166213924788,411.67231368924485,413.43538226908703,9780773,ITC.NS,ITC,FMCG
2025-07-17,415.2474060058594,417.1573595734722,414.3168951123935,417.05940633871836,7240795,ITC.NS,ITC,FMCG
2025-07-18,414.072021484375,416.4717411939595,411.4764251990089,416.4717411939595,6730256,ITC.NS,ITC,FMCG
2025-07-21,411.4764404296875,414.0720368111289,409.8113250726935,413.3374323697135,4822343,ITC.NS,ITC,FMCG
2025-07-22,407.4606018066406,411.77027527059994,406.6770356826959,411.47644544690354,9869507,ITC.NS,ITC,FMCG
2025-07-23,406.4321594238281,409.32158560296745,405.5016485154682,408.53801949465566,12196187,ITC.NS,ITC,FMCG
2025-07-24,401.5347900390625,407.3136721952123,401.04505375648824,407.3136721952123,9005157,ITC.NS,ITC,FMCG
2025-07-25,400.9960632324219,401.8286208931811,399.3799394739661,401.58375275125957,5824089,ITC.NS,ITC,FMCG
2025-07-28,401.4858093261719,402.41632024466196,400.21250691352043,402.36732868040224,8123337,ITC.NS,ITC,FMCG
2025-07-29,400.0655822753906,402.9550084157297,399.62480766342725,401.5837527990323,6811772,ITC.NS,ITC,FMCG
2025-07-30,399.2330322265625,400.898117688896,397.4210019633524,400.60428786940514,10915863,ITC.NS,ITC,FMCG
2025-07-31,403.4937438964844,405.50165074201533,397.2250954310459,397.61690837848414,19364174,ITC.NS,ITC,FMCG
2025-08-01,407.9013671875,410.74183168633,403.34679578552243,403.9344853107258,14324065,ITC.NS,ITC,FMCG
2025-08-04,408.29315185546875,413.8271659664987,406.5790748366726,411.57439098396185,18352458,ITC.NS,ITC,FMCG
2025-08-05,405.6485595703125,409.37057327725813,404.522172091142,408.6359688485212,8495104,ITC.NS,ITC,FMCG
2025-08-06,403.5426940917969,406.4811117672226,402.07348525408406,405.6485541142926,9080543,ITC.NS,ITC,FMCG
2025-08-07,405.10986328125,406.2362507650608,403.1998798022133,403.542701181929,11514878,ITC.NS,ITC,FMCG
2025-08-08,405.99139404296875,406.82395173394906,404.4732234643995,405.40370450279846,9814361,ITC.NS,ITC,FMCG
2025-08-11,408.29315185546875,408.4400667645679,405.5016490180602,405.99138530914485,8514272,ITC.NS,ITC,FMCG
2025-08-12,407.80340576171875,411.1825681542966,406.77494164048437,408.44005694659893,13635738,ITC.NS,ITC,FMCG
2025-08-13,405.599609375,408.92981023461243,405.1098730753178,408.6359804112558,10874910,ITC.NS,ITC,FMCG
2025-08-14,403.0039978027344,406.5300751148795,402.563223193151,405.74650902132066,9580361,ITC.NS,ITC,FMCG
2025-08-18,397.9596862792969,405.207807083524,396.5394690122968,404.5221643400549,30950814,ITC.NS,ITC,FMCG
2025-08-19,400.7022399902344,400.99606980890684,396.19666012675947,398.00869038492266,16681331,ITC.NS,ITC,FMCG
2025-08-20,397.7148132324219,401.82860986020313,397.1271536208501,400.7022224165175,18188129,ITC.NS,ITC,FMCG
2025-08-21,397.22509765625,398.49842996029514,395.07027588892424,397.7148339521601,15028966,ITC.NS,ITC,FMCG
2025-08-22,390.1239013671875,398.1555881648492,389.34033529035065,397.6658518940437,13087624,ITC.NS,ITC,FMCG
2025-08-25,391.1523742675781,392.327723409267,388.1160033420702,390.8095528920783,10440286,ITC.NS,ITC,FMCG
2025-08-26,395.0702819824219,397.07818887017044,390.22188062167817,391.1033999896865,13715752,ITC.NS,ITC,FMCG
2025-08-28,392.6705627441406,396.19667011274,391.78904337477377,396.19667011274,12471719,ITC.NS,ITC,FMCG
2025-08-29,401.3388977050781,402.02454048128317,393.6500318196282,393.74798505781916,25255050,ITC.NS,ITC,FMCG
2025-09-01,397.5189514160156,401.77966310485994,396.68639374720885,401.3388884886885,12268090,ITC.NS,ITC,FMCG
2025-09-02,398.4004821777344,399.4779080217149,396.14770714215564,398.20457570023547,19808255,ITC.NS,ITC,FMCG
2025-09-03,403.2978210449219,404.76702986475766,398.9391562562904,400.114535268611,12936588,ITC.NS,ITC,FMCG
2025-09-04,407.3626403808594,418.2347920060821,406.4811210363561,415.24741259106247,27274123,ITC.NS,ITC,FMCG
2025-09-05,398.9881591796875,408.4400635448862,396.09870312861307,408.3421103092152,16000675,ITC.NS,ITC,FMCG
2025-09-08,399.1840515136719,402.1224693529809,398.44944705384466,399.08612816526716,7419022,ITC.NS,ITC,FMCG
2025-09-09,401.6327209472656,402.51427018540727,399.0371245789613,400.1145503991436,8825896,ITC.NS,ITC,FMCG
2025-09-10,404.5711364746094,405.2078175633528,400.555322816839,402.56322964572416,9252397,ITC.NS,ITC,FMCG
2025-09-11,406.53009033203125,408.1462440335788,403.9834854870758,404.5711451336769,8274406,ITC.NS,ITC,FMCG
2025-09-12,405.25677490234375,408.48902241943284,404.37525556960406,406.82393698895356,7803379,ITC.NS,ITC,FMCG
2025-09-15,404.1793518066406,405.7954755760093,403.29783246799684,404.5711348581344,5707331,ITC.NS,ITC,FMCG
2025-09-16,404.6201171875,405.8444578774336,403.54269140213233,404.7180704209207,8239087,ITC.NS,ITC,FMCG
2025-09-17,400.8981018066406,406.08932424399245,399.6737611220478,405.45267306623015,14113882,ITC.NS,ITC,FMCG
2025-09-18,403.1019287109375,404.5711375822802,401.68171140331816,402.90605212943706,15647808,ITC.NS,ITC,FMCG
2025-09-19,402.22039794921875,404.13038138420126,400.55531254363956,403.101917268776,19505321,ITC.NS,ITC,FMCG
2025-09-22,398.59637451171875,402.56322646569487,397.7148252853857,402.2204050878021,8930779,ITC.NS,ITC,FMCG
2025-09-23,394.9233703613281,399.7227801970498,393.8459445065011,398.7433075819584,14936357,ITC.NS,ITC,FMCG
2025-09-24,392.76849365234375,396.34356249165154,392.4746638429711,394.9233452248436,12380865,ITC.NS,ITC,FMCG
2025-09-25,391.8869934082031,394.7274579712088,389.83009496908466,393.209287397003,22006368,ITC.NS,ITC,FMCG
2025-09-26,396.7843322753906,397.5678983516164,391.59310987422305,391.8869695711551,14414044,ITC.NS,ITC,FMCG
2025-09-29,398.89019775390625,399.6248021696593,394.9233458652918,398.5473763816621,19717660,ITC.NS,ITC,FMCG
2025-09-30,393.30718994140625,398.4004591506758,392.1808024887207,398.4004591506758,9465490,ITC.NS,ITC,FMCG
2025-10-01,397.2740783691406,397.665861416941,391.5441578852763,394.0907925326749,17643039,ITC.NS,ITC,FMCG
2025-10-03,396.0007629394531,397.1761420239669,394.04181772601805,396.58845248171,16987141,ITC.NS,ITC,FMCG
2025-10-06,392.52362060546875,395.60895312981853,391.5931097355416,394.7274338215943,13989077,ITC.NS,ITC,FMCG
2025-10-07,391.5931396484375,394.3356809060124,391.29930982029435,394.237727666254,12298968,ITC.NS,ITC,FMCG
2025-10-08,391.5441589355469,393.5031040709342,389.8300819420829,391.7890270774703,8402463,ITC.NS,ITC,FMCG
2025-10-09,391.6910705566406,393.1602793958562,390.7605895598157,390.80955123133737,15656267,ITC.NS,ITC,FMCG
2025-10-10,394.53155517578125,395.5600193505022,391.299307520674,392.22981845621223,15085738,ITC.NS,ITC,FMCG
2025-10-13,391.0544128417969,392.71952812155763,390.36877010515894,391.78901724913896,9508594,ITC.NS,ITC,FMCG
2025-10-14,388.6546936035156,392.6215753424221,388.0670339898672,391.78901770158024,10291102,ITC.NS,ITC,FMCG
2025-10-15,391.6910705566406,392.62158144459596,389.0954742522526,389.83007867186035,16043867,ITC.NS,ITC,FMCG
2025-10-16,396.83331298828125,397.665870666178,391.3482605181077,392.7685077269394,22962049,ITC.NS,ITC,FMCG
2025-10-17,403.6896057128906,405.35472100520315,396.9312510926241,397.0292043259007,21071344,ITC.NS,ITC,FMCG
2025-10-20,404.5711364746094,406.3342050500721,402.85705946273583,404.0814001855026,13083621,ITC.NS,ITC,FMCG
2025-10-21,404.3752746582031,405.4527005118031,403.88553835121513,405.0119258790611,1142130,ITC.NS,ITC,FMCG
2025-10-23,407.41162109375,411.8192475900064,405.0608630495091,407.46058276503413,24305990,ITC.NS,ITC,FMCG
2025-10-24,408.2441711425781,409.3705885549171,404.96296181800335,407.411643338511,14935678,ITC.NS,ITC,FMCG
2025-10-27,412.01513671875,414.02307345178554,408.048284707717,408.4400677633165,11603679,ITC.NS,ITC,FMCG
2025-10-28,409.32159423828125,412.9946164943518,407.3626490350436,411.86822898071654,17163147,ITC.NS,ITC,FMCG
2025-10-29,412.9456481933594,413.53333772312516,407.5095574069397,409.61544737952806,11470661,ITC.NS,ITC,FMCG
2025-10-30,410.1541442871094,413.04360036450976,407.60750959211543,412.94564712794636,12938674,ITC.NS,ITC,FMCG
2025-10-31,411.7213134765625,417.64711075138126,409.615453364337,411.8682283883677,18599864,ITC.NS,ITC,FMCG
2025-11-03,405.45269775390625,412.9946188955417,404.816016646247,411.3295333977877,7635440,ITC.NS,ITC,FMCG
2025-11-04,400.5063171386719,405.99136936159005,399.96761919609156,405.50163308974254,10085404,ITC.NS,ITC,FMCG
2025-11-06,399.13507080078125,404.8159997293463,398.20455990626584,401.58375221673697,10095563,ITC.NS,ITC,FMCG
2025-11-07,395.7558898925781,400.70224442999825,394.82540886238485,397.71483508178255,8411611,ITC.NS,ITC,FMCG
2025-11-10,397.22509765625,398.7432981082502,395.3641057100178,395.75588876851964,6650003,ITC.NS,ITC,FMCG
2025-11-11,398.4984130859375,399.673762211673,396.2945998476621,397.6658554399186,12005318,ITC.NS,ITC,FMCG
2025-11-12,398.64532470703125,399.7227504817627,397.22507756427666,399.624797249309,7987236,ITC.NS,ITC,FMCG
2025-11-13,397.3720397949219,399.1350784919307,396.1966607361619,398.64534219930255,6617185,ITC.NS,ITC,FMCG
2025-11-14,399.771728515625,400.3594180432725,391.8869861840081,396.3925660411311,64020258,ITC.NS,ITC,FMCG
2025-11-17,398.7432861328125,403.542695710365,397.6658603359422,401.3388824449565,7855399,ITC.NS,ITC,FMCG
2025-11-18,397.5189514160156,401.3878501610938,396.2456191310374,399.8696796229581,7661681,ITC.NS,ITC,FMCG
2025-11-19,395.2661437988281,397.2250889394812,394.5315393710832,396.5394760749311,7882450,ITC.NS,ITC,FMCG
2025-11-20,397.1271667480469,398.64533728000737,394.97231513062155,395.2661449461201,6693410,ITC.NS,ITC,FMCG
2025-11-21,399.4779052734375,400.1145564842314,396.39257256641207,396.68640238950724,5808131,ITC.NS,ITC,FMCG
2025-11-24,395.2661437988281,400.4083747930425,394.580530934278,400.01659174313806,11037491,ITC.NS,ITC,FMCG
2025-11-25,392.5726013183594,396.1966618504526,391.8869884414304,395.26615093538965,8199785,ITC.NS,ITC,FMCG
2025-11-26,394.04180908203125,395.6579627605675,392.71954500487413,392.7685066776832,11443953,ITC.NS,ITC,FMCG
2025-11-27,396.0007629394531,397.61691665344256,393.8459411393536,395.21719681053185,8679529,ITC.NS,ITC,FMCG
2025-11-28,395.9517822265625,396.68638664627787,394.23770524722676,396.0007438980914,6883500,ITC.NS,ITC,FMCG
2025-12-01,395.9517822265625,397.17612292608806,390.025985197311,394.5315350586607,13442658,ITC.NS,ITC,FMCG
2025-12-02,392.71954345703125,397.1761317458155,392.27876883896204,395.95179101910213,8093808,ITC.NS,ITC,FMCG
2025-12-03,392.2787780761719,393.94389346016385,390.66265425708065,393.45415715794644,10772192,ITC.NS,ITC,FMCG
2025-12-04,394.7763977050781,395.26613397807347,390.85850752111554,391.8869716290837,8057989,ITC.NS,ITC,FMCG
2025-12-05,396.6374206542969,397.0292036956514,393.7479646784384,394.7763988983853,4419747,ITC.NS,ITC,FMCG
2025-12-08,394.04180908203125,396.93126516491554,392.32773205787674,396.6374353457986,6056866,ITC.NS,ITC,FMCG
2025-12-09,392.8174743652344,396.19666679247575,391.78904009144696,393.7479852919042,9426717,ITC.NS,ITC,FMCG
2025-12-10,394.8743591308594,396.09869983875063,392.7684990915125,392.86645232636994,6969146,ITC.NS,ITC,FMCG
2025-12-11,394.6294860839844,395.70691187176226,392.86644744298803,394.8743542225189,6980147,ITC.NS,ITC,FMCG
2025-12-12,391.8869934082031,395.7069305716336,391.6421252580969,394.62950473294,12407516,ITC.NS,ITC,FMCG
2025-12-15,394.04180908203125,395.07027323120263,391.29929779983655,391.8869873292014,7756564,ITC.NS,ITC,FMCG
2025-12-16,393.4541320800781,397.4209839187486,392.81745101487064,393.16027238279855,12347384,ITC.NS,ITC,FMCG
2025-12-17,391.5931396484375,394.8254172136723,390.9075267523928,392.76851874327417,8087490,ITC.NS,ITC,FMCG
2025-12-18,392.1808166503906,393.69901709025,391.6421186856499,391.7890335950218,7227668,ITC.NS,ITC,FMCG
2025-12-19,392.8174743652344,394.38463650382647,392.0339082415041,392.0339082415041,10654835,ITC.NS,ITC,FMCG
2025-12-22,394.4336242675781,395.3641052941498,392.96441538139317,393.35619843948285,6847871,ITC.NS,ITC,FMCG
2025-12-23,398.9881591796875,400.50632971362984,393.5520684568217,394.2377112153877,10081997,ITC.NS,ITC,FMCG
2025-12-24,398.2535705566406,401.09403515706003,397.323059617528,399.5758645628573,5777430,ITC.NS,ITC,FMCG
2025-12-26,395.8538513183594,398.7922691629462,395.5600214903535,398.1556179415121,3152453,ITC.NS,ITC,FMCG
2025-12-29,394.3356628417969,396.4904845621106,393.2092753640043,395.80487169747335,6647710,ITC.NS,ITC,FMCG
2025-12-30,392.376708984375,395.1682117263742,392.0828492850893,394.7274371230106,12340527,ITC.NS,ITC,FMCG
2025-12-31,394.7274475097656,395.462051940615,392.62158745289,392.8664555965065,9945109,ITC.NS,ITC,FMCG
2026-01-01,356.381103515625,394.4336191525785,355.2547160290497,394.4336191525785,282626710,ITC.NS,ITC,FMCG
2026-01-02,342.8643493652344,352.6101130575833,338.1628931475851,352.6101130575833,118790358,ITC.NS,ITC,FMCG
2026-01-05,342.5215759277344,346.68433442609853,338.9464770691755,343.0113122216596,48358124,ITC.NS,ITC,FMCG
2026-01-06,335.42041015625,343.50105925874186,330.816876892923,343.06028462397126,72582738,ITC.NS,ITC,FMCG
2026-01-07,334.2450256347656,337.4772732668689,332.33504210325714,335.9591026893029,29440734,ITC.NS,ITC,FMCG
2026-01-08,333.9021911621094,338.06494956001615,332.09016094008854,334.48988067886347,36706319,ITC.NS,ITC,FMCG
2026-01-09,330.22918701171875,334.0001625673181,329.20075271979715,333.9022093273418,35193201,ITC.NS,ITC,FMCG
2026-01-12,331.4535217285156,332.5309475663088,328.9068869913131,331.306606816801,16156143,ITC.NS,ITC,FMCG
2026-01-13,327.8294982910156,332.5309549165941,326.8500256697591,332.0412186059658,24922339,ITC.NS,ITC,FMCG
2026-01-14,327.8784484863281,329.1027892200336,326.6051460797269,329.1027892200336,14913422,ITC.NS,ITC,FMCG
2026-01-15,327.8784484863281,327.8784484863281,327.8784484863281,327.8784484863281,0,ITC.NS,ITC,FMCG
2026-01-16,322.4423828125,330.5719932075216,321.805701727492,330.5719932075216,30526898,ITC.NS,ITC,FMCG
2026-01-19,326.3602600097656,327.7804772481891,320.58134815114005,323.22593594715954,15507440,ITC.NS,ITC,FMCG
2026-01-20,319.6018981933594,327.6335854891576,318.81833206792464,327.1928108616433,18771011,ITC.NS,ITC,FMCG
2026-01-21,318.0837097167969,322.54029785029536,317.6919266761261,319.3080504008492,14177965,ITC.NS,ITC,FMCG
2026-01-22,318.1816711425781,321.9526465247838,314.4596574325432,319.4060118581559,18622852,ITC.NS,ITC,FMCG
2026-01-23,316.76141357421875,319.69983119529894,316.0758007306446,318.86727355776696,11950089,ITC.NS,ITC,FMCG
2026-01-27,312.1089172363281,318.034744006556,311.32535116493864,316.95731824004827,47847784,ITC.NS,ITC,FMCG
2026-01-28,314.5576171875,317.0552902337236,312.7945784769798,313.38226801086364,28400238,ITC.NS,ITC,FMCG
2026-01-29,312.0599670410156,315.97785732428986,311.52123919238704,315.97785732428986,17719420,ITC.NS,ITC,FMCG
2026-01-30,315.5370788574219,318.4754965339916,309.95410320661756,312.25583980702623,41975824,ITC.NS,ITC,FMCG
2026-02-02,308.2400207519531,308.92563359629287,295.8007075190383,303.09778990932085,35227572,ITC.NS,ITC,FMCG
2026-02-03,310.1499938964844,318.08372796245794,305.2036692056378,314.60661217674976,33168353,ITC.NS,ITC,FMCG
2026-02-04,313.8500061035156,314.95001220703125,311.3500061035156,312.5,11196759,ITC.NS,ITC,FMCG
2026-02-05,310.20001220703125,315.3500061035156,309.29998779296875,313.95001220703125,15816704,ITC.NS,ITC,FMCG
2026-02-06,325.79998779296875,327.70001220703125,308.29998779296875,310.0,68057745,ITC.NS,ITC,FMCG
2026-02-09,322.79998779296875,328.70001220703125,321.6499938964844,327.95001220703125,20059198,ITC.NS,ITC,FMCG
2026-02-10,321.3999938964844,323.54998779296875,320.75,323.0,11489090,ITC.NS,ITC,FMCG
2026-02-11,318.25,322.20001220703125,316.29998779296875,321.95001220703125,24843366,ITC.NS,ITC,FMCG
2026-02-12,317.45001220703125,320.3999938964844,316.8999938964844,317.29998779296875,13294561,ITC.NS,ITC,FMCG
2026-02-13,313.75,318.3999938964844,313.25,316.0,8730618,ITC.NS,ITC,FMCG
2026-02-16,317.95001220703125,318.25,313.1499938964844,313.75,11693763,ITC.NS,ITC,FMCG
2026-02-17,325.45001220703125,328.04998779296875,318.1499938964844,318.45001220703125,39360672,ITC.NS,ITC,FMCG
2026-02-18,332.45001220703125,332.95001220703125,324.79998779296875,326.0,35473203,ITC.NS,ITC,FMCG
2026-02-19,326.0,334.25,325.0,334.04998779296875,19911747,ITC.NS,ITC,FMCG
2026-02-20,327.0,327.8500061035156,325.04998779296875,325.04998779296875,11282027,ITC.NS,ITC,FMCG
2026-02-23,325.3999938964844,328.1000061035156,324.3999938964844,327.0,13486092,ITC.NS,ITC,FMCG
2026-02-24,323.5,325.3999938964844,322.04998779296875,324.0,13135859,ITC.NS,ITC,FMCG
2026-02-25,319.75,326.6000061035156,318.1000061035156,325.5,13492101,ITC.NS,ITC,FMCG
2026-02-26,318.29998779296875,321.3999938964844,317.6000061035156,320.0,11270119,ITC.NS,ITC,FMCG
2026-02-27,313.6000061035156,317.75,312.6499938964844,316.0,13892595,ITC.NS,ITC,FMCG
2026-03-02,314.8999938964844,315.75,307.0,307.0,22194311,ITC.NS,ITC,FMCG
2026-03-04,311.95001220703125,315.5,310.5,310.6000061035156,24165489,ITC.NS,ITC,FMCG
2026-03-05,311.5,313.6000061035156,308.20001220703125,312.20001220703125,19938009,ITC.NS,ITC,FMCG
2026-03-06,309.70001220703125,312.29998779296875,309.20001220703125,310.04998779296875,21288269,ITC.NS,ITC,FMCG
2026-03-09,306.0,307.20001220703125,303.6000061035156,305.0,14084931,ITC.NS,ITC,FMCG
2026-03-10,309.04998779296875,310.0,303.75,309.0,18352950,ITC.NS,ITC,FMCG
2026-03-11,309.0,310.6499938964844,307.70001220703125,309.04998779296875,14842485,ITC.NS,ITC,FMCG
2026-03-12,304.1000061035156,308.0,302.8500061035156,307.04998779296875,23319679,ITC.NS,ITC,FMCG
2026-03-13,301.45001220703125,306.0,300.6499938964844,304.0,25659996,ITC.NS,ITC,FMCG
2026-03-16,308.25,309.45001220703125,302.0,302.54998779296875,37472204,ITC.NS,ITC,FMCG
2026-03-17,304.8500061035156,309.95001220703125,304.04998779296875,309.95001220703125,25649286,ITC.NS,ITC,FMCG
2026-03-18,304.04998779296875,306.95001220703125,303.5,305.8999938964844,16702554,ITC.NS,ITC,FMCG
2026-03-19,298.0,305.5,297.1000061035156,301.5,17851126,ITC.NS,ITC,FMCG
2026-03-20,299.95001220703125,308.75,298.1499938964844,301.04998779296875,58679529,ITC.NS,ITC,FMCG
2026-03-23,290.45001220703125,299.0,289.54998779296875,298.8999938964844,31788160,ITC.NS,ITC,FMCG
2026-03-24,291.25,296.0,288.75,295.95001220703125,33335721,ITC.NS,ITC,FMCG
2026-03-25,295.70001220703125,298.5,292.25,292.70001220703125,26184716,ITC.NS,ITC,FMCG
2026-03-27,294.70001220703125,296.8500061035156,291.54998779296875,294.70001220703125,22179022,ITC.NS,ITC,FMCG
2026-03-30,287.70001220703125,294.45001220703125,287.0,293.6000061035156,24586921,ITC.NS,ITC,FMCG
2026-04-01,291.70001220703125,294.45001220703125,290.8999938964844,293.0,18604340,ITC.NS,ITC,FMCG
2026-04-02,292.8500061035156,293.6499938964844,288.3999938964844,290.25,18082775,ITC.NS,ITC,FMCG
2026-04-06,294.8500061035156,295.3500061035156,290.25,293.0,18047063,ITC.NS,ITC,FMCG
2026-04-07,298.45001220703125,299.0,292.75,294.1499938964844,26963485,ITC.NS,ITC,FMCG
2026-04-08,302.45001220703125,304.6000061035156,301.54998779296875,303.8999938964844,22310207,ITC.NS,ITC,FMCG
2026-04-09,303.0,304.3999938964844,301.25,301.5,17691477,ITC.NS,ITC,FMCG
2026-04-10,304.25,305.3999938964844,302.6000061035156,303.0,17744386,ITC.NS,ITC,FMCG
2026-04-13,298.6499938964844,301.45001220703125,298.1000061035156,300.0,16522014,ITC.NS,ITC,FMCG
2026-04-15,302.04998779296875,304.0,300.54998779296875,300.70001220703125,18701403,ITC.NS,ITC,FMCG
2026-04-16,303.3999938964844,305.3500061035156,301.8500061035156,302.95001220703125,16512053,ITC.NS,ITC,FMCG
2026-04-17,306.79998779296875,309.95001220703125,303.8500061035156,303.8500061035156,35111203,ITC.NS,ITC,FMCG
2026-04-20,305.0,307.95001220703125,304.45001220703125,307.0,13540471,ITC.NS,ITC,FMCG
2026-04-21,309.6499938964844,311.1000061035156,304.54998779296875,305.0,24411865,ITC.NS,ITC,FMCG
2026-04-22,305.5,310.54998779296875,305.1000061035156,310.0,24500511,ITC.NS,ITC,FMCG
2026-04-23,305.29998779296875,306.3500061035156,303.25,304.0,10701849,ITC.NS,ITC,FMCG
2026-04-24,301.6000061035156,306.6499938964844,301.1000061035156,306.6499938964844,17011704,ITC.NS,ITC,FMCG
2026-04-27,303.8500061035156,305.6499938964844,302.8500061035156,303.6499938964844,14382348,ITC.NS,ITC,FMCG
2026-04-28,304.45001220703125,305.79998779296875,302.54998779296875,304.3999938964844,12907339,ITC.NS,ITC,FMCG
2026-04-29,316.25,317.5,305.1000061035156,305.1000061035156,31199038,ITC.NS,ITC,FMCG
2026-04-30,314.8999938964844,317.5,313.29998779296875,316.25,11541956,ITC.NS,ITC,FMCG
2026-05-01,314.8999938964844,314.8999938964844,314.8999938964844,314.8999938964844,0,ITC.NS,ITC,FMCG
2026-05-04,311.1000061035156,317.8999938964844,310.5,317.8999938964844,20245091,ITC.NS,ITC,FMCG
2026-05-05,311.45001220703125,313.70001220703125,309.6499938964844,311.1000061035156,26795704,ITC.NS,ITC,FMCG
2026-05-06,310.70001220703125,313.6000061035156,309.25,312.79998779296875,20287609,ITC.NS,ITC,FMCG
2026-05-07,307.3999938964844,311.6499938964844,307.0,311.45001220703125,25718615,ITC.NS,ITC,FMCG
2026-05-08,307.45001220703125,308.8999938964844,305.70001220703125,308.8999938964844,17739844,ITC.NS,ITC,FMCG
2026-05-11,305.8500061035156,308.0,305.1499938964844,307.0,14968661,ITC.NS,ITC,FMCG
2026-05-12,300.70001220703125,306.25,300.1000061035156,305.3500061035156,15968338,ITC.NS,ITC,FMCG
2026-05-13,304.45001220703125,305.79998779296875,301.04998779296875,302.0,13024778,ITC.NS,ITC,FMCG
2026-05-14,307.20001220703125,309.20001220703125,304.8500061035156,305.0,11113377,ITC.NS,ITC,FMCG
2026-05-15,309.45001220703125,312.04998779296875,306.29998779296875,307.20001220703125,11954564,ITC.NS,ITC,FMCG
2026-05-18,310.1499938964844,312.29998779296875,306.5,309.45001220703125,14422870,ITC.NS,ITC,FMCG
2026-05-19,310.29998779296875,314.25,308.3500061035156,311.95001220703125,17519355,ITC.NS,ITC,FMCG
2026-05-20,,,,,12121101,ITC.NS,ITC,FMCG
