Date,Close,High,Low,Open,Volume,Ticker,Company,Sector
2021-05-21,831.6370239257812,834.1513791278466,821.3301750896985,826.325582007444,1345200,NESTLEIND.NS,Nestlé India,FMCG
2021-05-24,825.1349487304688,835.9599162051638,822.3045005236783,827.024254342098,1144120,NESTLEIND.NS,Nestlé India,FMCG
2021-05-25,832.5401611328125,844.0757005167056,828.0699510565051,831.6323219579821,1439040,NESTLEIND.NS,Nestlé India,FMCG
2021-05-26,833.73779296875,837.3524393255973,825.5008668155793,832.5400279705036,916060,NESTLEIND.NS,Nestlé India,FMCG
2021-05-27,843.5005493164062,850.786876370408,828.6997025047455,834.1513787877465,2393260,NESTLEIND.NS,Nestlé India,FMCG
2021-05-28,832.2216796875,846.7160075898413,831.7749255770826,844.6080244288434,1063240,NESTLEIND.NS,Nestlé India,FMCG
2021-05-31,841.0693359375,843.4315625040824,827.74666588121,832.2026024217987,1140460,NESTLEIND.NS,Nestlé India,FMCG
2021-06-01,844.0613403320312,846.5091464921445,830.7838674102079,836.4803299147964,1155020,NESTLEIND.NS,Nestlé India,FMCG
2021-06-02,839.0706787109375,846.6612042963344,832.2548942942823,832.5448202749759,1485240,NESTLEIND.NS,Nestlé India,FMCG
2021-06-03,846.00537109375,848.6456878633453,834.6267180604594,838.904417640496,1007980,NESTLEIND.NS,Nestlé India,FMCG
2021-06-04,828.295654296875,841.5850209190072,826.0712252386604,840.8554193277542,4036440,NESTLEIND.NS,Nestlé India,FMCG
2021-06-07,833.3219604492188,836.0525561586237,824.8117014885892,830.5651977155071,988720,NESTLEIND.NS,Nestlé India,FMCG
2021-06-08,830.9478759765625,837.143426926873,827.1834795725741,833.2031718662595,948940,NESTLEIND.NS,Nestlé India,FMCG
2021-06-09,834.4911499023438,837.7446218217024,828.9230278046366,829.8736276071648,837560,NESTLEIND.NS,Nestlé India,FMCG
2021-06-10,834.4412841796875,840.0926071813453,831.299558676194,832.9631083933848,841060,NESTLEIND.NS,Nestlé India,FMCG
2021-06-11,833.5050048828125,836.9556871349278,825.3583568399407,836.9556871349278,979940,NESTLEIND.NS,Nestlé India,FMCG
2021-06-14,835.45849609375,837.953820858075,827.85845445315,829.9402705773302,730460,NESTLEIND.NS,Nestlé India,FMCG
2021-06-15,840.5582885742188,841.7560535066777,832.2975746724214,838.7141227934493,943920,NESTLEIND.NS,Nestlé India,FMCG
2021-06-16,853.8858642578125,858.7956917897114,837.1481929836941,838.9139160291815,2339240,NESTLEIND.NS,Nestlé India,FMCG
2021-06-17,858.3465576171875,864.5373509796952,850.7868980978336,851.4998480124408,1515740,NESTLEIND.NS,Nestlé India,FMCG
2021-06-18,839.8858032226562,860.2429353943113,836.5278372256697,858.3441145845908,2953400,NESTLEIND.NS,Nestlé India,FMCG
2021-06-21,838.8639526367188,841.7585128202862,832.3927490544858,838.020283699092,803600,NESTLEIND.NS,Nestlé India,FMCG
2021-06-22,828.7590942382812,843.5599406792271,827.4971590284586,839.8549569231972,1410640,NESTLEIND.NS,Nestlé India,FMCG
2021-06-23,827.7252807617188,834.6266447612834,825.5959464409733,831.7724664713534,741680,NESTLEIND.NS,Nestlé India,FMCG
2021-06-24,837.466552734375,839.8549464015731,823.3335167815238,827.7371774385545,1300900,NESTLEIND.NS,Nestlé India,FMCG
2021-06-25,832.0933837890625,838.9044111807359,828.6854622626703,835.1139056860607,780000,NESTLEIND.NS,Nestlé India,FMCG
2021-06-28,832.067138671875,837.4784327326935,829.5646777092825,832.109899417729,809000,NESTLEIND.NS,Nestlé India,FMCG
2021-06-29,836.4922485351562,843.6573717378268,831.2829218735227,836.0525728939929,1421920,NESTLEIND.NS,Nestlé India,FMCG
2021-06-30,838.0963745117188,843.4197104227538,835.3396117599267,838.4290612486546,1031340,NESTLEIND.NS,Nestlé India,FMCG
2021-07-01,838.7237548828125,842.4691206284662,835.0781835554279,837.9537713218538,534000,NESTLEIND.NS,Nestlé India,FMCG
2021-07-02,836.623046875,840.3304101276891,831.1095784125554,840.2828917311202,614460,NESTLEIND.NS,Nestlé India,FMCG
2021-07-05,838.4932861328125,841.8512524467678,832.8823446661651,836.7703238054364,686440,NESTLEIND.NS,Nestlé India,FMCG
2021-07-06,830.3536987304688,838.3268663085867,827.8298283638718,838.2175566127092,1251020,NESTLEIND.NS,Nestlé India,FMCG
2021-07-07,842.0864868164062,846.0338782772858,825.1325753884545,827.0218810126277,1090380,NESTLEIND.NS,Nestlé India,FMCG
2021-07-08,837.4262084960938,841.2737475407813,833.5858059128246,837.2883529486953,597360,NESTLEIND.NS,Nestlé India,FMCG
2021-07-09,838.2389526367188,840.3302839519135,834.1513848052083,834.3914135928616,538820,NESTLEIND.NS,Nestlé India,FMCG
2021-07-12,838.4956665039062,843.9117187544895,835.178082113364,843.9093399339226,666020,NESTLEIND.NS,Nestlé India,FMCG
2021-07-13,840.8958740234375,842.8494078368282,836.5801714501841,842.7067946466495,500080,NESTLEIND.NS,Nestlé India,FMCG
2021-07-14,833.6617431640625,840.8957936433799,832.725416295427,840.8957936433799,1017220,NESTLEIND.NS,Nestlé India,FMCG
2021-07-15,837.5664672851562,839.2751566745742,829.3984098236193,832.9631594360417,556780,NESTLEIND.NS,Nestlé India,FMCG
2021-07-16,839.1039428710938,841.9937452812726,833.5785817145063,839.1419459746468,733700,NESTLEIND.NS,Nestlé India,FMCG
2021-07-19,843.7738037109375,848.1727067889989,834.1513591564544,834.1513591564544,1028040,NESTLEIND.NS,Nestlé India,FMCG
2021-07-20,848.7003173828125,851.1195778274814,841.3284106849986,843.6550131703386,891880,NESTLEIND.NS,Nestlé India,FMCG
2021-07-22,855.292724609375,857.7476673597405,841.2808916964129,848.7003167788596,2266340,NESTLEIND.NS,Nestlé India,FMCG
2021-07-23,862.3818359375,866.1866142427843,849.9432157356246,852.2294362754697,1504620,NESTLEIND.NS,Nestlé India,FMCG
2021-07-26,860.3569946289062,864.4635927535631,856.0531284780857,858.9548831229446,1069900,NESTLEIND.NS,Nestlé India,FMCG
2021-07-27,866.2864379882812,876.8808924778676,854.2328381758109,856.1102497769831,2783140,NESTLEIND.NS,Nestlé India,FMCG
2021-07-28,856.6116943359375,871.4149202271175,850.8344096495365,871.4149202271175,1752740,NESTLEIND.NS,Nestlé India,FMCG
2021-07-29,851.4879760742188,865.0459189072486,845.0833207786198,853.16342002116,2710720,NESTLEIND.NS,Nestlé India,FMCG
2021-07-30,841.4068603515625,853.4461870176043,839.1444279818347,851.4879535737235,1667400,NESTLEIND.NS,Nestlé India,FMCG
2021-08-02,841.977294921875,850.8249997452544,840.0927466749395,845.8343497650073,639480,NESTLEIND.NS,Nestlé India,FMCG
2021-08-03,869.0430908203125,873.6012005339712,839.0944400167721,839.8644235201639,1262560,NESTLEIND.NS,Nestlé India,FMCG
2021-08-04,858.2656860351562,872.1729662056184,856.3525922710837,869.5184347436997,816440,NESTLEIND.NS,Nestlé India,FMCG
2021-08-05,865.4617919921875,869.0431933425683,855.6349423686191,862.6694048003407,759280,NESTLEIND.NS,Nestlé India,FMCG
2021-08-06,856.5213623046875,865.426157777478,854.5892958896708,865.0458946157958,767480,NESTLEIND.NS,Nestlé India,FMCG
2021-08-09,865.1552124023438,866.7094525107227,856.52137030709,858.8670033928577,612720,NESTLEIND.NS,Nestlé India,FMCG
2021-08-10,868.5298461914062,873.1592631131492,859.5847265639355,865.5212183623927,1229340,NESTLEIND.NS,Nestlé India,FMCG
2021-08-11,863.515380859375,870.5117815809676,856.7447359901012,870.5117815809676,699700,NESTLEIND.NS,Nestlé India,FMCG
2021-08-12,861.9017333984375,867.3249216263357,859.3422387371468,864.1332409508676,489880,NESTLEIND.NS,Nestlé India,FMCG
2021-08-13,868.3515625,869.3259505642508,861.7995947410627,865.0315994522151,822460,NESTLEIND.NS,Nestlé India,FMCG
2021-08-16,869.5730590820312,879.257294521484,863.9597394267868,868.3515058507343,899420,NESTLEIND.NS,Nestlé India,FMCG
2021-08-17,890.3579711914062,893.4426630903032,869.8654193856169,872.1753700791198,1504020,NESTLEIND.NS,Nestlé India,FMCG
2021-08-18,898.8396606445312,901.5964233687115,891.1897224119435,891.2348619792166,799760,NESTLEIND.NS,Nestlé India,FMCG
2021-08-20,930.221435546875,933.5413988098267,881.9309711457364,881.9309711457364,2862140,NESTLEIND.NS,Nestlé India,FMCG
2021-08-23,951.600341796875,955.1151940060157,929.5749596397714,936.3408470723318,2974840,NESTLEIND.NS,Nestlé India,FMCG
2021-08-24,940.1361083984375,960.0583231773244,934.677295761641,955.3528423498084,1661680,NESTLEIND.NS,Nestlé India,FMCG
2021-08-25,946.3150024414062,966.0470855447121,940.4284083019106,940.4284083019106,2003180,NESTLEIND.NS,Nestlé India,FMCG
2021-08-26,953.1046752929688,956.2891615337002,941.3576540720799,949.4092068286807,1264080,NESTLEIND.NS,Nestlé India,FMCG
2021-08-27,948.57275390625,955.3529147637286,945.6567840248102,955.3529147637286,702080,NESTLEIND.NS,Nestlé India,FMCG
2021-08-30,938.3490600585938,956.4223527982173,935.5923550787134,952.9764280583554,2679160,NESTLEIND.NS,Nestlé India,FMCG
2021-08-31,925.302001953125,942.9926508325989,919.7053338601294,938.4796804686437,4547400,NESTLEIND.NS,Nestlé India,FMCG
2021-09-01,942.3699951171875,945.3714860884232,929.3110841560444,938.5652171573034,2096860,NESTLEIND.NS,Nestlé India,FMCG
2021-09-02,962.0355834960938,964.3835372502427,939.2401598894454,944.6110721910559,1571540,NESTLEIND.NS,Nestlé India,FMCG
2021-09-03,963.2737426757812,966.9026622508196,955.4027480550269,962.4823497329309,939560,NESTLEIND.NS,Nestlé India,FMCG
2021-09-06,961.2084350585938,967.1402263426364,958.2045653230896,962.9647006196722,681380,NESTLEIND.NS,Nestlé India,FMCG
2021-09-07,968.1122436523438,969.2648691568523,958.4969356331557,958.4969356331557,683060,NESTLEIND.NS,Nestlé India,FMCG
2021-09-08,942.9759521484375,975.7906751535139,940.3808333128237,964.8587776724954,3447460,NESTLEIND.NS,Nestlé India,FMCG
2021-09-09,972.33056640625,975.5531138814138,943.0140989879774,946.3221679599974,2207220,NESTLEIND.NS,Nestlé India,FMCG
2021-09-13,972.0952758789062,974.364844620989,961.5317466674442,964.8588461368817,750060,NESTLEIND.NS,Nestlé India,FMCG
2021-09-14,961.5531005859375,979.5527053565223,959.1551917194364,971.9882889327291,1183700,NESTLEIND.NS,Nestlé India,FMCG
2021-09-15,956.2655029296875,968.1860048712359,954.7778117550594,968.1788684095347,752120,NESTLEIND.NS,Nestlé India,FMCG
2021-09-16,951.9235229492188,962.0878159147567,949.1738967922781,955.6403426246799,1025300,NESTLEIND.NS,Nestlé India,FMCG
2021-09-17,958.9508666992188,964.8113520450605,955.3552505316626,957.9670213601422,1902580,NESTLEIND.NS,Nestlé India,FMCG
2021-09-20,965.9330444335938,968.9464297568259,955.4003816950268,956.5411131358121,1830260,NESTLEIND.NS,Nestlé India,FMCG
2021-09-21,959.609130859375,966.2847391352428,950.7020149838118,960.105840163891,2168220,NESTLEIND.NS,Nestlé India,FMCG
2021-09-22,947.044677734375,958.863006500237,941.5739705985088,958.863006500237,2150460,NESTLEIND.NS,Nestlé India,FMCG
2021-09-23,942.947509765625,956.3509441150375,942.0444283261944,950.5998267670983,1074480,NESTLEIND.NS,Nestlé India,FMCG
2021-09-24,944.1476440429688,949.6492172763939,941.0938189225525,947.1301045530928,837880,NESTLEIND.NS,Nestlé India,FMCG
2021-09-27,933.5936279296875,945.846874225105,931.6401521518552,945.846874225105,919480,NESTLEIND.NS,Nestlé India,FMCG
2021-09-28,928.9618530273438,937.2273260744684,924.8885580072089,935.8655963668612,1153720,NESTLEIND.NS,Nestlé India,FMCG
2021-09-29,927.1557006835938,936.3408484893238,923.1108936964883,928.9618055793336,925900,NESTLEIND.NS,Nestlé India,FMCG
2021-09-30,924.246826171875,931.1101289049939,918.0964152715245,925.8033869344297,887460,NESTLEIND.NS,Nestlé India,FMCG
2021-10-01,929.208984375,933.7243337102209,915.049780893204,924.2207139302064,797380,NESTLEIND.NS,Nestlé India,FMCG
2021-10-04,926.499755859375,933.9643200338163,920.2780382838276,929.2089421293323,655920,NESTLEIND.NS,Nestlé India,FMCG
2021-10-05,921.8703002929688,930.9722467370447,919.4604973683132,926.8347820969882,546560,NESTLEIND.NS,Nestlé India,FMCG
2021-10-06,910.5391845703125,932.7404836424494,906.7772250969093,924.2159515912102,1452160,NESTLEIND.NS,Nestlé India,FMCG
2021-10-07,905.2395629882812,917.5284911390834,900.9476488120375,912.6138481989175,953900,NESTLEIND.NS,Nestlé India,FMCG
2021-10-08,902.4259643554688,911.6230076146165,900.1017404276499,905.6841365237854,1744920,NESTLEIND.NS,Nestlé India,FMCG
2021-10-11,907.09326171875,912.3620008793129,903.1958255133998,904.0679823157164,776040,NESTLEIND.NS,Nestlé India,FMCG
2021-10-12,922.8280029296875,924.4583071183447,901.6462906987106,906.344634860036,1444980,NESTLEIND.NS,Nestlé India,FMCG
2021-10-13,918.310302734375,931.8278624919357,913.8139841033626,926.8348345623775,1078500,NESTLEIND.NS,Nestlé India,FMCG
2021-10-14,918.5360717773438,923.448277594362,913.7640422956499,921.7966220737976,843800,NESTLEIND.NS,Nestlé India,FMCG
2021-10-18,923.909423828125,931.5879084987432,913.5265102727471,931.5879084987432,1126060,NESTLEIND.NS,Nestlé India,FMCG
2021-10-19,920.582275390625,937.8641738153399,916.5707718467412,925.6466100497433,1186040,NESTLEIND.NS,Nestlé India,FMCG
2021-10-20,916.2666015625,960.1058848418759,905.4678007825469,917.3288899726834,4355380,NESTLEIND.NS,Nestlé India,FMCG
2021-10-21,914.1514892578125,935.3902952284988,905.764870434,924.9336963997249,1519240,NESTLEIND.NS,Nestlé India,FMCG
2021-10-22,903.3883056640625,923.8879932129277,895.9403351472796,923.8879932129277,910300,NESTLEIND.NS,Nestlé India,FMCG
2021-10-25,888.632568359375,903.1149422705887,884.2645901632618,903.069802705255,1082920,NESTLEIND.NS,Nestlé India,FMCG
2021-10-26,918.8182373046875,921.801657085936,891.1522394388637,893.1100977271723,2133160,NESTLEIND.NS,Nestlé India,FMCG
2021-10-27,908.6344604492188,928.4952898044316,904.1856524161227,917.8477057474706,1057640,NESTLEIND.NS,Nestlé India,FMCG
2021-10-28,908.0032958984375,914.0800918866083,901.4101006507263,908.8925788457268,629000,NESTLEIND.NS,Nestlé India,FMCG
2021-10-29,908.4217529296875,917.9768329082001,896.8513849135367,908.414574232073,985500,NESTLEIND.NS,Nestlé India,FMCG
2021-11-01,905.5266723632812,913.143036396813,895.7899080071245,913.143036396813,851420,NESTLEIND.NS,Nestlé India,FMCG
2021-11-02,897.6068115234375,910.0425331965702,891.1809435529972,903.6812151391671,698980,NESTLEIND.NS,Nestlé India,FMCG
2021-11-03,895.847412109375,903.0573929277616,887.4254569541584,901.721046188361,889580,NESTLEIND.NS,Nestlé India,FMCG
2021-11-04,903.1195068359375,905.9762199743843,899.4212518922061,903.6334549001123,138100,NESTLEIND.NS,Nestlé India,FMCG
2021-11-08,910.7692260742188,913.0019759320346,893.1148841542399,905.9761326490534,866240,NESTLEIND.NS,Nestlé India,FMCG
2021-11-09,905.581787109375,910.5661380943426,898.9025630230344,909.2250055531424,872960,NESTLEIND.NS,Nestlé India,FMCG
2021-11-10,906.1626586914062,910.4513175948996,898.8522934371131,905.9236022303857,761180,NESTLEIND.NS,Nestlé India,FMCG
2021-11-11,901.43408203125,906.0239542428627,892.6391858127392,906.0239542428627,839120,NESTLEIND.NS,Nestlé India,FMCG
2021-11-12,915.2252197265625,920.8072111416085,901.761544212011,906.0239393629242,1330240,NESTLEIND.NS,Nestlé India,FMCG
2021-11-15,931.2012939453125,932.2722620650405,911.7540303390684,917.9766761133073,1016660,NESTLEIND.NS,Nestlé India,FMCG
2021-11-16,930.5081176757812,937.0535138314467,923.7619514483765,929.9367984222184,922400,NESTLEIND.NS,Nestlé India,FMCG
2021-11-17,931.222900390625,935.4279245172808,925.7700669143892,927.7303182064541,1085520,NESTLEIND.NS,Nestlé India,FMCG
2021-11-18,927.802001953125,931.7846613585796,921.8040546731362,927.5390165154578,832140,NESTLEIND.NS,Nestlé India,FMCG
2021-11-22,908.1921997070312,935.4685055097709,900.4061148242422,928.1844625150519,882760,NESTLEIND.NS,Nestlé India,FMCG
2021-11-23,917.0946655273438,920.1952206863921,903.8580818501385,908.22325497034,739200,NESTLEIND.NS,Nestlé India,FMCG
2021-11-24,912.5692749023438,922.2797758286845,906.0239373744722,917.9767597672753,687100,NESTLEIND.NS,Nestlé India,FMCG
2021-11-25,916.9273071289062,918.4548521166425,903.9058513457001,912.4784410539366,594900,NESTLEIND.NS,Nestlé India,FMCG
2021-11-26,919.04052734375,929.1693768119936,907.5777826154244,915.5311951147643,1128820,NESTLEIND.NS,Nestlé India,FMCG
2021-11-29,908.4337158203125,916.1743361905283,898.8523139674791,910.8051372915147,962140,NESTLEIND.NS,Nestlé India,FMCG
2021-11-30,915.708251953125,928.7296515916416,905.3284381270987,908.4337795098603,3395600,NESTLEIND.NS,Nestlé India,FMCG
2021-12-01,927.4338989257812,929.9248485760197,916.1551730610065,918.4549242329371,1096240,NESTLEIND.NS,Nestlé India,FMCG
2021-12-02,932.47314453125,939.4918677267808,919.2557621655037,927.4338741492269,972000,NESTLEIND.NS,Nestlé India,FMCG
2021-12-03,923.7786865234375,932.2627977262612,914.9646470657173,927.6442107014519,1508960,NESTLEIND.NS,Nestlé India,FMCG
2021-12-06,909.2035522460938,928.2850574550323,905.0272424054305,927.5391731982345,698540,NESTLEIND.NS,Nestlé India,FMCG
2021-12-07,924.87353515625,929.6259491891502,907.2669932576521,919.2198153082729,1408580,NESTLEIND.NS,Nestlé India,FMCG
2021-12-08,931.3209228515625,933.5130518393621,919.1744505224128,919.1744505224128,671560,NESTLEIND.NS,Nestlé India,FMCG
2021-12-09,922.0287475585938,934.6629040727419,916.1814362286443,932.3201392296918,810440,NESTLEIND.NS,Nestlé India,FMCG
2021-12-10,921.3355102539062,923.2359973328585,909.8703724061129,918.9807809081025,788980,NESTLEIND.NS,Nestlé India,FMCG
2021-12-13,907.5538940429688,925.1245433233506,904.7808742085898,918.9425761375892,1089800,NESTLEIND.NS,Nestlé India,FMCG
2021-12-14,919.831787109375,923.8551255711343,904.273975703517,906.1721281462434,1381340,NESTLEIND.NS,Nestlé India,FMCG
2021-12-15,918.125,922.9061289426477,910.805063574379,915.636385032782,1298180,NESTLEIND.NS,Nestlé India,FMCG
2021-12-16,920.7091674804688,923.4918172437772,914.4100650369072,918.2158250470968,808340,NESTLEIND.NS,Nestlé India,FMCG
2021-12-17,912.22265625,919.5569501041211,908.4145033710387,913.9151945799342,1085560,NESTLEIND.NS,Nestlé India,FMCG
2021-12-20,902.7369995117188,911.6752952914055,889.2900730045928,908.4145907036163,1426200,NESTLEIND.NS,Nestlé India,FMCG
2021-12-21,918.9569702148438,922.0861819542622,903.6358205328464,907.7929867329927,693560,NESTLEIND.NS,Nestlé India,FMCG
2021-12-22,917.5274047851562,924.6679908692739,909.0026141013587,919.4111416683735,732240,NESTLEIND.NS,Nestlé India,FMCG
2021-12-23,918.3855590820312,922.7555180577342,915.8252738019493,922.5188545031904,951380,NESTLEIND.NS,Nestlé India,FMCG
2021-12-24,919.1338500976562,929.1670426047633,916.59504250725,918.3855730375045,684400,NESTLEIND.NS,Nestlé India,FMCG
2021-12-27,922.8701782226562,927.5389573492087,913.1692495233749,917.3073303738132,531760,NESTLEIND.NS,Nestlé India,FMCG
2021-12-28,925.3875122070312,930.8164748146964,919.6501574426374,925.1484557585148,420980,NESTLEIND.NS,Nestlé India,FMCG
2021-12-29,927.5222778320312,929.977392248228,920.4414561157699,925.3875200703893,585380,NESTLEIND.NS,Nestlé India,FMCG
2021-12-30,927.8522338867188,936.3841448552213,923.8671230495639,927.06094300448,797360,NESTLEIND.NS,Nestlé India,FMCG
2021-12-31,942.1550903320312,947.3784981003917,925.1582085319823,926.3439194106836,797740,NESTLEIND.NS,Nestlé India,FMCG
2022-01-03,940.8281860351562,947.3329026390738,938.9205202515395,941.6433475110106,517380,NESTLEIND.NS,Nestlé India,FMCG
2022-01-04,950.9212036132812,953.7301170550674,938.4424679105357,940.830639642676,700680,NESTLEIND.NS,Nestlé India,FMCG
2022-01-05,953.1539306640625,957.4211117735038,948.0548961154321,950.2016184335582,648640,NESTLEIND.NS,Nestlé India,FMCG
2022-01-06,939.374755859375,953.1539445836114,933.9935925908184,944.277806206206,614180,NESTLEIND.NS,Nestlé India,FMCG
2022-01-07,951.5809936523438,954.3133926608223,936.4821502174927,939.5158210648709,979660,NESTLEIND.NS,Nestlé India,FMCG
2022-01-10,942.264892578125,954.7388413461199,940.8807464445551,951.5880937908504,412340,NESTLEIND.NS,Nestlé India,FMCG
2022-01-11,944.84423828125,947.8587656091433,934.7106616725727,934.7106616725727,635760,NESTLEIND.NS,Nestlé India,FMCG
2022-01-12,942.2218627929688,949.0541148705133,939.9699696903925,949.0541148705133,474220,NESTLEIND.NS,Nestlé India,FMCG
2022-01-13,942.5709228515625,944.2730328898339,937.1013389691516,944.2730328898339,707660,NESTLEIND.NS,Nestlé India,FMCG
2022-01-14,927.5462646484375,942.8076504136677,921.3236178491339,942.5709284840119,743800,NESTLEIND.NS,Nestlé India,FMCG
2022-01-17,924.34521484375,933.0373331274119,913.7263459111397,927.5390347256874,728060,NESTLEIND.NS,Nestlé India,FMCG
2022-01-18,926.563720703125,929.9296544267969,917.4031189310331,921.8973338092691,724160,NESTLEIND.NS,Nestlé India,FMCG
2022-01-19,905.4024047851562,929.6881713400921,887.9560691667045,926.1047173727646,1647660,NESTLEIND.NS,Nestlé India,FMCG
2022-01-20,895.7015991210938,912.2395097405189,889.5315374864143,898.8523471237817,1581120,NESTLEIND.NS,Nestlé India,FMCG
2022-01-21,907.1834716796875,911.3908305482814,889.7705773335097,892.1587491425789,1104820,NESTLEIND.NS,Nestlé India,FMCG
2022-01-24,894.9197998046875,910.3269765881826,889.2900086418169,907.1834075642813,1068740,NESTLEIND.NS,Nestlé India,FMCG
2022-01-25,898.4100341796875,902.8708651869621,875.5658426493029,888.0062921122976,1157600,NESTLEIND.NS,Nestlé India,FMCG
2022-01-27,879.0321655273438,898.3742032675534,871.0142022835076,886.8994928479572,1085180,NESTLEIND.NS,Nestlé India,FMCG
2022-01-28,878.98193359375,891.6328417912014,876.2973340796938,879.7278178015339,748460,NESTLEIND.NS,Nestlé India,FMCG
2022-01-31,885.5392456054688,891.1976933134571,881.0665085959239,881.0665085959239,595220,NESTLEIND.NS,Nestlé India,FMCG
2022-02-01,892.718017578125,897.8098728906836,880.7316953902221,889.2899273313028,535820,NESTLEIND.NS,Nestlé India,FMCG
2022-02-02,884.5399169921875,901.2428192184976,881.6712395835344,899.8084805141712,1208320,NESTLEIND.NS,Nestlé India,FMCG
2022-02-03,875.26220703125,888.3170475174137,873.0867699183788,880.6839911562272,687080,NESTLEIND.NS,Nestlé India,FMCG
2022-02-04,876.4598388671875,879.7277218096903,870.2993495809869,879.7277218096903,898480,NESTLEIND.NS,Nestlé India,FMCG
2022-02-07,864.0816040039062,880.684064724029,856.348103597249,876.4599554351498,969380,NESTLEIND.NS,Nestlé India,FMCG
2022-02-08,864.77001953125,870.8468746126833,860.1251687167564,870.4045968031435,787700,NESTLEIND.NS,Nestlé India,FMCG
2022-02-09,867.0601196289062,871.9416335635465,861.6287641976347,864.9062187231447,964860,NESTLEIND.NS,Nestlé India,FMCG
2022-02-10,867.2896118164062,870.7822521901793,861.0813228857149,865.4321385524372,1008440,NESTLEIND.NS,Nestlé India,FMCG
2022-02-11,851.7677001953125,867.0577413497899,842.4349270793107,867.0577413497899,1919600,NESTLEIND.NS,Nestlé India,FMCG
2022-02-14,844.8374633789062,851.0529311126287,833.3412176252117,847.0248065629173,858340,NESTLEIND.NS,Nestlé India,FMCG
2022-02-15,869.5486450195312,876.058147119664,840.1136539927509,844.8374115149275,1003400,NESTLEIND.NS,Nestlé India,FMCG
2022-02-16,871.303466796875,879.6035004780127,862.2049634906562,868.5877596026169,808200,NESTLEIND.NS,Nestlé India,FMCG
2022-02-17,866.6275024414062,879.7278086560284,858.6980180163015,879.7278086560284,2276800,NESTLEIND.NS,Nestlé India,FMCG
2022-02-18,861.0478515625,871.7145195279871,851.5716216314729,860.029468797226,1926560,NESTLEIND.NS,Nestlé India,FMCG
2022-02-21,865.6759643554688,868.2529998111581,852.2362181516462,859.5035106637407,740720,NESTLEIND.NS,Nestlé India,FMCG
2022-02-22,865.9103393554688,869.8475924372881,848.1556105488947,859.8861279466204,1261740,NESTLEIND.NS,Nestlé India,FMCG
2022-02-23,857.0963134765625,870.6220882499927,852.714389903464,865.9102947776514,1184960,NESTLEIND.NS,Nestlé India,FMCG
2022-02-24,848.3993530273438,859.1067004640544,839.5662291174787,847.6941481920784,2242100,NESTLEIND.NS,Nestlé India,FMCG
2022-02-25,846.9818115234375,855.5806652636454,841.4787272234897,851.0409854873931,1619780,NESTLEIND.NS,Nestlé India,FMCG
2022-02-28,843.3505249023438,849.5731712273081,828.5696460939217,846.2598231888295,3157460,NESTLEIND.NS,Nestlé India,FMCG
2022-03-02,853.1734008789062,855.3153375185977,834.6441314972741,841.4787770065677,1732620,NESTLEIND.NS,Nestlé India,FMCG
2022-03-03,833.6615600585938,854.865855254218,831.4167873357112,854.865855254218,1339280,NESTLEIND.NS,Nestlé India,FMCG
2022-03-04,831.5269165039062,838.8037817492198,813.7960576919569,827.1354209510729,1034100,NESTLEIND.NS,Nestlé India,FMCG
2022-03-07,829.1458129882812,832.2870476227479,814.7044329444743,817.5731105252647,1330840,NESTLEIND.NS,Nestlé India,FMCG
2022-03-08,825.3806762695312,838.1319691672273,811.118588529493,827.1353717394771,1954480,NESTLEIND.NS,Nestlé India,FMCG
2022-03-09,819.7533569335938,830.9602963218005,815.9307879190642,830.9602963218005,1422440,NESTLEIND.NS,Nestlé India,FMCG
2022-03-10,843.826171875,845.5545451698212,823.3581326201273,827.1352358321535,1329780,NESTLEIND.NS,Nestlé India,FMCG
2022-03-11,828.44775390625,842.3417431188681,823.7885459215717,841.4787236343391,1465580,NESTLEIND.NS,Nestlé India,FMCG
2022-03-14,830.3482666015625,835.6194732819063,820.3461815450328,835.6194732819063,773300,NESTLEIND.NS,Nestlé India,FMCG
2022-03-15,834.861572265625,839.5661864905436,824.508024221708,832.8726064160176,1244220,NESTLEIND.NS,Nestlé India,FMCG
2022-03-16,852.1597290039062,855.1288497970843,835.3110350935926,841.9568160697172,967800,NESTLEIND.NS,Nestlé India,FMCG
2022-03-17,874.1912841796875,878.5253499733681,850.3692718876162,850.3692718876162,2017800,NESTLEIND.NS,Nestlé India,FMCG
2022-03-21,854.6961669921875,878.2934204556722,851.6864251965167,877.3371946304618,806700,NESTLEIND.NS,Nestlé India,FMCG
2022-03-22,833.3148803710938,854.3852884443052,824.9191905299276,847.5506440956013,2804480,NESTLEIND.NS,Nestlé India,FMCG
2022-03-23,829.2486572265625,839.0882004120248,825.270724926293,838.3710310099632,1185580,NESTLEIND.NS,Nestlé India,FMCG
2022-03-24,832.3038330078125,836.6976630065419,825.222952199595,828.4741436069222,863620,NESTLEIND.NS,Nestlé India,FMCG
2022-03-25,820.4990844726562,835.6457263973625,816.3777537254272,835.6457263973625,1064340,NESTLEIND.NS,Nestlé India,FMCG
2022-03-28,806.1007080078125,829.475653698058,802.7515249512498,824.7447174156677,1602220,NESTLEIND.NS,Nestlé India,FMCG
2022-03-29,809.057861328125,812.7895582897997,804.1859187645448,808.0108220642572,1675180,NESTLEIND.NS,Nestlé India,FMCG
2022-03-30,827.0396728515625,829.4087011315876,813.8724256243471,817.9555282448924,1499400,NESTLEIND.NS,Nestlé India,FMCG
2022-03-31,830.9865112304688,833.5324389830686,822.4928288737772,824.7447218728673,1245620,NESTLEIND.NS,Nestlé India,FMCG
2022-04-01,839.4324951171875,841.8469889766832,824.7448785908892,830.9866691345558,623180,NESTLEIND.NS,Nestlé India,FMCG
2022-04-04,852.00439453125,854.2204525647379,834.8831430044688,841.956844603541,795680,NESTLEIND.NS,Nestlé India,FMCG
2022-04-05,861.7125244140625,863.4720057868125,847.1396507309537,852.2841508497854,795640,NESTLEIND.NS,Nestlé India,FMCG
2022-04-06,870.9664306640625,873.0342458253821,854.0531850747565,859.408026764033,941160,NESTLEIND.NS,Nestlé India,FMCG
2022-04-07,869.61083984375,872.5560316127511,859.88603992084,867.7749026724073,749740,NESTLEIND.NS,Nestlé India,FMCG
2022-04-08,882.252197265625,884.3176193398275,863.9332709217196,867.870523699356,685620,NESTLEIND.NS,Nestlé India,FMCG
2022-04-11,880.987548828125,885.4770358642144,870.787029006751,880.5883432416704,753380,NESTLEIND.NS,Nestlé India,FMCG
2022-04-12,880.5789184570312,884.4611934325608,871.2413581609508,873.7658086456478,1098000,NESTLEIND.NS,Nestlé India,FMCG
2022-04-13,878.8861694335938,886.8515459353591,872.5559599058681,883.3134991375842,546600,NESTLEIND.NS,Nestlé India,FMCG
2022-04-18,887.4492797851562,893.4017621036738,874.9466156538181,874.9466156538181,1075460,NESTLEIND.NS,Nestlé India,FMCG
2022-04-19,858.1456909179688,895.2663825357689,852.5828427985351,886.4452230999312,1318840,NESTLEIND.NS,Nestlé India,FMCG
2022-04-20,875.1951904296875,880.6337243899372,860.1226703528893,870.112848227244,1763540,NESTLEIND.NS,Nestlé India,FMCG
2022-04-21,874.6066284179688,892.1415685584378,852.8915188315361,867.3057748829455,3706820,NESTLEIND.NS,Nestlé India,FMCG
2022-04-22,873.8762817382812,876.840776144882,856.7881509835184,866.7820584684491,2174140,NESTLEIND.NS,Nestlé India,FMCG
2022-04-25,873.249267578125,881.67201210259,857.6530609990857,860.0506276096108,1690140,NESTLEIND.NS,Nestlé India,FMCG
2022-04-26,884.8311767578125,891.0029258615085,874.4649467970094,879.269699251938,1411860,NESTLEIND.NS,Nestlé India,FMCG
2022-04-27,875.570068359375,887.2311533670901,872.0625755863937,872.1586471753395,1348600,NESTLEIND.NS,Nestlé India,FMCG
2022-04-28,885.4053955078125,890.551266723013,873.2661811456205,876.3147825637806,1579160,NESTLEIND.NS,Nestlé India,FMCG
2022-04-29,880.7254028320312,896.8357491370439,877.6263028370897,884.5547758078585,1267960,NESTLEIND.NS,Nestlé India,FMCG
2022-05-02,886.0227661132812,887.918215067568,874.945384003269,877.7801995587829,831940,NESTLEIND.NS,Nestlé India,FMCG
2022-05-04,869.0715942382812,887.5386291696661,863.4451894223706,878.3615640242868,1217140,NESTLEIND.NS,Nestlé India,FMCG
2022-05-05,845.8165893554688,883.0365869041017,841.1199322166383,879.7573668954598,1266260,NESTLEIND.NS,Nestlé India,FMCG
2022-05-06,816.5892944335938,845.6219749636848,815.6067014753561,840.822032116657,1799940,NESTLEIND.NS,Nestlé India,FMCG
2022-05-09,792.9931640625,819.4649327723987,790.3817530356432,816.4931653231852,2302940,NESTLEIND.NS,Nestlé India,FMCG
2022-05-10,793.7738647460938,801.432611065907,788.027341632475,799.5107103199456,1343540,NESTLEIND.NS,Nestlé India,FMCG
2022-05-11,793.3798217773438,799.4674633477349,780.0466356962603,793.7738442650826,1235740,NESTLEIND.NS,Nestlé India,FMCG
2022-05-12,779.330810546875,792.0393567156189,774.8504025597681,792.0393567156189,1435520,NESTLEIND.NS,Nestlé India,FMCG
2022-05-13,788.12109375,795.7774356063295,783.410008580618,792.3036092749903,1108780,NESTLEIND.NS,Nestlé India,FMCG
2022-05-16,779.2755737304688,793.7450806014715,775.2203322870755,792.880201726068,1049660,NESTLEIND.NS,Nestlé India,FMCG
2022-05-17,784.2988891601562,787.4988704865171,776.6713451888485,787.4988704865171,1726100,NESTLEIND.NS,Nestlé India,FMCG
2022-05-18,785.2694091796875,788.8609494245615,778.9463393800773,784.2988399305298,1920180,NESTLEIND.NS,Nestlé India,FMCG
2022-05-19,773.288818359375,780.5295537804458,768.7603161612844,776.928394520498,1410040,NESTLEIND.NS,Nestlé India,FMCG
2022-05-20,810.17724609375,814.8859264407258,780.7745924969026,784.1835499111041,3049540,NESTLEIND.NS,Nestlé India,FMCG
2022-05-23,816.5340576171875,834.5854864599812,812.5460896903813,819.6883493944566,2063460,NESTLEIND.NS,Nestlé India,FMCG
2022-05-24,825.7974853515625,830.179416686902,809.7496611151732,823.9669053980446,1848200,NESTLEIND.NS,Nestlé India,FMCG
2022-05-25,830.4412841796875,844.9636346764753,826.5830544313416,830.2611059882838,1630020,NESTLEIND.NS,Nestlé India,FMCG
2022-05-26,848.1588745117188,851.8825574333819,832.2527518803025,837.708538570277,2111620,NESTLEIND.NS,Nestlé India,FMCG
2022-05-27,847.6087646484375,856.5407829456847,840.2166483821592,852.8435517772906,850540,NESTLEIND.NS,Nestlé India,FMCG
2022-05-30,850.7726440429688,864.225950280358,847.3108411775886,850.4411442921067,1041160,NESTLEIND.NS,Nestlé India,FMCG
2022-05-31,850.0327758789062,872.427719600644,838.7655963986232,850.6838104396946,7190740,NESTLEIND.NS,Nestlé India,FMCG
2022-06-01,828.413818359375,857.5738331156242,825.4612885652,844.6754891117266,1164940,NESTLEIND.NS,Nestlé India,FMCG
2022-06-02,835.7289428710938,839.695267932174,817.7711825472296,828.3392320626548,1377980,NESTLEIND.NS,Nestlé India,FMCG
2022-06-03,825.0239868164062,844.0676268136549,822.8426692053382,843.8586505923047,1053720,NESTLEIND.NS,Nestlé India,FMCG
2022-06-06,816.658935546875,828.1855905567803,814.5545102935744,825.0240259287448,720020,NESTLEIND.NS,Nestlé India,FMCG
2022-06-07,804.64697265625,816.7861854432512,798.0692954181992,809.6031047699972,1015240,NESTLEIND.NS,Nestlé India,FMCG
2022-06-08,803.5347900390625,805.2765128069175,790.2160302879155,799.0543818279752,1632720,NESTLEIND.NS,Nestlé India,FMCG
2022-06-09,805.6680297851562,808.3971548480133,792.0658067735623,801.4422877523455,574960,NESTLEIND.NS,Nestlé India,FMCG
2022-06-10,805.992431640625,810.6818748263535,794.5523463063137,800.5198114423764,896200,NESTLEIND.NS,Nestlé India,FMCG
2022-06-13,809.8145141601562,815.356812127593,794.7059969950384,801.91312514191,2369280,NESTLEIND.NS,Nestlé India,FMCG
2022-06-14,810.6314086914062,821.6126609243322,805.2765027539069,809.9131005532184,1321620,NESTLEIND.NS,Nestlé India,FMCG
2022-06-15,807.3088989257812,819.9309927992733,800.4717456803922,819.9309927992733,1295060,NESTLEIND.NS,Nestlé India,FMCG
2022-06-16,810.75390625,814.357470436854,798.3071814721839,814.357470436854,1615080,NESTLEIND.NS,Nestlé India,FMCG
2022-06-17,799.6260375976562,809.8385402615111,789.6609866986018,809.5046358061879,2912380,NESTLEIND.NS,Nestlé India,FMCG
2022-06-20,815.22705078125,817.9105446332645,794.5882598581672,802.3935770686721,978040,NESTLEIND.NS,Nestlé India,FMCG
2022-06-21,815.4529418945312,826.4173603689311,810.0812032453592,815.8469057595611,1112620,NESTLEIND.NS,Nestlé India,FMCG
2022-06-22,806.00439453125,814.4054967023847,796.8946031420096,814.4054967023847,1047280,NESTLEIND.NS,Nestlé India,FMCG
2022-06-23,815.669189453125,818.9676473055254,802.3936561375452,808.1593590558989,633500,NESTLEIND.NS,Nestlé India,FMCG
2022-06-24,827.9381103515625,828.8197636214021,813.0625574934558,814.4079115849659,607600,NESTLEIND.NS,Nestlé India,FMCG
2022-06-27,834.0209350585938,836.3728708133062,825.5862248120799,833.6245664343955,1276840,NESTLEIND.NS,Nestlé India,FMCG
2022-06-28,836.2142333984375,840.8243788276015,819.2582449631611,831.2220890738238,1044480,NESTLEIND.NS,Nestlé India,FMCG
2022-06-29,840.7860107421875,842.0328298717662,828.9302611319335,833.6245134536459,1939440,NESTLEIND.NS,Nestlé India,FMCG
2022-06-30,839.3903198242188,844.137417968723,828.0607337600029,840.7861145984618,2056840,NESTLEIND.NS,Nestlé India,FMCG
2022-07-01,855.0081176757812,856.658519671382,832.7140541999719,836.026940454619,770940,NESTLEIND.NS,Nestlé India,FMCG
2022-07-04,864.593505859375,865.9820862672758,850.6573199188934,855.2458816773607,974580,NESTLEIND.NS,Nestlé India,FMCG
2022-07-05,864.1346435546875,871.733330657789,860.0506043719158,864.5934762541191,828760,NESTLEIND.NS,Nestlé India,FMCG
2022-07-06,883.5289306640625,885.4388076520471,855.3058250882801,864.1345559560547,1567820,NESTLEIND.NS,Nestlé India,FMCG
2022-07-07,874.7027587890625,891.281559084574,873.1964642383069,883.5939553404484,1037580,NESTLEIND.NS,Nestlé India,FMCG
2022-07-08,884.9945068359375,886.4767540762231,875.5218959310005,879.2696259943026,1176500,NESTLEIND.NS,Nestlé India,FMCG
2022-07-11,888.369873046875,890.0803930752128,881.2876726140884,884.0744525011561,787640,NESTLEIND.NS,Nestlé India,FMCG
2022-07-12,870.8684692382812,887.4376486172697,869.7105076435281,884.8791417699657,523780,NESTLEIND.NS,Nestlé India,FMCG
2022-07-13,876.8504028320312,880.4659904254213,871.1015335134924,871.1015335134924,455020,NESTLEIND.NS,Nestlé India,FMCG
2022-07-14,882.31103515625,886.0419322588523,871.2313071381194,876.8480342786079,1045880,NESTLEIND.NS,Nestlé India,FMCG
2022-07-15,901.924072265625,905.0399470336473,882.9356821593158,884.0744060863021,990020,NESTLEIND.NS,Nestlé India,FMCG
2022-07-18,894.9043579101562,911.5575872319137,891.4040794204609,905.1528735001782,879540,NESTLEIND.NS,Nestlé India,FMCG
2022-07-19,883.0029296875,896.0141771656783,875.7357421887455,893.6790747001573,874560,NESTLEIND.NS,Nestlé India,FMCG
2022-07-20,894.5054931640625,896.5667506036275,876.8672668015114,891.2815232420842,1093260,NESTLEIND.NS,Nestlé India,FMCG
2022-07-21,905.212890625,907.6152666742227,893.3835933046977,893.6838903108505,1013120,NESTLEIND.NS,Nestlé India,FMCG
2022-07-22,912.3718872070312,916.9388059432679,905.0014146842138,908.4704312587139,1264000,NESTLEIND.NS,Nestlé India,FMCG
2022-07-25,901.2537841796875,913.38337856794,899.0675985030532,912.3719876303459,719180,NESTLEIND.NS,Nestlé India,FMCG
2022-07-26,889.3356323242188,902.3325111775507,876.8793467739147,902.3325111775507,2789420,NESTLEIND.NS,Nestlé India,FMCG
2022-07-27,890.8922729492188,896.9991525559625,881.671982117412,890.9932126232826,899460,NESTLEIND.NS,Nestlé India,FMCG
2022-07-28,918.303466796875,929.4793252524545,886.9572677260435,892.4827328283454,2609140,NESTLEIND.NS,Nestlé India,FMCG
2022-07-29,930.1567993164062,933.2294477317413,912.9533582622718,918.3034545276385,2276500,NESTLEIND.NS,Nestlé India,FMCG
2022-08-01,925.1646728515625,936.9266970798524,917.9479255236195,934.1399172893719,1171340,NESTLEIND.NS,Nestlé India,FMCG
2022-08-02,934.9471435546875,936.9747349502878,927.3268134397503,931.0168303637538,1124380,NESTLEIND.NS,Nestlé India,FMCG
2022-08-03,930.4834594726562,939.1488462046973,915.3052641913147,929.2414498381037,1026500,NESTLEIND.NS,Nestlé India,FMCG
2022-08-04,953.7433471679688,957.2892567695051,931.934569082929,932.0739256704748,1765600,NESTLEIND.NS,Nestlé India,FMCG
2022-08-05,957.1787109375,961.9113800731424,947.9319677743258,953.2628262063508,1251200,NESTLEIND.NS,Nestlé India,FMCG
2022-08-08,944.2755737304688,960.3402322994593,939.3290601990833,956.3859306016753,1149180,NESTLEIND.NS,Nestlé India,FMCG
2022-08-10,949.8755493164062,968.1576565648508,937.1670020494995,953.7722553194096,1444140,NESTLEIND.NS,Nestlé India,FMCG
2022-08-11,945.5559692382812,960.1047725771107,941.1356207962717,951.3409094969161,1009220,NESTLEIND.NS,Nestlé India,FMCG
2022-08-12,939.0046997070312,949.248464120684,932.7801644205349,946.5361721517343,978060,NESTLEIND.NS,Nestlé India,FMCG
2022-08-16,945.7169799804688,953.9642971240047,936.100261559208,939.3290409124182,1321660,NESTLEIND.NS,Nestlé India,FMCG
2022-08-17,948.2322387695312,953.4525971432121,945.0563047249,945.6712684076634,792000,NESTLEIND.NS,Nestlé India,FMCG
2022-08-18,939.6965942382812,948.10971975111,935.9656972416096,947.4971021357568,978420,NESTLEIND.NS,Nestlé India,FMCG
2022-08-19,934.0869750976562,945.089868436272,929.7194721393998,941.731351624405,733960,NESTLEIND.NS,Nestlé India,FMCG
2022-08-22,934.6300048828125,943.1728684760482,929.7195621503582,932.1699740721853,795880,NESTLEIND.NS,Nestlé India,FMCG
2022-08-23,942.9638061523438,946.0052517809988,924.9700329261966,927.3171590286249,857620,NESTLEIND.NS,Nestlé India,FMCG
2022-08-24,945.1451416015625,947.3505063066794,930.5867784992508,942.6370751799191,675360,NESTLEIND.NS,Nestlé India,FMCG
2022-08-25,938.2072143554688,950.6683093530124,935.1994346254313,945.1428440278033,518180,NESTLEIND.NS,Nestlé India,FMCG
2022-08-26,938.2769165039062,944.9050351493049,933.4673544803329,938.8486539079427,559780,NESTLEIND.NS,Nestlé India,FMCG
2022-08-29,943.9583129882812,949.37087265991,926.6011479743229,932.1218028257226,969240,NESTLEIND.NS,Nestlé India,FMCG
2022-08-30,957.3876342773438,960.7101389728863,944.6142201653886,944.6142201653886,2195020,NESTLEIND.NS,Nestlé India,FMCG
2022-09-01,948.119384765625,963.3528307324738,940.5110196581637,946.5361977770441,1581240,NESTLEIND.NS,Nestlé India,FMCG
2022-09-02,939.8960571289062,953.6472558054612,938.3681200973951,949.0490750294293,624820,NESTLEIND.NS,Nestlé India,FMCG
2022-09-05,925.380859375,940.8978279540877,923.8096959975687,936.9266931625489,994480,NESTLEIND.NS,Nestlé India,FMCG
2022-09-06,914.9161376953125,927.7016357050854,910.2627654002652,925.42893850622,1187400,NESTLEIND.NS,Nestlé India,FMCG
2022-09-07,921.517822265625,927.6558459983939,913.6235889560653,914.9160390857838,1114720,NESTLEIND.NS,Nestlé India,FMCG
2022-09-08,918.8487548828125,926.2120138162943,913.1431119183137,922.5604140493665,1092940,NESTLEIND.NS,Nestlé India,FMCG
2022-09-09,915.3653564453125,930.6805041320492,912.4608626164411,930.6805041320492,968680,NESTLEIND.NS,Nestlé India,FMCG
2022-09-12,911.375,920.5881359963405,907.6225189524588,915.3798009254156,871200,NESTLEIND.NS,Nestlé India,FMCG
2022-09-13,915.961181640625,925.7076383642992,911.4615356834904,911.485582906338,1022920,NESTLEIND.NS,Nestlé India,FMCG
2022-09-14,918.1280517578125,924.1628484486707,906.7023373761374,906.704742098218,1232020,NESTLEIND.NS,Nestlé India,FMCG
2022-09-15,913.3353271484375,925.2534817404278,911.8338421357164,922.2241184237463,669100,NESTLEIND.NS,Nestlé India,FMCG
2022-09-16,884.2762451171875,913.3353776829358,881.2180249662077,913.3305682384884,2323260,NESTLEIND.NS,Nestlé India,FMCG
2022-09-19,901.6238403320312,905.2153811356427,877.6985538757561,888.6990442319602,1072620,NESTLEIND.NS,Nestlé India,FMCG
2022-09-20,894.48388671875,909.0590832194592,892.487498175744,903.7738559914391,1676000,NESTLEIND.NS,Nestlé India,FMCG
2022-09-21,896.08154296875,907.5889018889033,893.2539413951326,894.4527248127465,925980,NESTLEIND.NS,Nestlé India,FMCG
2022-09-22,895.5241088867188,904.9750775862323,892.749411410431,896.0814765648528,1558620,NESTLEIND.NS,Nestlé India,FMCG
2022-09-23,888.68212890625,896.384160613401,886.4791688328359,893.2514528540507,716840,NESTLEIND.NS,Nestlé India,FMCG
2022-09-26,886.6353149414062,907.6128794296687,883.9566890556451,888.677334622568,2261700,NESTLEIND.NS,Nestlé India,FMCG
2022-09-27,897.174560546875,903.0531677718661,891.0748948394986,891.1878581287195,1386280,NESTLEIND.NS,Nestlé India,FMCG
2022-09-28,905.260986328125,911.8939728457909,890.1139926049572,896.3265632861849,2110340,NESTLEIND.NS,Nestlé India,FMCG
2022-09-29,911.9011840820312,919.1491343103684,902.8730355519973,909.7894860175119,1743900,NESTLEIND.NS,Nestlé India,FMCG
2022-09-30,919.8602294921875,922.2722245849438,907.8099315692652,910.5005811870116,1619460,NESTLEIND.NS,Nestlé India,FMCG
2022-10-03,912.5473022460938,919.8192988448078,901.8519199629172,918.5484325994178,1040920,NESTLEIND.NS,Nestlé India,FMCG
2022-10-04,925.0037231445312,929.7195593197083,915.3629572669334,924.914807075162,745780,NESTLEIND.NS,Nestlé India,FMCG
2022-10-06,927.3243408203125,938.1350327113586,924.3021330742089,929.3399084572254,1340720,NESTLEIND.NS,Nestlé India,FMCG
2022-10-07,928.326171875,931.160987437075,920.955698335014,926.125616455856,792260,NESTLEIND.NS,Nestlé India,FMCG
2022-10-10,918.6229858398438,922.7526562625501,913.1407471794151,917.7076664730386,692380,NESTLEIND.NS,Nestlé India,FMCG
2022-10-11,886.474365234375,923.2162907777764,884.566892710945,922.7526486186929,1098520,NESTLEIND.NS,Nestlé India,FMCG
2022-10-12,899.7091674804688,901.7007468292971,886.4744552504127,890.8011373385186,774960,NESTLEIND.NS,Nestlé India,FMCG
2022-10-13,901.546875,909.1384068821122,893.924140381657,902.8129318877365,605540,NESTLEIND.NS,Nestlé India,FMCG
2022-10-14,909.443603515625,913.5636554453303,905.6958729942529,910.9258509370798,441300,NESTLEIND.NS,Nestlé India,FMCG
2022-10-17,909.0663452148438,915.7857842377896,902.9186435601664,905.6958044534277,348500,NESTLEIND.NS,Nestlé India,FMCG
2022-10-18,931.5381469726562,933.5177024929128,912.4224243094314,913.863849940252,1070220,NESTLEIND.NS,Nestlé India,FMCG
2022-10-19,948.4148559570312,953.6472381301428,925.1309869611373,931.5381638896873,2609600,NESTLEIND.NS,Nestlé India,FMCG
2022-10-20,963.8861694335938,967.8548995783057,946.536215685808,947.4491303652991,2257080,NESTLEIND.NS,Nestlé India,FMCG
2022-10-21,975.1220703125,977.7670887881916,960.1096241626555,963.8861524157833,1143860,NESTLEIND.NS,Nestlé India,FMCG
2022-10-24,1002.994384765625,1011.4003551872305,977.7694939412202,978.0073268330679,903960,NESTLEIND.NS,Nestlé India,FMCG
2022-10-25,974.5191040039062,1011.3426750831647,971.3767771402092,999.3885073205234,1427060,NESTLEIND.NS,Nestlé India,FMCG
2022-10-27,967.3527221679688,983.7729858193319,956.6261366379925,983.460665204593,2029480,NESTLEIND.NS,Nestlé India,FMCG
2022-10-28,974.521484375,978.821714239783,963.3600541222901,967.3527728004468,1298600,NESTLEIND.NS,Nestlé India,FMCG
2022-10-31,984.2340087890625,989.3863744797667,973.9196602719735,980.3214275895097,1591100,NESTLEIND.NS,Nestlé India,FMCG
2022-11-01,995.18408203125,1002.187599188559,984.5530755151628,985.9813087363974,794120,NESTLEIND.NS,Nestlé India,FMCG
2022-11-02,985.3917236328125,1000.5031956461877,977.4287933323665,995.1865119978263,866340,NESTLEIND.NS,Nestlé India,FMCG
2022-11-03,987.1364135742188,989.6280186678653,973.9220564532405,977.4431670472194,706560,NESTLEIND.NS,Nestlé India,FMCG
2022-11-04,987.2259521484375,992.5281213293533,981.396905496781,987.1365068801684,377460,NESTLEIND.NS,Nestlé India,FMCG
2022-11-07,989.8817749023438,1001.4697747329446,984.5627317019593,988.4922462572526,1354440,NESTLEIND.NS,Nestlé India,FMCG
2022-11-09,982.1314697265625,1007.3833528440957,976.5779576274557,996.4163966156596,1044900,NESTLEIND.NS,Nestlé India,FMCG
2022-11-10,975.1425170898438,986.003036374415,968.8422311680712,981.1503358837568,779820,NESTLEIND.NS,Nestlé India,FMCG
2022-11-11,982.2572021484375,990.8363953274926,976.3411885861586,980.0193595394451,716740,NESTLEIND.NS,Nestlé India,FMCG
2022-11-14,969.821044921875,985.6381659617194,961.4835188259178,982.2814314156278,969520,NESTLEIND.NS,Nestlé India,FMCG
2022-11-15,969.3546142578125,975.6572603420111,959.4196408328016,974.5963663468979,786820,NESTLEIND.NS,Nestlé India,FMCG
2022-11-16,971.4014892578125,973.6417508281967,958.21126337751,966.2901882279481,895520,NESTLEIND.NS,Nestlé India,FMCG
2022-11-17,966.2346801757812,973.4218669857155,960.9977659923903,972.9530463446472,555640,NESTLEIND.NS,Nestlé India,FMCG
2022-11-18,963.0493774414062,968.8807831825111,956.0361851347349,966.4278827992429,733720,NESTLEIND.NS,Nestlé India,FMCG
2022-11-21,955.1517944335938,959.8836022105072,950.5069538839921,959.5162630264892,996880,NESTLEIND.NS,Nestlé India,FMCG
2022-11-22,947.98876953125,959.3858427335945,944.9220241546273,955.1518248468501,948440,NESTLEIND.NS,Nestlé India,FMCG
2022-11-23,945.6494140625,957.6313031389826,942.9862344823628,952.1695960688132,1034440,NESTLEIND.NS,Nestlé India,FMCG
2022-11-24,953.883056640625,960.5989445310026,942.5439814281339,948.5446022123324,1193920,NESTLEIND.NS,Nestlé India,FMCG
2022-11-25,943.9215087890625,958.1629526461637,939.6028838804574,957.002937285651,1157160,NESTLEIND.NS,Nestlé India,FMCG
2022-11-28,957.7496948242188,959.1900231141299,940.5695378072703,943.7112140640778,1060000,NESTLEIND.NS,Nestlé India,FMCG
2022-11-29,972.5276489257812,984.7946889324927,953.6195932583107,954.5862628916187,1474460,NESTLEIND.NS,Nestlé India,FMCG
2022-11-30,975.5557861328125,983.0547331815602,958.9556653769185,972.5276863099746,6267780,NESTLEIND.NS,Nestlé India,FMCG
2022-12-01,969.0620727539062,983.5814688627715,963.5279129565195,975.8529502178143,1058520,NESTLEIND.NS,Nestlé India,FMCG
2022-12-02,954.6442260742188,973.3251278603016,951.1666581549289,969.0620818916146,1392340,NESTLEIND.NS,Nestlé India,FMCG
2022-12-05,954.692626953125,959.4196558408436,945.0501205111291,955.0599661509949,1699980,NESTLEIND.NS,Nestlé India,FMCG
2022-12-06,962.3728637695312,966.1863828861358,946.1279862429269,954.151333100043,1362180,NESTLEIND.NS,Nestlé India,FMCG
2022-12-07,962.3607177734375,970.4952807791929,958.3683673299287,962.8029880262164,1139120,NESTLEIND.NS,Nestlé India,FMCG
2022-12-08,957.2615356445312,971.4546577861889,953.6679129697332,961.8362831544778,812480,NESTLEIND.NS,Nestlé India,FMCG
2022-12-09,978.3543090820312,980.9256244329455,959.1393304381663,965.1230180300909,1535100,NESTLEIND.NS,Nestlé India,FMCG
2022-12-12,990.2250366210938,991.8030729231152,973.6780167658945,978.7530324899163,1621200,NESTLEIND.NS,Nestlé India,FMCG
2022-12-13,985.4375,997.4072937781159,982.6196792677805,993.7847606991818,982680,NESTLEIND.NS,Nestlé India,FMCG
2022-12-14,969.7388305664062,988.4511221091835,966.9911027207334,985.2853143529561,1633600,NESTLEIND.NS,Nestlé India,FMCG
2022-12-15,953.9990844726562,973.917294573924,949.0013596899659,969.7388553947616,791080,NESTLEIND.NS,Nestlé India,FMCG
2022-12-16,954.0401611328125,959.9030152425398,945.8911426152346,953.3779947461782,1386420,NESTLEIND.NS,Nestlé India,FMCG
2022-12-19,970.6160278320312,972.4695978721635,957.0004655519422,957.0028845859263,1308960,NESTLEIND.NS,Nestlé India,FMCG
2022-12-20,973.2212524414062,974.7824144425965,959.4703416521618,973.9196452837376,933520,NESTLEIND.NS,Nestlé India,FMCG
2022-12-21,981.8560180664062,983.4896920794075,969.6735264558571,974.6446414822365,1407560,NESTLEIND.NS,Nestlé India,FMCG
2022-12-22,981.4887084960938,987.9363785166689,974.2821697627081,985.7613718124982,753760,NESTLEIND.NS,Nestlé India,FMCG
2022-12-23,973.0859985351562,988.6614525419626,969.3304772464518,976.3364136566925,1488080,NESTLEIND.NS,Nestlé India,FMCG
2022-12-26,961.7154541015625,978.5427274695891,959.9029485340888,975.1255762667448,667640,NESTLEIND.NS,Nestlé India,FMCG
2022-12-27,955.8429565429688,967.5251807286845,954.3446303567563,961.8363202886528,805820,NESTLEIND.NS,Nestlé India,FMCG
2022-12-28,959.1104125976562,961.6382446252567,952.6530655651492,956.5197446744953,706920,NESTLEIND.NS,Nestlé India,FMCG
2022-12-29,957.3896484375,962.6845602243058,948.8128742967581,958.936296282784,797020,NESTLEIND.NS,Nestlé India,FMCG
2022-12-30,947.6262817382812,961.3530030847566,945.4923985262101,958.9145575606134,852880,NESTLEIND.NS,Nestlé India,FMCG
2023-01-02,945.477783203125,952.8945414183072,942.5632602502542,948.1409626242894,503280,NESTLEIND.NS,Nestlé India,FMCG
2023-01-03,953.4891357421875,955.1155527694142,941.3405097388444,947.2879709445158,628300,NESTLEIND.NS,Nestlé India,FMCG
2023-01-04,943.4647216796875,956.9062912176018,942.5028901170192,956.0362649494688,639680,NESTLEIND.NS,Nestlé India,FMCG
2023-01-05,955.8429565429688,961.553588290845,943.4454062425989,944.4362662532802,1027860,NESTLEIND.NS,Nestlé India,FMCG
2023-01-06,961.1233520507812,963.1146890814183,955.8695050961093,957.0029110502599,787720,NESTLEIND.NS,Nestlé India,FMCG
2023-01-09,970.8118286132812,974.6108923568294,961.6671712481622,963.5255795381804,722880,NESTLEIND.NS,Nestlé India,FMCG
2023-01-10,967.8272094726562,975.804652815381,964.4970255751832,969.7170650866377,633360,NESTLEIND.NS,Nestlé India,FMCG
2023-01-11,954.9874267578125,970.7731586744202,953.0106038423088,970.0529945046951,650200,NESTLEIND.NS,Nestlé India,FMCG
2023-01-12,960.5433349609375,964.2529532561277,954.1029221692212,954.9874036379235,661240,NESTLEIND.NS,Nestlé India,FMCG
2023-01-13,956.24658203125,964.2529952478322,953.3803805010485,964.2529952478322,695420,NESTLEIND.NS,Nestlé India,FMCG
2023-01-16,953.8903198242188,958.9363071523419,952.2179411841219,958.9363071523419,485300,NESTLEIND.NS,Nestlé India,FMCG
2023-01-17,964.0475463867188,965.0359873558451,952.7834611972128,953.9047720441206,803740,NESTLEIND.NS,Nestlé India,FMCG
2023-01-18,958.131591796875,968.6948657328348,955.7149174944057,964.2506276509621,727980,NESTLEIND.NS,Nestlé India,FMCG
2023-01-19,951.256103515625,961.5946425912144,947.8993690875545,958.1315296600977,619980,NESTLEIND.NS,Nestlé India,FMCG
2023-01-20,928.0051879882812,950.6156029462326,925.5788379751536,950.241006695057,1440440,NESTLEIND.NS,Nestlé India,FMCG
2023-01-23,936.079345703125,939.6028753660137,925.6369065206846,930.4195139298232,758000,NESTLEIND.NS,Nestlé India,FMCG
2023-01-24,932.38671875,939.3129448042199,925.528225654672,937.6695945393961,754240,NESTLEIND.NS,Nestlé India,FMCG
2023-01-25,929.7186889648438,935.2770392295585,925.5861527763975,935.2045272085481,823200,NESTLEIND.NS,Nestlé India,FMCG
2023-01-27,928.7931518554688,937.3796023854751,919.5952756715299,930.9053227504925,895540,NESTLEIND.NS,Nestlé India,FMCG
2023-01-30,926.3546752929688,928.6626108814303,917.2728540560357,928.2928526603783,996600,NESTLEIND.NS,Nestlé India,FMCG
2023-01-31,919.194091796875,928.0028571169987,914.904495256816,928.0028571169987,2350000,NESTLEIND.NS,Nestlé India,FMCG
2023-02-01,922.6788940429688,926.89355942074,914.2398871511051,923.1694859546097,1376100,NESTLEIND.NS,Nestlé India,FMCG
2023-02-02,916.1419067382812,924.5712976704707,911.1104331511823,924.5712976704707,1418440,NESTLEIND.NS,Nestlé India,FMCG
2023-02-03,918.5440063476562,920.9775546550632,907.2242837657286,918.5971660970858,1111560,NESTLEIND.NS,Nestlé India,FMCG
2023-02-06,919.3753051757812,921.2361323628119,906.4606134300338,918.3361235515963,1382680,NESTLEIND.NS,Nestlé India,FMCG
2023-02-07,917.27294921875,923.1647730235914,912.5362438442229,919.4962778432026,797460,NESTLEIND.NS,Nestlé India,FMCG
2023-02-08,918.0896606445312,921.4705853803107,913.0267401604036,915.9194920035973,465340,NESTLEIND.NS,Nestlé India,FMCG
2023-02-09,918.3507690429688,922.4132127936448,915.960645065569,918.2879331497096,694680,NESTLEIND.NS,Nestlé India,FMCG
2023-02-10,919.4889526367188,921.7267953018713,912.2969278706005,918.8195291644727,527660,NESTLEIND.NS,Nestlé India,FMCG
2023-02-13,919.6315307617188,927.9545422877505,915.9170743113136,922.927848307746,649780,NESTLEIND.NS,Nestlé India,FMCG
2023-02-14,922.343017578125,930.9028583140276,919.6653238094581,923.8848273252343,771780,NESTLEIND.NS,Nestlé India,FMCG
2023-02-15,930.9487915039062,932.7782303680215,914.955258391632,921.9611944396736,639960,NESTLEIND.NS,Nestlé India,FMCG
2023-02-16,948.7306518554688,956.9956652941806,925.1028249832058,939.1195344526483,3480140,NESTLEIND.NS,Nestlé India,FMCG
2023-02-17,919.36572265625,946.1303900351373,909.7352521480269,946.1303900351373,3768700,NESTLEIND.NS,Nestlé India,FMCG
2023-02-20,909.7835693359375,925.3445078202158,907.7027869868714,919.7861574206689,1306220,NESTLEIND.NS,Nestlé India,FMCG
2023-02-21,911.0232543945312,915.1364382277361,906.7360771149007,912.5892544131921,899080,NESTLEIND.NS,Nestlé India,FMCG
2023-02-22,902.586669921875,912.6714457535248,900.5083066919059,912.6714457535248,841600,NESTLEIND.NS,Nestlé India,FMCG
2023-02-23,901.3228759765625,909.8368148668598,896.6344924057202,901.9004351773852,985360,NESTLEIND.NS,Nestlé India,FMCG
2023-02-24,902.9129638671875,911.037850840176,899.7278037948839,905.8299061440166,777500,NESTLEIND.NS,Nestlé India,FMCG
2023-02-27,900.1023559570312,910.8444604387707,893.7827178395053,903.8361056091809,1032500,NESTLEIND.NS,Nestlé India,FMCG
2023-02-28,902.3861694335938,905.044511121802,892.2433946360487,900.4625061611696,2183640,NESTLEIND.NS,Nestlé India,FMCG
2023-03-01,907.647216796875,909.6554871421869,897.801688834229,903.8361170059038,1278520,NESTLEIND.NS,Nestlé India,FMCG
2023-03-02,893.2874145507812,908.6695226300754,892.0814964539201,908.6671035957797,781400,NESTLEIND.NS,Nestlé India,FMCG
2023-03-03,891.7479858398438,899.7109159225452,889.6020073644985,896.5378508613975,920360,NESTLEIND.NS,Nestlé India,FMCG
2023-03-06,894.88720703125,896.7819008610217,890.5444505357391,895.2327749246568,1058980,NESTLEIND.NS,Nestlé India,FMCG
2023-03-08,895.051513671875,897.7364646600107,889.2176881317628,889.5777702263986,914920,NESTLEIND.NS,Nestlé India,FMCG
2023-03-09,895.8948364257812,897.9877138169336,890.7860136804474,894.1693571941549,1132300,NESTLEIND.NS,Nestlé India,FMCG
2023-03-10,893.4806518554688,895.619432059614,887.1634916436717,895.619432059614,472680,NESTLEIND.NS,Nestlé India,FMCG
2023-03-13,885.3461303710938,894.1645717309448,882.5717932467024,890.783647052305,729520,NESTLEIND.NS,Nestlé India,FMCG
2023-03-14,882.794189453125,891.0278153218859,880.2978050192396,886.9194690076814,877580,NESTLEIND.NS,Nestlé India,FMCG
2023-03-15,869.6812133789062,887.9391974569363,864.2026322387992,884.5026940699119,1559160,NESTLEIND.NS,Nestlé India,FMCG
2023-03-16,891.7841796875,894.1694654739086,868.4439800849683,869.5193883176008,1660860,NESTLEIND.NS,Nestlé India,FMCG
2023-03-17,911.4801025390625,912.2945501002163,892.9587366266679,894.1163330588497,2668600,NESTLEIND.NS,Nestlé India,FMCG
2023-03-20,915.3322143554688,917.8527888271972,901.5208869903907,913.5027756100067,1512900,NESTLEIND.NS,Nestlé India,FMCG
2023-03-21,914.8271484375,930.854547693188,909.6385561911491,917.852829150448,1955240,NESTLEIND.NS,Nestlé India,FMCG
2023-03-22,909.6216430664062,918.771197431211,903.7733033772072,918.771197431211,564960,NESTLEIND.NS,Nestlé India,FMCG
2023-03-23,920.484619140625,926.5480761182628,904.3267680281112,909.621680108059,1133700,NESTLEIND.NS,Nestlé India,FMCG
2023-03-24,916.0693969726562,923.1695575530163,912.922882399359,918.5802955418634,525980,NESTLEIND.NS,Nestlé India,FMCG
2023-03-27,913.0677490234375,924.5131429242518,909.3968354172636,918.3361100867326,717080,NESTLEIND.NS,Nestlé India,FMCG
2023-03-28,915.7261352539062,919.3004056765502,911.0861327968579,913.5028068891573,709620,NESTLEIND.NS,Nestlé India,FMCG
2023-03-29,920.8953857421875,924.3777916857299,912.352419674904,914.9527632214832,972120,NESTLEIND.NS,Nestlé India,FMCG
2023-03-31,952.3871459960938,954.6781484997001,925.8279191869669,925.8279191869669,2968880,NESTLEIND.NS,Nestlé India,FMCG
2023-04-03,952.4329833984375,956.5195578436203,936.995239389292,956.2295687672292,1274800,NESTLEIND.NS,Nestlé India,FMCG
2023-04-05,958.0686645507812,960.5313002708158,947.3845579184538,950.1879234423456,943020,NESTLEIND.NS,Nestlé India,FMCG
2023-04-06,952.568359375,958.9363194718264,947.5779507684051,956.7613126988309,819560,NESTLEIND.NS,Nestlé India,FMCG
2023-04-10,943.9625854492188,952.964696527533,942.5512265257685,952.1696013035701,448280,NESTLEIND.NS,Nestlé India,FMCG
2023-04-11,950.94189453125,951.9279164323449,941.2945505214478,949.6562664062586,882520,NESTLEIND.NS,Nestlé India,FMCG
2023-04-12,939.6174926757812,951.9280175390477,935.9755479442458,951.9280175390477,1137640,NESTLEIND.NS,Nestlé India,FMCG
2023-04-13,940.8282470703125,951.2030134174588,938.4550563651796,942.5029858557137,923020,NESTLEIND.NS,Nestlé India,FMCG
2023-04-17,978.4822387695312,986.4862910881747,942.606726338428,946.8528389229467,3887020,NESTLEIND.NS,Nestlé India,FMCG
2023-04-18,998.6300659179688,1000.5029881784478,976.3362493335577,976.3362493335577,2797200,NESTLEIND.NS,Nestlé India,FMCG
2023-04-19,996.5736694335938,998.7461981921329,985.423101564485,998.5625875925844,1797480,NESTLEIND.NS,Nestlé India,FMCG
2023-04-20,989.5362548828125,1001.5036299423418,985.0363793144157,995.4280781148377,1044260,NESTLEIND.NS,Nestlé India,FMCG
2023-04-21,995.6446533203125,1000.0236819706091,990.3280322391628,994.4909853254557,886100,NESTLEIND.NS,Nestlé India,FMCG
2023-04-24,1004.9929809570312,1005.9499040016708,990.9911178870761,995.8438052168084,1157360,NESTLEIND.NS,Nestlé India,FMCG
2023-04-25,1003.8223876953125,1016.6172165227966,986.471234093737,1005.9499375768117,3369280,NESTLEIND.NS,Nestlé India,FMCG
2023-04-26,1021.3604125976562,1024.408477205859,994.4617345891692,1000.6064867333378,2497880,NESTLEIND.NS,Nestlé India,FMCG
2023-04-27,1027.240478515625,1029.7980445464523,1020.0876899788858,1023.3034444299622,2044640,NESTLEIND.NS,Nestlé India,FMCG
2023-04-28,1057.0706787109375,1061.3550703893952,1026.4001646833574,1028.9236947446936,3330320,NESTLEIND.NS,Nestlé India,FMCG
2023-05-02,1056.3154296875,1073.4698376209797,1052.752436034175,1058.94581176814,1783400,NESTLEIND.NS,Nestlé India,FMCG
2023-05-03,1062.6231689453125,1066.0306883153178,1048.181681326094,1056.274317468849,1140260,NESTLEIND.NS,Nestlé India,FMCG
2023-05-04,1053.7845458984375,1068.4155405456688,1051.0691332891124,1062.7758739239955,1270680,NESTLEIND.NS,Nestlé India,FMCG
2023-05-05,1069.6251220703125,1072.483794578008,1056.5121108062224,1058.9433758997823,1101520,NESTLEIND.NS,Nestlé India,FMCG
2023-05-08,1067.84716796875,1083.2334788816813,1057.022162197086,1071.0896058000483,1513120,NESTLEIND.NS,Nestlé India,FMCG
2023-05-09,1067.269287109375,1075.7020458565323,1061.2143085087644,1068.6609704021294,865740,NESTLEIND.NS,Nestlé India,FMCG
2023-05-10,1071.0897216796875,1074.970899192776,1067.1793704058443,1067.2692635385763,1208820,NESTLEIND.NS,Nestlé India,FMCG
2023-05-11,1069.6226806640625,1080.0761367277541,1066.2467074631786,1073.4698219377012,1378740,NESTLEIND.NS,Nestlé India,FMCG
2023-05-12,1058.66162109375,1072.0319783746727,1056.0312391199438,1069.5837545032905,1339220,NESTLEIND.NS,Nestlé India,FMCG
2023-05-15,1058.294677734375,1069.6273769654863,1056.5775769373129,1059.9171417170123,1451400,NESTLEIND.NS,Nestlé India,FMCG
2023-05-16,1057.993896484375,1068.1266799214327,1055.0599171506421,1062.5891200584852,1545140,NESTLEIND.NS,Nestlé India,FMCG
2023-05-17,1055.6669921875,1063.3807242132505,1049.230738812838,1057.9937774766154,1335760,NESTLEIND.NS,Nestlé India,FMCG
2023-05-18,1053.0972900390625,1066.2321229568047,1051.6691989379442,1061.374573421694,1023500,NESTLEIND.NS,Nestlé India,FMCG
2023-05-19,1053.609619140625,1058.9456889327616,1044.6694045089992,1058.9456889327616,1464400,NESTLEIND.NS,Nestlé India,FMCG
2023-05-22,1044.12060546875,1054.0396842159269,1040.5891572749022,1054.0396842159269,1021900,NESTLEIND.NS,Nestlé India,FMCG
2023-05-23,1039.6953125,1049.7163795506672,1037.67449613854,1041.9443008496905,1109180,NESTLEIND.NS,Nestlé India,FMCG
2023-05-24,1038.5732421875,1044.2760004762376,1033.4436415257605,1039.695364568352,887280,NESTLEIND.NS,Nestlé India,FMCG
2023-05-25,1043.1539306640625,1050.7851222305217,1035.1851061892037,1044.373180376482,1630040,NESTLEIND.NS,Nestlé India,FMCG
2023-05-26,1048.34423828125,1050.6393593199805,1038.058353247808,1043.6421634574697,1263180,NESTLEIND.NS,Nestlé India,FMCG
2023-05-29,1055.5189208984375,1061.3746641577109,1046.9040038807289,1055.300354869176,1068740,NESTLEIND.NS,Nestlé India,FMCG
2023-05-30,1047.9896240234375,1055.4775555718875,1044.9098949391534,1053.1167343280642,939620,NESTLEIND.NS,Nestlé India,FMCG
2023-05-31,1052.7816162109375,1061.7801794540098,1045.1018017918057,1048.2592090479743,8495880,NESTLEIND.NS,Nestlé India,FMCG
2023-06-01,1062.554931640625,1065.0153706264216,1047.909467134337,1058.265796016231,1197320,NESTLEIND.NS,Nestlé India,FMCG
2023-06-02,1070.9171142578125,1073.2754447950695,1059.917185129143,1068.660773274113,1164960,NESTLEIND.NS,Nestlé India,FMCG
2023-06-05,1060.6044921875,1074.9609442149626,1058.4598654541046,1068.614585278283,1630180,NESTLEIND.NS,Nestlé India,FMCG
2023-06-06,1054.3505859375,1065.3359295734012,1050.083152730536,1062.5477008570572,1570460,NESTLEIND.NS,Nestlé India,FMCG
2023-06-07,1086.5244140625,1089.2933119813144,1056.512089014861,1056.512089014861,3136240,NESTLEIND.NS,Nestlé India,FMCG
2023-06-08,1075.8935546875,1096.715432501582,1072.9087001085302,1091.0054409139846,1458580,NESTLEIND.NS,Nestlé India,FMCG
2023-06-09,1072.228759765625,1082.262042618942,1070.6476843073028,1073.562214045056,1418300,NESTLEIND.NS,Nestlé India,FMCG
2023-06-12,1082.7161865234375,1085.6136387633796,1070.0768338372652,1071.0896138851167,1247040,NESTLEIND.NS,Nestlé India,FMCG
2023-06-13,1092.589111328125,1101.5950264803694,1082.861916534638,1085.6136185267046,1666940,NESTLEIND.NS,Nestlé India,FMCG
2023-06-14,1104.0601806640625,1105.141032765632,1092.9485372025038,1094.1629244660621,1447540,NESTLEIND.NS,Nestlé India,FMCG
2023-06-15,1115.5946044921875,1117.2363993198226,1099.3849046785167,1104.060296132192,1475140,NESTLEIND.NS,Nestlé India,FMCG
2023-06-16,1115.7086181640625,1125.7491345087249,1111.2761044758586,1115.594532168556,1470820,NESTLEIND.NS,Nestlé India,FMCG
2023-06-19,1107.271240234375,1124.5227761289207,1105.639051324596,1118.4508388928034,866620,NESTLEIND.NS,Nestlé India,FMCG
2023-06-20,1115.0771484375,1117.2339905020913,1103.635224028095,1107.2711519358484,1377540,NESTLEIND.NS,Nestlé India,FMCG
2023-06-21,1111.970703125,1120.6220268147201,1105.821088458373,1115.103917270064,1292840,NESTLEIND.NS,Nestlé India,FMCG
2023-06-22,1094.5467529296875,1111.929450529277,1092.5940086098865,1107.5212482268767,998060,NESTLEIND.NS,Nestlé India,FMCG
2023-06-23,1094.73876953125,1098.7754219840692,1090.697254784801,1094.5468868216706,870300,NESTLEIND.NS,Nestlé India,FMCG
2023-06-26,1099.3023681640625,1102.6637545234,1093.1915328435734,1093.9225371308637,700300,NESTLEIND.NS,Nestlé India,FMCG
2023-06-27,1099.6156005859375,1110.921498879772,1093.1963066430949,1099.3289624906495,882660,NESTLEIND.NS,Nestlé India,FMCG
2023-06-28,1104.8060302734375,1107.5214435234584,1096.8348331034954,1101.2066282752985,1112480,NESTLEIND.NS,Nestlé India,FMCG
2023-06-30,1112.1016845703125,1114.625214202765,1099.0203397652147,1105.092275344028,737240,NESTLEIND.NS,Nestlé India,FMCG
2023-07-03,1099.38720703125,1114.8075540662583,1096.9803720182106,1114.8075540662583,1105380,NESTLEIND.NS,Nestlé India,FMCG
2023-07-04,1098.974365234375,1109.7071058749336,1094.1872600234183,1104.9953069070766,602980,NESTLEIND.NS,Nestlé India,FMCG
2023-07-05,1112.3739013671875,1114.5160378650373,1096.834606263951,1097.126106652132,777760,NESTLEIND.NS,Nestlé India,FMCG
2023-07-06,1122.0672607421875,1136.2999046169343,1112.6217224530692,1114.0789873154831,1807340,NESTLEIND.NS,Nestlé India,FMCG
2023-07-07,1112.6800537109375,1129.227267519618,1109.9500539841704,1124.767951719188,1129280,NESTLEIND.NS,Nestlé India,FMCG
2023-07-10,1096.8468017578125,1119.2960100429705,1095.3774404332637,1110.8729762999458,727760,NESTLEIND.NS,Nestlé India,FMCG
2023-07-11,1110.061767578125,1115.2861236990193,1095.3919919034036,1098.291934704671,1370520,NESTLEIND.NS,Nestlé India,FMCG
2023-07-12,1120.1533203125,1122.0939683206507,1108.347079102807,1114.2732659529227,961800,NESTLEIND.NS,Nestlé India,FMCG
2023-07-13,1108.5291748046875,1123.140721268069,1106.3967628106768,1120.1532572482079,864320,NESTLEIND.NS,Nestlé India,FMCG
2023-07-14,1123.942138671875,1126.9514236318294,1107.5212266726599,1108.5291444214147,909140,NESTLEIND.NS,Nestlé India,FMCG
2023-07-17,1120.673095703125,1136.4406826606935,1115.0505057843152,1126.9515022520632,835900,NESTLEIND.NS,Nestlé India,FMCG
2023-07-18,1116.12646484375,1126.4657161427247,1108.517094664387,1126.4657161427247,651680,NESTLEIND.NS,Nestlé India,FMCG
2023-07-19,1114.367919921875,1118.4507042590772,1107.5940343507636,1114.8075423559533,557620,NESTLEIND.NS,Nestlé India,FMCG
2023-07-20,1117.622314453125,1121.3407821351589,1105.1409287199615,1114.3702710540902,755840,NESTLEIND.NS,Nestlé India,FMCG
2023-07-21,1116.388671875,1128.5034903084188,1113.00060229618,1117.9626317423422,736860,NESTLEIND.NS,Nestlé India,FMCG
2023-07-24,1108.49755859375,1119.597105640953,1103.0400500401543,1116.2720089455509,841620,NESTLEIND.NS,Nestlé India,FMCG
2023-07-25,1106.2049560546875,1124.0370020519351,1101.4614923546135,1124.0370020519351,1251520,NESTLEIND.NS,Nestlé India,FMCG
2023-07-26,1107.516357421875,1112.37876892406,1102.7607977711928,1107.0792254300443,689240,NESTLEIND.NS,Nestlé India,FMCG
2023-07-27,1084.4625244140625,1112.3788474595992,1072.3550584366371,1110.3969292926854,3587480,NESTLEIND.NS,Nestlé India,FMCG
2023-07-28,1092.0208740234375,1099.3533306671354,1077.7590566963831,1084.4624986376245,1344220,NESTLEIND.NS,Nestlé India,FMCG
2023-07-31,1095.5377197265625,1100.4291865542598,1089.5337365261105,1100.2349320165163,972180,NESTLEIND.NS,Nestlé India,FMCG
2023-08-01,1097.5001220703125,1102.1778849042291,1089.30537985797,1098.2093052603243,1300380,NESTLEIND.NS,Nestlé India,FMCG
2023-08-02,1111.5189208984375,1114.2318430292971,1093.4634492871812,1102.1778636961608,2093220,NESTLEIND.NS,Nestlé India,FMCG
2023-08-03,1091.7730712890625,1111.7933842387904,1088.185766493212,1111.7933842387904,899420,NESTLEIND.NS,Nestlé India,FMCG
2023-08-04,1090.7384033203125,1102.607853708942,1088.6739448309609,1092.751867028505,820200,NESTLEIND.NS,Nestlé India,FMCG
2023-08-07,1090.9715576171875,1095.4550662195297,1075.9471905505281,1090.7384047337246,824920,NESTLEIND.NS,Nestlé India,FMCG
2023-08-08,1079.7967529296875,1092.897548571536,1073.5183470232785,1091.4912786250256,1160640,NESTLEIND.NS,Nestlé India,FMCG
2023-08-09,1079.269775390625,1085.9658644013284,1076.5592249340668,1082.2619830634205,745700,NESTLEIND.NS,Nestlé India,FMCG
2023-08-10,1068.1630859375,1080.5401131244544,1063.560510145329,1076.5787671005976,1411580,NESTLEIND.NS,Nestlé India,FMCG
2023-08-11,1061.00537109375,1069.1466286755249,1056.5170001677723,1068.1630223537543,767260,NESTLEIND.NS,Nestlé India,FMCG
2023-08-14,1063.7791748046875,1070.604056505911,1054.5377330515805,1061.0954257751876,815760,NESTLEIND.NS,Nestlé India,FMCG
2023-08-16,1066.130126953125,1074.9757056283413,1058.2341185633763,1074.9757056283413,578600,NESTLEIND.NS,Nestlé India,FMCG
2023-08-17,1052.507080078125,1070.0355270420946,1049.3471827184123,1063.8032535931316,1399840,NESTLEIND.NS,Nestlé India,FMCG
2023-08-18,1060.403076171875,1062.8318509684207,1041.9443877181272,1052.507186232714,1313340,NESTLEIND.NS,Nestlé India,FMCG
2023-08-21,1070.3294677734375,1077.215067786334,1055.8053238699663,1060.4030370836551,741920,NESTLEIND.NS,Nestlé India,FMCG
2023-08-22,1069.92138671875,1073.1517282218788,1064.0971897379443,1070.3294635612283,810440,NESTLEIND.NS,Nestlé India,FMCG
2023-08-23,1077.5574951171875,1081.7665808574482,1066.232146587282,1073.518471051432,1227560,NESTLEIND.NS,Nestlé India,FMCG
2023-08-24,1080.5570068359375,1082.747766369376,1075.621779315554,1082.4077616282746,920400,NESTLEIND.NS,Nestlé India,FMCG
2023-08-25,1077.8175048828125,1082.2839366204757,1074.0650001554177,1077.8903206941588,839280,NESTLEIND.NS,Nestlé India,FMCG
2023-08-28,1070.3343505859375,1079.0828019920302,1068.6608915748166,1077.9630514440178,830140,NESTLEIND.NS,Nestlé India,FMCG
2023-08-29,1071.72119140625,1077.3947761301786,1066.2321366426156,1072.0830171831508,1048560,NESTLEIND.NS,Nestlé India,FMCG
2023-08-30,1078.3031005859375,1082.2619557248574,1069.1538071010496,1071.7210977381394,1296640,NESTLEIND.NS,Nestlé India,FMCG
2023-08-31,1068.000244140625,1082.6991941262406,1052.6333810780884,1080.8047971996182,4661300,NESTLEIND.NS,Nestlé India,FMCG
2023-09-01,1064.5587158203125,1073.9896676771768,1061.8603801279526,1071.089724694481,716980,NESTLEIND.NS,Nestlé India,FMCG
2023-09-04,1055.94384765625,1067.6869971691322,1050.809384682131,1067.4562161332703,1481820,NESTLEIND.NS,Nestlé India,FMCG
2023-09-05,1066.4482421875,1068.5928691313711,1056.7380060927635,1056.7380060927635,1246260,NESTLEIND.NS,Nestlé India,FMCG
2023-09-06,1068.860107421875,1073.5185405240657,1057.7120539887846,1066.4484097673817,1125840,NESTLEIND.NS,Nestlé India,FMCG
2023-09-07,1063.6236572265625,1072.79477323864,1060.0316081286378,1067.606943076247,823180,NESTLEIND.NS,Nestlé India,FMCG
2023-09-08,1062.9896240234375,1067.6577810399415,1060.403002762686,1066.0378073375955,609540,NESTLEIND.NS,Nestlé India,FMCG
2023-09-11,1074.8323974609375,1078.3735698659696,1062.5112284381373,1064.2890487838786,939540,NESTLEIND.NS,Nestlé India,FMCG
2023-09-12,1084.0958251953125,1087.8483300333103,1069.491629481386,1075.1846638897066,987580,NESTLEIND.NS,Nestlé India,FMCG
2023-09-13,1077.3946533203125,1096.3075489843907,1075.9494850427918,1082.0457328112109,1016500,NESTLEIND.NS,Nestlé India,FMCG
2023-09-14,1091.8653564453125,1093.4343353644986,1076.2871628062067,1079.8331974745804,1621120,NESTLEIND.NS,Nestlé India,FMCG
2023-09-15,1098.889404296875,1102.7123526542857,1084.1540469539973,1092.9486307822908,2322820,NESTLEIND.NS,Nestlé India,FMCG
2023-09-18,1108.463623046875,1109.464306706897,1090.6485365225592,1098.7776977981616,1150640,NESTLEIND.NS,Nestlé India,FMCG
2023-09-20,1101.7041015625,1108.8107567204665,1095.6710642459198,1095.6710642459198,1149000,NESTLEIND.NS,Nestlé India,FMCG
2023-09-21,1094.575927734375,1101.204063294804,1085.6622772603553,1100.7183083609068,923660,NESTLEIND.NS,Nestlé India,FMCG
2023-09-22,1094.5274658203125,1099.7469602772865,1087.1197019886206,1093.9202720636165,766020,NESTLEIND.NS,Nestlé India,FMCG
2023-09-25,1099.6884765625,1103.086389328575,1090.5684749033942,1096.3489113142566,688540,NESTLEIND.NS,Nestlé India,FMCG
2023-09-26,1117.506103515625,1120.291960727777,1097.6144592241312,1102.663892129457,1320020,NESTLEIND.NS,Nestlé India,FMCG
2023-09-27,1111.0672607421875,1117.5058853316848,1104.6771404895558,1117.4792020167831,833060,NESTLEIND.NS,Nestlé India,FMCG
2023-09-28,1094.8162841796875,1112.7649047673729,1090.4129442890999,1112.3787675553137,1039620,NESTLEIND.NS,Nestlé India,FMCG
2023-09-29,1093.2838134765625,1102.9066477933306,1089.5483862587275,1095.423578328026,904580,NESTLEIND.NS,Nestlé India,FMCG
2023-10-03,1083.9742431640625,1097.5486981446932,1081.0548512360317,1093.283755547798,1000260,NESTLEIND.NS,Nestlé India,FMCG
2023-10-04,1116.566162109375,1134.665278702814,1095.4260960238187,1107.766596852566,4269760,NESTLEIND.NS,Nestlé India,FMCG
2023-10-05,1113.2872314453125,1122.4436409103096,1106.3068760319572,1117.4792396537948,1360000,NESTLEIND.NS,Nestlé India,FMCG
2023-10-06,1112.9737548828125,1120.5199141317803,1108.244879019592,1116.7480797285268,776240,NESTLEIND.NS,Nestlé India,FMCG
2023-10-09,1111.4971923828125,1116.3037469865371,1107.5212597490975,1108.1066323995783,475100,NESTLEIND.NS,Nestlé India,FMCG
2023-10-10,1115.684326171875,1118.0621060573526,1108.7525937875278,1115.2933266565424,793260,NESTLEIND.NS,Nestlé India,FMCG
2023-10-11,1127.0511474609375,1130.5412067880347,1113.83614556019,1115.6844100140556,1346760,NESTLEIND.NS,Nestlé India,FMCG
2023-10-12,1120.8868408203125,1131.80909363206,1115.3930421742446,1128.068804036845,1084440,NESTLEIND.NS,Nestlé India,FMCG
2023-10-13,1144.1641845703125,1146.37439320595,1115.0698837396585,1120.881865540126,1815820,NESTLEIND.NS,Nestlé India,FMCG
2023-10-16,1122.50927734375,1143.9529397073213,1116.024401140248,1143.9529397073213,1732160,NESTLEIND.NS,Nestlé India,FMCG
2023-10-17,1133.037841796875,1134.8302488376344,1123.5510347818197,1123.5510347818197,763320,NESTLEIND.NS,Nestlé India,FMCG
2023-10-18,1130.00927734375,1138.956964196409,1126.951487872598,1133.0380116481153,713420,NESTLEIND.NS,Nestlé India,FMCG
2023-10-19,1172.2408447265625,1176.838439216458,1122.1181940668348,1129.7153489527507,5848240,NESTLEIND.NS,Nestlé India,FMCG
2023-10-20,1179.3983154296875,1202.0005052556746,1165.899167725424,1170.666942219876,4158680,NESTLEIND.NS,Nestlé India,FMCG
2023-10-23,1175.41748046875,1198.5978079631543,1172.046370026025,1180.3843716093331,1584600,NESTLEIND.NS,Nestlé India,FMCG
2023-10-25,1178.57275390625,1191.542388253823,1173.2488982591733,1179.4131005407323,2227000,NESTLEIND.NS,Nestlé India,FMCG
2023-10-26,1143.7392578125,1178.4707383857476,1137.6867698230706,1178.4415646251591,2538800,NESTLEIND.NS,Nestlé India,FMCG
2023-10-27,1168.5782470703125,1176.8870757141585,1138.6265219940974,1143.9771789943693,2608740,NESTLEIND.NS,Nestlé India,FMCG
2023-10-30,1174.1522216796875,1177.9557207813405,1159.256527580036,1170.6693967352703,1452280,NESTLEIND.NS,Nestlé India,FMCG
2023-10-31,1177.21728515625,1181.8416813293286,1171.7404460511282,1180.3844166174554,1032780,NESTLEIND.NS,Nestlé India,FMCG
2023-11-01,1166.3660888671875,1182.3596020192736,1161.8369671775893,1182.3572163876224,1273800,NESTLEIND.NS,Nestlé India,FMCG
2023-11-02,1178.0479736328125,1179.904591533009,1161.4999197997158,1172.1069156337708,2141360,NESTLEIND.NS,Nestlé India,FMCG
2023-11-03,1172.539306640625,1182.3572547375582,1171.454679175276,1179.567496994285,954280,NESTLEIND.NS,Nestlé India,FMCG
2023-11-06,1186.7325439453125,1191.6647184311496,1175.4537538734164,1179.9167938637931,1485520,NESTLEIND.NS,Nestlé India,FMCG
2023-11-07,1190.638671875,1196.0374760049517,1178.4510752249519,1186.6079083222871,1059300,NESTLEIND.NS,Nestlé India,FMCG
2023-11-08,1186.3416748046875,1192.7493626549153,1183.336852216123,1190.616727068359,726100,NESTLEIND.NS,Nestlé India,FMCG
2023-11-09,1183.6641845703125,1192.8616295554382,1181.9835070722847,1189.6858767018193,844460,NESTLEIND.NS,Nestlé India,FMCG
2023-11-10,1179.2889404296875,1184.7756546835287,1175.3045777134594,1183.664188893336,566340,NESTLEIND.NS,Nestlé India,FMCG
2023-11-13,1176.7802734375,1187.1454867614316,1174.1492791536243,1187.1454867614316,570560,NESTLEIND.NS,Nestlé India,FMCG
2023-11-15,1181.08935546875,1184.7511807189558,1172.9765380295014,1184.55579748954,1533940,NESTLEIND.NS,Nestlé India,FMCG
2023-11-16,1176.6361083984375,1185.8995169958384,1174.8332863852888,1182.1154277047754,1388360,NESTLEIND.NS,Nestlé India,FMCG
2023-11-17,1190.81201171875,1196.2767781303332,1175.741857329135,1177.4714402725137,1401020,NESTLEIND.NS,Nestlé India,FMCG
2023-11-20,1187.3675537109375,1192.3143996431675,1180.696134609143,1190.9097396871023,1082300,NESTLEIND.NS,Nestlé India,FMCG
2023-11-21,1190.83154296875,1193.098608663099,1181.392195198451,1187.4872453326109,906580,NESTLEIND.NS,Nestlé India,FMCG
2023-11-22,1189.7275390625,1197.991845285814,1185.2888322444473,1190.6655695477511,736420,NESTLEIND.NS,Nestlé India,FMCG
2023-11-23,1191.8013916015625,1201.406779089232,1189.7419951882525,1192.8151657177932,736280,NESTLEIND.NS,Nestlé India,FMCG
2023-11-24,1179.3743896484375,1195.687934297699,1177.8646427495546,1194.5715780342366,808240,NESTLEIND.NS,Nestlé India,FMCG
2023-11-28,1183.2659912109375,1185.2886489523776,1166.8765829234094,1179.3280291494937,1753940,NESTLEIND.NS,Nestlé India,FMCG
2023-11-29,1175.8836669921875,1188.953112548245,1173.125638004279,1183.3833778556836,1254300,NESTLEIND.NS,Nestlé India,FMCG
2023-11-30,1184.1234130859375,1189.207074828384,1170.8927000126089,1176.494282384017,2944060,NESTLEIND.NS,Nestlé India,FMCG
2023-12-01,1189.1290283203125,1190.4188201562208,1180.2270432362616,1189.1949910397482,1273000,NESTLEIND.NS,Nestlé India,FMCG
2023-12-04,1192.2655029296875,1198.7244809280521,1179.3597136535964,1191.5912041868712,1987840,NESTLEIND.NS,Nestlé India,FMCG
2023-12-05,1202.3350830078125,1205.5084502057236,1192.2655704490523,1194.6205467153416,1343740,NESTLEIND.NS,Nestlé India,FMCG
2023-12-06,1219.9044189453125,1226.1776758556473,1206.8837608399876,1208.193114755122,1592160,NESTLEIND.NS,Nestlé India,FMCG
2023-12-07,1220.2340087890625,1229.7514853260168,1212.321585069269,1219.9043145272735,1201700,NESTLEIND.NS,Nestlé India,FMCG
2023-12-08,1211.163818359375,1230.0278443497984,1209.5393223527255,1221.1992172896505,1401520,NESTLEIND.NS,Nestlé India,FMCG
2023-12-11,1223.5662841796875,1227.3063582755635,1203.8057389733376,1215.5805013493639,1078740,NESTLEIND.NS,Nestlé India,FMCG
2023-12-12,1218.8612060546875,1233.2057693045308,1211.7817254925508,1223.5661483689353,1282460,NESTLEIND.NS,Nestlé India,FMCG
2023-12-13,1223.6126708984375,1225.3520349504288,1212.8933121070334,1219.4109771162819,891440,NESTLEIND.NS,Nestlé India,FMCG
2023-12-14,1211.344482421875,1228.4788036813559,1209.2337949353698,1228.4788036813559,2094520,NESTLEIND.NS,Nestlé India,FMCG
2023-12-15,1190.487060546875,1219.105574222589,1183.3343406332183,1214.1170992870593,3190820,NESTLEIND.NS,Nestlé India,FMCG
2023-12-18,1189.8935546875,1200.9525081311158,1187.1940931731226,1194.571659107648,1326480,NESTLEIND.NS,Nestlé India,FMCG
2023-12-19,1245.369140625,1255.8882265268571,1197.5472412131942,1200.4249096607239,7057320,NESTLEIND.NS,Nestlé India,FMCG
2023-12-20,1226.2193603515625,1259.476859103651,1224.140520661261,1255.3507893465235,2889760,NESTLEIND.NS,Nestlé India,FMCG
2023-12-21,1227.103515625,1233.560108199844,1216.933806786003,1226.2191620003275,2212760,NESTLEIND.NS,Nestlé India,FMCG
2023-12-22,1239.4449462890625,1241.4726137838531,1226.3291021379537,1233.1691847793606,1776560,NESTLEIND.NS,Nestlé India,FMCG
2023-12-26,1248.90380859375,1250.7579213265515,1239.276354470624,1245.1881876707723,1235700,NESTLEIND.NS,Nestlé India,FMCG
2023-12-27,1256.6429443359375,1258.9636868450707,1249.8053660643993,1250.758068080253,1428320,NESTLEIND.NS,Nestlé India,FMCG
2023-12-28,1282.5106201171875,1288.5738219328916,1259.317868224837,1263.942295664648,3155440,NESTLEIND.NS,Nestlé India,FMCG
2023-12-29,1298.6534423828125,1302.0588126559674,1277.4173820710473,1282.5157160307372,2068160,NESTLEIND.NS,Nestlé India,FMCG
2024-01-01,1337.353515625,1340.9127588244455,1301.5701138137854,1302.0586911838357,2632200,NESTLEIND.NS,Nestlé India,FMCG
2024-01-02,1330.0615234375,1353.017384497474,1320.3339905834127,1343.5878170523886,2831540,NESTLEIND.NS,Nestlé India,FMCG
2024-01-03,1301.3355712890625,1339.5471872899845,1298.2966344427095,1336.0147825418628,2026920,NESTLEIND.NS,Nestlé India,FMCG
2024-01-04,1324.8460693359375,1326.490127640865,1302.1590666933866,1311.8817099811058,2647800,NESTLEIND.NS,Nestlé India,FMCG
2024-01-05,1302.74267578125,1345.5421018984991,1291.041271409365,1345.5421018984991,5154128,NESTLEIND.NS,Nestlé India,FMCG
2024-01-08,1279.7308349609375,1313.7846566106668,1275.6756185981594,1310.8531921481663,2064756,NESTLEIND.NS,Nestlé India,FMCG
2024-01-09,1266.685791015625,1289.9909086989016,1263.9252571888367,1289.8443116253536,1626054,NESTLEIND.NS,Nestlé India,FMCG
2024-01-10,1259.6014404296875,1281.2453237862169,1255.8637517573288,1265.4154637667903,2052936,NESTLEIND.NS,Nestlé India,FMCG
2024-01-11,1249.3900146484375,1265.390923361495,1245.9211869238698,1260.529602433234,1551334,NESTLEIND.NS,Nestlé India,FMCG
2024-01-12,1245.6768798828125,1250.7335839700297,1236.1007159517396,1249.3899962352996,2214110,NESTLEIND.NS,Nestlé India,FMCG
2024-01-15,1244.67529296875,1258.6485340714316,1236.4182639120174,1252.7123667854523,1787668,NESTLEIND.NS,Nestlé India,FMCG
2024-01-16,1241.9881591796875,1249.2434617416734,1236.760405042669,1249.2434617416734,1386740,NESTLEIND.NS,Nestlé India,FMCG
2024-01-17,1242.501220703125,1249.3656376763097,1233.8533053879812,1241.9881905821535,1603238,NESTLEIND.NS,Nestlé India,FMCG
2024-01-18,1222.4205322265625,1245.8722450750338,1219.5623070105232,1238.5435848098864,1269820,NESTLEIND.NS,Nestlé India,FMCG
2024-01-19,1228.3568115234375,1232.1432863396099,1221.2968920128278,1226.3292630441879,1882782,NESTLEIND.NS,Nestlé India,FMCG
2024-01-23,1203.3172607421875,1220.5640672484133,1195.0603501890062,1211.6719822030805,1381076,NESTLEIND.NS,Nestlé India,FMCG
2024-01-24,1228.259033203125,1230.9217559650683,1199.4574216197334,1210.6457954774028,1318076,NESTLEIND.NS,Nestlé India,FMCG
2024-01-25,1212.7222900390625,1235.123610513583,1205.6623707893982,1233.6823311060493,1571546,NESTLEIND.NS,Nestlé India,FMCG
2024-01-29,1220.735107421875,1223.88640784924,1210.0108571655028,1212.7223663564207,1265438,NESTLEIND.NS,Nestlé India,FMCG
2024-01-30,1217.559326171875,1236.66263082753,1215.5805638575089,1227.306421386681,1336068,NESTLEIND.NS,Nestlé India,FMCG
2024-01-31,1224.375,1227.184320131684,1212.5025449784775,1225.8407322426178,1432188,NESTLEIND.NS,Nestlé India,FMCG
2024-02-01,1205.711181640625,1226.7687933930597,1203.2193894978539,1226.3291215003715,1641132,NESTLEIND.NS,Nestlé India,FMCG
2024-02-02,1212.355712890625,1219.48898946793,1203.3903906467733,1205.8088245219758,1508122,NESTLEIND.NS,Nestlé India,FMCG
2024-02-05,1203.2193603515625,1223.8862051572391,1200.287896387114,1223.8862051572391,1065954,NESTLEIND.NS,Nestlé India,FMCG
2024-02-06,1200.2635498046875,1210.670271655069,1194.9381041776355,1203.0485362424513,1540366,NESTLEIND.NS,Nestlé India,FMCG
2024-02-07,1221.2481689453125,1227.086645268514,1195.4023518117806,1206.7862295746136,3094808,NESTLEIND.NS,Nestlé India,FMCG
2024-02-08,1183.847412109375,1228.2102608572036,1177.0317817009716,1223.373273358452,3308894,NESTLEIND.NS,Nestlé India,FMCG
2024-02-09,1197.0634765625,1204.7829036774656,1182.381702558459,1193.5212905867597,1677638,NESTLEIND.NS,Nestlé India,FMCG
2024-02-12,1201.436279296875,1205.7845704441318,1191.7868756471114,1201.7782596205482,890538,NESTLEIND.NS,Nestlé India,FMCG
2024-02-13,1200.605712890625,1210.0108277723782,1194.547281605632,1208.7404788289596,621970,NESTLEIND.NS,Nestlé India,FMCG
2024-02-14,1215.0919189453125,1220.148742436428,1189.7103484352406,1197.0145562589528,1018616,NESTLEIND.NS,Nestlé India,FMCG
2024-02-15,1202.1324462890625,1222.4411134077982,1194.5136009972794,1222.4411134077982,1680952,NESTLEIND.NS,Nestlé India,FMCG
2024-02-16,1218.8399658203125,1220.2363893792126,1199.7072644840996,1203.8473720562333,1493232,NESTLEIND.NS,Nestlé India,FMCG
2024-02-19,1231.383056640625,1237.3850231954236,1215.7778957508385,1222.4413513651086,955040,NESTLEIND.NS,Nestlé India,FMCG
2024-02-20,1244.1953125,1245.3712797048568,1223.470251172212,1234.2002491591984,1262888,NESTLEIND.NS,Nestlé India,FMCG
2024-02-21,1246.2532958984375,1249.8789258446395,1233.7838083328852,1244.195383077769,1786364,NESTLEIND.NS,Nestlé India,FMCG
2024-02-22,1255.831787109375,1257.2036890494849,1237.1399969824727,1254.2884721881703,1504742,NESTLEIND.NS,Nestlé India,FMCG
2024-02-23,1263.5975341796875,1265.5573597464647,1250.3441898607039,1256.7381446959669,1211238,NESTLEIND.NS,Nestlé India,FMCG
2024-02-26,1265.998291015625,1268.0071600980154,1257.5955866234856,1268.0071600980154,1323894,NESTLEIND.NS,Nestlé India,FMCG
2024-02-27,1273.2498779296875,1274.5972582468064,1257.5957923508176,1266.5374980916972,1261744,NESTLEIND.NS,Nestlé India,FMCG
2024-02-28,1259.62890625,1276.336467938653,1254.4109182494958,1274.3766422681138,985574,NESTLEIND.NS,Nestlé India,FMCG
2024-02-29,1272.0247802734375,1276.9243442677257,1247.9434710888158,1259.8983593875744,2774576,NESTLEIND.NS,Nestlé India,FMCG
2024-03-01,1274.5970458984375,1281.995435345355,1265.312396092774,1272.0247748124793,1511456,NESTLEIND.NS,Nestlé India,FMCG
2024-03-04,1268.5462646484375,1274.4257419191545,1262.8136786148714,1271.3879163013337,1268620,NESTLEIND.NS,Nestlé India,FMCG
2024-03-05,1243.8277587890625,1271.5348169495282,1240.5695965979087,1268.9870676100252,678604,NESTLEIND.NS,Nestlé India,FMCG
2024-03-06,1241.0841064453125,1257.5956135143285,1228.933163571565,1244.489279566142,1983280,NESTLEIND.NS,Nestlé India,FMCG
2024-03-07,1254.75390625,1257.228210166382,1234.200257758814,1239.5897785350533,1297304,NESTLEIND.NS,Nestlé India,FMCG
2024-03-11,1279.521240234375,1289.075390793276,1248.6785063281407,1254.7539183234155,2990598,NESTLEIND.NS,Nestlé India,FMCG
2024-03-12,1269.060546875,1281.2605332488135,1257.3751582733441,1276.8509255610345,1726470,NESTLEIND.NS,Nestlé India,FMCG
2024-03-13,1265.532958984375,1300.1728552649824,1250.7853419555036,1271.4124362467674,3627604,NESTLEIND.NS,Nestlé India,FMCG
2024-03-14,1280.1336669921875,1283.661329376961,1261.0988117723234,1268.9871581704203,2245994,NESTLEIND.NS,Nestlé India,FMCG
2024-03-15,1275.6749267578125,1288.5362821947508,1266.6352551457883,1282.1913707695135,2533984,NESTLEIND.NS,Nestlé India,FMCG
2024-03-18,1264.259033203125,1279.1781815251313,1253.6759272111171,1275.6749215257198,1285192,NESTLEIND.NS,Nestlé India,FMCG
2024-03-19,1222.955810546875,1266.41492336867,1209.285953937151,1264.08763025096,3497728,NESTLEIND.NS,Nestlé India,FMCG
2024-03-20,1249.5113525390625,1251.8386455199704,1223.9356514935796,1231.750432421607,1399290,NESTLEIND.NS,Nestlé India,FMCG
2024-03-21,1251.1771240234375,1255.292829590614,1237.2133665005522,1249.8787873993165,1807754,NESTLEIND.NS,Nestlé India,FMCG
2024-03-22,1260.853759765625,1269.9669967096893,1243.0193945418525,1244.5872311079652,2027126,NESTLEIND.NS,Nestlé India,FMCG
2024-03-26,1267.0762939453125,1272.1717926582412,1240.6430504694931,1258.2080352576018,1941704,NESTLEIND.NS,Nestlé India,FMCG
2024-03-27,1257.44873046875,1269.256728979762,1250.2463944440062,1267.0764466605347,1801192,NESTLEIND.NS,Nestlé India,FMCG
2024-03-28,1284.8372802734375,1292.8479960595027,1257.742666019292,1257.742666019292,4365832,NESTLEIND.NS,Nestlé India,FMCG
2024-04-01,1266.8314208984375,1294.758938017835,1265.3125080849861,1284.8373200938386,1486064,NESTLEIND.NS,Nestlé India,FMCG
2024-04-02,1285.3028564453125,1288.5855409339215,1265.5575864001212,1272.416977112317,1445766,NESTLEIND.NS,Nestlé India,FMCG
2024-04-03,1251.32421875,1285.6211693508951,1246.9391325611111,1285.3027455140523,3850278,NESTLEIND.NS,Nestlé India,FMCG
2024-04-04,1249.19287109375,1259.1879336928796,1231.7994190913776,1259.0899663376451,2782752,NESTLEIND.NS,Nestlé India,FMCG
2024-04-05,1243.337890625,1262.1277676214863,1241.549597497223,1261.6378111899562,1532454,NESTLEIND.NS,Nestlé India,FMCG
2024-04-08,1223.9356689453125,1248.0415010834133,1221.3879194640651,1240.079709193098,2436980,NESTLEIND.NS,Nestlé India,FMCG
2024-04-09,1226.262939453125,1235.768046057342,1223.4211683223157,1227.8307760575583,867882,NESTLEIND.NS,Nestlé India,FMCG
2024-04-10,1238.4140625,1241.0597796784523,1221.9759984625605,1231.7506064396482,989760,NESTLEIND.NS,Nestlé India,FMCG
2024-04-12,1242.6275634765625,1253.7985948100143,1232.8284341697238,1241.8926287785496,2479930,NESTLEIND.NS,Nestlé India,FMCG
2024-04-15,1251.1771240234375,1262.6176539114224,1229.790574822534,1229.790574822534,2293646,NESTLEIND.NS,Nestlé India,FMCG
2024-04-16,1247.47802734375,1265.8757943136447,1245.616169115834,1249.4622550523702,1537722,NESTLEIND.NS,Nestlé India,FMCG
2024-04-18,1206.542236328125,1245.787674785828,1181.0890235928634,1244.5383815780328,6077666,NESTLEIND.NS,Nestlé India,FMCG
2024-04-19,1194.36669921875,1210.8538039444359,1180.7949307844237,1190.5940588407261,3702024,NESTLEIND.NS,Nestlé India,FMCG
2024-04-22,1204.65576171875,1216.0717696198974,1189.540678738387,1193.778753698179,2504706,NESTLEIND.NS,Nestlé India,FMCG
2024-04-23,1225.50341796875,1229.7905363724387,1188.609677953925,1199.9031966438656,2248818,NESTLEIND.NS,Nestlé India,FMCG
2024-04-24,1224.9644775390625,1242.431495425264,1219.134044074408,1232.264899860291,1447036,NESTLEIND.NS,Nestlé India,FMCG
2024-04-25,1255.5867919921875,1263.0586275169576,1210.8048223336593,1234.6656764464847,6481728,NESTLEIND.NS,Nestlé India,FMCG
2024-04-26,1216.4393310546875,1265.4594959800618,1210.706864726266,1261.6132901431138,2643128,NESTLEIND.NS,Nestlé India,FMCG
2024-04-29,1229.692626953125,1236.8459187984822,1219.9914660703582,1225.8709430152758,1243124,NESTLEIND.NS,Nestlé India,FMCG
2024-04-30,1228.5167236328125,1243.3135037410448,1225.160593806647,1233.563298863097,1625278,NESTLEIND.NS,Nestlé India,FMCG
2024-05-02,1230.91748046875,1244.9792051431332,1227.3407748459458,1228.5166223517872,2223826,NESTLEIND.NS,Nestlé India,FMCG
2024-05-03,1203.3819580078125,1236.1845149584105,1193.6562756518617,1232.2893855146199,2257460,NESTLEIND.NS,Nestlé India,FMCG
2024-05-06,1204.0189208984375,1215.0674626642083,1198.8988999684284,1212.3481804689907,1431992,NESTLEIND.NS,Nestlé India,FMCG
2024-05-07,1229.129150390625,1238.7813877571703,1205.0723614462684,1209.7024257865608,2146918,NESTLEIND.NS,Nestlé India,FMCG
2024-05-08,1243.999267578125,1248.408875064617,1217.8600464636718,1226.091337695442,1398140,NESTLEIND.NS,Nestlé India,FMCG
2024-05-09,1231.48095703125,1249.3398448646658,1225.870979867978,1243.9993676597903,1404310,NESTLEIND.NS,Nestlé India,FMCG
2024-05-10,1241.1575927734375,1248.898928217624,1226.5813891192695,1231.4809533727714,1394832,NESTLEIND.NS,Nestlé India,FMCG
2024-05-13,1232.852783203125,1245.4201169312444,1227.8552518804097,1240.9370637487193,680762,NESTLEIND.NS,Nestlé India,FMCG
2024-05-14,1218.693115234375,1234.1756659047428,1216.0718006129846,1227.8797978538325,1113494,NESTLEIND.NS,Nestlé India,FMCG
2024-05-15,1207.74267578125,1224.4011954471982,1205.292893477434,1219.0116743788033,868812,NESTLEIND.NS,Nestlé India,FMCG
2024-05-16,1209.384033203125,1215.067456167563,1185.8416022073993,1210.1924134862827,1944988,NESTLEIND.NS,Nestlé India,FMCG
2024-05-17,1198.1884765625,1209.384029087565,1192.4560101259904,1209.384029087565,1442356,NESTLEIND.NS,Nestlé India,FMCG
2024-05-21,1205.6846923828125,1219.7954601505894,1191.5739246150356,1208.2324416532392,2574902,NESTLEIND.NS,Nestlé India,FMCG
2024-05-22,1209.7757568359375,1218.7665043231723,1206.223573054493,1211.172180376636,1574654,NESTLEIND.NS,Nestlé India,FMCG
2024-05-23,1212.2255859375,1218.7665517610906,1203.112468617902,1215.5818351434234,1563326,NESTLEIND.NS,Nestlé India,FMCG
2024-05-24,1209.0899658203125,1217.541714137768,1204.3374124292231,1213.5975409993018,907544,NESTLEIND.NS,Nestlé India,FMCG
2024-05-27,1205.2437744140625,1214.6019900751805,1202.8430357541622,1213.6220772150957,1071662,NESTLEIND.NS,Nestlé India,FMCG
2024-05-28,1201.2261962890625,1209.040977689221,1198.4334684669032,1205.8562607860997,1043344,NESTLEIND.NS,Nestlé India,FMCG
2024-05-29,1213.22998046875,1223.421097232787,1197.9433651318238,1199.266223451876,1739200,NESTLEIND.NS,Nestlé India,FMCG
2024-05-30,1178.2471923828125,1211.7112389302845,1176.1648776514621,1207.7670659272503,2548428,NESTLEIND.NS,Nestlé India,FMCG
2024-05-31,1153.79833984375,1188.4383548596766,1148.9478190732214,1188.4383548596766,5065946,NESTLEIND.NS,Nestlé India,FMCG
2024-06-03,1153.8719482421875,1170.481423859093,1151.3976442744538,1163.5485880185365,2145030,NESTLEIND.NS,Nestlé India,FMCG
2024-06-04,1189.49169921875,1194.5137525261302,1140.349046345806,1158.2324556842816,3117062,NESTLEIND.NS,Nestlé India,FMCG
2024-06-05,1229.7171630859375,1261.1723411856403,1190.5940952765598,1190.5940952765598,4057558,NESTLEIND.NS,Nestlé India,FMCG
2024-06-06,1210.8782958984375,1233.71031381071,1201.691612664144,1233.71031381071,1944280,NESTLEIND.NS,Nestlé India,FMCG
2024-06-07,1226.0914306640625,1232.8528532463547,1208.7224993378072,1213.3525636260474,2022404,NESTLEIND.NS,Nestlé India,FMCG
2024-06-10,1248.507080078125,1256.7383728767636,1228.3454187465375,1229.7907664408096,1590348,NESTLEIND.NS,Nestlé India,FMCG
2024-06-11,1245.4447021484375,1261.6377858083888,1241.5495725197893,1254.2884394832915,1138822,NESTLEIND.NS,Nestlé India,FMCG
2024-06-12,1243.1663818359375,1251.7160969835697,1235.1800686938366,1246.4490657505437,960816,NESTLEIND.NS,Nestlé India,FMCG
2024-06-13,1250.2462158203125,1280.9664574916185,1247.0124558051186,1271.0203188697585,2162544,NESTLEIND.NS,Nestlé India,FMCG
2024-06-14,1245.714111328125,1256.54219530536,1241.5985255332823,1256.54219530536,858944,NESTLEIND.NS,Nestlé India,FMCG
2024-06-18,1249.5604248046875,1251.8386743490526,1241.5495893544028,1248.8989357791525,519108,NESTLEIND.NS,Nestlé India,FMCG
2024-06-19,1237.654541015625,1254.0926041896655,1233.6369219630312,1249.3889743213804,1568614,NESTLEIND.NS,Nestlé India,FMCG
2024-06-20,1244.3668212890625,1249.952276645888,1224.8910535378113,1237.1399640731895,1314826,NESTLEIND.NS,Nestlé India,FMCG
2024-06-21,1224.1070556640625,1248.4089416214244,1219.2565350176276,1240.8636607006888,2543088,NESTLEIND.NS,Nestlé India,FMCG
2024-06-24,1239.6142578125,1240.5696489028123,1217.2967190754491,1224.1070654302553,1448402,NESTLEIND.NS,Nestlé India,FMCG
2024-06-25,1232.4609375,1243.656490314028,1227.3409164826396,1242.03961009321,625460,NESTLEIND.NS,Nestlé India,FMCG
2024-06-26,1241.671875,1247.9188184374075,1228.5410209490938,1235.9639313927273,958712,NESTLEIND.NS,Nestlé India,FMCG
2024-06-27,1241.427001953125,1251.3486188409597,1228.8351466660436,1240.1775892361904,1732622,NESTLEIND.NS,Nestlé India,FMCG
2024-06-28,1250.197265625,1261.000828733912,1238.7568548573765,1241.4270934534354,2364066,NESTLEIND.NS,Nestlé India,FMCG
2024-07-01,1258.2572021484375,1269.52620045416,1252.8186377274967,1254.1905397057612,1849028,NESTLEIND.NS,Nestlé India,FMCG
2024-07-02,1246.6695556640625,1268.0071811090831,1241.1330243422133,1266.7332466037858,1162200,NESTLEIND.NS,Nestlé India,FMCG
2024-07-03,1250.123779296875,1258.9675164152402,1244.832226148685,1249.4378881706295,631912,NESTLEIND.NS,Nestlé India,FMCG
2024-07-04,1247.0125732421875,1256.7382563285294,1245.4937800639807,1254.2884741524504,627352,NESTLEIND.NS,Nestlé India,FMCG
2024-07-05,1261.2213134765625,1263.8916717507548,1240.8146757386721,1249.6829350887917,1583026,NESTLEIND.NS,Nestlé India,FMCG
2024-07-08,1275.552490234375,1283.6858146170412,1254.9988424316216,1261.2212650139365,1448552,NESTLEIND.NS,Nestlé India,FMCG
2024-07-09,1290.104248046875,1293.5339428558063,1270.7509701964768,1287.2624769958222,1665146,NESTLEIND.NS,Nestlé India,FMCG
2024-07-10,1281.9462890625,1298.3598270567427,1272.9311399219182,1292.4558290187454,1069980,NESTLEIND.NS,Nestlé India,FMCG
2024-07-11,1270.5550537109375,1289.369453332114,1256.1013383051761,1283.6859106133859,2107598,NESTLEIND.NS,Nestlé India,FMCG
2024-07-12,1278.29638671875,1283.6124620846106,1266.953942671641,1276.3365609054595,1451786,NESTLEIND.NS,Nestlé India,FMCG
2024-07-15,1276.3856201171875,1283.440945284612,1272.4169249490885,1278.3209242079909,695922,NESTLEIND.NS,Nestlé India,FMCG
2024-07-16,1283.004150390625,1288.687715882199,1264.1820325547824,1281.6755543355125,1514138,NESTLEIND.NS,Nestlé India,FMCG
2024-07-18,1292.72265625,1296.5854237265537,1267.10979158111,1267.10979158111,1733594,NESTLEIND.NS,Nestlé India,FMCG
2024-07-19,1278.3538818359375,1301.8015155870887,1272.7440810529952,1296.5608960399527,1077872,NESTLEIND.NS,Nestlé India,FMCG
2024-07-22,1273.1624755859375,1294.174331387512,1262.3366826998063,1278.353959383749,1490342,NESTLEIND.NS,Nestlé India,FMCG
2024-07-23,1270.3328857421875,1282.6102938388008,1254.8076920348904,1277.738735559847,1936998,NESTLEIND.NS,Nestlé India,FMCG
2024-07-24,1250.5758056640625,1270.062280022218,1239.4055802701282,1270.062280022218,2622088,NESTLEIND.NS,Nestlé India,FMCG
2024-07-25,1220.6817626953125,1258.079951725208,1210.2496603091238,1252.2488588073934,6938362,NESTLEIND.NS,Nestlé India,FMCG
2024-07-26,1218.8365478515625,1226.5623230583747,1206.3377265390302,1226.5623230583747,3239386,NESTLEIND.NS,Nestlé India,FMCG
2024-07-29,1215.5888671875,1223.7819755260691,1210.0283226048043,1222.1335747003338,1605802,NESTLEIND.NS,Nestlé India,FMCG
2024-07-30,1209.3638916015625,1220.5587442564088,1206.0915981111275,1215.6134219405167,3429516,NESTLEIND.NS,Nestlé India,FMCG
2024-07-31,1208.724365234375,1218.8857995211313,1206.5837627879748,1215.4412292358475,1644722,NESTLEIND.NS,Nestlé India,FMCG
2024-08-01,1222.3304443359375,1226.4147448077942,1208.7244389342945,1212.9808958486658,2653524,NESTLEIND.NS,Nestlé India,FMCG
2024-08-02,1227.79248046875,1237.0927718683006,1212.9807806902788,1220.362002479469,2310948,NESTLEIND.NS,Nestlé India,FMCG
2024-08-05,1235.5673828125,1244.4248497588587,1217.9263332265862,1224.2987645855774,2651820,NESTLEIND.NS,Nestlé India,FMCG
2024-08-06,1234.3863525390625,1243.9819410878015,1230.6957415587783,1237.0435443900367,1898862,NESTLEIND.NS,Nestlé India,FMCG
2024-08-07,1241.423095703125,1244.4493485404819,1235.2474495298686,1239.3317495581189,1299940,NESTLEIND.NS,Nestlé India,FMCG
2024-08-08,1224.840087890625,1242.505765371168,1219.377935283071,1239.3318637801117,2850012,NESTLEIND.NS,Nestlé India,FMCG
2024-08-09,1232.516357421875,1236.0593197586702,1225.381176549509,1233.4513842391168,540012,NESTLEIND.NS,Nestlé India,FMCG
2024-08-12,1216.9666748046875,1235.0998040469894,1214.6292879311031,1231.0893883081942,950040,NESTLEIND.NS,Nestlé India,FMCG
2024-08-13,1222.6748046875,1226.2670234465204,1217.1635162499874,1217.4095569850288,623692,NESTLEIND.NS,Nestlé India,FMCG
2024-08-14,1217.704833984375,1226.2423752682807,1210.815693516011,1223.7573398576342,1123752,NESTLEIND.NS,Nestlé India,FMCG
2024-08-16,1242.72705078125,1246.6637023080946,1216.1055169132069,1225.2827877303348,1719668,NESTLEIND.NS,Nestlé India,FMCG
2024-08-19,1231.753662109375,1252.839400786236,1230.4743223919172,1244.9660974034473,955402,NESTLEIND.NS,Nestlé India,FMCG
2024-08-20,1239.3072509765625,1242.9978622063913,1229.7362898812896,1235.419855202643,969464,NESTLEIND.NS,Nestlé India,FMCG
2024-08-21,1255.6688232421875,1257.2680879332963,1240.8571237404738,1244.916795648673,1249546,NESTLEIND.NS,Nestlé India,FMCG
2024-08-22,1255.2998046875,1262.2135732291679,1252.347315926965,1262.1889451287484,1269810,NESTLEIND.NS,Nestlé India,FMCG
2024-08-23,1244.5723876953125,1255.4720639684701,1240.0452623522349,1255.2751593049002,1023074,NESTLEIND.NS,Nestlé India,FMCG
2024-08-26,1239.8238525390625,1252.347301526917,1234.1156596128333,1244.5723905194923,1266798,NESTLEIND.NS,Nestlé India,FMCG
2024-08-27,1240.7587890625,1246.3439617593306,1235.8626025006731,1244.3017515921242,782130,NESTLEIND.NS,Nestlé India,FMCG
2024-08-28,1226.51318359375,1239.553343820524,1225.2829797987713,1239.553343820524,1130322,NESTLEIND.NS,Nestlé India,FMCG
2024-08-29,1232.442626953125,1239.7745925468923,1225.6026226752101,1229.6622946618493,1799588,NESTLEIND.NS,Nestlé India,FMCG
2024-08-30,1230.57275390625,1238.7167263799913,1226.1686487134475,1232.4426875467195,3808974,NESTLEIND.NS,Nestlé India,FMCG
2024-09-02,1235.0753173828125,1238.077062608518,1228.7521421460974,1230.203758553774,1751182,NESTLEIND.NS,Nestlé India,FMCG
2024-09-03,1245.3350830078125,1259.2363834503576,1231.1877418494703,1231.1877418494703,1975054,NESTLEIND.NS,Nestlé India,FMCG
2024-09-04,1247.3033447265625,1250.6002661216446,1236.9450070956411,1242.530179112453,1005886,NESTLEIND.NS,Nestlé India,FMCG
2024-09-05,1232.61474609375,1247.4264454336083,1226.340707758729,1247.303425074098,2238592,NESTLEIND.NS,Nestlé India,FMCG
2024-09-06,1231.7781982421875,1239.676129135783,1224.3232127130477,1234.4355100177224,1673400,NESTLEIND.NS,Nestlé India,FMCG
2024-09-09,1238.446044921875,1240.0453097062184,1224.667763702917,1227.8170370695618,1167196,NESTLEIND.NS,Nestlé India,FMCG
2024-09-10,1247.672607421875,1253.7743697918231,1237.0928554756829,1244.474077763724,3044078,NESTLEIND.NS,Nestlé India,FMCG
2024-09-11,1243.416015625,1260.5158454024158,1239.7745409426761,1253.3314084339115,1959876,NESTLEIND.NS,Nestlé India,FMCG
2024-09-12,1243.9080810546875,1249.8868223271343,1224.298588169256,1244.9167518685656,3109758,NESTLEIND.NS,Nestlé India,FMCG
2024-09-13,1245.6549072265625,1260.2205658827688,1244.104898747798,1244.9660412664605,1465434,NESTLEIND.NS,Nestlé India,FMCG
2024-09-16,1254.6109619140625,1257.5634507292316,1230.203672987166,1244.966117063012,788794,NESTLEIND.NS,Nestlé India,FMCG
2024-09-17,1253.2576904296875,1272.1781981765482,1249.2471545253281,1255.3735445574644,1390374,NESTLEIND.NS,Nestlé India,FMCG
2024-09-18,1278.0093994140625,1279.9532174179215,1252.839479142833,1254.7831770096088,2354058,NESTLEIND.NS,Nestlé India,FMCG
2024-09-19,1296.240966796875,1317.3020774567706,1278.00932455139,1280.8880491669681,5068578,NESTLEIND.NS,Nestlé India,FMCG
2024-09-20,1328.3984375,1330.7111961746373,1294.7399958815315,1301.0632902600503,4645516,NESTLEIND.NS,Nestlé India,FMCG
2024-09-23,1340.9957275390625,1343.3086064846357,1323.6991124699812,1331.1540984500664,2144494,NESTLEIND.NS,Nestlé India,FMCG
2024-09-24,1326.8485107421875,1361.4911204818004,1315.8259331787701,1340.9220897203247,3080066,NESTLEIND.NS,Nestlé India,FMCG
2024-09-25,1327.3160400390625,1330.8836308010643,1308.4692951585882,1321.36180602282,1437914,NESTLEIND.NS,Nestlé India,FMCG
2024-09-26,1355.9305419921875,1359.3504843109317,1332.5320431791683,1332.5320431791683,2317212,NESTLEIND.NS,Nestlé India,FMCG
2024-09-27,1351.1080322265625,1367.0022873123607,1343.8744588373136,1353.2240065187157,2194334,NESTLEIND.NS,Nestlé India,FMCG
2024-09-30,1323.674560546875,1348.3032627868763,1321.1403889654473,1338.4616331314976,1766384,NESTLEIND.NS,Nestlé India,FMCG
2024-10-01,1332.089111328125,1333.5407275761163,1315.2844577526253,1323.6990985903146,1105518,NESTLEIND.NS,Nestlé India,FMCG
2024-10-03,1316.244140625,1326.1595339838152,1304.1881448615106,1321.2387193864727,1624730,NESTLEIND.NS,Nestlé India,FMCG
2024-10-04,1278.50146484375,1317.9664961320873,1274.638697260755,1310.412997266873,2066068,NESTLEIND.NS,Nestlé India,FMCG
2024-10-07,1266.5439453125,1289.2534572003387,1263.123882970951,1281.8476070161043,2205716,NESTLEIND.NS,Nestlé India,FMCG
2024-10-08,1270.431396484375,1276.4593947827902,1255.5951875027006,1264.944735883916,2404340,NESTLEIND.NS,Nestlé India,FMCG
2024-10-09,1238.076904296875,1269.5701164888465,1214.924448493957,1269.078035048347,4733190,NESTLEIND.NS,Nestlé India,FMCG
2024-10-10,1236.3299560546875,1245.8025235153655,1233.1560548809905,1244.4739276911512,2060004,NESTLEIND.NS,Nestlé India,FMCG
2024-10-11,1236.0101318359375,1241.0293382805553,1228.2844775877738,1240.0451754429023,1256928,NESTLEIND.NS,Nestlé India,FMCG
2024-10-14,1231.2125244140625,1239.897714716506,1226.8329270411743,1239.897714716506,1340768,NESTLEIND.NS,Nestlé India,FMCG
2024-10-15,1222.453369140625,1231.212443171342,1216.425371245094,1231.212443171342,1590308,NESTLEIND.NS,Nestlé India,FMCG
2024-10-16,1211.6275634765625,1226.7836963292705,1196.4714306238545,1225.2828238629875,2473286,NESTLEIND.NS,Nestlé India,FMCG
2024-10-17,1170.51416015625,1217.8770012995963,1163.7726680936514,1217.8770012995963,5255508,NESTLEIND.NS,Nestlé India,FMCG
2024-10-18,1156.5145263671875,1172.9500001422293,1144.6308063923354,1171.1539507515822,3278370,NESTLEIND.NS,Nestlé India,FMCG
2024-10-21,1158.6795654296875,1168.2013897658867,1148.026049841539,1161.3122493039143,1497408,NESTLEIND.NS,Nestlé India,FMCG
2024-10-22,1156.5145263671875,1173.6143582111445,1151.4953191770971,1158.6058727078153,1934262,NESTLEIND.NS,Nestlé India,FMCG
2024-10-23,1145.1473388671875,1168.644228936812,1141.678260631491,1156.4160765535048,1414522,NESTLEIND.NS,Nestlé India,FMCG
2024-10-24,1111.4398193359375,1151.4706969625236,1090.4525916533985,1150.9786154680953,5910994,NESTLEIND.NS,Nestlé India,FMCG
2024-10-25,1112.448486328125,1125.144211495528,1110.6278090292615,1116.532786303675,2683018,NESTLEIND.NS,Nestlé India,FMCG
2024-10-28,1118.03369140625,1141.1368916403771,1110.1603881435308,1117.4923537521086,1751130,NESTLEIND.NS,Nestlé India,FMCG
2024-10-29,1115.7454833984375,1124.79985458042,1112.473189659071,1121.9457580106964,1859662,NESTLEIND.NS,Nestlé India,FMCG
2024-10-30,1120.125,1130.4340820862906,1112.202440802898,1121.3305754942364,1787546,NESTLEIND.NS,Nestlé India,FMCG
2024-10-31,1113.5556640625,1125.3902466522163,1112.104047850463,1125.3902466522163,1319530,NESTLEIND.NS,Nestlé India,FMCG
2024-11-01,1123.0775146484375,1128.3181340234441,1116.2130024649405,1128.2935059235892,243228,NESTLEIND.NS,Nestlé India,FMCG
2024-11-04,1105.3133544921875,1125.3903021433225,1097.7844841058775,1123.4219762978598,1926320,NESTLEIND.NS,Nestlé India,FMCG
2024-11-05,1113.3096923828125,1115.9915123539101,1100.441810059457,1110.1357909440978,1451860,NESTLEIND.NS,Nestlé India,FMCG
2024-11-06,1119.7806396484375,1121.7981015904193,1111.1445858343864,1116.0407724267443,1613946,NESTLEIND.NS,Nestlé India,FMCG
2024-11-07,1113.506591796875,1124.3323840333578,1103.098996723647,1118.5011706147852,1783914,NESTLEIND.NS,Nestlé India,FMCG
2024-11-08,1129.6468505859375,1130.8032901690124,1111.5137193423714,1117.0250081303996,1669990,NESTLEIND.NS,Nestlé India,FMCG
2024-11-11,1121.478271484375,1129.2531825523638,1109.2499991916804,1121.945724842311,1547190,NESTLEIND.NS,Nestlé India,FMCG
2024-11-12,1110.234130859375,1127.0879203305533,1102.754516931697,1127.0879203305533,2210678,NESTLEIND.NS,Nestlé India,FMCG
2024-11-13,1099.925048828125,1108.1427849239317,1093.4049696884435,1102.8775374951504,1526776,NESTLEIND.NS,Nestlé India,FMCG
2024-11-14,1074.115478515625,1104.6982944412046,1071.9502479214893,1101.7950617641873,2318476,NESTLEIND.NS,Nestlé India,FMCG
2024-11-18,1089.0745849609375,1091.904053152553,1067.1769615649582,1078.0027529067906,1383330,NESTLEIND.NS,Nestlé India,FMCG
2024-11-19,1089.5419921875,1104.0583935998472,1084.498157798464,1094.8811234736454,1612040,NESTLEIND.NS,Nestlé India,FMCG
2024-11-21,1088.0904541015625,1107.1832379658995,1076.1821073028543,1085.3102420254984,1655768,NESTLEIND.NS,Nestlé India,FMCG
2024-11-22,1105.8546142578125,1108.5856902034295,1084.6458567120721,1089.5666709791053,1543916,NESTLEIND.NS,Nestlé India,FMCG
2024-11-25,1110.603271484375,1123.7418229638,1105.3380236794615,1111.3906499066582,4059604,NESTLEIND.NS,Nestlé India,FMCG
2024-11-26,1114.6875,1125.8577248413637,1107.429298642534,1117.024886877828,634244,NESTLEIND.NS,Nestlé India,FMCG
2024-11-27,1118.9686279296875,1120.371108165559,1107.4047134544387,1120.272715899568,874722,NESTLEIND.NS,Nestlé India,FMCG
2024-11-28,1100.417236328125,1126.6205757733894,1096.3575640197037,1119.01794075049,2492756,NESTLEIND.NS,Nestlé India,FMCG
2024-11-29,1099.6297607421875,1113.580317860805,1095.8653857163115,1095.8653857163115,2698320,NESTLEIND.NS,Nestlé India,FMCG
2024-12-02,1108.0936279296875,1110.627799266185,1093.9462866674355,1103.6402669136344,936544,NESTLEIND.NS,Nestlé India,FMCG
2024-12-03,1112.9405517578125,1115.474843217201,1107.1832230254936,1113.0882002149629,1532464,NESTLEIND.NS,Nestlé India,FMCG
2024-12-04,1111.021484375,1119.4852610021962,1102.975904883959,1112.5961209344905,1937738,NESTLEIND.NS,Nestlé India,FMCG
2024-12-05,1114.810546875,1120.4694836611675,1092.91292191983,1111.021543662981,2375568,NESTLEIND.NS,Nestlé India,FMCG
2024-12-06,1115.9423828125,1127.8261022700863,1109.6929721646486,1115.2780247725027,1291202,NESTLEIND.NS,Nestlé India,FMCG
2024-12-09,1096.7757568359375,1120.2726454082049,1089.2960228980419,1117.0248598753255,1939702,NESTLEIND.NS,Nestlé India,FMCG
2024-12-10,1089.6898193359375,1102.2625252924709,1087.500080757304,1096.8496289629097,1830596,NESTLEIND.NS,Nestlé India,FMCG
2024-12-11,1102.7791748046875,1109.15160565448,1093.8970804657981,1094.881243381197,1469722,NESTLEIND.NS,Nestlé India,FMCG
2024-12-12,1094.4139404296875,1109.1517580857962,1090.0098348054341,1107.1588038808059,1931220,NESTLEIND.NS,Nestlé India,FMCG
2024-12-13,1108.905517578125,1111.046119882549,1086.6388325679586,1094.8811966324952,1109322,NESTLEIND.NS,Nestlé India,FMCG
2024-12-16,1101.6473388671875,1110.8738659933783,1096.628132137954,1108.9055402064575,1331372,NESTLEIND.NS,Nestlé India,FMCG
2024-12-17,1084.0308837890625,1099.285409830194,1082.5792674351453,1095.373386050288,2997812,NESTLEIND.NS,Nestlé India,FMCG
2024-12-18,1076.6988525390625,1089.4437141793733,1072.983613523296,1084.0308181698542,1932332,NESTLEIND.NS,Nestlé India,FMCG
2024-12-19,1063.0927734375,1079.7497794665567,1056.6957142450356,1075.19802581038,3107980,NESTLEIND.NS,Nestlé India,FMCG
2024-12-20,1064.6181640625,1070.2771004557142,1055.7114422061798,1062.8958790732609,3303524,NESTLEIND.NS,Nestlé India,FMCG
2024-12-23,1058.762451171875,1072.7375157069923,1056.8432615156632,1067.8167014147584,877434,NESTLEIND.NS,Nestlé India,FMCG
2024-12-24,1066.1929931640625,1070.2772937607742,1058.811770448471,1058.811770448471,645132,NESTLEIND.NS,Nestlé India,FMCG
2024-12-26,1057.9259033203125,1070.7692777302723,1056.2036181769045,1062.010203544953,1047852,NESTLEIND.NS,Nestlé India,FMCG
2024-12-27,1065.651611328125,1067.349268263628,1058.467174270808,1062.4038257790212,925334,NESTLEIND.NS,Nestlé India,FMCG
2024-12-30,1062.8468017578125,1071.2614436048582,1057.4831613719982,1069.7851990799088,2470980,NESTLEIND.NS,Nestlé India,FMCG
2024-12-31,1067.8414306640625,1070.055797305322,1056.867989725517,1060.4355804253237,1271114,NESTLEIND.NS,Nestlé India,FMCG
2025-01-01,1067.4476318359375,1072.3684460889556,1061.5672828309941,1067.816692904914,908580,NESTLEIND.NS,Nestlé India,FMCG
2025-01-02,1082.6776123046875,1086.3928513826922,1064.445970048882,1067.3246946660897,1258328,NESTLEIND.NS,Nestlé India,FMCG
2025-01-03,1098.6702880859375,1101.2537158364617,1081.6197129873103,1082.6776401065028,2022900,NESTLEIND.NS,Nestlé India,FMCG
2025-01-06,1075.197998046875,1104.6736296639017,1067.8167760923197,1103.9847636696402,2276932,NESTLEIND.NS,Nestlé India,FMCG
2025-01-07,1088.803955078125,1090.6001244244785,1072.688287845348,1077.7567507276508,1191638,NESTLEIND.NS,Nestlé India,FMCG
2025-01-08,1092.37158203125,1094.8566174249133,1079.897389136387,1093.8970826079353,899000,NESTLEIND.NS,Nestlé India,FMCG
2025-01-09,1110.160400390625,1117.910683375364,1084.5721645045023,1090.1818450862454,2294636,NESTLEIND.NS,Nestlé India,FMCG
2025-01-10,1106.14990234375,1120.9616028328523,1102.8776085817078,1118.0337420767496,1619708,NESTLEIND.NS,Nestlé India,FMCG
2025-01-13,1100.95849609375,1112.6699386630303,1093.1835850441817,1104.7228711857224,1609062,NESTLEIND.NS,Nestlé India,FMCG
2025-01-14,1091.953369140625,1110.4310516746082,1082.2101323720638,1107.7737397538697,1405098,NESTLEIND.NS,Nestlé India,FMCG
2025-01-15,1082.4068603515625,1092.470021620178,1068.8992492389511,1091.9533120956053,1447250,NESTLEIND.NS,Nestlé India,FMCG
2025-01-16,1067.4722900390625,1091.559652459475,1061.1736235901535,1085.0888295890952,2651618,NESTLEIND.NS,Nestlé India,FMCG
2025-01-17,1091.04296875,1095.5455861073265,1069.0715800253274,1073.057367694796,911802,NESTLEIND.NS,Nestlé India,FMCG
2025-01-20,1089.4683837890625,1094.8812800048167,1083.7356826699363,1092.027183427276,802216,NESTLEIND.NS,Nestlé India,FMCG
2025-01-21,1080.832275390625,1102.2624465370977,1078.4211243436541,1094.881224796894,1528828,NESTLEIND.NS,Nestlé India,FMCG
2025-01-22,1086.41748046875,1088.9516519540375,1079.700496401531,1080.8323077963776,896072,NESTLEIND.NS,Nestlé India,FMCG
2025-01-23,1082.0625,1087.3032396194294,1065.3563584980802,1079.7004849699103,992014,NESTLEIND.NS,Nestlé India,FMCG
2025-01-24,1086.466552734375,1093.7740101019974,1077.7075992973807,1083.563320321493,1327200,NESTLEIND.NS,Nestlé India,FMCG
2025-01-27,1070.1541748046875,1098.276582705754,1067.1279218248944,1073.7463935561284,1099972,NESTLEIND.NS,Nestlé India,FMCG
2025-01-28,1061.0753173828125,1073.6480232009026,1054.333825146736,1070.1541966445525,1442066,NESTLEIND.NS,Nestlé India,FMCG
2025-01-29,1073.08203125,1075.1487493843515,1048.7486267299453,1061.075291507899,794290,NESTLEIND.NS,Nestlé India,FMCG
2025-01-30,1091.1168212890625,1098.6701992571716,1073.0819645589147,1077.1662645093195,1149120,NESTLEIND.NS,Nestlé India,FMCG
2025-01-31,1138.282958984375,1174.59859953707,1087.2541288970071,1091.1170169209956,6279774,NESTLEIND.NS,Nestlé India,FMCG
2025-02-01,1145.1719970703125,1168.2014343786557,1110.7509215464281,1138.1844640765926,2493130,NESTLEIND.NS,Nestlé India,FMCG
2025-02-03,1140.2020263671875,1168.2014140578885,1137.54471433721,1145.1719771501405,2281742,NESTLEIND.NS,Nestlé India,FMCG
2025-02-04,1131.5167236328125,1143.0068741286045,1123.7664404017578,1142.809969456362,2487034,NESTLEIND.NS,Nestlé India,FMCG
2025-02-05,1106.66650390625,1130.7538657888624,1095.0041980854996,1123.8155897335878,2950590,NESTLEIND.NS,Nestlé India,FMCG
2025-02-06,1101.991943359375,1116.5329764007383,1095.865552421527,1116.5329764007383,1973914,NESTLEIND.NS,Nestlé India,FMCG
2025-02-07,1101.9422607421875,1108.3307138131295,1093.2509032153193,1106.3497831360728,1585116,NESTLEIND.NS,Nestlé India,FMCG
2025-02-10,1099.9366455078125,1115.5116902086866,1092.5823913296604,1106.8451176987412,1520362,NESTLEIND.NS,Nestlé India,FMCG
2025-02-11,1087.283447265625,1105.4090133553293,1078.5920887643615,1099.936667565169,953674,NESTLEIND.NS,Nestlé India,FMCG
2025-02-12,1086.416748046875,1096.4452103365384,1075.4968427057347,1096.4452103365384,1006516,NESTLEIND.NS,Nestlé India,FMCG
2025-02-13,1078.3939208984375,1094.5632191537754,1075.9672082802335,1086.416665942577,1022294,NESTLEIND.NS,Nestlé India,FMCG
2025-02-14,1087.456787109375,1101.8927721436544,1074.6797590982899,1078.3940043976506,1921722,NESTLEIND.NS,Nestlé India,FMCG
2025-02-17,1097.683349609375,1099.4166641700035,1074.655027589598,1087.456842064239,1603030,NESTLEIND.NS,Nestlé India,FMCG
2025-02-18,1100.6051025390625,1104.1213030665883,1089.487152621291,1097.683277975821,906118,NESTLEIND.NS,Nestlé India,FMCG
2025-02-19,1091.96337890625,1101.397586551477,1088.298705083353,1092.4833974516898,852958,NESTLEIND.NS,Nestlé India,FMCG
2025-02-20,1092.854736328125,1096.9156201961857,1082.9748683649673,1091.9632933067414,1316934,NESTLEIND.NS,Nestlé India,FMCG
2025-02-21,1096.9156494140625,1098.4757049696427,1084.2129789668518,1097.906114818334,1188490,NESTLEIND.NS,Nestlé India,FMCG
2025-02-24,1099.6146240234375,1108.2565312480936,1087.5557804834307,1089.0166927476246,968084,NESTLEIND.NS,Nestlé India,FMCG
2025-02-25,1114.4716796875,1117.4430760473917,1096.3710202536345,1100.6299491589564,1285668,NESTLEIND.NS,Nestlé India,FMCG
2025-02-27,1128.2391357421875,1130.0220218607592,1114.2735975014539,1119.3249469621758,1502006,NESTLEIND.NS,Nestlé India,FMCG
2025-02-28,1084.38623046875,1124.1782261763717,1082.0834467821023,1119.7211318875668,3687132,NESTLEIND.NS,Nestlé India,FMCG
2025-03-03,1082.3558349609375,1089.5119231842045,1065.1464989015506,1083.692939049016,1043550,NESTLEIND.NS,Nestlé India,FMCG
2025-03-04,1063.0169677734375,1071.7331114692508,1048.9028361258518,1069.7026090801887,2085044,NESTLEIND.NS,Nestlé India,FMCG
2025-03-05,1088.0263671875,1094.1425400993528,1044.9411173261835,1044.9411173261835,1693328,NESTLEIND.NS,Nestlé India,FMCG
2025-03-06,1090.106201171875,1097.633714072804,1074.8035590186282,1083.0739209737233,2514922,NESTLEIND.NS,Nestlé India,FMCG
2025-03-07,1108.5537109375,1112.2927423336657,1085.1787496164939,1090.007268867497,1051212,NESTLEIND.NS,Nestlé India,FMCG
2025-03-10,1113.481201171875,1126.1592071879243,1067.2760850427355,1108.9250843214413,1013160,NESTLEIND.NS,Nestlé India,FMCG
2025-03-11,1114.9669189453125,1125.3915920836164,1106.2261096313339,1109.717524555944,957110,NESTLEIND.NS,Nestlé India,FMCG
2025-03-12,1087.283447265625,1116.304133300601,1085.3767529126317,1113.7783980416264,717178,NESTLEIND.NS,Nestlé India,FMCG
2025-03-13,1085.525390625,1095.3310231518985,1081.6378861227452,1090.5520755278471,584340,NESTLEIND.NS,Nestlé India,FMCG
2025-03-17,1076.809326171875,1091.1710752262911,1067.7217572869406,1077.4035812618067,820010,NESTLEIND.NS,Nestlé India,FMCG
2025-03-18,1076.809326171875,1076.809326171875,1076.809326171875,1076.809326171875,0,NESTLEIND.NS,Nestlé India,FMCG
2025-03-19,1081.5882568359375,1096.1480503923126,1079.681562507791,1092.7309929983955,845086,NESTLEIND.NS,Nestlé India,FMCG
2025-03-20,1100.184326171875,1103.7499777459543,1080.1768507784652,1091.4929673368854,953748,NESTLEIND.NS,Nestlé India,FMCG
2025-03-21,1123.6087646484375,1126.6543974041263,1105.3346053950409,1109.7669138980498,1585274,NESTLEIND.NS,Nestlé India,FMCG
2025-03-24,1120.9840087890625,1133.3896121775324,1119.2506943289768,1125.7135052828667,861902,NESTLEIND.NS,Nestlé India,FMCG
2025-03-25,1116.675537109375,1129.130591543879,1104.467978126241,1119.2259372320905,1484284,NESTLEIND.NS,Nestlé India,FMCG
2025-03-26,1111.02978515625,1124.1040010803927,1109.370828142377,1116.7001754334624,1066938,NESTLEIND.NS,Nestlé India,FMCG
2025-03-27,1110.3365478515625,1123.1878127981931,1102.0166139458463,1109.4203189538612,1731172,NESTLEIND.NS,Nestlé India,FMCG
2025-03-28,1114.64501953125,1133.067652120625,1110.8317518540916,1110.8317518540916,1432302,NESTLEIND.NS,Nestlé India,FMCG
2025-04-01,1106.349853515625,1133.018182814548,1098.475701935983,1120.1667975044827,2040110,NESTLEIND.NS,Nestlé India,FMCG
2025-04-02,1094.8109130859375,1104.3689284416268,1063.7598467679886,1104.3689284416268,2601704,NESTLEIND.NS,Nestlé India,FMCG
2025-04-03,1112.1192626953125,1113.8031264165954,1087.0357748411589,1088.546258755138,635716,NESTLEIND.NS,Nestlé India,FMCG
2025-04-04,1120.2906494140625,1130.517277628005,1098.0547486440948,1106.3498967057878,1183470,NESTLEIND.NS,Nestlé India,FMCG
2025-04-07,1113.7784423828125,1117.9136841619688,1069.702728122221,1069.702728122221,1474570,NESTLEIND.NS,Nestlé India,FMCG
2025-04-08,1126.8524169921875,1130.591447991362,1104.9879420421892,1116.7497184560837,1747016,NESTLEIND.NS,Nestlé India,FMCG
2025-04-09,1161.2464599609375,1170.0368404995097,1125.2677312972378,1130.7152910676207,3706748,NESTLEIND.NS,Nestlé India,FMCG
2025-04-11,1169.4423828125,1174.6918974960852,1149.9550497212426,1161.6672540466122,2236634,NESTLEIND.NS,Nestlé India,FMCG
2025-04-15,1172.661376953125,1179.347017918437,1161.6177852688877,1179.347017918437,1561748,NESTLEIND.NS,Nestlé India,FMCG
2025-04-16,1180.2882080078125,1183.6558148056472,1162.3112354470095,1162.3112354470095,1354424,NESTLEIND.NS,Nestlé India,FMCG
2025-04-17,1196.7794189453125,1200.0478822972814,1168.0559216789884,1174.6919916503628,1815842,NESTLEIND.NS,Nestlé India,FMCG
2025-04-21,1188.2613525390625,1198.9584277664642,1183.853829647143,1189.0537732619912,953130,NESTLEIND.NS,Nestlé India,FMCG
2025-04-22,1192.1737060546875,1198.4631371800922,1183.6061561406696,1191.034646660381,975908,NESTLEIND.NS,Nestlé India,FMCG
2025-04-23,1205.0992431640625,1209.3087212515024,1188.5585188065743,1198.1165344099288,1165112,NESTLEIND.NS,Nestlé India,FMCG
2025-04-24,1205.000244140625,1245.5103052891684,1178.1586545856587,1205.8916872282805,4674476,NESTLEIND.NS,Nestlé India,FMCG
2025-04-25,1195.244140625,1205.9906662061196,1182.2690678581284,1201.8802105488924,2256568,NESTLEIND.NS,Nestlé India,FMCG
2025-04-28,1191.5299072265625,1197.6707445038971,1181.6252529686526,1188.5585109491894,1961052,NESTLEIND.NS,Nestlé India,FMCG
2025-04-29,1182.3680419921875,1191.5298467154778,1168.3529327477086,1191.5298467154778,1952120,NESTLEIND.NS,Nestlé India,FMCG
2025-04-30,1182.7147216796875,1191.7279327277263,1170.8787083949583,1176.177674156188,2040862,NESTLEIND.NS,Nestlé India,FMCG
2025-05-02,1154.78369140625,1181.031025810111,1152.406550146879,1176.1777209277343,1265148,NESTLEIND.NS,Nestlé India,FMCG
2025-05-05,1153.0008544921875,1164.7874180225112,1150.772307136277,1163.252148148089,1827594,NESTLEIND.NS,Nestlé India,FMCG
2025-05-06,1167.015869140625,1175.7814638363993,1153.8922024602828,1157.3588313947128,1742026,NESTLEIND.NS,Nestlé India,FMCG
2025-05-07,1158.0521240234375,1166.76826810701,1152.5551134705227,1154.3874503214943,1353304,NESTLEIND.NS,Nestlé India,FMCG
2025-05-08,1159.191162109375,1163.8464220549163,1146.5132774741614,1152.9017309713568,2693092,NESTLEIND.NS,Nestlé India,FMCG
2025-05-09,1151.614013671875,1163.3015531602741,1134.9246967116078,1140.0256174435722,1816458,NESTLEIND.NS,Nestlé India,FMCG
2025-05-12,1180.5357666015625,1183.1109525304319,1161.815945850311,1168.6501814777741,801500,NESTLEIND.NS,Nestlé India,FMCG
2025-05-13,1173.800537109375,1183.5071465221918,1159.8349989632625,1178.6538418157834,2333552,NESTLEIND.NS,Nestlé India,FMCG
2025-05-14,1173.8995361328125,1178.257608045939,1165.4311295613797,1171.225327932659,1203066,NESTLEIND.NS,Nestlé India,FMCG
2025-05-15,1187.6175537109375,1195.9373661179718,1159.5873352959466,1173.7014668594463,1928224,NESTLEIND.NS,Nestlé India,FMCG
2025-05-16,1192.9166259765625,1195.7889999961133,1177.019606957387,1195.7889999961133,1369102,NESTLEIND.NS,Nestlé India,FMCG
2025-05-19,1192.42138671875,1199.5032389107862,1186.6766387110943,1190.5394781709713,845862,NESTLEIND.NS,Nestlé India,FMCG
2025-05-20,1168.00634765625,1198.3641369896773,1165.926394453538,1198.3641369896773,1555350,NESTLEIND.NS,Nestlé India,FMCG
2025-05-21,1184.893798828125,1187.5680070285068,1168.006315503225,1168.006315503225,1350296,NESTLEIND.NS,Nestlé India,FMCG
2025-05-22,1169.591064453125,1181.130010752029,1158.8445388510472,1181.130010752029,2161612,NESTLEIND.NS,Nestlé India,FMCG
2025-05-23,1195.6898193359375,1200.444101764903,1164.8369179010303,1166.7682771279337,1154460,NESTLEIND.NS,Nestlé India,FMCG
2025-05-26,1215.3011474609375,1220.6991359799154,1191.232787865031,1195.6898825378707,1248708,NESTLEIND.NS,Nestlé India,FMCG
2025-05-27,1218.7181396484375,1229.1675982946565,1204.5049849131,1213.3697230530363,1584098,NESTLEIND.NS,Nestlé India,FMCG
2025-05-28,1197.9678955078125,1216.6381440262576,1196.4821974149959,1214.3601461611242,1447242,NESTLEIND.NS,Nestlé India,FMCG
2025-05-29,1205.8917236328125,1208.2688649695144,1191.7775905225312,1199.1565099965621,1862596,NESTLEIND.NS,Nestlé India,FMCG
2025-05-30,1186.6766357421875,1216.786809712033,1183.8538333807955,1205.8916897227514,2134920,NESTLEIND.NS,Nestlé India,FMCG
2025-06-02,1191.678466796875,1196.383177433474,1184.1013823271737,1188.558476614478,2052718,NESTLEIND.NS,Nestlé India,FMCG
2025-06-03,1184.299560546875,1201.6327069514207,1179.644421017942,1196.3337406604608,1468888,NESTLEIND.NS,Nestlé India,FMCG
2025-06-04,1187.3203125,1190.440302465954,1181.080332568092,1182.8136468929097,1174082,NESTLEIND.NS,Nestlé India,FMCG
2025-06-05,1189.202392578125,1193.0156604622434,1178.9015274928895,1191.0347295191764,1467916,NESTLEIND.NS,Nestlé India,FMCG
2025-06-06,1197.076416015625,1199.8992181247283,1183.6061112322568,1190.4897971567732,1004606,NESTLEIND.NS,Nestlé India,FMCG
2025-06-09,1196.1356201171875,1202.0784127935551,1189.0537679965641,1200.9393533492994,678874,NESTLEIND.NS,Nestlé India,FMCG
2025-06-10,1204.1087646484375,1207.823009979351,1192.9660286556978,1196.1355905485977,1351562,NESTLEIND.NS,Nestlé India,FMCG
2025-06-11,1198.06689453125,1213.3200855016978,1192.520312607383,1209.6058403419986,1751374,NESTLEIND.NS,Nestlé India,FMCG
2025-06-12,1181.4271240234375,1202.4745128210511,1171.86910916465,1201.929708513135,2717158,NESTLEIND.NS,Nestlé India,FMCG
2025-06-13,1177.0692138671875,1178.6539344717455,1162.2122314998967,1169.7397450513708,829756,NESTLEIND.NS,Nestlé India,FMCG
2025-06-16,1183.5072021484375,1186.0823881627452,1171.2749779006544,1173.7511415502634,532308,NESTLEIND.NS,Nestlé India,FMCG
2025-06-17,1169.7396240234375,1182.070869749855,1165.2825297744066,1178.7033841535006,1531068,NESTLEIND.NS,Nestlé India,FMCG
2025-06-18,1159.2408447265625,1170.779791976332,1151.6141878370101,1170.6806487012416,1308554,NESTLEIND.NS,Nestlé India,FMCG
2025-06-19,1148.39501953125,1159.2406878260485,1143.9874970178603,1159.2406878260485,1474774,NESTLEIND.NS,Nestlé India,FMCG
2025-06-20,1168.9471435546875,1187.5679402718065,1148.3949877910177,1157.9035517610268,22941194,NESTLEIND.NS,Nestlé India,FMCG
2025-06-23,1168.3035888671875,1188.013754916867,1164.2425837311512,1175.1872754938126,1297744,NESTLEIND.NS,Nestlé India,FMCG
2025-06-24,1171.62158203125,1180.436748544824,1167.6101486747734,1176.1776988306988,1100860,NESTLEIND.NS,Nestlé India,FMCG
2025-06-25,1190.737548828125,1202.8707509289286,1174.692056453308,1174.692056453308,2300288,NESTLEIND.NS,Nestlé India,FMCG
2025-06-26,1204.1087646484375,1210.1507004451953,1190.1432263854883,1198.4631601080187,3115098,NESTLEIND.NS,Nestlé India,FMCG
2025-06-27,1217.628662109375,1220.1048257045486,1201.4841480126986,1212.8249289160235,2375672,NESTLEIND.NS,Nestlé India,FMCG
2025-06-30,1220.897216796875,1225.998137860462,1209.8535032490518,1222.2343209245437,1658010,NESTLEIND.NS,Nestlé India,FMCG
2025-07-01,1193.5604248046875,1223.9180937639178,1191.1337119369591,1223.224816319667,1077220,NESTLEIND.NS,Nestlé India,FMCG
2025-07-02,1182.61572265625,1195.4422016038968,1178.6538609388087,1193.7584587365538,1475052,NESTLEIND.NS,Nestlé India,FMCG
2025-07-03,1182.8138427734375,1193.0652573458933,1181.130099798771,1188.5090193552765,1263638,NESTLEIND.NS,Nestlé India,FMCG
2025-07-04,1189.9752197265625,1192.0639182039135,1177.1942499762101,1186.0463588285445,790114,NESTLEIND.NS,Nestlé India,FMCG
2025-07-07,1204.5465087890625,1206.485988399062,1187.5880215568675,1193.257363043616,868414,NESTLEIND.NS,Nestlé India,FMCG
2025-07-08,1202.457763671875,1211.3099940253194,1197.0370793069835,1204.5465835843777,711576,NESTLEIND.NS,Nestlé India,FMCG
2025-07-09,1207.3812255859375,1211.7078412450428,1200.7669126559226,1203.5021448032028,790360,NESTLEIND.NS,Nestlé India,FMCG
2025-07-10,1194.2520751953125,1211.9067559621665,1192.3623755126587,1205.9887566090497,569850,NESTLEIND.NS,Nestlé India,FMCG
2025-07-11,1195.29638671875,1207.8286981733916,1192.1136198592378,1195.545044173861,741064,NESTLEIND.NS,Nestlé India,FMCG
2025-07-14,1190.02490234375,1200.8663926009767,1182.1176431577876,1196.1916806091774,942914,NESTLEIND.NS,Nestlé India,FMCG
2025-07-15,1201.662109375,1203.5021503632606,1183.6593328963238,1190.0248669730329,1064608,NESTLEIND.NS,Nestlé India,FMCG
2025-07-16,1223.394775390625,1238.3142238709984,1197.2359604891237,1201.5129176194105,2810630,NESTLEIND.NS,Nestlé India,FMCG
2025-07-17,1217.9739990234375,1228.3678321138764,1216.4820542880764,1222.4000531724323,546708,NESTLEIND.NS,Nestlé India,FMCG
2025-07-18,1229.4619140625,1231.799269890468,1208.972563756088,1222.897381438182,899652,NESTLEIND.NS,Nestlé India,FMCG
2025-07-21,1229.660888671875,1232.5452180031384,1215.934948660959,1229.8099860122854,957974,NESTLEIND.NS,Nestlé India,FMCG
2025-07-22,1215.1890869140625,1232.0977953057459,1212.4538546742315,1229.7604393110287,774548,NESTLEIND.NS,Nestlé India,FMCG
2025-07-23,1219.6649169921875,1227.8706136814315,1210.2657129867848,1223.3947791236621,720228,NESTLEIND.NS,Nestlé India,FMCG
2025-07-24,1154.8150634765625,1230.8544687583912,1148.7975041744985,1219.814101442787,5372012,NESTLEIND.NS,Nestlé India,FMCG
2025-07-25,1131.192626953125,1151.2343221843544,1126.9156698432353,1151.2343221843544,3178714,NESTLEIND.NS,Nestlé India,FMCG
2025-07-28,1108.6641845703125,1143.7745453626287,1105.083541399776,1131.2422335583633,1879938,NESTLEIND.NS,Nestlé India,FMCG
2025-07-29,1105.879150390625,1122.9868562874594,1103.9893294337664,1109.0122586329464,1801922,NESTLEIND.NS,Nestlé India,FMCG
2025-07-30,1109.75830078125,1113.7368203448843,1104.8845900328415,1109.0123283630685,929698,NESTLEIND.NS,Nestlé India,FMCG
2025-07-31,1117.814697265625,1126.8658043312419,1104.5364134712797,1106.5256731083284,1346218,NESTLEIND.NS,Nestlé India,FMCG
2025-08-01,1132.137451171875,1137.7073541690092,1115.527180884661,1117.814756740116,1410024,NESTLEIND.NS,Nestlé India,FMCG
2025-08-04,1132.5849609375,1137.1603553765274,1122.937099964302,1136.861917855799,812794,NESTLEIND.NS,Nestlé India,FMCG
2025-08-05,1127.5621337890625,1135.0715161748567,1119.008341513333,1133.7287901840648,1135934,NESTLEIND.NS,Nestlé India,FMCG
2025-08-06,1110.6534423828125,1130.0983830331204,1107.0727992183497,1128.904875783225,1127544,NESTLEIND.NS,Nestlé India,FMCG
2025-08-07,1111.300048828125,1117.1682681749041,1101.5526271282547,1111.996241200351,1014230,NESTLEIND.NS,Nestlé India,FMCG
2025-08-08,1090.6116943359375,1120.351152873928,1087.5283659034894,1115.9747569949127,1242852,NESTLEIND.NS,Nestlé India,FMCG
2025-08-11,1099.0660400390625,1102.9451209339215,1081.1627018302813,1091.1090008351598,1038967,NESTLEIND.NS,Nestlé India,FMCG
2025-08-12,1085.2406005859375,1103.641252735213,1083.1519021924885,1102.0498692647172,758197,NESTLEIND.NS,Nestlé India,FMCG
2025-08-13,1091.009521484375,1094.8886022347256,1080.7647853250874,1085.240619710543,813725,NESTLEIND.NS,Nestlé India,FMCG
2025-08-14,1083.5498046875,1097.0767466368754,1078.874971449518,1093.9934183227558,941698,NESTLEIND.NS,Nestlé India,FMCG
2025-08-18,1137.9560546875,1163.6175549074978,1114.482813116333,1114.482813116333,3478231,NESTLEIND.NS,Nestlé India,FMCG
2025-08-19,1155.1630859375,1161.7276184023674,1124.1305630080258,1143.4264056103345,1851158,NESTLEIND.NS,Nestlé India,FMCG
2025-08-20,1183.907958984375,1186.3945336092982,1150.488298893585,1158.743775214241,1652532,NESTLEIND.NS,Nestlé India,FMCG
2025-08-21,1173.0665283203125,1183.90801851306,1162.5234756634727,1183.6095809771525,991563,NESTLEIND.NS,Nestlé India,FMCG
2025-08-22,1156.655029296875,1184.6041026499095,1151.7813189492822,1168.6900257041507,921658,NESTLEIND.NS,Nestlé India,FMCG
2025-08-25,1146.8082275390625,1160.5341681605148,1142.6308306967653,1156.6550874270804,931358,NESTLEIND.NS,Nestlé India,FMCG
2025-08-26,1155.958740234375,1172.6685699496952,1142.8296750400336,1142.8296750400336,3619892,NESTLEIND.NS,Nestlé India,FMCG
2025-08-28,1156.15771484375,1161.926494889977,1148.7974299705086,1159.340481668236,1065888,NESTLEIND.NS,Nestlé India,FMCG
2025-08-29,1149.990966796875,1178.0396009960516,1143.8243103850568,1154.0690462526763,1593255,NESTLEIND.NS,Nestlé India,FMCG
2025-09-01,1168.0933837890625,1169.6847673528443,1149.9910466835413,1151.681990369571,643866,NESTLEIND.NS,Nestlé India,FMCG
2025-09-02,1194.4510498046875,1196.042433333235,1166.1040981622782,1168.0933579266577,1773623,NESTLEIND.NS,Nestlé India,FMCG
2025-09-03,1188.3837890625,1200.0209096996446,1184.9025846000477,1200.0209096996446,827824,NESTLEIND.NS,Nestlé India,FMCG
2025-09-04,1206.088134765625,1231.5506347047078,1201.512861727433,1223.394718480747,3346196,NESTLEIND.NS,Nestlé India,FMCG
2025-09-05,1202.0101318359375,1209.867731660062,1184.6041100675232,1205.4913361896204,1434458,NESTLEIND.NS,Nestlé India,FMCG
2025-09-08,1181.32177734375,1204.496700493893,1178.8352028175445,1202.0101259676876,1112974,NESTLEIND.NS,Nestlé India,FMCG
2025-09-09,1195.7440185546875,1197.5344009426078,1181.520883817611,1188.7816092468818,1295618,NESTLEIND.NS,Nestlé India,FMCG
2025-09-10,1210.9619140625,1212.652736341684,1195.2467129362683,1201.7118073439942,1015673,NESTLEIND.NS,Nestlé India,FMCG
2025-09-11,1214.244140625,1218.3220986302517,1205.5907882865274,1205.5907882865274,783400,NESTLEIND.NS,Nestlé India,FMCG
2025-09-12,1211.061279296875,1216.4323047619353,1203.0048018066727,1213.6472926201184,632659,NESTLEIND.NS,Nestlé India,FMCG
2025-09-15,1205.9886474609375,1213.4483710534794,1203.1041967222002,1205.690209951327,523120,NESTLEIND.NS,Nestlé India,FMCG
2025-09-16,1197.7332763671875,1208.4753278472988,1194.7493866687992,1205.4914381489104,1137133,NESTLEIND.NS,Nestlé India,FMCG
2025-09-17,1197.832763671875,1206.088118486698,1189.1794112237224,1200.518215671261,1005661,NESTLEIND.NS,Nestlé India,FMCG
2025-09-18,1202.60693359375,1206.784451834298,1193.5558261947288,1198.628414173101,1345158,NESTLEIND.NS,Nestlé India,FMCG
2025-09-19,1188.0853271484375,1205.4913491033121,1184.6041227574626,1205.4913491033121,2395784,NESTLEIND.NS,Nestlé India,FMCG
2025-09-22,1181.918701171875,1194.7493291251474,1177.6417442442664,1192.4617533154308,1107323,NESTLEIND.NS,Nestlé India,FMCG
2025-09-23,1162.1256103515625,1188.0854267022848,1158.7438443768622,1183.4107146943174,2114020,NESTLEIND.NS,Nestlé India,FMCG
2025-09-24,1172.270751953125,1178.8352848763102,1155.1631665878808,1161.6282608060503,1395188,NESTLEIND.NS,Nestlé India,FMCG
2025-09-25,1167.1981201171875,1185.9966484224817,1165.3082991335739,1178.1390483841574,1273981,NESTLEIND.NS,Nestlé India,FMCG
2025-09-26,1156.356689453125,1172.6686439831756,1153.9695534266914,1163.716974945136,1011036,NESTLEIND.NS,Nestlé India,FMCG
2025-09-29,1146.3109130859375,1155.8593354542834,1143.0285859836415,1153.7706370322667,2130382,NESTLEIND.NS,Nestlé India,FMCG
2025-09-30,1146.708740234375,1153.3727114419714,1140.2436464242578,1149.394192174207,1409305,NESTLEIND.NS,Nestlé India,FMCG
2025-10-01,1160.1363525390625,1162.9212434411497,1138.8512481595,1151.6819982950838,727804,NESTLEIND.NS,Nestlé India,FMCG
2025-10-03,1163.6175537109375,1165.0100598651647,1148.2007901361587,1153.7706933382833,1159975,NESTLEIND.NS,Nestlé India,FMCG
2025-10-06,1175.35400390625,1177.3432635363968,1157.2517898378244,1157.2517898378244,639965,NESTLEIND.NS,Nestlé India,FMCG
2025-10-07,1170.48046875,1185.7976714744277,1168.6900864346571,1175.3540579360754,922441,NESTLEIND.NS,Nestlé India,FMCG
2025-10-08,1174.1605224609375,1176.1497821347384,1152.3781047498635,1163.7169091734831,893579,NESTLEIND.NS,Nestlé India,FMCG
2025-10-09,1181.42138671875,1182.7143326774262,1166.6013776416564,1168.789514750048,922191,NESTLEIND.NS,Nestlé India,FMCG
2025-10-10,1193.0584716796875,1195.5450462350848,1178.0395856480416,1180.0288452923596,1110822,NESTLEIND.NS,Nestlé India,FMCG
2025-10-13,1181.7197265625,1194.3515987849366,1175.5530699224173,1192.5612164495426,1062394,NESTLEIND.NS,Nestlé India,FMCG
2025-10-14,1169.1873779296875,1187.8864675037457,1164.7115436458223,1183.708949323273,1293553,NESTLEIND.NS,Nestlé India,FMCG
2025-10-15,1214.8409423828125,1218.4215856167714,1169.1874072591957,1169.1874072591957,2283392,NESTLEIND.NS,Nestlé India,FMCG
2025-10-16,1269.7445068359375,1279.5913671349344,1209.9672740922251,1214.8409848881713,6927367,NESTLEIND.NS,Nestlé India,FMCG
2025-10-17,1282.5751953125,1304.5564907785995,1254.5266820266756,1257.112695361256,3171952,NESTLEIND.NS,Nestlé India,FMCG
2025-10-20,1278.4971923828125,1298.5886661411737,1273.9219195028143,1282.575150353794,1246633,NESTLEIND.NS,Nestlé India,FMCG
2025-10-21,1280.3870849609375,1285.0617968013464,1270.4407862240848,1273.1262383171234,245138,NESTLEIND.NS,Nestlé India,FMCG
2025-10-23,1265.9649658203125,1296.7984922462133,1263.9757060508996,1280.0886616172322,1751448,NESTLEIND.NS,Nestlé India,FMCG
2025-10-24,1275.115478515625,1277.6020531617164,1252.636867997915,1267.5563158744628,1433533,NESTLEIND.NS,Nestlé India,FMCG
2025-10-27,1276.110107421875,1285.260653546752,1268.9488210123866,1275.1154775641805,1107997,NESTLEIND.NS,Nestlé India,FMCG
2025-10-28,1264.174560546875,1281.9784594433547,1256.913713954219,1276.9058714062562,1343829,NESTLEIND.NS,Nestlé India,FMCG
2025-10-29,1266.163818359375,1274.1208572807222,1259.6987242357804,1268.153078089712,836932,NESTLEIND.NS,Nestlé India,FMCG
2025-10-30,1273.0267333984375,1274.5186781313644,1260.8921767217676,1271.1369124537753,728703,NESTLEIND.NS,Nestlé India,FMCG
2025-10-31,1264.7713623046875,1277.1047974036921,1262.7821024956475,1273.0268390781168,943037,NESTLEIND.NS,Nestlé India,FMCG
2025-11-03,1259.8975830078125,1263.0804713781406,1248.757777248606,1262.7820338570928,847050,NESTLEIND.NS,Nestlé India,FMCG
2025-11-04,1258.206787109375,1262.1853065943058,1243.9835313848357,1259.2014169806077,770668,NESTLEIND.NS,Nestlé India,FMCG
2025-11-06,1259.30078125,1272.0320914151678,1253.3330023753474,1258.2067127392681,1171263,NESTLEIND.NS,Nestlé India,FMCG
2025-11-07,1255.9190673828125,1264.0751050299518,1249.6529721549566,1257.2121347582056,596683,NESTLEIND.NS,Nestlé India,FMCG
2025-11-10,1256.1180419921875,1266.3626564363824,1253.4324685907732,1256.3169193931333,737986,NESTLEIND.NS,Nestlé India,FMCG
2025-11-11,1261.2901611328125,1263.3788596551337,1248.2605336304632,1261.1907224250417,729912,NESTLEIND.NS,Nestlé India,FMCG
2025-11-12,1271.3358154296875,1279.9891679036207,1254.8249843360766,1263.1798992915108,824792,NESTLEIND.NS,Nestlé India,FMCG
2025-11-13,1268.3519287109375,1282.3763066454585,1263.4783396063588,1273.1262005288309,691337,NESTLEIND.NS,Nestlé India,FMCG
2025-11-14,1264.7713623046875,1272.1316478810922,1255.6208157490166,1268.3520056780028,675047,NESTLEIND.NS,Nestlé India,FMCG
2025-11-17,1263.4783935546875,1271.1369951158424,1257.3116154086997,1265.1692157960497,774802,NESTLEIND.NS,Nestlé India,FMCG
2025-11-18,1258.30615234375,1263.080424012819,1245.87327967927,1255.3222629042748,810387,NESTLEIND.NS,Nestlé India,FMCG
2025-11-19,1272.131591796875,1273.1262216575449,1256.2175140261556,1261.091224626394,726287,NESTLEIND.NS,Nestlé India,FMCG
2025-11-20,1272.3304443359375,1281.6799891264577,1268.3519249710162,1281.0832355046746,796864,NESTLEIND.NS,Nestlé India,FMCG
2025-11-21,1273.8223876953125,1281.9784252332868,1266.163786492181,1268.1530461724517,673231,NESTLEIND.NS,Nestlé India,FMCG
2025-11-24,1262.3841552734375,1278.8951078919692,1252.7362943079568,1278.099355447181,2636542,NESTLEIND.NS,Nestlé India,FMCG
2025-11-25,1256.4163818359375,1264.075104553466,1244.0830687896535,1260.5939000677104,1065974,NESTLEIND.NS,Nestlé India,FMCG
2025-11-26,1269.9434814453125,1275.8117006151708,1250.3491999281139,1250.3491999281139,810809,NESTLEIND.NS,Nestlé India,FMCG
2025-11-27,1259.5992431640625,1272.6288696765455,1253.730902874002,1269.1476652655506,708607,NESTLEIND.NS,Nestlé India,FMCG
2025-11-28,1254.32763671875,1262.8814288536962,1251.443185969294,1259.4997846109952,626947,NESTLEIND.NS,Nestlé India,FMCG
2025-12-01,1253.830322265625,1257.2120879243255,1244.8786539180626,1253.830322265625,644563,NESTLEIND.NS,Nestlé India,FMCG
2025-12-02,1252.1395263671875,1255.023977178099,1244.2819263701444,1244.2819263701444,911551,NESTLEIND.NS,Nestlé India,FMCG
2025-12-03,1235.2308349609375,1251.2443512625023,1229.4619332651996,1250.249721412532,642993,NESTLEIND.NS,Nestlé India,FMCG
2025-12-04,1235.7281494140625,1238.3141627400423,1226.577481948965,1235.2308344892674,664641,NESTLEIND.NS,Nestlé India,FMCG
2025-12-05,1240.2039794921875,1242.2926778862227,1227.5721075967606,1230.8544346550846,911699,NESTLEIND.NS,Nestlé India,FMCG
2025-12-08,1208.2763671875,1241.29802900868,1206.287107525627,1240.2039604776048,1534927,NESTLEIND.NS,Nestlé India,FMCG
2025-12-09,1209.27099609375,1214.9403375598429,1200.816642537255,1208.375804963637,810028,NESTLEIND.NS,Nestlé India,FMCG
2025-12-10,1202.805908203125,1215.2387811423998,1198.5289513461046,1209.271002131548,514862,NESTLEIND.NS,Nestlé India,FMCG
2025-12-11,1208.4752197265625,1213.8462449860792,1199.3246740361055,1202.9053170708594,339626,NESTLEIND.NS,Nestlé India,FMCG
2025-12-12,1231.650146484375,1233.340968601226,1208.8730994748335,1212.453742520076,841766,NESTLEIND.NS,Nestlé India,FMCG
2025-12-15,1236.822265625,1241.2981001206274,1218.918927642491,1231.3518012414556,857798,NESTLEIND.NS,Nestlé India,FMCG
2025-12-16,1233.937744140625,1257.2121064705827,1227.77108775391,1229.859786116199,1086329,NESTLEIND.NS,Nestlé India,FMCG
2025-12-17,1227.969970703125,1234.7335021508634,1217.725356245691,1230.3571065914311,526222,NESTLEIND.NS,Nestlé India,FMCG
2025-12-18,1226.8759765625,1237.2201517625622,1220.9081971872467,1228.0694838716379,707432,NESTLEIND.NS,Nestlé India,FMCG
2025-12-19,1237.7174072265625,1239.5076681042303,1223.096275611005,1224.1904655757078,754446,NESTLEIND.NS,Nestlé India,FMCG
2025-12-22,1250.4486083984375,1253.1341818628018,1233.3410234137705,1239.308802559321,880387,NESTLEIND.NS,Nestlé India,FMCG
2025-12-23,1249.75244140625,1254.7255907950532,1244.3814157833865,1253.2336459784121,663261,NESTLEIND.NS,Nestlé India,FMCG
2025-12-24,1252.9351806640625,1257.3115763121143,1241.198621215625,1244.381388187966,598956,NESTLEIND.NS,Nestlé India,FMCG
2025-12-26,1265.7659912109375,1270.1423870703306,1244.6798858176567,1257.2121983217683,1433973,NESTLEIND.NS,Nestlé India,FMCG
2025-12-29,1273.126220703125,1279.591314792633,1263.9756745577324,1268.1530714035034,888206,NESTLEIND.NS,Nestlé India,FMCG
2025-12-30,1267.2579345703125,1282.0779444014315,1260.892278910964,1277.1047948886253,2043408,NESTLEIND.NS,Nestlé India,FMCG
2025-12-31,1281.083251953125,1287.3494685992414,1263.577790805665,1267.357311402002,738631,NESTLEIND.NS,Nestlé India,FMCG
2026-01-01,1288.045654296875,1292.0241736923865,1277.104725959218,1286.0563945991191,932297,NESTLEIND.NS,Nestlé India,FMCG
2026-01-02,1272.8277587890625,1292.0241632836676,1270.7390604062011,1285.0617543976125,736473,NESTLEIND.NS,Nestlé India,FMCG
2026-01-05,1307.5404052734375,1312.9114308644753,1271.6342911819938,1272.1316061179273,2397082,NESTLEIND.NS,Nestlé India,FMCG
2026-01-06,1312.81201171875,1316.3926550278604,1291.4274691550181,1311.916820537777,866154,NESTLEIND.NS,Nestlé India,FMCG
2026-01-07,1307.7393798828125,1325.5431571277572,1297.196206304414,1305.4516826539652,676669,NESTLEIND.NS,Nestlé India,FMCG
2026-01-08,1299.8818359375,1308.0377525223769,1292.024235472685,1302.0699731437503,555817,NESTLEIND.NS,Nestlé India,FMCG
2026-01-09,1292.1236572265625,1303.760899711072,1283.1719882760692,1299.8818188829023,1194489,NESTLEIND.NS,Nestlé India,FMCG
2026-01-12,1305.352294921875,1310.9221980357322,1284.6639445963697,1286.0564507285294,1032516,NESTLEIND.NS,Nestlé India,FMCG
2026-01-13,1311.618408203125,1314.8012967505322,1301.9705466828477,1305.3523126455,1316337,NESTLEIND.NS,Nestlé India,FMCG
2026-01-14,1300.0806884765625,1321.0673546069077,1295.206977794309,1313.9060680554846,904110,NESTLEIND.NS,Nestlé India,FMCG
2026-01-15,1300.0806884765625,1300.0806884765625,1300.0806884765625,1300.0806884765625,0,NESTLEIND.NS,Nestlé India,FMCG
2026-01-16,1308.83349609375,1313.8066455420774,1298.2904435462522,1311.1210719911116,1491989,NESTLEIND.NS,Nestlé India,FMCG
2026-01-19,1308.5350341796875,1313.2098674228805,1298.4892967641995,1298.9866116997662,867546,NESTLEIND.NS,Nestlé India,FMCG
2026-01-20,1288.7418212890625,1310.0269239195488,1284.6638632717893,1307.9382255609235,1173676,NESTLEIND.NS,Nestlé India,FMCG
2026-01-21,1276.3089599609375,1304.655910352938,1264.4729620167993,1291.9247212713608,1046054,NESTLEIND.NS,Nestlé India,FMCG
2026-01-22,1298.986572265625,1304.9543513112558,1265.4675951919091,1278.9945367457171,994359,NESTLEIND.NS,Nestlé India,FMCG
2026-01-23,1286.8521728515625,1304.8549491943372,1283.3709683106754,1302.9651281606143,744221,NESTLEIND.NS,Nestlé India,FMCG
2026-01-27,1296.3011474609375,1306.9436384163773,1283.3709592574269,1293.0188203510581,1159495,NESTLEIND.NS,Nestlé India,FMCG
2026-01-28,1285.4595947265625,1298.9865359016962,1266.1637520695706,1290.2337449805539,940426,NESTLEIND.NS,Nestlé India,FMCG
2026-01-29,1280.9837646484375,1287.4488584541489,1255.5212656350518,1279.5912586227143,1151521,NESTLEIND.NS,Nestlé India,FMCG
2026-01-30,1325.244873046875,1332.4061595988705,1276.1101328160523,1279.094022448514,5292100,NESTLEIND.NS,Nestlé India,FMCG
2026-02-02,1301.2742919921875,1303.9597440432992,1267.059000588645,1290.5322409581852,1254558,NESTLEIND.NS,Nestlé India,FMCG
2026-02-03,1300.975830078125,1333.2018611611804,1284.1665615074633,1322.857686547329,1232271,NESTLEIND.NS,Nestlé India,FMCG
2026-02-04,1296.2015380859375,1320.8684062873333,1288.1450607943987,1306.5457125386122,875783,NESTLEIND.NS,Nestlé India,FMCG
2026-02-05,1296.5,1303.5618476004356,1280.0886075949368,1297.7930673614608,854891,NESTLEIND.NS,Nestlé India,FMCG
2026-02-06,1303.300048828125,1305.199951171875,1278.699951171875,1291.0999755859375,835646,NESTLEIND.NS,Nestlé India,FMCG
2026-02-09,1295.5999755859375,1307.0,1290.300048828125,1301.0,746303,NESTLEIND.NS,Nestlé India,FMCG
2026-02-10,1308.5999755859375,1310.300048828125,1296.5,1296.9000244140625,936331,NESTLEIND.NS,Nestlé India,FMCG
2026-02-11,1305.300048828125,1324.9000244140625,1296.699951171875,1315.0,911500,NESTLEIND.NS,Nestlé India,FMCG
2026-02-12,1305.5,1312.0999755859375,1295.0999755859375,1312.0999755859375,534672,NESTLEIND.NS,Nestlé India,FMCG
2026-02-13,1282.5999755859375,1310.4000244140625,1278.0,1305.0,522586,NESTLEIND.NS,Nestlé India,FMCG
2026-02-16,1289.800048828125,1295.5,1274.199951171875,1276.699951171875,456222,NESTLEIND.NS,Nestlé India,FMCG
2026-02-17,1285.300048828125,1289.5999755859375,1278.0,1281.0,396198,NESTLEIND.NS,Nestlé India,FMCG
2026-02-18,1300.9000244140625,1303.4000244140625,1278.0,1286.5999755859375,446022,NESTLEIND.NS,Nestlé India,FMCG
2026-02-19,1278.5,1300.0,1271.9000244140625,1299.800048828125,659360,NESTLEIND.NS,Nestlé India,FMCG
2026-02-20,1293.800048828125,1301.0,1276.4000244140625,1278.5,754146,NESTLEIND.NS,Nestlé India,FMCG
2026-02-23,1315.0999755859375,1318.5,1295.5,1299.0,933582,NESTLEIND.NS,Nestlé India,FMCG
2026-02-24,1320.0,1323.9000244140625,1305.5999755859375,1305.5999755859375,1120203,NESTLEIND.NS,Nestlé India,FMCG
2026-02-25,1323.4000244140625,1334.800048828125,1315.0,1328.0,991399,NESTLEIND.NS,Nestlé India,FMCG
2026-02-26,1318.0,1329.199951171875,1310.5999755859375,1329.199951171875,438946,NESTLEIND.NS,Nestlé India,FMCG
2026-02-27,1291.699951171875,1322.9000244140625,1286.0,1311.0999755859375,1640870,NESTLEIND.NS,Nestlé India,FMCG
2026-03-02,1279.699951171875,1288.0,1261.300048828125,1261.9000244140625,1161869,NESTLEIND.NS,Nestlé India,FMCG
2026-03-04,1245.300048828125,1270.0,1240.0,1259.699951171875,1112032,NESTLEIND.NS,Nestlé India,FMCG
2026-03-05,1250.9000244140625,1254.4000244140625,1222.699951171875,1249.5,935711,NESTLEIND.NS,Nestlé India,FMCG
2026-03-06,1252.4000244140625,1264.0999755859375,1234.199951171875,1250.0,830769,NESTLEIND.NS,Nestlé India,FMCG
2026-03-09,1235.800048828125,1242.5999755859375,1217.4000244140625,1227.0,1467475,NESTLEIND.NS,Nestlé India,FMCG
2026-03-10,1241.199951171875,1249.5,1233.5,1236.9000244140625,1301806,NESTLEIND.NS,Nestlé India,FMCG
2026-03-11,1233.699951171875,1245.9000244140625,1226.0999755859375,1237.0999755859375,1472136,NESTLEIND.NS,Nestlé India,FMCG
2026-03-12,1220.800048828125,1229.9000244140625,1209.300048828125,1225.0,1358564,NESTLEIND.NS,Nestlé India,FMCG
2026-03-13,1202.199951171875,1238.5999755859375,1200.5999755859375,1219.0,1681371,NESTLEIND.NS,Nestlé India,FMCG
2026-03-16,1213.4000244140625,1219.300048828125,1196.5,1200.0,1100151,NESTLEIND.NS,Nestlé India,FMCG
2026-03-17,1206.9000244140625,1225.0,1199.0999755859375,1213.4000244140625,1673011,NESTLEIND.NS,Nestlé India,FMCG
2026-03-18,1204.800048828125,1213.300048828125,1199.9000244140625,1206.0,1144239,NESTLEIND.NS,Nestlé India,FMCG
2026-03-19,1186.300048828125,1203.0,1177.699951171875,1193.0,826831,NESTLEIND.NS,Nestlé India,FMCG
2026-03-20,1193.5999755859375,1204.0,1177.5999755859375,1204.0,1395157,NESTLEIND.NS,Nestlé India,FMCG
2026-03-23,1166.800048828125,1189.0,1164.800048828125,1189.0,944890,NESTLEIND.NS,Nestlé India,FMCG
2026-03-24,1183.199951171875,1195.0999755859375,1163.199951171875,1180.0,1001494,NESTLEIND.NS,Nestlé India,FMCG
2026-03-25,1204.0999755859375,1217.800048828125,1180.0,1183.199951171875,1003662,NESTLEIND.NS,Nestlé India,FMCG
2026-03-27,1193.199951171875,1215.699951171875,1188.300048828125,1204.0999755859375,2005121,NESTLEIND.NS,Nestlé India,FMCG
2026-03-30,1174.800048828125,1194.4000244140625,1169.5999755859375,1185.0,1814954,NESTLEIND.NS,Nestlé India,FMCG
2026-04-01,1180.800048828125,1191.5999755859375,1167.0999755859375,1174.800048828125,1836376,NESTLEIND.NS,Nestlé India,FMCG
2026-04-02,1191.300048828125,1200.0,1159.4000244140625,1173.300048828125,1357820,NESTLEIND.NS,Nestlé India,FMCG
2026-04-06,1216.0,1218.800048828125,1179.0,1190.0,1460974,NESTLEIND.NS,Nestlé India,FMCG
2026-04-07,1222.800048828125,1225.4000244140625,1194.199951171875,1204.4000244140625,1434686,NESTLEIND.NS,Nestlé India,FMCG
2026-04-08,1213.699951171875,1250.5999755859375,1209.300048828125,1238.0,1638620,NESTLEIND.NS,Nestlé India,FMCG
2026-04-09,1228.699951171875,1230.0999755859375,1206.4000244140625,1209.5,1258634,NESTLEIND.NS,Nestlé India,FMCG
2026-04-10,1249.300048828125,1252.300048828125,1229.0999755859375,1230.800048828125,1358310,NESTLEIND.NS,Nestlé India,FMCG
2026-04-13,1226.0999755859375,1246.800048828125,1222.0999755859375,1239.300048828125,1346881,NESTLEIND.NS,Nestlé India,FMCG
2026-04-15,1256.5999755859375,1259.9000244140625,1232.300048828125,1235.0,1236533,NESTLEIND.NS,Nestlé India,FMCG
2026-04-16,1257.4000244140625,1261.9000244140625,1246.5,1255.0999755859375,1126023,NESTLEIND.NS,Nestlé India,FMCG
2026-04-17,1285.5999755859375,1292.0,1252.800048828125,1258.0999755859375,1994195,NESTLEIND.NS,Nestlé India,FMCG
2026-04-20,1286.4000244140625,1294.300048828125,1274.5999755859375,1294.0,1156327,NESTLEIND.NS,Nestlé India,FMCG
2026-04-21,1379.9000244140625,1396.0,1286.800048828125,1298.0999755859375,9586515,NESTLEIND.NS,Nestlé India,FMCG
2026-04-22,1395.800048828125,1425.199951171875,1386.0,1391.0,7723484,NESTLEIND.NS,Nestlé India,FMCG
2026-04-23,1410.5,1415.0,1382.0999755859375,1388.9000244140625,2963135,NESTLEIND.NS,Nestlé India,FMCG
2026-04-24,1421.300048828125,1430.9000244140625,1409.0999755859375,1420.0,3419416,NESTLEIND.NS,Nestlé India,FMCG
2026-04-27,1417.300048828125,1437.9000244140625,1410.0,1429.0,1719329,NESTLEIND.NS,Nestlé India,FMCG
2026-04-28,1440.0,1445.0999755859375,1401.0,1417.9000244140625,4008095,NESTLEIND.NS,Nestlé India,FMCG
2026-04-29,1465.5999755859375,1470.0,1436.0999755859375,1445.0,2753356,NESTLEIND.NS,Nestlé India,FMCG
2026-04-30,1458.5999755859375,1466.0,1436.0999755859375,1466.0,2305703,NESTLEIND.NS,Nestlé India,FMCG
2026-05-01,1458.5999755859375,1458.5999755859375,1458.5999755859375,1458.5999755859375,0,NESTLEIND.NS,Nestlé India,FMCG
2026-05-04,1457.0999755859375,1472.9000244140625,1446.300048828125,1460.0,1744112,NESTLEIND.NS,Nestlé India,FMCG
2026-05-05,1477.800048828125,1480.4000244140625,1447.5999755859375,1456.0,2490700,NESTLEIND.NS,Nestlé India,FMCG
2026-05-06,1486.0999755859375,1490.0,1468.199951171875,1485.0,2133310,NESTLEIND.NS,Nestlé India,FMCG
2026-05-07,1476.0,1493.0,1468.300048828125,1488.0,2247161,NESTLEIND.NS,Nestlé India,FMCG
2026-05-08,1482.4000244140625,1496.300048828125,1470.0,1476.5999755859375,1471411,NESTLEIND.NS,Nestlé India,FMCG
2026-05-11,1481.9000244140625,1498.0999755859375,1470.5,1475.300048828125,1358397,NESTLEIND.NS,Nestlé India,FMCG
2026-05-12,1468.5999755859375,1491.0,1466.0999755859375,1470.0,1017058,NESTLEIND.NS,Nestlé India,FMCG
2026-05-13,1468.9000244140625,1486.0,1463.5,1468.5999755859375,2205792,NESTLEIND.NS,Nestlé India,FMCG
2026-05-14,1459.5999755859375,1479.4000244140625,1453.0,1468.9000244140625,1251986,NESTLEIND.NS,Nestlé India,FMCG
2026-05-15,1430.5,1467.5,1427.5,1459.5999755859375,3292954,NESTLEIND.NS,Nestlé India,FMCG
2026-05-18,1431.699951171875,1444.699951171875,1418.0999755859375,1430.5,2030857,NESTLEIND.NS,Nestlé India,FMCG
2026-05-19,1431.4000244140625,1454.5,1422.0,1428.0,1803745,NESTLEIND.NS,Nestlé India,FMCG
2026-05-20,,,,,1425130,NESTLEIND.NS,Nestlé India,FMCG
