Date,Close,High,Low,Open,Volume,Ticker,Company,Sector
2021-05-21,94.05766296386719,94.30770803530632,92.72410408698254,93.5992554781092,12171685,NTPC.NS,NTPC,Energy
2021-05-24,94.0993423461914,94.9744874070907,93.39088976577469,93.64092848649855,11341268,NTPC.NS,NTPC,Energy
2021-05-25,94.43273162841797,95.72461422155827,94.22436285285562,94.93281541798551,15289982,NTPC.NS,NTPC,Energy
2021-05-26,92.59906768798828,95.01614636736092,92.43237523792507,95.01614636736092,17466748,NTPC.NS,NTPC,Energy
2021-05-27,91.93231201171875,93.05750219761572,91.09883685788235,93.01582589635959,34169451,NTPC.NS,NTPC,Energy
2021-05-28,90.80711364746094,92.51574022215509,90.30702983696115,91.93231016972378,13383166,NTPC.NS,NTPC,Energy
2021-05-31,92.09899139404297,92.80744390221517,89.84861134245836,90.8071025458567,14754293,NTPC.NS,NTPC,Energy
2021-06-01,91.84896087646484,92.89080483540347,91.26553080302357,92.47406725182802,10271211,NTPC.NS,NTPC,Energy
2021-06-02,92.64075469970703,92.80744716905873,91.72393340045245,91.76560333833534,6492771,NTPC.NS,NTPC,Energy
2021-06-03,93.1825180053711,93.51590295567328,92.05732154191512,93.01581917130969,12140851,NTPC.NS,NTPC,Energy
2021-06-04,93.1408462524414,94.18269017025395,92.55741620203064,92.9324774688789,8930671,NTPC.NS,NTPC,Energy
2021-06-07,97.01651763916016,97.30823269666125,93.34922537067288,93.47424792643373,28407410,NTPC.NS,NTPC,Energy
2021-06-08,96.84980773925781,98.76680308532198,96.68311525651772,97.93332795380027,43191813,NTPC.NS,NTPC,Energy
2021-06-09,98.43341827392578,100.85049758705051,96.51642915993177,97.09985924703625,49807823,NTPC.NS,NTPC,Energy
2021-06-10,98.76679992675781,99.9336663453539,97.76663234448138,99.47525249411281,22144392,NTPC.NS,NTPC,Energy
2021-06-11,99.01683807373047,99.64194435864314,97.97499426554269,99.10018430660351,13871562,NTPC.NS,NTPC,Energy
2021-06-14,98.51676940917969,99.10020588414511,96.89149525809235,99.01685963312472,14179055,NTPC.NS,NTPC,Energy
2021-06-15,98.1833724975586,99.14186380641564,98.01667365682347,98.5167574612077,8148417,NTPC.NS,NTPC,Energy
2021-06-16,99.85033416748047,100.51711052992277,97.39157844653643,98.18338372300775,21585917,NTPC.NS,NTPC,Energy
2021-06-17,97.8499755859375,100.51709329625159,97.47490798488975,98.51675183406093,14466025,NTPC.NS,NTPC,Energy
2021-06-18,94.64111328125,98.47509800148319,94.09935311929166,97.84999158974155,43927941,NTPC.NS,NTPC,Energy
2021-06-21,98.35005950927734,98.72512075197746,94.22436040393531,94.39105287648864,34597018,NTPC.NS,NTPC,Energy
2021-06-22,98.60011291503906,99.10019673389837,97.47491637396718,98.76680540168859,16712010,NTPC.NS,NTPC,Energy
2021-06-23,97.7249526977539,99.05851154807341,97.47490763129579,99.05851154807341,12590251,NTPC.NS,NTPC,Energy
2021-06-24,98.35005950927734,98.7667970495709,96.43306428036294,97.68327690124359,14046692,NTPC.NS,NTPC,Energy
2021-06-25,96.72480773925781,99.26690350035945,96.43308630729011,99.26690350035945,12768348,NTPC.NS,NTPC,Energy
2021-06-28,96.80813598632812,98.22504113983435,96.68311344715747,97.43324232327096,10709748,NTPC.NS,NTPC,Energy
2021-06-29,98.01668548583984,98.80849076734091,96.18304252883662,96.89149520045554,33488455,NTPC.NS,NTPC,Energy
2021-06-30,97.01651763916016,98.72513803818728,96.8081488325292,98.22505417405523,16739618,NTPC.NS,NTPC,Energy
2021-07-01,97.80829620361328,98.18336379283171,96.43306109429909,97.3498887397819,12479506,NTPC.NS,NTPC,Energy
2021-07-02,97.93333435058594,99.22522343239213,97.51659675760472,97.97501065344848,17215972,NTPC.NS,NTPC,Energy
2021-07-05,98.85015869140625,99.26689629664735,97.72496842903753,98.2667285876332,16409169,NTPC.NS,NTPC,Energy
2021-07-06,98.05835723876953,99.14187116891448,97.55827339724793,98.43341853018296,14979094,NTPC.NS,NTPC,Energy
2021-07-07,97.89164733886719,98.51675365995551,97.3915635537786,97.55826238808169,14545289,NTPC.NS,NTPC,Energy
2021-07-08,97.89164733886719,98.93349120734773,97.68327856517108,97.80830110117081,12037089,NTPC.NS,NTPC,Energy
2021-07-09,98.1833724975586,98.68345630194284,96.89148350723129,97.51658985243922,9585144,NTPC.NS,NTPC,Energy
2021-07-12,98.22502899169922,98.97515777503935,97.6415990262734,98.35005151540753,7651672,NTPC.NS,NTPC,Energy
2021-07-13,99.93366241455078,101.68395879414335,98.43340474123707,98.47508103840528,30663035,NTPC.NS,NTPC,Energy
2021-07-14,100.64212036132812,100.80881284113673,99.85032154387152,99.97533772427272,9539611,NTPC.NS,NTPC,Energy
2021-07-15,100.2670669555664,101.0171895323678,99.35023916807849,100.64212824396711,11278872,NTPC.NS,NTPC,Energy
2021-07-16,99.26688385009766,100.68379534560508,98.60010758066218,100.14203525493785,17198632,NTPC.NS,NTPC,Energy
2021-07-19,101.18388366699219,101.55894493790768,98.76680447967372,99.26688829386462,14364285,NTPC.NS,NTPC,Energy
2021-07-20,98.72512817382812,101.68396747591281,98.51675938801682,101.68396747591281,11360716,NTPC.NS,NTPC,Energy
2021-07-22,99.35025024414062,99.76698788167295,98.80849640247797,98.97518891392622,9520328,NTPC.NS,NTPC,Energy
2021-07-23,98.76679992675781,100.10035882276317,98.60010744934854,99.51692879292033,10442400,NTPC.NS,NTPC,Energy
2021-07-26,99.47525024414062,100.0170103218326,98.39173644766693,98.51675262344101,5370055,NTPC.NS,NTPC,Energy
2021-07-27,99.05851745605469,99.68362380057195,98.5167573523576,99.43358507811139,5280342,NTPC.NS,NTPC,Energy
2021-07-28,97.34989166259766,99.64194812730094,96.51641658452374,99.64194812730094,11010096,NTPC.NS,NTPC,Energy
2021-07-29,97.30821990966797,98.55843258516691,96.05800723416901,98.1000187272531,11897018,NTPC.NS,NTPC,Energy
2021-07-30,98.51676940917969,99.97535105822624,96.89149525809235,97.47492537414644,14546264,NTPC.NS,NTPC,Energy
2021-08-02,98.1417007446289,98.9751759101884,97.5165943704593,98.8501533635723,11742555,NTPC.NS,NTPC,Energy
2021-08-03,98.05835723876953,98.76680987750103,97.09985949982169,98.76680987750103,21122697,NTPC.NS,NTPC,Energy
2021-08-04,98.22502899169922,99.05850400454165,97.14151529034987,98.39172780961353,9432176,NTPC.NS,NTPC,Energy
2021-08-05,97.09986114501953,98.183381452434,96.64144723982623,97.55827505021284,11045322,NTPC.NS,NTPC,Energy
2021-08-06,98.05835723876953,98.93350237170455,97.05818319681529,97.09985949982169,8434733,NTPC.NS,NTPC,Energy
2021-08-09,97.26655578613281,99.26689758911708,97.14153959006173,98.76681372809884,7816050,NTPC.NS,NTPC,Energy
2021-08-10,95.3078842163086,97.6832871740066,94.72445414210588,97.43324843888153,9774255,NTPC.NS,NTPC,Energy
2021-08-11,97.47489166259766,97.76661297864466,95.47455689427575,95.59957304811401,8056886,NTPC.NS,NTPC,Energy
2021-08-12,99.30856323242188,99.51693201538586,97.09985286122141,97.47491412699236,8640167,NTPC.NS,NTPC,Energy
2021-08-13,98.55844116210938,99.55860884598285,97.68328966953679,99.55860884598285,9744939,NTPC.NS,NTPC,Energy
2021-08-16,99.05851745605469,99.51693131893157,98.43341111153741,98.55843365222297,8768804,NTPC.NS,NTPC,Energy
2021-08-17,97.8499755859375,99.60027198076301,96.84980167538707,99.47524944708043,8758578,NTPC.NS,NTPC,Energy
2021-08-18,97.14152526855469,99.10019047814309,96.76645765890349,97.8499778304598,9357721,NTPC.NS,NTPC,Energy
2021-08-20,95.14118194580078,97.51658465930961,94.5577455726639,96.93315464508296,11684504,NTPC.NS,NTPC,Energy
2021-08-23,94.51607513427734,96.47474029615371,93.5159012251482,96.26637152661559,6271685,NTPC.NS,NTPC,Energy
2021-08-24,94.97450256347656,96.93317449572687,94.72446380285058,95.18287137678732,11791078,NTPC.NS,NTPC,Energy
2021-08-25,95.01616668701172,96.05801061998334,94.84947420130055,95.59959674591154,9491958,NTPC.NS,NTPC,Energy
2021-08-26,93.97431945800781,95.43290091301014,93.30753682072826,95.09950959437037,11668986,NTPC.NS,NTPC,Energy
2021-08-27,94.51607513427734,95.09950514542003,93.43255498911499,93.93263876422446,8095717,NTPC.NS,NTPC,Energy
2021-08-30,95.80796813964844,96.26638202619468,94.39106289581426,94.39106289581426,9915170,NTPC.NS,NTPC,Energy
2021-08-31,96.64144897460938,96.97484033356083,95.5996049522056,96.05801886562776,11386659,NTPC.NS,NTPC,Energy
2021-09-01,96.18302154541016,97.26653528947247,95.64126149392402,96.68310530104738,7508413,NTPC.NS,NTPC,Energy
2021-09-02,97.09986114501953,97.26655364204738,95.84964834057723,95.93299458909115,5700524,NTPC.NS,NTPC,Energy
2021-09-03,97.51659393310547,98.2667228505269,97.09985635219476,97.51659393310547,9364904,NTPC.NS,NTPC,Energy
2021-09-06,97.05818939208984,98.05836349788571,96.59978182431426,98.05836349788571,7005043,NTPC.NS,NTPC,Energy
2021-09-07,96.55810546875,97.4332570160052,96.05802159556622,97.2665581523363,7723357,NTPC.NS,NTPC,Energy
2021-09-08,97.7147445678711,98.18596474123082,96.3010709745027,97.54338642939469,10508654,NTPC.NS,NTPC,Energy
2021-09-09,98.14313507080078,98.31448668129539,97.24352277409174,97.62906716602707,5757417,NTPC.NS,NTPC,Energy
2021-09-13,98.52867126464844,98.95705679188605,97.8004171756734,98.228802702911,6322443,NTPC.NS,NTPC,Energy
2021-09-14,99.29977416992188,99.51396695003963,98.35732724473272,98.74287163428671,7369292,NTPC.NS,NTPC,Energy
2021-09-15,106.41095733642578,106.9678598029189,99.38543763547244,99.38543763547244,48721413,NTPC.NS,NTPC,Energy
2021-09-16,106.23960876464844,107.69611691531252,105.38283772622385,106.66799428386072,17684303,NTPC.NS,NTPC,Energy
2021-09-17,106.02542114257812,106.83935105386331,104.1405273813679,106.36813088188305,15763396,NTPC.NS,NTPC,Energy
2021-09-20,105.12579345703125,106.19675714969313,104.35470482762962,104.95444188086282,7431359,NTPC.NS,NTPC,Energy
2021-09-21,106.3252944946289,107.4390995632961,104.61175225769163,104.78311040337229,8629222,NTPC.NS,NTPC,Energy
2021-09-22,106.58232116699219,108.80992461557265,106.23961143567723,106.75367276432743,11698183,NTPC.NS,NTPC,Energy
2021-09-23,108.12450408935547,108.8099235452431,106.79651288145921,106.92502984651868,11053966,NTPC.NS,NTPC,Energy
2021-09-24,106.45379638671875,108.55288271489788,106.19676247293832,108.38153113014022,8598140,NTPC.NS,NTPC,Energy
2021-09-27,108.681396484375,109.49533282971261,106.6679860076241,107.35340539984064,8490460,NTPC.NS,NTPC,Energy
2021-09-28,113.05093383789062,114.5074419619168,109.10978844054556,109.23830540128766,35900138,NTPC.NS,NTPC,Energy
2021-09-29,120.50482177734375,123.58920224465314,111.89428469657072,112.57969095749598,75859390,NTPC.NS,NTPC,Energy
2021-09-30,121.53296661376953,122.6895995725395,119.17684646003495,121.44728428795513,34614825,NTPC.NS,NTPC,Energy
2021-10-01,119.86226654052734,123.67490823129431,117.97737281570225,120.7618787717565,22452069,NTPC.NS,NTPC,Energy
2021-10-04,124.70301818847656,127.95875051237842,120.37632214442856,122.90379390931598,58612212,NTPC.NS,NTPC,Energy
2021-10-05,124.57453155517578,126.67363152633995,123.5464086943087,124.70305508359134,24390676,NTPC.NS,NTPC,Energy
2021-10-06,122.77529907226562,126.20238341162663,122.34691352984551,125.4741227601967,14421296,NTPC.NS,NTPC,Energy
2021-10-07,122.34688568115234,124.78867487317154,121.87565907709332,123.54635969758777,10035682,NTPC.NS,NTPC,Energy
2021-10-08,120.89039611816406,123.2893445148756,120.20497668769437,122.98948250193078,10686586,NTPC.NS,NTPC,Energy
2021-10-11,124.06046295166016,125.73116405010404,121.19027442034859,121.66150115921482,17449923,NTPC.NS,NTPC,Energy
2021-10-12,123.84623718261719,125.30274510940251,123.20365900256897,125.08855238271977,16030831,NTPC.NS,NTPC,Energy
2021-10-13,125.38844299316406,126.15953167561828,123.97476297761378,124.66018240273317,19100941,NTPC.NS,NTPC,Energy
2021-10-14,128.00157165527344,129.0297072294418,125.81681624338287,126.37371211831834,29263867,NTPC.NS,NTPC,Energy
2021-10-18,128.130126953125,129.9721796798618,127.4018662528113,129.58663528046225,25346029,NTPC.NS,NTPC,Energy
2021-10-19,128.21578979492188,130.31488944706754,126.88780504949352,129.3295948387913,20234486,NTPC.NS,NTPC,Energy
2021-10-20,125.30277252197266,129.07256010699317,124.48884259717157,129.07256010699317,16129487,NTPC.NS,NTPC,Energy
2021-10-21,126.71643829345703,127.27334734290594,125.00289612276369,126.54508669104555,20818539,NTPC.NS,NTPC,Energy
2021-10-22,124.14611053466797,126.88778814612596,123.37502187725026,126.67359539981128,11379569,NTPC.NS,NTPC,Energy
2021-10-25,123.28934478759766,125.3027619178146,122.64676652135246,123.97476421958353,14079380,NTPC.NS,NTPC,Energy
2021-10-26,122.68962097167969,124.78870758737459,122.0470426358574,124.48884554129802,16224116,NTPC.NS,NTPC,Energy
2021-10-27,121.06173706054688,123.84624262989678,120.67619275021738,123.37501599581091,15072448,NTPC.NS,NTPC,Energy
2021-10-28,117.67752075195312,121.532990863725,116.77790844454836,121.06176412429488,19999659,NTPC.NS,NTPC,Energy
2021-10-29,113.65066528320312,117.29194194870031,110.13791210869607,112.23699839532516,29217522,NTPC.NS,NTPC,Energy
2021-11-01,115.0643539428711,115.92112498775728,112.15132454628491,114.12190056418085,10043407,NTPC.NS,NTPC,Energy
2021-11-02,117.0777359008789,120.63334290833618,115.66406917362683,115.66406917362683,21525811,NTPC.NS,NTPC,Energy
2021-11-03,117.16343688964844,119.04833051745679,116.13531428114281,118.19155949815406,9808728,NTPC.NS,NTPC,Energy
2021-11-04,117.50613403320312,118.49142849877171,117.33478245280045,118.49142849877171,1026849,NTPC.NS,NTPC,Energy
2021-11-08,120.20496368408203,120.46199757686361,116.99207270752933,118.83412497143814,12765483,NTPC.NS,NTPC,Energy
2021-11-09,118.66280364990234,121.1474347424976,118.27725924909139,120.59053872724733,9556650,NTPC.NS,NTPC,Energy
2021-11-10,117.72032928466797,118.44858985850193,117.16343336817461,118.40574869416679,5479056,NTPC.NS,NTPC,Energy
2021-11-11,117.0777359008789,118.02018910123775,115.10717332914236,117.80599638054585,11418813,NTPC.NS,NTPC,Energy
2021-11-12,116.90641021728516,118.40575959402315,115.36421967226825,118.40575959402315,9306659,NTPC.NS,NTPC,Energy
2021-11-15,117.50613403320312,117.93451952085357,116.52085264092213,117.6346575234708,3991733,NTPC.NS,NTPC,Energy
2021-11-16,115.0643539428711,118.06305259997272,114.80732001474752,117.97737026616863,5762128,NTPC.NS,NTPC,Energy
2021-11-17,116.90641021728516,118.23440799419663,114.80732370450977,114.80732370450977,15264066,NTPC.NS,NTPC,Energy
2021-11-18,115.92113494873047,117.8917111359558,115.44990821889336,117.03494001744825,9942974,NTPC.NS,NTPC,Energy
2021-11-22,111.50874328613281,117.29194768474422,111.12319894088304,115.66408797222817,15990636,NTPC.NS,NTPC,Energy
2021-11-23,114.37894439697266,114.59313717674226,109.79521368058705,111.42308665080996,11510010,NTPC.NS,NTPC,Energy
2021-11-24,115.96395874023438,117.63465955628455,114.42176834338504,115.23569816932869,7570759,NTPC.NS,NTPC,Energy
2021-11-25,115.83544921875,117.12060585891355,113.35081827708291,116.0924831614406,13919886,NTPC.NS,NTPC,Energy
2021-11-26,110.39494323730469,114.85014960705969,109.66668269323003,114.12188906298503,13323593,NTPC.NS,NTPC,Energy
2021-11-29,108.38153839111328,110.82334112568314,107.139222976782,109.4953433765888,16077669,NTPC.NS,NTPC,Energy
2021-11-30,109.02411651611328,110.90901021843351,106.83934771586739,109.49534321001553,22883512,NTPC.NS,NTPC,Energy
2021-12-01,109.40966796875,113.9077162895244,107.82464272494893,111.38024413346146,17010938,NTPC.NS,NTPC,Energy
2021-12-02,110.26641082763672,111.63724947969925,108.46719326760858,109.4096399384192,12916313,NTPC.NS,NTPC,Energy
2021-12-03,108.80992889404297,111.59443494841808,108.29586754517958,110.26643713859669,12827354,NTPC.NS,NTPC,Energy
2021-12-06,106.53946685791016,109.32397245933376,106.2395983312394,108.80991119409198,8158812,NTPC.NS,NTPC,Energy
2021-12-07,107.39624786376953,108.2958600646231,106.23960827456082,107.18205510515146,8701301,NTPC.NS,NTPC,Energy
2021-12-08,109.02411651611328,109.36682624471088,106.96786468117205,106.96786468117205,12093435,NTPC.NS,NTPC,Energy
2021-12-09,107.9959945678711,109.36682695451398,107.65328483704927,109.02411722369214,11518172,NTPC.NS,NTPC,Energy
2021-12-10,108.0816650390625,108.55288517615216,106.58231576018392,108.03882387357976,8389566,NTPC.NS,NTPC,Energy
2021-12-13,107.78179931640625,110.1807608401649,107.52476539005916,109.32398326455599,13223189,NTPC.NS,NTPC,Energy
2021-12-14,108.25301361083984,109.19546039539856,107.09637407812488,107.09637407812488,11649242,NTPC.NS,NTPC,Energy
2021-12-15,108.55288696289062,110.05223626644792,107.86747406039382,108.08166681804487,11916145,NTPC.NS,NTPC,Energy
2021-12-16,109.15264129638672,109.83805426601084,108.16735320736687,109.28115827089276,10758513,NTPC.NS,NTPC,Energy
2021-12-17,107.5676040649414,109.40965652673013,106.32528216523362,109.15262914298117,13041775,NTPC.NS,NTPC,Energy
2021-12-20,104.3118667602539,107.48191676993264,102.04142235711674,106.66798695401734,14185935,NTPC.NS,NTPC,Energy
2021-12-21,104.69741821289062,106.83934580756224,103.54077861909681,105.85406434332872,10168470,NTPC.NS,NTPC,Energy
2021-12-22,104.9972915649414,106.15393113956185,104.22619633631307,105.42567707677448,7885198,NTPC.NS,NTPC,Energy
2021-12-23,106.7108383178711,107.43909241277208,105.211488960339,105.4685163567864,9836979,NTPC.NS,NTPC,Energy
2021-12-24,103.88349914550781,107.09639087165753,103.58363055839617,106.92503926092087,8509575,NTPC.NS,NTPC,Energy
2021-12-27,104.39754486083984,104.65457877504976,103.32658111270517,103.883483569064,5097217,NTPC.NS,NTPC,Energy
2021-12-28,106.3252944946289,106.75368005386323,104.48323528259236,104.52607645317374,6511374,NTPC.NS,NTPC,Energy
2021-12-29,105.5113525390625,106.88218486527629,104.69741614716008,106.75366790480284,8960770,NTPC.NS,NTPC,Energy
2021-12-30,108.72423553466797,109.5381653275438,104.7402492852027,105.59702024050088,32394253,NTPC.NS,NTPC,Energy
2021-12-31,106.58232116699219,108.63857301823741,106.23961143567723,108.63857301823741,9155163,NTPC.NS,NTPC,Energy
2022-01-03,107.9531478881836,108.4243745610833,106.8393429540447,107.43908658652106,9034081,NTPC.NS,NTPC,Energy
2022-01-04,113.8648681640625,114.20758443058922,108.595731396619,108.8099241607149,33986738,NTPC.NS,NTPC,Energy
2022-01-05,113.0937728881836,113.82203347321818,111.97996796477872,113.60784072153602,16122852,NTPC.NS,NTPC,Energy
2022-01-06,112.15132141113281,113.39364985011981,110.78049562160909,113.39364985011981,8037648,NTPC.NS,NTPC,Energy
2022-01-07,112.536865234375,113.26511267022255,110.90899264727686,112.49402407384592,8820039,NTPC.NS,NTPC,Energy
2022-01-10,112.96525573730469,113.35080005270864,112.02280245672858,113.05092498890151,7324926,NTPC.NS,NTPC,Energy
2022-01-11,113.35081481933594,114.80732301909954,112.23700981717941,113.22229131526653,11971883,NTPC.NS,NTPC,Energy
2022-01-12,114.67881774902344,114.9786797921016,113.39366109022956,114.25043219609215,10439580,NTPC.NS,NTPC,Energy
2022-01-13,115.62125396728516,117.07776218026203,114.37893852307808,115.15002726133375,15114699,NTPC.NS,NTPC,Energy
2022-01-14,115.96395874023438,116.64936507368934,114.20757559585842,115.15001584100291,9344382,NTPC.NS,NTPC,Energy
2022-01-17,117.03492736816406,117.67750563759405,115.19286181849175,115.3642134090154,9803141,NTPC.NS,NTPC,Energy
2022-01-18,115.66409301757812,118.02021343089916,115.1500251526289,117.03493194191682,6473378,NTPC.NS,NTPC,Energy
2022-01-19,115.49273681640625,115.92112232902402,113.9077051904052,114.89299971339906,21136414,NTPC.NS,NTPC,Energy
2022-01-20,115.57841491699219,116.82074345725559,114.9358365989067,115.23571170999567,8466412,NTPC.NS,NTPC,Energy
2022-01-21,114.89297485351562,116.60651653322034,113.56497743708736,114.85013369686591,12437749,NTPC.NS,NTPC,Energy
2022-01-24,113.60784149169922,115.87827944560657,112.23700264232504,113.9505446673987,14284658,NTPC.NS,NTPC,Energy
2022-01-25,115.92113494873047,116.22099699623425,112.27985769507335,112.40836813353357,10007486,NTPC.NS,NTPC,Energy
2022-01-27,115.66409301757812,116.5208640769676,114.07906132839207,114.97867355540878,18760325,NTPC.NS,NTPC,Energy
2022-01-28,120.0764389038086,123.37501216674815,118.23438665980031,119.94792849544959,34009553,NTPC.NS,NTPC,Energy
2022-01-31,121.70429992675781,122.8609327119406,118.70560199932133,121.6614587702802,27928927,NTPC.NS,NTPC,Energy
2022-02-01,120.9332504272461,123.50356404375114,120.33351319805314,123.37505359224232,17413984,NTPC.NS,NTPC,Energy
2022-02-02,120.9332504272461,122.30408958536522,120.59054717436186,121.66151118123896,10783943,NTPC.NS,NTPC,Energy
2022-02-03,120.49232482910156,122.21176511278216,120.18371734696768,121.24182512991466,9571728,NTPC.NS,NTPC,Energy
2022-02-04,118.33202362060547,121.1977396080305,118.06749330008282,120.800950854532,7213085,NTPC.NS,NTPC,Energy
2022-02-07,119.16969299316406,120.22781428623269,118.33202484829404,118.33202484829404,10562489,NTPC.NS,NTPC,Energy
2022-02-08,119.03746032714844,119.6105982728199,117.09759329421342,119.43424917065745,8721631,NTPC.NS,NTPC,Energy
2022-02-09,119.08152770996094,119.56649773712458,118.02341984905844,119.30196740825609,5144026,NTPC.NS,NTPC,Energy
2022-02-10,120.31600189208984,120.66871353268436,118.42022559672272,119.16971260566103,6081460,NTPC.NS,NTPC,Energy
2022-02-11,120.9332275390625,121.41819762411848,118.55248120419213,118.55248120419213,8426925,NTPC.NS,NTPC,Energy
2022-02-14,116.83303833007812,120.31598281956998,116.21580987509762,118.77290495483311,7705072,NTPC.NS,NTPC,Energy
2022-02-15,119.34606170654297,119.74285048475399,115.20178448757588,116.48034554063739,12674466,NTPC.NS,NTPC,Energy
2022-02-16,117.45027923583984,120.53643529247378,117.14167170292005,118.94926662957609,12946623,NTPC.NS,NTPC,Energy
2022-02-17,117.05348205566406,118.94925811579152,116.78895172168608,118.59655997353534,5811964,NTPC.NS,NTPC,Energy
2022-02-18,116.70079803466797,118.24387613925784,116.3039957584005,117.05349621960204,6760078,NTPC.NS,NTPC,Energy
2022-02-21,116.34808349609375,118.28795037404174,115.64267368922913,116.74487230790105,12212740,NTPC.NS,NTPC,Energy
2022-02-22,116.48035430908203,116.83305248191527,112.77696294875513,115.5545047871787,13578566,NTPC.NS,NTPC,Energy
2022-02-23,114.80500030517578,117.67071658580015,114.49639277846735,116.39216893612837,9263264,NTPC.NS,NTPC,Energy
2022-02-24,109.69080352783203,113.74689293831469,109.02948438284183,111.98337521834083,18045779,NTPC.NS,NTPC,Energy
2022-02-25,114.93728637695312,115.51042432191163,110.21987053617521,110.21987053617521,10424521,NTPC.NS,NTPC,Energy
2022-02-28,117.71482849121094,118.11161735700792,113.57056381202334,113.70282228243073,13262687,NTPC.NS,NTPC,Energy
2022-03-02,115.46632385253906,119.03745004479757,115.0254444079287,117.09758317942656,12587947,NTPC.NS,NTPC,Energy
2022-03-03,116.48035430908203,117.67072073332388,114.84909498693936,116.48035430908203,15628119,NTPC.NS,NTPC,Energy
2022-03-04,114.80500030517578,117.5825487729859,114.40821151108072,116.39216893612837,15883138,NTPC.NS,NTPC,Energy
2022-03-07,114.67273712158203,115.06952589928589,111.89519549579725,113.74688767055846,14985637,NTPC.NS,NTPC,Energy
2022-03-08,117.93526458740234,119.74287320283442,115.06954787780191,115.06954787780191,28572640,NTPC.NS,NTPC,Energy
2022-03-09,115.9512939453125,118.11160053322693,115.59859577141447,118.11160053322693,14286413,NTPC.NS,NTPC,Energy
2022-03-10,117.22982788085938,119.03743608265846,116.3480690950619,117.18573725065524,13101323,NTPC.NS,NTPC,Energy
2022-03-11,116.34808349609375,117.62663120283858,115.95129468428645,117.18575175536982,8669803,NTPC.NS,NTPC,Energy
2022-03-14,116.5244369506836,117.18575614666834,115.28997983334145,116.34808785600235,5670284,NTPC.NS,NTPC,Energy
2022-03-15,115.55449676513672,117.22983315164845,115.20178516221662,115.77493647149731,6895190,NTPC.NS,NTPC,Energy
2022-03-16,117.05348205566406,117.2739217582171,115.9953741743238,116.74486109026113,5561866,NTPC.NS,NTPC,Energy
2022-03-17,117.18576049804688,118.42023111580126,116.30400153732546,117.71482125630932,13995384,NTPC.NS,NTPC,Energy
2022-03-21,117.18576049804688,117.62663997840758,116.12765243609597,117.18576049804688,9172207,NTPC.NS,NTPC,Energy
2022-03-22,117.14166259765625,118.28793828022084,116.17172253056295,117.53845136889565,10343712,NTPC.NS,NTPC,Energy
2022-03-23,117.67071533203125,117.9352456768002,116.56851677430414,117.18574527571688,11892811,NTPC.NS,NTPC,Energy
2022-03-24,119.3901596069336,119.65468998984717,117.58256447526824,117.71482293943794,11276181,NTPC.NS,NTPC,Energy
2022-03-25,118.8169937133789,120.0514506038973,118.3320237011856,119.9191921708314,7266868,NTPC.NS,NTPC,Energy
2022-03-28,118.86109161376953,119.4783200967869,117.97933279386704,119.4783200967869,7778682,NTPC.NS,NTPC,Energy
2022-03-29,118.46432495117188,119.3019932955445,118.06752264448149,119.03746290927569,5116935,NTPC.NS,NTPC,Energy
2022-03-30,119.30198669433594,119.87512462072694,117.6707272814176,119.0374563227041,24047012,NTPC.NS,NTPC,Energy
2022-03-31,119.03746032714844,119.56652108820984,118.42023174229286,118.42023174229286,11615450,NTPC.NS,NTPC,Energy
2022-04-01,126.04743194580078,126.48831139538706,120.62462009771885,121.68272808581129,32589741,NTPC.NS,NTPC,Energy
2022-04-04,127.23780822753906,128.7367956226416,124.76888068906703,125.07750167684078,15437496,NTPC.NS,NTPC,Energy
2022-04-05,131.4702606201172,132.79289900279613,127.63460392851887,128.2077418458504,23958626,NTPC.NS,NTPC,Energy
2022-04-06,134.90908813476562,136.93713594143114,130.7648247195791,132.57243283974992,52737388,NTPC.NS,NTPC,Energy
2022-04-07,135.3499755859375,139.31789017966204,134.2036864568361,134.8650055557902,37738903,NTPC.NS,NTPC,Energy
2022-04-08,134.0714569091797,136.58446195397568,133.32195638703078,136.58446195397568,17585569,NTPC.NS,NTPC,Energy
2022-04-11,134.99728393554688,136.31992219701374,133.8950853843245,134.42413261616792,15583159,NTPC.NS,NTPC,Energy
2022-04-12,134.55642700195312,135.43818599028944,133.01334877236454,134.6445948280421,11306524,NTPC.NS,NTPC,Energy
2022-04-13,135.7467803955078,137.7307379268131,134.6886724030596,134.95320276481493,19454061,NTPC.NS,NTPC,Energy
2022-04-18,143.9030303955078,144.3880004160638,136.2317316902709,136.5844298209091,82098517,NTPC.NS,NTPC,Energy
2022-04-19,141.65457153320312,146.68060836854414,140.6405541110969,145.40204711296587,38522118,NTPC.NS,NTPC,Energy
2022-04-20,141.52227783203125,143.90302374016065,140.19963972145152,142.9771743718407,20047692,NTPC.NS,NTPC,Energy
2022-04-21,143.4622039794922,144.07943266331134,141.3900781513439,142.49227703479815,21966151,NTPC.NS,NTPC,Energy
2022-04-22,141.4781951904297,143.7266827962547,140.94914798907587,142.1836049134728,9922564,NTPC.NS,NTPC,Energy
2022-04-25,137.64256286621094,141.87499461328355,137.02532090307147,139.8469600072164,12008027,NTPC.NS,NTPC,Energy
2022-04-26,138.4361572265625,139.71470503232612,137.55439826333597,138.965217986328,11735823,NTPC.NS,NTPC,Energy
2022-04-27,137.2457733154297,140.72873188412666,136.84898448425147,138.25980416685584,17873048,NTPC.NS,NTPC,Energy
2022-04-28,140.8168487548828,141.16956027520277,136.8930255914835,139.31786179358707,29123808,NTPC.NS,NTPC,Energy
2022-04-29,137.73069763183594,141.9631418179431,137.28981830941996,141.43408124921626,28941216,NTPC.NS,NTPC,Energy
2022-05-02,138.87701416015625,139.6265145390398,134.90909946986608,136.319918963798,13368198,NTPC.NS,NTPC,Energy
2022-05-04,139.89100646972656,142.75672212379243,138.7006403477024,139.31786872074116,24511385,NTPC.NS,NTPC,Energy
2022-05-05,139.6706085205078,141.74274737879233,138.4361514057256,140.72872999554792,33396072,NTPC.NS,NTPC,Energy
2022-05-06,140.19964599609375,141.39002573071926,137.59846028645154,137.95115841656292,22604305,NTPC.NS,NTPC,Energy
2022-05-09,140.19964599609375,140.90505571088772,137.51027902663807,140.15555536618703,22958742,NTPC.NS,NTPC,Energy
2022-05-10,137.0694122314453,142.18361631541023,136.23174400453257,140.15556824449297,20322427,NTPC.NS,NTPC,Energy
2022-05-11,134.5123291015625,138.39206305901098,132.30793174970003,135.83496751267998,13794764,NTPC.NS,NTPC,Energy
2022-05-12,130.98529052734375,134.9091150385301,130.50032042942783,133.2337784689006,11818556,NTPC.NS,NTPC,Energy
2022-05-13,127.10555267333984,132.26384813233048,126.53241471326284,132.26384813233048,22913410,NTPC.NS,NTPC,Energy
2022-05-16,130.72076416015625,131.29390209504916,124.90114971622197,126.44422787662855,16286682,NTPC.NS,NTPC,Energy
2022-05-17,132.70469665527344,132.9251363507141,129.0013124627847,130.0594203099856,13925542,NTPC.NS,NTPC,Energy
2022-05-18,130.9412078857422,133.05742404550026,129.7949185264673,132.70472583706533,17611218,NTPC.NS,NTPC,Energy
2022-05-19,130.50030517578125,130.985275217011,128.51634783358188,130.05942576640362,11701170,NTPC.NS,NTPC,Energy
2022-05-20,131.91114807128906,133.10151461506038,130.19170730599572,133.10151461506038,17841739,NTPC.NS,NTPC,Energy
2022-05-23,132.39608764648438,136.98124448904497,130.85300963916137,136.14356280712593,26055890,NTPC.NS,NTPC,Energy
2022-05-24,129.53038024902344,133.89509767621328,129.0013329686122,132.39609674528126,16581141,NTPC.NS,NTPC,Energy
2022-05-25,134.60049438476562,135.04137384682457,129.97126003314673,130.85301895726462,19926619,NTPC.NS,NTPC,Energy
2022-05-26,135.9231414794922,136.7608232747329,132.79290786197942,135.0413824988803,22698086,NTPC.NS,NTPC,Energy
2022-05-27,132.66062927246094,136.67263512345116,131.82296097390935,136.67263512345116,10245727,NTPC.NS,NTPC,Energy
2022-05-30,133.0574188232422,134.4682385107583,131.20573311977267,132.30793179609037,12513990,NTPC.NS,NTPC,Energy
2022-05-31,137.55435180664062,139.317869137495,132.57242072880484,133.23373972787522,124665699,NTPC.NS,NTPC,Energy
2022-06-01,138.25979614257812,141.25777097589986,137.77482606391857,137.9511751503658,16084988,NTPC.NS,NTPC,Energy
2022-06-02,140.2437744140625,140.46421416842142,136.01132843945618,137.1135272112508,17646975,NTPC.NS,NTPC,Energy
2022-06-03,136.67262268066406,140.59644689896865,136.40809233294829,140.1996581046812,14063328,NTPC.NS,NTPC,Energy
2022-06-06,136.84898376464844,139.8910493937833,136.31993647738395,137.37804450648648,18485464,NTPC.NS,NTPC,Energy
2022-06-07,138.6565704345703,139.05335920117943,135.34997495520852,136.84896221493824,14911957,NTPC.NS,NTPC,Energy
2022-06-08,138.480224609375,140.8609707193511,137.64255642590197,137.64255642590197,16416591,NTPC.NS,NTPC,Energy
2022-06-09,136.8048858642578,139.31790407271504,136.4080970562311,136.93715776998195,13821409,NTPC.NS,NTPC,Energy
2022-06-10,136.89308166503906,138.08346167004302,135.79088293987772,135.87906421972033,7908849,NTPC.NS,NTPC,Energy
2022-06-13,131.29388427734375,136.58443725219288,130.2798670056598,135.7908596877943,19208167,NTPC.NS,NTPC,Energy
2022-06-14,133.498291015625,134.42414054417054,131.29389378317035,131.29389378317035,17034328,NTPC.NS,NTPC,Energy
2022-06-15,130.63258361816406,135.52634850246366,130.10353631865055,134.51233108746572,15172295,NTPC.NS,NTPC,Energy
2022-06-16,126.04743194580078,132.3960933289285,125.20976368250147,132.35201614762832,18494040,NTPC.NS,NTPC,Energy
2022-06-17,123.8430404663086,127.37007622728326,123.04946280191875,124.41619185021118,21387729,NTPC.NS,NTPC,Energy
2022-06-20,121.02140808105469,124.68070210568362,119.03745057152919,123.8430338481319,16578770,NTPC.NS,NTPC,Energy
2022-06-21,123.40216064453125,124.5484499544962,121.4622936724379,121.8590825035021,51398446,NTPC.NS,NTPC,Energy
2022-06-22,121.37409973144531,123.40214776751435,120.40417307389731,123.40214776751435,8317317,NTPC.NS,NTPC,Energy
2022-06-23,120.3600845336914,122.69674013365203,119.61058411996764,121.59454155733619,11257409,NTPC.NS,NTPC,Energy
2022-06-24,120.4482650756836,121.5945408244855,118.99335489097193,121.5945408244855,21879039,NTPC.NS,NTPC,Energy
2022-06-27,122.12360382080078,122.6085738915091,120.58052579418415,121.02140523036033,12872030,NTPC.NS,NTPC,Energy
2022-06-28,122.2117919921875,122.82902054677969,120.93323079140744,122.12361071814288,14272044,NTPC.NS,NTPC,Energy
2022-06-29,124.98932647705078,126.17970639675679,120.6246225290843,121.50638144602999,53487394,NTPC.NS,NTPC,Energy
2022-06-30,126.00332641601562,126.92917584162366,124.46024852485938,125.47427921179064,19270932,NTPC.NS,NTPC,Energy
2022-07-01,124.0193862915039,126.26787422071932,123.22580864805062,125.20976621125716,9592229,NTPC.NS,NTPC,Energy
2022-07-04,124.68070220947266,125.3861120154724,122.8731072407253,122.8731072407253,17526429,NTPC.NS,NTPC,Energy
2022-07-05,124.19573974609375,127.19371446251473,123.62258841927316,124.68069635127043,11370649,NTPC.NS,NTPC,Energy
2022-07-06,122.52039337158203,125.20976063961506,120.00738864275591,124.76888120074318,15929985,NTPC.NS,NTPC,Energy
2022-07-07,123.8430404663086,125.87108871978376,123.00537216399184,123.44625163411366,18144208,NTPC.NS,NTPC,Energy
2022-07-08,126.70874786376953,127.14962730202522,124.32800158810338,124.32800158810338,15375888,NTPC.NS,NTPC,Energy
2022-07-11,127.67869567871094,129.61856263263846,126.62058765425716,126.97328584421726,16779135,NTPC.NS,NTPC,Energy
2022-07-12,129.7067413330078,130.58850024498048,127.01737396057655,127.01737396057655,19138561,NTPC.NS,NTPC,Energy
2022-07-13,131.02935791015625,131.6906769841552,130.0594178864627,130.2798575777957,13644449,NTPC.NS,NTPC,Energy
2022-07-14,130.76483154296875,131.64659033495832,129.618542422468,131.38206000644718,9775869,NTPC.NS,NTPC,Energy
2022-07-15,132.04339599609375,132.39609417619062,130.63257636656,130.8971067289192,11518139,NTPC.NS,NTPC,Energy
2022-07-18,132.08750915527344,133.6305875018197,131.6466296276888,133.49831557079904,8286352,NTPC.NS,NTPC,Energy
2022-07-19,132.92514038085938,133.3219291537685,131.6025021681145,132.08747220370196,6798359,NTPC.NS,NTPC,Energy
2022-07-20,132.74880981445312,134.24779730693274,132.39609816914563,134.1155388490509,7271345,NTPC.NS,NTPC,Energy
2022-07-21,133.0133514404297,133.3660496610091,132.2638509034801,133.1456099095033,7521568,NTPC.NS,NTPC,Energy
2022-07-22,131.33799743652344,133.4983042475369,130.63258756130546,133.14560603721506,6800124,NTPC.NS,NTPC,Energy
2022-07-25,132.3520050048828,132.66061252086763,129.92716823630587,131.5584139896963,7996687,NTPC.NS,NTPC,Energy
2022-07-26,132.2638397216797,133.10150801566894,131.51433924809407,132.2638397216797,5774871,NTPC.NS,NTPC,Energy
2022-07-27,131.99929809570312,132.7487985053786,131.42616022094356,131.86703964908858,5403197,NTPC.NS,NTPC,Energy
2022-07-28,132.5724639892578,133.10151128840877,131.42617465923658,132.30793361239537,6030744,NTPC.NS,NTPC,Energy
2022-07-29,134.86502075195312,136.187659098892,132.660623507055,133.1015029560346,11771461,NTPC.NS,NTPC,Energy
2022-08-01,137.99526977539062,139.05337777923936,133.14559575772512,134.82093230927117,14221965,NTPC.NS,NTPC,Energy
2022-08-02,140.6846466064453,141.16961673172895,138.0393696917064,138.52433981699005,18278835,NTPC.NS,NTPC,Energy
2022-08-03,140.77279663085938,141.91908583988533,138.6124901145638,141.12550824763713,10147608,NTPC.NS,NTPC,Energy
2022-08-04,136.40811157226562,141.52231634932429,134.95321463648546,140.81690647411372,15754128,NTPC.NS,NTPC,Energy
2022-08-05,137.20167541503906,138.56839079888485,134.90909714062465,136.14355408557296,33864055,NTPC.NS,NTPC,Energy
2022-08-08,140.5523681640625,141.08142890428297,136.62854361357682,137.11351371635,16964235,NTPC.NS,NTPC,Energy
2022-08-10,139.96823120117188,141.22636712016612,139.2942268775707,141.00169901229907,14055597,NTPC.NS,NTPC,Energy
2022-08-11,138.08102416992188,140.9567871406696,137.36209713988904,140.3726417879503,15810624,NTPC.NS,NTPC,Energy
2022-08-12,142.4395751953125,142.8889113946668,137.1374135279928,138.12594493898072,17998843,NTPC.NS,NTPC,Energy
2022-08-16,142.6642608642578,143.6078697416389,141.0466476048409,142.8889289916031,8309725,NTPC.NS,NTPC,Energy
2022-08-17,145.09066772460938,147.06774441860827,142.88892291282303,142.88892291282303,19674110,NTPC.NS,NTPC,Energy
2022-08-18,144.5065460205078,146.16908197863802,143.69773251337412,145.09067768178107,9585888,NTPC.NS,NTPC,Energy
2022-08-19,141.7655792236328,145.2703962994093,141.22637026767333,144.73120105610317,9599472,NTPC.NS,NTPC,Energy
2022-08-22,140.6422576904297,142.84400275199803,140.19292140387878,141.36119849144217,11400211,NTPC.NS,NTPC,Energy
2022-08-23,142.57435607910156,143.068628590685,139.87833915699323,140.59727974541903,14362373,NTPC.NS,NTPC,Energy
2022-08-24,144.5065460205078,146.483622850188,141.99026018607182,142.79905998055088,20602844,NTPC.NS,NTPC,Energy
2022-08-25,142.79904174804688,145.53999536572522,142.3946419024409,145.0008001424682,12889454,NTPC.NS,NTPC,Energy
2022-08-26,146.8430633544922,148.0113402065173,142.799037590857,142.88891031510988,30724938,NTPC.NS,NTPC,Energy
2022-08-29,144.64132690429688,146.84307164629388,144.41665879363077,145.40520396562286,10928330,NTPC.NS,NTPC,Energy
2022-08-30,147.38229370117188,148.68536611636475,145.18054876341085,145.4052168940529,24663153,NTPC.NS,NTPC,Energy
2022-09-01,144.41665649414062,147.60694635733196,144.05719300785978,145.13559717935533,14554158,NTPC.NS,NTPC,Energy
2022-09-02,145.40521240234375,149.53909765086468,144.91093978766895,146.48361665358163,25106698,NTPC.NS,NTPC,Energy
2022-09-05,147.83164978027344,148.37085885116065,145.76469995874746,146.1241772435577,15226001,NTPC.NS,NTPC,Energy
2022-09-06,151.38137817382812,151.74085539736316,148.1012290709128,148.99990156076947,27866331,NTPC.NS,NTPC,Energy
2022-09-07,150.34791564941406,152.90912410911739,149.76377028261354,151.42631993311306,19415892,NTPC.NS,NTPC,Energy
2022-09-08,149.89857482910156,152.0553833308971,149.13469772369473,150.97697907999932,11595205,NTPC.NS,NTPC,Energy
2022-09-09,149.71884155273438,152.19019088758492,149.1346962096319,150.66243669228146,16415150,NTPC.NS,NTPC,Energy
2022-09-12,149.53907775878906,151.06683176685883,148.73027810611276,150.4826864953462,15469466,NTPC.NS,NTPC,Energy
2022-09-13,150.43777465820312,151.83071980946795,148.86509774511643,150.0333747659403,15644741,NTPC.NS,NTPC,Energy
2022-09-14,154.88621520996094,155.51528323509714,148.2809666643943,148.2809666643943,38751148,NTPC.NS,NTPC,Energy
2022-09-15,157.35752868652344,158.30112365221922,155.15577053282962,156.72844709252442,29483891,NTPC.NS,NTPC,Energy
2022-09-16,155.2906036376953,156.99807582451362,153.94259494936924,156.32407148035057,26126152,NTPC.NS,NTPC,Energy
2022-09-19,153.67298889160156,156.45887897060422,153.26858903178592,155.91967001574778,13304030,NTPC.NS,NTPC,Energy
2022-09-20,154.4817657470703,155.6051061428828,153.58309343042035,154.4817657470703,15395199,NTPC.NS,NTPC,Energy
2022-09-21,151.5161895751953,154.61660696974016,151.1117759784969,153.67299809853412,7370283,NTPC.NS,NTPC,Energy
2022-09-22,151.56109619140625,152.4597685998051,149.9434968264105,150.07829220260922,7447846,NTPC.NS,NTPC,Energy
2022-09-23,147.33734130859375,151.42630358410767,146.1690644137822,150.21309032552395,12264388,NTPC.NS,NTPC,Energy
2022-09-26,142.5294647216797,147.24749537106334,140.7321197123907,145.98934563696852,21951865,NTPC.NS,NTPC,Energy
2022-09-27,142.888916015625,145.27039246415757,141.54090737396817,143.2483795016723,8367800,NTPC.NS,NTPC,Energy
2022-09-28,141.9453125,143.29332119176192,139.29423148206558,141.8105171158852,14261815,NTPC.NS,NTPC,Energy
2022-09-29,143.38320922851562,145.31534974122778,141.990264022473,142.6642684403012,17623352,NTPC.NS,NTPC,Energy
2022-09-30,143.47305297851562,145.18053888278044,141.45103994035057,143.78759382506937,12015533,NTPC.NS,NTPC,Energy
2022-10-03,144.10211181640625,147.47213301218142,142.8439623423927,143.65277565696957,10528629,NTPC.NS,NTPC,Energy
2022-10-04,146.07920837402344,147.38228067403762,145.00080418479283,145.5399994230815,9013773,NTPC.NS,NTPC,Energy
2022-10-06,146.39373779296875,148.37082816893354,145.9444015643683,147.60695109525136,6456408,NTPC.NS,NTPC,Energy
2022-10-07,147.65188598632812,148.146158575384,145.0008050065873,146.57348179098565,8825983,NTPC.NS,NTPC,Energy
2022-10-10,147.33734130859375,148.8201590371575,145.45013744403937,146.21400077755436,10484521,NTPC.NS,NTPC,Energy
2022-10-11,144.73118591308594,147.74173008301952,144.0571816449834,147.74173008301952,13805741,NTPC.NS,NTPC,Energy
2022-10-12,148.28094482421875,148.55054928461146,144.82105062659264,145.4950549212482,12496248,NTPC.NS,NTPC,Energy
2022-10-13,148.0562744140625,149.8985555332171,147.60693822464197,148.14614713700752,9447511,NTPC.NS,NTPC,Energy
2022-10-14,148.3708038330078,150.52761189146685,148.14613575555785,149.4042715042171,9588164,NTPC.NS,NTPC,Energy
2022-10-17,151.38137817382812,151.9205871528037,147.38228833649666,148.3708335604006,13426449,NTPC.NS,NTPC,Energy
2022-10-18,150.03335571289062,152.28003673198947,149.53908314615833,151.8307005281697,20635735,NTPC.NS,NTPC,Energy
2022-10-19,147.4272003173828,151.06682604179764,147.24746859167192,149.6289448108073,6947654,NTPC.NS,NTPC,Energy
2022-10-20,150.03335571289062,150.88709175761764,145.1355938337857,147.38227485288454,12020720,NTPC.NS,NTPC,Energy
2022-10-21,148.32589721679688,151.38137819773047,147.83162460476686,150.5276420747626,7414335,NTPC.NS,NTPC,Energy
2022-10-24,150.03335571289062,150.93202812053016,149.4042877700735,150.03335571289062,685185,NTPC.NS,NTPC,Energy
2022-10-25,152.190185546875,152.50471267813523,148.6853547492146,150.48269965694197,8131380,NTPC.NS,NTPC,Energy
2022-10-27,153.3584442138672,154.1223212620347,150.572567917189,152.6844398934793,16225577,NTPC.NS,NTPC,Energy
2022-10-28,156.41395568847656,156.9980873445516,152.68445648285643,153.35846087647585,16185760,NTPC.NS,NTPC,Energy
2022-10-31,155.56021118164062,156.36901092550414,151.92058490894726,152.68444828645087,24233760,NTPC.NS,NTPC,Energy
2022-11-01,163.37864685058594,164.4121146368354,155.9196631064225,156.36899931134013,41101936,NTPC.NS,NTPC,Energy
2022-11-02,162.61477661132812,164.18745339424746,161.76104052884543,163.46851269381082,22146420,NTPC.NS,NTPC,Energy
2022-11-03,160.09848022460938,163.42357902591726,159.28968056154403,161.17689805889972,16719953,NTPC.NS,NTPC,Energy
2022-11-04,159.0200958251953,161.31171343829806,158.48090055382968,160.9073135566103,14881752,NTPC.NS,NTPC,Energy
2022-11-07,158.03155517578125,161.31170411989893,157.13288272943083,159.82890006848208,12799401,NTPC.NS,NTPC,Energy
2022-11-09,155.82980346679688,159.73903426293447,154.79633559375787,159.73903426293447,14929008,NTPC.NS,NTPC,Energy
2022-11-10,154.66152954101562,156.54873340242736,153.26858454231578,155.91966544862345,10668583,NTPC.NS,NTPC,Energy
2022-11-11,154.07737731933594,156.00953117033364,152.45976428744206,155.47032225548492,16963169,NTPC.NS,NTPC,Energy
2022-11-14,154.07737731933594,155.82978572361586,153.76285021288444,154.88619069160904,10224241,NTPC.NS,NTPC,Energy
2022-11-15,154.66152954101562,156.50379703873003,154.03244787455876,154.84126128315205,13899999,NTPC.NS,NTPC,Energy
2022-11-16,152.72938537597656,155.42540281849213,152.01044464877498,154.6615394373717,9781274,NTPC.NS,NTPC,Energy
2022-11-17,151.24656677246094,153.49324775923947,150.5276261141613,152.72937073867377,12778124,NTPC.NS,NTPC,Energy
2022-11-18,149.04483032226562,151.9205794005312,148.3708259892665,151.4712431785318,11134908,NTPC.NS,NTPC,Energy
2022-11-21,147.74172973632812,149.35934271850874,147.5170616474878,148.28093863460563,12788632,NTPC.NS,NTPC,Energy
2022-11-22,150.12322998046875,150.52762982552917,148.1461534058879,148.5056168875743,15198091,NTPC.NS,NTPC,Energy
2022-11-23,151.0218963623047,151.2016280959656,149.40428333405217,150.84216462864381,12004998,NTPC.NS,NTPC,Energy
2022-11-24,152.3249969482422,152.77433322242578,150.61752459140644,151.60605616701744,10986350,NTPC.NS,NTPC,Energy
2022-11-25,152.54965209960938,153.89766080741154,151.51618424202255,152.99898833554343,12358833,NTPC.NS,NTPC,Energy
2022-11-28,153.13377380371094,154.48178242421068,152.23510139004443,152.77431032330546,5471921,NTPC.NS,NTPC,Energy
2022-11-29,152.9091033935547,154.2121893438354,151.9205719810259,153.67298041870873,7693168,NTPC.NS,NTPC,Energy
2022-11-30,154.75137329101562,155.3355185361548,152.54962881355647,152.86416961575844,9133076,NTPC.NS,NTPC,Energy
2022-12-01,154.75137329101562,156.0544454337852,153.53817386677565,155.9196500686424,9214914,NTPC.NS,NTPC,Energy
2022-12-02,154.70645141601562,155.33553307931686,153.8077789971886,154.9311195207224,6376672,NTPC.NS,NTPC,Energy
2022-12-05,157.40245056152344,157.85178671923563,154.03242937868194,155.51524692672297,9861212,NTPC.NS,NTPC,Energy
2022-12-06,157.44741821289062,158.16635895065167,156.23421857353202,157.80689543809817,7008295,NTPC.NS,NTPC,Energy
2022-12-07,154.43685913085938,157.26767173706546,153.94258656286948,156.45887205319306,7718718,NTPC.NS,NTPC,Energy
2022-12-08,153.08885192871094,154.97605577937966,152.77431109727306,154.43686055603982,4225180,NTPC.NS,NTPC,Energy
2022-12-09,152.3249969482422,154.3470101820684,150.97698812569138,153.85273753793547,6174919,NTPC.NS,NTPC,Energy
2022-12-12,151.7857666015625,152.77431175089416,150.57256705936774,152.77431175089416,7153044,NTPC.NS,NTPC,Energy
2022-12-13,152.0553741455078,152.77431484022776,151.02190632429696,152.5496467301686,5166993,NTPC.NS,NTPC,Energy
2022-12-14,154.2122039794922,156.0994079712373,152.28004990829248,152.72938615099187,8562333,NTPC.NS,NTPC,Energy
2022-12-15,154.66152954101562,156.4139380239883,154.30205234408987,154.57165681362096,10644546,NTPC.NS,NTPC,Energy
2022-12-16,152.59458923339844,155.5602111480132,151.92058487610663,154.48179320622327,9433166,NTPC.NS,NTPC,Energy
2022-12-19,154.39195251464844,154.79635243450068,152.3250028310471,152.59460734850038,7706855,NTPC.NS,NTPC,Energy
2022-12-20,152.54965209960938,154.0773925592544,151.4712478758984,153.80778807516324,7387632,NTPC.NS,NTPC,Energy
2022-12-21,150.93203735351562,153.71792747268088,149.71883775657864,152.77431864440533,8454254,NTPC.NS,NTPC,Energy
2022-12-22,149.08975219726562,151.56110140538135,147.87655263178254,151.4263060245454,6979001,NTPC.NS,NTPC,Energy
2022-12-23,146.48361206054688,149.49417030881588,145.8994804422994,147.65188900969545,5313321,NTPC.NS,NTPC,Energy
2022-12-26,148.8650665283203,150.75228391333928,145.49504527839468,145.58491799678666,8321609,NTPC.NS,NTPC,Energy
2022-12-27,148.46066284179688,151.15667977129434,147.87653132546623,150.0782757420256,9244387,NTPC.NS,NTPC,Energy
2022-12-28,149.04483032226562,150.61750709926358,148.10122151353622,148.28095325980533,9652984,NTPC.NS,NTPC,Energy
2022-12-29,149.8536376953125,150.4377693287034,147.38228834801347,148.2809608379404,19571340,NTPC.NS,NTPC,Energy
2022-12-30,149.58401489257812,150.79722809051015,149.17961506415156,149.85361934907993,8626291,NTPC.NS,NTPC,Energy
2023-01-02,150.9769744873047,151.47124708678788,149.5390930547451,150.12323838600838,7322962,NTPC.NS,NTPC,Energy
2023-01-03,150.61752319335938,152.05539102980757,149.89858241880793,150.97698672430775,9629995,NTPC.NS,NTPC,Energy
2023-01-04,149.71884155273438,151.42631378993318,148.01135560288165,150.84218215948462,11995082,NTPC.NS,NTPC,Energy
2023-01-05,152.6844482421875,153.08886182665577,150.21309893229972,150.97697602223562,18887530,NTPC.NS,NTPC,Energy
2023-01-06,151.8756561279297,154.7064690854891,151.4712562358004,153.178728541526,13216749,NTPC.NS,NTPC,Energy
2023-01-09,153.13377380371094,153.67298273697196,152.2800377532583,152.99897842672206,6012344,NTPC.NS,NTPC,Energy
2023-01-10,150.93203735351562,153.40338662570454,150.21309664089358,153.13378214438958,7557693,NTPC.NS,NTPC,Energy
2023-01-11,149.2245635986328,151.69591284496994,148.7302910068347,151.38137200128386,8463293,NTPC.NS,NTPC,Energy
2023-01-12,149.13467407226562,150.2580145122686,148.7752106165254,149.98841006413753,7628932,NTPC.NS,NTPC,Energy
2023-01-13,150.79721069335938,151.11173776244826,148.73026171550796,149.35932956633647,5090393,NTPC.NS,NTPC,Energy
2023-01-16,149.13467407226562,151.5610866801417,147.96639727213216,151.5610866801417,10321015,NTPC.NS,NTPC,Energy
2023-01-17,150.70736694335938,151.15670316782536,148.99989477544997,149.71883547712622,13015434,NTPC.NS,NTPC,Energy
2023-01-18,152.28004455566406,152.5047126691167,150.16817251680138,150.5276360132642,5536057,NTPC.NS,NTPC,Energy
2023-01-19,151.60604858398438,153.13378909726313,150.3479125642617,153.13378909726313,6812613,NTPC.NS,NTPC,Energy
2023-01-20,151.60604858398438,152.68445284555443,150.66243971286528,152.68445284555443,8545359,NTPC.NS,NTPC,Energy
2023-01-23,149.9435272216797,152.3250041016282,149.1796500346329,152.235131357509,7787735,NTPC.NS,NTPC,Energy
2023-01-24,149.2245635986328,150.57257227845307,148.64041827645198,150.258031434767,7033092,NTPC.NS,NTPC,Energy
2023-01-25,149.08975219726562,149.71883387490854,147.7417435382934,149.17962492625838,9257370,NTPC.NS,NTPC,Energy
2023-01-27,149.44921875,150.1232230314528,147.3822695443476,149.40428238870604,13756671,NTPC.NS,NTPC,Energy
2023-01-30,151.7408447265625,154.7963254921445,150.1681679799079,150.61750419323778,30768122,NTPC.NS,NTPC,Energy
2023-01-31,153.80776977539062,155.15577832280914,150.39282575871871,152.6395066710829,24990701,NTPC.NS,NTPC,Energy
2023-02-01,152.77430725097656,156.1892650967642,150.25802180078293,154.79632014106303,13878016,NTPC.NS,NTPC,Energy
2023-02-02,149.9884033203125,153.5381699212377,148.7302675691386,152.77429297132062,19898080,NTPC.NS,NTPC,Energy
2023-02-03,152.66265869140625,153.49259199560794,149.89619558278866,151.6943937891983,11730514,NTPC.NS,NTPC,Energy
2023-02-06,153.12376403808594,153.8614904835888,151.27945495980958,151.69442168822945,7588936,NTPC.NS,NTPC,Energy
2023-02-07,152.3860321044922,154.64530782982195,151.50998813805344,153.53872523690137,8699758,NTPC.NS,NTPC,Energy
2023-02-08,152.6165771484375,152.84711578461338,151.32556641423722,152.70879823129252,8839686,NTPC.NS,NTPC,Energy
2023-02-09,153.07763671875,153.67703147510807,151.83272259897856,153.03152618265474,5507650,NTPC.NS,NTPC,Energy
2023-02-10,152.15548706054688,152.89321344836588,151.32555366860083,152.24770813563444,9468345,NTPC.NS,NTPC,Energy
2023-02-13,154.7836151123047,155.10636069605866,151.97104149724333,152.24769061971736,9829152,NTPC.NS,NTPC,Energy
2023-02-14,153.12376403808594,155.38303984478213,152.01718140531244,155.38303984478213,12916373,NTPC.NS,NTPC,Energy
2023-02-15,152.8932342529297,153.53873965349666,151.41778127652313,153.07766235723992,11855678,NTPC.NS,NTPC,Energy
2023-02-16,154.36866760253906,154.6453167845288,152.70880065252445,153.0776568478695,7923121,NTPC.NS,NTPC,Energy
2023-02-17,154.9680633544922,156.44350208159432,153.49261055642936,153.9997983351985,10182025,NTPC.NS,NTPC,Energy
2023-02-20,154.82972717285156,156.76625715431845,154.23033240623388,154.64529909627385,6679716,NTPC.NS,NTPC,Energy
2023-02-21,159.76327514648438,160.68542969278442,155.8902288662165,155.8902288662165,26883881,NTPC.NS,NTPC,Energy
2023-02-22,157.2273712158203,159.71718601032387,155.3830618760453,159.486647342852,12225021,NTPC.NS,NTPC,Energy
2023-02-23,156.39743041992188,158.28783614913414,155.84413201515153,157.6423307242107,11184381,NTPC.NS,NTPC,Energy
2023-02-24,157.6884307861328,157.87285888514057,156.21297785214676,156.99681486163223,8338893,NTPC.NS,NTPC,Energy
2023-02-27,158.97943115234375,159.99380673698573,157.22734321991967,157.82673802023288,17669762,NTPC.NS,NTPC,Energy
2023-02-28,157.2273712158203,159.53275789053907,156.62797630877887,159.3483297707543,19044910,NTPC.NS,NTPC,Energy
2023-03-01,158.84112548828125,159.57885196221605,156.72016715232948,157.64232172700747,9318790,NTPC.NS,NTPC,Energy
2023-03-02,157.5039825439453,158.7949931428543,156.99679478331672,158.7949931428543,7725981,NTPC.NS,NTPC,Energy
2023-03-03,159.1638946533203,161.37706013536297,158.1495189326557,158.61059624732817,12962719,NTPC.NS,NTPC,Energy
2023-03-06,163.03692626953125,163.68243163644036,159.2560870089809,159.4405151036747,12402804,NTPC.NS,NTPC,Energy
2023-03-08,164.92733764648438,165.20397273920082,161.79200390974208,162.0225425343131,22099710,NTPC.NS,NTPC,Energy
2023-03-09,165.48062133789062,168.0165461995135,164.1435001341362,164.51235630380606,18874546,NTPC.NS,NTPC,Energy
2023-03-10,166.679443359375,166.90998200855807,163.959090113207,164.14351821836098,12399692,NTPC.NS,NTPC,Energy
2023-03-13,165.71116638183594,167.41715789231654,165.48062774912026,167.18661925960086,13669178,NTPC.NS,NTPC,Energy
2023-03-14,164.05126953125,166.9099539285765,163.40576423632598,164.74288536244575,9217542,NTPC.NS,NTPC,Energy
2023-03-15,164.3279266357422,165.5728408205654,163.91295993112138,165.480619743556,8548173,NTPC.NS,NTPC,Energy
2023-03-16,165.6189727783203,165.98782899214,163.17525463113623,164.3279478880261,9405016,NTPC.NS,NTPC,Energy
2023-03-17,163.1752471923828,167.5554813688803,162.2069820865436,167.5554813688803,47276890,NTPC.NS,NTPC,Energy
2023-03-20,162.2991943359375,163.72853664570192,161.33092928280928,163.72853664570192,5627841,NTPC.NS,NTPC,Energy
2023-03-21,163.31356811523438,163.72853482740626,161.65368719558575,163.08302948947653,12894327,NTPC.NS,NTPC,Energy
2023-03-22,160.7776336669922,163.95906369898998,160.27044590630612,163.95906369898998,7893205,NTPC.NS,NTPC,Energy
2023-03-23,161.0081787109375,162.16087181719863,160.17823123185303,160.50099092999045,5759884,NTPC.NS,NTPC,Energy
2023-03-24,159.25608825683594,161.56147463597645,158.93334260633333,161.56147463597645,4977283,NTPC.NS,NTPC,Energy
2023-03-27,157.91897583007812,160.40879044503137,157.41178798402257,159.20998664643534,12077986,NTPC.NS,NTPC,Energy
2023-03-28,158.61058044433594,159.532734981803,157.22734863813534,158.01118562336697,8750986,NTPC.NS,NTPC,Energy
2023-03-29,160.45489501953125,161.7459057878553,158.33393669645997,159.20998072289146,20272070,NTPC.NS,NTPC,Energy
2023-03-31,161.46925354003906,163.4518800247905,161.00817630442612,161.19260438447918,8125121,NTPC.NS,NTPC,Energy
2023-04-03,163.95907592773438,164.23572509701134,161.7920071845196,161.9303388046387,9098662,NTPC.NS,NTPC,Energy
2023-04-05,162.2069854736328,164.4201649147596,161.51536953658612,164.4201649147596,10829323,NTPC.NS,NTPC,Energy
2023-04-06,161.56146240234375,162.85248711948154,161.23871677627983,162.66804496634705,7159274,NTPC.NS,NTPC,Energy
2023-04-10,163.77464294433594,164.14349911170825,161.56146372721955,162.1608725879006,10968456,NTPC.NS,NTPC,Energy
2023-04-11,164.23570251464844,165.7572516300173,162.80636039571928,164.23570251464844,9208605,NTPC.NS,NTPC,Energy
2023-04-12,162.11476135253906,164.42014756611056,161.65368410982475,164.1434984062898,7591360,NTPC.NS,NTPC,Energy
2023-04-13,159.57882690429688,162.39140072961177,158.8872110818896,162.29917965824015,9944382,NTPC.NS,NTPC,Energy
2023-04-17,156.39743041992188,160.40879460613647,156.07467067197868,158.9333556450205,17401126,NTPC.NS,NTPC,Energy
2023-04-18,156.8584747314453,157.45786948470146,155.8440992264395,156.76625365973206,16199789,NTPC.NS,NTPC,Energy
2023-04-19,154.09201049804688,156.72014217443288,153.8153613555431,155.61355967537773,16314641,NTPC.NS,NTPC,Energy
2023-04-20,156.4896240234375,156.95070129756135,153.81538146190397,154.0920306405706,15498083,NTPC.NS,NTPC,Energy
2023-04-21,156.4896240234375,156.72016266049943,155.29082029652318,156.44351348183278,6672391,NTPC.NS,NTPC,Energy
2023-04-24,157.64231872558594,157.91896790691453,155.10639369350412,155.38304287483268,8088991,NTPC.NS,NTPC,Energy
2023-04-25,157.78065490722656,159.02555515270552,157.0890389694175,157.9650830097832,9175412,NTPC.NS,NTPC,Energy
2023-04-26,156.6279296875,158.333906876419,156.30517002072537,157.78062268175313,9032416,NTPC.NS,NTPC,Energy
2023-04-27,157.64231872558594,158.01118899101132,155.65969205616125,156.7662747105137,9054900,NTPC.NS,NTPC,Energy
2023-04-28,158.61058044433594,159.07165771306947,156.3974151827996,158.51835936220462,21552892,NTPC.NS,NTPC,Energy
2023-05-02,161.9303436279297,162.29919981731163,159.1177694532669,159.20997646513155,8893428,NTPC.NS,NTPC,Energy
2023-05-03,162.62196350097656,164.74290774807403,161.46927029235314,161.93034757580253,11194149,NTPC.NS,NTPC,Energy
2023-05-04,162.62196350097656,163.63632508198796,161.19262110809112,162.71417051508922,4671155,NTPC.NS,NTPC,Energy
2023-05-05,160.6854248046875,162.66805139053585,159.53273165687767,162.62195492139247,5958697,NTPC.NS,NTPC,Energy
2023-05-08,163.2674560546875,163.7285333019072,160.91595927967487,161.19260844219886,6287186,NTPC.NS,NTPC,Energy
2023-05-09,162.2991943359375,164.7428981677248,161.56146791112738,163.4057769376721,7918748,NTPC.NS,NTPC,Energy
2023-05-10,163.2674560546875,163.5441052172115,161.3309259879804,162.29919102133394,6231734,NTPC.NS,NTPC,Energy
2023-05-11,165.57286071777344,165.98782747226159,163.17525313701134,163.7746620676831,12125975,NTPC.NS,NTPC,Energy
2023-05-12,161.3309326171875,165.29619992040486,160.91596589183067,165.15788236893974,8920297,NTPC.NS,NTPC,Energy
2023-05-15,162.2530975341797,162.9908240214537,160.31658133491806,160.45489889523589,7980565,NTPC.NS,NTPC,Energy
2023-05-16,163.63632202148438,164.1435098379851,161.8381234638561,163.12913420498364,7874923,NTPC.NS,NTPC,Energy
2023-05-17,162.2991943359375,164.00518581387587,161.423150362521,163.6363155659902,6639494,NTPC.NS,NTPC,Energy
2023-05-18,161.46925354003906,163.86684672265005,161.05427277121896,163.22134140698404,6921939,NTPC.NS,NTPC,Energy
2023-05-19,159.80938720703125,161.69980685910775,159.4866274843736,161.3770471364501,6657753,NTPC.NS,NTPC,Energy
2023-05-22,160.54710388183594,163.26745683931338,159.67104585113967,159.8093774685469,13339834,NTPC.NS,NTPC,Energy
2023-05-23,160.59320068359375,161.97643243477359,159.34830055010852,161.3309270984152,8359389,NTPC.NS,NTPC,Energy
2023-05-24,161.3309326171875,161.6536923318881,159.9477008186904,160.45488862566498,8507023,NTPC.NS,NTPC,Energy
2023-05-25,160.91595458984375,161.88421959497762,159.90157904713962,161.33092128605526,7986243,NTPC.NS,NTPC,Energy
2023-05-26,160.91595458984375,163.45187937564359,160.54709843120253,161.37703182362554,6926193,NTPC.NS,NTPC,Energy
2023-05-29,162.57582092285156,163.9590525006337,161.19258934506945,161.33090687446395,9943211,NTPC.NS,NTPC,Energy
2023-05-30,163.03692626953125,164.1435089086557,161.9303436304068,163.22135436422505,9727639,NTPC.NS,NTPC,Energy
2023-05-31,160.31655883789062,163.22133976463988,158.56445691761485,163.22133976463988,41785992,NTPC.NS,NTPC,Energy
2023-06-01,160.82371520996094,161.10036433293428,158.47223284208482,160.08600297664393,11602551,NTPC.NS,NTPC,Energy
2023-06-02,160.9620819091797,162.2069821276064,159.9015957183399,162.2069821276064,7262018,NTPC.NS,NTPC,Energy
2023-06-05,160.54710388183594,162.4836198868886,160.03991609326468,162.11476371572456,12239684,NTPC.NS,NTPC,Energy
2023-06-06,161.74588012695312,162.0686398033095,160.0399028873889,160.91594677483644,4889564,NTPC.NS,NTPC,Energy
2023-06-07,163.54408264160156,164.1434773518624,161.74587036890105,162.25305808502276,6270083,NTPC.NS,NTPC,Energy
2023-06-08,167.8782196044922,169.9991776431703,164.23571235924075,164.83510712038535,27382635,NTPC.NS,NTPC,Energy
2023-06-09,168.56983947753906,169.90696064125643,166.49499192561055,169.67642202437548,10235269,NTPC.NS,NTPC,Energy
2023-06-12,171.2440948486328,171.935710751956,168.43152069425946,168.56985231750107,17450400,NTPC.NS,NTPC,Energy
2023-06-13,170.9213409423828,172.12013052676974,170.59858124137963,171.52073573457628,8332566,NTPC.NS,NTPC,Energy
2023-06-14,172.6273193359375,173.73390192014355,170.92134195598342,170.92134195598342,15061573,NTPC.NS,NTPC,Energy
2023-06-15,172.16622924804688,172.71952753437054,170.92132921025848,172.4428783912087,9840499,NTPC.NS,NTPC,Energy
2023-06-16,173.5494842529297,174.01056152994116,171.56685759016503,172.35068051850746,8562558,NTPC.NS,NTPC,Energy
2023-06-19,171.38241577148438,173.54947035735177,170.78300691678518,173.54947035735177,5363723,NTPC.NS,NTPC,Energy
2023-06-20,172.9039764404297,173.3650537109375,170.1836233586259,171.52074462890624,6035600,NTPC.NS,NTPC,Energy
2023-06-21,172.9039764404297,174.01055907545611,171.98182189941406,172.9039764404297,5906854,NTPC.NS,NTPC,Energy
2023-06-22,170.1375274658203,173.31895809204553,169.07705528073285,172.90399132705315,6683123,NTPC.NS,NTPC,Energy
2023-06-23,172.16622924804688,172.90395560615846,169.4458764940353,170.1836028521469,15255365,NTPC.NS,NTPC,Energy
2023-06-26,170.50636291503906,172.81174918523138,170.09139620059668,172.81174918523138,7231775,NTPC.NS,NTPC,Energy
2023-06-27,171.56683349609375,172.3967668497776,170.41414046544406,170.50634746532012,6787438,NTPC.NS,NTPC,Energy
2023-06-28,174.37940979003906,175.76264144653024,170.87522011273606,171.56683594098166,32476741,NTPC.NS,NTPC,Energy
2023-06-30,174.42550659179688,176.73089269039826,173.36503461482428,173.45725568715235,9579059,NTPC.NS,NTPC,Energy
2023-07-03,176.36204528808594,177.60695947144495,174.01054853671928,175.20935218162785,7352149,NTPC.NS,NTPC,Energy
2023-07-04,178.94407653808594,179.6356923860268,174.2871936810922,176.22372368371072,13258826,NTPC.NS,NTPC,Energy
2023-07-05,178.3446502685547,179.58956430159637,177.37639943281013,178.89794852123077,6558910,NTPC.NS,NTPC,Energy
2023-07-06,181.43389892578125,181.8027550995331,177.74528090441848,178.436896783424,16276609,NTPC.NS,NTPC,Energy
2023-07-07,177.60694885253906,182.35603853881966,177.19196810225674,181.4338841087877,12652336,NTPC.NS,NTPC,Energy
2023-07-10,176.63870239257812,178.29858335472704,175.02493197095362,177.6530639293081,10238356,NTPC.NS,NTPC,Energy
2023-07-11,177.4225311279297,177.9297189484421,175.947092279394,177.65306976716604,11236383,NTPC.NS,NTPC,Energy
2023-07-12,175.94711303710938,179.58962115258396,175.43992515676047,178.66746648684543,9191559,NTPC.NS,NTPC,Energy
2023-07-13,173.2728271484375,176.86923818723352,172.3967831763712,176.86923818723352,10612659,NTPC.NS,NTPC,Energy
2023-07-14,172.85784912109375,173.68779657002764,170.3680349162126,173.31892634684803,12369394,NTPC.NS,NTPC,Energy
2023-07-17,171.98182678222656,174.24110265766663,171.33632139938112,173.78002537406815,9058800,NTPC.NS,NTPC,Energy
2023-07-18,172.76564025878906,174.42550699686876,171.79737528093585,172.4428805758513,7177677,NTPC.NS,NTPC,Energy
2023-07-19,177.56088256835938,181.2956117549456,175.3938134893259,176.1315400313988,31761232,NTPC.NS,NTPC,Energy
2023-07-20,177.88357543945312,179.12848948899588,176.9153245908746,177.69914737643623,8936996,NTPC.NS,NTPC,Energy
2023-07-21,179.912353515625,181.06504667225775,177.1458899397064,177.79139529322845,11031250,NTPC.NS,NTPC,Energy
2023-07-24,180.65005493164062,181.6644304763905,177.929702061034,180.28119877225552,9981788,NTPC.NS,NTPC,Energy
2023-07-25,185.0302734375,185.67579276975275,180.6500400681357,181.20333833264968,18028061,NTPC.NS,NTPC,Energy
2023-07-26,185.90635681152344,186.41353054062108,184.43090395152672,185.81413573116316,13857423,NTPC.NS,NTPC,Energy
2023-07-27,186.22909545898438,187.19736048256914,184.9841953466275,186.04466737614936,16013422,NTPC.NS,NTPC,Energy
2023-07-28,193.65245056152344,194.0674172842487,183.96982803344727,186.13689679906793,39630520,NTPC.NS,NTPC,Energy
2023-07-31,201.35243225097656,201.9057164851741,193.3296771809884,195.68117387146904,43494779,NTPC.NS,NTPC,Energy
2023-08-01,207.62307739257812,209.00630912489635,201.81351537361033,202.45902070116665,63510580,NTPC.NS,NTPC,Energy
2023-08-02,202.04403686523438,207.6230597891282,199.9691894426743,207.53085279070132,22647784,NTPC.NS,NTPC,Energy
2023-08-03,202.96620178222656,206.19374238440034,200.9835612554579,202.0440473244626,29868065,NTPC.NS,NTPC,Energy
2023-08-04,200.98358154296875,204.9027383840696,200.66083589274928,204.44166110864597,12879897,NTPC.NS,NTPC,Energy
2023-08-07,200.98358154296875,204.1189154584265,200.7069323635222,202.59735200695147,12929354,NTPC.NS,NTPC,Energy
2023-08-08,200.61473083496094,203.24286293414042,197.3410792757732,203.1506559191122,15314866,NTPC.NS,NTPC,Energy
2023-08-09,201.6752166748047,202.59737131352895,199.60036873767507,201.4446780151236,12554174,NTPC.NS,NTPC,Energy
2023-08-10,200.47637939453125,203.6578236242946,199.64644598648215,202.1362602815902,10970619,NTPC.NS,NTPC,Energy
2023-08-11,199.1673126220703,202.44001494215127,198.8400366829223,200.94391674583147,7970536,NTPC.NS,NTPC,Energy
2023-08-14,199.1673126220703,200.10237042780773,198.04524610875535,199.4478328173615,9283695,NTPC.NS,NTPC,Energy
2023-08-16,203.3283233642578,203.79585228175108,198.2790167624705,199.12056310681828,9687712,NTPC.NS,NTPC,Energy
2023-08-17,201.73870849609375,205.52569521714523,201.17766814191987,205.19841929923564,11865239,NTPC.NS,NTPC,Energy
2023-08-18,201.17767333984375,202.58025999366888,199.44782502750232,201.78546945054418,14101163,NTPC.NS,NTPC,Energy
2023-08-21,204.59063720703125,205.2919305149156,201.69195249396972,203.0945391097384,13336739,NTPC.NS,NTPC,Energy
2023-08-22,207.30230712890625,207.86334750446952,204.6374010146044,205.01141841974692,16930149,NTPC.NS,NTPC,Energy
2023-08-23,207.30230712890625,208.42437361218333,206.69452527858726,208.42437361218333,13507905,NTPC.NS,NTPC,Energy
2023-08-24,206.5075225830078,207.95685077098102,205.38544179924168,207.5828333549589,11182959,NTPC.NS,NTPC,Energy
2023-08-25,203.74908447265625,207.44257411644563,203.0945468804902,207.44257411644563,7413549,NTPC.NS,NTPC,Energy
2023-08-28,204.49716186523438,205.0582023178312,203.09457500159374,203.74911268438908,4851793,NTPC.NS,NTPC,Energy
2023-08-29,206.74127197265625,207.3490537963742,204.0763517071417,204.9646537063636,8799235,NTPC.NS,NTPC,Energy
2023-08-30,206.08673095703125,207.58282912634292,205.47894910141378,207.58282912634292,5490930,NTPC.NS,NTPC,Energy
2023-08-31,205.99322509765625,207.25554449895105,204.54388273215577,207.25554449895105,18532999,NTPC.NS,NTPC,Energy
2023-09-01,215.71783447265625,216.60613654088908,202.11274044831646,203.70235014371727,29859815,NTPC.NS,NTPC,Energy
2023-09-04,220.4866180419922,221.14115560670865,215.53080916425515,218.52299107999391,21895573,NTPC.NS,NTPC,Energy
2023-09-05,219.36456298828125,221.5151844885226,216.65288683969723,221.5151844885226,13952922,NTPC.NS,NTPC,Energy
2023-09-06,216.8398895263672,220.53337910439103,213.56718735596067,220.2061031802107,14623019,NTPC.NS,NTPC,Energy
2023-09-07,218.89703369140625,222.54375335435887,214.4555092021911,217.86846441834294,30334731,NTPC.NS,NTPC,Energy
2023-09-08,224.64761352539062,227.78006254287357,219.7385605763446,220.6736182809248,28856420,NTPC.NS,NTPC,Energy
2023-09-11,227.3125457763672,228.06058056552433,222.6839984783254,227.7800746535149,22493483,NTPC.NS,NTPC,Energy
2023-09-12,219.8320770263672,229.0423870641029,218.89701930063674,228.34109376980507,21174310,NTPC.NS,NTPC,Energy
2023-09-13,221.7489471435547,222.964525112899,218.00871601809496,220.76714788740105,9151928,NTPC.NS,NTPC,Energy
2023-09-14,222.49700927734375,223.66583157263116,220.62689360488386,222.49700927734375,7568464,NTPC.NS,NTPC,Energy
2023-09-15,220.86062622070312,223.75931080222958,220.29960016056293,220.29960016056293,14098284,NTPC.NS,NTPC,Energy
2023-09-18,225.53591918945312,226.4242211698008,220.72037763904044,221.6086796193881,11163399,NTPC.NS,NTPC,Energy
2023-09-20,226.0502166748047,230.0242122109698,224.74114149944296,225.81645223150085,18936709,NTPC.NS,NTPC,Energy
2023-09-21,223.43206787109375,227.12554348315425,221.70221942891368,224.46063720157403,10134737,NTPC.NS,NTPC,Energy
2023-09-22,222.49700927734375,223.75934306339428,220.6736493502654,223.10480543160338,7209300,NTPC.NS,NTPC,Energy
2023-09-25,224.0865936279297,224.6476340089733,221.74894915333059,223.61906473300988,8027642,NTPC.NS,NTPC,Energy
2023-09-26,224.60089111328125,227.40606464325856,223.52558030059674,224.1801179373547,10681642,NTPC.NS,NTPC,Energy
2023-09-27,223.75933837890625,224.88140490532123,222.40350739832775,224.32036450818876,9679279,NTPC.NS,NTPC,Energy
2023-09-28,221.65545654296875,225.53594074433335,220.34636704926933,224.03985681019813,32887087,NTPC.NS,NTPC,Energy
2023-09-29,229.6034393310547,235.16703023452425,223.94633694301612,223.9930926853006,35038887,NTPC.NS,NTPC,Energy
2023-10-03,225.53591918945312,230.6787366489748,224.92813737864907,228.4813595678883,14885044,NTPC.NS,NTPC,Energy
2023-10-04,219.8788299560547,225.3489236437587,216.4658747864321,225.3489236437587,25424437,NTPC.NS,NTPC,Energy
2023-10-05,218.6632537841797,221.98269727977254,216.98014703264687,221.84244432874837,22472389,NTPC.NS,NTPC,Energy
2023-10-06,220.25286865234375,222.07622851712495,218.4762502634969,219.03729065320638,8825123,NTPC.NS,NTPC,Energy
2023-10-09,219.45806884765625,220.95416707598062,215.5308288331174,218.66327825648716,10659145,NTPC.NS,NTPC,Energy
2023-10-10,220.58010864257812,221.46842488361492,218.56974026810707,219.6450509302012,11665907,NTPC.NS,NTPC,Energy
2023-10-11,223.19830322265625,224.13336106126633,220.6736499119791,220.90741437163163,14313043,NTPC.NS,NTPC,Energy
2023-10-12,225.9099578857422,226.98526859004878,223.10478463849134,223.43204628996122,13170027,NTPC.NS,NTPC,Energy
2023-10-13,226.33074951171875,227.96710070631391,224.03986069285554,224.9281627734943,11880728,NTPC.NS,NTPC,Energy
2023-10-16,227.6398162841797,229.08915871328261,225.3489275506168,227.07879017048955,6936948,NTPC.NS,NTPC,Energy
2023-10-17,229.97744750976562,231.1462696807523,227.49955021441343,228.94889256000664,10084205,NTPC.NS,NTPC,Energy
2023-10-18,226.2839813232422,230.77226149231439,225.90996392075675,229.9307009349481,6987265,NTPC.NS,NTPC,Energy
2023-10-19,223.94631958007812,226.09695514777798,223.0112618782824,224.60085711776549,11485237,NTPC.NS,NTPC,Energy
2023-10-20,225.34890747070312,226.4242181270132,222.12296123392454,223.43203631707146,9040953,NTPC.NS,NTPC,Energy
2023-10-23,221.1879119873047,225.25540460914345,219.73856963190744,225.1619073955413,7058625,NTPC.NS,NTPC,Energy
2023-10-25,216.98016357421875,220.95415919181306,213.5204525960007,220.67363900053059,23949207,NTPC.NS,NTPC,Energy
2023-10-26,216.6061248779297,218.14897874606575,212.9594053129702,215.85809008254765,17410264,NTPC.NS,NTPC,Energy
2023-10-27,221.23468017578125,222.96452853716355,216.93340860830432,216.93340860830432,10519462,NTPC.NS,NTPC,Energy
2023-10-30,219.36456298828125,222.91777117190585,215.67107330775903,222.02946912599973,8812268,NTPC.NS,NTPC,Energy
2023-10-31,220.4866180419922,221.79569317142514,218.38273812607213,219.27104012589083,6583581,NTPC.NS,NTPC,Energy
2023-11-01,217.4944305419922,221.32815861852688,217.02690168379175,221.32815861852688,6718059,NTPC.NS,NTPC,Energy
2023-11-02,219.97235107421875,220.39312423758136,218.56976435111002,218.99053751447263,6057787,NTPC.NS,NTPC,Energy
2023-11-03,221.24685668945312,222.0965294671398,220.25556217839969,220.25556217839969,6825146,NTPC.NS,NTPC,Energy
2023-11-06,222.66299438476562,223.93750359019216,221.43567801960648,222.1909507370605,5338605,NTPC.NS,NTPC,Energy
2023-11-07,225.77847290039062,226.15611646521924,222.0493309321857,223.08783272842814,7002346,NTPC.NS,NTPC,Energy
2023-11-08,223.4654541015625,227.43061775751872,222.75738864851218,226.43933764775107,9777991,NTPC.NS,NTPC,Energy
2023-11-09,224.6455535888672,226.29770624204005,222.80458637074298,223.9374881660788,13987058,NTPC.NS,NTPC,Energy
2023-11-10,229.1772003173828,229.6492439843599,222.615796227527,224.55117814325902,9589671,NTPC.NS,NTPC,Energy
2023-11-13,231.9622344970703,236.58827066650812,229.696430858802,231.25416905940793,18792969,NTPC.NS,NTPC,Energy
2023-11-15,233.47279357910156,235.03053187124402,232.19826995416386,235.03053187124402,10965645,NTPC.NS,NTPC,Energy
2023-11-16,238.2404327392578,240.03419282307848,233.80321096394468,234.88891998783933,22145147,NTPC.NS,NTPC,Energy
2023-11-17,237.53236389160156,238.9484948025476,236.9659057649717,238.85408031289975,5618928,NTPC.NS,NTPC,Energy
2023-11-20,237.01309204101562,241.119862676052,236.30502664818584,236.9658848003682,6283832,NTPC.NS,NTPC,Energy
2023-11-21,236.02183532714844,238.66528276393842,233.47280238674114,238.47646817680263,6851869,NTPC.NS,NTPC,Energy
2023-11-22,239.46774291992188,239.79817924412416,235.40817896903263,236.77710270170198,5275418,NTPC.NS,NTPC,Energy
2023-11-23,238.61805725097656,241.4031118135319,237.62676273735423,239.79816633728208,8200025,NTPC.NS,NTPC,Energy
2023-11-24,239.7037353515625,242.48880412807614,238.85406263014895,239.13729167249596,7149443,NTPC.NS,NTPC,Energy
2023-11-28,243.14968872070312,243.85775424267518,239.46775376870033,240.60067012835958,6151585,NTPC.NS,NTPC,Energy
2023-11-29,243.95216369628906,245.0378583786089,241.78077433164938,245.0378583786089,8637363,NTPC.NS,NTPC,Energy
2023-11-30,246.6900177001953,247.02045404120219,241.68636617498288,243.52734806683537,21687673,NTPC.NS,NTPC,Energy
2023-12-01,253.9123077392578,260.04887559720873,247.1148672028698,247.68132538277877,29121320,NTPC.NS,NTPC,Energy
2023-12-04,259.4351501464844,263.40032789739877,257.97182651600076,260.5680663071041,20464526,NTPC.NS,NTPC,Energy
2023-12-05,269.48974609375,270.5282191317144,257.54701804456386,259.8128507378741,18883076,NTPC.NS,NTPC,Energy
2023-12-06,265.3829345703125,272.1331527176223,263.3531527233951,271.89713090260267,13415314,NTPC.NS,NTPC,Energy
2023-12-07,267.93194580078125,272.13314552153986,265.5717277129969,266.090992979063,25133786,NTPC.NS,NTPC,Energy
2023-12-08,269.112060546875,275.5790640066844,265.28851868814985,270.4338057530454,20815064,NTPC.NS,NTPC,Energy
2023-12-11,271.23626708984375,272.3691833631711,268.49841970910325,270.0561579764851,8071675,NTPC.NS,NTPC,Energy
2023-12-12,267.5543518066406,272.46361759846366,265.14694056543993,271.3779228977508,8640883,NTPC.NS,NTPC,Energy
2023-12-13,277.6088562011719,278.41133616021585,268.592834102889,268.82885592547507,23629670,NTPC.NS,NTPC,Energy
2023-12-14,278.88336181640625,281.8100379899432,277.18401632790386,281.10197256785796,24900443,NTPC.NS,NTPC,Energy
2023-12-15,288.041015625,289.8347755747752,278.50572897250385,281.33799062307173,28843558,NTPC.NS,NTPC,Energy
2023-12-18,286.2472839355469,289.4099533752507,284.8783458114525,288.89071687921944,13307504,NTPC.NS,NTPC,Energy
2023-12-19,292.3366394042969,295.02729408863706,285.5864206778007,287.9466390305098,15650536,NTPC.NS,NTPC,Energy
2023-12-20,281.007568359375,295.8297499282572,278.647350199442,295.02726999162854,23497233,NTPC.NS,NTPC,Energy
2023-12-21,285.06719970703125,286.200087291343,276.80643502215923,279.2610391937983,17868637,NTPC.NS,NTPC,Energy
2023-12-22,285.86962890625,291.67578897193164,282.8485667696947,287.00254521449483,15207726,NTPC.NS,NTPC,Energy
2023-12-26,292.28936767578125,293.32786923294395,287.5689322443612,289.3154991162369,9917180,NTPC.NS,NTPC,Energy
2023-12-27,288.9378967285156,294.7912493122202,286.57767855948265,294.17759835052306,12630732,NTPC.NS,NTPC,Energy
2023-12-28,296.3489685058594,297.85951379926354,290.5428379452405,291.81736143690193,37591916,NTPC.NS,NTPC,Energy
2023-12-29,293.7527160644531,296.7738065214485,290.92045456524016,296.7738065214485,12682889,NTPC.NS,NTPC,Energy
2024-01-01,292.4310302734375,295.7825285389935,290.59004858256446,294.55522661924937,8024960,NTPC.NS,NTPC,Energy
2024-01-02,288.8907165527344,293.4223241114112,285.16156015769747,293.4223241114112,13506040,NTPC.NS,NTPC,Energy
2024-01-03,289.0795593261719,290.7789050389084,286.34168295049915,290.0236466801943,14259987,NTPC.NS,NTPC,Energy
2024-01-04,299.3700866699219,303.760086824481,291.34534467145073,293.51673392300455,40057506,NTPC.NS,NTPC,Energy
2024-01-05,297.3403015136719,307.44201816209477,295.2161051254336,304.8457781320258,27456415,NTPC.NS,NTPC,Energy
2024-01-08,298.7564392089844,300.5501993263362,295.1216973222731,298.7564392089844,10136462,NTPC.NS,NTPC,Energy
2024-01-09,301.8719177246094,303.47687767798476,298.3787831490316,300.07815759576874,12229517,NTPC.NS,NTPC,Energy
2024-01-10,295.82977294921875,301.87192614658585,290.7788999316605,301.77751165059,14455000,NTPC.NS,NTPC,Energy
2024-01-11,295.4049377441406,299.5589164862929,294.88570120559433,297.3403341749945,10316319,NTPC.NS,NTPC,Energy
2024-01-12,295.1688537597656,297.6706790473575,292.3838138400896,297.57629337749916,12341629,NTPC.NS,NTPC,Energy
2024-01-15,299.55889892578125,300.21977158269954,292.2894437559744,297.29309509118247,9706124,NTPC.NS,NTPC,Energy
2024-01-16,294.08319091796875,299.5116928370003,292.80866731385765,299.5116928370003,10162832,NTPC.NS,NTPC,Energy
2024-01-17,292.0061950683594,296.5378314680977,289.9292202616637,292.43104588470493,13502940,NTPC.NS,NTPC,Energy
2024-01-18,282.5653381347656,293.8943865674794,279.96909786893536,291.67580429841433,32481018,NTPC.NS,NTPC,Energy
2024-01-19,291.2037353515625,292.147822639055,284.83114616098817,286.81370641571635,28651237,NTPC.NS,NTPC,Energy
2024-01-23,285.6808166503906,297.67070781796326,283.5093986199392,295.9241693992128,21652362,NTPC.NS,NTPC,Energy
2024-01-24,291.58135986328125,293.3279270795942,281.57402901289345,286.0112507179851,23922028,NTPC.NS,NTPC,Energy
2024-01-25,297.1514892578125,299.46451475747625,291.9118160630759,292.6670744080123,32525422,NTPC.NS,NTPC,Energy
2024-01-29,306.403564453125,307.5364808957415,298.4732357885954,300.0309742887466,24694773,NTPC.NS,NTPC,Energy
2024-01-30,297.81231689453125,305.8370580441437,296.9154225356609,303.85446917434143,20918448,NTPC.NS,NTPC,Energy
2024-01-31,299.7477111816406,302.10792937992125,295.12168927526204,300.73899130041553,20931224,NTPC.NS,NTPC,Energy
2024-02-01,303.99609375,308.66933715047304,299.3700719986643,302.15511209253935,24020951,NTPC.NS,NTPC,Energy
2024-02-02,313.9090270996094,315.0419433835698,305.0346122461126,305.88428505345394,32346639,NTPC.NS,NTPC,Energy
2024-02-05,317.3077697753906,321.9809849547609,314.42828601960736,319.1015300102376,19651482,NTPC.NS,NTPC,Energy
2024-02-06,318.5946960449219,320.3106342341467,313.6374960209353,320.3106342341467,12024661,NTPC.NS,NTPC,Energy
2024-02-07,315.2581481933594,322.1219305055961,314.25715993834564,322.1219305055961,8080437,NTPC.NS,NTPC,Energy
2024-02-08,315.4487609863281,319.5956454255773,312.6841810576863,318.35636000353634,17754869,NTPC.NS,NTPC,Energy
2024-02-09,309.7289733886719,319.3573654490851,304.67646551262766,317.4031006706812,18304439,NTPC.NS,NTPC,Energy
2024-02-12,301.38751220703125,311.4449021603439,299.814564033004,310.9205667072858,11714289,NTPC.NS,NTPC,Energy
2024-02-13,306.5353698730469,308.8233263320677,301.14919965196634,303.67545339184574,15426888,NTPC.NS,NTPC,Energy
2024-02-14,312.6842041015625,313.9711723454955,303.48481184208947,305.915729230849,14085723,NTPC.NS,NTPC,Energy
2024-02-15,323.40887451171875,324.9818226886184,314.73378908213067,315.54410453464675,21973316,NTPC.NS,NTPC,Energy
2024-02-16,321.9788818359375,326.93608129101716,321.0732301167653,325.9350932183683,20307449,NTPC.NS,NTPC,Energy
2024-02-19,322.9322509765625,325.9351576025525,321.74061905413976,324.50519929564524,8496898,NTPC.NS,NTPC,Energy
2024-02-20,329.5577392578125,330.3203720584349,322.0266021619284,324.6958751492596,19340526,NTPC.NS,NTPC,Energy
2024-02-21,320.40594482421875,331.7979266876826,319.0713231074519,330.7969676732504,17751633,NTPC.NS,NTPC,Energy
2024-02-22,323.6948547363281,324.36218019006014,315.162788392604,323.17054837451985,16083122,NTPC.NS,NTPC,Energy
2024-02-23,321.9788818359375,324.12381887259437,319.2143021405383,324.12381887259437,9665454,NTPC.NS,NTPC,Energy
2024-02-26,321.8359375,322.69390661783973,318.9283383156978,322.2172538754205,7711995,NTPC.NS,NTPC,Energy
2024-02-27,320.40594482421875,322.21721923215745,318.49933405953146,320.40594482421875,8882923,NTPC.NS,NTPC,Energy
2024-02-28,317.7366943359375,320.7872834080509,316.3067361632419,320.0246506863093,12977628,NTPC.NS,NTPC,Energy
2024-02-29,319.9293212890625,320.31063765823603,315.1627939429578,317.7367012543099,13149469,NTPC.NS,NTPC,Energy
2024-03-01,327.4604187011719,328.2707341438379,319.3573224596582,319.92931154227966,13027254,NTPC.NS,NTPC,Energy
2024-03-04,337.3271484375,341.5693403493554,329.60536826484133,331.7503055854369,38075510,NTPC.NS,NTPC,Energy
2024-03-05,341.5216979980469,343.14232899752415,337.0411504766042,338.32811873000367,15918221,NTPC.NS,NTPC,Energy
2024-03-06,335.5158996582031,342.6656912767819,328.8904144546228,342.6656912767819,13120921,NTPC.NS,NTPC,Energy
2024-03-07,335.75421142578125,337.37481333321415,333.3709476566958,335.5635386872243,9172926,NTPC.NS,NTPC,Energy
2024-03-11,331.7026672363281,336.65983848351686,330.5110353366324,335.8018693342511,10664917,NTPC.NS,NTPC,Energy
2024-03-12,328.6520690917969,333.132616551108,326.55478536774166,331.7503119476296,9637912,NTPC.NS,NTPC,Energy
2024-03-13,307.4410095214844,328.41372955085694,304.58109315384263,327.7940868230493,23722232,NTPC.NS,NTPC,Energy
2024-03-14,306.8213806152344,311.6832444777552,301.7211903780074,306.0587187606296,20859127,NTPC.NS,NTPC,Energy
2024-03-15,301.5304870605469,310.8252147314332,291.4731267049756,307.5839821826642,43285007,NTPC.NS,NTPC,Energy
2024-03-18,302.34088134765625,307.8223888400273,300.2436263713403,302.29322770214577,13690352,NTPC.NS,NTPC,Energy
2024-03-19,298.8136291503906,303.05582129106284,295.62004981562166,299.6239155744839,13388060,NTPC.NS,NTPC,Energy
2024-03-20,299.0042419433594,302.6268200285703,293.9040520804449,301.24451551969446,10026655,NTPC.NS,NTPC,Energy
2024-03-21,309.8242492675781,311.11121735228085,302.1978062086839,302.43613255427437,23370426,NTPC.NS,NTPC,Energy
2024-03-22,309.5859680175781,311.96923182063875,306.15406232265565,309.34764163727203,14709219,NTPC.NS,NTPC,Energy
2024-03-26,313.73284912109375,314.87679827740845,305.1530995321445,305.1530995321445,11208959,NTPC.NS,NTPC,Energy
2024-03-27,316.1161193847656,318.4993832083954,311.06358262312494,316.49743577803116,45209520,NTPC.NS,NTPC,Energy
2024-03-28,320.1199645996094,324.1238592032676,314.8767845242624,316.4020790919691,19868037,NTPC.NS,NTPC,Energy
2024-04-01,326.3641357421875,328.31840033224563,320.45363015006274,323.17055657696807,8580656,NTPC.NS,NTPC,Energy
2024-04-02,328.69970703125,329.4623688456532,324.8388316015551,326.9837688608464,9745257,NTPC.NS,NTPC,Energy
2024-04-03,334.8486022949219,337.56552915696943,326.03052522381006,328.2707992712029,21679943,NTPC.NS,NTPC,Energy
2024-04-04,338.08978271484375,345.7639092855542,336.1831717545541,338.4234454514093,28962927,NTPC.NS,NTPC,Energy
2024-04-05,337.99444580078125,341.47403407173266,335.1345293649797,339.75806675470704,11208130,NTPC.NS,NTPC,Energy
2024-04-08,346.52655029296875,348.90981405014185,336.755168888559,338.99544263881677,11447140,NTPC.NS,NTPC,Energy
2024-04-09,345.95458984375,349.7678121712481,343.523672247001,347.956537384202,10010148,NTPC.NS,NTPC,Energy
2024-04-10,345.5732421875,351.15008515579945,344.4769466859719,347.09853679911845,12886638,NTPC.NS,NTPC,Energy
2024-04-12,344.8582763671875,357.0129219060448,344.1432972178429,345.5732555165321,30924494,NTPC.NS,NTPC,Energy
2024-04-15,344.28631591796875,348.9098539541833,336.3262082401158,338.90014502926823,18126999,NTPC.NS,NTPC,Energy
2024-04-16,342.4750061035156,345.0489426298416,338.0421412793547,344.14329075398507,15328939,NTPC.NS,NTPC,Energy
2024-04-18,334.7532043457031,344.3815952493912,332.89427616599113,342.76096434059986,22966560,NTPC.NS,NTPC,Energy
2024-04-19,334.1812438964844,335.94486495601234,326.98379873911165,327.07913511119517,12867942,NTPC.NS,NTPC,Energy
2024-04-22,326.888427734375,338.42342931255706,325.9351222996917,338.42342931255706,37382916,NTPC.NS,NTPC,Energy
2024-04-23,330.93994140625,332.36989940952566,327.9370354178851,329.84364608891934,14651106,NTPC.NS,NTPC,Energy
2024-04-24,335.2298889160156,336.65984723281304,331.083003978788,333.4662678401169,11132307,NTPC.NS,NTPC,Energy
2024-04-25,342.4273681640625,343.7619901271113,332.79897620712,334.61025094929886,19865014,NTPC.NS,NTPC,Energy
2024-04-26,339.3767395019531,344.52458310285004,338.4234340539139,343.8572867447667,10986589,NTPC.NS,NTPC,Energy
2024-04-29,346.0498962402344,346.66953899625423,340.28240960659383,342.9039997296259,13652173,NTPC.NS,NTPC,Energy
2024-04-30,346.24053955078125,348.3854767418769,342.5226251454907,347.9088240327445,14566548,NTPC.NS,NTPC,Energy
2024-05-02,351.8174133300781,355.2016656010514,346.24059895054967,346.24059895054967,27892188,NTPC.NS,NTPC,Energy
2024-05-03,347.90887451171875,362.63742790536827,343.5236631329251,354.9156470785367,26844664,NTPC.NS,NTPC,Energy
2024-05-06,340.1394348144531,351.62678503272576,337.8515071366585,350.6257966725426,15319437,NTPC.NS,NTPC,Energy
2024-05-07,332.84661865234375,341.7123775014994,330.6540275791264,341.52170475923015,10028071,NTPC.NS,NTPC,Energy
2024-05-08,338.8524475097656,341.76001761253553,329.0810662530613,329.0810662530613,9595776,NTPC.NS,NTPC,Energy
2024-05-09,329.891357421875,341.28336981097533,328.74740827470174,339.8534115575774,9043486,NTPC.NS,NTPC,Energy
2024-05-10,338.9001159667969,339.71043148593594,331.3213253651082,331.41666173663793,11699095,NTPC.NS,NTPC,Energy
2024-05-13,334.5149230957031,339.3767873851862,330.32038435103095,338.90013459391486,10691781,NTPC.NS,NTPC,Energy
2024-05-14,339.1860656738281,340.5683702060254,333.9428857266395,334.18121208787534,10891985,NTPC.NS,NTPC,Energy
2024-05-15,344.4769592285156,346.5265603003602,339.99641159860573,340.80672711796086,8538183,NTPC.NS,NTPC,Energy
2024-05-16,344.5722961425781,346.86022360062486,336.5645064005505,346.86022360062486,13114162,NTPC.NS,NTPC,Energy
2024-05-17,348.385498046875,349.3864571602361,343.5236342978903,345.52558161718684,8509179,NTPC.NS,NTPC,Energy
2024-05-21,354.629638671875,356.63158599902147,348.29016304639,349.8631112703713,10939593,NTPC.NS,NTPC,Energy
2024-05-22,356.39324951171875,359.7298185980534,353.2950067886937,357.48954496442826,14001806,NTPC.NS,NTPC,Energy
2024-05-23,354.9156188964844,358.06154443894985,352.246375187036,357.5372089689184,15370357,NTPC.NS,NTPC,Energy
2024-05-24,357.44189453125,360.4924545534,351.4837353951282,355.5829372437504,13317821,NTPC.NS,NTPC,Energy
2024-05-27,352.38934326171875,362.7327129041763,350.8163951346567,362.20840655934654,21891930,NTPC.NS,NTPC,Energy
2024-05-28,348.33782958984375,355.82128370599327,347.09854405656506,355.2016409393539,10200096,NTPC.NS,NTPC,Energy
2024-05-29,347.5751953125,349.2434799576302,343.1899841410712,344.6199424083257,18146672,NTPC.NS,NTPC,Energy
2024-05-30,342.9040222167969,347.76585730791965,340.4730755786585,347.00322449550976,14425073,NTPC.NS,NTPC,Energy
2024-05-31,342.2366943359375,349.52947601511,338.90012489255093,346.47891569384547,30515612,NTPC.NS,NTPC,Energy
2024-06-03,373.50506591796875,374.83971683004967,356.01193407938297,367.02260045603447,39261174,NTPC.NS,NTPC,Energy
2024-06-04,315.7824401855469,373.600411717231,299.29026702194284,373.600411717231,84042244,NTPC.NS,NTPC,Energy
2024-06-05,325.07720947265625,326.2688414721894,300.5772439252225,324.1239038730297,46418629,NTPC.NS,NTPC,Energy
2024-06-06,333.4185791015625,342.95163354335125,328.8903782417128,331.5596218483843,33171039,NTPC.NS,NTPC,Energy
2024-06-07,343.7619323730469,345.0965541118712,331.464298556083,335.5635001308803,23930193,NTPC.NS,NTPC,Energy
2024-06-10,347.86114501953125,352.81834488445253,344.9058923728502,347.9564813808899,16072588,NTPC.NS,NTPC,Energy
2024-06-11,350.24444580078125,354.5820034165549,347.8611819764801,351.53141408441905,11235777,NTPC.NS,NTPC,Energy
2024-06-12,353.9623107910156,356.53624720734973,348.3378143140135,352.29402621183687,12134524,NTPC.NS,NTPC,Energy
2024-06-13,352.67535400390625,358.82415654637947,350.768743151808,358.82415654637947,11243702,NTPC.NS,NTPC,Energy
2024-06-14,351.2453918457031,353.5333190235268,349.0051183016074,352.72300360214257,10298434,NTPC.NS,NTPC,Energy
2024-06-18,352.38934326171875,354.86794317629335,351.4837205667789,354.4389440995616,10228382,NTPC.NS,NTPC,Energy
2024-06-19,345.5732421875,353.5810025327781,344.66759032956486,352.5323606690045,8337334,NTPC.NS,NTPC,Energy
2024-06-20,340.9496765136719,347.8611407857489,340.37768744505445,345.5732136038517,14338604,NTPC.NS,NTPC,Energy
2024-06-21,342.99932861328125,346.00226439926183,340.09175829432684,343.14234772124365,17931844,NTPC.NS,NTPC,Energy
2024-06-24,345.81158447265625,347.6228591792907,338.947772950848,340.9020667624763,9335598,NTPC.NS,NTPC,Energy
2024-06-25,344.0002746582031,347.6705064294206,341.04502196868106,347.24150734337405,14983828,NTPC.NS,NTPC,Energy
2024-06-26,348.004150390625,349.7677713296745,342.8563066681199,346.04988581300825,15918394,NTPC.NS,NTPC,Energy
2024-06-27,359.5391540527344,363.30472231575226,347.09852924187913,348.0041519875216,55378829,NTPC.NS,NTPC,Energy
2024-06-28,360.6831359863281,371.3124863231485,359.11018775495035,360.30181961092967,25141039,NTPC.NS,NTPC,Energy
2024-07-01,352.4847412109375,364.1627346655257,350.62578367705356,363.92440826849327,23389211,NTPC.NS,NTPC,Energy
2024-07-02,353.1043701171875,355.2016539654993,348.09951597663013,355.2016539654993,13702830,NTPC.NS,NTPC,Energy
2024-07-03,355.249267578125,356.7745621057088,351.43604580545207,353.247320328957,9207317,NTPC.NS,NTPC,Energy
2024-07-04,355.5352783203125,363.0663855378561,354.39130014616035,356.4409010399906,14916930,NTPC.NS,NTPC,Energy
2024-07-05,362.0654296875,363.4477343469648,353.67635263665295,356.8699319897579,15946104,NTPC.NS,NTPC,Energy
2024-07-08,359.8251647949219,363.44771397919294,358.5858502163006,363.06639760599194,8898299,NTPC.NS,NTPC,Energy
2024-07-09,359.4438171386719,362.4944062908382,357.5372061917115,361.4934471807137,8355819,NTPC.NS,NTPC,Energy
2024-07-10,363.5906982421875,365.87862553784595,352.7230217683793,361.11209821665165,17715196,NTPC.NS,NTPC,Energy
2024-07-11,359.49151611328125,365.40199286040774,357.1082523218813,364.54402371401886,19873143,NTPC.NS,NTPC,Energy
2024-07-12,359.5391540527344,361.6840913713352,354.62963667534063,361.2551213631596,16151583,NTPC.NS,NTPC,Energy
2024-07-15,367.6422424316406,370.7881678846579,359.3008197110679,360.92145061952294,22951140,NTPC.NS,NTPC,Energy
2024-07-16,362.68505859375,370.59748194092595,362.25605951781824,368.59553474086556,11893034,NTPC.NS,NTPC,Energy
2024-07-18,360.11114501953125,365.0206624223283,356.7269222030353,365.0206624223283,15709153,NTPC.NS,NTPC,Energy
2024-07-19,347.622802734375,360.349435439441,345.95451831104424,360.1111090932509,13330099,NTPC.NS,NTPC,Energy
2024-07-22,356.0596008300781,359.6344964207415,345.4302504256871,347.71817778519676,18715538,NTPC.NS,NTPC,Energy
2024-07-23,364.5916442871094,367.64220396447394,344.6675391137544,359.1101385014172,49882257,NTPC.NS,NTPC,Energy
2024-07-24,374.26776123046875,376.5556887104473,363.8767366516577,366.1646641316363,36868466,NTPC.NS,NTPC,Energy
2024-07-25,373.8387145996094,377.79492627372576,368.21421844064866,372.6947655512597,25973101,NTPC.NS,NTPC,Energy
2024-07-26,377.7949523925781,380.84554158422503,371.5031594602401,376.50801326078374,20381410,NTPC.NS,NTPC,Energy
2024-07-29,375.5070495605469,389.23464363403076,374.3154176254775,385.13544141442276,27751449,NTPC.NS,NTPC,Energy
2024-07-30,387.9476318359375,393.4291377117054,378.46223177040645,378.46223177040645,34447139,NTPC.NS,NTPC,Energy
2024-07-31,396.5750732421875,397.909695074007,389.4729358944505,390.3785877227783,29727771,NTPC.NS,NTPC,Energy
2024-08-01,403.6772155761719,404.53518468632683,396.1937617687037,400.29296367976303,28803487,NTPC.NS,NTPC,Energy
2024-08-02,400.102294921875,406.39408739639924,394.0487997088912,396.81337959808707,24233263,NTPC.NS,NTPC,Energy
2024-08-05,393.9534912109375,396.2414185537202,385.75505823110603,388.6149746827281,42489503,NTPC.NS,NTPC,Energy
2024-08-06,395.62176513671875,405.1071660824479,393.9534805849374,393.9534805849374,18230579,NTPC.NS,NTPC,Energy
2024-08-07,399.9935302734375,404.5094431491151,398.74446296171675,404.5094431491151,15556736,NTPC.NS,NTPC,Energy
2024-08-08,391.7304382324219,400.66614631340633,389.9048376091993,400.04161262124416,16447385,NTPC.NS,NTPC,Energy
2024-08-09,394.56488037109375,400.04162374868645,392.2108641855873,397.59148936514947,10954753,NTPC.NS,NTPC,Energy
2024-08-12,385.14874267578125,393.94033202606795,384.42812011719695,393.94033202606795,26254763,NTPC.NS,NTPC,Energy
2024-08-13,380.6808776855469,388.6557553747369,379.52786989622024,387.21451029918165,11355664,NTPC.NS,NTPC,Energy
2024-08-14,380.8249816894531,384.33200537405037,378.2307289242963,383.2750864948307,9424614,NTPC.NS,NTPC,Energy
2024-08-16,382.4583740234375,385.24480451218176,377.89443147269384,382.4583740234375,13844122,NTPC.NS,NTPC,Energy
2024-08-19,387.3106384277344,391.5382852134501,385.72527454836717,386.54195671619846,10677045,NTPC.NS,NTPC,Energy
2024-08-20,390.3372497558594,392.2108802835712,387.31064063757884,388.7038267664588,10126083,NTPC.NS,NTPC,Energy
2024-08-21,392.9314270019531,393.6520494776954,389.32831462324174,391.53821181996994,9726854,NTPC.NS,NTPC,Energy
2024-08-22,387.55078125,393.9883245717221,386.49386239950707,393.7481170748921,10445288,NTPC.NS,NTPC,Energy
2024-08-23,386.2056579589844,390.00091913816664,383.8996423356456,387.55081419112753,11513586,NTPC.NS,NTPC,Energy
2024-08-26,398.600341796875,399.65726068897834,386.2056403369135,386.6860553494873,13772637,NTPC.NS,NTPC,Energy
2024-08-27,393.6040344238281,399.89748900943385,393.07558961137426,399.22489622794086,8441188,NTPC.NS,NTPC,Energy
2024-08-28,393.0275573730469,398.16800449086924,391.39416372698025,393.9883875138657,15884745,NTPC.NS,NTPC,Energy
2024-08-29,393.8442687988281,396.438521907538,387.9351692981098,393.02755731481136,19014705,NTPC.NS,NTPC,Energy
2024-08-30,399.8974914550781,402.779981698179,395.38157834533723,396.53458617146043,22633988,NTPC.NS,NTPC,Energy
2024-09-02,393.9403381347656,402.6838978456129,391.73044064972186,401.4348011313733,11107165,NTPC.NS,NTPC,Energy
2024-09-03,390.4813232421875,395.4295920945257,389.7126709373954,394.4207322792103,7538160,NTPC.NS,NTPC,Energy
2024-09-04,389.2322692871094,392.25887815923033,384.235941167711,384.3320300396623,11052003,NTPC.NS,NTPC,Energy
2024-09-05,387.4547119140625,392.4029807337067,386.10955572846103,389.4724608535676,14246871,NTPC.NS,NTPC,Energy
2024-09-06,379.335693359375,388.79987524995437,377.3179737049684,387.4547190396146,17956121,NTPC.NS,NTPC,Energy
2024-09-09,374.57958984375,377.3659910423845,370.2077956514635,375.8767162375538,12293356,NTPC.NS,NTPC,Energy
2024-09-10,380.7769470214844,383.75552611864373,374.48352175865654,374.8198181493725,15852309,NTPC.NS,NTPC,Energy
2024-09-11,374.387451171875,383.659455984709,372.3216722740221,383.37121867699307,11492592,NTPC.NS,NTPC,Energy
2024-09-12,388.9920654296875,390.3372216830461,375.3482665059757,375.68456289986716,24028069,NTPC.NS,NTPC,Energy
2024-09-13,385.67718505859375,391.3460766192792,383.7074951397629,388.9920605360675,12017217,NTPC.NS,NTPC,Energy
2024-09-16,394.9972229003906,395.86196404478534,386.25366394661097,386.68604917991075,11479712,NTPC.NS,NTPC,Energy
2024-09-17,399.9935302734375,401.29065668004324,394.0364016731159,395.7178542277737,14432501,NTPC.NS,NTPC,Energy
2024-09-18,397.9277648925781,403.3084191120582,396.8228161841097,402.10738153280846,10303840,NTPC.NS,NTPC,Energy
2024-09-19,407.3439636230469,414.93451612625176,404.07711757667147,407.3919934028189,59601773,NTPC.NS,NTPC,Energy
2024-09-20,407.3439636230469,413.01285578001205,400.23379688419203,411.2833438750704,36084164,NTPC.NS,NTPC,Energy
2024-09-23,411.5715637207031,413.63734249357003,408.35277714231654,410.7548523019772,14139629,NTPC.NS,NTPC,Energy
2024-09-24,411.33135986328125,414.550146470297,410.2744409191886,414.550146470297,12539885,NTPC.NS,NTPC,Energy
2024-09-25,419.01800537109375,419.8827465819928,408.9773192674241,411.3313647014005,19443168,NTPC.NS,NTPC,Energy
2024-09-26,417.57672119140625,420.79550753524273,413.6853421229934,420.79550753524273,20041825,NTPC.NS,NTPC,Energy
2024-09-27,419.78668212890625,425.1673367751351,416.51986551869163,418.9219408677037,53885913,NTPC.NS,NTPC,Energy
2024-09-30,425.83990478515625,430.88426272411255,416.6159301180519,419.7866576650844,20903229,NTPC.NS,NTPC,Energy
2024-10-01,422.8612976074219,430.21164139495494,421.61220098827306,428.53018886018964,15984996,NTPC.NS,NTPC,Energy
2024-10-03,418.29736328125,425.1672921946432,415.0785767866347,415.0785767866347,13563784,NTPC.NS,NTPC,Energy
2024-10-04,413.5893249511719,422.1407069080299,409.60185661044045,415.94334108393554,18347292,NTPC.NS,NTPC,Energy
2024-10-07,399.1768798828125,416.03943654026097,393.0275437371532,413.73345014674265,23431004,NTPC.NS,NTPC,Energy
2024-10-08,404.46142578125,410.94702869098626,395.1893922377137,397.7836451304908,18706355,NTPC.NS,NTPC,Energy
2024-10-09,402.059326171875,408.11254345719044,400.6661109397255,407.82430618539627,13916492,NTPC.NS,NTPC,Energy
2024-10-10,406.1429138183594,413.0608732655928,404.02907577152723,404.2212535293152,15866037,NTPC.NS,NTPC,Energy
2024-10-11,405.95068359375,409.93812231372095,403.16428239920435,407.34389885212545,8639087,NTPC.NS,NTPC,Energy
2024-10-14,407.872314453125,409.3135593805212,403.5485796709364,407.9684033127254,8483177,NTPC.NS,NTPC,Energy
2024-10-15,409.8901062011719,410.46661009702905,406.9595569481505,409.9381359749074,9365964,NTPC.NS,NTPC,Energy
2024-10-16,407.6322021484375,412.58047169015805,404.74971162057585,408.6410621043051,6219440,NTPC.NS,NTPC,Energy
2024-10-17,401.3867492675781,408.92927094710126,400.28180058586076,407.0556406399501,11968387,NTPC.NS,NTPC,Energy
2024-10-18,408.30474853515625,409.26557860176706,398.2160328357425,401.3387305522277,8828971,NTPC.NS,NTPC,Energy
2024-10-21,408.352783203125,411.9558959960937,402.6838916066289,409.36164305627346,9139781,NTPC.NS,NTPC,Energy
2024-10-22,399.465087890625,409.60183305229253,397.2551905343637,406.2869870179006,14242323,NTPC.NS,NTPC,Energy
2024-10-23,392.30694580078125,398.50431211224253,385.96549015079546,397.7836894863614,22522821,NTPC.NS,NTPC,Energy
2024-10-24,395.7658996582031,398.9846862546203,390.86566044060453,393.21970583914117,9400171,NTPC.NS,NTPC,Energy
2024-10-25,383.2751159667969,391.53826058217504,376.2610680582568,386.73411014558394,19642277,NTPC.NS,NTPC,Energy
2024-10-28,388.07928466796875,390.5774488770113,382.2182149950405,383.2751340052749,11716022,NTPC.NS,NTPC,Energy
2024-10-29,396.006103515625,398.07188228097175,388.60772964412655,392.9794946899117,20284308,NTPC.NS,NTPC,Energy
2024-10-30,392.49908447265625,398.55230219830895,389.9048315489726,397.9277685158538,12264297,NTPC.NS,NTPC,Energy
2024-10-31,394.57757568359375,396.9944419189493,390.08221038638476,395.3993161041669,12204072,NTPC.NS,NTPC,Energy
2024-11-01,397.67120361328125,401.63487041239284,396.7044570526572,398.2995829771342,2145479,NTPC.NS,NTPC,Energy
2024-11-04,387.6170349121094,400.52307754891115,380.6081225351178,400.08805930992804,13866505,NTPC.NS,NTPC,Energy
2024-11-05,389.695556640625,390.6623032313967,383.94340262442756,386.6986363086798,6665326,NTPC.NS,NTPC,Energy
2024-11-06,395.30267333984375,397.1394859537363,389.74388046717985,393.1758485510919,9700643,NTPC.NS,NTPC,Energy
2024-11-07,390.3722229003906,397.2361289158033,388.63209101040394,397.2361289158033,7589295,NTPC.NS,NTPC,Energy
2024-11-08,384.4267272949219,390.75893436519493,382.3965538105384,389.74383287162277,7536509,NTPC.NS,NTPC,Energy
2024-11-11,379.4963073730469,387.5686461359201,378.77124753511384,384.9100933968323,12243693,NTPC.NS,NTPC,Energy
2024-11-12,367.6536865234375,381.67151094022915,366.4452533840589,380.07638509680186,10549517,NTPC.NS,NTPC,Energy
2024-11-13,368.6688232421875,374.7109895156508,366.7353300346793,371.23069584158293,20602407,NTPC.NS,NTPC,Energy
2024-11-14,360.1130676269531,372.3907598545337,359.00131506369064,367.4119918274149,15086601,NTPC.NS,NTPC,Energy
2024-11-18,354.5059814453125,367.3636991131677,350.5906401083689,367.3636991131677,16383636,NTPC.NS,NTPC,Energy
2024-11-19,354.5059814453125,365.9135792482473,352.91082599168874,355.7627401938045,17055094,NTPC.NS,NTPC,Energy
2024-11-21,344.3067626953125,352.2340958567601,343.0016490098256,351.6057165275293,21276150,NTPC.NS,NTPC,Energy
2024-11-22,353.2974853515625,354.8926110185528,343.8717079069956,345.1767919509593,15949254,NTPC.NS,NTPC,Energy
2024-11-25,356.1494445800781,364.656832434369,355.27937853320293,361.5632314868514,18388844,NTPC.NS,NTPC,Energy
2024-11-26,349.6238708496094,358.0829028461915,348.2704316307087,357.6962101411859,11222231,NTPC.NS,NTPC,Energy
2024-11-27,357.0195007324219,359.24303557144066,349.333883111466,351.7023945343867,14225274,NTPC.NS,NTPC,Energy
2024-11-28,350.0105895996094,359.48472384242814,347.64207816597803,357.4062245834408,16837860,NTPC.NS,NTPC,Energy
2024-11-29,351.557373046875,353.24917949031783,348.2221151886026,351.1706803317835,14280017,NTPC.NS,NTPC,Energy
2024-12-02,346.2886047363281,351.79904203112784,345.1284971464958,351.55735540847627,12510350,NTPC.NS,NTPC,Energy
2024-12-03,355.23101806640625,357.6962098738917,346.288612819559,347.0619982289922,14205760,NTPC.NS,NTPC,Energy
2024-12-04,360.35479736328125,362.67498331697874,355.7627509850771,356.681172061824,22035954,NTPC.NS,NTPC,Energy
2024-12-05,356.8744812011719,361.51488231902454,352.2824351122292,360.35477466387056,18758283,NTPC.NS,NTPC,Energy
2024-12-06,357.2128601074219,358.8563410889947,355.8110657700354,357.16453457969027,9736086,NTPC.NS,NTPC,Energy
2024-12-09,357.55120849609375,360.8864663087112,355.5210348911999,358.56628054715935,10878679,NTPC.NS,NTPC,Energy
2024-12-10,356.8744812011719,358.85632932016296,354.21592820231035,356.72947511996847,7913822,NTPC.NS,NTPC,Energy
2024-12-11,353.3458557128906,358.42127498099643,352.5724702921891,356.9711551901091,9998662,NTPC.NS,NTPC,Energy
2024-12-12,343.7750549316406,354.79595892691066,341.26150817765523,353.829212444821,22538216,NTPC.NS,NTPC,Energy
2024-12-13,345.2734680175781,346.3852204678758,336.47606994943584,343.92002896926977,14269143,NTPC.NS,NTPC,Energy
2024-12-16,341.1648254394531,346.9653042947663,340.00474737004714,345.27349796196665,12168143,NTPC.NS,NTPC,Energy
2024-12-17,337.4428405761719,342.0832412929004,335.70270874662407,340.29475443862253,15646176,NTPC.NS,NTPC,Energy
2024-12-18,330.3856506347656,339.3280566870599,328.6938440843316,337.92626231559433,14672392,NTPC.NS,NTPC,Energy
2024-12-19,326.18023681640625,329.27383716728554,323.90837682461296,325.7935441482362,14513129,NTPC.NS,NTPC,Energy
2024-12-20,322.16827392578125,332.46411833973616,319.99309428187127,326.56695873791665,20375797,NTPC.NS,NTPC,Energy
2024-12-23,322.55499267578125,327.00203287410466,319.5097468289478,324.7301724953429,8884187,NTPC.NS,NTPC,Energy
2024-12-24,324.1501159667969,325.64859086511586,320.7181774142609,323.95678435275727,7755462,NTPC.NS,NTPC,Energy
2024-12-26,323.5217590332031,326.1803123084693,321.2015729844332,324.15013845225826,9030212,NTPC.NS,NTPC,Energy
2024-12-27,323.860107421875,328.69384036847015,323.08672195152565,325.4552333936985,9090597,NTPC.NS,NTPC,Energy
2024-12-30,320.3797912597656,325.6002165742575,316.5128051745475,323.8600846370144,36657549,NTPC.NS,NTPC,Energy
2024-12-31,322.2649841308594,323.4734173775607,315.3527518602808,319.12305768943594,8580998,NTPC.NS,NTPC,Energy
2025-01-01,322.55499267578125,323.5217392622531,317.86626583083984,321.9266132951274,7843971,NTPC.NS,NTPC,Energy
2025-01-02,326.76031494140625,327.3403687383043,319.0263429901304,322.5549617923477,16543382,NTPC.NS,NTPC,Energy
2025-01-03,328.548828125,333.04419378055627,325.84192002396406,326.80866659517034,8689629,NTPC.NS,NTPC,Energy
2025-01-06,316.6094970703125,330.3373099657643,315.594424987681,330.3373099657643,10538077,NTPC.NS,NTPC,Energy
2025-01-07,317.67291259765625,319.3647190088551,314.28929977525866,316.1261122640077,13891401,NTPC.NS,NTPC,Energy
2025-01-08,314.57928466796875,319.5096973967305,311.147346618064,319.5096973967305,8993608,NTPC.NS,NTPC,Energy
2025-01-09,309.697265625,315.11105224806533,309.16553731666653,313.27421018643054,12403467,NTPC.NS,NTPC,Energy
2025-01-10,297.9996337890625,310.3256527049118,297.37125441155246,309.6972733274018,15941143,NTPC.NS,NTPC,Energy
2025-01-13,288.2838134765625,299.64308466934125,286.9786998219463,291.08737238103646,29630336,NTPC.NS,NTPC,Energy
2025-01-14,300.0780944824219,302.30162903614274,290.2172983184006,290.4589849327554,22732888,NTPC.NS,NTPC,Energy
2025-01-15,310.6640319824219,313.51591680742047,302.1566440317492,302.1566440317492,21894626,NTPC.NS,NTPC,Energy
2025-01-16,314.6759948730469,316.41612682239185,310.95401483958733,313.90260945172975,14865186,NTPC.NS,NTPC,Energy
2025-01-17,315.30438232421875,318.0596159005053,312.59750377723475,314.48264185371033,7129232,NTPC.NS,NTPC,Energy
2025-01-20,324.8751525878906,325.79357357265724,313.7575677330373,315.3527230752912,17991880,NTPC.NS,NTPC,Energy
2025-01-21,313.515869140625,327.0019942292321,313.0324959045138,326.5669465156276,12774630,NTPC.NS,NTPC,Energy
2025-01-22,311.6790466308594,316.12608615934096,306.7969889056494,316.12608615934096,11068145,NTPC.NS,NTPC,Energy
2025-01-23,312.88751220703125,314.28930649309245,308.923845486948,310.3256397730092,6477347,NTPC.NS,NTPC,Energy
2025-01-24,312.88751220703125,318.9296780904621,311.3890668690456,313.99926482902987,7492600,NTPC.NS,NTPC,Energy
2025-01-27,311.4857177734375,314.2409215518039,304.52513153719747,312.8874824233018,13803855,NTPC.NS,NTPC,Energy
2025-01-28,307.6670837402344,313.0808702187769,297.90293786866414,311.77575650031605,22008929,NTPC.NS,NTPC,Energy
2025-01-29,310.5672912597656,312.16241697190975,302.8816453247625,309.35885821984436,16056888,NTPC.NS,NTPC,Energy
2025-01-30,312.2591552734375,315.9327805931954,310.4706681429902,311.53409531537227,10375720,NTPC.NS,NTPC,Energy
2025-01-31,315.66912841796875,317.8612751430935,309.3849625794539,314.15899478937325,13195557,NTPC.NS,NTPC,Energy
2025-02-01,309.5311279296875,322.2942694568091,308.6055429794492,317.66640417140303,10097627,NTPC.NS,NTPC,Energy
2025-02-03,303.2469787597656,305.97497181609333,296.1833945155622,302.1265541020915,15881217,NTPC.NS,NTPC,Energy
2025-02-04,310.8951110839844,312.210405002783,302.3213642401468,306.75438968995746,12141064,NTPC.NS,NTPC,Energy
2025-02-05,311.38226318359375,314.7435369191641,310.21310639467833,312.7462596154002,12226722,NTPC.NS,NTPC,Energy
2025-02-06,304.7571105957031,314.4025803942938,303.3931140758996,314.3051457001162,13384442,NTPC.NS,NTPC,Energy
2025-02-07,308.8004455566406,311.0412949899565,304.07514507380057,305.4391416737709,8937447,NTPC.NS,NTPC,Energy
2025-02-10,302.5162658691406,308.7029973818034,301.0548346330578,308.36199081347183,6806132,NTPC.NS,NTPC,Energy
2025-02-11,297.74224853515625,304.31868877557804,296.3295198496121,304.31868877557804,13241830,NTPC.NS,NTPC,Energy
2025-02-12,298.37554931640625,299.5934087013712,292.2862523915816,298.3268468341657,7616083,NTPC.NS,NTPC,Energy
2025-02-13,298.8139953613281,300.6651357094654,295.3065543300232,298.2781193836465,9086906,NTPC.NS,NTPC,Energy
2025-02-14,292.62725830078125,300.32412364968485,290.67868328926664,298.96012708820365,7446248,NTPC.NS,NTPC,Energy
2025-02-17,294.5758361816406,295.40398651618,285.27137257129044,289.8505357861115,6464173,NTPC.NS,NTPC,Energy
2025-02-18,303.19830322265625,304.36743046516546,289.85055164050607,293.40669531909595,15793327,NTPC.NS,NTPC,Energy
2025-02-19,306.7056884765625,308.2158519185008,302.61369887807547,303.19827731582916,13079903,NTPC.NS,NTPC,Energy
2025-02-20,316.7895812988281,318.7381563395503,303.4905625924784,304.5135525956993,22888146,NTPC.NS,NTPC,Energy
2025-02-21,317.86126708984375,321.27127302030954,313.28210437577576,314.98710734100865,10809296,NTPC.NS,NTPC,Energy
2025-02-24,311.8694152832031,317.03312681861235,311.23613439420285,313.81799016190746,6034113,NTPC.NS,NTPC,Energy
2025-02-25,310.50543212890625,313.2334251829092,307.63127216641857,311.8694286559077,10686112,NTPC.NS,NTPC,Energy
2025-02-27,307.58258056640625,311.08999183623087,306.4134236545345,307.24157398936904,7302366,NTPC.NS,NTPC,Energy
2025-02-28,303.44183349609375,307.5338228829829,298.66780127871704,305.92625456195884,21127180,NTPC.NS,NTPC,Energy
2025-03-03,306.31597900390625,309.62855050272066,299.7882707012502,303.2956818571158,9779703,NTPC.NS,NTPC,Energy
2025-03-04,305.68267822265625,306.8031028098022,300.08052555403384,303.2956621489558,8734999,NTPC.NS,NTPC,Energy
2025-03-05,317.8125915527344,318.8842840068403,305.4391285201632,305.48783100157,10493615,NTPC.NS,NTPC,Energy
2025-03-06,329.21173095703125,330.08858373555825,314.889722953373,320.54057839978606,26294903,NTPC.NS,NTPC,Energy
2025-03-07,321.0764465332031,330.0399037837353,320.24832591150175,327.2144758676641,8992315,NTPC.NS,NTPC,Energy
2025-03-10,320.9302978515625,326.33761133817166,317.9100006427666,320.97903006649653,11383132,NTPC.NS,NTPC,Energy
2025-03-11,321.80712890625,324.6812887417573,315.3768556012048,318.59199225372737,10299324,NTPC.NS,NTPC,Energy
2025-03-12,321.6609802246094,326.1914107029773,318.0074024625559,322.4891304639199,6984859,NTPC.NS,NTPC,Energy
2025-03-13,323.3659973144531,325.9478530992446,320.0047234661789,323.46343200561176,8965150,NTPC.NS,NTPC,Energy
2025-03-17,323.1224365234375,325.8991617856791,322.00201186895947,324.38902808610794,4353561,NTPC.NS,NTPC,Energy
2025-03-18,323.1224365234375,323.1224365234375,323.1224365234375,323.1224365234375,0,NTPC.NS,NTPC,Energy
2025-03-19,332.5243225097656,335.057476037498,327.7016170699998,330.28347308113456,30582397,NTPC.NS,NTPC,Energy
2025-03-20,332.9627380371094,335.8368979250275,331.5500093329679,335.8368979250275,15002119,NTPC.NS,NTPC,Energy
2025-03-21,342.26715087890625,344.75160158248633,332.9627181251139,333.20628997451047,36406837,NTPC.NS,NTPC,Energy
2025-03-24,357.5148010253906,358.53779098150085,344.5567597615945,347.82062875107556,24588471,NTPC.NS,NTPC,Energy
2025-03-25,357.5148010253906,361.89909466511006,354.78677825427314,359.51207845699406,23189083,NTPC.NS,NTPC,Energy
2025-03-26,345.5310363769531,359.51206715743194,344.21574237979854,357.5147897886035,18668095,NTPC.NS,NTPC,Energy
2025-03-27,351.3768005371094,355.0791110834549,341.97493158401426,344.80035954510913,37930538,NTPC.NS,NTPC,Energy
2025-03-28,348.40521240234375,354.93292074620217,347.28478773532055,352.6920714121557,11327077,NTPC.NS,NTPC,Energy
2025-04-01,343.0953063964844,353.56889608181143,341.82874465327615,343.290175772159,18736320,NTPC.NS,NTPC,Energy
2025-04-02,342.70562744140625,344.36192808126043,338.1264643073824,343.09533649404995,13593404,NTPC.NS,NTPC,Energy
2025-04-03,349.6717529296875,352.0587690280462,342.7056037468002,342.7056037468002,10317410,NTPC.NS,NTPC,Energy
2025-04-04,341.39031982421875,349.6230607492348,339.5878820777657,349.6230607492348,10872963,NTPC.NS,NTPC,Energy
2025-04-07,340.8057556152344,342.3646215618517,315.66915000777334,319.5663000078693,18025165,NTPC.NS,NTPC,Energy
2025-04-08,343.87481689453125,349.0385292300371,341.0006566099455,347.6745325501768,17506712,NTPC.NS,NTPC,Energy
2025-04-09,340.3673400878906,345.67718906100674,339.24691542258313,344.8977709632871,7462119,NTPC.NS,NTPC,Energy
2025-04-11,350.8409118652344,352.2049083298919,341.97489024562117,341.97489024562117,11246077,NTPC.NS,NTPC,Energy
2025-04-15,353.17919921875,358.9762214163254,352.25361425177806,357.5634927262931,17497327,NTPC.NS,NTPC,Energy
2025-04-16,350.06146240234375,353.66633779367334,348.69746594420843,353.1791940777041,11541484,NTPC.NS,NTPC,Energy
2025-04-17,354.6406555175781,356.05338430771565,348.0642147902604,350.01278982057676,12288196,NTPC.NS,NTPC,Energy
2025-04-21,355.176513671875,358.73268700780767,352.49722291531526,356.39437310667483,7375594,NTPC.NS,NTPC,Energy
2025-04-22,350.987060546875,357.6122034398902,350.4512143323274,357.6122034398902,12077119,NTPC.NS,NTPC,Energy
2025-04-23,354.44573974609375,354.88418096370793,348.6974501053395,353.61761925287595,9719205,NTPC.NS,NTPC,Energy
2025-04-24,353.8612060546875,357.0276401984787,352.3023402219348,354.39705224740277,7491123,NTPC.NS,NTPC,Energy
2025-04-25,347.2847900390625,356.39435434550643,342.0723459859312,353.8612306407874,9785640,NTPC.NS,NTPC,Energy
2025-04-28,352.2049560546875,353.56895270417056,344.60552491264144,344.60552491264144,5315840,NTPC.NS,NTPC,Energy
2025-04-29,347.77191162109375,354.9816326894661,344.9951864863246,354.640626140829,9472828,NTPC.NS,NTPC,Energy
2025-04-30,345.4336242675781,351.7177905909625,342.9492030139025,347.8206405567136,16739088,NTPC.NS,NTPC,Energy
2025-05-02,339.7340393066406,348.7949005277519,338.66231718525614,345.4335969954307,8221620,NTPC.NS,NTPC,Energy
2025-05-05,339.6366271972656,342.94919873850176,336.66503249345936,341.97491124208557,9492646,NTPC.NS,NTPC,Energy
2025-05-06,333.0114440917969,340.5134694755459,331.25773854559543,340.02632574239055,8904223,NTPC.NS,NTPC,Energy
2025-05-07,333.2550048828125,334.8626029351123,328.33486523462,329.3091526685506,8465490,NTPC.NS,NTPC,Energy
2025-05-08,331.25775146484375,334.2780486747787,329.6988855113714,332.2807414512095,14286109,NTPC.NS,NTPC,Energy
2025-05-09,326.1427307128906,330.0398805944487,322.09944365735294,325.606884497334,11322011,NTPC.NS,NTPC,Energy
2025-05-12,339.587890625,340.22120127585947,329.40660425783733,331.64745357768135,7978210,NTPC.NS,NTPC,Energy
2025-05-13,332.71917724609375,340.8057515056229,331.7448897578182,339.63662435942894,14738980,NTPC.NS,NTPC,Energy
2025-05-14,329.8450012207031,335.0087424971646,329.06558316114706,333.64474602649494,22485535,NTPC.NS,NTPC,Energy
2025-05-15,333.1576232910156,334.9113289019259,324.09673168025927,330.7706070173203,43307763,NTPC.NS,NTPC,Energy
2025-05-16,334.2780456542969,338.6623393840688,333.20632346266257,334.18061095816745,6920351,NTPC.NS,NTPC,Energy
2025-05-19,336.27532958984375,338.759780590867,333.59603892571175,334.27805207883074,6218209,NTPC.NS,NTPC,Energy
2025-05-20,333.7908935546875,340.708340546268,332.76787387026775,337.980317787376,9986143,NTPC.NS,NTPC,Energy
2025-05-21,337.2496337890625,338.4674932421018,331.11163403890316,333.74219261773,5930972,NTPC.NS,NTPC,Energy
2025-05-22,332.6217346191406,338.0777503699608,329.5527350508336,337.2496000780954,8717514,NTPC.NS,NTPC,Energy
2025-05-23,335.7394714355469,336.08047800000486,331.4038802579263,333.2063180418661,4045937,NTPC.NS,NTPC,Energy
2025-05-26,334.667724609375,342.16974954326605,333.742139678725,341.9748801685317,16655082,NTPC.NS,NTPC,Energy
2025-05-27,329.8450012207031,335.6420233871655,328.1399981991428,335.15487966671975,24937330,NTPC.NS,NTPC,Energy
2025-05-28,331.30645751953125,331.93976819047697,328.4323271905655,329.89375846278733,10985957,NTPC.NS,NTPC,Energy
2025-05-29,330.6244812011719,333.44990910824913,329.3578895649676,332.23204968856965,15884093,NTPC.NS,NTPC,Energy
2025-05-30,325.3145751953125,331.9884502069465,324.2915852609797,328.8220159790005,19143010,NTPC.NS,NTPC,Energy
2025-06-02,323.9992980957031,326.19144498331383,321.8071512080924,325.31459217484854,29479727,NTPC.NS,NTPC,Energy
2025-06-03,319.8098449707031,326.14271318794476,318.59198569815663,324.43771020637973,14081719,NTPC.NS,NTPC,Energy
2025-06-04,320.7841491699219,321.466162291383,316.4972902528783,320.5405773026706,15654279,NTPC.NS,NTPC,Energy
2025-06-05,320.1995849609375,323.07374501529193,319.1765949662122,320.7354609324231,16270360,NTPC.NS,NTPC,Energy
2025-06-06,324.2915954589844,324.9248763779097,320.5892851747618,321.1738636125753,11402511,NTPC.NS,NTPC,Energy
2025-06-09,328.43231201171875,328.8707235333864,324.19415557156725,325.3145802152433,19416373,NTPC.NS,NTPC,Energy
2025-06-10,330.47833251953125,332.13460343293355,328.1400187287834,330.0885937324766,12061248,NTPC.NS,NTPC,Energy
2025-06-11,329.4066162109375,333.7909100476415,328.7733352699927,332.23204407023434,10807496,NTPC.NS,NTPC,Energy
2025-06-12,325.1197509765625,332.8653187697685,324.0967312607765,329.4553125162716,11881618,NTPC.NS,NTPC,Energy
2025-06-13,323.41473388671875,324.34028913297107,318.2022900348364,318.39712968688724,11711773,NTPC.NS,NTPC,Energy
2025-06-16,325.1197509765625,326.0453062627747,322.09945377688626,323.46345033170604,8065112,NTPC.NS,NTPC,Energy
2025-06-17,326.5811767578125,328.23744764203144,324.53516709340613,325.412019883039,6796992,NTPC.NS,NTPC,Energy
2025-06-18,323.8531799316406,327.26318640147747,322.24561139958263,326.5812029472482,17835507,NTPC.NS,NTPC,Energy
2025-06-19,321.5635681152344,324.58386522383717,320.1021369078034,323.85314962012166,11610604,NTPC.NS,NTPC,Energy
2025-06-20,326.5811767578125,327.36059485239855,321.22259559207384,321.51486994431997,16592862,NTPC.NS,NTPC,Energy
2025-06-23,324.0480041503906,327.0683011205164,321.8558574397515,325.119726266615,8277787,NTPC.NS,NTPC,Energy
2025-06-24,321.4661560058594,323.17115904328085,313.0872779896664,322.4891459351549,100814893,NTPC.NS,NTPC,Energy
2025-06-25,322.343017578125,325.1197428330004,320.9302888439042,322.97629849133307,17963666,NTPC.NS,NTPC,Energy
2025-06-26,328.4810485839844,329.1143295584931,322.7814603476117,323.85318262218647,13754087,NTPC.NS,NTPC,Energy
2025-06-27,329.6014404296875,332.52430285052264,325.85045744259764,330.23475107385036,50845169,NTPC.NS,NTPC,Energy
2025-06-30,326.2888488769531,328.57843024555393,325.07098960991993,327.11699912511415,11858890,NTPC.NS,NTPC,Energy
2025-07-01,324.0480041503906,326.62985988523155,323.60956291510576,326.62985988523155,8903292,NTPC.NS,NTPC,Energy
2025-07-02,325.1684265136719,327.0195666655982,322.78141044086397,324.09670440480113,11326880,NTPC.NS,NTPC,Energy
2025-07-03,325.99658203125,327.7015850442451,322.4891413150814,325.99658203125,15786429,NTPC.NS,NTPC,Energy
2025-07-04,326.8734436035156,327.3605873346684,323.7070093510226,327.06831298913426,5899185,NTPC.NS,NTPC,Energy
2025-07-07,328.7733154296875,330.28344910026277,325.16843993278087,326.8734429886082,9454556,NTPC.NS,NTPC,Energy
2025-07-08,334.37548828125,335.0574717045421,328.3348937726892,329.50405068818344,12092302,NTPC.NS,NTPC,Energy
2025-07-09,335.1549072265625,336.7137732067535,333.98575030819535,334.4241915858069,9079872,NTPC.NS,NTPC,Energy
2025-07-10,332.6704406738281,336.129149009611,332.42686882671967,335.1548616211773,6426072,NTPC.NS,NTPC,Energy
2025-07-11,333.8883361816406,335.1548980310419,330.7706043067986,331.7448918010749,17234194,NTPC.NS,NTPC,Energy
2025-07-14,333.30377197265625,336.129199880142,331.20905971708385,334.2293272920089,11516965,NTPC.NS,NTPC,Energy
2025-07-15,333.2063293457031,335.2523390689663,332.1833393505192,334.3267540387368,8450777,NTPC.NS,NTPC,Energy
2025-07-16,333.6447448730469,334.96000912738907,332.03714681481887,333.20630363300415,6001484,NTPC.NS,NTPC,Energy
2025-07-17,333.8395690917969,335.6420067144908,333.20628823325353,335.349732389899,7562006,NTPC.NS,NTPC,Energy
2025-07-18,333.30377197265625,335.0574776440899,331.8910431524654,334.18062480837307,6370338,NTPC.NS,NTPC,Energy
2025-07-21,332.76788330078125,333.98574267420366,330.5757364286209,333.303759264824,4463318,NTPC.NS,NTPC,Energy
2025-07-22,332.08587646484375,333.79087946735797,331.30642868110164,332.7678598261138,4728372,NTPC.NS,NTPC,Energy
2025-07-23,334.22930908203125,335.15489408385076,332.18332915446274,333.0114497285289,5058422,NTPC.NS,NTPC,Energy
2025-07-24,330.18603515625,334.7651984013802,327.8477510507583,334.7651984013802,9098453,NTPC.NS,NTPC,Energy
2025-07-25,324.6325988769531,331.16030712602645,323.99928823127567,330.1860196500847,7790739,NTPC.NS,NTPC,Energy
2025-07-28,324.3890380859375,327.9451815479893,321.8558846154022,324.87618184054446,4605823,NTPC.NS,NTPC,Energy
2025-07-29,325.99658203125,326.8734347770689,320.05342272508835,323.46342875107865,7551356,NTPC.NS,NTPC,Energy
2025-07-30,330.0885925292969,333.49859877333046,323.95059318319426,326.38631192893257,12537358,NTPC.NS,NTPC,Energy
2025-07-31,325.6556091308594,331.35519716693904,324.43774971002597,327.40931480370114,8935384,NTPC.NS,NTPC,Energy
2025-08-01,322.3916931152344,326.1427055332179,321.70970977835026,324.4377025916701,7107542,NTPC.NS,NTPC,Energy
2025-08-04,323.46343994140625,324.7300017588626,318.7868719799893,322.39171777815415,8193399,NTPC.NS,NTPC,Energy
2025-08-05,325.02227783203125,325.7529933713421,322.7813990050766,323.9018532849996,9855535,NTPC.NS,NTPC,Energy
2025-08-06,323.5608825683594,326.7760194040539,323.07373882156355,325.02231380874684,13872826,NTPC.NS,NTPC,Energy
2025-08-07,321.27130126953125,323.9018893974965,320.19957907914187,323.560882827887,8731389,NTPC.NS,NTPC,Energy
2025-08-08,326.1427307128906,328.8220212564618,321.1738586673253,321.51486522854043,11247218,NTPC.NS,NTPC,Energy
2025-08-11,327.5067443847656,330.3809044661656,325.3633296773396,326.3863196816912,11993280,NTPC.NS,NTPC,Energy
2025-08-12,331.3551940917969,333.0601972651404,327.1170374000495,327.604181163862,7221182,NTPC.NS,NTPC,Energy
2025-08-13,331.20904541015625,334.1806103730856,330.42959757538017,331.55002224667015,5417151,NTPC.NS,NTPC,Energy
2025-08-14,330.6244812011719,331.696203437069,327.6528863774163,331.20905966919725,5689423,NTPC.NS,NTPC,Energy
2025-08-18,327.4093017578125,333.01145487042396,326.8247530454211,332.6704780324939,6511340,NTPC.NS,NTPC,Energy
2025-08-19,326.43499755859375,331.89101321396157,325.55814480197415,330.18601017996497,10316115,NTPC.NS,NTPC,Energy
2025-08-20,333.2063293457031,334.5703259169135,327.8477480258161,329.11430989917676,10824544,NTPC.NS,NTPC,Energy
2025-08-21,330.0885925292969,335.4959059845728,328.2374522291147,333.54733098798215,11135121,NTPC.NS,NTPC,Energy
2025-08-22,328.33489990234375,330.1860402756887,326.8734685971404,329.79633120754704,8534844,NTPC.NS,NTPC,Energy
2025-08-25,329.16302490234375,332.6217334984358,328.38357709319916,328.38357709319916,7142387,NTPC.NS,NTPC,Energy
2025-08-26,324.6325988769531,328.72458843617204,323.21987014367994,327.50672909124484,13113388,NTPC.NS,NTPC,Energy
2025-08-28,322.2942810058594,324.34029062561814,320.24830111899445,322.73272225755545,10486948,NTPC.NS,NTPC,Energy
2025-08-29,319.1278381347656,322.976285404538,318.59199193750806,322.4891416859791,11813425,NTPC.NS,NTPC,Energy
2025-09-01,322.1968688964844,323.07372164752593,319.56628091046656,319.56628091046656,6897558,NTPC.NS,NTPC,Energy
2025-09-02,327.65289306640625,329.55276569305033,322.5866156168497,322.5866156168497,9224639,NTPC.NS,NTPC,Energy
2025-09-03,325.6556091308594,329.3091873933597,324.9248934783593,327.8477560883596,10778333,NTPC.NS,NTPC,Energy
2025-09-04,324.8190612792969,329.5922001613107,324.0809479480754,328.21439461647896,7934237,NTPC.NS,NTPC,Energy
2025-09-05,323.4904479980469,326.54129209246787,320.7840327289342,324.8190278303053,5678244,NTPC.NS,NTPC,Energy
2025-09-08,321.52215576171875,325.70479766845176,321.1776968920301,323.5396533737569,5239184,NTPC.NS,NTPC,Energy
2025-09-09,318.9633483886719,322.94914796612073,318.52046842055296,322.40787692411345,9735495,NTPC.NS,NTPC,Energy
2025-09-10,320.4888000488281,322.85075668455676,319.9967244983052,320.3411833904529,6509477,NTPC.NS,NTPC,Energy
2025-09-11,325.8031921386719,328.21437421770185,320.8332413642303,321.27612134900113,10309925,NTPC.NS,NTPC,Energy
2025-09-12,326.44293212890625,328.2143920966744,323.1952154761205,326.7381654455649,5257048,NTPC.NS,NTPC,Energy
2025-09-15,325.8524169921875,328.5096067932287,325.40953700839407,325.75399588091045,6566824,NTPC.NS,NTPC,Energy
2025-09-16,329.73980712890625,330.47792043843276,325.9508495004629,325.9508495004629,8784889,NTPC.NS,NTPC,Energy
2025-09-17,331.06842041015625,332.1017970741923,329.2477348882994,330.1826904366309,7936518,NTPC.NS,NTPC,Energy
2025-09-18,331.6097412109375,332.2494334501217,328.80490443338095,331.6589367547557,6497322,NTPC.NS,NTPC,Energy
2025-09-19,333.28277587890625,334.1193103504831,331.1176614021352,331.6097369696617,10646331,NTPC.NS,NTPC,Energy
2025-09-22,333.8240661621094,334.95583392381485,331.5113050632019,333.77484058661287,6966213,NTPC.NS,NTPC,Energy
2025-09-23,337.5638427734375,338.6464150398427,332.7415081691703,334.0701182218535,10738268,NTPC.NS,NTPC,Energy
2025-09-24,342.0909423828125,344.8465535621512,336.82572777530635,337.859074459081,14653575,NTPC.NS,NTPC,Energy
2025-09-25,335.1034240722656,345.2401676180112,334.6113485596779,343.7639410802479,13228081,NTPC.NS,NTPC,Energy
2025-09-26,332.54461669921875,335.3494530543635,331.11761577039425,335.103415304507,6337702,NTPC.NS,NTPC,Energy
2025-09-29,335.54632568359375,338.301936718208,332.64306795855805,333.72564016283786,16922231,NTPC.NS,NTPC,Energy
2025-09-30,335.05426025390625,337.61302913447474,333.77484577971336,335.6939524740484,8308029,NTPC.NS,NTPC,Energy
2025-10-01,334.8573913574219,337.6130022558381,332.692247055876,334.906586895859,6022078,NTPC.NS,NTPC,Energy
2025-10-03,336.57965087890625,338.0558774178488,333.3811600445307,334.85738658347327,8506827,NTPC.NS,NTPC,Energy
2025-10-06,333.7256164550781,336.3828061852815,330.33028342692836,335.2018429831596,8436245,NTPC.NS,NTPC,Energy
2025-10-07,332.64306640625,335.98917408521186,331.511298666383,333.7256386054779,16130172,NTPC.NS,NTPC,Energy
2025-10-08,328.5096435546875,333.873279363479,327.03341682205604,333.873279363479,13223442,NTPC.NS,NTPC,Energy
2025-10-09,330.52716064453125,331.06843174858204,325.9508639296648,328.50963282216907,6824759,NTPC.NS,NTPC,Energy
2025-10-10,334.3161315917969,336.5304715065776,330.62556506716226,330.67476060726113,8970962,NTPC.NS,NTPC,Energy
2025-10-13,336.284423828125,336.67807823903706,330.87159308484115,332.59385741224963,6663149,NTPC.NS,NTPC,Energy
2025-10-14,331.314453125,337.5638184529958,329.88745208774424,336.5796673787888,7545848,NTPC.NS,NTPC,Energy
2025-10-15,333.8732604980469,336.3336382467429,331.4128827493509,331.6097249828098,8121744,NTPC.NS,NTPC,Energy
2025-10-16,336.08758544921875,337.1701576170371,334.26689998978424,334.8082010906468,6788416,NTPC.NS,NTPC,Energy
2025-10-17,335.59552001953125,338.7448155054184,334.75898559041366,336.0875955620819,7032129,NTPC.NS,NTPC,Energy
2025-10-20,336.53045654296875,338.9908341166594,334.9065833172082,335.98915545641324,6896835,NTPC.NS,NTPC,Energy
2025-10-21,336.57965087890625,338.0558774178488,335.6446953906803,337.5146063671322,346988,NTPC.NS,NTPC,Energy
2025-10-23,337.2193603515625,339.7289636169493,335.64471262240147,338.3511280827413,8710859,NTPC.NS,NTPC,Energy
2025-10-24,334.2177429199219,337.809888679138,332.7907117116462,337.0225797576888,7584711,NTPC.NS,NTPC,Energy
2025-10-27,336.3336181640625,337.4653858541025,335.0542338246966,335.30027158487513,6752390,NTPC.NS,NTPC,Energy
2025-10-28,333.77484130859375,337.46540795294777,331.9541557572641,336.9733324003672,13186584,NTPC.NS,NTPC,Energy
2025-10-29,341.99249267578125,344.45287032093074,333.77482533420056,333.8732464467879,15423201,NTPC.NS,NTPC,Energy
2025-10-30,339.6797180175781,343.4687054454625,338.00667930652526,343.4687054454625,6721032,NTPC.NS,NTPC,Energy
2025-10-31,331.6097412109375,339.5321459358775,330.28113115484126,339.5321459358775,18651312,NTPC.NS,NTPC,Energy
2025-11-03,329.887451171875,332.1509866227039,328.11596122287625,331.51129443302676,10242245,NTPC.NS,NTPC,Energy
2025-11-04,325.3603515625,330.6747613633437,324.4746216013439,330.0842647112706,11887651,NTPC.NS,NTPC,Energy
2025-11-06,321.47296142578125,327.6731315809044,319.45546361771085,326.78737153452323,11587302,NTPC.NS,NTPC,Energy
2025-11-07,323.6564636230469,324.6489703926429,318.4458030826677,321.96918999917244,8578167,NTPC.NS,NTPC,Energy
2025-11-10,323.0113525390625,325.79035948383523,321.5722055529706,323.6564759060022,5246998,NTPC.NS,NTPC,Energy
2025-11-11,324.20233154296875,324.9963551352011,320.43081791879985,323.50759497478134,6103758,NTPC.NS,NTPC,Energy
2025-11-12,324.6986083984375,325.7903719861034,323.1105913880966,325.045991852091,6850550,NTPC.NS,NTPC,Energy
2025-11-13,324.5001220703125,327.4776425776202,323.11058826911164,324.6986052641234,7276001,NTPC.NS,NTPC,Energy
2025-11-14,325.9888610839844,327.4279777287404,323.75572084900506,324.5497141503254,9169855,NTPC.NS,NTPC,Energy
2025-11-17,327.72576904296875,328.96640258675814,326.0881085340428,326.53474872536896,6283156,NTPC.NS,NTPC,Energy
2025-11-18,325.9888610839844,327.2791077708557,324.6985841082101,326.58434091552317,6776200,NTPC.NS,NTPC,Energy
2025-11-19,324.1527404785156,326.4851376137269,322.6143367009101,326.4851376137269,6935056,NTPC.NS,NTPC,Energy
2025-11-20,324.1527404785156,327.52725768169756,323.7557437997128,325.5422439987782,5155775,NTPC.NS,NTPC,Energy
2025-11-21,324.20233154296875,325.93921839679183,322.5647014242876,324.4008450132526,6142545,NTPC.NS,NTPC,Energy
2025-11-24,321.0263366699219,324.64898043320596,319.6368029183904,324.25198377087,13719726,NTPC.NS,NTPC,Energy
2025-11-25,321.27447509765625,323.16023202926664,320.08345477826816,321.02634838852583,8074651,NTPC.NS,NTPC,Energy
2025-11-26,323.6564636230469,325.3437069580184,321.5721933491146,321.8699332644323,7101095,NTPC.NS,NTPC,Energy
2025-11-27,324.8970947265625,326.2865981361298,322.5646977771625,324.6985812585232,6755179,NTPC.NS,NTPC,Energy
2025-11-28,324.00384521484375,325.6910885402578,321.8203182185401,325.5422185834422,8930988,NTPC.NS,NTPC,Energy
2025-12-01,324.64898681640625,325.79036360140253,323.0113566215068,324.64898681640625,6936186,NTPC.NS,NTPC,Energy
2025-12-02,326.13775634765625,327.4776466503896,324.3016126208665,324.99637953010756,5806943,NTPC.NS,NTPC,Energy
2025-12-03,320.53009033203125,326.5347444905355,318.8924298443442,326.5347444905355,8546132,NTPC.NS,NTPC,Energy
2025-12-04,320.53009033203125,321.86995031082324,318.69394665325495,320.48044681758057,5965357,NTPC.NS,NTPC,Energy
2025-12-05,320.87744140625,321.72107825739164,318.54507462043483,319.8353213653072,6574010,NTPC.NS,NTPC,Energy
2025-12-08,317.1059265136719,320.7782138345562,315.4682963312413,320.7782138345562,7906928,NTPC.NS,NTPC,Energy
2025-12-09,317.45330810546875,318.99168153992724,313.1855106643288,315.0712978277346,7152584,NTPC.NS,NTPC,Energy
2025-12-10,319.190185546875,321.2744558363941,317.1059152573559,317.45329868709297,5484712,NTPC.NS,NTPC,Energy
2025-12-11,320.1827087402344,321.0263456017354,316.7585480683971,319.2398151381619,6317942,NTPC.NS,NTPC,Energy
2025-12-12,322.61431884765625,323.5075991866605,320.48043531438657,320.48043531438657,4261023,NTPC.NS,NTPC,Energy
2025-12-15,321.5225830078125,322.8624429276532,319.1405425083109,320.6293026760478,10219819,NTPC.NS,NTPC,Energy
2025-12-16,318.5946960449219,321.3737030848919,316.6592955889,319.63681611268436,5241263,NTPC.NS,NTPC,Energy
2025-12-17,318.8428039550781,319.984180697448,317.1555303088596,317.6021704766537,5043027,NTPC.NS,NTPC,Energy
2025-12-18,316.1134033203125,319.7360469395152,314.62464317908655,319.5871769831731,5554193,NTPC.NS,NTPC,Energy
2025-12-19,317.5029296875,318.1976965858744,315.12091934706694,316.56006636988315,10833662,NTPC.NS,NTPC,Energy
2025-12-22,318.29693603515625,321.224812858892,317.1059157851905,317.55255595115347,8925871,NTPC.NS,NTPC,Energy
2025-12-23,320.82781982421875,322.3165800090179,317.8502994546204,318.6442927709519,6024641,NTPC.NS,NTPC,Energy
2025-12-24,320.133056640625,324.202340583696,319.8353167157995,321.4729468801477,5678004,NTPC.NS,NTPC,Energy
2025-12-26,321.67144775390625,323.3090778540973,319.88491740823196,320.1330440988337,4174183,NTPC.NS,NTPC,Energy
2025-12-29,323.06097412109375,323.35871405541303,320.6293202648354,321.6714706127625,14043845,NTPC.NS,NTPC,Energy
2025-12-30,322.4654541015625,323.11057746546095,320.9270806731198,322.5647108396016,8035909,NTPC.NS,NTPC,Energy
2025-12-31,327.0805969238281,328.1723604385753,322.2669632765072,322.316576499899,8497983,NTPC.NS,NTPC,Energy
2026-01-01,333.780029296875,334.37553944281365,327.1302518191223,327.32873500849905,10357315,NTPC.NS,NTPC,Energy
2026-01-02,349.4616394042969,350.35488943856933,333.43266114357067,334.276267666054,23128940,NTPC.NS,NTPC,Energy
2026-01-05,347.972900390625,352.14141090010577,345.78937325072695,347.7247736833141,18248271,NTPC.NS,NTPC,Energy
2026-01-06,348.17138671875,351.4466774580942,343.5562359789838,347.278136622167,8641743,NTPC.NS,NTPC,Energy
2026-01-07,346.2359924316406,348.7172593541995,343.7050819972889,346.93072899661536,7165806,NTPC.NS,NTPC,Energy
2026-01-08,341.8193359375,347.1788666008996,339.6358391503614,344.15173297579446,8805975,NTPC.NS,NTPC,Energy
2026-01-09,333.4822998046875,341.8193512420237,331.8942827954556,341.8193512420237,10161744,NTPC.NS,NTPC,Energy
2026-01-12,334.9214172363281,338.09742068511275,331.1995168978991,334.22665039092703,9406174,NTPC.NS,NTPC,Energy
2026-01-13,335.3680419921875,336.7079322312866,332.5393915516236,334.9214321050904,5583379,NTPC.NS,NTPC,Energy
2026-01-14,346.484130859375,347.87363432529014,334.9214326664008,336.36054935688634,20389924,NTPC.NS,NTPC,Energy
2026-01-15,346.484130859375,346.484130859375,346.484130859375,346.484130859375,0,NTPC.NS,NTPC,Energy
2026-01-16,343.7547302246094,351.3970142775835,342.81183666554153,350.0075108396703,14275582,NTPC.NS,NTPC,Energy
2026-01-19,340.7772216796875,345.3427590957348,339.4869446442261,340.9260916444588,9974363,NTPC.NS,NTPC,Energy
2026-01-20,336.211669921875,345.6900975044803,335.16954992402526,340.4298237142528,7718407,NTPC.NS,NTPC,Energy
2026-01-21,336.1620788574219,339.04034263593076,334.2762916301079,336.2613053103078,6948955,NTPC.NS,NTPC,Energy
2026-01-22,339.88397216796875,340.6283522819688,334.5740546303211,336.1620715979687,5885972,NTPC.NS,NTPC,Energy
2026-01-23,334.17706298828125,342.8614977822708,333.581552830341,341.37273753187264,10084314,NTPC.NS,NTPC,Energy
2026-01-27,342.1170959472656,343.9035960188152,334.5243949209227,337.94855539511275,12203590,NTPC.NS,NTPC,Energy
2026-01-28,345.4419860839844,350.6030336560542,342.1171124729344,342.1171124729344,13566973,NTPC.NS,NTPC,Energy
2026-01-29,355.46630859375,357.798705659296,344.69760362777674,347.37738413523886,20624409,NTPC.NS,NTPC,Energy
2026-01-30,353.3324279785156,356.6573318838472,348.4691506174911,356.30994843900874,22641103,NTPC.NS,NTPC,Energy
2026-02-02,347.7247619628906,350.10677221500646,335.2191702781529,342.3652313234041,12622760,NTPC.NS,NTPC,Energy
2026-02-03,355.8633117675781,363.20788654042616,351.1489043252551,363.20788654042616,11559806,NTPC.NS,NTPC,Energy
2026-02-04,364.49810791015625,365.78835458365774,354.92042372604976,356.7565672913423,15515053,NTPC.NS,NTPC,Energy
2026-02-05,364.25,367.92228731992134,362.2649863760218,366.97939373297004,18789794,NTPC.NS,NTPC,Energy
2026-02-06,365.04998779296875,365.95001220703125,361.0,361.79998779296875,7328789,NTPC.NS,NTPC,Energy
2026-02-09,361.8999938964844,368.6000061035156,361.0,366.54998779296875,7983235,NTPC.NS,NTPC,Energy
2026-02-10,366.8999938964844,368.1499938964844,361.25,361.8999938964844,8319282,NTPC.NS,NTPC,Energy
2026-02-11,368.45001220703125,369.0,366.0,369.0,5782448,NTPC.NS,NTPC,Energy
2026-02-12,368.25,372.0,366.8500061035156,370.0,6763353,NTPC.NS,NTPC,Energy
2026-02-13,363.0,368.0,362.3999938964844,367.54998779296875,7111972,NTPC.NS,NTPC,Energy
2026-02-16,369.1000061035156,369.6499938964844,362.5,362.6000061035156,6292850,NTPC.NS,NTPC,Energy
2026-02-17,368.3999938964844,369.5,366.04998779296875,368.75,4442793,NTPC.NS,NTPC,Energy
2026-02-18,368.3999938964844,370.70001220703125,367.3999938964844,368.45001220703125,4871319,NTPC.NS,NTPC,Energy
2026-02-19,363.20001220703125,370.8999938964844,362.20001220703125,367.0,5375352,NTPC.NS,NTPC,Energy
2026-02-20,372.95001220703125,373.6499938964844,362.70001220703125,362.79998779296875,16736731,NTPC.NS,NTPC,Energy
2026-02-23,375.45001220703125,376.5,372.1499938964844,374.0,16135451,NTPC.NS,NTPC,Energy
2026-02-24,382.75,385.0,373.54998779296875,374.95001220703125,20774629,NTPC.NS,NTPC,Energy
2026-02-25,384.8999938964844,388.54998779296875,382.70001220703125,382.75,12750016,NTPC.NS,NTPC,Energy
2026-02-26,381.8999938964844,385.8500061035156,378.3999938964844,385.0,10721570,NTPC.NS,NTPC,Energy
2026-02-27,381.8999938964844,385.20001220703125,380.1499938964844,381.0,11548959,NTPC.NS,NTPC,Energy
2026-03-02,377.54998779296875,378.95001220703125,365.0,365.0,14732253,NTPC.NS,NTPC,Energy
2026-03-04,365.79998779296875,373.8500061035156,364.1000061035156,370.75,11433169,NTPC.NS,NTPC,Energy
2026-03-05,378.04998779296875,379.8999938964844,366.6000061035156,366.95001220703125,16158714,NTPC.NS,NTPC,Energy
2026-03-06,380.6000061035156,385.54998779296875,374.6499938964844,377.0,14940896,NTPC.NS,NTPC,Energy
2026-03-09,376.25,379.0,371.3999938964844,373.0,11286578,NTPC.NS,NTPC,Energy
2026-03-10,377.29998779296875,385.45001220703125,374.8500061035156,385.0,10875834,NTPC.NS,NTPC,Energy
2026-03-11,379.8999938964844,383.8999938964844,376.45001220703125,377.5,9963701,NTPC.NS,NTPC,Energy
2026-03-12,390.54998779296875,392.3999938964844,375.6499938964844,379.0,23847146,NTPC.NS,NTPC,Energy
2026-03-13,384.45001220703125,394.5,383.20001220703125,391.8500061035156,27107369,NTPC.NS,NTPC,Energy
2026-03-16,382.3999938964844,388.25,375.45001220703125,384.5,16793109,NTPC.NS,NTPC,Energy
2026-03-17,383.3500061035156,385.8999938964844,378.29998779296875,382.8999938964844,9720902,NTPC.NS,NTPC,Energy
2026-03-18,378.5,386.3500061035156,377.6000061035156,385.0,10681498,NTPC.NS,NTPC,Energy
2026-03-19,374.04998779296875,380.75,373.1000061035156,373.5,10568326,NTPC.NS,NTPC,Energy
2026-03-20,380.95001220703125,383.29998779296875,375.5,375.8500061035156,20930288,NTPC.NS,NTPC,Energy
2026-03-23,372.3999938964844,379.5,369.29998779296875,377.1000061035156,13148432,NTPC.NS,NTPC,Energy
2026-03-24,375.54998779296875,378.1499938964844,371.0,378.0,9339144,NTPC.NS,NTPC,Energy
2026-03-25,378.3999938964844,380.95001220703125,375.6000061035156,376.0,9266292,NTPC.NS,NTPC,Energy
2026-03-27,375.6499938964844,379.8999938964844,374.6499938964844,379.8999938964844,20263654,NTPC.NS,NTPC,Energy
2026-03-30,370.6499938964844,377.95001220703125,369.6499938964844,374.0,17974103,NTPC.NS,NTPC,Energy
2026-04-01,364.6499938964844,381.8999938964844,361.45001220703125,381.29998779296875,15449629,NTPC.NS,NTPC,Energy
2026-04-02,359.6499938964844,361.29998779296875,352.0,359.95001220703125,16551512,NTPC.NS,NTPC,Energy
2026-04-06,366.1000061035156,366.75,355.70001220703125,358.79998779296875,11534034,NTPC.NS,NTPC,Energy
2026-04-07,368.8500061035156,369.79998779296875,362.25,364.8500061035156,12603971,NTPC.NS,NTPC,Energy
2026-04-08,374.1499938964844,375.54998779296875,368.25,373.5,19491331,NTPC.NS,NTPC,Energy
2026-04-09,378.6499938964844,384.20001220703125,376.5,376.95001220703125,18503665,NTPC.NS,NTPC,Energy
2026-04-10,380.1499938964844,384.45001220703125,372.04998779296875,381.20001220703125,14953758,NTPC.NS,NTPC,Energy
2026-04-13,386.25,388.0,374.3500061035156,374.3500061035156,15240045,NTPC.NS,NTPC,Energy
2026-04-15,392.6000061035156,393.95001220703125,387.1000061035156,390.25,7722460,NTPC.NS,NTPC,Energy
2026-04-16,390.79998779296875,397.25,387.79998779296875,397.0,9896906,NTPC.NS,NTPC,Energy
2026-04-17,393.6000061035156,396.25,388.45001220703125,393.0,15320653,NTPC.NS,NTPC,Energy
2026-04-20,398.0,400.8500061035156,390.6499938964844,393.0,9895187,NTPC.NS,NTPC,Energy
2026-04-21,396.20001220703125,402.70001220703125,395.70001220703125,398.6000061035156,9493644,NTPC.NS,NTPC,Energy
2026-04-22,405.3999938964844,407.25,393.20001220703125,398.0,16411131,NTPC.NS,NTPC,Energy
2026-04-23,402.25,405.8999938964844,400.3999938964844,404.0,9144699,NTPC.NS,NTPC,Energy
2026-04-24,401.8500061035156,405.25,399.20001220703125,404.75,6266676,NTPC.NS,NTPC,Energy
2026-04-27,410.20001220703125,414.3999938964844,402.6000061035156,403.8999938964844,13001752,NTPC.NS,NTPC,Energy
2026-04-28,406.8500061035156,414.20001220703125,405.95001220703125,414.0,7726655,NTPC.NS,NTPC,Energy
2026-04-29,401.29998779296875,410.0,399.6499938964844,409.5,11920835,NTPC.NS,NTPC,Energy
2026-04-30,399.1499938964844,400.29998779296875,393.1499938964844,400.0,7706357,NTPC.NS,NTPC,Energy
2026-05-01,399.1499938964844,399.1499938964844,399.1499938964844,399.1499938964844,0,NTPC.NS,NTPC,Energy
2026-05-04,400.04998779296875,404.79998779296875,397.25,400.0,6333200,NTPC.NS,NTPC,Energy
2026-05-05,398.6499938964844,400.5,394.54998779296875,398.29998779296875,6791514,NTPC.NS,NTPC,Energy
2026-05-06,394.8500061035156,403.0,391.6499938964844,400.0,11120409,NTPC.NS,NTPC,Energy
2026-05-07,400.3500061035156,403.5,393.1499938964844,396.75,9700378,NTPC.NS,NTPC,Energy
2026-05-08,402.1499938964844,405.1000061035156,397.1499938964844,398.0,4740939,NTPC.NS,NTPC,Energy
2026-05-11,392.95001220703125,405.0,391.0,401.8999938964844,10088836,NTPC.NS,NTPC,Energy
2026-05-12,392.70001220703125,399.8500061035156,391.25,392.20001220703125,10247516,NTPC.NS,NTPC,Energy
2026-05-13,390.45001220703125,394.04998779296875,385.79998779296875,392.0,12322076,NTPC.NS,NTPC,Energy
2026-05-14,396.29998779296875,398.54998779296875,391.20001220703125,393.70001220703125,7363948,NTPC.NS,NTPC,Energy
2026-05-15,395.25,398.0,392.5,396.0,7107857,NTPC.NS,NTPC,Energy
2026-05-18,388.29998779296875,393.8500061035156,384.8999938964844,393.0,7632596,NTPC.NS,NTPC,Energy
2026-05-19,389.3999938964844,392.75,386.04998779296875,386.70001220703125,6693518,NTPC.NS,NTPC,Energy
2026-05-20,,,,,5385979,NTPC.NS,NTPC,Energy
