Date,Close,High,Low,Open,Volume,Ticker,Company,Sector
2021-05-21,82.52356719970703,83.47506067377851,81.27931165737833,81.27931165737833,20562816,ONGC.NS,ONGC,Energy
2021-05-24,82.74313354492188,83.40185369667921,81.13291445909405,82.88951455996178,24785960,ONGC.NS,ONGC,Energy
2021-05-25,83.87759399414062,85.70738446340232,83.21886830839095,83.73121299023065,25820379,ONGC.NS,ONGC,Energy
2021-05-26,82.96269989013672,84.46313032901033,82.70653033776445,84.46313032901033,12045621,ONGC.NS,ONGC,Energy
2021-05-27,81.86483001708984,83.18228147773058,81.46227943706131,82.7065348067171,22821449,ONGC.NS,ONGC,Energy
2021-05-28,82.23077392578125,84.57290883062258,81.86481587040699,82.85290150310213,19331994,ONGC.NS,ONGC,Energy
2021-05-31,83.18226623535156,83.69460527389839,81.53545500335238,82.34056159995886,16430926,ONGC.NS,ONGC,Energy
2021-06-01,86.0733413696289,86.6954690037784,83.58482524895366,83.69461379241,51620011,ONGC.NS,ONGC,Energy
2021-06-02,86.18314361572266,87.39080661759937,84.90229010126393,86.36612268921677,27162991,ONGC.NS,ONGC,Energy
2021-06-03,89.65973663330078,90.61122994957093,86.69547371914021,86.95164886249742,64241347,ONGC.NS,ONGC,Energy
2021-06-04,91.81887817382812,92.7337733552496,90.28185538585545,91.19675056727692,72354379,ONGC.NS,ONGC,Energy
2021-06-07,91.59931182861328,93.31931374953432,91.41633278204556,92.91675761345441,28709907,ONGC.NS,ONGC,Energy
2021-06-08,91.3431396484375,92.14824631332309,89.76951877647916,92.03845777173024,15261479,ONGC.NS,ONGC,Energy
2021-06-09,90.79421997070312,93.68528714506404,90.06230366488232,92.95337083924322,29718157,ONGC.NS,ONGC,Energy
2021-06-10,90.72101593017578,91.34314920291791,89.62314156756416,90.57463491545867,12245640,ONGC.NS,ONGC,Energy
2021-06-11,90.42825317382812,92.66059434274693,89.65973889254663,90.72101520090895,18360366,ONGC.NS,ONGC,Energy
2021-06-14,91.3431396484375,92.07505581362024,88.74483502840788,91.05037206554897,19547491,ONGC.NS,ONGC,Energy
2021-06-15,91.74569702148438,94.05123423032738,91.37973891163874,91.92867607640719,32779493,ONGC.NS,ONGC,Energy
2021-06-16,92.73377227783203,93.86824452324473,92.29462371266733,92.95334935245286,31654780,ONGC.NS,ONGC,Energy
2021-06-17,91.5627212524414,92.95336323657581,90.3916563757253,91.92867937542005,18124616,ONGC.NS,ONGC,Energy
2021-06-18,88.01292419433594,91.16016612888707,87.02483842830443,91.16016612888707,87912730,ONGC.NS,ONGC,Energy
2021-06-21,88.5252456665039,89.29375976698145,87.06141353917634,87.3907791182709,15669821,ONGC.NS,ONGC,Energy
2021-06-22,89.33036804199219,90.903983291961,88.92781192720939,89.80610907063742,23629008,ONGC.NS,ONGC,Energy
2021-06-23,90.2818603515625,91.05037457985738,89.1107955717472,90.3916488961871,21978870,ONGC.NS,ONGC,Energy
2021-06-24,89.29378509521484,91.08697772620066,88.81803840207228,91.08697772620066,24358397,ONGC.NS,ONGC,Energy
2021-06-25,88.48865509033203,91.45291186058705,88.08609901314945,89.98907970221622,34557609,ONGC.NS,ONGC,Energy
2021-06-28,89.5499496459961,91.12357065770371,89.14739906984241,89.69633624247918,23728169,ONGC.NS,ONGC,Energy
2021-06-29,87.39078521728516,89.62312601680921,87.17120814923115,89.14738500948685,20857415,ONGC.NS,ONGC,Energy
2021-06-30,86.14652252197266,88.52524984105261,85.67078152541801,88.08610129896087,19094044,ONGC.NS,ONGC,Energy
2021-07-01,86.98824310302734,87.6469688289961,85.85377629326567,86.1831363642112,16012542,ONGC.NS,ONGC,Energy
2021-07-02,86.69544982910156,88.45204938365892,86.36608985565533,87.8299218871071,20014124,ONGC.NS,ONGC,Energy
2021-07-05,88.5252456665039,88.8912036983358,87.024821086439,87.20780010235495,12050022,ONGC.NS,ONGC,Energy
2021-07-06,88.92781829833984,91.48952499829203,88.59845824197697,90.02569259831935,30193164,ONGC.NS,ONGC,Energy
2021-07-07,87.75675964355469,88.12271776918746,86.21973663271261,87.75675964355469,18479814,ONGC.NS,ONGC,Energy
2021-07-08,85.67078399658203,87.3907857600993,85.52439742227784,87.3907857600993,17151883,ONGC.NS,ONGC,Energy
2021-07-09,86.29293060302734,86.84186781349942,85.34143720457783,85.70739534489256,11240925,ONGC.NS,ONGC,Energy
2021-07-12,86.76866149902344,87.35419106643731,86.3661053843638,87.09802153168893,8420962,ONGC.NS,ONGC,Energy
2021-07-13,88.1227035522461,88.41547112233535,86.80525227888296,87.09801984897221,8580799,ONGC.NS,ONGC,Energy
2021-07-14,88.41547393798828,89.1107920530258,87.9031292779969,88.04951585974177,12709481,ONGC.NS,ONGC,Energy
2021-07-15,85.56100463867188,87.39079513315127,85.04865994977119,87.24440854314646,28589465,ONGC.NS,ONGC,Energy
2021-07-16,85.48780822753906,85.92695679904853,84.71929403933972,85.78057021916067,19691248,ONGC.NS,ONGC,Energy
2021-07-19,83.87759399414062,85.30483391061117,83.5848264022433,84.02398058212798,14395883,ONGC.NS,ONGC,Energy
2021-07-20,82.41377258300781,82.88951928512436,81.68185629792944,82.01122197666157,18634406,ONGC.NS,ONGC,Energy
2021-07-22,84.53632354736328,84.75590064735111,83.40185117088883,83.73121682087059,11710140,ONGC.NS,ONGC,Energy
2021-07-23,84.38993835449219,85.45121458899004,83.98738221915723,84.53631935784453,7841690,ONGC.NS,ONGC,Energy
2021-07-26,83.84100341796875,84.60951208187018,83.51163777565885,84.06057492876452,8149770,ONGC.NS,ONGC,Energy
2021-07-27,83.9141845703125,84.82907972353424,83.43843797382183,84.42652362248593,9704729,ONGC.NS,ONGC,Energy
2021-07-28,83.69461059570312,84.31673820609052,83.0358849442024,84.09716671164165,11020097,ONGC.NS,ONGC,Energy
2021-07-29,83.98737335205078,84.75588749870678,82.92609722959892,83.65801333724207,14142749,ONGC.NS,ONGC,Energy
2021-07-30,84.38993835449219,85.45121458899004,83.29206407711759,83.65802216957579,12236156,ONGC.NS,ONGC,Energy
2021-08-02,85.70738220214844,86.00014978632157,84.02397836528804,84.13376132328541,10895726,ONGC.NS,ONGC,Energy
2021-08-03,86.29293060302734,86.51250213676933,84.28016083129636,85.0120771119258,15163353,ONGC.NS,ONGC,Energy
2021-08-04,85.89036560058594,86.7320703537458,85.3414284464483,86.14653515570133,14304543,ONGC.NS,ONGC,Energy
2021-08-05,85.52440643310547,85.81717402848294,83.95078549401929,85.04865978862675,11033147,ONGC.NS,ONGC,Energy
2021-08-06,85.37802124023438,86.51248793857762,85.01206315997969,85.01206315997969,6606584,ONGC.NS,ONGC,Energy
2021-08-09,84.17036437988281,85.63419680388077,83.65802526511455,84.90228059188179,8294214,ONGC.NS,ONGC,Energy
2021-08-10,84.06057739257812,84.68270506751693,83.36525921189553,84.24355644897646,14300982,ONGC.NS,ONGC,Energy
2021-08-11,85.63418579101562,85.85376286000793,84.06056502077561,84.53631161420773,11308648,ONGC.NS,ONGC,Energy
2021-08-12,85.08527374267578,86.29293680938753,84.38995545970036,84.97548517586954,13519139,ONGC.NS,ONGC,Energy
2021-08-13,84.97547149658203,85.59759916289647,84.42653433499677,85.48781619784147,10342014,ONGC.NS,ONGC,Energy
2021-08-16,84.53632354736328,86.62228366093724,83.9507883367808,85.56100737384381,14771886,ONGC.NS,ONGC,Energy
2021-08-17,83.32865905761719,84.902280019624,82.48695430267611,84.902280019624,16025745,ONGC.NS,ONGC,Energy
2021-08-18,82.8529052734375,84.35333560238182,82.6333337806671,83.36524992472248,10074307,ONGC.NS,ONGC,Energy
2021-08-20,80.65717315673828,81.7916456431379,79.41291769378489,80.98653883863405,23878081,ONGC.NS,ONGC,Energy
2021-08-23,81.79164123535156,81.97462029851789,79.4129134141892,80.76695736480451,16886027,ONGC.NS,ONGC,Energy
2021-08-24,82.8529052734375,84.31673756154825,82.04779863179199,82.81631281668095,17368602,ONGC.NS,ONGC,Energy
2021-08-25,84.6461181640625,85.78058503776816,82.92611603780824,83.07249705890638,18637317,ONGC.NS,ONGC,Energy
2021-08-26,84.57291412353516,85.08525319949266,83.73120942668174,84.60950658091662,8779246,ONGC.NS,ONGC,Energy
2021-08-27,85.37802124023438,85.63419077959723,84.13376041692214,84.53631653883316,9706825,ONGC.NS,ONGC,Energy
2021-08-30,87.93972778320312,88.12270682329132,85.45121172118822,85.45121172118822,15933414,ONGC.NS,ONGC,Energy
2021-08-31,88.23250579833984,88.56186587581713,87.13463142797848,87.82994962890956,13376290,ONGC.NS,ONGC,Energy
2021-09-01,87.61036682128906,89.47675536310756,87.39079531194876,89.14739530705839,10964080,ONGC.NS,ONGC,Energy
2021-09-02,86.84185791015625,87.93973220590013,86.36611126518508,87.0248369594469,13031666,ONGC.NS,ONGC,Energy
2021-09-03,90.09888458251953,90.39165218414198,86.95164822129148,87.79334739784939,21326802,ONGC.NS,ONGC,Energy
2021-09-06,89.03759765625,91.01376895863629,88.67163959402461,90.6112184406345,12505630,ONGC.NS,ONGC,Energy
2021-09-07,87.79334259033203,89.84271010538932,87.50058058881862,89.65973106240482,8530847,ONGC.NS,ONGC,Energy
2021-09-08,88.42522430419922,88.83408638463156,87.34732343258752,88.46239564662055,7801721,ONGC.NS,ONGC,Energy
2021-09-09,90.80403900146484,92.0306194438453,87.8676790731541,88.5367234664116,27242637,ONGC.NS,ONGC,Energy
2021-09-13,91.47309112548828,91.73327350275807,90.02349387232726,90.84121234583965,9921031,ONGC.NS,ONGC,Energy
2021-09-14,92.14213562011719,93.22004220932173,91.28725142341634,91.65894217730394,16593684,ONGC.NS,ONGC,Energy
2021-09-15,95.48735046386719,97.15995882235762,92.36515046330531,92.36515046330531,42437332,ONGC.NS,ONGC,Energy
2021-09-16,95.67318725585938,97.56881216074535,94.70679480500687,96.37939734192659,22431820,ONGC.NS,ONGC,Energy
2021-09-17,94.96700286865234,96.41659477297782,92.73685798719671,95.67321314582594,25968166,ONGC.NS,ONGC,Energy
2021-09-20,95.5245132446289,96.19355199081417,92.95984959345155,92.95984959345155,29857432,ONGC.NS,ONGC,Energy
2021-09-21,100.50517272949219,101.09988017561604,95.97055255688771,96.34224329282748,51537119,ONGC.NS,ONGC,Energy
2021-09-22,99.35292053222656,100.54233532095292,98.46086511223184,99.98479926556871,16424387,ONGC.NS,ONGC,Energy
2021-09-23,102.40079498291016,102.84682839121939,99.91046258220162,100.2078219687747,18688982,ONGC.NS,ONGC,Energy
2021-09-24,101.1742172241211,103.99905758542434,99.98480239812993,103.25567615495498,33667173,ONGC.NS,ONGC,Energy
2021-09-27,104.0733871459961,104.63092314856392,102.2149338041033,102.62379580793952,34196564,ONGC.NS,ONGC,Energy
2021-09-28,105.70883178710938,106.74957254288505,104.81677638437297,105.41148376723052,46109879,ONGC.NS,ONGC,Energy
2021-09-29,107.60445404052734,110.61515087815684,103.59019915242108,104.70527121501722,68003697,ONGC.NS,ONGC,Energy
2021-09-30,107.41860961914062,108.57085302900394,105.07696280482139,107.60445496450247,26714630,ONGC.NS,ONGC,Energy
2021-10-01,108.71952819824219,111.2470203849272,107.12126274829427,107.93897547076304,42893182,ONGC.NS,ONGC,Energy
2021-10-04,109.72311401367188,110.39215282689732,109.27708057612057,109.87178804515514,16099471,ONGC.NS,ONGC,Energy
2021-10-05,121.65435791015625,122.36057929337427,110.76382526527357,111.50720664289285,131238378,ONGC.NS,ONGC,Energy
2021-10-06,124.96243286132812,128.419152248579,123.2526531676906,123.40132719689791,101221817,ONGC.NS,ONGC,Energy
2021-10-07,119.23839569091797,126.48636577959971,118.56935683535748,126.48636577959971,59769140,ONGC.NS,ONGC,Energy
2021-10-08,119.64723205566406,123.84734370111514,119.3127126998918,121.84020488028199,30561341,ONGC.NS,ONGC,Energy
2021-10-11,122.65794372558594,123.54999922951542,120.94816405957874,121.72871687917997,18143592,ONGC.NS,ONGC,Energy
2021-10-12,121.58003234863281,123.2898118669259,120.9853249496917,122.7322758072499,11619888,ONGC.NS,ONGC,Energy
2021-10-13,118.94103240966797,121.76588419801773,118.71801570527968,121.6543701742732,16690451,ONGC.NS,ONGC,Energy
2021-10-14,118.23480987548828,120.24193731789349,117.93745051984703,119.68440128705318,14821875,ONGC.NS,ONGC,Energy
2021-10-18,120.50212097167969,123.02961301603838,119.83307095304413,121.72869565786274,22899876,ONGC.NS,ONGC,Energy
2021-10-19,117.90029907226562,121.54286353390079,117.45426567802032,121.54286353390079,10331930,ONGC.NS,ONGC,Energy
2021-10-20,115.14978790283203,118.45784459744429,114.22056104324462,118.38350191143677,17118996,ONGC.NS,ONGC,Energy
2021-10-21,115.22411346435547,119.16403703207916,114.88959411324016,117.15690958228774,31555789,ONGC.NS,ONGC,Energy
2021-10-22,116.748046875,117.71444492832728,114.85242210560791,116.7108755377375,27317028,ONGC.NS,ONGC,Energy
2021-10-25,119.98177337646484,121.13401700671002,118.12331956739257,118.19766225699621,34568006,ONGC.NS,ONGC,Energy
2021-10-26,121.24549865722656,121.87736597768235,119.16402867839244,121.58001798489126,33022684,ONGC.NS,ONGC,Energy
2021-10-27,117.37991333007812,121.61719619710813,116.71087463691521,121.24550551355107,21652522,ONGC.NS,ONGC,Energy
2021-10-28,111.65589141845703,116.59938486226062,110.54081924448488,111.50721739721422,24815027,ONGC.NS,ONGC,Energy
2021-10-29,110.80098724365234,112.88245719378897,108.53367196480886,111.43285455539647,18736450,ONGC.NS,ONGC,Energy
2021-11-01,113.848876953125,114.18340771660863,110.31781468032554,111.50722966735141,11444653,ONGC.NS,ONGC,Energy
2021-11-02,113.7001953125,115.07545559034247,112.51079174811038,114.44357679390647,20609479,ONGC.NS,ONGC,Energy
2021-11-03,112.9939956665039,114.62943280884602,111.35855852416181,112.39928815753343,11591857,ONGC.NS,ONGC,Energy
2021-11-04,113.03115844726562,113.62586591116981,112.43645098336145,112.9939871039401,1114216,ONGC.NS,ONGC,Energy
2021-11-08,115.14978790283203,115.63299267567828,112.77096941090852,113.70019627049594,16568525,ONGC.NS,ONGC,Energy
2021-11-09,116.45069885253906,117.5657710203314,115.22412400520777,116.3391961730001,13601954,ONGC.NS,ONGC,Energy
2021-11-10,117.23123168945312,117.9746130081473,116.3020050410854,116.48785037075893,13900618,ONGC.NS,ONGC,Energy
2021-11-11,114.10904693603516,116.59937920770987,113.77452756868637,116.41353385439386,14158749,ONGC.NS,ONGC,Energy
2021-11-12,114.96393585205078,115.67015729879013,113.96037770785917,114.48074245037712,10552485,ONGC.NS,ONGC,Energy
2021-11-15,117.30557250976562,120.61361705719851,115.96748388858532,116.30200320810576,45750584,ONGC.NS,ONGC,Energy
2021-11-16,116.82237243652344,118.71799711228988,116.56219577473524,118.4949804428293,12956283,ONGC.NS,ONGC,Energy
2021-11-17,117.00825500488281,118.3835154516088,116.41355882120925,116.71090691304603,11420415,ONGC.NS,ONGC,Energy
2021-11-18,114.70377349853516,116.71090138105389,114.25774003881897,116.71090138105389,18351511,ONGC.NS,ONGC,Energy
2021-11-22,112.9693374633789,118.48097210365778,112.54536285357986,116.59237076441065,21558590,ONGC.NS,ONGC,Energy
2021-11-23,113.08494567871094,113.85580422016415,110.5411101394418,112.39117769635021,21216047,ONGC.NS,ONGC,Energy
2021-11-24,118.28824615478516,120.13831379491992,114.85792784347714,114.85792784347714,36294271,ONGC.NS,ONGC,Energy
2021-11-25,119.56017303466797,120.25394106664342,117.59448126091256,118.71222387348134,11554142,ONGC.NS,ONGC,Energy
2021-11-26,113.39330291748047,117.36321993785285,112.7380684132084,117.36321993785285,23135841,ONGC.NS,ONGC,Energy
2021-11-29,111.08071899414062,112.58389077673944,109.3848208164725,111.77448696691924,18736522,ONGC.NS,ONGC,Energy
2021-11-30,109.53900909423828,113.89435537310153,108.76815051303285,110.50258232074506,22980651,ONGC.NS,ONGC,Energy
2021-12-01,109.6546401977539,110.73383757559606,107.65040305333936,109.77026428739084,14278744,ONGC.NS,ONGC,Energy
2021-12-02,111.00363159179688,111.50468494611818,108.22853609705473,108.30562665727403,8561767,ONGC.NS,ONGC,Energy
2021-12-03,112.46826171875,113.20058677705127,110.34840063125742,111.0036351268843,10690334,ONGC.NS,ONGC,Energy
2021-12-06,110.50257110595703,112.42971736338657,110.04005129922702,112.39117208576452,7749262,ONGC.NS,ONGC,Energy
2021-12-07,112.46826171875,112.73806692574188,111.38906441551933,111.77449370415434,10253663,ONGC.NS,ONGC,Energy
2021-12-08,114.39540100097656,115.89858454245126,113.16203441197213,113.31620376530172,12266948,ONGC.NS,ONGC,Energy
2021-12-09,113.58602142333984,115.55170147820137,112.81516280970978,115.24336273769693,7989291,ONGC.NS,ONGC,Energy
2021-12-10,113.74019622802734,114.08708026826099,112.1984789271049,112.73807762995385,10324085,ONGC.NS,ONGC,Energy
2021-12-13,112.50680541992188,116.01421424971242,112.04429733747688,114.8193811192517,13595587,ONGC.NS,ONGC,Energy
2021-12-14,113.23912048339844,113.6630950540722,110.96509002916267,111.19634995520003,12331999,ONGC.NS,ONGC,Energy
2021-12-15,110.965087890625,113.8558075044605,110.69529445075463,112.77661022024255,10361033,ONGC.NS,ONGC,Energy
2021-12-16,112.0443115234375,112.7380796161273,111.42762223973003,112.00576623776145,12156709,ONGC.NS,ONGC,Energy
2021-12-17,107.45767211914062,111.85157505770962,106.76390416166522,111.15779533786677,17667617,ONGC.NS,ONGC,Energy
2021-12-20,103.29503631591797,106.10866506286,101.48351418304277,105.99304099581134,17238729,ONGC.NS,ONGC,Energy
2021-12-21,104.87530517578125,105.49199435117758,103.1408734863109,104.10444664712776,8615570,ONGC.NS,ONGC,Energy
2021-12-22,105.45345306396484,106.339935700525,104.29716522721603,105.91596114124349,4968143,ONGC.NS,ONGC,Energy
2021-12-23,108.30562591552734,108.69105518924808,105.72324507665121,106.76390882064439,6324169,ONGC.NS,ONGC,Energy
2021-12-24,106.763916015625,109.15358237868398,105.76179748394323,109.11503709624068,5657495,ONGC.NS,ONGC,Energy
2021-12-27,105.87743377685547,106.41703244622616,104.83676995835079,105.26074454227376,4404298,ONGC.NS,ONGC,Energy
2021-12-28,107.5347671508789,108.30562569676334,106.76390860499447,107.26496195487218,8738089,ONGC.NS,ONGC,Energy
2021-12-29,107.07225036621094,108.57543398336804,105.95450779533556,108.07436885685958,6571286,ONGC.NS,ONGC,Energy
2021-12-30,108.30562591552734,108.84522454626278,106.76390882064439,106.95662345750476,11556524,ONGC.NS,ONGC,Energy
2021-12-31,109.77025604248047,110.19423060991963,107.4962256055938,108.26708417825833,6393760,ONGC.NS,ONGC,Energy
2022-01-03,110.27133178710938,110.57967054090925,108.8452385854536,109.73173308677485,3765911,ONGC.NS,ONGC,Energy
2022-01-04,113.93289947509766,114.54958868615115,110.30986653341482,110.30986653341482,16351836,ONGC.NS,ONGC,Energy
2022-01-05,115.89856719970703,116.47671100995692,113.62452546949807,114.4724744294776,12977680,ONGC.NS,ONGC,Energy
2022-01-06,116.24549102783203,116.70799917734118,114.35688961867056,116.0913216446623,9012777,ONGC.NS,ONGC,Energy
2022-01-07,121.06332397460938,121.41020793050892,116.66943308769287,116.78505715220382,30889365,ONGC.NS,ONGC,Energy
2022-01-10,122.0654525756836,122.87484461993705,120.56226903665818,121.98836201796055,16418985,ONGC.NS,ONGC,Energy
2022-01-11,124.06967163085938,124.60927022146352,121.48730274640846,122.412330582068,14457548,ONGC.NS,ONGC,Energy
2022-01-12,127.15312194824219,127.73126589019755,124.41657160384642,125.4186901223761,21220614,ONGC.NS,ONGC,Energy
2022-01-13,126.38224792480469,127.57708094473638,125.68847998413064,127.15310641993905,7445346,ONGC.NS,ONGC,Energy
2022-01-14,124.14678955078125,125.8812215358554,123.49155498480536,125.61141629989599,11646259,ONGC.NS,ONGC,Energy
2022-01-17,127.84687042236328,129.6583806060408,125.11032074823304,125.26449007585325,32577835,ONGC.NS,ONGC,Energy
2022-01-18,126.30518341064453,129.81258055009926,125.95828763872615,129.7355017492929,11175409,ONGC.NS,ONGC,Energy
2022-01-19,131.23866271972656,131.8168066083597,127.11456494252971,127.42291540722124,36648534,ONGC.NS,ONGC,Energy
2022-01-20,128.6177520751953,131.73971975160313,128.34794688130847,131.73971975160313,14474454,ONGC.NS,ONGC,Energy
2022-01-21,126.15098571777344,128.27084654064225,125.11033382578529,127.42290926891489,8625926,ONGC.NS,ONGC,Energy
2022-01-24,127.73126983642578,129.7355069354056,126.2280978933754,127.34584052988112,28783449,ONGC.NS,ONGC,Energy
2022-01-25,127.30726623535156,128.50209916582943,125.64992529984008,125.64992529984008,14249846,ONGC.NS,ONGC,Energy
2022-01-27,127.73126983642578,130.08239095882197,126.80624185319239,127.26876172599357,25936832,ONGC.NS,ONGC,Energy
2022-01-28,130.1209259033203,134.66898665423798,128.15523424365085,129.1573527135184,32790065,ONGC.NS,ONGC,Energy
2022-01-31,133.05018615722656,134.78461783896253,130.69906530284428,132.27932763201056,24031034,ONGC.NS,ONGC,Energy
2022-02-01,131.7782745361328,134.82316363560406,129.88967332980522,134.12939560466535,14220953,ONGC.NS,ONGC,Energy
2022-02-02,132.04808044433594,134.167941592921,131.4313912122738,131.46993649472182,12478192,ONGC.NS,ONGC,Energy
2022-02-03,129.11883544921875,132.00955564584305,127.96254737056903,131.04598224696826,12529302,ONGC.NS,ONGC,Energy
2022-02-04,130.7376251220703,133.127279758594,130.31365053357402,131.04596386150274,17434362,ONGC.NS,ONGC,Energy
2022-02-07,132.66473388671875,133.58976160407786,130.42923749387148,131.5855250811618,11723574,ONGC.NS,ONGC,Energy
2022-02-08,128.69485473632812,133.35855211957335,128.3479706815547,132.58769343680123,13231599,ONGC.NS,ONGC,Energy
2022-02-09,126.38224792480469,130.73760547973413,125.72702526136078,129.42713662811198,17938632,ONGC.NS,ONGC,Energy
2022-02-10,130.35218811035156,131.35429483544823,127.30728736721423,127.84689777287336,26763203,ONGC.NS,ONGC,Energy
2022-02-11,129.61984252929688,131.43136457590546,128.8104505737665,129.46567319311805,12884995,ONGC.NS,ONGC,Energy
2022-02-14,128.11668395996094,135.94090501299647,127.34582543822546,130.19799961617318,44604164,ONGC.NS,ONGC,Energy
2022-02-15,126.53643798828125,131.04596562807743,120.5622836728836,131.04596562807743,31146458,ONGC.NS,ONGC,Energy
2022-02-16,129.92823791503906,130.1980314061003,126.80625778725565,126.80625778725565,15960268,ONGC.NS,ONGC,Energy
2022-02-17,132.3949737548828,132.89602717477152,129.88968313070018,129.92822841585382,24640791,ONGC.NS,ONGC,Energy
2022-02-18,129.42713928222656,132.39494925430049,128.50211142156957,131.97097472080887,11829998,ONGC.NS,ONGC,Energy
2022-02-21,127.28494262695312,130.51770699024283,127.01230758255281,130.40085321156647,14222260,ONGC.NS,ONGC,Energy
2022-02-22,128.4923858642578,129.69980383274518,127.16812598015404,129.69980383274518,29399172,ONGC.NS,ONGC,Energy
2022-02-23,125.22067260742188,129.62189211563714,124.36379233274383,129.5050502082979,21301826,ONGC.NS,ONGC,Energy
2022-02-24,122.02685546875,126.5059773728911,121.52052470365413,125.22066888533591,28766189,ONGC.NS,ONGC,Energy
2022-02-25,124.24695587158203,124.9480311188622,122.14371824348389,124.16905333910306,20225258,ONGC.NS,ONGC,Energy
2022-02-28,125.14278411865234,126.07756702727184,121.36474876030591,125.02594219820413,20210070,ONGC.NS,ONGC,Energy
2022-03-02,126.9344482421875,131.14093609407198,126.11651905824388,129.03768622499993,41103406,ONGC.NS,ONGC,Energy
2022-03-03,132.65989685058594,133.8283633315607,126.895455079357,131.10194154261958,42345653,ONGC.NS,ONGC,Energy
2022-03-04,128.72608947753906,133.20521210686343,127.63552524403313,132.50413679764657,32658756,ONGC.NS,ONGC,Energy
2022-03-07,145.62989807128906,147.8499895670511,130.167195794627,130.167195794627,132538155,ONGC.NS,ONGC,Energy
2022-03-08,139.51492309570312,151.86171359492587,138.50224961938096,148.0057760180236,73127816,ONGC.NS,ONGC,Energy
2022-03-09,136.6326904296875,143.1761105577199,135.42528444533224,142.55292599034678,51977091,ONGC.NS,ONGC,Energy
2022-03-10,135.8147735595703,137.80115728516708,128.53132694485885,131.06300459680304,62112814,ONGC.NS,ONGC,Energy
2022-03-11,136.86639404296875,137.41167611360655,133.7504829121726,134.37366751558338,26187452,ONGC.NS,ONGC,Energy
2022-03-14,133.82839965820312,136.710615383044,132.89362859693836,135.5421485848983,20214021,ONGC.NS,ONGC,Energy
2022-03-15,127.5576171875,132.03673962309162,125.9217590217372,131.10196862248065,42333127,ONGC.NS,ONGC,Energy
2022-03-16,130.322998046875,130.75143824611297,126.07757109717251,129.31032445401948,25545119,ONGC.NS,ONGC,Energy
2022-03-17,132.65989685058594,133.59466765811462,128.219726600133,129.77768190809934,66314748,ONGC.NS,ONGC,Energy
2022-03-21,134.41259765625,136.32109054665196,132.6598979206502,133.75046189052108,20614652,ONGC.NS,ONGC,Energy
2022-03-22,136.67164611816406,141.18971952005737,135.3863375639327,137.25587944031602,39742745,ONGC.NS,ONGC,Energy
2022-03-23,136.7884979248047,138.42434407128292,136.20426461115022,137.48957314668718,10994784,ONGC.NS,ONGC,Energy
2022-03-24,138.22959899902344,140.52758097826685,137.48957251570872,139.35911435632033,20332589,ONGC.NS,ONGC,Energy
2022-03-25,136.94430541992188,139.6317765665451,136.3990233140685,139.0475431917897,13608989,ONGC.NS,ONGC,Energy
2022-03-28,137.3727569580078,138.58016318994402,136.04848502344905,136.71062099072844,15253027,ONGC.NS,ONGC,Energy
2022-03-29,133.20518493652344,136.47688885595872,132.8546473534154,136.2821444335369,14210783,ONGC.NS,ONGC,Energy
2022-03-30,126.19440460205078,128.41449610418266,125.53226871228989,126.97338240823628,95239532,ONGC.NS,ONGC,Energy
2022-03-31,127.67444610595703,128.72607080348374,125.53225733313052,126.07755125703737,33523683,ONGC.NS,ONGC,Energy
2022-04-01,130.82933044433594,131.063026181793,127.40183258249544,127.67446770431289,28335224,ONGC.NS,ONGC,Energy
2022-04-04,130.90721130371094,131.68618904204155,128.8039737874697,130.05033103704446,17745513,ONGC.NS,ONGC,Energy
2022-04-05,133.86734008789062,134.5684153555,131.88094431465336,132.6209708496317,20054934,ONGC.NS,ONGC,Energy
2022-04-06,134.60736083984375,135.1526429008088,132.65991641764188,132.8936121255576,12969222,ONGC.NS,ONGC,Energy
2022-04-07,131.53038024902344,135.38631721851726,131.0240376474955,132.89359112918578,24550313,ONGC.NS,ONGC,Energy
2022-04-08,133.1273193359375,133.438917629988,131.41357032056817,131.64726606954116,9529874,ONGC.NS,ONGC,Energy
2022-04-11,133.3609619140625,134.56837956381074,132.07565363655118,133.20516877228155,9724979,ONGC.NS,ONGC,Energy
2022-04-12,131.5693359375,134.13996486468398,131.02405389506873,133.2051939510508,13184429,ONGC.NS,ONGC,Energy
2022-04-13,135.7368927001953,136.20428417274832,132.9715189078176,133.51680103495684,23458303,ONGC.NS,ONGC,Energy
2022-04-18,136.94430541992188,139.43703210829332,136.3990233140685,137.10009860927164,23916912,ONGC.NS,ONGC,Energy
2022-04-19,137.9959259033203,140.06022440534522,137.10010610091456,138.11277971641178,17880666,ONGC.NS,ONGC,Energy
2022-04-20,136.71060180664062,138.15171546907698,136.16531973224176,137.80116595543836,10076403,ONGC.NS,ONGC,Energy
2022-04-21,135.65899658203125,137.64539260503776,135.46425210695728,136.86641470474183,12246720,ONGC.NS,ONGC,Energy
2022-04-22,135.54212951660156,137.33378073229085,135.30843381259734,135.65897142547504,10267952,ONGC.NS,ONGC,Energy
2022-04-25,132.15357971191406,134.76316011016908,131.10196680812706,133.20520450195903,12583497,ONGC.NS,ONGC,Energy
2022-04-26,130.05035400390625,133.75049891442137,129.07663165903384,133.28311932063806,20086229,ONGC.NS,ONGC,Energy
2022-04-27,128.4145050048828,131.56935582959753,127.2460382146155,130.82932923968,13981957,ONGC.NS,ONGC,Energy
2022-04-28,128.3755340576172,129.3103049693005,126.54493161228392,129.3103049693005,13030499,ONGC.NS,ONGC,Energy
2022-04-29,124.9869613647461,130.4398049059987,124.24693497568437,129.699778516937,15964743,ONGC.NS,ONGC,Energy
2022-05-02,121.79318237304688,124.05221321236388,121.44263285810304,123.19533288779107,23405519,ONGC.NS,ONGC,Energy
2022-05-04,126.38912200927734,126.8175620882548,123.03951578216558,123.85744468089429,23661920,ONGC.NS,ONGC,Energy
2022-05-05,128.4145050048828,131.1798668995084,127.28497759861732,127.90816226401166,26878516,ONGC.NS,ONGC,Energy
2022-05-06,130.05035400390625,130.40089167080848,125.49334056165885,127.67446910516576,16768573,ONGC.NS,ONGC,Energy
2022-05-09,128.33660888671875,130.3230049068303,126.77865308839742,128.7260978362991,9952775,ONGC.NS,ONGC,Energy
2022-05-10,120.31312561035156,125.92176370905156,119.10570757508245,124.98699267364465,22602956,ONGC.NS,ONGC,Energy
2022-05-11,123.5458755493164,124.63643964167824,119.76782871817518,119.96257315511531,15084514,ONGC.NS,ONGC,Energy
2022-05-12,121.91004943847656,125.41545022105257,119.96260455926767,123.85749431768545,21459069,ONGC.NS,ONGC,Energy
2022-05-13,119.61203002929688,124.87012958417351,119.1446386476941,124.63643389337213,12934346,ONGC.NS,ONGC,Energy
2022-05-16,119.5730972290039,121.71528626730854,118.24883729166727,120.11837933422977,13205775,ONGC.NS,ONGC,Energy
2022-05-17,127.09022521972656,127.5186653933976,121.17000098277688,121.52053862077751,17843200,ONGC.NS,ONGC,Energy
2022-05-18,127.12914276123047,128.14181602500125,124.79220994618485,126.19437201246322,12616832,ONGC.NS,ONGC,Energy
2022-05-19,124.63644409179688,126.23335090897454,122.92269536278619,123.50692869446648,8932407,ONGC.NS,ONGC,Energy
2022-05-20,126.11649322509766,127.59655808483987,124.71434278127278,125.9217487872045,7235654,ONGC.NS,ONGC,Energy
2022-05-23,120.81945037841797,127.90814057211603,120.46890089178025,125.99964751559182,18029557,ONGC.NS,ONGC,Energy
2022-05-24,117.35299682617188,122.88374377266155,116.96350793941224,122.6110967974268,19141394,ONGC.NS,ONGC,Energy
2022-05-25,118.87200927734375,119.37834005979924,114.97712053151017,119.10569309308804,19366472,ONGC.NS,ONGC,Energy
2022-05-26,118.32670593261719,119.41728182646419,115.36660023022614,119.02779298285945,12824105,ONGC.NS,ONGC,Energy
2022-05-27,112.01699829101562,121.13103521968253,109.91376082843968,120.74154636045525,52469252,ONGC.NS,ONGC,Energy
2022-05-30,112.21178436279297,114.74346288728451,109.9527410091823,113.45814204309369,40261336,ONGC.NS,ONGC,Energy
2022-05-31,117.82039642333984,119.18360762162642,113.26337137742138,113.26337137742138,57675204,ONGC.NS,ONGC,Energy
2022-06-01,116.65191650390625,119.10569162911834,115.87293876431423,117.7814318490633,22780094,ONGC.NS,ONGC,Energy
2022-06-02,118.75515747070312,119.10569508644332,113.73075328174072,115.13291563095885,25429955,ONGC.NS,ONGC,Energy
2022-06-03,118.09304809570312,120.1183833959209,117.74249855039302,119.9236389313081,16747177,ONGC.NS,ONGC,Energy
2022-06-06,119.92364501953125,121.52055208767892,119.0278251913374,119.26152093798866,30327268,ONGC.NS,ONGC,Energy
2022-06-07,126.07757568359375,126.93444422698185,120.1183877201574,120.58577920655763,61411715,ONGC.NS,ONGC,Energy
2022-06-08,127.28494262695312,129.62187556541312,126.27228119595824,127.36284514607068,45994327,ONGC.NS,ONGC,Energy
2022-06-09,128.95974731445312,130.36190940711924,128.1418184365433,129.31028486605587,31122996,ONGC.NS,ONGC,Energy
2022-06-10,128.2586669921875,129.81662231252386,127.24600554297352,127.7523362675805,17812698,ONGC.NS,ONGC,Energy
2022-06-13,124.2859115600586,127.71340915845009,123.42903121733171,126.19440481112336,12237777,ONGC.NS,ONGC,Energy
2022-06-14,121.48159790039062,125.0649008996981,120.97526703334593,124.28592302039293,12844437,ONGC.NS,ONGC,Energy
2022-06-15,117.93722534179688,122.4942498853575,117.46984582851952,122.26055418559031,16223385,ONGC.NS,ONGC,Energy
2022-06-16,111.82225799560547,118.05407997363982,111.08223151296531,116.18452624847524,25130676,ONGC.NS,ONGC,Energy
2022-06-17,110.18640899658203,113.06862452023664,109.56322437048583,110.96538680763777,22922034,ONGC.NS,ONGC,Energy
2022-06-20,104.69459533691406,108.19999489354632,101.26709830270941,107.9663110987757,28656582,ONGC.NS,ONGC,Energy
2022-06-21,108.35579681396484,109.21266510468018,105.16198366662432,106.01886384359541,20581784,ONGC.NS,ONGC,Energy
2022-06-22,105.045166015625,106.68101234066157,102.0460965903369,106.68101234066157,31824106,ONGC.NS,ONGC,Energy
2022-06-23,105.00619506835938,106.25255224154459,102.98084831833104,104.38301053863864,26829020,ONGC.NS,ONGC,Energy
2022-06-24,106.99260711669922,109.83587137291323,105.31779769096022,106.71996012829158,25461812,ONGC.NS,ONGC,Energy
2022-06-27,110.2253646850586,111.08224506608899,106.91470885529534,109.05689792161274,24188349,ONGC.NS,ONGC,Energy
2022-06-28,116.34032440185547,118.20986612980116,110.73167544550556,111.23801808292248,54387675,ONGC.NS,ONGC,Energy
2022-06-29,120.07941436767578,122.61109203324231,113.88654368607985,116.34033070907549,165860322,ONGC.NS,ONGC,Energy
2022-06-30,118.05406951904297,120.31310003152304,116.26241848177116,119.18358477528301,38725546,ONGC.NS,ONGC,Energy
2022-07-01,102.08503723144531,117.74248298461501,101.26710821095156,116.02873429983498,125788305,ONGC.NS,ONGC,Energy
2022-07-04,98.15120697021484,101.22816703369608,96.67114789870482,101.22816703369608,85993413,ONGC.NS,ONGC,Energy
2022-07-05,99.24176788330078,100.17654476184369,98.1511978298984,98.93017559045315,44595740,ONGC.NS,ONGC,Energy
2022-07-06,94.21735382080078,96.20374940437735,93.36047950865873,95.81426054039201,59092334,ONGC.NS,ONGC,Energy
2022-07-07,96.2037582397461,96.71009499805476,94.45105819084384,94.45105819084384,36229792,ONGC.NS,ONGC,Energy
2022-07-08,94.64579772949219,98.42383867245525,94.25630884994696,98.42383867245525,42778692,ONGC.NS,ONGC,Energy
2022-07-11,97.76172637939453,98.07331872779544,94.29527710414996,94.6458147816449,31521678,ONGC.NS,ONGC,Energy
2022-07-12,96.671142578125,98.73543491084335,96.20375709261661,97.29432718755545,25216226,ONGC.NS,ONGC,Energy
2022-07-13,96.94378662109375,97.2943302034377,94.56790785314273,95.38583099235377,27166975,ONGC.NS,ONGC,Energy
2022-07-14,99.0470199584961,103.29245217003415,96.43744574107329,96.90483119233689,38464081,ONGC.NS,ONGC,Energy
2022-07-15,98.57963562011719,100.0207373109572,97.06062545745155,99.39755868328005,18088858,ONGC.NS,ONGC,Energy
2022-07-18,101.18920135498047,101.81238590996536,98.89121945183939,98.96912197855879,21010247,ONGC.NS,ONGC,Energy
2022-07-19,99.63125610351562,103.75983464122653,96.94377928152922,101.65659707891425,33778758,ONGC.NS,ONGC,Energy
2022-07-20,103.25350189208984,106.40836411871958,102.9808549283815,105.16199497927718,60317150,ONGC.NS,ONGC,Energy
2022-07-21,103.68195343017578,103.99353980617785,102.66927987878157,103.60405089304611,20853780,ONGC.NS,ONGC,Energy
2022-07-22,103.17561340332031,104.22723825071748,102.47453809589463,104.22723825071748,11630255,ONGC.NS,ONGC,Energy
2022-07-25,101.11132049560547,103.17560690453557,100.02074444731994,102.82506927290225,21705935,ONGC.NS,ONGC,Energy
2022-07-26,99.86494445800781,102.51347592080637,99.51440685026806,101.92924261248778,22172845,ONGC.NS,ONGC,Energy
2022-07-27,100.17654418945312,101.42290146746485,99.55335960731861,100.56603306750503,20187969,ONGC.NS,ONGC,Energy
2022-07-28,101.46184539794922,101.6565898228973,99.90388999836459,101.5786872984155,25736737,ONGC.NS,ONGC,Energy
2022-07-29,104.49984741210938,104.77249434520512,101.18919238633151,101.61763247280096,19738642,ONGC.NS,ONGC,Energy
2022-08-01,107.8105239868164,108.27791542661437,103.75984175818029,104.46092891787724,20592826,ONGC.NS,ONGC,Energy
2022-08-02,106.48625183105469,106.75889878726116,104.85040575258601,106.48625183105469,15037928,ONGC.NS,ONGC,Energy
2022-08-03,105.66831970214844,107.84945962808104,104.22721809638065,105.94096665023613,15853543,ONGC.NS,ONGC,Energy
2022-08-04,106.1357192993164,106.83679452550624,104.38301934758458,104.65566631680132,14311959,ONGC.NS,ONGC,Energy
2022-08-05,106.3304672241211,107.88842278784448,104.07143641122525,105.23990308401778,66480753,ONGC.NS,ONGC,Energy
2022-08-08,106.3304672241211,107.10944500598278,105.20095181767317,106.17467404500029,12451233,ONGC.NS,ONGC,Energy
2022-08-10,104.22721862792969,106.52520046547288,103.9545716784515,106.2525535159947,15829467,ONGC.NS,ONGC,Energy
2022-08-11,103.44825744628906,105.94098410684553,102.86402407805278,104.77251737037298,19479706,ONGC.NS,ONGC,Energy
2022-08-12,108.43370056152344,108.82318943702192,103.9935297580923,104.3051161039882,40876891,ONGC.NS,ONGC,Energy
2022-08-16,109.0179443359375,110.53694871889104,106.01888683856939,108.66740669160335,31230003,ONGC.NS,ONGC,Energy
2022-08-17,108.78423309326172,109.68006459683761,108.0442066416167,109.01792878490137,15694770,ONGC.NS,ONGC,Energy
2022-08-18,108.10633850097656,110.29956922162928,107.42842595589555,110.25968986554142,42597708,ONGC.NS,ONGC,Energy
2022-08-19,107.34867095947266,110.45906577784791,106.91002241599155,109.66152739678041,35382493,ONGC.NS,ONGC,Energy
2022-08-22,105.19532012939453,107.26892503503507,103.52049663127384,107.26892503503507,31231393,ONGC.NS,ONGC,Energy
2022-08-23,106.67076110839844,107.0296509548691,103.75975081322837,105.195310199111,24268146,ONGC.NS,ONGC,Energy
2022-08-24,108.46522521972656,109.58177414096494,107.26891758862664,107.42842283887919,22730039,ONGC.NS,ONGC,Energy
2022-08-25,108.90388488769531,110.17993918927904,108.58486218519555,109.26277477971973,14620592,ONGC.NS,ONGC,Energy
2022-08-26,108.98361206054688,110.25967830473672,108.54497569798436,108.86398617429703,12105053,ONGC.NS,ONGC,Energy
2022-08-29,108.38546752929688,108.94375416463764,106.67076477638071,107.02965463519214,9198908,ONGC.NS,ONGC,Energy
2022-08-30,110.5388412475586,111.53576437508177,109.70142338654476,109.9805545605682,21720398,ONGC.NS,ONGC,Energy
2022-09-01,107.42843627929688,108.66462341998748,106.98978765911995,107.66770026934539,20349294,ONGC.NS,ONGC,Energy
2022-09-02,105.87322235107422,108.26583754544878,105.51433250581206,107.42841979352364,17495310,ONGC.NS,ONGC,Energy
2022-09-05,106.39160919189453,106.79037836003427,105.79345543968493,105.9928400237548,14865879,ONGC.NS,ONGC,Energy
2022-09-06,105.3548355102539,106.98977961886362,105.03581282433967,106.94991243141159,10870488,ONGC.NS,ONGC,Energy
2022-09-07,105.6738510131836,106.03274090348498,103.7198841264568,104.47754326586454,12042788,ONGC.NS,ONGC,Energy
2022-09-08,105.15545654296875,106.98978536524429,104.87631319898502,104.99593910670845,14629497,ONGC.NS,ONGC,Energy
2022-09-09,106.87014770507812,107.02965295432594,105.23519151897948,105.67384008151382,12327341,ONGC.NS,ONGC,Energy
2022-09-12,106.87014770507812,107.9866966192833,106.55113720658248,107.66768612078766,13500202,ONGC.NS,ONGC,Energy
2022-09-13,106.79039764404297,107.78732074441481,106.47138711971256,107.0296616220265,10846178,ONGC.NS,ONGC,Energy
2022-09-14,106.23210906982422,106.94990090869341,105.27506545413515,105.63395528883483,8597956,ONGC.NS,ONGC,Energy
2022-09-15,105.75360107421875,107.18916051791498,105.27507314667285,106.55113950714808,10810473,ONGC.NS,ONGC,Energy
2022-09-16,104.67691040039062,105.27506417410714,103.67998744419643,104.55728451343519,20909579,ONGC.NS,ONGC,Energy
2022-09-19,104.11864471435547,107.14929318935074,103.44073217947879,105.35483171764614,19411428,ONGC.NS,ONGC,Energy
2022-09-20,106.23210906982422,106.55113172136714,104.71679102577234,104.7965375615557,13080582,ONGC.NS,ONGC,Energy
2022-09-21,104.39777374267578,106.23211453259789,103.71987339104336,105.43457611693354,11156865,ONGC.NS,ONGC,Energy
2022-09-22,102.60330963134766,104.35790383562255,102.16467324974907,103.99900182235805,11366882,ONGC.NS,ONGC,Energy
2022-09-23,102.5634536743164,102.96222291539934,101.6861564761454,102.28431033776978,10407849,ONGC.NS,ONGC,Energy
2022-09-26,98.45610809326172,102.72294318640624,97.81808105619879,101.52663564658661,12848954,ONGC.NS,ONGC,Energy
2022-09-27,99.253662109375,102.00517353582336,98.77514023491226,99.17390947775384,14465123,ONGC.NS,ONGC,Energy
2022-09-28,97.73833465576172,98.85488356284598,96.90091689071333,98.85488356284598,15267018,ONGC.NS,ONGC,Energy
2022-09-29,101.00824737548828,102.24442834008902,98.49600000457824,98.49600000457824,20597761,ONGC.NS,ONGC,Energy
2022-09-30,101.12787628173828,105.5940842288565,100.09107387937254,100.09107387937254,33530494,ONGC.NS,ONGC,Energy
2022-10-03,105.59408569335938,107.66769052685005,104.15852622191147,105.03581121341064,50966493,ONGC.NS,ONGC,Energy
2022-10-04,106.79039764404297,107.66769484015876,105.11557413710113,107.58793612434044,14137567,ONGC.NS,ONGC,Energy
2022-10-06,105.7934799194336,108.90388745232804,105.59409528922774,108.86400809239245,14570735,ONGC.NS,ONGC,Energy
2022-10-07,106.9100341796875,107.06953943955794,104.63704467575195,105.31495724204045,13532236,ONGC.NS,ONGC,Energy
2022-10-10,106.27200317382812,106.87015703784591,105.4345853303089,106.07261855248886,10183057,ONGC.NS,ONGC,Energy
2022-10-11,104.55728149414062,106.47136864697262,103.87936903571673,106.27198406149141,13176461,ONGC.NS,ONGC,Energy
2022-10-12,104.7566909790039,105.27508615668353,102.96222928315134,104.5573063461314,9401804,ONGC.NS,ONGC,Energy
2022-10-13,103.56037902832031,105.15545602732735,101.80579067857106,104.63704870096701,13320136,ONGC.NS,ONGC,Energy
2022-10-14,101.76590728759766,105.91311097153961,101.32726478109186,105.27507776332219,13205955,ONGC.NS,ONGC,Energy
2022-10-17,101.9254150390625,102.24442554719019,100.48984341354624,101.2873818533363,9320940,ONGC.NS,ONGC,Energy
2022-10-18,102.6431884765625,102.9622111346096,101.7658974635056,102.44380387883433,6490293,ONGC.NS,ONGC,Energy
2022-10-19,101.9254150390625,102.64319476708522,101.60639844619939,102.64319476708522,7381712,ONGC.NS,ONGC,Energy
2022-10-20,103.36099243164062,104.4775414418566,100.33034375744819,101.28738750470067,18748363,ONGC.NS,ONGC,Energy
2022-10-21,104.91618347167969,106.3916222735313,102.6830734216259,103.16160135001984,11945173,ONGC.NS,ONGC,Energy
2022-10-24,105.91311645507812,106.87016023221854,105.59409374971672,106.07262172302288,2154912,ONGC.NS,ONGC,Energy
2022-10-25,104.27816009521484,105.99286302249081,103.56038030460441,105.6339731271856,10232002,ONGC.NS,ONGC,Energy
2022-10-27,105.11555480957031,105.43456527524448,103.91924730908842,104.27813712533914,13865026,ONGC.NS,ONGC,Energy
2022-10-28,106.6308822631836,108.14621253363501,105.11556416220246,105.35482811748113,22918037,ONGC.NS,ONGC,Energy
2022-10-31,106.9100341796875,107.82719855104604,105.91311109365809,107.18916534209296,8753855,ONGC.NS,ONGC,Energy
2022-11-01,107.78731536865234,108.22596394483318,106.94990974168175,106.94990974168175,11630848,ONGC.NS,ONGC,Energy
2022-11-02,108.8241195678711,111.01735031543323,107.94683457052885,108.34560379735834,21117499,ONGC.NS,ONGC,Energy
2022-11-03,108.78424072265625,109.02350469377285,107.86707636442554,108.78424072265625,7561534,ONGC.NS,ONGC,Energy
2022-11-04,109.940673828125,110.37931021462485,108.50510226743657,108.78423340707553,7498344,ONGC.NS,ONGC,Energy
2022-11-07,110.49896240234375,110.85785229602645,109.06339065814113,110.49896240234375,9987481,ONGC.NS,ONGC,Energy
2022-11-09,110.57870483398438,110.85784816838395,109.26277121632089,110.8179688106881,12033732,ONGC.NS,ONGC,Energy
2022-11-10,111.53575134277344,112.33328975160421,109.58177250556173,109.66153121423295,15908521,ONGC.NS,ONGC,Energy
2022-11-11,112.01426696777344,112.69217948234987,111.01734395779063,112.13390503065357,18492513,ONGC.NS,ONGC,Energy
2022-11-14,111.0572280883789,112.45292036238007,110.53883296868109,112.13390985325387,12743505,ONGC.NS,ONGC,Energy
2022-11-15,113.52959442138672,114.32713280953986,111.65537434143884,111.65537434143884,24636519,ONGC.NS,ONGC,Energy
2022-11-16,113.9682388305664,114.287261509991,112.61242590905678,113.88849228781342,11460200,ONGC.NS,ONGC,Energy
2022-11-17,114.20751190185547,114.68603987440294,113.01120413995865,113.21058876694144,13368536,ONGC.NS,ONGC,Energy
2022-11-18,113.05106353759766,114.24737108826007,111.8148766346859,114.16761238376137,19958908,ONGC.NS,ONGC,Energy
2022-11-21,113.42790985107422,114.18159135443007,112.548621152798,113.88849086235649,16348881,ONGC.NS,ONGC,Energy
2022-11-22,113.21855926513672,113.80474748820534,111.29250129395847,113.00920541561615,11198874,ONGC.NS,ONGC,Energy
2022-11-23,114.30719757080078,114.43280476464587,112.67424016109251,113.51165552791157,9010911,ONGC.NS,ONGC,Energy
2022-11-24,116.77755737304688,117.23813832921454,113.46976959720406,114.30718487098417,11803087,ONGC.NS,ONGC,Energy
2022-11-25,117.69874572753906,118.32680732397424,115.35397987859194,116.40074920598389,9789098,ONGC.NS,ONGC,Energy
2022-11-28,116.90318298339844,118.24303981946574,116.4426020049607,116.8194363407939,8925344,ONGC.NS,ONGC,Energy
2022-11-29,117.44750213623047,118.15931029065798,116.81944062748057,117.28002162281932,13558920,ONGC.NS,ONGC,Energy
2022-11-30,118.15930938720703,118.7454975686361,116.90318637931162,116.90318637931162,17720938,ONGC.NS,ONGC,Energy
2022-12-01,117.280029296875,118.9129867708862,117.07067544692624,118.45240574540998,27727625,ONGC.NS,ONGC,Energy
2022-12-02,117.99183654785156,121.25776460120707,117.69874879531014,118.78739147976198,24518337,ONGC.NS,ONGC,Energy
2022-12-05,120.37846374511719,120.54594426952141,117.74061034640216,118.49427909519362,18440387,ONGC.NS,ONGC,Energy
2022-12-06,119.28983306884766,119.87602135170773,118.20119038470966,119.624806929015,10977472,ONGC.NS,ONGC,Energy
2022-12-07,117.782470703125,118.70363275277245,117.32190245624619,117.90809067968324,9731670,ONGC.NS,ONGC,Energy
2022-12-08,119.4572982788086,119.75039877159523,117.53125313630645,118.28492186355123,10150945,ONGC.NS,ONGC,Energy
2022-12-09,117.82434844970703,119.70853316727573,117.48938738887298,119.33169877935107,9438307,ONGC.NS,ONGC,Energy
2022-12-12,119.20608520507812,119.3316924016915,116.56821907469495,117.23815393850393,8946335,ONGC.NS,ONGC,Energy
2022-12-13,120.88090515136719,121.13211952209896,119.37355503725861,119.79226269240301,12593054,ONGC.NS,ONGC,Energy
2022-12-14,123.60253143310547,124.43994692309141,120.67157721815462,120.8809310906511,17692988,ONGC.NS,ONGC,Energy
2022-12-15,123.47687530517578,124.64926431480379,122.80694055366587,123.64435579856762,11426194,ONGC.NS,ONGC,Energy
2022-12-16,123.26754760742188,126.03102105661105,123.10006707855032,124.23058300983757,20540447,ONGC.NS,ONGC,Energy
2022-12-19,122.09514617919922,123.56062286878303,121.4252114226581,123.14191524318765,10635055,ONGC.NS,ONGC,Energy
2022-12-20,122.13703918457031,122.43012690296418,119.83414687259342,121.84393868823173,6714207,ONGC.NS,ONGC,Energy
2022-12-21,120.1690902709961,122.93256319518598,119.49915550483752,122.68133606063364,10011408,ONGC.NS,ONGC,Energy
2022-12-22,119.1223373413086,121.55083682267764,118.5361491331793,121.42522962734444,9123323,ONGC.NS,ONGC,Energy
2022-12-23,117.07067108154297,120.16910538965958,116.65196339725844,117.7406059319871,8007752,ONGC.NS,ONGC,Energy
2022-12-26,118.32679748535156,119.6247938989811,116.81944722365097,117.65686261593521,7150680,ONGC.NS,ONGC,Energy
2022-12-27,121.25774383544922,121.76018537288111,118.9967249721456,118.9967249721456,8765357,ONGC.NS,ONGC,Energy
2022-12-28,120.50406646728516,121.1321279939276,119.49917058024614,120.12723210688858,9534858,ONGC.NS,ONGC,Energy
2022-12-29,121.13213348388672,122.26264939425822,119.33169547042327,119.54104932212576,36752195,ONGC.NS,ONGC,Energy
2022-12-30,122.89069366455078,124.56552424260258,121.04838258428245,121.80205123322845,9644998,ONGC.NS,ONGC,Energy
2023-01-02,125.98915100097656,126.28225151757056,123.30942413562178,123.35129746341316,9631496,ONGC.NS,ONGC,Energy
2023-01-03,125.23548126220703,126.11477002737118,123.93748477819761,125.3610884666824,14991139,ONGC.NS,ONGC,Energy
2023-01-04,122.47199249267578,124.64927747038982,121.42522332607172,124.60740414813687,13535874,ONGC.NS,ONGC,Energy
2023-01-05,122.68135070800781,123.1000583896051,120.71341949332276,122.13703583310908,16320559,ONGC.NS,ONGC,Energy
2023-01-06,123.3931655883789,124.02122714493066,122.51387685361743,122.84883790593368,16804116,ONGC.NS,ONGC,Energy
2023-01-09,124.06309509277344,125.77979933866365,123.77000734900173,125.0261305370269,18660445,ONGC.NS,ONGC,Energy
2023-01-10,125.0680160522461,125.86355825992426,124.43995439703484,124.43995439703484,18490715,ONGC.NS,ONGC,Energy
2023-01-11,122.93258666992188,125.61231346832372,122.47200563161563,125.19360575676264,12538238,ONGC.NS,ONGC,Energy
2023-01-12,122.38824462890625,124.14682192245924,122.05328361010748,123.68624093815309,13270422,ONGC.NS,ONGC,Energy
2023-01-13,123.05817413330078,123.51875509772842,122.17888552447405,122.59759316887315,8854484,ONGC.NS,ONGC,Energy
2023-01-16,123.60253143310547,123.77001197551338,122.2626615379494,123.68626531533627,9696320,ONGC.NS,ONGC,Energy
2023-01-17,123.81185150146484,124.7748739408378,122.80694296549309,124.18868581348283,18484595,ONGC.NS,ONGC,Energy
2023-01-18,124.98422241210938,125.40293002488026,124.10493386970207,124.14680718656761,12139643,ONGC.NS,ONGC,Energy
2023-01-19,127.07778930664062,127.37088981325411,123.97935482476956,123.97935482476956,18437610,ONGC.NS,ONGC,Energy
2023-01-20,126.95218658447266,127.70585537386147,126.07289781155531,127.2871476513242,17512691,ONGC.NS,ONGC,Energy
2023-01-23,127.58023071289062,128.20829221076582,126.74281538239038,127.7477112234019,16742252,ONGC.NS,ONGC,Energy
2023-01-24,127.41275024414062,128.2920389852248,126.95218198838026,127.58024354944823,8276792,ONGC.NS,ONGC,Energy
2023-01-25,127.66399383544922,128.45953602614708,126.57535110072997,126.65909776414946,9827342,ONGC.NS,ONGC,Energy
2023-01-27,123.64436340332031,129.087562829966,122.76508756444763,127.66395938166272,13052535,ONGC.NS,ONGC,Energy
2023-01-30,121.34147644042969,124.64927722268024,119.95974625443574,123.5187614138169,12688399,ONGC.NS,ONGC,Energy
2023-01-31,121.34147644042969,123.85372243528698,120.79716158605484,121.55083027333447,19050398,ONGC.NS,ONGC,Energy
2023-02-01,120.79718780517578,122.26266495359214,119.206103440931,122.09518440650531,11526089,ONGC.NS,ONGC,Energy
2023-02-02,120.12724304199219,121.42523953746455,117.78247724016236,119.75040864729263,11886667,ONGC.NS,ONGC,Energy
2023-02-03,120.83904266357422,121.71833137379507,117.32190060063552,120.16910779969429,9250428,ONGC.NS,ONGC,Energy
2023-02-06,120.1690902709961,120.75527839965629,118.57800638206946,118.661740241625,6436143,ONGC.NS,ONGC,Energy
2023-02-07,121.13213348388672,121.38336066151872,119.08046829279125,120.50407192877923,8681511,ONGC.NS,ONGC,Energy
2023-02-08,120.50406646728516,122.17889720499834,119.87600494064272,121.76018952057004,10325869,ONGC.NS,ONGC,Energy
2023-02-09,122.43013000488281,122.59761053077187,119.9178837827117,121.13213356783872,8078404,ONGC.NS,ONGC,Energy
2023-02-10,122.84883880615234,123.100065986203,121.25775462907336,122.38825777238364,6396208,ONGC.NS,ONGC,Energy
2023-02-13,124.06309509277344,124.60742280768518,122.76511135417077,123.4769068272842,6563018,ONGC.NS,ONGC,Energy
2023-02-14,124.3143081665039,124.94236968918204,123.10005844491505,124.48178868362919,6991500,ONGC.NS,ONGC,Energy
2023-02-15,123.51879119873047,125.10987560129804,121.84396013162905,124.77491449905655,12631259,ONGC.NS,ONGC,Energy
2023-02-16,130.55307006835938,131.0136511444666,124.27245387947846,125.61232377761827,30949761,ONGC.NS,ONGC,Energy
2023-02-17,131.13925170898438,132.98156296256008,129.29692767746423,130.2180896932243,19874561,ONGC.NS,ONGC,Energy
2023-02-20,129.67379760742188,132.14417082105382,129.2969504033189,131.641716400881,8348393,ONGC.NS,ONGC,Energy
2023-02-21,129.04571533203125,130.55305279557777,128.50138766757752,129.71563741452096,7599927,ONGC.NS,ONGC,Energy
2023-02-22,128.62698364257812,129.38065223373366,127.03588704866652,129.1712984275302,9599697,ONGC.NS,ONGC,Energy
2023-02-23,129.50628662109375,130.80428304790823,128.33391017116483,128.71074454593162,18675946,ONGC.NS,ONGC,Energy
2023-02-24,133.24574279785156,133.54662552847557,128.7325805417953,130.45188044886436,14648507,ONGC.NS,ONGC,Energy
2023-02-27,133.46066284179688,134.14838546700176,131.52645033684328,132.38610033904487,11904749,ONGC.NS,ONGC,Energy
2023-02-28,130.70982360839844,133.63262922207426,129.97911564636854,132.5150812695905,17607584,ONGC.NS,ONGC,Energy
2023-03-01,133.0738067626953,133.33170435540072,130.53784218839448,130.66678442613895,7707977,ONGC.NS,ONGC,Energy
2023-03-02,132.42910766601562,133.28875781234845,131.22558959081752,132.81594760842134,8219892,ONGC.NS,ONGC,Energy
2023-03-03,132.60104370117188,133.8475338710288,131.91332091590635,132.38613115060272,8260104,ONGC.NS,ONGC,Energy
2023-03-06,135.9966583251953,137.28613361864006,131.999290162405,132.9878826404909,14491522,ONGC.NS,ONGC,Energy
2023-03-08,136.0396270751953,136.55542237734448,134.4492691579182,134.57822454206521,7339476,ONGC.NS,ONGC,Energy
2023-03-09,134.36331176757812,136.81330665515296,134.14839924495476,136.72734951643525,5314022,ONGC.NS,ONGC,Energy
2023-03-10,133.93348693847656,134.70716677428155,132.55804154457948,133.76155954354428,4689681,ONGC.NS,ONGC,Energy
2023-03-13,133.93348693847656,135.8247145171705,133.41769163646032,134.27734172834113,8785721,ONGC.NS,ONGC,Energy
2023-03-14,131.78436279296875,134.8361232676965,131.56945026823044,133.93348804035173,7177342,ONGC.NS,ONGC,Energy
2023-03-15,131.13961791992188,132.77294777013896,130.4948803815911,132.38610787058425,9832270,ONGC.NS,ONGC,Energy
2023-03-16,130.8387451171875,131.87032263361712,127.22821725107396,129.9790950006262,18551936,ONGC.NS,ONGC,Energy
2023-03-17,131.65541076660156,133.15979847814975,130.6238332449839,131.95629355579914,16593429,ONGC.NS,ONGC,Energy
2023-03-20,130.92469787597656,132.5150425087133,130.3229454982595,131.52645025369364,8749355,ONGC.NS,ONGC,Energy
2023-03-21,130.2799530029297,132.17118027612014,129.76415778423353,131.65538505742398,6148489,ONGC.NS,ONGC,Energy
2023-03-22,130.2799530029297,131.35451544419897,129.67820065926236,131.01064759266242,4329409,ONGC.NS,ONGC,Energy
2023-03-23,131.35455322265625,131.65542292241344,129.2054277220147,129.8931505056642,4484564,ONGC.NS,ONGC,Energy
2023-03-24,128.43170166015625,131.69837420493022,127.91591954290838,131.26854921528147,8301726,ONGC.NS,ONGC,Energy
2023-03-27,129.1624298095703,131.05365743957765,128.3027796943652,128.56067735237067,7437261,ONGC.NS,ONGC,Energy
2023-03-28,126.54048919677734,129.16242456513746,126.06767902916826,129.16242456513746,8964539,ONGC.NS,ONGC,Energy
2023-03-29,128.3887481689453,129.67822332383707,125.93874012776311,126.58347770520899,24012834,ONGC.NS,ONGC,Energy
2023-03-31,129.8501434326172,131.52645841644178,128.99049337760778,129.033478503802,7998472,ONGC.NS,ONGC,Energy
2023-04-03,132.08522033691406,135.69576091498396,131.61242331965005,132.81592810086116,20016785,ONGC.NS,ONGC,Energy
2023-04-05,131.44049072265625,135.26594403568905,131.13962106787758,134.75014874575544,15880397,ONGC.NS,ONGC,Energy
2023-04-06,129.46331787109375,131.91331292890888,129.2913773472721,131.6984003913521,10670936,ONGC.NS,ONGC,Energy
2023-04-10,135.093994140625,135.3948768917161,128.9475018016344,129.54925418659838,17431401,ONGC.NS,ONGC,Energy
2023-04-11,136.7273406982422,136.94225320700485,134.44926023502697,135.05102575333723,13305621,ONGC.NS,ONGC,Energy
2023-04-12,135.52381896972656,136.72733685530176,134.62119695206792,136.68435173131368,7333339,ONGC.NS,ONGC,Energy
2023-04-13,136.46945190429688,137.9738395630844,135.82471433624508,135.9536566029677,11610851,ONGC.NS,ONGC,Energy
2023-04-17,137.67295837402344,137.93085602766575,135.8247159044894,136.7703362621047,9358885,ONGC.NS,ONGC,Energy
2023-04-18,137.62997436523438,138.0168142533663,137.02820885345315,137.67294637274583,8008560,ONGC.NS,ONGC,Energy
2023-04-19,137.62997436523438,137.9308440039066,135.86768918905733,136.08260169548822,11374283,ONGC.NS,ONGC,Energy
2023-04-20,136.8133087158203,137.62998680786538,136.2545413954712,137.20016175614464,5733670,ONGC.NS,ONGC,Energy
2023-04-21,137.20018005371094,137.4150926082329,136.42648698709905,136.59841440727237,3512214,ONGC.NS,ONGC,Energy
2023-04-24,137.75889587402344,138.18872082214833,136.94223109602947,137.2001286883477,7028440,ONGC.NS,ONGC,Energy
2023-04-25,138.10276794433594,139.09137331961486,137.54400068842645,137.71592806584334,10169778,ONGC.NS,ONGC,Energy
2023-04-26,138.5325927734375,138.91944576866493,137.32908801580436,137.54400051661156,9177783,ONGC.NS,ONGC,Energy
2023-04-27,137.58700561523438,138.31770035373103,137.20016568106323,137.71594788755144,6456825,ONGC.NS,ONGC,Energy
2023-04-28,136.64137268066406,137.37208046928475,133.116815349694,137.37208046928475,12656744,ONGC.NS,ONGC,Energy
2023-05-02,141.19752502441406,141.6703351897966,136.98524489766623,137.11418716221638,16612560,ONGC.NS,ONGC,Energy
2023-05-03,138.5325927734375,140.42383327431537,138.2747082662433,140.03698027908794,8029435,ONGC.NS,ONGC,Energy
2023-05-04,138.40367126464844,138.57559866762014,136.856298403463,138.23174386167673,9929482,ONGC.NS,ONGC,Energy
2023-05-05,137.80189514160156,139.22031236916834,137.28609990400395,138.4466326299897,5488707,ONGC.NS,ONGC,Energy
2023-05-08,141.84226989746094,142.14315268655562,137.54401929450756,137.80191695412876,9699470,ONGC.NS,ONGC,Energy
2023-05-09,142.05718994140625,143.13175264898118,141.32648205336707,141.84227739989126,7600834,ONGC.NS,ONGC,Energy
2023-05-10,143.51858520507812,144.12033766686903,141.84227009108204,142.05718262152308,10901429,ONGC.NS,ONGC,Energy
2023-05-11,143.6045684814453,144.98000093061464,142.78790341518524,142.78790341518524,7877677,ONGC.NS,ONGC,Energy
2023-05-12,142.2720947265625,145.28087014374057,141.84226966696565,144.55016229553794,16373574,ONGC.NS,ONGC,Energy
2023-05-15,142.3580322265625,143.21768214793735,141.32644182713923,142.2720619875383,8559162,ONGC.NS,ONGC,Energy
2023-05-16,144.42123413085938,144.85105923243933,143.34667137690954,144.67913181525157,12249266,ONGC.NS,ONGC,Energy
2023-05-17,143.77647399902344,144.42121155058857,142.78788166684453,144.42121155058857,7360259,ONGC.NS,ONGC,Energy
2023-05-18,143.00279235839844,144.80804960940267,142.70190959128828,143.99138467795655,7433090,ONGC.NS,ONGC,Energy
2023-05-19,141.75631713867188,143.3466753049861,140.98263718151557,142.8738650568477,5969632,ONGC.NS,ONGC,Energy
2023-05-22,142.3580322265625,143.04574166988894,141.06855734450022,141.06855734450022,7331865,ONGC.NS,ONGC,Energy
2023-05-23,141.84226989746094,143.6045552681158,141.3694597076921,142.3580652167033,10119254,ONGC.NS,ONGC,Energy
2023-05-24,142.9168243408203,143.08875173162107,141.5413789799759,141.8422617517916,6107980,ONGC.NS,ONGC,Energy
2023-05-25,142.701904296875,143.90540908622634,142.0571667774614,142.9168168033462,8077606,ONGC.NS,ONGC,Energy
2023-05-26,140.76771545410156,143.90543333031238,139.52122533001318,142.74491347018346,14873707,ONGC.NS,ONGC,Energy
2023-05-29,136.68435668945312,137.75891924204316,134.53523158427305,137.54400673152514,43253971,ONGC.NS,ONGC,Energy
2023-05-30,136.55540466308594,139.00539923742744,135.17995944726013,137.28609927625402,16117505,ONGC.NS,ONGC,Energy
2023-05-31,133.1597900390625,137.02821533787963,128.99049508733543,136.68436055820573,83741017,ONGC.NS,ONGC,Energy
2023-06-01,132.08522033691406,134.10540313096658,131.6983804513261,132.98785548143155,13982606,ONGC.NS,ONGC,Energy
2023-06-02,132.9878692626953,133.2457669188855,131.87032149735106,133.2457669188855,9851058,ONGC.NS,ONGC,Energy
2023-06-05,133.58963012695312,134.10542547180984,132.77296509528043,133.67560039016942,11850547,ONGC.NS,ONGC,Energy
2023-06-06,132.08522033691406,134.01943288207224,131.6983804513261,133.67557812093145,8118800,ONGC.NS,ONGC,Energy
2023-06-07,132.25717163085938,132.81593894262994,131.13962389009887,132.04225910829848,12180164,ONGC.NS,ONGC,Energy
2023-06-08,134.19139099121094,134.66418807052509,132.55804786838556,132.81594553169694,13850599,ONGC.NS,ONGC,Energy
2023-06-09,132.60104370117188,134.87911149031655,132.2142037335916,134.70718407330543,11764248,ONGC.NS,ONGC,Energy
2023-06-12,133.2887420654297,133.46066945094046,131.18260207918064,133.11681467991892,11017643,ONGC.NS,ONGC,Energy
2023-06-13,133.8045196533203,134.27732978524526,132.60101487861886,133.41767976982473,10073644,ONGC.NS,ONGC,Energy
2023-06-14,135.69577026367188,136.168567313509,133.976470105081,134.19138262490486,9695952,ONGC.NS,ONGC,Energy
2023-06-15,135.52381896972656,135.73873147244876,134.2773290773815,135.39487671498054,7426254,ONGC.NS,ONGC,Energy
2023-06-16,134.96505737304688,136.3834747036468,134.40629008940903,136.03961993174948,11466647,ONGC.NS,ONGC,Energy
2023-06-19,135.6527862548828,136.21155356414485,134.53523851913937,135.73874339318962,4718221,ONGC.NS,ONGC,Energy
2023-06-20,135.17996215820312,135.65277228045125,134.57820978316823,135.43785978099464,6059738,ONGC.NS,ONGC,Energy
2023-06-21,137.71592712402344,138.0168098703589,134.62119500002913,134.9650497525114,8284206,ONGC.NS,ONGC,Energy
2023-06-22,136.64137268066406,138.36067277885982,135.3948827329159,137.7159352420364,10629027,ONGC.NS,ONGC,Energy
2023-06-23,134.87908935546875,136.68435973087736,133.589614263668,136.68435973087736,8722650,ONGC.NS,ONGC,Energy
2023-06-26,134.87908935546875,136.039622184977,133.97646728498339,134.96505960847637,4273205,ONGC.NS,ONGC,Energy
2023-06-27,135.69577026367188,136.55542034296732,135.26594522402416,136.55542034296732,9730174,ONGC.NS,ONGC,Energy
2023-06-28,136.2975311279297,137.67296346956346,134.57823086297245,135.69577865863866,40243993,ONGC.NS,ONGC,Energy
2023-06-30,137.80189514160156,138.40364750732027,136.6413624156158,138.40364750732027,7840112,ONGC.NS,ONGC,Energy
2023-07-03,140.03700256347656,140.337885359374,137.54402240428692,137.801920069739,9548822,ONGC.NS,ONGC,Energy
2023-07-04,138.57559204101562,140.03699457222174,137.54401455529478,139.69313978272126,5394282,ONGC.NS,ONGC,Energy
2023-07-05,139.95103454589844,141.32646679274094,138.70454456315332,139.2633118638676,8795342,ONGC.NS,ONGC,Energy
2023-07-06,142.18609619140625,142.52996404103112,139.73610170926295,139.95101419632206,9845699,ONGC.NS,ONGC,Energy
2023-07-07,140.55279541015625,142.70192072223816,139.9510429462173,142.27209565982176,7597171,ONGC.NS,ONGC,Energy
2023-07-10,139.90805053710938,142.18611800250028,139.6931380170831,140.89664288234258,5437687,ONGC.NS,ONGC,Energy
2023-07-11,141.49839782714844,141.9282228349864,140.03698230672472,140.3378650590986,6343183,ONGC.NS,ONGC,Energy
2023-07-12,144.12030029296875,145.28083290328394,142.05714578264894,142.65889808839086,15614026,ONGC.NS,ONGC,Energy
2023-07-13,144.24928283691406,145.53875792821444,143.73348755350634,144.97997751831957,11350009,ONGC.NS,ONGC,Energy
2023-07-14,145.4957733154297,145.92559834738074,144.5931381248887,145.28086079945416,9448062,ONGC.NS,ONGC,Energy
2023-07-17,143.0457763671875,144.76507662697205,142.83086383471442,144.24929441936868,4968847,ONGC.NS,ONGC,Energy
2023-07-18,143.47560119628906,144.55016385688805,142.74490645741372,143.04577613204947,4322257,ONGC.NS,ONGC,Energy
2023-07-19,143.34664916992188,144.3782266304595,142.78788187131957,143.7334890779711,5968174,ONGC.NS,ONGC,Energy
2023-07-20,143.73350524902344,144.507198269387,142.7019276724259,143.56157783912727,5217131,ONGC.NS,ONGC,Energy
2023-07-21,146.61331176757812,147.00015164847258,143.13172660509173,143.86243436017315,7842863,ONGC.NS,ONGC,Energy
2023-07-24,147.00015258789062,148.07471510680796,146.35541507654023,147.55891985084034,8451631,ONGC.NS,ONGC,Energy
2023-07-25,148.71945190429688,149.02033465503678,147.25804950902776,147.8598018932894,10480578,ONGC.NS,ONGC,Energy
2023-07-26,148.67648315429688,149.83701604385573,147.85981817734267,149.45017611974265,9103949,ONGC.NS,ONGC,Energy
2023-07-27,147.00015258789062,149.27821988110807,146.7422549599068,149.10629250152493,7731146,ONGC.NS,ONGC,Energy
2023-07-28,147.68789672851562,150.39578942360063,145.19490345128767,146.74227632728775,9004252,ONGC.NS,ONGC,Energy
2023-07-31,152.20103454589844,152.58787442098694,147.34400419399822,148.54752205976214,9277749,ONGC.NS,ONGC,Energy
2023-08-01,151.900146484375,152.1580440978148,149.83699181129163,150.69664177794596,5584773,ONGC.NS,ONGC,Energy
2023-08-02,151.25543212890625,153.5764847702043,149.57911706114763,152.15806735530535,8975495,ONGC.NS,ONGC,Energy
2023-08-03,147.94578552246094,151.12648822742858,147.4299902223173,150.65367805516678,6152393,ONGC.NS,ONGC,Energy
2023-08-04,149.0203399658203,149.96594714129716,147.9457774137657,149.0203399658203,4605271,ONGC.NS,ONGC,Energy
2023-08-07,148.67648315429688,150.00894344154824,147.94578843479874,149.83701604385573,2240015,ONGC.NS,ONGC,Energy
2023-08-08,149.0203399658203,149.40717986111625,148.37560243458753,148.63348695330572,3631238,ONGC.NS,ONGC,Energy
2023-08-09,152.07208251953125,152.37296527189196,148.97735033356426,149.02033545778983,4852294,ONGC.NS,ONGC,Energy
2023-08-10,153.57647705078125,154.5220973579959,152.07208945480633,153.10368001439278,10430692,ONGC.NS,ONGC,Energy
2023-08-11,152.32998657226562,154.47911170200192,151.90016154631837,153.79138903704253,4112277,ONGC.NS,ONGC,Energy
2023-08-14,153.01773071289062,155.1238710121801,152.4589633476251,154.7370310579793,12876956,ONGC.NS,ONGC,Energy
2023-08-16,153.92034912109375,154.26420390547702,151.12648636701746,151.55631140610612,8371665,ONGC.NS,ONGC,Energy
2023-08-17,152.80279541015625,153.96332821712087,152.24402812811772,153.61946032898902,5199363,ONGC.NS,ONGC,Energy
2023-08-18,151.1217498779297,153.1476182320069,150.1303557370565,153.1476182320069,6734650,ONGC.NS,ONGC,Energy
2023-08-21,151.768310546875,151.98382930279098,150.25967925546317,151.12175427912706,3599820,ONGC.NS,ONGC,Energy
2023-08-22,151.85452270507812,153.36315412115442,151.38039192626033,151.76832308812126,5348036,ONGC.NS,ONGC,Energy
2023-08-23,151.294189453125,152.75971458336483,150.86315187633548,152.5873021834936,6379611,ONGC.NS,ONGC,Energy
2023-08-24,149.22518920898438,152.32865134655168,148.9665640756319,151.29416396736258,7976333,ONGC.NS,ONGC,Energy
2023-08-25,150.6044921875,151.07863604416016,149.00966141137746,149.22518015038483,4757915,ONGC.NS,ONGC,Energy
2023-08-28,151.03555297851562,151.5528032936611,150.47520943229296,150.94935336213933,4354221,ONGC.NS,ONGC,Energy
2023-08-29,151.46658325195312,151.81142116357026,150.82002696617,151.38038363971484,4596468,ONGC.NS,ONGC,Energy
2023-08-30,151.50967407226562,152.50105501361097,150.86311785289607,151.46656769346367,5937955,ONGC.NS,ONGC,Energy
2023-08-31,150.13035583496094,151.72519984502011,149.1820812284619,151.55278747604032,15823452,ONGC.NS,ONGC,Energy
2023-09-01,156.68212890625,159.26835386756363,150.3458724893435,150.3458724893435,22460960,ONGC.NS,ONGC,Energy
2023-09-04,157.71661376953125,159.00972622976934,156.72523281170342,158.49248913820622,10998180,ONGC.NS,ONGC,Energy
2023-09-05,157.84593200683594,160.3459441540006,157.24246900546092,158.19075673257584,13506519,ONGC.NS,ONGC,Energy
2023-09-06,157.8028564453125,160.99253182109746,157.1994064803082,159.39768755609364,11954407,ONGC.NS,ONGC,Energy
2023-09-07,156.68212890625,159.65628498091658,156.0355726659216,159.48387261433976,11137801,ONGC.NS,ONGC,Energy
2023-09-08,159.00975036621094,159.44078791838513,156.89766899140187,157.32870654357606,9737214,ONGC.NS,ONGC,Energy
2023-09-11,158.1045379638672,160.3028316809988,157.15626342701992,159.87179421309926,10845871,ONGC.NS,ONGC,Energy
2023-09-12,155.94935607910156,159.39765594291117,155.3459062337789,159.3545627179896,15524470,ONGC.NS,ONGC,Energy
2023-09-13,158.53561401367188,159.22527676099435,155.9493885768797,156.81146372247707,10578786,ONGC.NS,ONGC,Energy
2023-09-14,161.98388671875,162.84596171598488,158.79421185982497,159.26835573914826,17746404,ONGC.NS,ONGC,Energy
2023-09-15,160.9062957763672,165.25977721911696,160.00112753687233,165.25977721911696,19924829,ONGC.NS,ONGC,Energy
2023-09-18,160.9925079345703,161.63906419133565,159.57008943137484,160.17353930684502,5022956,ONGC.NS,ONGC,Energy
2023-09-20,162.2425079345703,163.36320803478228,160.51835798169662,160.73387672580583,12687099,ONGC.NS,ONGC,Energy
2023-09-21,160.9494171142578,162.45804852590177,160.3890735659074,162.414942140439,7814108,ONGC.NS,ONGC,Energy
2023-09-22,159.57009887695312,161.81148614055036,159.48388610925952,160.86321146702818,7814821,ONGC.NS,ONGC,Energy
2023-09-25,159.9149169921875,160.9494043904033,159.69939823613333,160.3459545042958,5540062,ONGC.NS,ONGC,Energy
2023-09-26,161.8545684814453,162.19939319255417,159.699381151466,160.3459373504598,12446655,ONGC.NS,ONGC,Energy
2023-09-27,161.42355346679688,163.19080995401995,160.60458479834364,163.19080995401995,5630907,ONGC.NS,ONGC,Energy
2023-09-28,161.595947265625,163.36320354964454,160.77697869133883,162.84595331629546,14890642,ONGC.NS,ONGC,Energy
2023-09-29,165.3891143798828,165.73393916066084,162.19942596368608,162.50115751253352,10085766,ONGC.NS,ONGC,Energy
2023-10-03,159.13905334472656,163.19080329237795,158.32007155548376,163.19080329237795,22118500,ONGC.NS,ONGC,Energy
2023-10-04,157.54421997070312,159.13906412128813,156.9838764335904,159.00974496749322,9360058,ONGC.NS,ONGC,Energy
2023-10-05,157.07008361816406,158.62182145893289,156.035596109059,156.25111488821514,11128340,ONGC.NS,ONGC,Energy
2023-10-06,156.4235076904297,158.1907640890259,155.69075182560152,158.1907640890259,5759904,ONGC.NS,ONGC,Energy
2023-10-09,156.63902282714844,159.2252477934334,156.25109171304976,157.67351018281835,14622727,ONGC.NS,ONGC,Energy
2023-10-10,158.19076538085938,159.05284039655888,156.94075923893925,157.15627799286415,11819690,ONGC.NS,ONGC,Energy
2023-10-11,157.97523498535156,159.22524103515568,157.544197509266,158.96661591866038,8499601,ONGC.NS,ONGC,Energy
2023-10-12,159.00975036621094,159.35458830048358,157.75974409575025,157.9321564857755,8677885,ONGC.NS,ONGC,Energy
2023-10-13,159.39767456054688,160.56148116220317,158.66491864643353,159.05284979557842,7435899,ONGC.NS,ONGC,Energy
2023-10-16,160.82009887695312,162.2425174094544,160.56147373807445,162.02699865275898,12376549,ONGC.NS,ONGC,Energy
2023-10-17,160.5614776611328,161.2511403302531,159.95802775848557,161.2080339470166,4381065,ONGC.NS,ONGC,Energy
2023-10-18,161.16493225097656,162.1132200928739,160.38906994704,162.0701137083837,10181113,ONGC.NS,ONGC,Energy
2023-10-19,160.60458374023438,160.90630211387597,159.52698993246872,160.34595859552635,9148124,ONGC.NS,ONGC,Energy
2023-10-20,160.51837158203125,161.466659398146,159.61319014923467,161.20803425245822,7912216,ONGC.NS,ONGC,Energy
2023-10-23,159.3545684814453,160.30284308575764,158.79421184077754,160.30284308575764,4723090,ONGC.NS,ONGC,Energy
2023-10-25,158.9235382080078,160.21665076249374,157.75973164728202,159.3545757261698,6812004,ONGC.NS,ONGC,Energy
2023-10-26,155.94935607910156,158.75109971844688,155.08728111314917,158.19075625226583,8474867,ONGC.NS,ONGC,Energy
2023-10-27,159.2683563232422,160.17353770450256,155.43212520232214,156.03557507175555,6422123,ONGC.NS,ONGC,Energy
2023-10-30,162.759765625,163.10459036965523,159.13905318923688,159.4838779338921,7352638,ONGC.NS,ONGC,Energy
2023-10-31,160.4752655029297,163.62184733202363,158.7942217841043,163.1045970396675,9404675,ONGC.NS,ONGC,Energy
2023-11-01,160.9494171142578,162.75978006991937,159.52699847353944,160.47527318261103,9167869,ONGC.NS,ONGC,Energy
2023-11-02,160.51837158203125,161.76837777293065,160.13044044061024,161.20803425245822,11471209,ONGC.NS,ONGC,Energy
2023-11-03,163.7942657470703,164.35460928925312,160.17355302982156,160.90630895773586,7464912,ONGC.NS,ONGC,Energy
2023-11-06,166.63909912109375,167.4149613547042,163.4063178906828,163.96666137559916,8962124,ONGC.NS,ONGC,Energy
2023-11-07,166.55288696289062,170.69084958364118,165.82013110721036,166.72529933162593,13921916,ONGC.NS,ONGC,Energy
2023-11-08,168.40634155273438,169.44082883000033,165.77701040544466,166.9839100365517,10186886,ONGC.NS,ONGC,Energy
2023-11-09,166.12185668945312,169.5701568310265,165.69081917175646,169.39774445479208,5303833,ONGC.NS,ONGC,Energy
2023-11-10,168.8804931640625,169.39774344390023,166.12185569811038,166.12185569811038,6025889,ONGC.NS,ONGC,Energy
2023-11-13,168.79429626464844,170.08740883079096,167.32877132053116,168.88049587652517,11181086,ONGC.NS,ONGC,Energy
2023-11-15,171.98397827148438,175.0012410481771,170.3891341135438,171.12190319242933,19769385,ONGC.NS,ONGC,Energy
2023-11-16,173.9667510986328,175.34606331288114,173.27708841439787,174.5702010145053,18629240,ONGC.NS,ONGC,Energy
2023-11-17,169.26844787597656,173.49261052266579,168.57878517845825,173.14778575101755,13199928,ONGC.NS,ONGC,Energy
2023-11-20,170.56153869628906,171.1218821671382,169.82876970743692,170.6908446805711,6423265,ONGC.NS,ONGC,Energy
2023-11-21,169.762451171875,172.20411826483542,169.58487809288755,171.36063597867695,10720353,ONGC.NS,ONGC,Energy
2023-11-22,169.5848846435547,170.33958719335055,168.47503592206544,169.76245772940135,7538825,ONGC.NS,ONGC,Energy
2023-11-23,169.27410888671875,170.25078110756164,168.3418468689543,169.58487192461158,6541617,ONGC.NS,ONGC,Energy
2023-11-24,167.67593383789062,170.33957050856114,167.05440777636883,169.45169161833763,5751331,ONGC.NS,ONGC,Energy
2023-11-28,172.2041015625,172.648040990889,167.27637119779092,167.67592752170597,9277764,ONGC.NS,ONGC,Energy
2023-11-29,170.47274780273438,173.58032393455505,170.20638142470125,173.58032393455505,8791333,ONGC.NS,ONGC,Energy
2023-11-30,173.09197998046875,173.7134924690465,170.5171367215226,171.04985590546517,14965403,ONGC.NS,ONGC,Energy
2023-12-01,172.73684692382812,176.02199622447918,172.47048053773054,173.3583594594177,9935740,ONGC.NS,ONGC,Energy
2023-12-04,179.39593505859375,182.8142607063287,174.06866164065752,174.46820443741134,28615290,ONGC.NS,ONGC,Energy
2023-12-05,179.39593505859375,181.0828995550908,176.82107811115043,179.5291114748594,14557746,ONGC.NS,ONGC,Energy
2023-12-06,179.30712890625,180.90531352675237,176.7766823427475,180.90531352675237,12662213,ONGC.NS,ONGC,Energy
2023-12-07,176.59910583496094,178.3748636152942,174.06865912676005,178.3748636152942,16425880,ONGC.NS,ONGC,Energy
2023-12-08,173.97987365722656,177.84215242264912,172.3373057651864,177.44260961366408,10414387,ONGC.NS,ONGC,Energy
2023-12-11,175.62246704101562,178.33050067179454,172.47049391496012,174.95655779810073,10108266,ONGC.NS,ONGC,Energy
2023-12-12,173.4915313720703,175.62244885754353,172.73684243701348,174.86774637452987,10719911,ONGC.NS,ONGC,Energy
2023-12-13,171.49380493164062,173.49153246614412,170.51714626576862,173.49153246614412,10892122,ONGC.NS,ONGC,Energy
2023-12-14,173.97987365722656,174.290636701969,171.58260325535892,173.9354770011266,15257294,ONGC.NS,ONGC,Energy
2023-12-15,178.50804138183594,179.30712690920933,174.77895300750058,175.1340991201208,22863981,ONGC.NS,ONGC,Energy
2023-12-18,176.68792724609375,179.04080126008682,175.22293226348808,178.5080819700297,8061011,ONGC.NS,ONGC,Energy
2023-12-19,177.84214782714844,180.72775427563602,176.9542689199215,179.35153925984287,16739742,ONGC.NS,ONGC,Energy
2023-12-20,180.4169921875,188.2303293217686,178.41926463573594,179.12957047484346,57762576,ONGC.NS,ONGC,Energy
2023-12-21,179.9286651611328,183.5689743028883,178.64124338347315,181.08291051446682,22823936,ONGC.NS,ONGC,Energy
2023-12-22,181.08290100097656,181.5712371111113,179.17396676348997,181.1272976560719,9910694,ONGC.NS,ONGC,Energy
2023-12-26,184.10169982910156,185.12275516984832,180.8165369805275,181.5712394831366,17052969,ONGC.NS,ONGC,Energy
2023-12-27,182.50350952148438,186.3657745847888,181.5712339724258,186.01062844607924,20361303,ONGC.NS,ONGC,Energy
2023-12-28,184.94517517089844,185.47789437518628,182.32593515960232,183.34699046212154,22010872,ONGC.NS,ONGC,Energy
2023-12-29,182.0595703125,184.67881034579372,181.34926448619407,184.67881034579372,12171663,ONGC.NS,ONGC,Energy
2024-01-01,182.325927734375,183.8797157258607,181.793195003826,182.90304356917295,4820168,ONGC.NS,ONGC,Energy
2024-01-02,183.8353271484375,187.12047633657002,180.8165307893226,182.3259357428584,21141219,ONGC.NS,ONGC,Energy
2024-01-03,184.90078735351562,186.85411829183644,181.57124136275604,182.45912029362526,11650902,ONGC.NS,ONGC,Energy
2024-01-04,190.5831756591797,191.24908474750382,185.83303229124073,186.89848412296828,31054419,ONGC.NS,ONGC,Energy
2024-01-05,192.18136596679688,193.11364142810987,189.1625834280224,191.29348715563316,20743811,ONGC.NS,ONGC,Energy
2024-01-08,193.51321411132812,196.04367453367527,192.75852513389583,193.55761076834358,19310595,ONGC.NS,ONGC,Energy
2024-01-09,192.3589630126953,196.62078454745645,191.7374504769495,196.22124174218823,11951525,ONGC.NS,ONGC,Energy
2024-01-10,188.31910705566406,190.8939502680036,186.18818971459652,190.8939502680036,16500666,ONGC.NS,ONGC,Energy
2024-01-11,188.09716796875,190.00610236302708,187.2092889857452,190.00610236302708,12586419,ONGC.NS,ONGC,Energy
2024-01-12,198.3521270751953,199.5507689261924,188.54107674944692,189.8284983555086,39228118,ONGC.NS,ONGC,Energy
2024-01-15,207.31971740722656,209.05107850467635,199.4619839407037,202.88032303019816,57884916,ONGC.NS,ONGC,Energy
2024-01-16,208.74032592773438,212.1586514185179,205.18881047884364,208.6071359696272,34505065,ONGC.NS,ONGC,Energy
2024-01-17,206.0323028564453,210.649270458268,204.83366091410696,206.1654792731687,26010955,ONGC.NS,ONGC,Energy
2024-01-18,207.3641357421875,208.2076180524245,199.46200479607128,204.25655935334532,19232183,ONGC.NS,ONGC,Energy
2024-01-19,214.9110870361328,215.35502647907134,208.65153818110824,209.5394170669853,26391844,ONGC.NS,ONGC,Energy
2024-01-23,204.12335205078125,218.10744461342557,202.43638757351795,217.53032875224517,20282617,ONGC.NS,ONGC,Energy
2024-01-24,208.0744171142578,208.65153295644419,202.52517421648005,205.1000175018664,14458601,ONGC.NS,ONGC,Energy
2024-01-25,207.80804443359375,210.87122371053454,206.69819588774882,208.6515266188447,18291957,ONGC.NS,ONGC,Energy
2024-01-29,224.18943786621094,226.364738613143,212.29186519665257,213.97882980497755,54127939,ONGC.NS,ONGC,Energy
2024-01-30,221.25942993164062,233.77851490174803,220.7710938032984,227.74094892646886,51491099,ONGC.NS,ONGC,Energy
2024-01-31,223.96746826171875,225.83201950191122,218.68459114511714,222.36928341983344,33293192,ONGC.NS,ONGC,Energy
2024-02-01,219.88319396972656,226.09834598152693,217.92986318989483,226.09834598152693,29758133,ONGC.NS,ONGC,Energy
2024-02-02,228.40684509277344,230.84851204711794,221.0818442297399,221.9697231222288,30482663,ONGC.NS,ONGC,Energy
2024-02-05,233.4677734375,237.99593426411735,226.49791847884876,230.89290288631523,34001868,ONGC.NS,ONGC,Energy
2024-02-06,241.7694091796875,242.74608137088578,231.02609636424606,235.5986671958639,36708949,ONGC.NS,ONGC,Energy
2024-02-07,241.41424560546875,244.74379117862964,237.5519673214199,244.16667536513066,23756939,ONGC.NS,ONGC,Energy
2024-02-08,242.5241241455078,244.7438214689994,238.9282253198173,242.43533083338525,25252940,ONGC.NS,ONGC,Energy
2024-02-09,237.55198669433594,244.74381113805566,230.09380942140615,244.16669527749153,26743792,ONGC.NS,ONGC,Energy
2024-02-12,228.98394775390625,236.70850451164236,228.0072756092861,232.57987331874693,30906374,ONGC.NS,ONGC,Energy
2024-02-13,230.40457153320312,232.97941489030674,226.14275015941382,229.07275320064124,20711842,ONGC.NS,ONGC,Energy
2024-02-14,238.7062530517578,239.41654534936404,227.29700351102542,229.07276135095532,36168962,ONGC.NS,ONGC,Energy
2024-02-15,246.2088165283203,248.4729240580835,238.8394322453609,241.1923059914204,32831246,ONGC.NS,ONGC,Energy
2024-02-16,247.47006225585938,250.4429350198914,243.5512554360072,247.8754390005063,27044984,ONGC.NS,ONGC,Energy
2024-02-19,247.42498779296875,251.38882708049883,245.3980217092047,247.47004797921127,15322964,ONGC.NS,ONGC,Energy
2024-02-20,249.18167114257812,253.2806354842708,246.88442671002218,247.56008198562978,18968785,ONGC.NS,ONGC,Energy
2024-02-21,245.89353942871094,253.2356561383775,244.67735417794043,248.6411937979608,16340579,ONGC.NS,ONGC,Energy
2024-02-22,247.47006225585938,248.64118728593536,241.88463328360015,246.70431397043032,16791453,ONGC.NS,ONGC,Energy
2024-02-23,245.21786499023438,248.64117451188133,244.2268982889722,247.65020781061915,9464646,ONGC.NS,ONGC,Energy
2024-02-26,243.10079956054688,244.94757984695863,241.25399178164864,244.94757984695863,8661999,ONGC.NS,ONGC,Energy
2024-02-27,242.65036010742188,243.41610832512305,238.6865209418045,241.47920768844173,19582774,ONGC.NS,ONGC,Energy
2024-02-28,239.40721130371094,243.50617607880247,238.37121193673593,243.2359249369782,9118196,ONGC.NS,ONGC,Energy
2024-02-29,238.3712158203125,239.94774498910758,235.578501508521,238.73155984611114,17179832,ONGC.NS,ONGC,Energy
2024-03-01,243.7313995361328,245.89351868510118,240.08287158410093,240.08287158410093,12930057,ONGC.NS,ONGC,Energy
2024-03-04,251.52398681640625,252.74014450492393,245.48812109881638,245.71333955854007,22280353,ONGC.NS,ONGC,Energy
2024-03-05,255.62294006347656,256.7039996175678,249.22673060215746,252.24466332254954,18544484,ONGC.NS,ONGC,Energy
2024-03-06,252.46986389160156,256.1183915164132,246.43399887828758,256.1183915164132,16807149,ONGC.NS,ONGC,Energy
2024-03-07,250.53297424316406,256.16343470578244,249.76722612175143,252.46984714380827,11386963,ONGC.NS,ONGC,Energy
2024-03-11,246.8394317626953,252.69511171327022,246.11874368885043,250.5330199992478,10684598,ONGC.NS,ONGC,Energy
2024-03-12,243.5962677001953,248.28082241254933,242.38008258328742,246.8394188477876,13780189,ONGC.NS,ONGC,Energy
2024-03-13,230.0381317138672,244.13680127027698,227.69585432126385,243.9566155121972,20079496,ONGC.NS,ONGC,Energy
2024-03-14,237.15504455566406,238.146011303967,226.29951175173048,227.47065052347645,21404057,ONGC.NS,ONGC,Energy
2024-03-15,233.10108947753906,239.99276836359522,224.22747728781962,237.78564410847812,34961065,ONGC.NS,ONGC,Energy
2024-03-18,235.66859436035156,236.97484489027872,232.02003893179173,233.28128426066885,9246173,ONGC.NS,ONGC,Energy
2024-03-19,233.55154418945312,237.78566225564958,231.20926669522717,236.02894726185812,8758348,ONGC.NS,ONGC,Energy
2024-03-20,237.69554138183594,238.3711966856544,231.70473651980907,233.7317024312645,10484778,ONGC.NS,ONGC,Energy
2024-03-21,236.88479614257812,240.48829163823257,236.3442663197322,238.46132542192694,12163200,ONGC.NS,ONGC,Energy
2024-03-22,237.15504455566406,238.95679228258268,232.83086100805477,236.88479339362166,13025089,ONGC.NS,ONGC,Energy
2024-03-26,239.18199157714844,241.34408317765363,233.59656307439752,235.7136219823347,10830926,ONGC.NS,ONGC,Energy
2024-03-27,235.80372619628906,241.61437342620127,233.91188564521386,238.73156615861166,28563001,ONGC.NS,ONGC,Energy
2024-03-28,241.47923278808594,244.1368217338448,235.98392410836334,236.43436104883168,18888942,ONGC.NS,ONGC,Energy
2024-04-01,243.1458282470703,244.5872317966713,241.25398780649942,241.47920625198438,6440401,ONGC.NS,ONGC,Energy
2024-04-02,245.48812866210938,246.88447215842135,242.74047436582248,243.32603688064722,14439120,ONGC.NS,ONGC,Energy
2024-04-03,248.05564880371094,251.343833238258,246.70433787232244,247.78537012193846,22600929,ONGC.NS,ONGC,Energy
2024-04-04,242.3350830078125,251.0285107845018,239.0468987182863,251.0285107845018,24624383,ONGC.NS,ONGC,Energy
2024-04-05,241.38917541503906,244.94761086748787,240.08289724727925,241.2990825254539,13029904,ONGC.NS,ONGC,Energy
2024-04-08,243.5962677001953,245.03767126495703,240.17295828981176,241.0287718961645,13011300,ONGC.NS,ONGC,Energy
2024-04-09,242.29000854492188,245.6232249586232,241.43416747664858,243.23591499513103,13173933,ONGC.NS,ONGC,Energy
2024-04-10,245.0376739501953,246.11873350873492,242.47017811802866,243.19089365455062,11137195,ONGC.NS,ONGC,Energy
2024-04-12,239.36219787597656,245.48812918525533,238.73157517098227,244.94759936561576,21894584,ONGC.NS,ONGC,Energy
2024-04-15,252.1095428466797,254.90225717411892,240.62340169538678,242.42514932696213,75063828,ONGC.NS,ONGC,Energy
2024-04-16,255.08241271972656,263.55062099926664,247.96551514944775,249.5420443102526,79082544,ONGC.NS,ONGC,Energy
2024-04-18,246.97454833984375,259.18140490285185,246.25386029226186,257.64990843613185,34136482,ONGC.NS,ONGC,Energy
2024-04-19,247.9655303955078,252.96536933019297,246.92953095320684,249.31684118785392,32658724,ONGC.NS,ONGC,Energy
2024-04-22,249.36187744140625,250.4429370877012,246.6142231214324,249.81231437861433,14184019,ONGC.NS,ONGC,Energy
2024-04-23,249.36187744140625,251.11859249351335,248.235785098386,249.40693763062035,8799147,ONGC.NS,ONGC,Energy
2024-04-24,251.6591339111328,252.6050405258542,248.91145197207857,250.08260455827042,9253985,ONGC.NS,ONGC,Energy
2024-04-25,254.0013885498047,254.58695104353743,250.44292590771795,251.65911108238606,17050557,ONGC.NS,ONGC,Energy
2024-04-26,254.85719299316406,257.7850328485826,254.22659782748897,254.94728587182811,11070290,ONGC.NS,ONGC,Energy
2024-04-29,255.1274871826172,256.97426759162653,254.18155313770717,255.80314257505793,8952420,ONGC.NS,ONGC,Energy
2024-04-30,254.81214904785156,257.9652072144513,253.55093127970875,256.2985852564658,10658906,ONGC.NS,ONGC,Energy
2024-05-02,254.76710510253906,256.38869447278086,251.38882828014425,253.14554322478443,15677336,ONGC.NS,ONGC,Energy
2024-05-03,257.7400207519531,263.9110122850058,255.84818011877428,255.84818011877428,28913016,ONGC.NS,ONGC,Energy
2024-05-06,254.1815185546875,260.12729069770336,247.9654952884601,260.0822580079963,15491865,ONGC.NS,ONGC,Energy
2024-05-07,246.4790802001953,256.749036147602,245.03767660402718,255.758069456956,13179001,ONGC.NS,ONGC,Energy
2024-05-08,249.40695190429688,252.46991775410913,245.35301923741557,246.38901875378716,12797721,ONGC.NS,ONGC,Energy
2024-05-09,238.956787109375,250.93839823699693,237.11000672626002,249.7672732368491,14869187,ONGC.NS,ONGC,Energy
2024-05-10,243.46115112304688,244.31699225349934,238.2360939368275,240.53331119279747,9530738,ONGC.NS,ONGC,Energy
2024-05-13,240.4432373046875,244.94760678395286,236.07399341130218,244.94760678395286,7163239,ONGC.NS,ONGC,Energy
2024-05-14,245.84848022460938,247.42500953943326,240.0378601026093,241.38917094388694,9123849,ONGC.NS,ONGC,Energy
2024-05-15,246.34396362304688,248.64118092810486,245.4881224743064,247.28987016219125,6368662,ONGC.NS,ONGC,Energy
2024-05-16,250.12762451171875,251.6591210877431,246.6592546136556,248.64118812468845,23757779,ONGC.NS,ONGC,Energy
2024-05-17,249.94747924804688,255.30766255826103,249.18173092016195,251.16363704190454,11529157,ONGC.NS,ONGC,Energy
2024-05-21,252.33474731445312,255.8481495027901,250.75821822420707,253.23562108030802,17559555,ONGC.NS,ONGC,Energy
2024-05-22,250.44293212890625,255.84817526837907,249.4519653881719,255.84817526837907,17935064,ONGC.NS,ONGC,Energy
2024-05-23,255.3527069091797,256.3436461623345,251.43390011515194,252.1996483955348,17719819,ONGC.NS,ONGC,Energy
2024-05-24,255.17251586914062,257.60488624070484,253.91129798823204,255.84817125096535,11041667,ONGC.NS,ONGC,Energy
2024-05-27,250.12762451171875,256.0283648558232,248.37093696067885,255.84817908482435,13719808,ONGC.NS,ONGC,Energy
2024-05-28,247.10968017578125,251.61404931855878,245.98358789008685,251.61404931855878,6927361,ONGC.NS,ONGC,Energy
2024-05-29,244.9025421142578,246.65922948634298,243.46113857056946,246.65922948634298,8327205,ONGC.NS,ONGC,Energy
2024-05-30,240.26307678222656,247.83041193838167,238.73158017655112,245.93857127622059,15390964,ONGC.NS,ONGC,Energy
2024-05-31,238.14601135253906,241.8395996919733,236.92982613812322,241.8395996919733,24167379,ONGC.NS,ONGC,Energy
2024-06-03,255.9382781982422,258.14540273799804,246.11875827460977,250.39790926131792,30195397,ONGC.NS,ONGC,Energy
2024-06-04,212.87649536132812,256.7490494898121,200.89487030255472,256.7490494898121,72779900,ONGC.NS,ONGC,Energy
2024-06-05,222.96627807617188,224.99324424050073,207.60637617056457,222.51584115076548,37078551,ONGC.NS,ONGC,Energy
2024-06-06,227.29046630859375,233.77675502833944,224.54279842317382,228.82194904507983,30881233,ONGC.NS,ONGC,Energy
2024-06-07,234.5875701904297,234.9479142705627,226.84006249760563,228.37154545753924,22010688,ONGC.NS,ONGC,Energy
2024-06-10,233.46142578125,237.83066894791898,232.47045916213668,237.83066894791898,14138524,ONGC.NS,ONGC,Energy
2024-06-11,246.43402099609375,247.74029902430763,238.95677933162764,240.3981829335392,47270206,ONGC.NS,ONGC,Energy
2024-06-12,248.19073486328125,251.4338860805003,247.37995393209823,250.44291939017128,20560662,ONGC.NS,ONGC,Energy
2024-06-13,249.1366729736328,250.44295116194127,245.488144574205,250.44295116194127,16013386,ONGC.NS,ONGC,Energy
2024-06-14,248.1006622314453,250.62312560291497,247.3799741210192,249.54206594478666,10642648,ONGC.NS,ONGC,Energy
2024-06-18,248.46099853515625,251.34380587190097,246.83943659104253,251.29877317608768,17044769,ONGC.NS,ONGC,Energy
2024-06-19,244.63229370117188,249.1817233387231,244.2269169463831,248.55110061906592,13361607,ONGC.NS,ONGC,Energy
2024-06-20,244.9025421142578,246.83941523898625,242.42513922408548,244.85748192985403,12826509,ONGC.NS,ONGC,Energy
2024-06-21,242.9206085205078,247.51507028266872,242.2449531876161,244.54219781493947,17406416,ONGC.NS,ONGC,Energy
2024-06-24,243.1458282470703,244.36201335118633,240.1729557636632,242.92060980158536,7282347,ONGC.NS,ONGC,Energy
2024-06-25,240.5333251953125,243.95663493143374,238.73157744104049,243.3260397129319,14425434,ONGC.NS,ONGC,Energy
2024-06-26,241.20895385742188,242.47017164706807,237.92077006897378,240.4432056482662,10650910,ONGC.NS,ONGC,Energy
2024-06-27,240.9837188720703,241.5242485998129,237.3802240104319,240.89362600203256,22830930,ONGC.NS,ONGC,Energy
2024-06-28,247.01962280273438,248.1457151249706,241.74950523617116,242.33506774523633,19532912,ONGC.NS,ONGC,Energy
2024-07-01,245.89353942871094,248.4610080228506,244.67735417794043,247.74031990738845,11750972,ONGC.NS,ONGC,Energy
2024-07-02,247.60519409179688,252.06450335048496,244.58726106269123,246.11875767223418,24470518,ONGC.NS,ONGC,Energy
2024-07-03,247.47006225585938,250.17268385679344,246.8394395519793,248.64118728593536,9125400,ONGC.NS,ONGC,Energy
2024-07-04,249.58706665039062,251.25368862117674,245.9835715751712,247.74028642133493,13444669,ONGC.NS,ONGC,Energy
2024-07-05,259.6318359375,260.62277510740614,249.09160165180356,249.76725699082291,39781962,ONGC.NS,ONGC,Energy
2024-07-08,269.49639892578125,272.9647686463528,258.86609880057495,261.2534089354532,53136198,ONGC.NS,ONGC,Energy
2024-07-09,267.9649353027344,271.9287747090788,264.2713470519977,270.98284067947606,18686252,ONGC.NS,ONGC,Energy
2024-07-10,268.59552001953125,270.0819563023679,260.2174046126431,269.99189091567047,19278800,ONGC.NS,ONGC,Energy
2024-07-11,274.5412902832031,276.74844208805285,265.89289631311027,270.26213973736157,36020507,ONGC.NS,ONGC,Energy
2024-07-12,276.6583557128906,280.8474134787922,274.04582713251557,276.3880770713081,31788101,ONGC.NS,ONGC,Energy
2024-07-15,290.53179931640625,291.5677986836884,278.0546917387393,280.8924386986813,51435537,ONGC.NS,ONGC,Energy
2024-07-16,290.66693115234375,295.12626753728733,288.0544025851742,291.5227722742984,37468292,ONGC.NS,ONGC,Energy
2024-07-18,298.81988525390625,300.2612615077621,289.7660860141195,292.87411198303687,48189915,ONGC.NS,ONGC,Energy
2024-07-19,287.96429443359375,300.17115048509896,286.52289090634224,299.99096473451044,26579496,ONGC.NS,ONGC,Energy
2024-07-22,289.0003356933594,291.2975806304379,283.32484112879274,288.2796475714266,22234557,ONGC.NS,ONGC,Energy
2024-07-23,283.009521484375,289.540857058546,267.91988412335917,288.324671832444,37871058,ONGC.NS,ONGC,Energy
2024-07-24,287.87420654296875,293.45963499810046,281.1627133508599,282.01852694976026,28259305,ONGC.NS,ONGC,Energy
2024-07-25,302.5133972167969,304.0899262947425,284.7662006634147,286.5228879976343,42054664,ONGC.NS,ONGC,Energy
2024-07-26,298.7297668457031,304.94579076003953,297.3784561037827,303.1440431041457,25703985,ONGC.NS,ONGC,Energy
2024-07-29,299.90087890625,305.8916841055346,297.964005758096,300.7116598179789,26721790,ONGC.NS,ONGC,Energy
2024-07-30,299.0000305175781,304.72058506308423,298.1892495369723,299.0901234026429,19792253,ONGC.NS,ONGC,Energy
2024-07-31,301.0720520019531,303.99989201771047,297.06315236799776,299.13515122830773,21393361,ONGC.NS,ONGC,Energy
2024-08-01,307.8736572265625,310.5312462449728,303.72963176246924,304.31519430258805,36044960,ONGC.NS,ONGC,Energy
2024-08-02,297.3784484863281,304.49534604630963,296.0721704722709,304.49534604630963,22939377,ONGC.NS,ONGC,Energy
2024-08-05,279.49609375,291.2524857294358,275.6673801369863,288.5949245406004,37986023,ONGC.NS,ONGC,Energy
2024-08-06,275.7574768066406,290.4867689953965,274.9016356961447,283.5950624032128,28386636,ONGC.NS,ONGC,Energy
2024-08-07,296.4775390625,298.1441608997795,281.0725933514708,281.43293733162983,66110716,ONGC.NS,ONGC,Energy
2024-08-08,290.7120056152344,296.38749993616557,289.81113175524604,296.38749993616557,23478224,ONGC.NS,ONGC,Energy
2024-08-09,299.5856018066406,302.55850214592317,295.6668223701831,300.8468472495123,29814474,ONGC.NS,ONGC,Energy
2024-08-12,307.4682312011719,310.53122425720073,297.19827490342243,299.76577085098177,34754596,ONGC.NS,ONGC,Energy
2024-08-13,302.6034851074219,310.80144167621916,299.9459240581451,309.99066080512597,28943385,ONGC.NS,ONGC,Energy
2024-08-14,295.6217346191406,303.14403641500894,294.40554947975096,302.55847393826184,17812763,ONGC.NS,ONGC,Energy
2024-08-16,296.92803955078125,302.468408474072,296.0721983585499,299.58560102996677,16584396,ONGC.NS,ONGC,Energy
2024-08-19,302.0629577636719,305.17098320213415,300.48642869915903,301.7927066353209,19636518,ONGC.NS,ONGC,Energy
2024-08-20,297.3784484863281,302.69359843656815,295.5316406908511,302.5584728643349,14972714,ONGC.NS,ONGC,Energy
2024-08-21,295.2164001464844,298.6397101100253,294.1353404251079,297.8739617650912,11835143,ONGC.NS,ONGC,Energy
2024-08-22,292.1983947753906,297.7387626206672,291.5227394895646,295.98204788052595,13387819,ONGC.NS,ONGC,Energy
2024-08-23,289.52020263671875,294.8766387018133,288.29457062627245,294.5134956595428,13229612,ONGC.NS,ONGC,Energy
2024-08-26,297.6456298828125,298.78046907886863,293.0608629071246,293.6963839393301,21346682,ONGC.NS,ONGC,Energy
2024-08-27,298.55352783203125,301.9126355279345,295.9660886933512,299.05284604035654,20165503,ONGC.NS,ONGC,Energy
2024-08-28,297.6002502441406,299.86992886926686,294.74046071768913,298.3719465178911,12446738,ONGC.NS,ONGC,Energy
2024-08-29,299.23443603515625,299.73375425119883,295.01283932576655,296.05688595406156,13799961,ONGC.NS,ONGC,Energy
2024-08-30,300.27850341796875,303.5922289046537,299.18904651816337,300.00615304603735,19666466,ONGC.NS,ONGC,Energy
2024-09-02,296.1476745605469,301.36793533614235,295.7845038200232,299.59757494722106,8975511,ONGC.NS,ONGC,Energy
2024-09-03,292.51617431640625,297.7818173207613,292.01682842593567,296.8739459264907,10321111,ONGC.NS,ONGC,Energy
2024-09-04,285.43475341796875,287.06893850891356,279.987525193557,285.97948178161704,25397204,ONGC.NS,ONGC,Energy
2024-09-05,282.7111511230469,287.7498540648661,281.5763118621917,287.7498540648661,15571640,ONGC.NS,ONGC,Energy
2024-09-06,280.3506774902344,284.29992362500064,275.72055551089085,282.801941354858,27946491,ONGC.NS,ONGC,Energy
2024-09-09,271.3627624511719,280.2599190089704,267.50430890828926,280.2599190089704,30369085,ONGC.NS,ONGC,Energy
2024-09-10,268.3668212890625,273.7232576047976,267.82209284714855,272.452243044358,15618589,ONGC.NS,ONGC,Energy
2024-09-11,259.01568603515625,265.4615781853178,257.1545608431538,265.4615781853178,44826300,ONGC.NS,ONGC,Energy
2024-09-12,266.9595642089844,267.595085247882,260.10514647504056,261.4669535246481,21964895,ONGC.NS,ONGC,Energy
2024-09-13,264.5991516113281,269.8647950668015,264.23598085767736,268.45760536753977,13672371,ONGC.NS,ONGC,Energy
2024-09-16,265.5523986816406,268.1852203410374,264.5083520570913,267.64049193073924,10971110,ONGC.NS,ONGC,Energy
2024-09-17,267.5043029785156,269.27466329430354,265.2346244741908,266.64184177049407,11873436,ONGC.NS,ONGC,Energy
2024-09-18,263.6458435058594,270.36408618417113,261.3761650533192,270.1825285315894,13421760,ONGC.NS,ONGC,Energy
2024-09-19,258.9703369140625,262.55644030431506,256.4736903706316,260.92225503408264,17067311,ONGC.NS,ONGC,Energy
2024-09-20,259.8782043457031,262.4202333407306,258.9249503990774,260.5591079378753,16585530,ONGC.NS,ONGC,Energy
2024-09-23,268.2306213378906,269.0930825607491,261.05841497601165,261.83011122196484,14621229,ONGC.NS,ONGC,Energy
2024-09-24,271.86212158203125,274.1771827379663,267.5497321184374,269.0023042992383,16986759,ONGC.NS,ONGC,Energy
2024-09-25,271.1812438964844,273.4509227784233,269.3655007909332,271.8621475610661,10609614,ONGC.NS,ONGC,Energy
2024-09-26,268.003662109375,271.18121217236404,264.6445266746572,269.68320212069614,27812412,ONGC.NS,ONGC,Energy
2024-09-27,269.81939697265625,270.95423624709366,263.0103613260317,265.73397558468156,35706130,ONGC.NS,ONGC,Energy
2024-09-30,270.1825866699219,273.995630667065,266.6872755596761,269.6378581828895,16294341,ONGC.NS,ONGC,Energy
2024-10-01,265.0530700683594,271.5897276173655,263.9182308022781,269.63780962091306,10919818,ONGC.NS,ONGC,Energy
2024-10-03,265.1438293457031,270.5456752185552,263.78202225567685,267.8220610385026,28124665,ONGC.NS,ONGC,Energy
2024-10-04,268.0490417480469,272.08908072471695,266.1879163847938,269.63781676264153,23104209,ONGC.NS,ONGC,Energy
2024-10-07,262.7834167480469,269.0023143579936,255.5658272408884,268.7299639904191,20917962,ONGC.NS,ONGC,Energy
2024-10-08,266.4148864746094,266.82341200101735,254.70332267556788,261.60315119507044,10572360,ONGC.NS,ONGC,Energy
2024-10-09,261.9208679199219,265.00762477361206,260.42288582831094,264.41751397461786,13147475,ONGC.NS,ONGC,Energy
2024-10-10,262.14788818359375,265.2346456547643,261.0584313321036,262.10250569229777,7237212,ONGC.NS,ONGC,Energy
2024-10-11,265.5977783203125,266.5964424441315,262.82878151457743,264.46293902189035,7011704,ONGC.NS,ONGC,Energy
2024-10-14,260.1051330566406,265.91550396067817,258.8795012340151,265.73394632038463,12690951,ONGC.NS,ONGC,Energy
2024-10-15,257.5631408691406,260.0143771550144,254.9757017012423,260.0143771550144,15087155,ONGC.NS,ONGC,Energy
2024-10-16,259.1064758300781,260.7860433563477,254.7940869495119,256.92759014742,18188885,ONGC.NS,ONGC,Energy
2024-10-17,255.65660095214844,261.10382954755204,255.0664900621872,258.74335828166966,13343303,ONGC.NS,ONGC,Energy
2024-10-18,257.1999816894531,258.28943855840686,253.47773075027922,256.01975983645247,14028398,ONGC.NS,ONGC,Energy
2024-10-21,251.1172332763672,257.8354760549003,249.2560802938985,255.24803703919846,10299773,ONGC.NS,ONGC,Energy
2024-10-22,245.8515625,252.5244227894744,245.12527646695682,252.38824762153334,10028511,ONGC.NS,ONGC,Energy
2024-10-23,245.89697265625,249.11990502319273,240.6313019463545,245.12527642998538,18823321,ONGC.NS,ONGC,Energy
2024-10-24,244.3082275390625,247.34960262204973,243.62732391030593,246.85025667067114,7488521,ONGC.NS,ONGC,Energy
2024-10-25,239.72344970703125,245.3976463740793,237.49918123717146,245.12529601647637,12961181,ONGC.NS,ONGC,Energy
2024-10-28,239.0879364013672,240.63130114270575,231.7795689319814,236.63667256283946,13835091,ONGC.NS,ONGC,Energy
2024-10-29,240.5859375,241.08525572182998,235.5018517701131,239.0879551284718,9122757,ONGC.NS,ONGC,Energy
2024-10-30,237.5445556640625,241.67538732106536,236.99982726131034,240.58593051556105,11166643,ONGC.NS,ONGC,Energy
2024-10-31,241.62997436523438,243.58189238892962,237.0906172375537,239.13332794501,16173656,ONGC.NS,ONGC,Energy
2024-11-01,246.7140655517578,248.75677630609619,243.89965852679515,244.9437051489161,2955757,ONGC.NS,ONGC,Energy
2024-11-04,240.8582763671875,249.0745293323811,236.18274410076032,248.75676879453835,14355959,ONGC.NS,ONGC,Energy
2024-11-05,242.7648162841797,243.8542730890721,239.31491591208282,240.7675157499269,11676017,ONGC.NS,ONGC,Energy
2024-11-06,244.26278686523438,245.67000414605306,240.04119043485056,243.03718265121427,19244545,ONGC.NS,ONGC,Energy
2024-11-07,240.7675323486328,245.57924020554947,240.40436158460642,245.57924020554947,6766663,ONGC.NS,ONGC,Energy
2024-11-08,238.3616485595703,241.94775202662066,235.72882678041339,241.4484337896568,7836093,ONGC.NS,ONGC,Energy
2024-11-11,233.23216247558594,238.18007280164235,232.41508373802685,238.18007280164235,8450657,ONGC.NS,ONGC,Energy
2024-11-12,232.55125427246094,238.95176428544983,231.87035072040064,236.81826094778688,22445400,ONGC.NS,ONGC,Energy
2024-11-13,229.28294372558594,233.27758652641722,226.059997219523,232.55127272297227,17483332,ONGC.NS,ONGC,Energy
2024-11-14,227.69415283203125,230.87170277307987,226.05998152031685,229.28292780255555,12454540,ONGC.NS,ONGC,Energy
2024-11-18,227.55796813964844,228.87439279412496,224.33503564908494,227.96652136511696,14636541,ONGC.NS,ONGC,Energy
2024-11-19,230.6739501953125,237.55695754822884,229.83683266606363,232.5342239872102,17397559,ONGC.NS,ONGC,Energy
2024-11-21,225.2326202392578,230.6739261914427,223.97694407604982,230.6739261914427,16189440,ONGC.NS,ONGC,Energy
2024-11-22,228.4416046142578,229.6972807833126,226.48831164982423,227.69749233291353,9637581,ONGC.NS,ONGC,Energy
2024-11-25,239.8822784423828,242.30063983375905,230.62741998977998,231.13899807558207,31973671,ONGC.NS,ONGC,Energy
2024-11-26,236.48728942871094,240.207836755023,234.90605965358063,238.99867022818094,9242451,ONGC.NS,ONGC,Energy
2024-11-27,236.53379821777344,237.64995957290992,233.0457851124959,237.18489115887292,11689970,ONGC.NS,ONGC,Energy
2024-11-28,234.5805206298828,239.41722961542175,233.65038374063445,237.18490675833073,14202863,ONGC.NS,ONGC,Energy
2024-11-29,238.76612854003906,240.5798782734796,234.62700841498102,236.06872329731215,11476347,ONGC.NS,ONGC,Energy
2024-12-02,239.55673217773438,240.2543348088699,235.04557701204834,237.64996300684004,13677959,ONGC.NS,ONGC,Energy
2024-12-03,244.0214080810547,246.20723535392577,240.76592910863684,242.20762987078373,15345326,ONGC.NS,ONGC,Energy
2024-12-04,242.48667907714844,245.83514890345424,241.83557195229847,245.41660436792748,10713838,ONGC.NS,ONGC,Energy
2024-12-05,243.04473876953125,244.85851691570863,238.95214245450245,242.48667938811323,12896743,ONGC.NS,ONGC,Energy
2024-12-06,241.88206481933594,244.62597974867268,241.41699641677192,242.57966742318195,8783386,ONGC.NS,ONGC,Energy
2024-12-09,240.81243896484375,243.0912857357121,239.69629171044906,241.88209072821078,6800856,ONGC.NS,ONGC,Energy
2024-12-10,238.95213317871094,240.67289189934687,236.71981058312574,239.64973576392643,11318782,ONGC.NS,ONGC,Energy
2024-12-11,238.67312622070312,240.62641932236593,237.78948484109804,239.5102437255516,5353032,ONGC.NS,ONGC,Energy
2024-12-12,236.30126953125,240.53339503641044,235.8827107873906,239.97530724942328,7123877,ONGC.NS,ONGC,Energy
2024-12-13,236.48728942871094,238.8591269950255,232.06913947871536,235.3246183892384,11143128,ONGC.NS,ONGC,Energy
2024-12-16,234.2084503173828,238.39405174676105,233.65036255732636,236.25474844965433,7283872,ONGC.NS,ONGC,Energy
2024-12-17,230.11585998535156,234.81305409955246,229.27874246481628,234.16196111771805,10066884,ONGC.NS,ONGC,Energy
2024-12-18,227.09291076660156,230.20887495317368,226.39530811522832,230.115855589219,8430930,ONGC.NS,ONGC,Energy
2024-12-19,224.95358276367188,226.90686145860792,221.88412859418867,223.2328240677123,9518542,ONGC.NS,ONGC,Energy
2024-12-20,220.53546142578125,227.09291512019274,218.861212191836,224.62805804852513,15556528,ONGC.NS,ONGC,Energy
2024-12-23,224.02346801757812,225.3721636236746,220.30292058406394,221.60510650868906,7722901,ONGC.NS,ONGC,Energy
2024-12-24,222.2561798095703,226.255770785335,221.93064045359324,224.16296303911915,3577400,ONGC.NS,ONGC,Energy
2024-12-26,223.4653778076172,225.093117292168,222.30270674722377,223.2328435955385,6330006,ONGC.NS,ONGC,Energy
2024-12-27,220.34939575195312,224.1629621967195,219.79132220404932,223.23282542411897,6487888,ONGC.NS,ONGC,Energy
2024-12-30,216.39633178710938,220.44243274884485,215.00112651654706,219.55880558270778,19401112,ONGC.NS,ONGC,Energy
2024-12-31,222.5352325439453,223.1398157953823,216.1172942103781,216.3963239001112,12004845,ONGC.NS,ONGC,Energy
2025-01-01,220.39593505859375,222.5259565021495,219.83786143566397,221.19585335827955,9418453,ONGC.NS,ONGC,Energy
2025-01-02,228.8787841796875,229.53917340299554,220.442436038596,220.48894572019452,19745810,ONGC.NS,ONGC,Energy
2025-01-03,240.8031463623047,244.3934610325359,230.66464602836137,231.0925010378835,49760410,ONGC.NS,ONGC,Energy
2025-01-06,236.58961486816406,241.37051781320847,233.88291316966053,241.0077508087842,19265884,ONGC.NS,ONGC,Energy
2025-01-07,245.08175659179688,248.7185951864537,240.02180971101564,241.04496595263038,52956766,ONGC.NS,ONGC,Energy
2025-01-08,252.37403869628906,254.39244830777753,247.1838871582884,247.8349943582592,42237794,ONGC.NS,ONGC,Energy
2025-01-09,244.79339599609375,253.54598668265552,243.4260937658759,253.0251123459556,14706472,ONGC.NS,ONGC,Energy
2025-01-10,244.6445770263672,247.88146338998536,240.41246583489377,245.55612133191795,13053552,ONGC.NS,ONGC,Energy
2025-01-13,237.8638916015625,249.8347624580414,236.82214287595423,247.4443039518187,20416370,ONGC.NS,ONGC,Energy
2025-01-14,242.17971801757812,243.69584556794788,238.8777436780231,239.52882241731075,8470150,ONGC.NS,ONGC,Energy
2025-01-15,240.14271545410156,245.99328395304758,239.68695749931467,242.6726887196845,9344731,ONGC.NS,ONGC,Energy
2025-01-16,244.79339599609375,247.0722425082977,241.8355677872216,241.8355677872216,14195450,ONGC.NS,ONGC,Energy
2025-01-17,247.94659423828125,248.34654628306512,243.0447547273066,243.69586189574179,12148143,ONGC.NS,ONGC,Energy
2025-01-20,250.5416717529297,251.57413851358754,246.49559878495427,249.36971851433842,9676264,ONGC.NS,ONGC,Energy
2025-01-21,247.23037719726562,250.5323802306793,246.30955074765427,249.32318522676456,8989218,ONGC.NS,ONGC,Energy
2025-01-22,245.6026153564453,247.7791604890967,243.42609860931694,247.41639350514714,7919682,ONGC.NS,ONGC,Energy
2025-01-23,244.6724853515625,245.39799095414006,242.9238519294574,244.62598986359262,5026675,ONGC.NS,ONGC,Energy
2025-01-24,238.58941650390625,247.0815706294252,237.88250340260694,244.61668522690235,6306281,ONGC.NS,ONGC,Energy
2025-01-27,233.25970458984375,238.52428226201678,232.07842688482714,237.18488300479498,6944911,ONGC.NS,ONGC,Energy
2025-01-28,231.30641174316406,234.7665217615959,229.47405531138293,232.5341991270804,8029472,ONGC.NS,ONGC,Energy
2025-01-29,233.83639526367188,234.39448304326055,229.74379885589428,231.51105316998874,5651586,ONGC.NS,ONGC,Energy
2025-01-30,238.7847137451172,241.27747348679105,233.40852432707885,234.3944670366293,12588155,ONGC.NS,ONGC,Energy
2025-01-31,244.2632293701172,245.08175435594168,237.38023641425707,239.05448561582426,8850307,ONGC.NS,ONGC,Energy
2025-02-01,239.55673217773438,244.16092089743842,236.02222353419046,241.41700586076246,10921673,ONGC.NS,ONGC,Energy
2025-02-03,231.60406494140625,238.44057614991374,227.74400286948733,237.74297354466853,25719512,ONGC.NS,ONGC,Energy
2025-02-04,236.3477783203125,239.51023792060602,234.39448526599114,234.7665343274038,8402532,ONGC.NS,ONGC,Energy
2025-02-05,243.37030029296875,244.62599071327855,239.74277226748117,240.90544332600436,11590755,ONGC.NS,ONGC,Energy
2025-02-06,238.25454711914062,244.57949469511416,236.53380247191254,244.30043661035901,12327998,ONGC.NS,ONGC,Energy
2025-02-07,236.12008666992188,240.81593777479367,234.79197623086444,239.96214008512692,10098454,ONGC.NS,ONGC,Energy
2025-02-10,230.00125122070312,236.78413871359692,229.38463166467506,236.1675046822518,7582536,ONGC.NS,ONGC,Energy
2025-02-11,226.6809539794922,230.00124420364347,224.6413529176402,230.00124420364347,6711630,ONGC.NS,ONGC,Energy
2025-02-12,225.21055603027344,228.86288137814506,222.12742913087874,226.72840890933335,5985956,ONGC.NS,ONGC,Energy
2025-02-13,222.88633728027344,227.1552818675857,222.1748465157214,226.25406312754978,10079210,ONGC.NS,ONGC,Energy
2025-02-14,218.6648406982422,225.73231313160343,215.10738667386732,222.93378552749203,8065352,ONGC.NS,ONGC,Energy
2025-02-17,221.65309143066406,222.2697254665649,213.49467239876125,218.38023669503318,6692422,ONGC.NS,ONGC,Energy
2025-02-18,224.45162963867188,224.9733779617011,217.76361343789318,220.2775417272197,6170974,ONGC.NS,ONGC,Energy
2025-02-19,226.06434631347656,226.5386735132634,222.45945670003303,223.88243829939358,6168581,ONGC.NS,ONGC,Energy
2025-02-20,229.4794921875,230.190982983214,224.35676424848603,224.64136346183508,8929816,ONGC.NS,ONGC,Energy
2025-02-21,227.58218383789062,230.57045387084366,225.87461750513728,229.4794926301209,5697387,ONGC.NS,ONGC,Energy
2025-02-24,222.31715393066406,225.7323009241851,221.98511911621827,224.16702702823588,6883143,ONGC.NS,ONGC,Energy
2025-02-25,221.03646850585938,224.54648678449416,220.60957693385134,222.93377724839894,5519036,ONGC.NS,ONGC,Energy
2025-02-27,219.13916015625,221.84283090934352,216.76752422382307,221.51079608867695,9664032,ONGC.NS,ONGC,Energy
2025-02-28,213.68438720703125,218.66482242495317,211.69220732973596,218.19049526134157,17237276,ONGC.NS,ONGC,Energy
2025-03-03,213.570556640625,214.39588128604078,207.14816269237488,213.21006335857373,11928529,ONGC.NS,ONGC,Energy
2025-03-04,215.1168670654297,216.05604013486897,204.4160465649641,208.79883974702997,12428265,ONGC.NS,ONGC,Energy
2025-03-05,217.1849365234375,219.37632582972915,215.11686244358586,215.45837860010644,7466729,ONGC.NS,ONGC,Energy
2025-03-06,220.65701293945312,221.5772088392448,215.06943926176103,219.60400600646042,10439208,ONGC.NS,ONGC,Energy
2025-03-07,220.93212890625,224.32831349165966,219.30044213392318,220.6570254915832,9079049,ONGC.NS,ONGC,Energy
2025-03-10,211.7301788330078,222.93378503286394,211.05662783674757,220.93212366057745,16489167,ONGC.NS,ONGC,Energy
2025-03-11,215.0789337158203,215.5912007393287,208.79884601582694,209.55775798023672,10941588,ONGC.NS,ONGC,Energy
2025-03-12,212.87803649902344,217.09006425074185,210.94278793826157,215.43941489826418,6994310,ONGC.NS,ONGC,Energy
2025-03-13,213.8551483154297,218.56996170634332,213.32390418270427,216.4354893675106,16105085,ONGC.NS,ONGC,Energy
2025-03-17,217.94386291503906,218.6173994200297,214.62357257829433,214.88919464720854,8788971,ONGC.NS,ONGC,Energy
2025-03-18,217.94386291503906,217.94386291503906,217.94386291503906,217.94386291503906,0,ONGC.NS,ONGC,Energy
2025-03-19,220.62855529785156,223.0665895183701,219.7083593945916,220.56214254334225,8626593,ONGC.NS,ONGC,Energy
2025-03-20,223.4934844970703,224.86903046892888,220.09730004032127,221.49182315308832,18955995,ONGC.NS,ONGC,Energy
2025-03-21,229.97279357910156,235.2662867684293,223.6927062014974,223.6927062014974,29285333,ONGC.NS,ONGC,Energy
2025-03-24,231.31040954589844,233.74844388424924,230.28586103269015,231.65192571696787,10566066,ONGC.NS,ONGC,Energy
2025-03-25,229.8115234375,232.77132046948523,228.19881388738798,231.4811499343322,8915800,ONGC.NS,ONGC,Energy
2025-03-26,227.4114227294922,231.94598938020877,227.07938791571286,230.85504266404817,7543985,ONGC.NS,ONGC,Energy
2025-03-27,229.7356414794922,230.9024823748127,226.39637383420686,226.60507896674457,9935664,ONGC.NS,ONGC,Energy
2025-03-28,233.72947692871094,241.81200203683025,230.76966534198738,230.94043066204713,32905564,ONGC.NS,ONGC,Energy
2025-04-01,235.33270263671875,239.25063544353637,234.03303627278973,234.31763548625756,11258957,ONGC.NS,ONGC,Energy
2025-04-02,237.77073669433594,238.58658005205547,235.26628967359744,237.21103407604346,15337906,ONGC.NS,ONGC,Energy
2025-04-03,230.8170928955078,236.80309966574592,230.05816650297515,235.26628421547207,11141370,ONGC.NS,ONGC,Energy
2025-04-04,214.40536499023438,228.82492272800505,212.6883029283175,228.2082887137107,38336194,ONGC.NS,ONGC,Energy
2025-04-07,208.5521697998047,209.46288434917932,194.47414265441023,197.3201057176455,27024128,ONGC.NS,ONGC,Energy
2025-04-08,215.02200317382812,215.57222444596655,207.92605805754653,211.54992470239438,11309092,ONGC.NS,ONGC,Energy
2025-04-09,210.5443572998047,212.5554999713238,208.95061039995926,210.60127424706394,16889575,ONGC.NS,ONGC,Energy
2025-04-11,218.54150390625,219.51861675523296,213.68439813458204,216.5777968756409,13886447,ONGC.NS,ONGC,Energy
2025-04-15,220.74240112304688,221.98513610742648,218.2853896290965,221.98513610742648,12102239,ONGC.NS,ONGC,Energy
2025-04-16,228.83441162109375,229.57436088244154,219.82219497488222,220.74239088520497,18748952,ONGC.NS,ONGC,Energy
2025-04-17,230.9878692626953,232.0503575778924,226.9750506555794,228.62571455267573,12891813,ONGC.NS,ONGC,Energy
2025-04-21,236.95489501953125,237.68536296106885,229.33720134087724,231.48115507507998,11698653,ONGC.NS,ONGC,Energy
2025-04-22,235.05758666992188,237.73279903285675,234.5642823275823,236.1864877248348,9896443,ONGC.NS,ONGC,Energy
2025-04-23,239.22218322753906,239.7724045278855,232.3444386861853,235.9683055168166,16555874,ONGC.NS,ONGC,Energy
2025-04-24,236.56594848632812,238.4632573295605,235.26629656081562,237.16360540404798,6538518,ONGC.NS,ONGC,Energy
2025-04-25,233.68203735351562,237.80867526001805,231.85112685578355,236.2149428348269,15616265,ONGC.NS,ONGC,Energy
2025-04-28,237.73280334472656,239.01347812601125,231.8321716967187,233.36898722438738,7669983,ONGC.NS,ONGC,Energy
2025-04-29,233.06539916992188,239.1557729765744,232.51519237242871,238.33992963762384,8030552,ONGC.NS,ONGC,Energy
2025-04-30,231.8985595703125,234.73504136875113,229.7830643626208,232.8946495612591,9822483,ONGC.NS,ONGC,Energy
2025-05-02,230.2763671875,233.62511595852072,226.7283946294646,228.62570337113374,10203190,ONGC.NS,ONGC,Energy
2025-05-05,226.91812133789062,228.7679944555959,222.45944871499879,227.6770477253719,20086323,ONGC.NS,ONGC,Energy
2025-05-06,224.8311004638672,230.5135457246802,223.88244603153018,228.74904790152067,11350559,ONGC.NS,ONGC,Energy
2025-05-07,226.41534423828125,227.76243175119058,220.15423387442024,220.3724203336468,16689539,ONGC.NS,ONGC,Energy
2025-05-08,221.24517822265625,227.05093846335956,219.51862028291822,225.45720603466344,15026122,ONGC.NS,ONGC,Energy
2025-05-09,222.89584350585938,223.21838252678867,216.72009411669865,217.33672815998773,11184507,ONGC.NS,ONGC,Energy
2025-05-12,231.49063110351562,232.0408523458779,225.88408060104854,226.72838236641292,11374237,ONGC.NS,ONGC,Energy
2025-05-13,228.77749633789062,232.69542912831045,227.9521571747565,231.61396370191284,9336026,ONGC.NS,ONGC,Energy
2025-05-14,233.37844848632812,234.2227502681574,228.7774836320985,228.7774836320985,8234859,ONGC.NS,ONGC,Energy
2025-05-15,234.8963165283203,236.13905147608597,229.85896398111507,232.3728923506168,16812750,ONGC.NS,ONGC,Energy
2025-05-16,234.5737762451172,236.5849189299045,233.5587090945729,234.37455245307822,8030229,ONGC.NS,ONGC,Energy
2025-05-19,233.919189453125,236.64182278332873,232.33493843857784,235.26627688210553,8043270,ONGC.NS,ONGC,Energy
2025-05-20,236.46157836914062,239.72495165332126,234.1184009636499,234.1184009636499,13183059,ONGC.NS,ONGC,Energy
2025-05-21,235.91136169433594,239.0134655361529,235.03860141130363,238.58657396487754,7158307,ONGC.NS,ONGC,Energy
2025-05-22,229.26129150390625,237.61893388290557,227.30706588899173,235.91135318408632,18502235,ONGC.NS,ONGC,Energy
2025-05-23,231.69935607910156,232.11675185621687,227.81934857831044,230.04869221047707,8725218,ONGC.NS,ONGC,Energy
2025-05-26,233.31207275390625,234.4409738412877,232.24008861625532,232.70493449791763,7159571,ONGC.NS,ONGC,Energy
2025-05-27,231.9839324951172,234.17533624175735,230.44711705295632,234.17533624175735,9712093,ONGC.NS,ONGC,Energy
2025-05-28,230.2099609375,232.74286644215235,228.91030904483904,232.07881125887002,7385958,ONGC.NS,ONGC,Energy
2025-05-29,230.5609588623047,232.04087188464342,228.95774508657644,231.0922174852382,12938112,ONGC.NS,ONGC,Energy
2025-05-30,227.10784912109375,232.60056599893355,226.62404060620648,230.5609504296201,10108840,ONGC.NS,ONGC,Energy
2025-06-02,226.07382202148438,227.76242565268655,225.45720246723036,226.72839585695476,6278145,ONGC.NS,ONGC,Energy
2025-06-03,225.0872344970703,228.67314698627487,224.45163778340893,228.15138416899538,9515918,ONGC.NS,ONGC,Energy
2025-06-04,225.82717895507812,226.25407053271795,223.408107381363,225.77974334082546,6733580,ONGC.NS,ONGC,Energy
2025-06-05,225.56155395507812,227.31655585708853,224.0911367842521,225.8271760210615,8941808,ONGC.NS,ONGC,Energy
2025-06-06,227.7339630126953,228.12291477380285,225.31489150316764,225.58051356555407,5985346,ONGC.NS,ONGC,Energy
2025-06-09,230.3332977294922,231.58551404574308,228.15138965271862,229.36566616103616,7719525,ONGC.NS,ONGC,Energy
2025-06-10,232.1167449951172,232.4203213425739,230.13406082998517,231.70883056295378,7659657,ONGC.NS,ONGC,Energy
2025-06-11,234.6212158203125,237.5430586672112,231.0447846386127,231.94600343378272,20842417,ONGC.NS,ONGC,Energy
2025-06-12,235.1524658203125,242.09660875263444,234.08048167738826,238.58659024058014,35613271,ONGC.NS,ONGC,Energy
2025-06-13,238.59605407714844,242.80808177286548,236.32877072431367,242.42862581707635,39320377,ONGC.NS,ONGC,Energy
2025-06-16,243.60496520996094,244.27850171044133,239.24114929219132,240.94873006328888,41444122,ONGC.NS,ONGC,Energy
2025-06-17,239.35499572753906,243.88956272237465,238.63402357543708,243.74727034870907,18781097,ONGC.NS,ONGC,Energy
2025-06-18,237.50511169433594,242.75116926960558,236.94540908294297,240.98667153979204,12691905,ONGC.NS,ONGC,Energy
2025-06-19,238.64349365234375,240.00955827637068,235.45601435472,237.63792232502314,10790997,ONGC.NS,ONGC,Energy
2025-06-20,238.95655822753906,240.24672880129913,236.5469824006065,239.3075557263614,15907673,ONGC.NS,ONGC,Energy
2025-06-23,238.4727325439453,242.37170245909323,237.47664259220514,240.01902927442853,16776881,ONGC.NS,ONGC,Energy
2025-06-24,231.39578247070312,235.26629420924823,230.98786802163792,234.79196700318118,22215004,ONGC.NS,ONGC,Energy
2025-06-25,229.48899841308594,232.7049363766851,229.10004661969668,231.47168271306828,13056178,ONGC.NS,ONGC,Energy
2025-06-26,232.16419982910156,232.77133809896148,229.13798981320107,229.57437722996826,15769123,ONGC.NS,ONGC,Energy
2025-06-27,230.3617401123047,233.57767781559713,229.57435525600022,232.42979967017774,21691960,ONGC.NS,ONGC,Energy
2025-06-30,231.6708984375,233.0843842356688,230.5230202391858,231.47167464346228,8783448,ONGC.NS,ONGC,Energy
2025-07-01,230.87400817871094,232.70491863033175,228.9103011703192,232.70491863033175,8470489,ONGC.NS,ONGC,Energy
2025-07-02,228.69212341308594,231.23451025978994,227.86678424094285,230.42814822875704,10419419,ONGC.NS,ONGC,Energy
2025-07-03,231.51910400390625,233.55870512787084,229.3846316519501,229.5743596326161,13891239,ONGC.NS,ONGC,Energy
2025-07-04,232.64801025390625,232.8472195717172,230.05817331982476,232.61005597173067,7717259,ONGC.NS,ONGC,Energy
2025-07-07,229.11900329589844,232.89464356620485,228.4644294765456,232.89464356620485,9222263,ONGC.NS,ONGC,Energy
2025-07-08,230.75071716308594,231.18709011059087,228.29369109871453,229.96333222048887,7537067,ONGC.NS,ONGC,Energy
2025-07-09,230.8550567626953,232.031378968416,229.8305082615299,230.8550567626953,9590680,ONGC.NS,ONGC,Energy
2025-07-10,230.6083984375,232.12625129274087,229.88742629268526,231.00683155505428,8012201,ONGC.NS,ONGC,Energy
2025-07-11,229.3466796875,230.60839176088467,228.4359795809763,230.570451954495,5608382,ONGC.NS,ONGC,Energy
2025-07-14,231.6803741455078,232.31597084390344,228.7585169142373,230.42814341411312,7568906,ONGC.NS,ONGC,Energy
2025-07-15,231.1586151123047,232.77132469166926,230.23841918945857,231.92702285759904,7843083,ONGC.NS,ONGC,Energy
2025-07-16,230.38072204589844,231.61396116003434,229.85895924167022,231.47166879311624,5656962,ONGC.NS,ONGC,Energy
2025-07-17,231.3483428955078,232.00291674472808,230.3522673600689,230.52301820317822,7006298,ONGC.NS,ONGC,Energy
2025-07-18,233.66305541992188,234.6496640703136,230.9593991522172,232.17367558707093,10293817,ONGC.NS,ONGC,Energy
2025-07-21,232.45826721191406,233.65358101705795,231.87958745038245,233.36898180272286,5424455,ONGC.NS,ONGC,Energy
2025-07-22,233.75791931152344,234.1942922015932,231.53807163077764,232.45825302296387,5869862,ONGC.NS,ONGC,Energy
2025-07-23,232.94207763671875,234.50735151803877,231.71830542377407,233.36896919750453,7357753,ONGC.NS,ONGC,Energy
2025-07-24,232.25904846191406,233.55870030170374,231.24398134958437,232.9515620909279,4590999,ONGC.NS,ONGC,Energy
2025-07-25,227.95216369628906,232.2306043850006,226.96556947086373,231.47167795565622,7427827,ONGC.NS,ONGC,Energy
2025-07-28,227.69602966308594,229.15695104763108,225.5900157692294,227.95215592494517,6865890,ONGC.NS,ONGC,Energy
2025-07-29,229.04312133789062,230.05817402176504,227.5063058373904,227.69603382289503,6157824,ONGC.NS,ONGC,Energy
2025-07-30,229.39410400390625,231.19655593796062,227.77191318610545,230.08661762011818,8767763,ONGC.NS,ONGC,Energy
2025-07-31,228.62570190429688,230.34276398844028,227.35450852961043,227.866775517435,10254214,ONGC.NS,ONGC,Energy
2025-08-01,224.63186645507812,228.35060439911317,222.03256269280894,227.77192464267418,12629251,ONGC.NS,ONGC,Energy
2025-08-04,222.7725067138672,226.14971394394564,221.98512185231027,224.35675776953582,16174972,ONGC.NS,ONGC,Energy
2025-08-05,222.4404754638672,223.88243417776192,221.08390664560332,223.40810698670734,9562689,ONGC.NS,ONGC,Energy
2025-08-06,221.76693725585938,223.28477557038872,220.95109391449745,222.5068865101973,7568954,ONGC.NS,ONGC,Energy
2025-08-07,221.918701171875,222.17484189487513,219.43323145150126,221.17875195015586,5560413,ONGC.NS,ONGC,Energy
2025-08-08,221.45387268066406,223.04760503260013,220.7328861140407,221.8902455733204,5249568,ONGC.NS,ONGC,Energy
2025-08-11,221.78590393066406,222.93378211409325,219.6893858305773,221.4538835786632,4699743,ONGC.NS,ONGC,Energy
2025-08-12,223.42709350585938,224.22395974620366,221.6151600858983,221.7954067421157,7036778,ONGC.NS,ONGC,Energy
2025-08-13,226.41534423828125,227.62962071401128,224.1670379391325,225.53310259315816,8501906,ONGC.NS,ONGC,Energy
2025-08-14,224.77418518066406,226.4153533076872,222.39305327363883,226.26356512331148,7258450,ONGC.NS,ONGC,Energy
2025-08-18,225.93153381347656,226.33944825449936,223.40810965287537,225.0682548413787,8501972,ONGC.NS,ONGC,Energy
2025-08-19,225.7228240966797,226.29200803596785,224.5275103210723,225.30541385601154,5538059,ONGC.NS,ONGC,Energy
2025-08-20,225.71331787109375,226.81376036837113,224.8310762920237,224.8310762920237,7438061,ONGC.NS,ONGC,Energy
2025-08-21,226.0548553466797,228.61623386063945,225.0492839776461,225.7797519340511,8111371,ONGC.NS,ONGC,Energy
2025-08-22,224.15753173828125,226.37739393581197,223.7780757854524,225.7797370585556,5423818,ONGC.NS,ONGC,Energy
2025-08-25,224.60340881347656,225.29593694240356,223.55040185852496,224.16703589899487,8854258,ONGC.NS,ONGC,Energy
2025-08-26,222.1653594970703,225.1156750375799,221.79538488798528,224.50853684638096,14671897,ONGC.NS,ONGC,Energy
2025-08-28,221.4064483642578,223.1994045893189,220.4483126377453,222.2697273365917,13870643,ONGC.NS,ONGC,Energy
2025-08-29,221.71002197265625,223.2847772454379,219.4522199115343,221.4064456222828,9928988,ONGC.NS,ONGC,Energy
2025-09-01,226.46278381347656,226.90865254794326,221.1028921421287,221.98513380267917,4366396,ONGC.NS,ONGC,Energy
2025-09-02,227.19325256347656,230.04869716041517,225.2105538217598,226.49124308061494,5921193,ONGC.NS,ONGC,Energy
2025-09-03,226.79481506347656,229.5174485678663,226.21613529865908,227.2027295085964,4364007,ONGC.NS,ONGC,Energy
2025-09-04,224.7921600341797,228.25388001685536,224.51559611553148,227.98686181696087,8778730,ONGC.NS,ONGC,Energy
2025-09-05,223.27587890625,226.1654087675379,222.20779153656213,224.82077202575817,7210683,ONGC.NS,ONGC,Energy
2025-09-08,221.7500457763672,224.0864623173586,221.30183353384794,223.27587654469662,8418326,ONGC.NS,ONGC,Energy
2025-09-09,220.60568237304688,223.714545499405,220.06210024482493,221.75004818602895,11665314,ONGC.NS,ONGC,Energy
2025-09-10,220.99667358398438,222.23639469875044,220.29097431520637,222.1982554781086,11775053,ONGC.NS,ONGC,Energy
2025-09-11,222.92300415039062,224.31532572116092,221.33997193607323,221.33997193607323,11047708,ONGC.NS,ONGC,Energy
2025-09-12,222.43666076660156,224.4965278698952,221.91215554797586,223.63824263448944,6073522,ONGC.NS,ONGC,Energy
2025-09-15,221.4925537109375,223.33308757910552,221.24461240106112,222.34129323679934,6153784,ONGC.NS,ONGC,Energy
2025-09-16,224.1913604736328,224.3630233447716,221.6451418710445,221.70235797762393,7319921,ONGC.NS,ONGC,Energy
2025-09-17,225.89837646484375,226.92830999737222,224.27717590074903,225.0591681306206,7628371,ONGC.NS,ONGC,Energy
2025-09-18,224.66818237304688,226.68036459344052,223.62871762567306,226.68036459344052,6497852,ONGC.NS,ONGC,Energy
2025-09-19,225.71719360351562,226.39427027371585,223.86712853046046,224.21043972495937,16484017,ONGC.NS,ONGC,Energy
2025-09-22,226.46102905273438,227.39559274408467,224.7253962173977,225.05917624000872,9962796,ONGC.NS,ONGC,Energy
2025-09-23,225.68858337402344,226.5754621296114,224.24857678393056,226.25122782443302,7014239,ONGC.NS,ONGC,Energy
2025-09-24,227.46234130859375,228.9977031305754,225.30710441667196,225.68856935618888,8299331,ONGC.NS,ONGC,Energy
2025-09-25,228.5590362548828,230.91452965357823,227.46235540751957,227.8438058192806,10150654,ONGC.NS,ONGC,Energy
2025-09-26,226.98553466796875,229.12168025184423,225.8602312181197,228.87373893983025,6349466,ONGC.NS,ONGC,Energy
2025-09-29,228.8546600341797,229.97996347409776,227.12857292979888,227.92009634948184,10631271,ONGC.NS,ONGC,Energy
2025-09-30,228.3969268798828,229.72248675028206,227.44328626660564,228.8737471865214,7167687,ONGC.NS,ONGC,Energy
2025-10-01,231.77279663085938,234.8721284686589,227.41466681335862,227.53864474331868,10375310,ONGC.NS,ONGC,Energy
2025-10-03,232.36407470703125,232.87903423421838,228.5876514858554,231.25784810622812,10702610,ONGC.NS,ONGC,Energy
2025-10-06,234.46206665039062,236.02603657330522,231.47716706677315,231.47716706677315,9465503,ONGC.NS,ONGC,Energy
2025-10-07,233.94711303710938,237.93332365923317,233.31770676475287,234.462072545419,12498420,ONGC.NS,ONGC,Energy
2025-10-08,230.59982299804688,235.3584946621665,229.96088556482363,235.12008452060257,5073558,ONGC.NS,ONGC,Energy
2025-10-09,232.10658264160156,233.16512427866502,229.40777802545958,230.6284368166714,9292031,ONGC.NS,ONGC,Energy
2025-10-10,234.91981506347656,235.6255143254089,232.30684920854407,232.7359845557541,9050771,ONGC.NS,ONGC,Energy
2025-10-13,232.7741241455078,234.29040916537696,230.18976633952715,233.64194055992363,12607116,ONGC.NS,ONGC,Energy
2025-10-14,233.3463134765625,237.20856069658456,232.59292927723604,233.92803480650556,13865005,ONGC.NS,ONGC,Energy
2025-10-15,236.23585510253906,236.68406735720123,232.9648602154133,233.34632519353056,8520238,ONGC.NS,ONGC,Energy
2025-10-16,236.83663940429688,237.17040487017232,234.59557826293235,236.50285938702123,6083826,ONGC.NS,ONGC,Energy
2025-10-17,236.20724487304688,237.02737637919572,233.42261603973708,237.02737637919572,14250215,ONGC.NS,ONGC,Energy
2025-10-20,237.2085723876953,237.64723892287242,233.63242007279032,236.2072468292417,10920554,ONGC.NS,ONGC,Energy
2025-10-21,236.61729431152344,237.74259775436883,235.92114076763963,237.2085613617237,569979,ONGC.NS,ONGC,Energy
2025-10-23,240.61305236816406,241.49994567413228,237.53279736971194,238.4101449569856,13879042,ONGC.NS,ONGC,Energy
2025-10-24,243.1402130126953,245.46708384618876,241.1280307709779,242.22471163696292,17882209,ONGC.NS,ONGC,Energy
2025-10-27,241.52854919433594,244.21780801224972,240.2315974480555,243.5788705819248,7889080,ONGC.NS,ONGC,Energy
2025-10-28,238.92510986328125,242.02444181771637,238.27664123902568,241.36644202595141,8529692,ONGC.NS,ONGC,Energy
2025-10-29,243.78866577148438,245.40985177061228,238.9346389409463,239.3160893343647,8806213,ONGC.NS,ONGC,Energy
2025-10-30,242.73013305664062,244.60880614317784,241.66206027495866,244.60880614317784,5266883,ONGC.NS,ONGC,Energy
2025-10-31,243.53118896484375,245.94389845531867,241.57623742734617,242.892251525805,7199008,ONGC.NS,ONGC,Energy
2025-11-03,245.61012268066406,246.51609288363935,242.51080530992996,243.17835081364808,5450040,ONGC.NS,ONGC,Energy
2025-11-04,240.6511993408203,245.56244236761256,240.31741932675092,244.22735141413506,6006851,ONGC.NS,ONGC,Energy
2025-11-06,239.84060668945312,243.65516902248618,238.83928116675185,241.79557279541268,6987258,ONGC.NS,ONGC,Energy
2025-11-07,240.50816345214844,241.84326906208273,238.4101569809959,238.4101569809959,4449104,ONGC.NS,ONGC,Energy
2025-11-10,239.7452392578125,243.65517150964297,237.93332795168658,240.3174294341684,7418162,ONGC.NS,ONGC,Energy
2025-11-11,237.88563537597656,242.41542804729232,234.59557834603777,242.41542804729232,16183880,ONGC.NS,ONGC,Energy
2025-11-12,242.0816650390625,243.7505360401749,238.31477313828856,240.88961432398222,11917811,ONGC.NS,ONGC,Energy
2025-11-13,239.2207489013672,241.9386158642892,235.83532188131284,241.9386158642892,13057927,ONGC.NS,ONGC,Energy
2025-11-14,241.9075164794922,243.91037368298927,239.46499315036962,239.8557909198375,9185042,ONGC.NS,ONGC,Energy
2025-11-17,242.34716796875,243.9592274045859,241.76095640591186,241.90751675061105,6281588,ONGC.NS,ONGC,Energy
2025-11-18,241.2724609375,243.71498436247566,240.63741081019828,241.3213143875955,7708871,ONGC.NS,ONGC,Energy
2025-11-19,243.27532958984375,244.54544473395694,239.75808994583485,241.2724574288937,7075882,ONGC.NS,ONGC,Energy
2025-11-20,242.34716796875,245.32704941521513,241.90751675061105,243.27532385326097,6918642,ONGC.NS,ONGC,Energy
2025-11-21,241.2724609375,242.59142955017882,240.5397039100073,241.37016783769099,7589240,ONGC.NS,ONGC,Energy
2025-11-24,240.1000518798828,241.76096482176922,238.68339127968494,241.27246013839206,15875282,ONGC.NS,ONGC,Energy
2025-11-25,239.70925903320312,241.8098232517943,238.97650199304616,240.10005682476142,8983620,ONGC.NS,ONGC,Energy
2025-11-26,242.00521850585938,242.2983242991075,239.4161496327907,239.70925542603885,7232643,ONGC.NS,ONGC,Energy
2025-11-27,238.39028930664062,243.0799373237771,237.2178810293515,242.29832683625767,5600832,ONGC.NS,ONGC,Energy
2025-11-28,237.65753173828125,239.70925739993325,236.97362815372392,239.36729815366456,3804191,ONGC.NS,ONGC,Energy
2025-12-01,239.20120239257812,240.1977561098247,237.42303820902012,238.43913628761888,6307936,ONGC.NS,ONGC,Energy
2025-12-02,237.94085693359375,240.59832362964534,236.9247737417999,237.90178311805474,5413988,ONGC.NS,ONGC,Energy
2025-12-03,234.5017852783203,238.74200222366053,234.0523544237178,238.439131714419,11829802,ONGC.NS,ONGC,Energy
2025-12-04,236.6609649658203,237.12016054187865,234.17936783621036,234.97074300533836,10825420,ONGC.NS,ONGC,Energy
2025-12-05,235.6839599609375,237.60866956192592,235.37132472289798,237.12016488975587,7645591,ONGC.NS,ONGC,Energy
2025-12-08,233.03627014160156,236.43625844416778,232.23511533319206,235.68395708397486,5285903,ONGC.NS,ONGC,Energy
2025-12-09,234.325927734375,234.67765170991547,231.38513484720352,232.23512824310123,9026401,ONGC.NS,ONGC,Energy
2025-12-10,233.78855895996094,234.82420138550393,232.93856560271152,233.81788295557112,3492031,ONGC.NS,ONGC,Energy
2025-12-11,232.92880249023438,235.75235891273405,232.6650057917506,233.78856057999187,8868641,ONGC.NS,ONGC,Energy
2025-12-12,232.5477752685547,233.89603806663862,231.5707658949965,233.01673559362823,4252781,ONGC.NS,ONGC,Energy
2025-12-15,229.9391632080078,233.3000629475615,224.65353889206648,232.52823209800792,12334408,ONGC.NS,ONGC,Energy
2025-12-16,226.87135314941406,229.8903085352076,225.44491290478487,228.7862831727476,7238404,ONGC.NS,ONGC,Energy
2025-12-17,227.5552520751953,228.0535214785498,223.35410887403685,226.4219176473517,5848233,ONGC.NS,ONGC,Energy
2025-12-18,226.66616821289062,228.7472028898814,225.8943373892629,227.64317755863584,3964839,ONGC.NS,ONGC,Energy
2025-12-19,227.53570556640625,228.13168186266645,226.17766317433527,226.66616784641806,5070902,ONGC.NS,ONGC,Energy
2025-12-22,228.79605102539062,229.87076731397062,227.41847912018557,228.41501796089048,4614185,ONGC.NS,ONGC,Energy
2025-12-23,230.07594299316406,232.43052425590307,229.20640524608268,229.20640524608268,5810236,ONGC.NS,ONGC,Energy
2025-12-24,228.39547729492188,231.13110642503094,227.779956640953,230.12477309077252,4114036,ONGC.NS,ONGC,Energy
2025-12-26,229.13800048828125,229.8707574970251,227.6920308319277,228.46386165496023,3710774,ONGC.NS,ONGC,Energy
2025-12-29,229.4213409423828,233.52477719894176,228.62018612577006,229.13799988461315,12621499,ONGC.NS,ONGC,Energy
2025-12-30,229.2845458984375,230.18340761474056,227.946047866518,229.54834259578686,6236729,ONGC.NS,ONGC,Energy
2025-12-31,234.853515625,235.45925665996174,229.21616742201886,229.29432996007517,11514802,ONGC.NS,ONGC,Energy
2026-01-01,232.4696044921875,235.56672230766347,231.9517907351887,235.36154378697555,5840586,ONGC.NS,ONGC,Energy
2026-01-02,235.90869140625,236.97362805231785,232.46961421511622,232.46961421511622,5925943,ONGC.NS,ONGC,Energy
2026-01-05,232.61614990234375,241.12590780299902,230.28109817887704,241.12590780299902,21201434,ONGC.NS,ONGC,Energy
2026-01-06,236.32879638671875,236.78799198417764,232.6161577916805,232.6161577916805,10840459,ONGC.NS,ONGC,Energy
2026-01-07,233.56385803222656,236.12361781573415,232.6845555608174,234.68742775456045,8253161,ONGC.NS,ONGC,Energy
2026-01-08,226.09950256347656,233.39776361918936,225.6891604243898,232.72362478069692,9218488,ONGC.NS,ONGC,Energy
2026-01-09,228.70811462402344,232.77247708835003,226.66616866525584,226.94949481657642,12706408,ONGC.NS,ONGC,Energy
2026-01-12,230.29087829589844,230.7305295176939,226.33398748378042,228.70811302626356,9807980,ONGC.NS,ONGC,Energy
2026-01-13,238.1753387451172,238.5368274349664,230.3788082868825,232.52822588065396,22527192,ONGC.NS,ONGC,Energy
2026-01-14,242.5230255126953,245.22934557232938,237.9799380220571,238.38051543138516,33094088,ONGC.NS,ONGC,Energy
2026-01-15,242.5230255126953,242.5230255126953,242.5230255126953,242.5230255126953,0,ONGC.NS,ONGC,Energy
2026-01-16,241.48739624023438,242.08337253262428,236.82705752459444,241.2235995447885,12287680,ONGC.NS,ONGC,Energy
2026-01-19,237.520751953125,242.29832724481855,236.72937673731994,239.36729909266347,6459249,ONGC.NS,ONGC,Energy
2026-01-20,234.86328125,239.69947463738478,234.19892203595015,237.52074792215913,6496057,ONGC.NS,ONGC,Energy
2026-01-21,236.79776000976562,238.86903004459805,234.00351257071955,234.48225253652112,9610477,ONGC.NS,ONGC,Energy
2026-01-22,238.40005493164062,240.8035045809201,236.99317393838206,238.97650179949548,10746306,ONGC.NS,ONGC,Energy
2026-01-23,239.8264923095703,240.6374118792223,235.99661735115197,239.6604025048917,8080247,ONGC.NS,ONGC,Energy
2026-01-27,242.2494659423828,243.26556401733228,240.23682906174545,240.9305122614502,15915509,ONGC.NS,ONGC,Energy
2026-01-28,262.4051513671875,263.4505585006787,243.4707207877218,243.4707207877218,73427983,ONGC.NS,ONGC,Energy
2026-01-29,269.0586242675781,271.3838815188969,262.8252997268123,263.7925294603933,48267023,ONGC.NS,ONGC,Energy
2026-01-30,262.77642822265625,270.14308712044925,261.84828722339125,267.5931070111898,24420043,ONGC.NS,ONGC,Energy
2026-02-02,248.1115264892578,251.09140804886562,241.9075259355621,245.81556341492188,17015974,ONGC.NS,ONGC,Energy
2026-02-03,251.09140014648438,255.97644684194125,243.6172846656271,253.72933728841463,19213406,ONGC.NS,ONGC,Energy
2026-02-04,260.8126525878906,263.79251911821297,252.11724569752343,252.11724569752343,26628393,ONGC.NS,ONGC,Energy
2026-02-05,263.01092529296875,264.23218696350455,259.8844834900137,261.8385021628709,15268335,ONGC.NS,ONGC,Energy
2026-02-06,262.7666931152344,263.7437025266077,258.61440311689785,261.8385222480453,10013728,ONGC.NS,ONGC,Energy
2026-02-09,260.470703125,264.6718314754195,259.64023920011437,263.2551857832825,10824044,ONGC.NS,ONGC,Energy
2026-02-10,265.8930969238281,266.77239940303303,260.861504577749,261.1057569228592,13459684,ONGC.NS,ONGC,Energy
2026-02-11,268.2867736816406,268.77527835702017,260.2264465378781,266.0396342853192,18388416,ONGC.NS,ONGC,Energy
2026-02-12,269.9965515136719,273.8557207235144,267.16323023931596,269.6545922631895,22753270,ONGC.NS,ONGC,Energy
2026-02-13,261.2522888183594,265.1114875973499,259.8844817198676,263.79251903896335,20748628,ONGC.NS,ONGC,Energy
2026-02-16,265.306884765625,265.9419647143231,259.5425353965288,261.4965541532367,13247757,ONGC.NS,ONGC,Energy
2026-02-17,265.6000061035156,266.72356092811606,261.9362209259316,266.72356092811606,21292868,ONGC.NS,ONGC,Energy
2026-02-18,264.6000061035156,266.1000061035156,262.54998779296875,265.0,11621040,ONGC.NS,ONGC,Energy
2026-02-19,274.6499938964844,276.45001220703125,267.8500061035156,270.29998779296875,37728943,ONGC.NS,ONGC,Energy
2026-02-20,278.6499938964844,280.79998779296875,274.3500061035156,277.3999938964844,31971956,ONGC.NS,ONGC,Energy
2026-02-23,275.6499938964844,279.8999938964844,272.20001220703125,279.8999938964844,13113050,ONGC.NS,ONGC,Energy
2026-02-24,276.5,278.1499938964844,273.29998779296875,275.6499938964844,16311581,ONGC.NS,ONGC,Energy
2026-02-25,277.45001220703125,278.95001220703125,274.0,276.5,7573116,ONGC.NS,ONGC,Energy
2026-02-26,280.1000061035156,281.04998779296875,275.6000061035156,277.3999938964844,13301761,ONGC.NS,ONGC,Energy
2026-02-27,279.70001220703125,282.5,277.0,278.5,18554482,ONGC.NS,ONGC,Energy
2026-03-02,282.20001220703125,293.0,277.6499938964844,288.0,65843426,ONGC.NS,ONGC,Energy
2026-03-04,276.95001220703125,288.3500061035156,275.1000061035156,287.0,53722773,ONGC.NS,ONGC,Energy
2026-03-05,276.3500061035156,287.6499938964844,275.3500061035156,278.0,40569479,ONGC.NS,ONGC,Energy
2026-03-06,278.95001220703125,280.95001220703125,271.1499938964844,279.95001220703125,30725344,ONGC.NS,ONGC,Energy
2026-03-09,270.79998779296875,289.0,267.6000061035156,289.0,56512457,ONGC.NS,ONGC,Energy
2026-03-10,269.20001220703125,270.8999938964844,265.3500061035156,270.8500061035156,18476370,ONGC.NS,ONGC,Energy
2026-03-11,270.75,272.3999938964844,268.0,268.0,16130216,ONGC.NS,ONGC,Energy
2026-03-12,270.54998779296875,273.0,267.75,271.6000061035156,20059801,ONGC.NS,ONGC,Energy
2026-03-13,264.1000061035156,271.29998779296875,263.45001220703125,270.54998779296875,18411729,ONGC.NS,ONGC,Energy
2026-03-16,260.45001220703125,266.0,258.3500061035156,264.04998779296875,21725887,ONGC.NS,ONGC,Energy
2026-03-17,264.75,265.3999938964844,259.1499938964844,260.6499938964844,15662659,ONGC.NS,ONGC,Energy
2026-03-18,265.0,266.6499938964844,263.0,265.1499938964844,8780857,ONGC.NS,ONGC,Energy
2026-03-19,269.1000061035156,271.5,262.5,265.0,28685305,ONGC.NS,ONGC,Energy
2026-03-20,265.3999938964844,273.04998779296875,264.0,269.0,19436124,ONGC.NS,ONGC,Energy
2026-03-23,265.45001220703125,269.70001220703125,263.8999938964844,267.29998779296875,23991581,ONGC.NS,ONGC,Energy
2026-03-24,268.04998779296875,273.29998779296875,266.8500061035156,268.54998779296875,18567283,ONGC.NS,ONGC,Energy
2026-03-25,270.20001220703125,271.5,266.3999938964844,267.3500061035156,13380625,ONGC.NS,ONGC,Energy
2026-03-27,281.95001220703125,285.0,269.70001220703125,270.5,60048871,ONGC.NS,ONGC,Energy
2026-03-30,284.6499938964844,288.3500061035156,281.95001220703125,282.75,44866906,ONGC.NS,ONGC,Energy
2026-04-01,288.04998779296875,293.0,282.79998779296875,290.0,31626297,ONGC.NS,ONGC,Energy
2026-04-02,287.20001220703125,288.79998779296875,283.5,288.5,20935809,ONGC.NS,ONGC,Energy
2026-04-06,281.8500061035156,288.5,280.45001220703125,287.29998779296875,24449779,ONGC.NS,ONGC,Energy
2026-04-07,286.6499938964844,287.54998779296875,280.0,281.8500061035156,22891122,ONGC.NS,ONGC,Energy
2026-04-08,285.5,287.8500061035156,274.75,280.0,42071040,ONGC.NS,ONGC,Energy
2026-04-09,288.6000061035156,289.79998779296875,284.8999938964844,284.8999938964844,13585661,ONGC.NS,ONGC,Energy
2026-04-10,286.5,291.8500061035156,284.54998779296875,288.6000061035156,12889209,ONGC.NS,ONGC,Energy
2026-04-13,287.54998779296875,290.29998779296875,281.0,287.20001220703125,23986567,ONGC.NS,ONGC,Energy
2026-04-15,287.6000061035156,289.79998779296875,283.3500061035156,284.04998779296875,16529148,ONGC.NS,ONGC,Energy
2026-04-16,282.75,288.1000061035156,282.0,288.0,13626398,ONGC.NS,ONGC,Energy
2026-04-17,284.04998779296875,285.5,282.20001220703125,283.3999938964844,17846605,ONGC.NS,ONGC,Energy
2026-04-20,283.3500061035156,285.20001220703125,282.5,284.0,11057036,ONGC.NS,ONGC,Energy
2026-04-21,283.1000061035156,284.8500061035156,282.3999938964844,283.1499938964844,13645673,ONGC.NS,ONGC,Energy
2026-04-22,283.6499938964844,285.04998779296875,282.6000061035156,283.1000061035156,7395183,ONGC.NS,ONGC,Energy
2026-04-23,286.25,289.79998779296875,284.04998779296875,284.8500061035156,13525025,ONGC.NS,ONGC,Energy
2026-04-24,284.79998779296875,288.79998779296875,283.8999938964844,288.79998779296875,11789941,ONGC.NS,ONGC,Energy
2026-04-27,285.8999938964844,286.70001220703125,284.20001220703125,286.0,6497916,ONGC.NS,ONGC,Energy
2026-04-28,301.29998779296875,302.3999938964844,286.0,286.25,51575179,ONGC.NS,ONGC,Energy
2026-04-29,301.3999938964844,307.5,299.75,303.8999938964844,27267649,ONGC.NS,ONGC,Energy
2026-04-30,299.54998779296875,307.45001220703125,296.8999938964844,304.8999938964844,17490096,ONGC.NS,ONGC,Energy
2026-05-01,299.54998779296875,299.54998779296875,299.54998779296875,299.54998779296875,0,ONGC.NS,ONGC,Energy
2026-05-04,292.8999938964844,299.8999938964844,292.3500061035156,298.3999938964844,15468437,ONGC.NS,ONGC,Energy
2026-05-05,289.95001220703125,295.8999938964844,287.0,294.3500061035156,10750753,ONGC.NS,ONGC,Energy
2026-05-06,280.79998779296875,290.25,280.0,289.95001220703125,22858013,ONGC.NS,ONGC,Energy
2026-05-07,283.8999938964844,285.20001220703125,279.70001220703125,282.0,15608370,ONGC.NS,ONGC,Energy
2026-05-08,279.20001220703125,284.0,278.6000061035156,283.6000061035156,9290168,ONGC.NS,ONGC,Energy
2026-05-11,281.0,281.79998779296875,277.6499938964844,280.70001220703125,6948202,ONGC.NS,ONGC,Energy
2026-05-12,294.5,299.8999938964844,286.8500061035156,286.8999938964844,52080828,ONGC.NS,ONGC,Energy
2026-05-13,297.1499938964844,300.20001220703125,294.1000061035156,297.0,24381295,ONGC.NS,ONGC,Energy
2026-05-14,300.8999938964844,303.70001220703125,298.70001220703125,300.0,22660293,ONGC.NS,ONGC,Energy
2026-05-15,299.3500061035156,304.95001220703125,298.54998779296875,303.0,13695307,ONGC.NS,ONGC,Energy
2026-05-18,297.20001220703125,300.70001220703125,295.1000061035156,299.3500061035156,10521642,ONGC.NS,ONGC,Energy
2026-05-19,296.5,298.5,293.6499938964844,295.1000061035156,9565497,ONGC.NS,ONGC,Energy
2026-05-20,,,,,12133201,ONGC.NS,ONGC,Energy
