Date,Close,High,Low,Open,Volume,Ticker,Company,Sector
2021-05-21,99.10662841796875,99.67183151305466,98.25881787834787,99.1501010429815,21702883,POWERGRID.NS,Power Grid Corp,Energy
2021-05-24,100.43270111083984,101.91093571405217,99.30229473943223,99.56315411929987,22028927,POWERGRID.NS,Power Grid Corp,Energy
2021-05-25,101.25875854492188,101.9326549919259,100.49790505450162,101.30223116963805,9165363,POWERGRID.NS,Power Grid Corp,Energy
2021-05-26,98.08491516113281,101.65005391561859,97.80231359781874,101.38919456301628,18322114,POWERGRID.NS,Power Grid Corp,Energy
2021-05-27,99.25879669189453,99.8239998000339,97.06319319836221,98.56316391172058,51194207,POWERGRID.NS,Power Grid Corp,Energy
2021-05-28,98.01970672607422,100.43269717421947,97.73709924730662,100.43269717421947,15307498,POWERGRID.NS,Power Grid Corp,Energy
2021-05-31,98.10665893554688,98.51969610356457,97.28059049650426,98.25883083413196,13102261,POWERGRID.NS,Power Grid Corp,Energy
2021-06-01,97.56318664550781,99.12837227790529,97.34579991592463,98.38925503852545,15733731,POWERGRID.NS,Power Grid Corp,Energy
2021-06-02,98.88923645019531,99.19358019106454,97.43274437087832,97.47622289057274,7995532,POWERGRID.NS,Power Grid Corp,Energy
2021-06-03,98.38924407958984,100.62833186249331,98.10664254200732,99.58487095912433,10291328,POWERGRID.NS,Power Grid Corp,Energy
2021-06-04,98.32405090332031,99.19360381331137,97.73710549014805,98.25883605674407,6142487,POWERGRID.NS,Power Grid Corp,Energy
2021-06-07,102.7152328491211,103.38912921775228,98.65010063653,98.82400880614534,18058790,POWERGRID.NS,Power Grid Corp,Energy
2021-06-08,101.75874328613281,103.88913782675196,100.88919641959181,103.88913782675196,22511761,POWERGRID.NS,Power Grid Corp,Energy
2021-06-09,105.25867462158203,106.73689715880008,101.6500458355278,102.60654970901226,39865778,POWERGRID.NS,Power Grid Corp,Energy
2021-06-10,105.06304168701172,107.82384861838159,104.45435408618127,107.82384861838159,32690784,POWERGRID.NS,Power Grid Corp,Energy
2021-06-11,107.084716796875,108.17165036942579,106.08474026892509,108.17165036942579,29142097,POWERGRID.NS,Power Grid Corp,Energy
2021-06-14,108.128173828125,108.60641986513345,105.25867401810694,107.80209376816914,18732629,POWERGRID.NS,Power Grid Corp,Energy
2021-06-15,107.64994049072266,109.3455499261362,107.41080565002373,108.93251277600218,15026686,POWERGRID.NS,Power Grid Corp,Energy
2021-06-16,105.28042602539062,107.60645941558529,104.7586954928839,107.32386373121716,30706682,POWERGRID.NS,Power Grid Corp,Energy
2021-06-17,104.28042602539062,106.10646478914687,102.93262146882915,106.10646478914687,22261167,POWERGRID.NS,Power Grid Corp,Energy
2021-06-18,101.30223846435547,106.51951991721654,100.0413907289868,106.08474646281145,49278209,POWERGRID.NS,Power Grid Corp,Energy
2021-06-21,102.1065673828125,102.36742671474454,99.3022764916162,100.82398344718185,11719831,POWERGRID.NS,Power Grid Corp,Energy
2021-06-22,101.75874328613281,103.04132727307764,100.88919641959181,100.88919641959181,10961545,POWERGRID.NS,Power Grid Corp,Energy
2021-06-23,100.97615051269531,102.60655083978995,100.86745715755568,102.49785748465031,10721151,POWERGRID.NS,Power Grid Corp,Energy
2021-06-24,100.49790954589844,101.28049938365186,99.17184111100063,100.9761556150854,12964208,POWERGRID.NS,Power Grid Corp,Energy
2021-06-25,100.3674545288086,101.21526498608448,99.73704255743333,100.62832563549962,7736431,POWERGRID.NS,Power Grid Corp,Energy
2021-06-28,100.80223846435547,101.08484591102432,100.30225609699747,100.86745919635108,9989595,POWERGRID.NS,Power Grid Corp,Energy
2021-06-29,102.60655975341797,103.43263404183544,100.71529992728438,101.12832527750824,61089570,POWERGRID.NS,Power Grid Corp,Energy
2021-06-30,101.04137420654297,103.30219841854593,100.86746011562575,103.1065480147601,17437744,POWERGRID.NS,Power Grid Corp,Energy
2021-07-01,100.34573364257812,101.28050127910103,100.0848742897732,101.1065871812413,15924813,POWERGRID.NS,Power Grid Corp,Energy
2021-07-02,99.10662841796875,100.47615763367878,98.95445064245608,100.34572796465649,9549992,POWERGRID.NS,Power Grid Corp,Energy
2021-07-05,100.12834930419922,100.38922045720771,99.28053869639528,99.69357584317001,6849185,POWERGRID.NS,Power Grid Corp,Energy
2021-07-06,99.4761962890625,100.2153135849305,99.2588095428652,99.73706746089074,5343938,POWERGRID.NS,Power Grid Corp,Energy
2021-07-07,100.41093444824219,100.62832113042768,99.47616699725161,99.47616699725161,7228897,POWERGRID.NS,Power Grid Corp,Energy
2021-07-08,100.49790954589844,101.36745643095433,99.80226496146305,100.04138799605653,8740010,POWERGRID.NS,Power Grid Corp,Energy
2021-07-09,100.10659790039062,100.6283283337797,99.99790455151721,100.45441425798896,2990856,POWERGRID.NS,Power Grid Corp,Energy
2021-07-12,99.56314849853516,100.75877554440439,99.21533208035206,100.30226575841499,5578309,POWERGRID.NS,Power Grid Corp,Energy
2021-07-13,99.41097259521484,100.82398623589437,99.25879481905893,100.17182609404227,8264289,POWERGRID.NS,Power Grid Corp,Energy
2021-07-14,99.9761962890625,100.62835656526794,99.32403601285708,99.41099307514843,9228746,POWERGRID.NS,Power Grid Corp,Energy
2021-07-15,100.17183685302734,100.62834664255857,99.69357895457796,100.43269622019224,5376823,POWERGRID.NS,Power Grid Corp,Energy
2021-07-16,101.67180633544922,102.82396087892553,100.21531976372167,100.71531402839702,15903784,POWERGRID.NS,Power Grid Corp,Energy
2021-07-19,101.36746215820312,102.01962235884201,100.6500812199063,101.67179414997986,13725925,POWERGRID.NS,Power Grid Corp,Energy
2021-07-20,100.56312561035156,102.73699297700047,100.41095961228025,102.12831719072994,14178067,POWERGRID.NS,Power Grid Corp,Energy
2021-07-22,101.41092681884766,101.95439361000993,99.43271005781384,101.95439361000993,10378326,POWERGRID.NS,Power Grid Corp,Energy
2021-07-23,101.30223846435547,101.71527560483725,100.88920132387368,101.62831855515928,6660369,POWERGRID.NS,Power Grid Corp,Energy
2021-07-26,101.17179870605469,102.32395296302123,100.88919127125652,101.49787876436783,12963701,POWERGRID.NS,Power Grid Corp,Energy
2021-07-27,100.80223846435547,102.10657054637899,100.28051978432696,101.30223262569756,10832912,POWERGRID.NS,Power Grid Corp,Energy
2021-07-28,99.17184448242188,101.04137978403587,98.86750660050144,100.86746568351857,13828088,POWERGRID.NS,Power Grid Corp,Energy
2021-07-29,97.04145050048828,100.60659566735843,96.89652599609506,99.12836100495318,28609665,POWERGRID.NS,Power Grid Corp,Energy
2021-07-30,99.21530151367188,100.40367517504048,97.50519146774185,97.99793234167441,34142169,POWERGRID.NS,Power Grid Corp,Energy
2021-08-02,99.12833404541016,99.70803190532484,98.14284650415689,99.4181829753675,9575755,POWERGRID.NS,Power Grid Corp,Energy
2021-08-03,101.1282958984375,101.56306933186842,99.18631025457624,100.02687930226654,20959435,POWERGRID.NS,Power Grid Corp,Energy
2021-08-04,101.5920639038086,102.3746537633862,100.78048442966025,101.82394543842024,23323277,POWERGRID.NS,Power Grid Corp,Energy
2021-08-05,101.56307983398438,101.88191843573019,100.43267350776816,101.59206945013779,6621382,POWERGRID.NS,Power Grid Corp,Energy
2021-08-06,101.4471435546875,102.31669049944198,101.18628418885527,101.73699253627233,5340311,POWERGRID.NS,Power Grid Corp,Energy
2021-08-09,102.28770446777344,102.6065430762827,100.89643874260558,102.6065430762827,16415005,POWERGRID.NS,Power Grid Corp,Energy
2021-08-10,100.05587005615234,102.08481300778806,99.3312475734253,102.08481300778806,11925263,POWERGRID.NS,Power Grid Corp,Energy
2021-08-11,102.229736328125,102.60654237360484,100.02689108237116,100.25876083898746,31279965,POWERGRID.NS,Power Grid Corp,Energy
2021-08-12,108.40351104736328,108.8092948737971,102.20074802053571,102.60653184696953,58107755,POWERGRID.NS,Power Grid Corp,Energy
2021-08-13,107.09920501708984,108.5774396280189,106.43254996129859,106.78036640093309,26776843,POWERGRID.NS,Power Grid Corp,Energy
2021-08-16,104.75140380859375,106.83832564385973,104.57750151831074,106.66441155959299,21308655,POWERGRID.NS,Power Grid Corp,Energy
2021-08-17,106.22962951660156,106.51947843751998,104.92530937246866,104.95429898215362,15962459,POWERGRID.NS,Power Grid Corp,Energy
2021-08-18,104.69345092773438,107.82382232167691,104.43259155906641,106.49051227429858,25227527,POWERGRID.NS,Power Grid Corp,Energy
2021-08-20,103.53404998779297,104.37461907931574,102.63552525490493,102.7804497402725,18720467,POWERGRID.NS,Power Grid Corp,Energy
2021-08-23,101.82394409179688,104.2876603022452,100.98337501419432,104.0557787707002,13112745,POWERGRID.NS,Power Grid Corp,Energy
2021-08-24,102.37464904785156,103.93984048889641,101.70799408929454,102.78044466322655,11029463,POWERGRID.NS,Power Grid Corp,Energy
2021-08-25,101.73699188232422,102.86739818564487,101.47613251816875,102.722473695784,12001351,POWERGRID.NS,Power Grid Corp,Energy
2021-08-26,100.34571075439453,101.67902072999155,99.47616384700119,101.67902072999155,12115246,POWERGRID.NS,Power Grid Corp,Energy
2021-08-27,101.07032012939453,101.36016906110714,99.56310804328554,100.75149338090058,8051699,POWERGRID.NS,Power Grid Corp,Energy
2021-08-30,101.73699188232422,102.22973278905411,100.171812109421,101.56307777689712,14512401,POWERGRID.NS,Power Grid Corp,Energy
2021-08-31,101.65003204345703,102.63552562389033,101.41815050723832,101.73698909378716,43248333,POWERGRID.NS,Power Grid Corp,Energy
2021-09-01,101.82394409179688,103.07029700411472,101.24424615992667,103.07029700411472,11817591,POWERGRID.NS,Power Grid Corp,Energy
2021-09-02,101.88190460205078,102.08479650561942,100.98336815112481,101.67901269848215,13545023,POWERGRID.NS,Power Grid Corp,Energy
2021-09-03,101.76597595214844,102.49059836196442,101.09932097632084,102.02683530208837,12286475,POWERGRID.NS,Power Grid Corp,Energy
2021-09-06,100.9254150390625,102.22973548217097,100.28774962567323,101.8529294398092,13950485,POWERGRID.NS,Power Grid Corp,Energy
2021-09-07,100.28775787353516,100.95441295808138,99.96891924362586,100.92542333936728,12485031,POWERGRID.NS,Power Grid Corp,Energy
2021-09-08,101.96903991699219,102.41148586282998,100.40573450899967,101.02515763296113,25370295,POWERGRID.NS,Power Grid Corp,Energy
2021-09-09,102.35248565673828,102.7359411734542,101.40860346320831,101.7035673988185,5078350,POWERGRID.NS,Power Grid Corp,Energy
2021-09-13,102.58847045898438,102.82444403378007,101.88054973459732,102.79494283613764,7522483,POWERGRID.NS,Power Grid Corp,Energy
2021-09-14,102.70643615722656,103.29636400649508,102.35248184808802,102.588455388218,8434427,POWERGRID.NS,Power Grid Corp,Energy
2021-09-15,104.94817352294922,105.5970917983825,102.49997039088802,102.64745236267348,20064238,POWERGRID.NS,Power Grid Corp,Energy
2021-09-16,105.862548828125,107.16039731099619,105.18414139624993,105.56758490048786,16214883,POWERGRID.NS,Power Grid Corp,Energy
2021-09-17,105.4791259765625,106.4230083293897,104.26976883561449,105.92157195464856,21219226,POWERGRID.NS,Power Grid Corp,Energy
2021-09-20,104.41722106933594,105.71505743432473,103.29635584387549,104.5352018290215,7833069,POWERGRID.NS,Power Grid Corp,Energy
2021-09-21,103.76832580566406,105.24314563802963,103.50285103456955,103.8568173960289,9481007,POWERGRID.NS,Power Grid Corp,Energy
2021-09-22,104.2697525024414,104.6826972164572,103.70932581883235,103.70932581883235,9165634,POWERGRID.NS,Power Grid Corp,Energy
2021-09-23,105.1546401977539,105.44960412537735,104.41723037869532,104.41723037869532,10295913,POWERGRID.NS,Power Grid Corp,Energy
2021-09-24,103.91578674316406,105.89204251786617,103.70931440887199,105.184133942547,7093411,POWERGRID.NS,Power Grid Corp,Energy
2021-09-27,103.82730102539062,104.50572044955862,103.29636356290641,104.12226494875821,5205649,POWERGRID.NS,Power Grid Corp,Energy
2021-09-28,108.51724243164062,111.4373930077441,103.88631038914423,104.32875635502825,38873626,POWERGRID.NS,Power Grid Corp,Energy
2021-09-29,115.0654525756836,115.80286252040825,107.63235073116692,108.25177988558164,53686662,POWERGRID.NS,Power Grid Corp,Energy
2021-09-30,112.02729034423828,116.80570306938156,111.28988060263866,115.00641849903378,23618199,POWERGRID.NS,Power Grid Corp,Energy
2021-10-01,113.17767333984375,114.1510568451478,111.87983666751484,112.55825620164279,16994903,POWERGRID.NS,Power Grid Corp,Energy
2021-10-04,113.05967712402344,113.88557853103642,112.11579494548566,113.26614947524841,10757286,POWERGRID.NS,Power Grid Corp,Energy
2021-10-05,112.05680847167969,115.09493979210005,111.70285410472431,113.05969318052053,17200858,POWERGRID.NS,Power Grid Corp,Energy
2021-10-06,110.67047119140625,113.35464792638196,110.16903487885963,113.23665514559147,8929507,POWERGRID.NS,Power Grid Corp,Energy
2021-10-07,111.08341217041016,113.00067756579564,110.67045549936756,112.67621246727018,6733699,POWERGRID.NS,Power Grid Corp,Energy
2021-10-08,110.7294692993164,112.17479995048076,110.31652454304925,111.49638042051501,8165175,POWERGRID.NS,Power Grid Corp,Energy
2021-10-11,114.12153625488281,115.094919594783,111.67334531182614,112.08629000045643,12982042,POWERGRID.NS,Power Grid Corp,Energy
2021-10-12,114.06256866455078,114.82947981338991,113.05969593340583,114.3870338433939,8539966,POWERGRID.NS,Power Grid Corp,Energy
2021-10-13,117.63159942626953,120.64022864486344,114.53447864198819,115.09490522115654,33075614,POWERGRID.NS,Power Grid Corp,Energy
2021-10-14,120.7287368774414,121.49563588101184,116.9531962378157,118.10355074422777,19185455,POWERGRID.NS,Power Grid Corp,Energy
2021-10-18,120.2273178100586,123.85536500427794,119.25393431804982,123.76688541582541,38546365,POWERGRID.NS,Power Grid Corp,Energy
2021-10-19,117.1891860961914,120.81724527853717,116.21580260793554,120.34529813207538,16174177,POWERGRID.NS,Power Grid Corp,Energy
2021-10-20,114.65247344970703,118.13305011056569,114.06254560895513,117.98556815037772,21909934,POWERGRID.NS,Power Grid Corp,Energy
2021-10-21,114.47550964355469,116.4222644416731,114.15104450947825,115.77334617563362,16946547,POWERGRID.NS,Power Grid Corp,Energy
2021-10-22,114.71147155761719,116.2157924536751,112.82370714094094,115.56687418557475,7705870,POWERGRID.NS,Power Grid Corp,Energy
2021-10-25,113.6496353149414,115.0359637598289,112.38128767306362,114.71149854837775,7862419,POWERGRID.NS,Power Grid Corp,Energy
2021-10-26,112.322265625,113.82657444906141,111.90930892658308,113.6201021009094,8525850,POWERGRID.NS,Power Grid Corp,Energy
2021-10-27,112.23377227783203,113.17765442744646,111.23089974426284,112.17478189387727,9862679,POWERGRID.NS,Power Grid Corp,Energy
2021-10-28,109.66759490966797,112.73521507411618,109.2841393885836,112.49924152251707,11095238,POWERGRID.NS,Power Grid Corp,Energy
2021-10-29,109.1661605834961,111.2898985819793,106.95393100130242,110.25752477695558,12988035,POWERGRID.NS,Power Grid Corp,Energy
2021-11-01,110.75895690917969,111.20140280895005,108.87119253767142,108.90068172972155,5475153,POWERGRID.NS,Power Grid Corp,Energy
2021-11-02,109.4316177368164,112.8237029227285,109.22514538679218,111.28989289126041,10946890,POWERGRID.NS,Power Grid Corp,Energy
2021-11-03,108.51724243164062,110.49351068094786,107.95681567570018,109.43163556198024,13957727,POWERGRID.NS,Power Grid Corp,Energy
2021-11-04,109.1661605834961,109.6380956930959,108.69421347178266,109.1071581929467,830214,POWERGRID.NS,Power Grid Corp,Energy
2021-11-08,111.58486938476562,112.29277809373332,108.90069252587728,110.67047630041085,11947323,POWERGRID.NS,Power Grid Corp,Energy
2021-11-09,110.05105590820312,112.29277475468578,109.3136460240745,112.29277475468578,10381150,POWERGRID.NS,Power Grid Corp,Energy
2021-11-10,108.78270721435547,110.02155340454689,108.28127089952963,109.69708825854049,13857851,POWERGRID.NS,Power Grid Corp,Energy
2021-11-11,107.45538330078125,109.28415762718282,106.59998053373918,109.13667563308407,8851354,POWERGRID.NS,Power Grid Corp,Energy
2021-11-12,107.36686706542969,108.36973959431666,106.3639945365427,108.36973959431666,9590673,POWERGRID.NS,Power Grid Corp,Energy
2021-11-15,111.08341217041016,111.34887488584945,107.36686214158729,107.48484290353541,24821341,POWERGRID.NS,Power Grid Corp,Energy
2021-11-16,110.67047119140625,112.8827008074476,110.02155290445688,111.49637264848445,23206330,POWERGRID.NS,Power Grid Corp,Energy
2021-11-17,112.70574188232422,114.32804377698041,110.31652883662088,110.31652883662088,18359498,POWERGRID.NS,Power Grid Corp,Energy
2021-11-18,113.5611343383789,114.71148908018131,112.705743581871,113.17767875707301,10742933,POWERGRID.NS,Power Grid Corp,Energy
2021-11-22,114.56398010253906,116.21578283196014,113.26614367378856,114.68197287013341,25095721,POWERGRID.NS,Power Grid Corp,Energy
2021-11-23,119.07693481445312,119.40139993468487,113.94456729045598,114.00355767537641,19671538,POWERGRID.NS,Power Grid Corp,Energy
2021-11-24,119.93236541748047,122.38055697938374,119.1654542280379,119.2834350254372,18120478,POWERGRID.NS,Power Grid Corp,Energy
2021-11-25,120.49276733398438,120.93521323606755,118.72298372565167,119.51938394897874,18537454,POWERGRID.NS,Power Grid Corp,Energy
2021-11-26,119.1654281616211,120.90571055422528,118.45751952784285,120.37478507994813,12814537,POWERGRID.NS,Power Grid Corp,Energy
2021-11-29,118.13307189941406,120.34530171026451,117.10069798768384,117.3956619624639,16066147,POWERGRID.NS,Power Grid Corp,Energy
2021-11-30,121.96759033203125,123.5898920172215,118.16256027124861,118.16256027124861,37739647,POWERGRID.NS,Power Grid Corp,Energy
2021-12-01,122.23307037353516,123.14746352631316,120.75825045106433,122.11508958058359,20332817,POWERGRID.NS,Power Grid Corp,Energy
2021-12-02,126.53954315185547,127.4244350620083,121.82011963104034,123.29493948129506,33758843,POWERGRID.NS,Power Grid Corp,Energy
2021-12-03,121.58412170410156,127.6898722608932,121.23016741135218,125.74311764971547,47614182,POWERGRID.NS,Power Grid Corp,Energy
2021-12-06,119.1654281616211,122.70499533473856,118.78197265077743,122.32153982389488,11322446,POWERGRID.NS,Power Grid Corp,Energy
2021-12-07,121.40718841552734,122.08559602062212,119.25394879356097,119.51941159537057,8049102,POWERGRID.NS,Power Grid Corp,Energy
2021-12-08,120.81724548339844,122.49853769208333,120.0798355671231,121.02371785953264,8788449,POWERGRID.NS,Power Grid Corp,Energy
2021-12-09,119.87334442138672,121.79061009546278,119.2244261321222,121.2301833915784,5755422,POWERGRID.NS,Power Grid Corp,Energy
2021-12-10,119.54889678955078,120.49277907219034,119.07694964717379,120.49277907219034,6164402,POWERGRID.NS,Power Grid Corp,Energy
2021-12-13,120.5812759399414,123.6783976918126,120.1683191717563,121.23019428752954,21648126,POWERGRID.NS,Power Grid Corp,Energy
2021-12-14,125.2121810913086,125.74311853522777,119.87332946419113,120.40426690811032,48042035,POWERGRID.NS,Power Grid Corp,Energy
2021-12-15,123.7963638305664,127.2179503523541,122.5870188718463,125.71362945005993,15207306,POWERGRID.NS,Power Grid Corp,Energy
2021-12-16,122.82299041748047,124.94674057049758,121.70213695041691,124.71076699770518,13410737,POWERGRID.NS,Power Grid Corp,Energy
2021-12-17,123.85535430908203,124.1798194457715,120.96471728234395,122.82298051321457,15209414,POWERGRID.NS,Power Grid Corp,Energy
2021-12-20,123.7963638305664,125.44816670359084,122.41003570612457,124.32730132561808,22539246,POWERGRID.NS,Power Grid Corp,Energy
2021-12-21,121.87911987304688,124.9172514104902,120.81725669632863,124.74026821331266,17566511,POWERGRID.NS,Power Grid Corp,Energy
2021-12-22,123.06980895996094,123.95519826406392,120.90211456297861,122.00122966458107,14750231,POWERGRID.NS,Power Grid Corp,Energy
2021-12-23,127.22200012207031,127.98527107603405,123.37512196791097,123.64989454212598,15932489,POWERGRID.NS,Power Grid Corp,Energy
2021-12-24,125.42068481445312,127.4357126658373,125.08484062770755,127.13040428626122,8975969,POWERGRID.NS,Power Grid Corp,Energy
2021-12-27,125.84809875488281,126.55031044097038,125.17642287285369,125.42067203623569,8648187,POWERGRID.NS,Power Grid Corp,Energy
2021-12-28,125.54277801513672,127.40516372619692,124.13836720460772,126.18393045285312,15736206,POWERGRID.NS,Power Grid Corp,Energy
2021-12-29,124.93220520019531,125.72601207551864,123.77203069896571,123.95522072343468,17172943,POWERGRID.NS,Power Grid Corp,Energy
2021-12-30,125.39013671875,129.0843727187883,123.13085990051357,124.93217419426733,87481206,POWERGRID.NS,Power Grid Corp,Energy
2021-12-31,124.8100814819336,125.9091843128272,124.29105966542568,124.5658322673913,9842223,POWERGRID.NS,Power Grid Corp,Energy
2022-01-03,125.17643737792969,126.36713510572729,124.65741560999304,125.42068656961456,7410054,POWERGRID.NS,Power Grid Corp,Energy
2022-01-04,128.5958709716797,130.06135349567322,125.48172837258612,125.97022668826003,14784090,POWERGRID.NS,Power Grid Corp,Energy
2022-01-05,127.4051513671875,129.05381115706152,127.0387839053295,128.2294812621245,9565107,POWERGRID.NS,Power Grid Corp,Energy
2022-01-06,125.75650024414062,127.43569611370468,124.9627060141636,126.85561523706654,5615931,POWERGRID.NS,Power Grid Corp,Energy
2022-01-07,125.29854583740234,127.3135859804045,124.87111910308259,126.36712509623068,11908249,POWERGRID.NS,Power Grid Corp,Energy
2022-01-10,124.56583404541016,126.55033875446694,124.22998981774188,126.55033875446694,11085710,POWERGRID.NS,Power Grid Corp,Energy
2022-01-11,124.47422790527344,125.66493807805287,124.2605145172454,124.90166710435972,7208789,POWERGRID.NS,Power Grid Corp,Energy
2022-01-12,125.14588928222656,126.21446852077263,124.77952174218794,125.7870417945657,11018139,POWERGRID.NS,Power Grid Corp,Energy
2022-01-13,127.0082778930664,129.1454364153055,126.12288861735037,126.7640287202047,20522807,POWERGRID.NS,Power Grid Corp,Energy
2022-01-14,126.85562133789062,128.01579556999093,126.12288625605294,126.97773971052067,14183654,POWERGRID.NS,Power Grid Corp,Energy
2022-01-17,126.00077056884766,127.95475172642666,125.66493879233191,127.71050252885051,7574539,POWERGRID.NS,Power Grid Corp,Energy
2022-01-18,125.26802825927734,126.91668850864517,124.93218407887339,125.93970419705573,8475422,POWERGRID.NS,Power Grid Corp,Energy
2022-01-19,124.96270751953125,126.6419034093238,122.76448993022666,125.78703756264193,13724367,POWERGRID.NS,Power Grid Corp,Energy
2022-01-20,131.06887817382812,131.49630489798938,125.42067365425996,126.45871708323939,30170343,POWERGRID.NS,Power Grid Corp,Energy
2022-01-21,131.34364318847656,133.87770485273484,130.06135066651092,130.61090815393274,29509593,POWERGRID.NS,Power Grid Corp,Energy
2022-01-24,130.67198181152344,132.96179457691227,129.14543996793086,132.13746446597816,12850189,POWERGRID.NS,Power Grid Corp,Energy
2022-01-25,133.6334991455078,134.45782943312284,129.42024026954758,130.36670138464422,27389035,POWERGRID.NS,Power Grid Corp,Energy
2022-01-27,131.19102478027344,133.90827715533365,129.66448268968838,133.1144702990169,28512473,POWERGRID.NS,Power Grid Corp,Energy
2022-01-28,128.3516387939453,132.8091461393278,127.77155783749123,132.8091461393278,18932049,POWERGRID.NS,Power Grid Corp,Energy
2022-01-31,131.52685546875,132.35118562819503,128.96225756677316,129.4507559546821,19907759,POWERGRID.NS,Power Grid Corp,Energy
2022-02-01,130.03082275390625,132.53436119040288,129.0233151260313,132.503825385849,8622355,POWERGRID.NS,Power Grid Corp,Energy
2022-02-02,130.67198181152344,132.99233038299585,130.21401925844566,131.19100355373905,9921099,POWERGRID.NS,Power Grid Corp,Energy
2022-02-03,129.0233154296875,131.28259228112796,128.84012544799072,130.67197557284365,4594389,POWERGRID.NS,Power Grid Corp,Energy
2022-02-04,128.04629516601562,130.2750482252207,127.67992769315246,129.45071830552197,7329263,POWERGRID.NS,Power Grid Corp,Energy
2022-02-07,130.45823669433594,130.85513996169956,128.22948366039523,128.87063604790774,7869237,POWERGRID.NS,Power Grid Corp,Energy
2022-02-08,128.2600555419922,131.5268527268191,127.3135945937857,130.67198677731483,9074237,POWERGRID.NS,Power Grid Corp,Energy
2022-02-09,127.83261108398438,129.23703454475452,127.43570772132941,128.5958820033096,9833985,POWERGRID.NS,Power Grid Corp,Energy
2022-02-10,129.48130798339844,131.71004954698577,128.2600742836655,128.2600742836655,19180334,POWERGRID.NS,Power Grid Corp,Energy
2022-02-11,126.88616180419922,129.4507471078795,126.42819925546853,128.35163202171412,20071130,POWERGRID.NS,Power Grid Corp,Energy
2022-02-14,123.25299072265625,126.36713371913545,122.88662315066397,126.36713371913545,12109375,POWERGRID.NS,Power Grid Corp,Energy
2022-02-15,124.22994995117188,124.47419909081864,121.5127108830483,123.34456079585807,19046061,POWERGRID.NS,Power Grid Corp,Energy
2022-02-16,123.19446563720703,126.14409865774482,122.81790587441472,124.63789791117648,20270061,POWERGRID.NS,Power Grid Corp,Energy
2022-02-17,123.6337661743164,124.79479137409002,123.00618360490364,124.41824438608238,16405551,POWERGRID.NS,Power Grid Corp,Energy
2022-02-18,122.81792449951172,125.61067506666824,122.5355174027913,123.50827565718781,14600643,POWERGRID.NS,Power Grid Corp,Energy
2022-02-21,124.35552215576172,124.88896492971023,122.72380958971776,122.817936785906,10682638,POWERGRID.NS,Power Grid Corp,Energy
2022-02-22,124.35552215576172,124.54378931634169,120.3703743209418,121.87656267839562,13606058,POWERGRID.NS,Power Grid Corp,Energy
2022-02-23,124.29275512695312,125.20274490747084,124.01033525947351,124.48102227040386,6493463,POWERGRID.NS,Power Grid Corp,Energy
2022-02-24,119.93101501464844,123.00617186491098,119.17792111051016,121.75100684588128,13145037,POWERGRID.NS,Power Grid Corp,Energy
2022-02-25,123.82205963134766,124.19860666064929,120.59000649078925,120.84104209972415,10920938,POWERGRID.NS,Power Grid Corp,Energy
2022-02-28,131.2589111328125,131.94924948013846,123.0375811385821,123.9161866161598,31938385,POWERGRID.NS,Power Grid Corp,Energy
2022-03-02,132.35719299316406,133.7692540575971,129.4075466643157,130.3803049493173,20502615,POWERGRID.NS,Power Grid Corp,Energy
2022-03-03,136.7188720703125,137.66024600621301,132.23165375554643,132.23165375554643,19805555,POWERGRID.NS,Power Grid Corp,Energy
2022-03-04,134.96163940429688,136.4992116233487,132.38854060281372,135.52645351369532,12794317,POWERGRID.NS,Power Grid Corp,Energy
2022-03-07,133.54957580566406,135.05576375687528,131.07061699691218,132.10613078951994,17635653,POWERGRID.NS,Power Grid Corp,Energy
2022-03-08,133.2671661376953,140.20195916133673,131.66683812560956,134.3026800091632,28410490,POWERGRID.NS,Power Grid Corp,Energy
2022-03-09,130.5999298095703,135.55783464898332,129.65855595784126,135.02439201997686,22830958,POWERGRID.NS,Power Grid Corp,Energy
2022-03-10,131.07064819335938,132.67098923267247,129.94100696108228,132.4199535916543,16516553,POWERGRID.NS,Power Grid Corp,Energy
2022-03-11,133.32992553710938,133.6751010932222,130.38029226345967,131.35305045381295,12992850,POWERGRID.NS,Power Grid Corp,Energy
2022-03-14,133.92611694335938,134.302663914714,131.5412981777809,133.329905867865,12598659,POWERGRID.NS,Power Grid Corp,Energy
2022-03-15,131.5727081298828,134.96165707089125,130.7254740866812,133.80061892732394,14528285,POWERGRID.NS,Power Grid Corp,Energy
2022-03-16,131.38442993164062,132.92201514015656,131.13339430900515,132.57683956300752,11933774,POWERGRID.NS,Power Grid Corp,Energy
2022-03-17,132.7650909423828,133.5181848802561,130.38027219211844,133.04749797703545,28464621,POWERGRID.NS,Power Grid Corp,Energy
2022-03-21,128.59165954589844,135.55782289081438,128.34062398690529,135.55782289081438,17797415,POWERGRID.NS,Power Grid Corp,Energy
2022-03-22,130.9764862060547,131.4785574036593,128.05823727060582,128.65443564558547,13285297,POWERGRID.NS,Power Grid Corp,Energy
2022-03-23,131.8551025390625,132.16889384104417,130.7254615128489,131.47855553032463,9408783,POWERGRID.NS,Power Grid Corp,Energy
2022-03-24,132.26304626464844,132.5454533557975,130.53719394091044,131.79235926726534,11188958,POWERGRID.NS,Power Grid Corp,Energy
2022-03-25,131.5727081298828,132.29443074749975,129.72133160919574,132.26304650700257,9842670,POWERGRID.NS,Power Grid Corp,Energy
2022-03-28,133.23580932617188,133.5182164275508,130.22340732651844,131.57271265486742,12823578,POWERGRID.NS,Power Grid Corp,Energy
2022-03-29,132.6082000732422,134.58507492324821,131.60405776239483,134.20852794078039,10470515,POWERGRID.NS,Power Grid Corp,Energy
2022-03-30,136.24818420410156,137.25231384213518,132.9220039801027,133.73785372491702,54218485,POWERGRID.NS,Power Grid Corp,Energy
2022-03-31,136.05990600585938,136.34231305450353,134.7733566327026,135.2754277949589,10326026,POWERGRID.NS,Power Grid Corp,Energy
2022-04-01,141.23745727539062,141.67675995090428,135.62058582018253,135.62058582018253,39663961,POWERGRID.NS,Power Grid Corp,Energy
2022-04-04,142.71229553222656,143.151598274924,140.60989623240044,141.83367727863015,9907530,POWERGRID.NS,Power Grid Corp,Energy
2022-04-05,146.2581329345703,147.23087832291944,142.398497314473,144.3126166214702,17167487,POWERGRID.NS,Power Grid Corp,Energy
2022-04-06,148.51742553710938,149.6470665614636,145.0657212209924,145.1912326342982,17153675,POWERGRID.NS,Power Grid Corp,Energy
2022-04-07,145.19122314453125,150.55705915615252,144.34398923959102,148.07810037568308,11913911,POWERGRID.NS,Power Grid Corp,Energy
2022-04-08,145.97572326660156,146.91709725082495,144.7205579543037,146.22675888270152,6746769,POWERGRID.NS,Power Grid Corp,Energy
2022-04-11,144.9088134765625,147.82707489027862,143.33985710017745,145.912943003809,12413822,POWERGRID.NS,Power Grid Corp,Energy
2022-04-12,146.2895050048828,146.63468055041798,143.46538323734376,143.8733144907396,14769907,POWERGRID.NS,Power Grid Corp,Energy
2022-04-13,144.0302276611328,147.70158385179568,142.8064465203127,147.4505482216216,11015439,POWERGRID.NS,Power Grid Corp,Energy
2022-04-18,145.0343475341797,145.47366304910966,142.8064367926266,144.03021785008522,19069923,POWERGRID.NS,Power Grid Corp,Energy
2022-04-19,142.99468994140625,146.4463941710431,142.14745600231728,146.03846293571866,15036942,POWERGRID.NS,Power Grid Corp,Energy
2022-04-20,142.46127319335938,143.71643859594403,140.2333494964905,143.24575156997477,9814641,POWERGRID.NS,Power Grid Corp,Energy
2022-04-21,142.61814880371094,143.49676701554782,141.36298357771568,141.89642624512348,11134333,POWERGRID.NS,Power Grid Corp,Energy
2022-04-22,141.48851013183594,144.46952786253368,141.01782312172577,141.23748727433903,12032249,POWERGRID.NS,Power Grid Corp,Energy
2022-04-25,139.85679626464844,142.39851120012796,139.00956220888932,140.5471346520002,11042683,POWERGRID.NS,Power Grid Corp,Energy
2022-04-26,145.34812927246094,145.7246762831371,140.79815537030535,142.46125183300927,15389155,POWERGRID.NS,Power Grid Corp,Energy
2022-04-27,143.9047088623047,146.13261964155075,142.74367072821943,145.1912456527477,12680209,POWERGRID.NS,Power Grid Corp,Energy
2022-04-28,147.85848999023438,148.2664213221158,144.37541346771627,146.47781307885478,18378146,POWERGRID.NS,Power Grid Corp,Energy
2022-04-29,142.9319305419922,148.32913809882916,142.49262784958225,147.54465988509705,9026331,POWERGRID.NS,Power Grid Corp,Energy
2022-05-02,145.31675720214844,146.3836425226862,141.77091293252468,141.77091293252468,12634353,POWERGRID.NS,Power Grid Corp,Energy
2022-05-04,149.11361694335938,150.27464215095438,146.16398395452876,146.22673965825277,23124643,POWERGRID.NS,Power Grid Corp,Energy
2022-05-05,146.69744873046875,151.0277716958321,146.13262177529927,149.6157106920094,16481935,POWERGRID.NS,Power Grid Corp,Energy
2022-05-06,149.6156768798828,150.08636377478499,145.25397065953632,145.25397065953632,17715186,POWERGRID.NS,Power Grid Corp,Energy
2022-05-09,153.8518829345703,154.66773268541877,147.8898480024111,149.99224724063754,54118806,POWERGRID.NS,Power Grid Corp,Energy
2022-05-10,152.91049194335938,155.86012484195544,152.18876945211147,154.25979698904897,30997494,POWERGRID.NS,Power Grid Corp,Energy
2022-05-11,150.11776733398438,155.6404998554923,149.80397600363057,153.13016921266177,15412618,POWERGRID.NS,Power Grid Corp,Energy
2022-05-12,148.04673767089844,151.8122332652331,145.69330292443925,149.9922411743312,26538994,POWERGRID.NS,Power Grid Corp,Energy
2022-05-13,148.2977752685547,150.52568586439475,146.289503263512,150.52568586439475,15074553,POWERGRID.NS,Power Grid Corp,Energy
2022-05-16,147.60743713378906,149.3019179837021,146.22676038337275,147.79571703984672,7960529,POWERGRID.NS,Power Grid Corp,Energy
2022-05-17,149.77261352539062,150.18054483298732,146.06987305122493,147.41917840641278,15470937,POWERGRID.NS,Power Grid Corp,Energy
2022-05-18,143.0260772705078,149.52155463490004,142.52400608260666,149.050867684318,19181550,POWERGRID.NS,Power Grid Corp,Energy
2022-05-19,143.27711486816406,144.12434883742006,139.10368796099837,139.95092193025437,15085602,POWERGRID.NS,Power Grid Corp,Energy
2022-05-20,143.74781799316406,146.2895201868064,142.30437272156297,144.81470344211976,15148281,POWERGRID.NS,Power Grid Corp,Energy
2022-05-23,140.95506286621094,145.59917710331925,140.70402724859932,145.59917710331925,11572501,POWERGRID.NS,Power Grid Corp,Energy
2022-05-24,142.46127319335938,144.1243699054246,140.95507215661723,141.2061077907747,16336858,POWERGRID.NS,Power Grid Corp,Energy
2022-05-25,141.11192321777344,143.96742871313356,139.66849112208047,143.33984621025868,11062614,POWERGRID.NS,Power Grid Corp,Energy
2022-05-26,142.58676147460938,143.77917096709453,140.51574655753578,142.46125006201123,14150454,POWERGRID.NS,Power Grid Corp,Energy
2022-05-27,141.01779174804688,143.49675044402903,140.20194210628776,143.46536620972313,8430491,POWERGRID.NS,Power Grid Corp,Energy
2022-05-30,143.2457275390625,144.28124137611755,140.76678139210705,140.8922928040286,9305758,POWERGRID.NS,Power Grid Corp,Energy
2022-05-31,146.16400146484375,147.57606242469868,143.21435535444806,143.24573959416995,26351545,POWERGRID.NS,Power Grid Corp,Energy
2022-06-01,143.84193420410156,146.22675331392682,143.18298010116132,145.6933106301558,10282009,POWERGRID.NS,Power Grid Corp,Energy
2022-06-02,141.55125427246094,143.9674446218843,140.9236717002367,143.9674446218843,10071898,POWERGRID.NS,Power Grid Corp,Energy
2022-06-03,141.8336639404297,143.15158481278476,141.2060813566225,141.8336639404297,16082518,POWERGRID.NS,Power Grid Corp,Energy
2022-06-06,141.08058166503906,142.74366543570062,140.2961033701227,141.8336757208782,12693293,POWERGRID.NS,Power Grid Corp,Energy
2022-06-07,141.2061004638672,141.99057879977755,140.39023788723958,140.54713355442163,9103195,POWERGRID.NS,Power Grid Corp,Energy
2022-06-08,140.9236602783203,142.14744108768969,139.98228649628265,139.98228649628265,11240130,POWERGRID.NS,Power Grid Corp,Energy
2022-06-09,141.11192321777344,141.64536579157735,138.69573313534497,141.01778328870247,9468041,POWERGRID.NS,Power Grid Corp,Energy
2022-06-10,140.86090087890625,142.74364856417495,139.35471294525124,139.35471294525124,9019239,POWERGRID.NS,Power Grid Corp,Energy
2022-06-13,139.54298400878906,141.51987168800434,139.00954136981358,139.2291927190152,10186775,POWERGRID.NS,Power Grid Corp,Energy
2022-06-14,140.54713439941406,142.64954656685558,139.32335329531716,139.5430046770522,17023962,POWERGRID.NS,Power Grid Corp,Energy
2022-06-15,139.48023986816406,142.02195463333464,139.2605885007521,140.73540513131965,5898563,POWERGRID.NS,Power Grid Corp,Energy
2022-06-16,135.77749633789062,140.766785793069,135.33819361423008,140.1705746473,11883333,POWERGRID.NS,Power Grid Corp,Energy
2022-06-17,132.6395721435547,136.1226604756723,131.9492338778575,134.42817989456105,19675226,POWERGRID.NS,Power Grid Corp,Energy
2022-06-20,130.694091796875,132.3571884358058,129.50168216321504,131.22753451587485,7402273,POWERGRID.NS,Power Grid Corp,Energy
2022-06-21,132.01199340820312,133.76922974292873,130.09787419637016,131.1961437135236,9459619,POWERGRID.NS,Power Grid Corp,Energy
2022-06-22,132.2002716064453,132.57681859674872,130.66268664108958,132.29441154607122,10257637,POWERGRID.NS,Power Grid Corp,Energy
2022-06-23,130.8823699951172,132.8592451768475,129.37616904430197,131.85511546570473,13114525,POWERGRID.NS,Power Grid Corp,Energy
2022-06-24,131.1333770751953,133.04750908200435,130.38028307446416,133.04750908200435,9499105,POWERGRID.NS,Power Grid Corp,Energy
2022-06-27,132.7650909423828,133.8947318491927,131.57268156725064,133.8947318491927,17545390,POWERGRID.NS,Power Grid Corp,Energy
2022-06-28,131.9806365966797,132.76511491033517,130.7568427664561,131.50994960848638,6770087,POWERGRID.NS,Power Grid Corp,Energy
2022-06-29,132.48269653320312,134.93027145273024,130.8195999360756,131.22753121736378,41502918,POWERGRID.NS,Power Grid Corp,Energy
2022-06-30,132.98475646972656,134.7733643392145,132.04338256281702,132.73372087424386,22260722,POWERGRID.NS,Power Grid Corp,Energy
2022-07-01,129.59579467773438,133.61232549257284,128.77993226739864,132.45130034571002,11133663,POWERGRID.NS,Power Grid Corp,Energy
2022-07-04,132.2316436767578,133.14164607302132,128.6858123363592,128.6858123363592,20178279,POWERGRID.NS,Power Grid Corp,Energy
2022-07-05,134.39683532714844,135.52647650578947,132.38856306256022,132.41994730427353,20083997,POWERGRID.NS,Power Grid Corp,Energy
2022-07-06,132.07473754882812,134.3968005569921,130.66267686469297,134.30266062440992,19203527,POWERGRID.NS,Power Grid Corp,Energy
2022-07-07,133.3927001953125,135.11855251943427,133.11028033589866,133.8320029523536,14069302,POWERGRID.NS,Power Grid Corp,Energy
2022-07-08,137.3150634765625,137.6916104431309,133.45542834078785,134.3026622076166,17142257,POWERGRID.NS,Power Grid Corp,Energy
2022-07-11,136.21682739257812,138.85266957208935,135.6833718937844,138.068191212925,10826079,POWERGRID.NS,Power Grid Corp,Energy
2022-07-12,133.9888916015625,136.15404656934234,133.76924023454447,134.99302125664587,8503695,POWERGRID.NS,Power Grid Corp,Energy
2022-07-13,134.5850830078125,135.99714385303963,133.95750040993377,134.6164672449867,10210005,POWERGRID.NS,Power Grid Corp,Energy
2022-07-14,134.83612060546875,137.59748663083374,133.58095539104838,137.59748663083374,10898403,POWERGRID.NS,Power Grid Corp,Energy
2022-07-15,131.3530731201172,136.18545513036483,131.03928174884908,136.18545513036483,22067479,POWERGRID.NS,Power Grid Corp,Energy
2022-07-18,131.94923400878906,133.29853907429063,131.1020001014927,132.01198971151473,15155654,POWERGRID.NS,Power Grid Corp,Energy
2022-07-19,131.79234313964844,132.73371701921735,131.54130755145664,131.7295874346506,14922395,POWERGRID.NS,Power Grid Corp,Energy
2022-07-20,131.3216552734375,133.23578725567094,130.85096833697355,132.60820467371903,14181034,POWERGRID.NS,Power Grid Corp,Energy
2022-07-21,133.23580932617188,133.80062352892978,131.44718845676377,131.76097979971925,12461554,POWERGRID.NS,Power Grid Corp,Energy
2022-07-22,131.79234313964844,134.27128924856643,131.4785518464588,134.27128924856643,9272199,POWERGRID.NS,Power Grid Corp,Energy
2022-07-25,130.47442626953125,132.4199297934248,130.1606349667032,131.79234718776877,6635194,POWERGRID.NS,Power Grid Corp,Energy
2022-07-26,131.22752380371094,132.41993334003394,129.9723585587817,130.47442976403386,11451315,POWERGRID.NS,Power Grid Corp,Energy
2022-07-27,132.2002716064453,132.41992295343897,131.41579338989652,131.72958467651603,9209354,POWERGRID.NS,Power Grid Corp,Energy
2022-07-28,134.4281768798828,134.80473662381834,131.82371951625987,132.4199178304917,13192642,POWERGRID.NS,Power Grid Corp,Energy
2022-07-29,134.27127075195312,136.6874735912283,133.5809325556739,135.80885553769176,15433067,POWERGRID.NS,Power Grid Corp,Energy
2022-08-01,137.4092254638672,138.1623323560533,134.39683619973044,134.96166317681937,12136557,POWERGRID.NS,Power Grid Corp,Energy
2022-08-02,139.69989013671875,140.2019613453123,136.4050813468518,138.036793622479,17748747,POWERGRID.NS,Power Grid Corp,Energy
2022-08-03,140.3274688720703,141.0491914263347,137.8485226728589,140.1705732197607,12406038,POWERGRID.NS,Power Grid Corp,Energy
2022-08-04,138.57025146484375,140.70402221774506,137.50335332019165,140.57851079752785,9712267,POWERGRID.NS,Power Grid Corp,Energy
2022-08-05,140.35888671875,141.04922520057366,137.34648436580545,139.13509267677708,14099223,POWERGRID.NS,Power Grid Corp,Energy
2022-08-08,139.26060485839844,142.021971315333,138.75853358688204,141.20610869116953,8392041,POWERGRID.NS,Power Grid Corp,Energy
2022-08-10,140.2647247314453,141.14334301047282,138.4133609888032,138.53887241372058,8585266,POWERGRID.NS,Power Grid Corp,Energy
2022-08-11,139.85679626464844,142.39851120012796,139.1350736363343,140.98645018446203,5040626,POWERGRID.NS,Power Grid Corp,Energy
2022-08-12,143.12022399902344,143.46538678489264,139.32334397705296,139.95092660758021,13279062,POWERGRID.NS,Power Grid Corp,Energy
2022-08-16,143.62228393554688,144.312622282663,142.49264284977542,143.84193530487454,11298246,POWERGRID.NS,Power Grid Corp,Energy
2022-08-17,143.4026336669922,144.94020603228984,142.90056244621664,143.6222850380059,11225465,POWERGRID.NS,Power Grid Corp,Energy
2022-08-18,145.19122314453125,145.41087448756022,142.93192847529068,143.05743988039296,11360485,POWERGRID.NS,Power Grid Corp,Energy
2022-08-19,144.58917236328125,145.57147106221421,143.03648671359161,144.77928845326966,9829530,POWERGRID.NS,Power Grid Corp,Energy
2022-08-22,143.1949462890625,146.2686256214924,143.00483016846633,144.55750317453152,9190493,POWERGRID.NS,Power Grid Corp,Energy
2022-08-23,144.20892333984375,145.0327854944223,142.0858636911449,142.561173243493,8903751,POWERGRID.NS,Power Grid Corp,Energy
2022-08-24,145.41305541992188,145.7299285089987,143.54350935180813,144.08219102451895,13007225,POWERGRID.NS,Power Grid Corp,Energy
2022-08-25,143.41676330566406,146.39536514467463,142.65626016615582,146.0784920599459,12124365,POWERGRID.NS,Power Grid Corp,Energy
2022-08-26,146.04676818847656,146.5220777133602,143.60684853945972,143.60684853945972,7966045,POWERGRID.NS,Power Grid Corp,Energy
2022-08-29,143.89207458496094,145.06450243319958,142.97313489253682,144.6525648396025,7517013,POWERGRID.NS,Power Grid Corp,Energy
2022-08-30,145.5081024169922,145.92003996194518,144.55748326414565,144.6208552956159,7214498,POWERGRID.NS,Power Grid Corp,Energy
2022-09-01,143.29000854492188,145.82499326183725,142.59289032648994,142.624582792891,13109081,POWERGRID.NS,Power Grid Corp,Energy
2022-09-02,142.08587646484375,145.03279853305315,141.83238832901333,144.17724384063055,6897237,POWERGRID.NS,Power Grid Corp,Energy
2022-09-05,141.57887268066406,142.9414292912508,140.50149664023883,142.59286380007862,18055474,POWERGRID.NS,Power Grid Corp,Energy
2022-09-06,142.62457275390625,144.4941186935991,141.9591341551149,141.9591341551149,14103701,POWERGRID.NS,Power Grid Corp,Energy
2022-09-07,142.212646484375,143.8286915198707,141.35709171339505,141.35709171339505,7866745,POWERGRID.NS,Power Grid Corp,Energy
2022-09-08,142.212646484375,143.79701194678205,141.61057987250084,143.22663780159567,7187735,POWERGRID.NS,Power Grid Corp,Energy
2022-09-09,141.26202392578125,143.32169897906948,141.00852287896447,143.25832694076502,9162027,POWERGRID.NS,Power Grid Corp,Energy
2022-09-12,141.92745971679688,142.40276937813056,140.8184038403516,141.67397154563204,8778919,POWERGRID.NS,Power Grid Corp,Energy
2022-09-13,143.73361206054688,144.17722914663634,141.83237387399782,142.14924690508934,11278383,POWERGRID.NS,Power Grid Corp,Energy
2022-09-14,147.37765502929688,147.7895796635344,142.40273802126052,142.59286700136778,25072958,POWERGRID.NS,Power Grid Corp,Energy
2022-09-15,150.5780792236328,150.9900167904481,147.25091201209094,147.94803018245628,23606369,POWERGRID.NS,Power Grid Corp,Energy
2022-09-16,149.34230041503906,151.11678210786994,147.91637140959998,151.08510253279792,29399642,POWERGRID.NS,Power Grid Corp,Energy
2022-09-19,147.7579345703125,150.8949732188274,146.80731523517466,149.53241625974317,13920046,POWERGRID.NS,Power Grid Corp,Energy
2022-09-20,147.47271728515625,149.7225211734558,147.09247219105436,148.29659240037526,20162973,POWERGRID.NS,Power Grid Corp,Energy
2022-09-21,143.89207458496094,148.51841393896188,142.14927259894162,148.20154085059474,14468837,POWERGRID.NS,Power Grid Corp,Energy
2022-09-22,139.48753356933594,143.4801397160203,138.88547984744508,141.95914628425487,26264530,POWERGRID.NS,Power Grid Corp,Energy
2022-09-23,128.36526489257812,139.2656915665117,125.54508729307129,138.346764970724,87162722,POWERGRID.NS,Power Grid Corp,Energy
2022-09-26,127.28791046142578,132.6747526861768,118.09859137214468,126.74922881767036,167547134,POWERGRID.NS,Power Grid Corp,Energy
2022-09-27,129.82289123535156,131.75582207564608,127.54140776217632,130.42495779076035,54127095,POWERGRID.NS,Power Grid Corp,Energy
2022-09-28,131.62904357910156,133.3401655742319,128.365261881493,130.0446785244971,52877873,POWERGRID.NS,Power Grid Corp,Energy
2022-09-29,131.81919860839844,134.4175552330174,130.58339877888406,132.42125229075708,36761869,POWERGRID.NS,Power Grid Corp,Energy
2022-09-30,134.4809112548828,138.60026072085873,131.1854368395408,131.1854368395408,62897614,POWERGRID.NS,Power Grid Corp,Energy
2022-10-03,133.5936737060547,136.03359344190926,132.45292564829583,134.9879098712297,11740863,POWERGRID.NS,Power Grid Corp,Energy
2022-10-04,132.1043701171875,134.57598249955797,131.8191895280514,134.4175459736829,19179333,POWERGRID.NS,Power Grid Corp,Energy
2022-10-06,130.74183654785156,133.65706627352301,130.2982065045025,132.3578815021702,20692745,POWERGRID.NS,Power Grid Corp,Energy
2022-10-07,132.70645141601562,132.92825999819868,129.28421949765212,129.28421949765212,14282850,POWERGRID.NS,Power Grid Corp,Energy
2022-10-10,132.42123413085938,134.32247231159587,131.53399996139294,131.78748807061388,16834226,POWERGRID.NS,Power Grid Corp,Energy
2022-10-11,132.0409698486328,134.0055797706328,130.9002348424367,133.08665327450862,17807162,POWERGRID.NS,Power Grid Corp,Energy
2022-10-12,136.60398864746094,136.85747679417344,132.6747547566364,133.37187294729281,35288330,POWERGRID.NS,Power Grid Corp,Energy
2022-10-13,135.58999633789062,137.71305645416953,135.14637914876946,136.22374254726353,16436903,POWERGRID.NS,Power Grid Corp,Energy
2022-10-14,134.76611328125,138.15665240137147,134.06899513684334,138.15665240137147,23365190,POWERGRID.NS,Power Grid Corp,Energy
2022-10-17,134.25912475585938,136.223735321993,133.7204430851839,134.3224967947155,9520537,POWERGRID.NS,Power Grid Corp,Energy
2022-10-18,134.57598876953125,136.255418600772,134.0689995992686,134.95623387062773,13256574,POWERGRID.NS,Power Grid Corp,Energy
2022-10-19,135.5583038330078,137.45954227977202,134.95623725537342,134.98792972025888,11595367,POWERGRID.NS,Power Grid Corp,Energy
2022-10-20,137.8397979736328,138.15667107242277,134.57600247737633,134.70275945305198,16371066,POWERGRID.NS,Power Grid Corp,Energy
2022-10-21,137.71304321289062,138.7270344716708,135.6216757656078,136.4772304872786,11634491,POWERGRID.NS,Power Grid Corp,Energy
2022-10-24,138.69534301757812,139.58259021057617,138.53690647931413,139.2974095991404,1132859,POWERGRID.NS,Power Grid Corp,Energy
2022-10-25,138.47352600097656,139.04390008267495,135.78010501468754,138.69533456230437,20622687,POWERGRID.NS,Power Grid Corp,Energy
2022-10-27,141.89576721191406,142.49782090396786,137.74472472375814,138.9805374667718,24298489,POWERGRID.NS,Power Grid Corp,Energy
2022-10-28,143.73361206054688,145.12784823991086,141.4521159218107,141.83237387399782,11669879,POWERGRID.NS,Power Grid Corp,Energy
2022-10-31,144.58917236328125,145.92003656758868,143.67023280074727,144.46241540969183,11755682,POWERGRID.NS,Power Grid Corp,Energy
2022-11-01,149.025390625,149.50070017649782,145.6348517363683,146.17353331601313,15220278,POWERGRID.NS,Power Grid Corp,Energy
2022-11-02,147.85296630859375,149.9126410781662,147.56777283511008,149.02539398332326,12884449,POWERGRID.NS,Power Grid Corp,Energy
2022-11-03,144.52581787109375,148.04310134546196,143.67025023473514,147.66285622574628,9358215,POWERGRID.NS,Power Grid Corp,Energy
2022-11-04,143.32171630859375,145.41307118710776,142.59290554597203,144.494144286585,8059667,POWERGRID.NS,Power Grid Corp,Energy
2022-11-07,144.49412536621094,146.96573798408954,143.48013408271166,144.05050820892959,14862038,POWERGRID.NS,Power Grid Corp,Energy
2022-11-09,138.63197326660156,146.39536376953126,138.18835610958791,146.39536376953126,22831150,POWERGRID.NS,Power Grid Corp,Energy
2022-11-10,136.19203186035156,139.51919869947938,135.30478479119813,136.88914995268757,16217631,POWERGRID.NS,Power Grid Corp,Energy
2022-11-11,135.6533660888672,138.0615936787509,135.33649301965104,136.88916590137083,12123886,POWERGRID.NS,Power Grid Corp,Energy
2022-11-14,137.14581298828125,138.67073425007277,136.432021461696,136.88624883261897,18460862,POWERGRID.NS,Power Grid Corp,Energy
2022-11-15,140.16323852539062,140.48769046642164,136.04270151469362,136.26981523301868,15258103,POWERGRID.NS,Power Grid Corp,Energy
2022-11-16,140.87704467773438,141.1041584194717,138.5085426236517,140.1308024960392,9825807,POWERGRID.NS,Power Grid Corp,Energy
2022-11-17,141.6557159423828,143.05084866033135,140.32545776714971,140.74724791066137,9449665,POWERGRID.NS,Power Grid Corp,Energy
2022-11-18,141.68817138671875,141.9801860782881,140.71481548545623,141.68817138671875,5828998,POWERGRID.NS,Power Grid Corp,Energy
2022-11-21,142.14239501953125,142.43439647410648,140.4876849049843,141.13658876135835,4712051,POWERGRID.NS,Power Grid Corp,Energy
2022-11-22,141.33128356933594,142.23973852475459,140.74726738229216,141.78551104704528,4366445,POWERGRID.NS,Power Grid Corp,Energy
2022-11-23,139.6116943359375,141.98019651009577,139.02767811187329,141.62329403928283,13510578,POWERGRID.NS,Power Grid Corp,Energy
2022-11-24,143.2455596923828,143.40778569429943,139.57924940866985,139.77392589176412,7622243,POWERGRID.NS,Power Grid Corp,Energy
2022-11-25,143.148193359375,143.3428698042659,140.5525778380736,143.24553158182044,10989671,POWERGRID.NS,Power Grid Corp,Energy
2022-11-28,143.60243225097656,144.18643517458287,142.2072862848416,142.2072862848416,4526153,POWERGRID.NS,Power Grid Corp,Energy
2022-11-29,142.3370819091797,144.21890604578718,141.81796665900225,143.60245256058116,6476054,POWERGRID.NS,Power Grid Corp,Energy
2022-11-30,145.35446166992188,145.97091504353256,141.23392488351482,142.337056142181,17317951,POWERGRID.NS,Power Grid Corp,Energy
2022-12-01,143.9917755126953,145.90603670316506,143.08330742830935,145.35447103828253,13241961,POWERGRID.NS,Power Grid Corp,Energy
2022-12-02,142.62905883789062,143.73219000408199,141.81792909746127,141.81792909746127,12880949,POWERGRID.NS,Power Grid Corp,Energy
2022-12-05,143.9917755126953,144.21888923329595,140.9419193152556,142.564179036665,16477957,POWERGRID.NS,Power Grid Corp,Energy
2022-12-06,145.030029296875,145.4518194945111,142.36952580699364,143.76467190595102,11299945,POWERGRID.NS,Power Grid Corp,Energy
2022-12-07,143.44021606445312,145.41936508915808,143.05086315285374,144.60823519329932,5813973,POWERGRID.NS,Power Grid Corp,Energy
2022-12-08,141.33128356933594,143.95933660805616,140.74726738229216,143.9268993322109,11176439,POWERGRID.NS,Power Grid Corp,Energy
2022-12-09,140.94192504882812,142.0775069000106,139.96856917638598,141.7206176679722,6020031,POWERGRID.NS,Power Grid Corp,Energy
2022-12-12,139.87124633789062,141.46105567361232,139.25477968784722,140.1632478233957,8194429,POWERGRID.NS,Power Grid Corp,Energy
2022-12-13,140.35791015625,140.68236208615167,138.24897261188923,139.87123226139752,8235450,POWERGRID.NS,Power Grid Corp,Energy
2022-12-14,142.2397003173828,143.11573096362784,140.35788995636395,140.35788995636395,10055353,POWERGRID.NS,Power Grid Corp,Energy
2022-12-15,140.3903350830078,143.0184007649088,140.09833365256623,142.43438470204396,5385778,POWERGRID.NS,Power Grid Corp,Energy
2022-12-16,138.34632873535156,141.5908487638728,137.95698897232617,139.5143612264135,11166617,POWERGRID.NS,Power Grid Corp,Energy
2022-12-19,142.04505920410156,142.23972244311787,138.54097567999548,138.89787808783316,7758862,POWERGRID.NS,Power Grid Corp,Energy
2022-12-20,141.0068359375,142.04507963419795,138.80055983077628,142.04507963419795,6541929,POWERGRID.NS,Power Grid Corp,Energy
2022-12-21,140.19569396972656,141.6232772800724,138.76809745739698,140.84459787478988,7005861,POWERGRID.NS,Power Grid Corp,Energy
2022-12-22,139.51434326171875,140.8121511060138,138.11919718870473,140.2281349356842,6961415,POWERGRID.NS,Power Grid Corp,Energy
2022-12-23,137.08094787597656,139.7090139326171,136.56181947896644,138.4760938912057,4554651,POWERGRID.NS,Power Grid Corp,Energy
2022-12-26,137.47030639648438,139.02767859878145,136.8862901703748,137.2431926424377,6864331,POWERGRID.NS,Power Grid Corp,Energy
2022-12-27,137.98939514160156,139.6440919035919,137.43782955427145,138.1840583596102,13115851,POWERGRID.NS,Power Grid Corp,Energy
2022-12-28,140.00100708007812,141.72060494069348,137.8920695458475,137.8920695458475,16815549,POWERGRID.NS,Power Grid Corp,Energy
2022-12-29,140.00100708007812,140.4876849725929,138.54097340253387,138.89787580450445,22536873,POWERGRID.NS,Power Grid Corp,Energy
2022-12-30,138.67071533203125,140.6498768967216,138.3787139479856,140.1956495877662,4643134,POWERGRID.NS,Power Grid Corp,Energy
2023-01-02,139.54681396484375,139.83881549133986,138.21655545083706,139.22236195674319,5959394,POWERGRID.NS,Power Grid Corp,Energy
2023-01-03,139.9036407470703,140.29298034244644,139.09251108921163,139.67652708326588,2873110,POWERGRID.NS,Power Grid Corp,Energy
2023-01-04,136.95115661621094,139.77388559537894,136.59425423409388,139.77388559537894,9954542,POWERGRID.NS,Power Grid Corp,Energy
2023-01-05,135.49114990234375,137.50274950489128,134.06355329261174,137.50274950489128,21273509,POWERGRID.NS,Power Grid Corp,Energy
2023-01-06,135.03689575195312,136.46449221933807,134.6800065365944,135.06934622697815,11510471,POWERGRID.NS,Power Grid Corp,Energy
2023-01-09,135.68580627441406,137.5351797956969,132.5386249203736,135.75069402565515,52485126,POWERGRID.NS,Power Grid Corp,Energy
2023-01-10,137.43785095214844,137.85962792449158,135.6209147559641,136.20493090487932,17248326,POWERGRID.NS,Power Grid Corp,Energy
2023-01-11,137.53515625,138.24896099740218,136.33468685061354,137.697382201322,9164361,POWERGRID.NS,Power Grid Corp,Energy
2023-01-12,138.54095458984375,138.80051873766823,137.17825931624148,138.57340505906467,21179555,POWERGRID.NS,Power Grid Corp,Energy
2023-01-13,138.8654327392578,139.7414503521228,138.41120529613775,138.60586854233915,6560245,POWERGRID.NS,Power Grid Corp,Energy
2023-01-16,139.93612670898438,140.09835268170474,138.02185230969397,139.51433653951472,8362194,POWERGRID.NS,Power Grid Corp,Energy
2023-01-17,141.7206268310547,141.9152900969389,139.44946298184544,139.93614094953313,13000571,POWERGRID.NS,Power Grid Corp,Energy
2023-01-18,142.3370819091797,142.85621036134208,140.42282049555266,141.65574066794963,11171369,POWERGRID.NS,Power Grid Corp,Energy
2023-01-19,143.2455596923828,143.57001169621606,141.8828639166803,141.98020215822743,11586815,POWERGRID.NS,Power Grid Corp,Energy
2023-01-20,144.86781311035156,145.28960333651224,143.40777915963133,143.40777915963133,10112645,POWERGRID.NS,Power Grid Corp,Energy
2023-01-23,146.06826782226562,148.14476826002868,145.06247468074105,145.35447616009054,14393610,POWERGRID.NS,Power Grid Corp,Energy
2023-01-24,143.37530517578125,147.0416146913969,143.0833037143004,146.81450097669145,6150893,POWERGRID.NS,Power Grid Corp,Energy
2023-01-25,142.36949157714844,143.56996092641944,141.33124817242705,143.2130585676178,5790331,POWERGRID.NS,Power Grid Corp,Energy
2023-01-27,142.2721710205078,143.69975422886003,140.81213733842733,142.30462149423605,10458603,POWERGRID.NS,Power Grid Corp,Energy
2023-01-30,137.47030639648438,142.01263428535938,136.62673913831307,141.4610685392502,24288177,POWERGRID.NS,Power Grid Corp,Energy
2023-01-31,140.58502197265625,142.88862272273147,137.66495464288394,137.9569560950681,20997546,POWERGRID.NS,Power Grid Corp,Energy
2023-02-01,140.5201416015625,146.00337414995641,138.60586721929528,146.00337414995641,20246369,POWERGRID.NS,Power Grid Corp,Energy
2023-02-02,138.0218505859375,140.87703031055426,137.1458329845848,140.1632386798959,12820663,POWERGRID.NS,Power Grid Corp,Energy
2023-02-03,139.41696166992188,139.61163806680926,136.52934539529886,138.34626789100122,10815686,POWERGRID.NS,Power Grid Corp,Energy
2023-02-06,140.84458923339844,141.0392524717838,138.24897377239674,138.50852475691056,6948201,POWERGRID.NS,Power Grid Corp,Energy
2023-02-07,140.7147979736328,141.59081553535268,139.5792162301486,141.46104004546183,10035526,POWERGRID.NS,Power Grid Corp,Energy
2023-02-08,140.814453125,141.64472702314268,139.78490808587404,141.3790366730225,12432719,POWERGRID.NS,Power Grid Corp,Energy
2023-02-09,141.3790283203125,142.10966660479727,140.81444480564573,140.81444480564573,7011082,POWERGRID.NS,Power Grid Corp,Energy
2023-02-10,142.20928955078125,142.441763505184,140.71479675502988,140.74801311147482,10892159,POWERGRID.NS,Power Grid Corp,Energy
2023-02-13,143.47129821777344,143.80340770438866,142.14286027131257,142.2092794659217,7710133,POWERGRID.NS,Power Grid Corp,Energy
2023-02-14,142.80709838867188,144.16875287175986,141.31260549855787,144.16875287175986,6010681,POWERGRID.NS,Power Grid Corp,Energy
2023-02-15,142.47499084472656,142.93993878937397,141.4786622374208,141.6447170053051,8107497,POWERGRID.NS,Power Grid Corp,Energy
2023-02-16,142.5414276123047,144.06913707050447,142.14289882299227,144.06913707050447,3963115,POWERGRID.NS,Power Grid Corp,Energy
2023-02-17,142.01004028320312,143.4048976050133,141.4786596303367,142.14287868963405,6491149,POWERGRID.NS,Power Grid Corp,Energy
2023-02-20,143.3384552001953,144.1355125369072,142.2756940664872,143.2056033016972,6841917,POWERGRID.NS,Power Grid Corp,Energy
2023-02-21,144.2683868408203,145.29793187784088,143.50454566694913,144.5008743426829,6701434,POWERGRID.NS,Power Grid Corp,Energy
2023-02-22,142.57461547851562,144.33479858586927,141.4786513917807,143.47130845363674,9128659,POWERGRID.NS,Power Grid Corp,Energy
2023-02-23,141.64468383789062,143.4048666680154,141.2129388397742,142.80706694089793,10345874,POWERGRID.NS,Power Grid Corp,Energy
2023-02-24,142.84033203125,143.07280602846114,141.08014860052597,141.08014860052597,9808830,POWERGRID.NS,Power Grid Corp,Energy
2023-02-27,145.59678649902344,146.0949507049009,142.50817923343837,143.7701844108061,17763618,POWERGRID.NS,Power Grid Corp,Energy
2023-02-28,147.6226806640625,148.12084494076913,145.2979140394316,146.52671655259377,36559278,POWERGRID.NS,Power Grid Corp,Energy
2023-03-01,145.39756774902344,147.62269909338582,144.4012390712278,147.15775111584355,12896085,POWERGRID.NS,Power Grid Corp,Energy
2023-03-02,146.36062622070312,146.7923711916273,143.338438451369,144.79971456911653,79708558,POWERGRID.NS,Power Grid Corp,Energy
2023-03-03,147.52305603027344,149.7481872616226,146.39388899155057,146.39388899155057,9951869,POWERGRID.NS,Power Grid Corp,Energy
2023-03-06,150.8773651123047,151.9733292853066,148.12085325704885,148.78507232995042,15659957,POWERGRID.NS,Power Grid Corp,Energy
2023-03-08,151.4751739501953,151.6744315757218,149.9142482255895,150.74452211588093,11591495,POWERGRID.NS,Power Grid Corp,Energy
2023-03-09,149.9806671142578,153.0692748904073,149.7813959935386,152.10616267193055,13941653,POWERGRID.NS,Power Grid Corp,Energy
2023-03-10,150.4788055419922,151.54155313819035,147.62265870823876,147.62265870823876,9605434,POWERGRID.NS,Power Grid Corp,Energy
2023-03-13,150.179931640625,152.80360512097593,149.7149836889536,151.47516695783273,13209653,POWERGRID.NS,Power Grid Corp,Energy
2023-03-14,149.58212280273438,151.27588676469392,148.78506535803047,149.54891995878813,9583405,POWERGRID.NS,Power Grid Corp,Energy
2023-03-15,151.64120483398438,152.80358809723438,149.91422460344242,150.51202441297076,12228069,POWERGRID.NS,Power Grid Corp,Energy
2023-03-16,154.19845581054688,154.69662010014787,151.67441800447327,152.4050562598405,18437817,POWERGRID.NS,Power Grid Corp,Energy
2023-03-17,152.5710906982422,155.42723765023408,151.6411949590536,155.39402129659047,33711025,POWERGRID.NS,Power Grid Corp,Energy
2023-03-20,151.10983276367188,152.37185165210468,149.6485562698472,149.6485562698472,9281411,POWERGRID.NS,Power Grid Corp,Energy
2023-03-21,148.22047424316406,151.24266261948995,147.75551282971912,150.94376947150914,11272787,POWERGRID.NS,Power Grid Corp,Energy
2023-03-22,148.8514862060547,149.25001493281508,146.659571452087,148.1208479547321,7589846,POWERGRID.NS,Power Grid Corp,Energy
2023-03-23,147.55624389648438,149.1171557416227,146.95844413289095,148.78504626335626,17091298,POWERGRID.NS,Power Grid Corp,Energy
2023-03-24,147.72230529785156,148.95110772014212,146.65955762218326,148.12083398703095,10371666,POWERGRID.NS,Power Grid Corp,Energy
2023-03-27,146.19461059570312,150.27956046691017,145.82929822536275,148.05442934613646,19983733,POWERGRID.NS,Power Grid Corp,Energy
2023-03-28,147.52305603027344,148.18727511506853,145.2647084392558,146.958472510912,8689166,POWERGRID.NS,Power Grid Corp,Energy
2023-03-29,147.75552368164062,148.58579750208943,146.4935182854155,147.52304971462922,19743258,POWERGRID.NS,Power Grid Corp,Energy
2023-03-31,149.91421508789062,150.6116504070002,148.12082928670804,148.78504825211928,10202058,POWERGRID.NS,Power Grid Corp,Energy
2023-04-03,149.18357849121094,151.01018066522383,148.6854142619347,151.01018066522383,7643214,POWERGRID.NS,Power Grid Corp,Energy
2023-04-05,149.88099670410156,150.5119992503753,148.58576174773248,150.5119992503753,12019382,POWERGRID.NS,Power Grid Corp,Energy
2023-04-06,149.61534118652344,151.04341484839873,149.21681245877414,150.9105629301015,4282875,POWERGRID.NS,Power Grid Corp,Energy
2023-04-10,152.13934326171875,152.37181717218874,149.44925133230996,149.58208970584482,4145643,POWERGRID.NS,Power Grid Corp,Energy
2023-04-11,153.66708374023438,154.09882885136855,151.74084567687788,152.03975237546553,5106602,POWERGRID.NS,Power Grid Corp,Energy
2023-04-12,150.9770050048828,153.79993614565572,150.8109502318962,153.7003005791493,9118795,POWERGRID.NS,Power Grid Corp,Energy
2023-04-13,153.5674285888672,153.86633524933387,150.77771417259962,150.9769852795774,11428621,POWERGRID.NS,Power Grid Corp,Energy
2023-04-17,157.1874237060547,159.3461353826271,154.29807385704865,154.4973314421289,21815047,POWERGRID.NS,Power Grid Corp,Energy
2023-04-18,152.96966552734375,157.75203768543105,152.53792040570076,157.35350892451916,13482833,POWERGRID.NS,Power Grid Corp,Energy
2023-04-19,152.7371368408203,153.70026239300176,151.8736603439599,152.10613426566968,8264190,POWERGRID.NS,Power Grid Corp,Energy
2023-04-20,153.36817932128906,154.69661740373664,152.5379055197593,153.33496296379948,7308750,POWERGRID.NS,Power Grid Corp,Energy
2023-04-21,153.7999267578125,154.33129389079224,152.50469149943376,153.96598152066326,5030650,POWERGRID.NS,Power Grid Corp,Energy
2023-04-24,154.06561279296875,154.29810028573814,152.73717461061568,153.43461006177984,5725067,POWERGRID.NS,Power Grid Corp,Energy
2023-04-25,154.6966094970703,155.36082850434536,153.20211673070148,153.63386178814432,8338703,POWERGRID.NS,Power Grid Corp,Energy
2023-04-26,158.2834014892578,159.08045892604767,154.09881616218397,155.46047058973505,13581018,POWERGRID.NS,Power Grid Corp,Energy
2023-04-27,156.72247314453125,158.28339866016591,155.09514194285038,158.08412754774469,9794457,POWERGRID.NS,Power Grid Corp,Energy
2023-04-28,157.58596801757812,158.05091594244394,154.82945628526247,157.38669689916648,10585487,POWERGRID.NS,Power Grid Corp,Energy
2023-05-02,159.47900390625,160.1764393697356,158.25020126857885,158.54909445945995,6732907,POWERGRID.NS,Power Grid Corp,Energy
2023-05-03,159.2133026123047,160.74101184935935,158.61551627165585,159.41257373490186,4789217,POWERGRID.NS,Power Grid Corp,Energy
2023-05-04,158.6487274169922,159.87753003444297,156.05827025555115,159.18010809600594,9189783,POWERGRID.NS,Power Grid Corp,Energy
2023-05-05,160.11001586914062,160.40890905200754,158.2169806657439,158.61552292766228,3896441,POWERGRID.NS,Power Grid Corp,Energy
2023-05-08,162.56759643554688,163.56392491216923,160.1431944397185,160.6413586780297,8758321,POWERGRID.NS,Power Grid Corp,Energy
2023-05-09,161.67091369628906,163.99568028822625,161.20595226975922,162.10265876607727,9166941,POWERGRID.NS,Power Grid Corp,Energy
2023-05-10,164.4938507080078,164.69310831519556,162.4679771967197,162.833303080254,9689409,POWERGRID.NS,Power Grid Corp,Energy
2023-05-11,165.09165954589844,165.5233911417651,163.79642421758263,164.52706251086306,12616726,POWERGRID.NS,Power Grid Corp,Energy
2023-05-12,160.57493591308594,165.78905212213098,160.17640723400936,165.29088789489288,13853807,POWERGRID.NS,Power Grid Corp,Energy
2023-05-15,161.57127380371094,163.16540212668772,160.97347399339836,161.67090935769141,12187763,POWERGRID.NS,Power Grid Corp,Energy
2023-05-16,159.8111114501953,162.4347849818797,159.41258269616932,161.7705658873123,11418509,POWERGRID.NS,Power Grid Corp,Energy
2023-05-17,158.61550903320312,160.67458531393163,157.71880253600864,160.01036628701465,11560929,POWERGRID.NS,Power Grid Corp,Energy
2023-05-18,156.52322387695312,160.07679313809277,155.82578845992708,160.07679313809277,14497723,POWERGRID.NS,Power Grid Corp,Energy
2023-05-19,155.22799682617188,157.7520347882121,154.09882977206402,156.52323216731307,10071694,POWERGRID.NS,Power Grid Corp,Energy
2023-05-22,155.6597137451172,158.74833467476694,154.53054689553622,155.89218768314038,12566129,POWERGRID.NS,Power Grid Corp,Energy
2023-05-23,155.49365234375,157.12099686737128,154.99548813492964,155.46044950463673,12458561,POWERGRID.NS,Power Grid Corp,Energy
2023-05-24,156.6228485107422,157.98448937785818,155.99183234089492,157.95128653538438,8877971,POWERGRID.NS,Power Grid Corp,Energy
2023-05-25,158.05091857910156,159.6118441677003,156.95496795026756,157.884863815512,12502747,POWERGRID.NS,Power Grid Corp,Energy
2023-05-26,157.61917114257812,158.01769983237273,155.9586236737923,157.98448347756906,6811801,POWERGRID.NS,Power Grid Corp,Energy
2023-05-29,155.7593536376953,158.31659405440615,155.49366333815794,158.2169585028834,13638297,POWERGRID.NS,Power Grid Corp,Energy
2023-05-30,156.15789794921875,156.68927860144245,155.22798856461293,156.68927860144245,9469926,POWERGRID.NS,Power Grid Corp,Energy
2023-05-31,155.32760620117188,156.2242991239454,152.7703658237919,156.0914607330048,48104157,POWERGRID.NS,Power Grid Corp,Energy
2023-06-01,154.76304626464844,155.49368455288305,152.80360537616852,154.72982990508567,8804790,POWERGRID.NS,Power Grid Corp,Energy
2023-06-02,155.82579040527344,156.15789993875168,154.82946180483873,155.42726166781387,6617781,POWERGRID.NS,Power Grid Corp,Energy
2023-06-05,156.49000549316406,158.08413391604006,155.95863836125287,157.05458898300714,27428302,POWERGRID.NS,Power Grid Corp,Energy
2023-06-06,156.29075622558594,157.41992326552167,155.72615919204617,157.05459736306324,6898603,POWERGRID.NS,Power Grid Corp,Energy
2023-06-07,158.88119506835938,159.44579208491356,156.85533502664836,157.2206474045447,11153571,POWERGRID.NS,Power Grid Corp,Energy
2023-06-08,160.508544921875,163.03256934190404,158.91441641189397,158.91441641189397,19300834,POWERGRID.NS,Power Grid Corp,Energy
2023-06-09,162.66725158691406,163.06578032287075,160.60817518982836,161.7705585526187,11037141,POWERGRID.NS,Power Grid Corp,Energy
2023-06-12,160.508544921875,163.69678842826514,160.20963822486937,162.7336761584703,8188909,POWERGRID.NS,Power Grid Corp,Energy
2023-06-13,160.90707397460938,161.704131474318,160.37569329908902,160.74101920270576,6443218,POWERGRID.NS,Power Grid Corp,Energy
2023-06-14,163.72999572753906,164.19494365683383,160.8074292065645,160.8074292065645,10297426,POWERGRID.NS,Power Grid Corp,Energy
2023-06-15,163.69680786132812,164.02891744393466,161.93663788437235,164.02891744393466,9732749,POWERGRID.NS,Power Grid Corp,Energy
2023-06-16,163.69680786132812,164.29460781273457,162.40158589459207,163.6636050112116,9702361,POWERGRID.NS,Power Grid Corp,Energy
2023-06-19,161.47166442871094,164.9256119407352,161.0067164528483,163.696795765035,10431647,POWERGRID.NS,Power Grid Corp,Energy
2023-06-20,165.22447204589844,165.85547467441464,161.903377130403,161.96979632599894,13426365,POWERGRID.NS,Power Grid Corp,Energy
2023-06-21,171.50132751464844,172.06592443310277,165.2244638414753,165.2576801944088,31172093,POWERGRID.NS,Power Grid Corp,Energy
2023-06-22,168.41273498535156,171.36850416730525,167.84813801735496,171.36850416730525,7430965,POWERGRID.NS,Power Grid Corp,Energy
2023-06-23,166.12120056152344,169.14340298755343,165.75588815069332,168.4459675004472,5593393,POWERGRID.NS,Power Grid Corp,Energy
2023-06-26,165.0584259033203,166.2208091843296,164.16173293211295,166.0547544298997,7305362,POWERGRID.NS,Power Grid Corp,Energy
2023-06-27,165.755859375,166.08796888004824,164.49384055310264,164.7927337022179,11142907,POWERGRID.NS,Power Grid Corp,Energy
2023-06-28,166.15440368652344,167.7153158041647,163.69678501016102,166.5861487863574,17808717,POWERGRID.NS,Power Grid Corp,Energy
2023-06-30,169.4755096435547,172.49769850417792,166.8518360350533,170.37220274476,17659979,POWERGRID.NS,Power Grid Corp,Energy
2023-07-03,166.38687133789062,169.34264069275605,165.72265229063356,169.07696388471012,12467239,POWERGRID.NS,Power Grid Corp,Energy
2023-07-04,165.7890625,167.71530033527765,165.5233721927944,167.71530033527765,8637967,POWERGRID.NS,Power Grid Corp,Energy
2023-07-05,168.21347045898438,168.67841837762825,165.72264908002606,165.8554874814755,5340907,POWERGRID.NS,Power Grid Corp,Energy
2023-07-06,174.4903564453125,175.08815635269266,168.9773458882061,172.6637538755008,16705046,POWERGRID.NS,Power Grid Corp,Energy
2023-07-07,169.6747589111328,174.3907251991779,169.17659460016228,174.3907251991779,13149183,POWERGRID.NS,Power Grid Corp,Energy
2023-07-10,166.05474853515625,170.30575280037024,165.0584200439453,169.67473664779465,15319047,POWERGRID.NS,Power Grid Corp,Energy
2023-07-11,168.37954711914062,169.64156615134772,166.08799655785947,167.38321843796228,7486045,POWERGRID.NS,Power Grid Corp,Energy
2023-07-12,167.4164276123047,169.20981375600726,166.81862772654648,168.7116494368041,9390877,POWERGRID.NS,Power Grid Corp,Energy
2023-07-13,161.47166442871094,167.51605568278777,160.54175496341315,167.21716248595786,30591450,POWERGRID.NS,Power Grid Corp,Energy
2023-07-14,159.44578552246094,162.33513563586462,157.22064093367436,161.4052262796872,72085831,POWERGRID.NS,Power Grid Corp,Energy
2023-07-17,160.07679748535156,162.70045743289856,158.88119774185802,161.0731261004056,11474161,POWERGRID.NS,Power Grid Corp,Energy
2023-07-18,160.17642211914062,161.87017254100806,159.14687721507886,160.07678656172,14940593,POWERGRID.NS,Power Grid Corp,Energy
2023-07-19,161.57127380371094,163.53071447318908,159.7778878863435,160.07678103471463,22954874,POWERGRID.NS,Power Grid Corp,Energy
2023-07-20,162.2355194091797,163.29826729420188,160.9402975358046,162.03624826855005,10249082,POWERGRID.NS,Power Grid Corp,Energy
2023-07-21,162.13584899902344,163.59713885130213,160.87383024455488,161.57126557332083,18466409,POWERGRID.NS,Power Grid Corp,Energy
2023-07-24,164.36099243164062,164.82595385756824,161.30558761748057,162.1026585561119,14825562,POWERGRID.NS,Power Grid Corp,Energy
2023-07-25,166.81861877441406,167.05109274151903,164.8259616045351,165.35732874169338,10500017,POWERGRID.NS,Power Grid Corp,Energy
2023-07-26,166.718994140625,169.80761565909205,166.05477504046314,168.6452322338088,12898171,POWERGRID.NS,Power Grid Corp,Energy
2023-07-27,166.51968383789062,168.31308309464376,165.85546489396035,167.38317387042758,10836773,POWERGRID.NS,Power Grid Corp,Energy
2023-07-28,171.50132751464844,173.46078152563354,166.12115672141874,167.25033704475825,17518458,POWERGRID.NS,Power Grid Corp,Energy
2023-07-31,176.71546936035156,177.34647200137036,172.13235558344482,174.0253770200713,24269734,POWERGRID.NS,Power Grid Corp,Energy
2023-08-01,167.2503662109375,174.0253952781705,166.3868760197775,174.0253952781705,31395702,POWERGRID.NS,Power Grid Corp,Energy
2023-08-02,165.09165954589844,168.5788097540556,163.79642421758263,167.9810098728,20825405,POWERGRID.NS,Power Grid Corp,Energy
2023-08-03,165.19126892089844,166.45328779257127,163.46430212924813,165.390540037215,10882019,POWERGRID.NS,Power Grid Corp,Energy
2023-08-04,164.29458618164062,165.42376672197855,163.79642187331936,164.72633128490008,7406390,POWERGRID.NS,Power Grid Corp,Energy
2023-08-07,164.69309997558594,165.3573189930532,163.39787829695294,165.25769695128955,6345966,POWERGRID.NS,Power Grid Corp,Energy
2023-08-08,163.54190063476562,166.08137114151663,162.96629007540392,166.08137114151663,15171726,POWERGRID.NS,Power Grid Corp,Energy
2023-08-09,162.7631072998047,164.8962650237864,162.35679482321476,164.55766899704352,18442141,POWERGRID.NS,Power Grid Corp,Energy
2023-08-10,163.74505615234375,164.32066668486988,162.5599699711099,162.898566022891,9962450,POWERGRID.NS,Power Grid Corp,Energy
2023-08-11,165.43804931640625,166.7585685103575,164.4222610818254,166.25067439306707,23866073,POWERGRID.NS,Power Grid Corp,Energy
2023-08-14,165.573486328125,166.11524557762596,163.03401567892064,165.8105008332154,9188486,POWERGRID.NS,Power Grid Corp,Energy
2023-08-16,167.97750854492188,168.38382105577912,164.59154799193018,165.64118749685235,9191471,POWERGRID.NS,Power Grid Corp,Energy
2023-08-17,165.0316925048828,168.48538288626898,164.01590445800622,167.97748886283068,15301142,POWERGRID.NS,Power Grid Corp,Energy
2023-08-18,163.2032928466797,164.9978546314083,162.59381721332736,164.9978546314083,12292241,POWERGRID.NS,Power Grid Corp,Energy
2023-08-21,167.40188598632812,167.74048204518195,163.67732933893603,164.08365563156775,9129526,POWERGRID.NS,Power Grid Corp,Energy
2023-08-22,167.80819702148438,169.39959559790228,167.06327473772876,167.94362992170852,11107830,POWERGRID.NS,Power Grid Corp,Energy
2023-08-23,169.02713012695312,169.29800969797134,167.40186647835114,169.29800969797134,8487619,POWERGRID.NS,Power Grid Corp,Energy
2023-08-24,166.7924041748047,171.09257085298225,166.45380815640476,169.2980091999612,18982087,POWERGRID.NS,Power Grid Corp,Energy
2023-08-25,163.8804931640625,167.53733337033262,163.4741806472567,166.6908432196918,12851343,POWERGRID.NS,Power Grid Corp,Energy
2023-08-28,168.28221130371094,168.62080730230994,164.25292443138522,164.55765531912175,11908665,POWERGRID.NS,Power Grid Corp,Energy
2023-08-29,170.07679748535156,171.32960010611993,168.34995213138137,169.02714422666247,12363321,POWERGRID.NS,Power Grid Corp,Energy
2023-08-30,167.3341522216797,170.3815164361569,166.89397463519816,170.1783670883629,6748007,POWERGRID.NS,Power Grid Corp,Energy
2023-08-31,165.60731506347656,169.02712651989197,164.93012303913605,167.84204047729608,20715819,POWERGRID.NS,Power Grid Corp,Energy
2023-09-01,170.787841796875,171.05872139188168,166.04749710553818,167.2664483943139,13120723,POWERGRID.NS,Power Grid Corp,Energy
2023-09-04,172.95486450195312,173.69977305389503,169.8397836081452,171.7359132151329,10240031,POWERGRID.NS,Power Grid Corp,Energy
2023-09-05,172.2099609375,174.03837414317573,171.32960567402122,172.88715305478863,10893186,POWERGRID.NS,Power Grid Corp,Energy
2023-09-06,172.34539794921875,174.20767631605705,170.75399919124058,173.83521513168571,10018473,POWERGRID.NS,Power Grid Corp,Energy
2023-09-07,174.0383758544922,174.51240483025177,170.7539968088489,172.00679948264985,13760453,POWERGRID.NS,Power Grid Corp,Energy
2023-09-08,175.1557159423828,176.95027752233895,174.10606281707638,174.8848363831902,16781751,POWERGRID.NS,Power Grid Corp,Energy
2023-09-11,179.1173095703125,179.45590561864958,174.44468134775917,176.3069596136131,17683806,POWERGRID.NS,Power Grid Corp,Energy
2023-09-12,172.72914123535156,184.42198920287146,172.14223312560563,183.29333565817825,29826173,POWERGRID.NS,Power Grid Corp,Energy
2023-09-13,174.44467163085938,175.70877174074343,172.72912392584752,174.44467163085938,10692151,POWERGRID.NS,Power Grid Corp,Energy
2023-09-14,176.20538330078125,176.65684471203357,174.89614796365126,175.34760937490358,10941807,POWERGRID.NS,Power Grid Corp,Energy
2023-09-15,175.25730895996094,177.15343844329055,173.54174749122546,177.1082895508882,20516593,POWERGRID.NS,Power Grid Corp,Energy
2023-09-18,180.6748504638672,181.03601405821703,175.2573138835714,176.29566955045826,25627043,POWERGRID.NS,Power Grid Corp,Energy
2023-09-20,184.78314208984375,185.9569444636259,179.1850235889308,179.41075428475395,33369524,POWERGRID.NS,Power Grid Corp,Energy
2023-09-21,182.02923583984375,185.5957780238209,180.94571749445132,185.09916774510071,20332556,POWERGRID.NS,Power Grid Corp,Energy
2023-09-22,179.81704711914062,183.20300718624097,177.33400973660034,181.08114714402882,21193988,POWERGRID.NS,Power Grid Corp,Energy
2023-09-25,179.59132385253906,181.17143861566726,177.60489662010795,180.5845443575083,11951847,POWERGRID.NS,Power Grid Corp,Energy
2023-09-26,179.09474182128906,180.62970781661915,178.41754972533386,179.77193391724427,7440011,POWERGRID.NS,Power Grid Corp,Energy
2023-09-27,179.99765014648438,180.2233808269904,178.14665581083375,179.95250125488172,6736870,POWERGRID.NS,Power Grid Corp,Energy
2023-09-28,181.26173400878906,184.60254527985063,178.59811477013895,180.6748397583687,50185120,POWERGRID.NS,Power Grid Corp,Energy
2023-09-29,180.35882568359375,182.30010415366542,179.77193138636508,181.4423302663665,16293959,POWERGRID.NS,Power Grid Corp,Energy
2023-10-03,180.17823791503906,180.58455039793284,177.78548435576175,179.45589695794575,10830728,POWERGRID.NS,Power Grid Corp,Energy
2023-10-04,179.681640625,180.0428042408809,176.4311129720367,179.59134283227536,14120040,POWERGRID.NS,Power Grid Corp,Energy
2023-10-05,177.51463317871094,180.13310386423,176.38597964572705,180.13310386423,14575590,POWERGRID.NS,Power Grid Corp,Energy
2023-10-06,177.92092895507812,178.28209254064868,175.93450167942478,177.87578006250487,12857229,POWERGRID.NS,Power Grid Corp,Energy
2023-10-09,177.19857788085938,177.78547211825185,174.94127115626245,177.42430855331907,7853369,POWERGRID.NS,Power Grid Corp,Energy
2023-10-10,178.73355102539062,179.2753101725064,176.7019748899675,177.19858514523906,7440527,POWERGRID.NS,Power Grid Corp,Energy
2023-10-11,179.23016357421875,179.81705784318166,178.19180793605125,178.19180793605125,10031916,POWERGRID.NS,Power Grid Corp,Energy
2023-10-12,181.26173400878906,182.39038739614142,178.19180230619352,178.19180230619352,21872719,POWERGRID.NS,Power Grid Corp,Energy
2023-10-13,182.20980834960938,182.7515537171806,179.95250154096087,180.99085716193622,13105921,POWERGRID.NS,Power Grid Corp,Energy
2023-10-16,183.33847045898438,184.06081142755068,180.67485105380993,180.85543285157448,18336656,POWERGRID.NS,Power Grid Corp,Energy
2023-10-17,187.0404510498047,188.71086372777643,182.93216336386226,183.78993726166863,19378328,POWERGRID.NS,Power Grid Corp,Energy
2023-10-18,186.4535675048828,188.2142642972479,184.19626039223292,188.2142642972479,14923328,POWERGRID.NS,Power Grid Corp,Energy
2023-10-19,185.82150268554688,187.26617080333807,182.5709753098783,184.19623899771258,13192888,POWERGRID.NS,Power Grid Corp,Energy
2023-10-20,183.1578826904297,185.27974285563158,181.39717233147573,185.27974285563158,22081120,POWERGRID.NS,Power Grid Corp,Energy
2023-10-23,180.35882568359375,185.23460319482527,179.68163359717224,182.39040194285826,6988219,POWERGRID.NS,Power Grid Corp,Energy
2023-10-25,180.1331024169922,180.99087633966658,178.5981363799682,179.68164100742578,16817158,POWERGRID.NS,Power Grid Corp,Energy
2023-10-26,179.636474609375,180.58454623259763,177.24373488279608,179.4558928186439,11070090,POWERGRID.NS,Power Grid Corp,Energy
2023-10-27,181.44232177734375,182.20981161705004,179.81705809047062,179.90735587543875,9995487,POWERGRID.NS,Power Grid Corp,Energy
2023-10-30,181.35203552246094,182.57097293937926,178.46267176937872,181.4423195288026,7679981,POWERGRID.NS,Power Grid Corp,Energy
2023-10-31,182.5258331298828,183.24817410409682,181.08116495896292,181.93893883818225,7474770,POWERGRID.NS,Power Grid Corp,Energy
2023-11-01,181.44232177734375,182.70642187935957,181.03600930000238,182.70642187935957,5598615,POWERGRID.NS,Power Grid Corp,Energy
2023-11-02,183.38360595703125,183.8802024202315,181.3971649942021,182.1646548005231,12924797,POWERGRID.NS,Power Grid Corp,Energy
2023-11-03,184.55740356445312,186.45354683993008,183.38361501797547,183.6544808194656,8684015,POWERGRID.NS,Power Grid Corp,Energy
2023-11-06,187.98851013183594,188.6657021811419,185.05401125151008,185.09916014363196,9804415,POWERGRID.NS,Power Grid Corp,Energy
2023-11-07,187.8079376220703,188.8011581878057,185.77636137375464,187.9885194219745,10730361,POWERGRID.NS,Power Grid Corp,Energy
2023-11-08,186.90501403808594,189.2526187592294,186.58898555648688,188.71085958434762,7435543,POWERGRID.NS,Power Grid Corp,Energy
2023-11-09,189.43319702148438,190.06524019537358,186.09238557877748,187.17589013080297,13777877,POWERGRID.NS,Power Grid Corp,Energy
2023-11-10,190.6521453857422,192.32255809143655,189.25262605544054,190.06525107158402,12066023,POWERGRID.NS,Power Grid Corp,Energy
2023-11-13,191.6905059814453,194.21869248180155,190.24582404481086,191.41962639613786,11352269,POWERGRID.NS,Power Grid Corp,Energy
2023-11-15,189.7491912841797,194.12837169147838,189.43317662002298,194.12837169147838,19182861,POWERGRID.NS,Power Grid Corp,Energy
2023-11-16,190.71566772460938,192.23440615334738,189.33500408657673,190.25544651193184,27533260,POWERGRID.NS,Power Grid Corp,Energy
2023-11-17,192.83270263671875,193.93723082137438,190.4395465326,191.17590333731636,16705395,POWERGRID.NS,Power Grid Corp,Energy
2023-11-20,192.6486358642578,194.39747115795637,192.23443950994385,193.3849927412822,11156900,POWERGRID.NS,Power Grid Corp,Energy
2023-11-21,192.32644653320312,193.43097466087414,191.40600408600443,193.29291391172922,9608081,POWERGRID.NS,Power Grid Corp,Energy
2023-11-22,194.76564025878906,195.68608276654356,191.6361273055209,191.6361273055209,13079580,POWERGRID.NS,Power Grid Corp,Energy
2023-11-23,194.12132263183594,196.1463074198616,192.602598085655,195.1798399610018,11382709,POWERGRID.NS,Power Grid Corp,Energy
2023-11-24,193.70712280273438,195.22586136629346,192.8327052299908,194.48950455167432,7250200,POWERGRID.NS,Power Grid Corp,Energy
2023-11-28,193.4770050048828,197.38888551491547,192.83269808278612,197.38888551491547,15629209,POWERGRID.NS,Power Grid Corp,Energy
2023-11-29,194.2593994140625,194.6275708093564,192.46453928353748,193.56906751425763,10062023,POWERGRID.NS,Power Grid Corp,Energy
2023-11-30,192.32644653320312,195.870155572853,191.68213962913146,193.66108527267383,60354322,POWERGRID.NS,Power Grid Corp,Energy
2023-12-01,193.4770050048828,195.54800056901774,192.78667315017117,194.67358302868382,20719909,POWERGRID.NS,Power Grid Corp,Energy
2023-12-04,195.9622039794922,197.06674622295733,194.8576757808651,194.8576757808651,27914088,POWERGRID.NS,Power Grid Corp,Energy
2023-12-05,204.6143798828125,205.4887974886903,194.71962255692932,196.69856840417052,40709207,POWERGRID.NS,Power Grid Corp,Energy
2023-12-06,206.54730224609375,208.25012657859452,204.79846702204324,208.0200159414911,29544730,POWERGRID.NS,Power Grid Corp,Energy
2023-12-07,211.70176696777344,213.91082326602393,206.4092227935791,207.09955464238706,24534268,POWERGRID.NS,Power Grid Corp,Energy
2023-12-08,210.4131622314453,214.83127501895567,208.43420241906983,213.3585754380649,22206320,POWERGRID.NS,Power Grid Corp,Energy
2023-12-11,212.57618713378906,214.37104715395503,208.5262458552178,209.8608846371444,19106395,POWERGRID.NS,Power Grid Corp,Energy
2023-12-12,212.94436645507812,214.73922642386054,211.2415423044062,211.70176352947027,14355329,POWERGRID.NS,Power Grid Corp,Energy
2023-12-13,218.09886169433594,218.60510791109783,212.25405986761623,212.62223127353096,26878281,POWERGRID.NS,Power Grid Corp,Energy
2023-12-14,213.6347198486328,218.69715383514222,212.7142773056311,218.37499332715618,29972018,POWERGRID.NS,Power Grid Corp,Energy
2023-12-15,218.467041015625,219.1573729159758,209.07851593498305,216.30399544325704,41341690,POWERGRID.NS,Power Grid Corp,Energy
2023-12-18,213.40460205078125,218.05282550106932,213.0364166190341,218.05282550106932,29051897,POWERGRID.NS,Power Grid Corp,Energy
2023-12-19,214.9693603515625,215.75172809212322,212.48416827564475,213.68073235471866,12612164,POWERGRID.NS,Power Grid Corp,Energy
2023-12-20,209.07850646972656,216.67215702981113,208.20408891116924,216.25796071731955,20400245,POWERGRID.NS,Power Grid Corp,Energy
2023-12-21,213.86483764648438,214.64720540733333,204.9825583821568,206.5933328863529,17755207,POWERGRID.NS,Power Grid Corp,Energy
2023-12-22,213.3125457763672,215.56762705435582,212.16199267077727,214.46309888195708,9735375,POWERGRID.NS,Power Grid Corp,Energy
2023-12-26,214.78524780273438,217.04032895928128,212.66822739348828,213.54264489767948,6772092,POWERGRID.NS,Power Grid Corp,Energy
2023-12-27,215.42958068847656,217.08638008015362,214.00289193328692,216.30399829816096,10231881,POWERGRID.NS,Power Grid Corp,Energy
2023-12-28,220.0778045654297,220.86017225356414,215.475592124035,216.39603461231394,39164340,POWERGRID.NS,Power Grid Corp,Energy
2023-12-29,218.32894897460938,219.295416367779,216.07386775377176,218.88122006923126,12665999,POWERGRID.NS,Power Grid Corp,Energy
2024-01-01,219.29542541503906,220.44597853893748,217.5926011737342,218.97326492241234,5952776,POWERGRID.NS,Power Grid Corp,Energy
2024-01-02,218.92723083496094,220.9982262385275,217.36246751639703,220.9061763804344,9128513,POWERGRID.NS,Power Grid Corp,Energy
2024-01-03,218.19088745117188,219.7096118887511,215.93580623831522,217.22442006142265,8284439,POWERGRID.NS,Power Grid Corp,Energy
2024-01-04,222.2408447265625,223.75958331885636,218.19090323678884,219.06532082607654,19663959,POWERGRID.NS,Power Grid Corp,Energy
2024-01-05,222.05673217773438,225.5083912271292,220.2618722810164,222.74706398761333,16345257,POWERGRID.NS,Power Grid Corp,Energy
2024-01-08,223.06924438476562,225.73852200356993,221.27437028281187,223.1152552736667,13585746,POWERGRID.NS,Power Grid Corp,Energy
2024-01-09,223.02320861816406,225.1862399504512,222.28685184862147,223.29934416234718,8688409,POWERGRID.NS,Power Grid Corp,Energy
2024-01-10,220.12380981445312,222.83912632118046,219.06530659798605,221.8266339920783,16872195,POWERGRID.NS,Power Grid Corp,Energy
2024-01-11,222.70106506347656,223.75958238913262,220.16984813167568,221.13631558733093,18812468,POWERGRID.NS,Power Grid Corp,Energy
2024-01-12,220.4459686279297,223.34535675186524,219.8016617164815,223.20729600113967,11296498,POWERGRID.NS,Power Grid Corp,Energy
2024-01-15,221.9647216796875,222.28688219936134,218.14489060558444,221.27438974739135,12597366,POWERGRID.NS,Power Grid Corp,Energy
2024-01-16,220.03179931640625,223.11527350109003,218.78919622812953,222.42494157312274,7478450,POWERGRID.NS,Power Grid Corp,Energy
2024-01-17,220.16986083984375,222.01074598740905,218.78919697916976,219.5255538471637,13620300,POWERGRID.NS,Power Grid Corp,Energy
2024-01-18,214.87728881835938,216.94828434700142,208.06602025320493,209.17054839284654,25522629,POWERGRID.NS,Power Grid Corp,Energy
2024-01-19,216.6721649169922,218.09885364069706,213.91083734008146,216.30399352467276,20931080,POWERGRID.NS,Power Grid Corp,Energy
2024-01-23,219.01927185058594,227.16519291603925,217.45452253969097,221.826624051071,27492163,POWERGRID.NS,Power Grid Corp,Energy
2024-01-24,226.61293029785156,227.34928707304752,216.30397757962012,217.36248078813864,28309825,POWERGRID.NS,Power Grid Corp,Energy
2024-01-25,225.9686279296875,228.9140410448544,223.75957160452174,225.2782960724685,20651484,POWERGRID.NS,Power Grid Corp,Energy
2024-01-29,233.74636840820312,234.71283583531613,225.64647165668347,225.9226072136926,26181011,POWERGRID.NS,Power Grid Corp,Energy
2024-01-30,233.8844451904297,236.507711936982,231.49128906919466,233.79239532236758,16031367,POWERGRID.NS,Power Grid Corp,Energy
2024-01-31,238.67076110839844,239.31508218091122,232.3197126223025,233.79242643827482,34369455,POWERGRID.NS,Power Grid Corp,Energy
2024-02-01,244.65362548828125,249.3939272268763,237.7503061676223,238.3946272067551,29929092,POWERGRID.NS,Power Grid Corp,Energy
2024-02-02,255.05458068847656,259.0124715558319,242.95076940934248,243.4570014657468,33900724,POWERGRID.NS,Power Grid Corp,Energy
2024-02-05,260.3931579589844,266.37603375696943,253.02961851531043,255.42277445243923,27440927,POWERGRID.NS,Power Grid Corp,Energy
2024-02-06,252.4313507080078,260.393172559988,250.63647663209895,260.393172559988,29668277,POWERGRID.NS,Power Grid Corp,Energy
2024-02-07,246.63259887695312,252.56943662394855,245.57406744537764,250.45242994015388,27335466,POWERGRID.NS,Power Grid Corp,Energy
2024-02-08,254.22622680664062,265.13344783422536,249.25581489216967,249.25581489216967,69776717,POWERGRID.NS,Power Grid Corp,Energy
2024-02-09,251.2808074951172,257.21767297400424,247.69108729169366,256.43529121551643,24496638,POWERGRID.NS,Power Grid Corp,Energy
2024-02-12,248.79559326171875,254.04212667900316,245.067812421321,251.46489894856467,19140023,POWERGRID.NS,Power Grid Corp,Energy
2024-02-13,248.7495880126953,249.30185913593164,243.22693295968452,248.79559890226662,22031847,POWERGRID.NS,Power Grid Corp,Energy
2024-02-14,251.87908935546875,253.1216923723227,245.75815223058243,248.05925852487627,13546941,POWERGRID.NS,Power Grid Corp,Energy
2024-02-15,263.5769958496094,265.1679211829919,253.93794064424642,254.54622554489833,25475670,POWERGRID.NS,Power Grid Corp,Energy
2024-02-16,256.9325866699219,264.74678722455343,255.76279702280092,263.90454439048983,25129188,POWERGRID.NS,Power Grid Corp,Energy
2024-02-19,258.6170959472656,260.4419506262549,255.7627921273332,257.4473063225352,11429901,POWERGRID.NS,Power Grid Corp,Energy
2024-02-20,269.42596435546875,270.2214270821199,259.88049731361417,260.4887822601169,43053543,POWERGRID.NS,Power Grid Corp,Energy
2024-02-21,262.12646484375,270.8764969493412,261.33100218700224,269.09839387214606,24651085,POWERGRID.NS,Power Grid Corp,Energy
2024-02-22,264.466064453125,265.30830733597855,255.71603167391936,262.12648502335446,26793590,POWERGRID.NS,Power Grid Corp,Energy
2024-02-23,263.8577575683594,266.89921057410527,261.09704264710945,264.4192337373513,14313526,POWERGRID.NS,Power Grid Corp,Energy
2024-02-26,269.3323669433594,272.7949558513058,263.9513343665326,264.79360579122994,31012494,POWERGRID.NS,Power Grid Corp,Energy
2024-02-27,273.73077392578125,274.57301674907404,265.86979330951965,265.86979330951965,36510093,POWERGRID.NS,Power Grid Corp,Energy
2024-02-28,261.6117248535156,274.8069567557171,260.5355241739681,272.7949244314648,18824161,POWERGRID.NS,Power Grid Corp,Energy
2024-02-29,264.70001220703125,266.7120447273211,256.7922226150729,261.6585590654039,35043015,POWERGRID.NS,Power Grid Corp,Energy
2024-03-01,269.2388000488281,270.82969685367067,266.3377159749979,266.7120429550009,15149735,POWERGRID.NS,Power Grid Corp,Energy
2024-03-04,275.7427978515625,277.94200800386034,269.5195229128343,269.5195229128343,23131460,POWERGRID.NS,Power Grid Corp,Energy
2024-03-05,276.0703430175781,276.4914786933653,271.15722674353646,273.3096281636759,13220556,POWERGRID.NS,Power Grid Corp,Energy
2024-03-06,274.8537902832031,275.9767712226256,268.1157904093969,271.67193955654477,15969436,POWERGRID.NS,Power Grid Corp,Energy
2024-03-07,273.87115478515625,279.7201031982995,272.3270381159501,275.13453335425885,14908694,POWERGRID.NS,Power Grid Corp,Energy
2024-03-11,267.22674560546875,273.2160916712282,266.1505448015434,269.8938718129837,19020659,POWERGRID.NS,Power Grid Corp,Energy
2024-03-12,266.8524169921875,270.1278281072644,264.6064265108556,266.61845905539633,17906155,POWERGRID.NS,Power Grid Corp,Energy
2024-03-13,247.34031677246094,265.68262453746604,245.00073742894799,265.12111978315926,39389523,POWERGRID.NS,Power Grid Corp,Energy
2024-03-14,249.25877380371094,251.17721732493757,243.97133052094708,247.10634380305163,26005940,POWERGRID.NS,Power Grid Corp,Energy
2024-03-15,248.8844451904297,254.5462153959138,241.1170251585676,250.89647757820327,43817794,POWERGRID.NS,Power Grid Corp,Energy
2024-03-18,247.9017791748047,249.53948443547537,242.84829436802633,248.88441946679507,12423655,POWERGRID.NS,Power Grid Corp,Energy
2024-03-19,242.3804168701172,249.39915481037153,241.725323238633,245.32828109316046,20031514,POWERGRID.NS,Power Grid Corp,Energy
2024-03-20,247.6678466796875,248.13576251643707,242.33362327633205,243.2694549498312,11308487,POWERGRID.NS,Power Grid Corp,Energy
2024-03-21,256.1839294433594,256.88580322265625,249.96065431212384,250.61571937054396,23559105,POWERGRID.NS,Power Grid Corp,Energy
2024-03-22,258.0555725097656,260.39515158963655,253.93791904105572,256.18390924586885,22097588,POWERGRID.NS,Power Grid Corp,Energy
2024-03-26,252.72132873535156,256.5114640995812,249.0248108084402,252.76813745401068,28477120,POWERGRID.NS,Power Grid Corp,Energy
2024-03-27,252.9085235595703,255.29488303344507,251.9259116725202,253.61039735298263,18094214,POWERGRID.NS,Power Grid Corp,Energy
2024-03-28,259.1317443847656,261.56491206936624,254.21862886289023,254.54617560954426,26646830,POWERGRID.NS,Power Grid Corp,Energy
2024-04-01,262.1732482910156,263.53021569655294,259.8336690120322,262.7347530298351,8945400,POWERGRID.NS,Power Grid Corp,Energy
2024-04-02,261.6117248535156,263.6237857370833,260.62911305030167,261.3309867838303,13229425,POWERGRID.NS,Power Grid Corp,Energy
2024-04-03,262.12646484375,264.9339599433418,260.6759085733707,262.1732450050164,14499308,POWERGRID.NS,Power Grid Corp,Energy
2024-04-04,259.8336486816406,268.3029421444806,257.4004807100149,264.6531759073845,23722104,POWERGRID.NS,Power Grid Corp,Energy
2024-04-05,260.5355224609375,261.9860786362818,257.4940696356444,261.9860786362818,9308711,POWERGRID.NS,Power Grid Corp,Energy
2024-04-08,263.6705627441406,265.9633616699896,261.1438059099118,262.54755336019116,14473340,POWERGRID.NS,Power Grid Corp,Energy
2024-04-09,263.1558837890625,266.1037479134396,262.96870602652683,264.7000003723727,5780865,POWERGRID.NS,Power Grid Corp,Energy
2024-04-10,264.419189453125,267.0395348932784,262.0328304566199,262.0328304566199,8809693,POWERGRID.NS,Power Grid Corp,Energy
2024-04-12,257.587646484375,266.19730858078447,257.02614181559807,263.4365939522309,17731780,POWERGRID.NS,Power Grid Corp,Energy
2024-04-15,256.4646911621094,258.476752362273,251.17724724941587,252.90854177640043,13378690,POWERGRID.NS,Power Grid Corp,Energy
2024-04-16,256.6518249511719,257.86839464845417,253.84433005653736,255.4820354117408,9662195,POWERGRID.NS,Power Grid Corp,Energy
2024-04-18,262.12646484375,271.2976040786897,259.88047447594,269.42594067896187,51039603,POWERGRID.NS,Power Grid Corp,Energy
2024-04-19,263.5769958496094,264.1385005884101,257.07298258984304,260.25480469729075,18755469,POWERGRID.NS,Power Grid Corp,Energy
2024-04-22,265.4486999511719,266.43134053448637,263.6238449695679,265.7762468122767,14965203,POWERGRID.NS,Power Grid Corp,Energy
2024-04-23,267.03955078125,268.7240362249676,262.6879395855513,265.44862564938376,11464036,POWERGRID.NS,Power Grid Corp,Energy
2024-04-24,271.7655334472656,273.1225009032958,266.1505429687712,266.7120477284843,19324163,POWERGRID.NS,Power Grid Corp,Energy
2024-04-25,274.4794006347656,275.6024099939506,270.6892940263165,273.2628309617439,22022414,POWERGRID.NS,Power Grid Corp,Energy
2024-04-26,273.496826171875,277.14656424810477,272.7481722031729,275.36848965294854,15581578,POWERGRID.NS,Power Grid Corp,Energy
2024-04-29,274.8537902832031,275.69603312759943,271.01687448171117,273.5436030149001,9804396,POWERGRID.NS,Power Grid Corp,Energy
2024-04-30,282.4808044433594,284.82038369407576,274.2454683452475,274.8537817978874,33288857,POWERGRID.NS,Power Grid Corp,Energy
2024-05-02,293.4767761230469,296.892555525983,282.48075554801045,282.574344413703,44059506,POWERGRID.NS,Power Grid Corp,Energy
2024-05-03,290.90325927734375,295.81637518925874,288.4700913995802,291.9794599080909,27074447,POWERGRID.NS,Power Grid Corp,Energy
2024-05-06,287.1599426269531,290.8564604459498,283.6505739991819,290.2949843129584,16855909,POWERGRID.NS,Power Grid Corp,Energy
2024-05-07,276.3042907714844,288.5168822082761,275.6024170438684,287.30031250413447,13857464,POWERGRID.NS,Power Grid Corp,Energy
2024-05-08,282.6211853027344,283.4166479930991,273.2628679086041,273.2628679086041,18754452,POWERGRID.NS,Power Grid Corp,Energy
2024-05-09,277.14654541015625,284.82037658468664,276.30430261278497,283.3230401897397,11196567,POWERGRID.NS,Power Grid Corp,Energy
2024-05-10,284.2589111328125,284.9140048208796,277.2401725863233,277.2401725863233,11786977,POWERGRID.NS,Power Grid Corp,Energy
2024-05-13,286.87921142578125,287.9086320622395,278.5035344021713,284.68002966160225,11710605,POWERGRID.NS,Power Grid Corp,Energy
2024-05-14,289.40594482421875,292.91531359734995,288.0021973149663,288.236155233175,9957875,POWERGRID.NS,Power Grid Corp,Energy
2024-05-15,294.6466369628906,296.003575886737,289.0316463721136,290.1078471901487,11397656,POWERGRID.NS,Power Grid Corp,Energy
2024-05-16,292.4473876953125,295.34847149311304,285.7093884590864,294.3190509765625,19843532,POWERGRID.NS,Power Grid Corp,Energy
2024-05-17,293.0556945800781,295.72282066822146,290.80970418560065,294.693400074285,9069551,POWERGRID.NS,Power Grid Corp,Energy
2024-05-21,304.7535705566406,306.4380846591677,291.0436426209263,291.0436426209263,21976662,POWERGRID.NS,Power Grid Corp,Energy
2024-05-22,304.8471984863281,306.71886202269854,299.6533435966279,306.71886202269854,10287081,POWERGRID.NS,Power Grid Corp,Energy
2024-05-23,299.37255859375,300.12124109803216,289.1719986571884,298.9514514594513,35705284,POWERGRID.NS,Power Grid Corp,Energy
2024-05-24,298.3431396484375,302.22686411743945,297.03298095785107,297.59448569933596,15058182,POWERGRID.NS,Power Grid Corp,Energy
2024-05-27,297.5476989746094,300.86989006953536,294.3190682017694,300.86989006953536,12857918,POWERGRID.NS,Power Grid Corp,Energy
2024-05-28,292.72808837890625,298.9981709940555,291.97943458574434,298.5302552335014,10935739,POWERGRID.NS,Power Grid Corp,Energy
2024-05-29,297.31378173828125,298.2496135617454,289.26562234462557,289.26562234462557,16812268,POWERGRID.NS,Power Grid Corp,Energy
2024-05-30,287.0195617675781,297.26690060285773,284.3056272931392,294.4126256602685,22768893,POWERGRID.NS,Power Grid Corp,Energy
2024-05-31,290.1078186035156,291.51156611288746,286.08375383370947,288.75085125406304,36929443,POWERGRID.NS,Power Grid Corp,Energy
2024-06-03,315.9835510253906,326.3245078972354,304.7067910625215,313.50360286385313,55218939,POWERGRID.NS,Power Grid Corp,Energy
2024-06-04,276.95941162109375,313.4568490520696,261.7989261875766,313.4568490520696,73262478,POWERGRID.NS,Power Grid Corp,Energy
2024-06-05,279.6264953613281,281.73211664736016,261.28421722823555,277.2869161546258,45312613,POWERGRID.NS,Power Grid Corp,Energy
2024-06-06,281.1706237792969,291.4647716771544,278.9714137438007,283.93130994358796,36508044,POWERGRID.NS,Power Grid Corp,Energy
2024-06-07,289.4994812011719,290.7160507314998,277.75477870146426,278.92456808036076,38016104,POWERGRID.NS,Power Grid Corp,Energy
2024-06-10,295.53564453125,302.60119112364885,291.6051684590796,292.91532714980303,25478964,POWERGRID.NS,Power Grid Corp,Energy
2024-06-11,296.2375183105469,299.18541106374397,294.9273596198579,295.91000005736277,12238518,POWERGRID.NS,Power Grid Corp,Energy
2024-06-12,303.8177185058594,306.1105173139477,296.5650237185889,299.3725184749517,20346144,POWERGRID.NS,Power Grid Corp,Energy
2024-06-13,300.8231201171875,306.9060263436846,300.0744375998741,306.0169747791617,11756503,POWERGRID.NS,Power Grid Corp,Energy
2024-06-14,300.869873046875,305.0811154378888,298.85784072747595,305.0811154378888,14159988,POWERGRID.NS,Power Grid Corp,Energy
2024-06-18,310.5089416503906,311.1640352535985,301.3378025613796,301.3378025613796,21653702,POWERGRID.NS,Power Grid Corp,Energy
2024-06-19,306.29766845703125,313.3632141080479,304.5195941451438,312.5677515434548,14235150,POWERGRID.NS,Power Grid Corp,Energy
2024-06-20,303.7241516113281,307.23352031070095,301.61853039170444,306.4848664118943,11749507,POWERGRID.NS,Power Grid Corp,Energy
2024-06-21,305.0343933105469,308.45017374344997,302.27367801639025,305.73626717591,17209541,POWERGRID.NS,Power Grid Corp,Energy
2024-06-24,311.5851745605469,312.5677864174738,301.85250207614206,302.36722664445557,18044357,POWERGRID.NS,Power Grid Corp,Energy
2024-06-25,306.39129638671875,313.50362310025974,304.89395993766004,313.50362310025974,13979671,POWERGRID.NS,Power Grid Corp,Energy
2024-06-26,305.7362365722656,309.01164761609755,304.09853105034966,304.8004048454565,12946277,POWERGRID.NS,Power Grid Corp,Energy
2024-06-27,310.2749938964844,311.1640454500687,303.5370226794719,307.46749874956646,27061015,POWERGRID.NS,Power Grid Corp,Energy
2024-06-28,309.7135009765625,315.7028179211071,308.4501225168633,311.63194446621674,21676594,POWERGRID.NS,Power Grid Corp,Energy
2024-07-01,308.45013427734375,310.46216672208163,304.37926066724054,309.76029294652307,11959181,POWERGRID.NS,Power Grid Corp,Energy
2024-07-02,309.5730895996094,312.94208915574075,306.99955263523765,308.87121588205343,12684459,POWERGRID.NS,Power Grid Corp,Energy
2024-07-03,313.64398193359375,315.28168737408174,307.98221169163327,309.853875052191,9369793,POWERGRID.NS,Power Grid Corp,Energy
2024-07-04,313.5036315917969,316.96622043907536,312.47421097022885,315.3752950639867,12878827,POWERGRID.NS,Power Grid Corp,Energy
2024-07-05,317.6212463378906,318.0891621482173,311.4915606463369,313.5035929188787,10894118,POWERGRID.NS,Power Grid Corp,Energy
2024-07-08,317.6212463378906,319.11858264279897,315.2348871289504,319.11858264279897,7828162,POWERGRID.NS,Power Grid Corp,Energy
2024-07-09,319.25897216796875,320.38198160856706,316.4046969654796,318.1827714469966,9214579,POWERGRID.NS,Power Grid Corp,Energy
2024-07-10,323.84454345703125,325.48224890723014,313.9715305952731,320.9902682389827,10662609,POWERGRID.NS,Power Grid Corp,Energy
2024-07-11,320.8030700683594,326.3712796685086,320.0544161910536,326.13732176193616,12642065,POWERGRID.NS,Power Grid Corp,Energy
2024-07-12,321.0838623046875,323.70417964359524,318.2763672018648,320.80309565881504,11380570,POWERGRID.NS,Power Grid Corp,Energy
2024-07-15,321.78570556640625,323.2362331415886,318.36992589374364,323.2362331415886,5277531,POWERGRID.NS,Power Grid Corp,Energy
2024-07-16,320.4755859375,324.73360886634305,319.58653437422527,320.75632403152474,11363095,POWERGRID.NS,Power Grid Corp,Energy
2024-07-18,319.3525695800781,322.5812003885706,315.32850466916955,320.054443359375,13908161,POWERGRID.NS,Power Grid Corp,Energy
2024-07-19,310.88330078125,319.91407093422737,309.76029132251716,317.7616408982089,12937990,POWERGRID.NS,Power Grid Corp,Energy
2024-07-22,316.87261962890625,317.62127356588127,308.35654543905974,308.82446128949834,10678640,POWERGRID.NS,Power Grid Corp,Energy
2024-07-23,312.8017272949219,318.6506750753056,300.4955468768576,317.34051648436275,15954324,POWERGRID.NS,Power Grid Corp,Energy
2024-07-24,315.515625,317.05974146127835,309.10517269055066,309.66667737446494,12573882,POWERGRID.NS,Power Grid Corp,Energy
2024-07-25,317.6680908203125,320.61595504540355,309.2456052861565,309.2456052861565,16271884,POWERGRID.NS,Power Grid Corp,Energy
2024-07-26,322.11328125,323.37663119239386,316.7790291580287,318.5103235078311,11468068,POWERGRID.NS,Power Grid Corp,Energy
2024-07-29,320.3819885253906,323.70417963996675,316.07715698924727,317.99560055242785,31849674,POWERGRID.NS,Power Grid Corp,Energy
2024-07-30,327.3538818359375,334.0451006147968,321.2709764437482,322.861901585431,25813219,POWERGRID.NS,Power Grid Corp,Energy
2024-07-31,325.85662841796875,328.14939908144675,320.6159648796612,325.9034085819774,17976593,POWERGRID.NS,Power Grid Corp,Energy
2024-08-01,337.9288024902344,339.23896104170495,327.68143486400743,328.6172664806742,26792459,POWERGRID.NS,Power Grid Corp,Energy
2024-08-02,335.26171875,337.8820361818206,331.2844338799721,335.02776081646897,13771470,POWERGRID.NS,Power Grid Corp,Energy
2024-08-05,320.8030700683594,332.03304958383495,319.58650037790875,330.1146061736671,13566586,POWERGRID.NS,Power Grid Corp,Energy
2024-08-06,318.8846435546875,328.289740473513,317.48089604087374,320.8030870665064,12273667,POWERGRID.NS,Power Grid Corp,Energy
2024-08-07,329.4595642089844,329.9274800954106,321.36462508567433,323.6574243528906,12441847,POWERGRID.NS,Power Grid Corp,Energy
2024-08-08,320.6627502441406,332.2202783142611,319.35259147814537,332.2202783142611,15489731,POWERGRID.NS,Power Grid Corp,Energy
2024-08-09,323.79779052734375,326.55850565643453,322.20686510391533,325.57586516808675,8720610,POWERGRID.NS,Power Grid Corp,Energy
2024-08-12,319.25897216796875,321.7389204100306,317.71485560663336,320.990266489176,12521136,POWERGRID.NS,Power Grid Corp,Energy
2024-08-13,315.3284606933594,320.4755343570572,313.64394672237944,315.375240848395,10435954,POWERGRID.NS,Power Grid Corp,Energy
2024-08-14,312.0998229980469,316.6386117430144,311.1639914448293,315.37523343430826,12385993,POWERGRID.NS,Power Grid Corp,Energy
2024-08-16,319.50726318359375,320.4036779626853,311.95836164964834,314.22302635047714,13013828,POWERGRID.NS,Power Grid Corp,Energy
2024-08-19,321.11138916015625,323.94222725018443,320.16777646348015,323.32888475669984,5891370,POWERGRID.NS,Power Grid Corp,Energy
2024-08-20,321.30010986328125,323.32887131745395,319.69595682689925,321.2529407491177,6393840,POWERGRID.NS,Power Grid Corp,Energy
2024-08-21,317.66717529296875,321.7247267416092,317.1953689940644,320.8282832549824,10118601,POWERGRID.NS,Power Grid Corp,Energy
2024-08-22,315.1666259765625,318.65800430998206,311.86398169237697,317.0538512818114,18370039,POWERGRID.NS,Power Grid Corp,Energy
2024-08-23,317.28973388671875,317.95027421946645,314.55326313076745,315.7799479809891,7494822,POWERGRID.NS,Power Grid Corp,Energy
2024-08-26,319.1769714355469,322.24371247668665,316.91230688759805,317.4784802237783,7993675,POWERGRID.NS,Power Grid Corp,Energy
2024-08-27,316.4404602050781,322.1965022611932,316.11019006804145,319.8846400987046,9589690,POWERGRID.NS,Power Grid Corp,Energy
2024-08-28,315.59124755859375,319.79030637674106,314.93070721576225,316.4404931445404,8790600,POWERGRID.NS,Power Grid Corp,Energy
2024-08-29,314.5060729980469,316.95947155591176,310.25981623139404,313.75119442490615,17653536,POWERGRID.NS,Power Grid Corp,Energy
2024-08-30,318.3748779296875,321.6303528411853,315.21377003530586,316.11021350275325,22713812,POWERGRID.NS,Power Grid Corp,Energy
2024-09-02,316.6291809082031,320.73390127657825,315.3553269979917,319.31848244588133,9789776,POWERGRID.NS,Power Grid Corp,Energy
2024-09-03,315.7799377441406,318.89387647315596,315.1665953389129,317.0538204607028,8434423,POWERGRID.NS,Power Grid Corp,Energy
2024-09-04,314.128662109375,315.827182247649,312.3358037385088,312.5245377972418,9025610,POWERGRID.NS,Power Grid Corp,Energy
2024-09-05,312.5716857910156,315.4496928131749,311.0147307003922,313.60966545035535,13912371,POWERGRID.NS,Power Grid Corp,Energy
2024-09-06,311.20343017578125,314.31736909602694,306.6741011240426,314.2701711870217,23755639,POWERGRID.NS,Power Grid Corp,Energy
2024-09-09,310.0238952636719,310.63726646547246,305.30583246071376,309.22184762458505,18597200,POWERGRID.NS,Power Grid Corp,Energy
2024-09-10,315.30816650390625,316.3933153101741,308.5613417030864,308.5613417030864,15472387,POWERGRID.NS,Power Grid Corp,Energy
2024-09-11,314.4117431640625,318.23336283732135,313.27939647736304,317.9030926539696,10134008,POWERGRID.NS,Power Grid Corp,Energy
2024-09-12,319.1297912597656,319.8846698173223,314.4588973941671,315.96868330605145,18410837,POWERGRID.NS,Power Grid Corp,Energy
2024-09-13,318.23333740234375,322.00778766063695,317.14818871243847,320.63953792329755,10417461,POWERGRID.NS,Power Grid Corp,Energy
2024-09-16,319.1769714355469,322.24371247668665,318.04462476318645,318.23335880750386,7748570,POWERGRID.NS,Power Grid Corp,Energy
2024-09-17,317.903076171875,320.8282809635439,315.638411712663,317.71437093172375,11451846,POWERGRID.NS,Power Grid Corp,Energy
2024-09-18,315.4496765136719,319.7903001759544,314.31735868662264,319.4128609002713,6583254,POWERGRID.NS,Power Grid Corp,Energy
2024-09-19,316.0158386230469,319.27131345354724,314.3173475442979,317.24255222149435,10589610,POWERGRID.NS,Power Grid Corp,Energy
2024-09-20,321.63031005859375,323.611901967363,315.8742683414133,319.08254491920945,31236123,POWERGRID.NS,Power Grid Corp,Energy
2024-09-23,321.9134216308594,323.1873043562893,321.0641760794962,322.7154980725575,6542941,POWERGRID.NS,Power Grid Corp,Energy
2024-09-24,330.31158447265625,331.2080279759151,323.04578461278606,325.1217150884182,26145769,POWERGRID.NS,Power Grid Corp,Energy
2024-09-25,343.23907470703125,345.5981061483167,332.4818970941238,333.89731595889504,40770462,POWERGRID.NS,Power Grid Corp,Energy
2024-09-26,344.8432312011719,345.45657362294673,337.0584273637651,343.52215054286194,18733959,POWERGRID.NS,Power Grid Corp,Energy
2024-09-27,334.2747802734375,342.8144632119609,333.4255346503048,341.77651233745024,33148043,POWERGRID.NS,Power Grid Corp,Energy
2024-09-30,332.9537353515625,337.294359379655,329.9813612094988,334.2747873261715,16356171,POWERGRID.NS,Power Grid Corp,Energy
2024-10-01,331.019287109375,335.9260841265613,330.2172394403099,331.302388166196,9856291,POWERGRID.NS,Power Grid Corp,Energy
2024-10-03,324.7442932128906,330.17006604186173,323.2817050994425,323.65914440645105,19350466,POWERGRID.NS,Power Grid Corp,Energy
2024-10-04,319.7431335449219,327.85820762051003,318.7051539311656,323.659120054448,20121706,POWERGRID.NS,Power Grid Corp,Energy
2024-10-07,310.4013671875,320.8282745930665,306.6740860080783,320.8282745930665,13851446,POWERGRID.NS,Power Grid Corp,Energy
2024-10-08,308.7028503417969,312.3357645406724,304.17352146837453,308.8443864696968,21148292,POWERGRID.NS,Power Grid Corp,Energy
2024-10-09,311.1562194824219,313.0906135738404,307.14586638825875,308.56128512737513,9228363,POWERGRID.NS,Power Grid Corp,Energy
2024-10-10,315.49688720703125,319.0354345539096,311.48653354723575,311.5809005691736,20773976,POWERGRID.NS,Power Grid Corp,Energy
2024-10-11,311.4393005371094,316.4404641684378,310.9203251701005,315.59121866025566,6098468,POWERGRID.NS,Power Grid Corp,Energy
2024-10-14,312.0527038574219,312.80758243206355,309.31620423160933,311.43933261915726,5944216,POWERGRID.NS,Power Grid Corp,Energy
2024-10-15,311.2506408691406,314.64765219585985,309.033145364423,314.64765219585985,12415489,POWERGRID.NS,Power Grid Corp,Energy
2024-10-16,308.7500305175781,313.8927015144062,306.62690233069713,312.9962868913401,22085298,POWERGRID.NS,Power Grid Corp,Energy
2024-10-17,312.477294921875,313.1850043451301,306.2966441441553,309.9767273857277,17039729,POWERGRID.NS,Power Grid Corp,Energy
2024-10-18,313.32659912109375,315.02511933290896,309.7408822241098,312.8076236322693,10569021,POWERGRID.NS,Power Grid Corp,Energy
2024-10-21,312.477294921875,314.93069334851333,310.8731708405589,314.22298392525823,8745904,POWERGRID.NS,Power Grid Corp,Energy
2024-10-22,304.55096435546875,316.7235610444044,302.94681142884616,314.12862641395503,11219831,POWERGRID.NS,Power Grid Corp,Energy
2024-10-23,299.03082275390625,303.7488856840618,296.1528158852197,301.2011489798403,12541589,POWERGRID.NS,Power Grid Corp,Energy
2024-10-24,301.1539306640625,302.71088556614893,297.4738475872849,297.4738475872849,8327779,POWERGRID.NS,Power Grid Corp,Energy
2024-10-25,297.9928283691406,303.3714313614416,295.58662791281984,303.3714313614416,12979410,POWERGRID.NS,Power Grid Corp,Energy
2024-10-28,300.3518981933594,302.380688450008,293.2276341282605,296.7661816036619,9610615,POWERGRID.NS,Power Grid Corp,Energy
2024-10-29,302.47503662109375,303.0884079077436,296.4359211572549,298.2759774236563,15856332,POWERGRID.NS,Power Grid Corp,Energy
2024-10-30,300.4934387207031,307.0515288976693,298.8892858101173,300.5877769416323,14498110,POWERGRID.NS,Power Grid Corp,Energy
2024-10-31,302.7109069824219,304.50379393864205,299.92726712339487,302.3334677062385,9900390,POWERGRID.NS,Power Grid Corp,Energy
2024-11-01,303.89044189453125,304.5038131534014,301.95604748404565,304.26790999130446,847672,POWERGRID.NS,Power Grid Corp,Energy
2024-11-04,297.6625671386719,306.39098254360033,294.02965334591573,306.2494176347551,9249409,POWERGRID.NS,Power Grid Corp,Energy
2024-11-05,298.74774169921875,299.7857212726405,294.40711817194506,294.73738832668425,7518195,POWERGRID.NS,Power Grid Corp,Energy
2024-11-06,300.5406188964844,302.28630799950747,296.1999950934131,299.50263925711073,11019250,POWERGRID.NS,Power Grid Corp,Energy
2024-11-07,295.3035583496094,301.01240274503147,294.1240426648718,301.01240274503147,14504208,POWERGRID.NS,Power Grid Corp,Energy
2024-11-08,298.4174499511719,299.6441346694181,291.29318717064945,294.26556075468307,15740539,POWERGRID.NS,Power Grid Corp,Energy
2024-11-11,311.20343017578125,313.65682874412795,295.1620156554467,295.86972511957913,22838987,POWERGRID.NS,Power Grid Corp,Energy
2024-11-12,304.5037841796875,313.7511757352826,303.6545098395294,312.8075631766802,12069181,POWERGRID.NS,Power Grid Corp,Energy
2024-11-13,300.0688171386719,306.2966662726025,299.26674064168265,304.4566101204961,12918639,POWERGRID.NS,Power Grid Corp,Energy
2024-11-14,298.7287902832031,305.14172647630943,297.29305437592416,301.60026209776106,12500377,POWERGRID.NS,Power Grid Corp,Energy
2024-11-18,298.680908203125,302.03095857840174,296.8144690915435,300.54737652482765,9408101,POWERGRID.NS,Power Grid Corp,Energy
2024-11-19,301.5523681640625,304.6152829286182,298.87233965266626,299.63805373874516,13157158,POWERGRID.NS,Power Grid Corp,Energy
2024-11-21,311.93756103515625,312.7511505895024,299.59023759606504,302.4617095219059,25406386,POWERGRID.NS,Power Grid Corp,Energy
2024-11-22,322.5141296386719,323.13627597551874,310.1189322371218,311.8418035099469,31523269,POWERGRID.NS,Power Grid Corp,Energy
2024-11-25,328.0656433105469,330.60210414911484,321.7483996979914,327.20420763840764,29419152,POWERGRID.NS,Power Grid Corp,Energy
2024-11-26,324.28485107421875,329.8363804184665,323.42341542721545,327.3477658303637,13997179,POWERGRID.NS,Power Grid Corp,Energy
2024-11-27,324.7156066894531,326.6777674260775,322.08342417391594,322.8012921326988,12177260,POWERGRID.NS,Power Grid Corp,Energy
2024-11-28,319.3554992675781,327.10847855898857,317.9676388304884,324.71558551905446,16920231,POWERGRID.NS,Power Grid Corp,Energy
2024-11-29,315.28759765625,318.2547910236072,312.5118474261887,317.15406600945965,13890537,POWERGRID.NS,Power Grid Corp,Energy
2024-12-02,313.8040466308594,317.7283976527965,312.22474282730985,314.09118215509585,16003524,POWERGRID.NS,Power Grid Corp,Energy
2024-12-03,315.5268859863281,317.15406501789136,310.35824260683535,310.35824260683535,23174488,POWERGRID.NS,Power Grid Corp,Energy
2024-12-04,311.1239318847656,317.0583181269633,307.3431785229836,314.95256063195916,17880011,POWERGRID.NS,Power Grid Corp,Energy
2024-12-05,314.2826232910156,316.2926595781231,305.85962104269,311.0761403104066,19785053,POWERGRID.NS,Power Grid Corp,Energy
2024-12-06,314.80902099609375,318.4940823362232,312.7032925232497,313.08614959011936,8802058,POWERGRID.NS,Power Grid Corp,Energy
2024-12-09,315.0004577636719,316.4840398215819,312.70328619879257,313.7082896302644,9376929,POWERGRID.NS,Power Grid Corp,Energy
2024-12-10,313.8518371582031,317.63261974756006,311.41109800464613,317.63261974756006,14994365,POWERGRID.NS,Power Grid Corp,Energy
2024-12-11,313.516845703125,314.90473540033605,312.8468531538778,313.22971021203637,5013051,POWERGRID.NS,Power Grid Corp,Energy
2024-12-12,315.09613037109375,315.7661228179306,311.8896482301591,313.9475301620639,10414162,POWERGRID.NS,Power Grid Corp,Energy
2024-12-13,319.5469665527344,319.9776698064118,311.12396488931114,316.4840515460128,14973536,POWERGRID.NS,Power Grid Corp,Energy
2024-12-16,320.6476745605469,321.8441211074146,317.39334579509085,319.54694957945276,12695136,POWERGRID.NS,Power Grid Corp,Energy
2024-12-17,315.67047119140625,321.17412575942893,313.9475997063354,318.2548076291357,17360248,POWERGRID.NS,Power Grid Corp,Energy
2024-12-18,307.7738952636719,315.00044986782,306.9124595997002,313.94757107402324,15037099,POWERGRID.NS,Power Grid Corp,Energy
2024-12-19,307.8695983886719,309.97535585014055,303.2752556492549,304.3759805545195,10234715,POWERGRID.NS,Power Grid Corp,Energy
2024-12-20,302.2702331542969,311.6503912738322,300.1645048328565,307.5345977730774,13973399,POWERGRID.NS,Power Grid Corp,Energy
2024-12-23,301.7916564941406,304.6631281228579,298.20231695824396,304.37599264403417,5984169,POWERGRID.NS,Power Grid Corp,Energy
2024-12-24,296.8144836425781,303.08385225389713,295.5223154495999,300.64311283058913,4833589,POWERGRID.NS,Power Grid Corp,Energy
2024-12-26,297.0058898925781,299.68594778092825,295.5223078046521,296.81447596420287,3775101,POWERGRID.NS,Power Grid Corp,Energy
2024-12-27,296.1444091796875,298.9201590052883,295.57010906160383,297.43657714284643,3981693,POWERGRID.NS,Power Grid Corp,Energy
2024-12-30,294.3736572265625,298.63301804620414,293.17721084015943,295.7615467188368,12489142,POWERGRID.NS,Power Grid Corp,Energy
2024-12-31,295.4744567871094,296.479460222459,292.0765310002142,294.18228864871605,8402716,POWERGRID.NS,Power Grid Corp,Energy
2025-01-01,297.10162353515625,298.01093466478636,292.79441563503605,295.47447363229577,4239498,POWERGRID.NS,Power Grid Corp,Energy
2025-01-02,301.6481018066406,303.6102916972374,295.5223012423458,296.57518006045615,10766571,POWERGRID.NS,Power Grid Corp,Energy
2025-01-03,302.5095520019531,304.37602041496183,300.2123803314119,302.7967167170974,7636948,POWERGRID.NS,Power Grid Corp,Energy
2025-01-06,292.8901062011719,302.9402569041533,291.7415058653546,302.2702351732399,6722495,POWERGRID.NS,Power Grid Corp,Energy
2025-01-07,291.9808044433594,297.3887662186675,290.01864378496816,292.8901155056114,10137739,POWERGRID.NS,Power Grid Corp,Energy
2025-01-08,293.51226806640625,294.66086846296133,290.01864990788994,293.03368943619523,6907996,POWERGRID.NS,Power Grid Corp,Energy
2025-01-09,292.1722412109375,293.75154478086444,290.64078381793064,293.51225547602337,8244909,POWERGRID.NS,Power Grid Corp,Energy
2025-01-10,286.86004638671875,292.17225756753425,285.71144597513177,291.0236571559473,6540783,POWERGRID.NS,Power Grid Corp,Energy
2025-01-13,275.2784423828125,285.7592971798324,274.4648528444749,282.3614004851616,19474228,POWERGRID.NS,Power Grid Corp,Energy
2025-01-14,277.8149108886719,280.4949396886477,274.5127064653774,275.42201759936376,15954608,POWERGRID.NS,Power Grid Corp,Energy
2025-01-15,285.8550109863281,289.5400722939113,278.62848532882623,282.3613928155499,12198882,POWERGRID.NS,Power Grid Corp,Energy
2025-01-16,284.89788818359375,288.6786715169003,283.8928846191073,286.1900564880229,11694289,POWERGRID.NS,Power Grid Corp,Energy
2025-01-17,289.6357727050781,291.9329441283263,283.0313939094448,284.8978329114067,7593230,POWERGRID.NS,Power Grid Corp,Energy
2025-01-20,293.12939453125,295.5701337241153,289.01363022677754,289.6357765690648,9435937,POWERGRID.NS,Power Grid Corp,Energy
2025-01-21,289.3965148925781,296.670916199409,288.5829253472529,293.8472904862575,13911546,POWERGRID.NS,Power Grid Corp,Energy
2025-01-22,284.8021545410156,289.34865190135525,283.1271291977326,289.06151638369914,9723333,POWERGRID.NS,Power Grid Corp,Energy
2025-01-23,281.7392272949219,286.7643025883743,281.02135939585725,284.7542666289694,12228286,POWERGRID.NS,Power Grid Corp,Energy
2025-01-24,283.17498779296875,289.5400778778457,281.73925186960753,282.64853376166303,11142914,POWERGRID.NS,Power Grid Corp,Energy
2025-01-27,274.7041320800781,282.36139011715346,271.5933710025163,282.36139011715346,13477947,POWERGRID.NS,Power Grid Corp,Energy
2025-01-28,271.7847900390625,276.42697894433195,267.3818612161158,274.84767545624203,11298068,POWERGRID.NS,Power Grid Corp,Energy
2025-01-29,275.5177307128906,276.7620235010742,271.1626475340035,273.1248374970589,4800024,POWERGRID.NS,Power Grid Corp,Energy
2025-01-30,282.6963806152344,284.3714056900714,275.5177017230757,275.5177017230757,10969499,POWERGRID.NS,Power Grid Corp,Energy
2025-01-31,288.72650146484375,290.4494021772343,283.2228468418883,284.27572574221756,14141459,POWERGRID.NS,Power Grid Corp,Energy
2025-02-01,277.4320373535156,292.2679748674991,276.28343695870706,288.7264813252738,6945157,POWERGRID.NS,Power Grid Corp,Energy
2025-02-03,271.6412048339844,279.48990564927925,266.08970469349185,277.5755912270239,14978897,POWERGRID.NS,Power Grid Corp,Energy
2025-02-04,273.4119567871094,274.12982470929336,260.44248801036724,268.9611815115929,19836427,POWERGRID.NS,Power Grid Corp,Energy
2025-02-05,272.98126220703125,278.293473315418,272.3590866200002,273.36411926896625,15337191,POWERGRID.NS,Power Grid Corp,Energy
2025-02-06,269.1047668457031,278.48492583483807,267.76475247871883,275.1827214928746,21418561,POWERGRID.NS,Power Grid Corp,Energy
2025-02-07,269.3468322753906,272.9781486269869,261.4547773149336,264.45667140926554,17193482,POWERGRID.NS,Power Grid Corp,Energy
2025-02-10,260.1959228515625,267.2648732583572,259.61490634717717,266.29652226829074,16709670,POWERGRID.NS,Power Grid Corp,Energy
2025-02-11,253.17539978027344,260.29275652329574,251.77127890415463,260.19594505740855,22083955,POWERGRID.NS,Power Grid Corp,Energy
2025-02-12,248.9146270751953,253.80481763807177,245.96116817566727,251.2870989826207,17861265,POWERGRID.NS,Power Grid Corp,Energy
2025-02-13,250.9481658935547,253.0785500004455,247.9947070447423,249.10830482945542,12257226,POWERGRID.NS,Power Grid Corp,Energy
2025-02-14,249.2051544189453,253.2238054594861,246.6874357200921,252.1586133693871,11339563,POWERGRID.NS,Power Grid Corp,Energy
2025-02-17,254.8699951171875,255.64466409678988,244.21811933729094,248.76936608384136,8332653,POWERGRID.NS,Power Grid Corp,Energy
2025-02-18,258.5013427734375,259.4212586045084,251.96497272687063,255.4994483972606,10483635,POWERGRID.NS,Power Grid Corp,Energy
2025-02-19,254.72471618652344,260.00224090453156,253.99845294377334,254.19213496253084,14602009,POWERGRID.NS,Power Grid Corp,Energy
2025-02-20,257.33929443359375,258.01715199691387,253.03012039190682,254.4342412509003,15312926,POWERGRID.NS,Power Grid Corp,Energy
2025-02-21,253.61114501953125,257.3393026331229,251.19026729015096,256.9035328211424,10757038,POWERGRID.NS,Power Grid Corp,Energy
2025-02-24,250.9481658935547,253.5142902370401,249.10830482945542,249.83456810884158,14599185,POWERGRID.NS,Power Grid Corp,Energy
2025-02-25,247.65579223632812,251.72287865093057,246.83268789626214,250.60925125169004,21287363,POWERGRID.NS,Power Grid Corp,Energy
2025-02-27,248.13995361328125,249.30198668016166,245.42856775033403,245.96116377667684,13614799,POWERGRID.NS,Power Grid Corp,Energy
2025-02-28,242.91087341308594,248.8662266223009,239.47322413686564,247.80103452796848,38512868,POWERGRID.NS,Power Grid Corp,Energy
2025-03-03,244.50863647460938,245.76749577598812,240.63523233243734,244.99281199238087,9873539,POWERGRID.NS,Power Grid Corp,Energy
2025-03-04,245.96116638183594,249.01146627504443,241.55516615486243,242.0877621868464,11947033,POWERGRID.NS,Power Grid Corp,Energy
2025-03-05,256.0320129394531,258.7434136235141,247.65578222706532,248.81781531333843,14536637,POWERGRID.NS,Power Grid Corp,Energy
2025-03-06,258.2108154296875,258.84023773562126,252.4491441040102,256.758288776734,11926868,POWERGRID.NS,Power Grid Corp,Energy
2025-03-07,254.96682739257812,260.1475115778614,253.32064828858915,257.5813871277244,10043068,POWERGRID.NS,Power Grid Corp,Energy
2025-03-10,262.7136535644531,265.5703012601409,252.7880543377751,252.7880543377751,30233763,POWERGRID.NS,Power Grid Corp,Energy
2025-03-11,258.8402404785156,263.24625577020277,257.43614909681986,261.45480030223024,9255499,POWERGRID.NS,Power Grid Corp,Energy
2025-03-12,258.64654541015625,263.77879363944345,255.25731707526543,262.13261475067486,11875548,POWERGRID.NS,Power Grid Corp,Energy
2025-03-13,259.1791687011719,262.0842220313962,257.0972197248572,261.26111767748654,9270442,POWERGRID.NS,Power Grid Corp,Energy
2025-03-17,258.888671875,262.0842186766507,256.5646351509149,261.454796373505,11987667,POWERGRID.NS,Power Grid Corp,Energy
2025-03-18,258.888671875,258.888671875,258.888671875,258.888671875,0,POWERGRID.NS,Power Grid Corp,Energy
2025-03-19,268.4269104003906,269.49207286448365,261.2610893221769,263.39147335381784,13089950,POWERGRID.NS,Power Grid Corp,Energy
2025-03-20,271.47723388671875,274.57593964248076,268.2816575599182,274.52753390869157,13710249,POWERGRID.NS,Power Grid Corp,Energy
2025-03-21,274.14019775390625,276.12530565514754,271.18670921706524,272.10665456743357,26003527,POWERGRID.NS,Power Grid Corp,Energy
2025-03-24,282.61328125,284.64682451930895,275.44748884781086,275.98007014494203,19966817,POWERGRID.NS,Power Grid Corp,Energy
2025-03-25,281.7901611328125,285.90565317684843,278.5461791406971,281.7901611328125,16983852,POWERGRID.NS,Power Grid Corp,Energy
2025-03-26,281.6448974609375,287.35816251551717,280.3860234155954,282.4680017306367,20367015,POWERGRID.NS,Power Grid Corp,Energy
2025-03-27,286.14776611328125,287.84238063341064,279.8534836099434,279.8534836099434,37203166,POWERGRID.NS,Power Grid Corp,Energy
2025-03-28,281.1607360839844,284.9372993063308,279.1755986806343,284.5983705251023,10834900,POWERGRID.NS,Power Grid Corp,Energy
2025-04-01,280.1439208984375,287.55182938358377,277.9167255111985,280.43444391746397,11603556,POWERGRID.NS,Power Grid Corp,Energy
2025-04-02,277.6746520996094,280.5797051294222,275.49586232724977,277.77149311094865,11679536,POWERGRID.NS,Power Grid Corp,Energy
2025-04-03,289.6337890625,290.4568933201518,276.0768751068659,280.1923668433977,23478876,POWERGRID.NS,Power Grid Corp,Energy
2025-04-04,284.598388671875,291.3768465217408,282.8553684740305,290.5053364228185,21020875,POWERGRID.NS,Power Grid Corp,Energy
2025-04-07,280.24078369140625,284.59836335003746,273.3654854307757,274.62435950763955,22847548,POWERGRID.NS,Power Grid Corp,Energy
2025-04-08,279.8050537109375,284.69521479748136,275.641126375719,282.71010692315673,20831596,POWERGRID.NS,Power Grid Corp,Energy
2025-04-09,284.11419677734375,290.02114418869473,280.14395149746986,280.7734033315833,21342531,POWERGRID.NS,Power Grid Corp,Energy
2025-04-11,294.4755554199219,295.3470654403839,283.9689407881724,283.9689407881724,19831004,POWERGRID.NS,Power Grid Corp,Energy
2025-04-15,294.91131591796875,300.62461105387973,294.0882411237009,297.4774699763862,16563441,POWERGRID.NS,Power Grid Corp,Energy
2025-04-16,296.0733337402344,297.2837725535632,293.21668632008675,294.8144891950639,7032401,POWERGRID.NS,Power Grid Corp,Energy
2025-04-17,299.2204895019531,299.9951585602305,292.4420318109704,295.7828549222183,8528993,POWERGRID.NS,Power Grid Corp,Energy
2025-04-21,309.8723449707031,311.80904712677,298.6879018401087,300.18883419036865,13369014,POWERGRID.NS,Power Grid Corp,Energy
2025-04-22,302.6581115722656,309.63025101551136,302.22237132689344,309.63025101551136,10027268,POWERGRID.NS,Power Grid Corp,Energy
2025-04-23,304.982177734375,306.095775541447,299.65624691194205,304.20747915643824,8225575,POWERGRID.NS,Power Grid Corp,Energy
2025-04-24,304.4495544433594,305.85367524150877,302.9486221846986,304.9337299528277,8021180,POWERGRID.NS,Power Grid Corp,Energy
2025-04-25,296.7995910644531,305.41790933183546,293.79769695737076,303.0938727672882,11475773,POWERGRID.NS,Power Grid Corp,Energy
2025-04-28,298.78472900390625,301.10879535467075,293.9429733593657,294.57242523454096,7314824,POWERGRID.NS,Power Grid Corp,Energy
2025-04-29,293.3619689941406,300.96350126565216,291.6673546186545,298.7847113543128,14678005,POWERGRID.NS,Power Grid Corp,Energy
2025-04-30,297.71954345703125,300.18882682473674,292.3451773747768,294.8144902942112,17619987,POWERGRID.NS,Power Grid Corp,Energy
2025-05-02,293.4587707519531,299.2204712586938,292.732507472199,295.83124261984125,5688285,POWERGRID.NS,Power Grid Corp,Energy
2025-05-05,298.4458312988281,300.8667091336605,295.00816704232733,295.153413802071,4342960,POWERGRID.NS,Power Grid Corp,Energy
2025-05-06,297.86480712890625,300.6246137007377,295.879669623817,297.86480712890625,9124804,POWERGRID.NS,Power Grid Corp,Energy
2025-05-07,301.2540283203125,303.2391362229906,297.2837829632264,298.25213404779714,14679327,POWERGRID.NS,Power Grid Corp,Energy
2025-05-08,298.4942321777344,307.3546389986981,294.3787399254866,303.4812345259943,19253478,POWERGRID.NS,Power Grid Corp,Energy
2025-05-09,289.8274230957031,293.4587391028414,287.0192112938613,290.5052805710591,11981497,POWERGRID.NS,Power Grid Corp,Energy
2025-05-12,299.2688903808594,301.2540278320499,294.4271349658529,294.4271349658529,7145884,POWERGRID.NS,Power Grid Corp,Energy
2025-05-13,289.00439453125,298.97839893410884,288.5686247202087,295.3470823478646,17988336,POWERGRID.NS,Power Grid Corp,Energy
2025-05-14,286.5835266113281,291.0379181347918,284.7436358366363,289.7306677604059,10359258,POWERGRID.NS,Power Grid Corp,Energy
2025-05-15,290.1664123535156,290.89267570642033,281.8385866631953,286.5350955889921,22640626,POWERGRID.NS,Power Grid Corp,Energy
2025-05-16,290.6990051269531,292.63570728089223,286.14774324450434,290.50532309086736,16763668,POWERGRID.NS,Power Grid Corp,Energy
2025-05-19,294.4271545410156,294.8629243780306,289.5369930674257,292.4420465095738,12575289,POWERGRID.NS,Power Grid Corp,Energy
2025-05-20,288.4718017578125,295.6375943595318,287.69713265828193,294.766084234627,21339095,POWERGRID.NS,Power Grid Corp,Energy
2025-05-21,286.77716064453125,292.68410802367583,286.29298511430187,288.3265282516112,11997632,POWERGRID.NS,Power Grid Corp,Energy
2025-05-22,281.69329833984375,286.97082307962546,277.48096560416894,286.53505331148676,26158839,POWERGRID.NS,Power Grid Corp,Energy
2025-05-23,288.66546630859375,289.29488860777093,282.516430966752,282.7585187396455,9872024,POWERGRID.NS,Power Grid Corp,Energy
2025-05-26,287.30975341796875,294.1850218741288,286.38980814760674,290.55370562542714,16469130,POWERGRID.NS,Power Grid Corp,Energy
2025-05-27,285.227783203125,288.181271566729,282.9521819308902,287.6002550401406,17074710,POWERGRID.NS,Power Grid Corp,Energy
2025-05-28,281.9353942871094,286.2929738883065,281.3059720328376,285.2277818532238,10099453,POWERGRID.NS,Power Grid Corp,Energy
2025-05-29,283.8236999511719,284.59836897398986,282.12908560599465,282.12908560599465,9773818,POWERGRID.NS,Power Grid Corp,Energy
2025-05-30,280.5797424316406,285.3246571008113,279.1272157236252,282.7585324936637,21788566,POWERGRID.NS,Power Grid Corp,Energy
2025-06-02,283.7752685546875,284.3562851056245,279.2724420004522,281.1123031186449,7255782,POWERGRID.NS,Power Grid Corp,Energy
2025-06-03,279.127197265625,286.0509015389711,278.6430217283039,283.2426893328545,10989055,POWERGRID.NS,Power Grid Corp,Energy
2025-06-04,279.4176940917969,280.62813294950126,277.96516746255156,279.1272005866398,8580196,POWERGRID.NS,Power Grid Corp,Energy
2025-06-05,284.93731689453125,285.9056680139689,280.9186656592112,281.79017575635885,13110486,POWERGRID.NS,Power Grid Corp,Energy
2025-06-06,286.4382629394531,287.6002961587673,283.67848575911347,284.2594728170382,7935393,POWERGRID.NS,Power Grid Corp,Energy
2025-06-09,290.989501953125,291.61892424999877,286.7771688098469,288.5686242330491,8666186,POWERGRID.NS,Power Grid Corp,Energy
2025-06-10,291.5220642089844,292.2483274776183,288.81069316010877,291.0378886965617,7273892,POWERGRID.NS,Power Grid Corp,Energy
2025-06-11,286.09930419921875,291.86097470528654,284.6951834804106,291.5704812367113,10941604,POWERGRID.NS,Power Grid Corp,Energy
2025-06-12,279.8534240722656,286.4381987003345,279.36924859809216,285.8087764942542,14071159,POWERGRID.NS,Power Grid Corp,Energy
2025-06-13,276.4642639160156,277.3842093644504,272.88135270306583,273.6076160933881,16028417,POWERGRID.NS,Power Grid Corp,Energy
2025-06-16,279.5145263671875,281.30598173089703,277.2388954755418,278.8366983591143,11067299,POWERGRID.NS,Power Grid Corp,Energy
2025-06-17,279.4176940917969,281.25758479689154,278.11044376686004,279.5145351107592,7286868,POWERGRID.NS,Power Grid Corp,Energy
2025-06-18,278.2072448730469,279.1755959231469,276.46422480355835,278.4009269037584,11904855,POWERGRID.NS,Power Grid Corp,Energy
2025-06-19,277.3841857910156,278.54618938573884,276.2705583791098,277.72308503631166,13573824,POWERGRID.NS,Power Grid Corp,Energy
2025-06-20,283.8236999511719,285.17938551696784,276.02845623231923,276.5126317595127,33014151,POWERGRID.NS,Power Grid Corp,Energy
2025-06-23,281.06390380859375,284.1626391165812,278.9819548759131,282.17750165149454,6833477,POWERGRID.NS,Power Grid Corp,Energy
2025-06-24,276.8999938964844,285.3730655634303,276.318977357548,284.1626267538666,15007849,POWERGRID.NS,Power Grid Corp,Energy
2025-06-25,281.257568359375,281.88699061825,277.43256997188115,277.43256997188115,10838516,POWERGRID.NS,Power Grid Corp,Energy
2025-06-26,284.2110290527344,284.9372923297005,280.5797126679039,281.59646943496506,10232220,POWERGRID.NS,Power Grid Corp,Energy
2025-06-27,289.779052734375,291.183173582518,284.8404564516138,285.6635607573622,15523628,POWERGRID.NS,Power Grid Corp,Energy
2025-06-30,290.4084777832031,291.4736698624816,286.87400231481786,290.8926533145361,8415241,POWERGRID.NS,Power Grid Corp,Energy
2025-07-01,288.13287353515625,291.95787240728777,287.6002922221044,291.4736968311563,12349270,POWERGRID.NS,Power Grid Corp,Energy
2025-07-02,285.518310546875,289.294873699044,284.1141897157614,288.13284062834805,10826029,POWERGRID.NS,Power Grid Corp,Energy
2025-07-03,284.4047546386719,289.48859835605145,283.82373801776765,288.9559874736672,10373094,POWERGRID.NS,Power Grid Corp,Energy
2025-07-04,284.6951904296875,285.80878815537665,282.41955969788035,284.40469695402146,14193884,POWERGRID.NS,Power Grid Corp,Energy
2025-07-07,286.5350646972656,287.2613279718709,284.2110281288743,285.3730611889341,6220756,POWERGRID.NS,Power Grid Corp,Energy
2025-07-08,288.3265380859375,288.9559603863584,283.7752761258537,284.84046823903606,6254288,POWERGRID.NS,Power Grid Corp,Energy
2025-07-09,290.1664123535156,290.50534116188413,287.0192711575952,288.8107266717731,5650646,POWERGRID.NS,Power Grid Corp,Energy
2025-07-10,289.779052734375,293.1198756893476,288.5686139176065,290.5053160244361,9307817,POWERGRID.NS,Power Grid Corp,Energy
2025-07-11,289.1011962890625,291.37682718369206,287.5518582390185,289.77905384975355,7073217,POWERGRID.NS,Power Grid Corp,Energy
2025-07-14,288.7623291015625,290.941119221891,288.0360657281197,290.0211737948371,5484223,POWERGRID.NS,Power Grid Corp,Energy
2025-07-15,288.6170349121094,290.5053313868159,287.4550313176004,288.6654701983788,6173407,POWERGRID.NS,Power Grid Corp,Energy
2025-07-16,287.6486511230469,289.4885416541546,286.34140092172856,289.4885416541546,8144630,POWERGRID.NS,Power Grid Corp,Energy
2025-07-17,287.21295166015625,288.762319381695,286.4382530235212,288.132867504513,8318287,POWERGRID.NS,Power Grid Corp,Energy
2025-07-18,284.8404541015625,291.9578401957856,284.21103183238165,287.11608496865813,8702106,POWERGRID.NS,Power Grid Corp,Energy
2025-07-21,287.6002502441406,287.8423379968714,283.00058294225624,284.6951972113715,5298012,POWERGRID.NS,Power Grid Corp,Energy
2025-07-22,288.37493896484375,289.3917253269252,285.2277979639942,287.6971109418524,7775653,POWERGRID.NS,Power Grid Corp,Energy
2025-07-23,289.779052734375,290.16638724539513,287.697103879879,289.39171822335487,5310964,POWERGRID.NS,Power Grid Corp,Energy
2025-07-24,289.8758850097656,291.81258705820005,287.11607868040096,290.36006052187423,6294709,POWERGRID.NS,Power Grid Corp,Energy
2025-07-25,282.8553771972656,288.32655529161315,281.6933439950449,287.7455386905028,8202572,POWERGRID.NS,Power Grid Corp,Energy
2025-07-28,282.6616516113281,285.90563337880826,281.5480538692244,282.7584926218866,7037396,POWERGRID.NS,Power Grid Corp,Energy
2025-07-29,283.8236999511719,284.59836897398986,280.62812374065743,281.3059812994199,6586034,POWERGRID.NS,Power Grid Corp,Energy
2025-07-30,279.8050537109375,287.1160924743307,277.52942278435324,283.72686372674167,10515572,POWERGRID.NS,Power Grid Corp,Energy
2025-07-31,281.7901611328125,284.98570784043096,275.93164898493546,275.93164898493546,14283621,POWERGRID.NS,Power Grid Corp,Energy
2025-08-01,282.0322265625,283.5331587801675,277.23887732898726,282.4195610491503,6697683,POWERGRID.NS,Power Grid Corp,Energy
2025-08-04,278.8367004394531,282.32274062521867,276.657910547485,281.98384139451815,10397121,POWERGRID.NS,Power Grid Corp,Energy
2025-08-05,276.94842529296875,279.51454989670066,276.07691517966583,278.0136174544418,15561914,POWERGRID.NS,Power Grid Corp,Energy
2025-08-06,275.7863464355469,279.2724158631761,275.06008320277937,278.4977469022481,12985269,POWERGRID.NS,Power Grid Corp,Energy
2025-08-07,276.51263427734375,277.2388975747471,274.4306854018,275.49587748167073,8893659,POWERGRID.NS,Power Grid Corp,Energy
2025-08-08,275.8348083496094,277.1904939379996,274.6243695114522,275.78637306504544,6172968,POWERGRID.NS,Power Grid Corp,Energy
2025-08-11,275.8348083496094,277.33574068823253,274.3338464592568,275.8348083496094,8755499,POWERGRID.NS,Power Grid Corp,Energy
2025-08-12,275.64111328125,278.4493253426438,275.0116910255161,275.39902552506555,13184438,POWERGRID.NS,Power Grid Corp,Energy
2025-08-13,279.0787658691406,280.2407693208184,276.99678760873013,277.916732865736,9928283,POWERGRID.NS,Power Grid Corp,Energy
2025-08-14,279.5629577636719,280.9670490441253,278.06199591690347,279.90185698713157,8464495,POWERGRID.NS,Power Grid Corp,Energy
2025-08-18,281.1607360839844,282.08065185962835,279.3692807132589,280.3376317729236,9836105,POWERGRID.NS,Power Grid Corp,Energy
2025-08-19,280.0909423828125,282.13327810692135,278.6807504191529,282.03601837158203,7196772,POWERGRID.NS,Power Grid Corp,Energy
2025-08-20,280.4799499511719,281.0634786801803,279.06978767553085,280.2854601611717,3106073,POWERGRID.NS,Power Grid Corp,Energy
2025-08-21,276.2007751464844,281.5983488453277,275.8117659061222,280.4799361494731,7389271,POWERGRID.NS,Power Grid Corp,Energy
2025-08-22,275.5686340332031,276.73566176535235,274.0611824031939,276.2007777647218,6824793,POWERGRID.NS,Power Grid Corp,Energy
2025-08-25,276.3466796875,276.78433367976874,274.4502483065157,275.5686611229176,7426789,POWERGRID.NS,Power Grid Corp,Energy
2025-08-26,272.21337890625,276.00627115142953,271.2408409111012,275.22825262711217,22905910,POWERGRID.NS,Power Grid Corp,Energy
2025-08-28,266.9130554199219,274.255705157843,266.0863922167015,274.255705157843,12455072,POWERGRID.NS,Power Grid Corp,Energy
2025-08-29,267.6910705566406,268.5177337494827,264.77345670861183,266.0863888761254,12841075,POWERGRID.NS,Power Grid Corp,Energy
2025-09-01,272.1647644042969,272.89416790206815,268.4204871798367,268.4204871798367,10820878,POWERGRID.NS,Power Grid Corp,Energy
2025-09-02,278.8266296386719,279.9936573186593,272.164739043884,272.5051332470267,16983677,POWERGRID.NS,Power Grid Corp,Energy
2025-09-03,278.1944580078125,281.25797617588785,277.7568337548744,281.0634567215809,30178885,POWERGRID.NS,Power Grid Corp,Energy
2025-09-04,274.0611877441406,280.0423199960402,273.18590950809545,278.9725222944279,5946090,POWERGRID.NS,Power Grid Corp,Energy
2025-09-05,277.5137023925781,278.7779898212633,274.5960886222258,274.5960886222258,9695914,POWERGRID.NS,Power Grid Corp,Energy
2025-09-08,275.0337219238281,279.79918164903796,274.3529631627289,278.53486449927703,5186605,POWERGRID.NS,Power Grid Corp,Energy
2025-09-09,276.0549011230469,276.54117009466415,273.963950480993,275.2768529607576,7093190,POWERGRID.NS,Power Grid Corp,Energy
2025-09-10,275.17962646484375,278.5835093101367,274.74197251293344,276.88156788749023,7767863,POWERGRID.NS,Power Grid Corp,Energy
2025-09-11,278.92388916015625,280.77173512119623,274.79060262115405,274.79060262115405,7406625,POWERGRID.NS,Power Grid Corp,Energy
2025-09-12,279.7505187988281,280.6744416683619,277.27055904513384,279.361509577788,7618852,POWERGRID.NS,Power Grid Corp,Energy
2025-09-15,278.3890075683594,280.86896764170785,277.90273855950636,280.38269863285484,5420800,POWERGRID.NS,Power Grid Corp,Energy
2025-09-16,280.43133544921875,281.74426767207285,278.4862594685472,278.6807492589119,8626429,POWERGRID.NS,Power Grid Corp,Energy
2025-09-17,279.2642517089844,281.25797220925705,278.0972240381065,281.06345275769337,19010126,POWERGRID.NS,Power Grid Corp,Energy
2025-09-18,281.1607360839844,281.89013956932183,278.2431221426345,279.1184003891387,16842964,POWERGRID.NS,Power Grid Corp,Energy
2025-09-19,278.34039306640625,282.2305451445978,277.076075833291,282.03602566888617,14993879,POWERGRID.NS,Power Grid Corp,Energy
2025-09-22,278.7779846191406,281.06345463250244,278.04858119016353,279.1183788218969,9456933,POWERGRID.NS,Power Grid Corp,Energy
2025-09-23,280.6744689941406,281.06347825305374,277.5623355638277,280.72308402169074,13619147,POWERGRID.NS,Power Grid Corp,Energy
2025-09-24,285.245361328125,286.46103373351167,279.06976925236245,279.99366247275503,14032389,POWERGRID.NS,Power Grid Corp,Energy
2025-09-25,276.58978271484375,286.75281600507043,275.81176423882266,285.926152824609,16242837,POWERGRID.NS,Power Grid Corp,Energy
2025-09-26,274.49884033203125,276.3466565276837,272.407889645385,275.7145127870004,8959035,POWERGRID.NS,Power Grid Corp,Energy
2025-09-29,272.8941650390625,278.24312396660133,272.2620212835269,276.1035285237842,14600560,POWERGRID.NS,Power Grid Corp,Energy
2025-09-30,272.5537414550781,278.14583427708243,271.3380691024685,274.2556827487316,18772881,POWERGRID.NS,Power Grid Corp,Energy
2025-10-01,272.9427795410156,275.08237497971265,272.21337605230127,273.2831737716498,11812449,POWERGRID.NS,Power Grid Corp,Energy
2025-10-03,281.7442626953125,282.0360122154581,273.33178548390373,275.5686406298664,19597461,POWERGRID.NS,Power Grid Corp,Energy
2025-10-06,279.0211181640625,280.7230594926611,276.7356481583298,280.43130999384476,11702722,POWERGRID.NS,Power Grid Corp,Energy
2025-10-07,281.0634460449219,284.3214538640417,279.2156300172049,281.0148310229427,11371062,POWERGRID.NS,Power Grid Corp,Energy
2025-10-08,277.4650573730469,282.37639168858715,276.8329136594234,282.37639168858715,9989251,POWERGRID.NS,Power Grid Corp,Energy
2025-10-09,278.2917175292969,279.069765666448,274.4988256091278,277.1733048666126,10714949,POWERGRID.NS,Power Grid Corp,Energy
2025-10-10,281.2093505859375,283.2516862769683,277.4164584051681,277.4164584051681,10773268,POWERGRID.NS,Power Grid Corp,Energy
2025-10-13,278.2917175292969,280.2854380562139,277.076045139531,279.8477841240975,8950161,POWERGRID.NS,Power Grid Corp,Energy
2025-10-14,279.60467529296875,279.9936845574755,277.5623395549279,278.63213729194973,7667654,POWERGRID.NS,Power Grid Corp,Energy
2025-10-15,282.9599304199219,285.19675584889626,279.16700864456936,279.2642683761559,8125514,POWERGRID.NS,Power Grid Corp,Energy
2025-10-16,283.8352355957031,285.1967829286857,282.61956303419976,284.37011965096224,7824732,POWERGRID.NS,Power Grid Corp,Energy
2025-10-17,281.7928771972656,283.4948186471197,280.09093574741155,283.0085496614471,14275188,POWERGRID.NS,Power Grid Corp,Energy
2025-10-20,280.2854309082031,284.0783227316436,279.2156332965915,282.18186198017287,13536721,POWERGRID.NS,Power Grid Corp,Energy
2025-10-21,280.6744689941406,281.6470069811754,280.2854597352275,280.3826897903278,398291,POWERGRID.NS,Power Grid Corp,Energy
2025-10-23,281.69561767578125,283.15442463389456,280.09093595775727,281.0148589030305,21031287,POWERGRID.NS,Power Grid Corp,Energy
2025-10-24,280.5771789550781,282.7653891895631,278.6807182133908,281.6955915834703,16350189,POWERGRID.NS,Power Grid Corp,Energy
2025-10-27,283.0571594238281,284.75910084202894,280.2854500006463,281.0634684914512,13396182,POWERGRID.NS,Power Grid Corp,Energy
2025-10-28,280.3340759277344,284.564622124817,278.92388396887213,282.57090143540813,13543174,POWERGRID.NS,Power Grid Corp,Energy
2025-10-29,287.23907470703125,288.5033621052577,280.820318630994,281.06345310599914,14608714,POWERGRID.NS,Power Grid Corp,Energy
2025-10-30,283.49481201171875,288.30888672900187,282.95992801179966,288.1629822931123,10329750,POWERGRID.NS,Power Grid Corp,Energy
2025-10-31,280.23681640625,283.98109361064735,279.1184036515609,283.98109361064735,10088802,POWERGRID.NS,Power Grid Corp,Energy
2025-11-03,280.0909423828125,282.1818931348389,279.2642791516846,281.06348037719727,8578207,POWERGRID.NS,Power Grid Corp,Energy
2025-11-04,271.38671875,277.124716730008,270.46282545184107,276.68706275542957,26098629,POWERGRID.NS,Power Grid Corp,Energy
2025-11-06,262.7797546386719,270.8518074040475,262.4393604349388,270.36553845000077,21919591,POWERGRID.NS,Power Grid Corp,Energy
2025-11-07,264.53033447265625,265.3083529963624,261.36958599090576,262.77977795456536,11379131,POWERGRID.NS,Power Grid Corp,Energy
2025-11-10,265.2225646972656,267.54645180953463,263.590858183498,265.6181180241124,10717941,POWERGRID.NS,Power Grid Corp,Energy
2025-11-11,264.67864990234375,266.16199749773756,261.71195471155613,265.2719949762581,11154806,POWERGRID.NS,Power Grid Corp,Energy
2025-11-12,264.134765625,267.24978951326466,263.5414205560963,266.0136665275419,16444701,POWERGRID.NS,Power Grid Corp,Energy
2025-11-13,266.854248046875,267.4475931421342,262.7008625588455,264.1347773574899,12573141,POWERGRID.NS,Power Grid Corp,Energy
2025-11-14,268.2881164550781,269.27701482782635,266.50811145564467,267.3486811082373,10308317,POWERGRID.NS,Power Grid Corp,Energy
2025-11-17,270.5131530761719,270.908736590646,267.00257572610195,269.0792684619509,9884392,POWERGRID.NS,Power Grid Corp,Energy
2025-11-18,271.15594482421875,273.7270564403353,269.2770137802799,270.95815307892525,16434280,POWERGRID.NS,Power Grid Corp,Energy
2025-11-19,272.09539794921875,272.9359676534738,269.47482313612903,272.8865348033116,15765235,POWERGRID.NS,Power Grid Corp,Energy
2025-11-20,274.1226501464844,275.9520880541015,271.4526123794352,272.1942861837506,15337345,POWERGRID.NS,Power Grid Corp,Energy
2025-11-21,274.5181884765625,275.90264013323076,272.342600031239,274.1226351716262,12941485,POWERGRID.NS,Power Grid Corp,Energy
2025-11-24,272.7381591796875,275.9520788916759,269.4748066205665,274.91374767162375,49791096,POWERGRID.NS,Power Grid Corp,Energy
2025-11-25,270.4142761230469,273.8259574525211,269.62313930580683,271.94705655209975,12114606,POWERGRID.NS,Power Grid Corp,Energy
2025-11-26,271.9964904785156,273.8754215651714,270.46371004338476,270.9581592390765,8352869,POWERGRID.NS,Power Grid Corp,Energy
2025-11-27,270.6614990234375,273.9248516100949,270.26591552790507,273.9248516100949,9865039,POWERGRID.NS,Power Grid Corp,Energy
2025-11-28,266.953125,271.30427175878066,266.4586758188026,270.7603595521937,12580231,POWERGRID.NS,Power Grid Corp,Energy
2025-12-01,266.65643310546875,269.42536658301617,265.7664306293502,269.42536658301617,10428760,POWERGRID.NS,Power Grid Corp,Energy
2025-12-02,264.48089599609375,267.64535285071713,263.9369837547472,266.01367648424736,11029817,POWERGRID.NS,Power Grid Corp,Energy
2025-12-03,265.46978759765625,266.0136696462371,261.5636268454636,264.4808891974844,9063557,POWERGRID.NS,Power Grid Corp,Energy
2025-12-04,266.1125793457031,267.20037367815644,262.6514347653062,263.5908701869996,5103204,POWERGRID.NS,Power Grid Corp,Energy
2025-12-05,266.8047790527344,268.48591842191763,264.8269822319468,265.2225657391319,5535798,POWERGRID.NS,Power Grid Corp,Energy
2025-12-08,262.255859375,266.4092144150703,261.81084303770024,265.8158693582651,10203843,POWERGRID.NS,Power Grid Corp,Energy
2025-12-09,261.6130676269531,262.79975781465754,259.98139125294836,261.16808144065277,10686557,POWERGRID.NS,Power Grid Corp,Energy
2025-12-10,262.5525207519531,264.2830929226346,261.3658306205438,261.9591756862485,7157092,POWERGRID.NS,Power Grid Corp,Energy
2025-12-11,261.86029052734375,263.3931011913678,259.5858362243208,261.31640846581627,8336183,POWERGRID.NS,Power Grid Corp,Energy
2025-12-12,260.6736145019531,263.7886383094003,260.37692688580677,262.0580661742871,5522827,POWERGRID.NS,Power Grid Corp,Energy
2025-12-15,259.2891845703125,260.9208609701886,257.6080451408732,260.67363635872897,6400400,POWERGRID.NS,Power Grid Corp,Energy
2025-12-16,257.459716796875,260.42641213885065,256.81693884187075,259.2397219305461,9241981,POWERGRID.NS,Power Grid Corp,Energy
2025-12-17,258.2013854980469,259.83306186793055,256.421350220986,257.45971167730113,10944698,POWERGRID.NS,Power Grid Corp,Energy
2025-12-18,255.0863494873047,258.7947184165903,252.96020891421256,257.8552528829912,10930748,POWERGRID.NS,Power Grid Corp,Energy
2025-12-19,260.5252990722656,261.01974827894765,255.0863577987635,255.18522349707223,16657897,POWERGRID.NS,Power Grid Corp,Energy
2025-12-22,262.0580749511719,262.651420024554,256.1741174232074,256.22358045027994,10054250,POWERGRID.NS,Power Grid Corp,Energy
2025-12-23,264.0358581542969,266.31031227662237,261.46471642115773,262.05806146400255,10526826,POWERGRID.NS,Power Grid Corp,Energy
2025-12-24,265.0741882324219,267.0519849144136,263.34361613567916,264.82696364717293,6131188,POWERGRID.NS,Power Grid Corp,Energy
2025-12-26,262.5030822753906,266.3103168262234,261.9097372224092,265.02476102708283,6029003,POWERGRID.NS,Power Grid Corp,Energy
2025-12-29,257.7069396972656,263.49200161145643,257.1135945970538,262.9975523910775,7270521,POWERGRID.NS,Power Grid Corp,Energy
2025-12-30,257.459716796875,258.5475111246899,256.07526500637687,257.11359630455405,10929200,POWERGRID.NS,Power Grid Corp,Energy
2025-12-31,261.66253662109375,262.255881728473,257.65747978037325,258.49804950092835,5145868,POWERGRID.NS,Power Grid Corp,Energy
2026-01-01,263.83807373046875,264.5797475098971,261.1680662317967,261.1680662317967,4298196,POWERGRID.NS,Power Grid Corp,Energy
2026-01-02,267.9420471191406,269.0792743009689,263.29421233227725,264.53033539487006,13348375,POWERGRID.NS,Power Grid Corp,Energy
2026-01-05,268.6342468261719,269.7714739610066,265.7170146262727,268.2386934982447,11526602,POWERGRID.NS,Power Grid Corp,Energy
2026-01-06,265.56866455078125,270.2659321506915,263.0469855949752,263.0469855949752,11777253,POWERGRID.NS,Power Grid Corp,Energy
2026-01-07,261.1680603027344,265.96422333657813,260.5252824109122,265.5192070075106,14877056,POWERGRID.NS,Power Grid Corp,Energy
2026-01-08,256.4213562011719,262.3547469055148,255.0863674357233,261.06919099108813,11762204,POWERGRID.NS,Power Grid Corp,Energy
2026-01-09,255.1357879638672,260.87138662952566,253.4052157586859,257.41024221916314,14100782,POWERGRID.NS,Power Grid Corp,Energy
2026-01-12,255.67967224121094,256.61913780372106,251.47686908140932,255.1357901863585,9698555,POWERGRID.NS,Power Grid Corp,Energy
2026-01-13,255.92689514160156,257.0641524503751,253.2568875553814,256.17411974285073,9734559,POWERGRID.NS,Power Grid Corp,Energy
2026-01-14,255.48190307617188,256.8169219278936,253.89965962890105,254.24578009842648,15435341,POWERGRID.NS,Power Grid Corp,Energy
2026-01-15,255.48190307617188,255.48190307617188,255.48190307617188,255.48190307617188,0,POWERGRID.NS,Power Grid Corp,Energy
2026-01-16,254.44354248046875,258.64636061822983,253.35577839960462,255.43244086582428,9648251,POWERGRID.NS,Power Grid Corp,Energy
2026-01-19,254.7896728515625,255.92690000315432,253.80077442778094,254.0479990337263,10588722,POWERGRID.NS,Power Grid Corp,Energy
2026-01-20,251.22964477539062,254.9874617616948,250.58685175347193,254.78967000763222,12452441,POWERGRID.NS,Power Grid Corp,Energy
2026-01-21,252.96022033691406,255.97636355347535,249.25185124017293,249.25185124017293,14263346,POWERGRID.NS,Power Grid Corp,Energy
2026-01-22,256.3719177246094,256.9652628177811,252.61410067643763,253.75134292345138,15520530,POWERGRID.NS,Power Grid Corp,Energy
2026-01-23,251.32852172851562,257.0641505421909,249.79574128366247,256.37190959231805,18022018,POWERGRID.NS,Power Grid Corp,Energy
2026-01-27,251.52630615234375,255.48189962773728,249.25183688611412,253.6524316096111,17375059,POWERGRID.NS,Power Grid Corp,Energy
2026-01-28,256.9158020019531,257.8552675891323,251.1802031357224,251.1802031357224,16046343,POWERGRID.NS,Power Grid Corp,Energy
2026-01-29,257.6080322265625,260.12971106552004,255.8774600331019,259.684724894472,26914029,POWERGRID.NS,Power Grid Corp,Energy
2026-01-30,253.65243530273438,259.48692972813217,251.22963728165874,258.39913547080425,23292764,POWERGRID.NS,Power Grid Corp,Energy
2026-02-02,267.39813232421875,268.1892691840343,247.224610170096,248.46073322094648,37109237,POWERGRID.NS,Power Grid Corp,Energy
2026-02-03,280.0560302734375,281.3415860820884,270.2164794268213,272.9853827895078,52651170,POWERGRID.NS,Power Grid Corp,Energy
2026-02-04,286.18719482421875,288.7583367350135,279.75935513662427,285.5938497403762,27775044,POWERGRID.NS,Power Grid Corp,Energy
2026-02-05,286.13775634765625,287.76943266204506,282.97326941525415,287.76943266204506,9870342,POWERGRID.NS,Power Grid Corp,Energy
2026-02-06,289.5,290.24167378309136,286.1871843997685,288.9561179639131,19951107,POWERGRID.NS,Power Grid Corp,Energy
2026-02-09,289.75,292.54998779296875,288.0,292.5,13114576,POWERGRID.NS,Power Grid Corp,Energy
2026-02-10,294.3500061035156,295.29998779296875,286.5,290.0,21823214,POWERGRID.NS,Power Grid Corp,Energy
2026-02-11,294.45001220703125,297.6499938964844,292.20001220703125,297.6499938964844,10508852,POWERGRID.NS,Power Grid Corp,Energy
2026-02-12,293.8999938964844,296.0,291.75,294.45001220703125,10482579,POWERGRID.NS,Power Grid Corp,Energy
2026-02-13,287.20001220703125,294.29998779296875,286.8500061035156,292.0,10914157,POWERGRID.NS,Power Grid Corp,Energy
2026-02-16,300.5,300.95001220703125,287.25,288.0,22196951,POWERGRID.NS,Power Grid Corp,Energy
2026-02-17,300.75,301.6000061035156,297.0,299.29998779296875,11190989,POWERGRID.NS,Power Grid Corp,Energy
2026-02-18,300.54998779296875,302.25,298.45001220703125,299.45001220703125,9147320,POWERGRID.NS,Power Grid Corp,Energy
2026-02-19,294.6499938964844,301.6000061035156,293.1000061035156,300.1000061035156,7552362,POWERGRID.NS,Power Grid Corp,Energy
2026-02-20,298.95001220703125,302.04998779296875,294.25,295.54998779296875,11762183,POWERGRID.NS,Power Grid Corp,Energy
2026-02-23,303.3500061035156,304.29998779296875,299.0,302.0,11774742,POWERGRID.NS,Power Grid Corp,Energy
2026-02-24,304.79998779296875,306.20001220703125,300.79998779296875,304.0,15863867,POWERGRID.NS,Power Grid Corp,Energy
2026-02-25,307.25,311.70001220703125,305.1499938964844,307.0,14240500,POWERGRID.NS,Power Grid Corp,Energy
2026-02-26,303.25,307.70001220703125,301.3999938964844,307.1000061035156,14249515,POWERGRID.NS,Power Grid Corp,Energy
2026-02-27,298.6499938964844,305.79998779296875,297.8999938964844,305.79998779296875,21400679,POWERGRID.NS,Power Grid Corp,Energy
2026-03-02,296.79998779296875,298.6000061035156,289.5,290.0,15690227,POWERGRID.NS,Power Grid Corp,Energy
2026-03-04,291.95001220703125,296.0,288.8999938964844,296.0,28191826,POWERGRID.NS,Power Grid Corp,Energy
2026-03-05,299.45001220703125,300.1000061035156,291.8999938964844,292.0,19467441,POWERGRID.NS,Power Grid Corp,Energy
2026-03-06,299.1499938964844,302.75,297.0,299.95001220703125,15887540,POWERGRID.NS,Power Grid Corp,Energy
2026-03-09,295.20001220703125,296.25,285.5,285.5,21591866,POWERGRID.NS,Power Grid Corp,Energy
2026-03-10,298.6499938964844,300.04998779296875,293.75,298.1499938964844,14627316,POWERGRID.NS,Power Grid Corp,Energy
2026-03-11,298.79998779296875,302.8999938964844,298.04998779296875,298.6499938964844,12618289,POWERGRID.NS,Power Grid Corp,Energy
2026-03-12,303.6000061035156,304.8999938964844,295.1000061035156,295.79998779296875,15284297,POWERGRID.NS,Power Grid Corp,Energy
2026-03-13,300.95001220703125,309.5,298.70001220703125,308.6499938964844,23615092,POWERGRID.NS,Power Grid Corp,Energy
2026-03-16,297.75,303.0,291.3999938964844,300.95001220703125,25911819,POWERGRID.NS,Power Grid Corp,Energy
2026-03-17,298.5,302.0,292.1499938964844,302.0,12300000,POWERGRID.NS,Power Grid Corp,Energy
2026-03-18,299.3999938964844,304.20001220703125,297.54998779296875,299.54998779296875,8691698,POWERGRID.NS,Power Grid Corp,Energy
2026-03-19,296.70001220703125,300.5,295.95001220703125,297.6499938964844,8594078,POWERGRID.NS,Power Grid Corp,Energy
2026-03-20,297.6000061035156,305.0,296.6000061035156,300.1000061035156,28392470,POWERGRID.NS,Power Grid Corp,Energy
2026-03-23,302.1000061035156,304.3500061035156,293.1000061035156,298.0,23771660,POWERGRID.NS,Power Grid Corp,Energy
2026-03-24,299.0,309.0,292.3999938964844,309.0,24123621,POWERGRID.NS,Power Grid Corp,Energy
2026-03-25,295.0,302.25,294.20001220703125,299.8999938964844,16423641,POWERGRID.NS,Power Grid Corp,Energy
2026-03-27,295.5,297.29998779296875,290.29998779296875,294.45001220703125,27444747,POWERGRID.NS,Power Grid Corp,Energy
2026-03-30,296.1000061035156,297.8999938964844,292.0,292.04998779296875,23105779,POWERGRID.NS,Power Grid Corp,Energy
2026-04-01,292.79998779296875,305.8999938964844,290.20001220703125,305.0,18635698,POWERGRID.NS,Power Grid Corp,Energy
2026-04-02,289.95001220703125,292.0,283.5,290.20001220703125,17222200,POWERGRID.NS,Power Grid Corp,Energy
2026-04-06,295.1499938964844,295.6000061035156,287.29998779296875,294.8999938964844,9291741,POWERGRID.NS,Power Grid Corp,Energy
2026-04-07,295.3999938964844,296.25,291.0,292.5,9318575,POWERGRID.NS,Power Grid Corp,Energy
2026-04-08,294.8500061035156,301.75,293.6000061035156,301.0,10887876,POWERGRID.NS,Power Grid Corp,Energy
2026-04-09,298.1000061035156,300.70001220703125,293.8500061035156,295.45001220703125,17644642,POWERGRID.NS,Power Grid Corp,Energy
2026-04-10,302.75,303.5,299.75,301.1000061035156,13245074,POWERGRID.NS,Power Grid Corp,Energy
2026-04-13,300.3500061035156,302.3500061035156,297.6499938964844,299.95001220703125,15681799,POWERGRID.NS,Power Grid Corp,Energy
2026-04-15,312.45001220703125,313.3999938964844,301.25,303.3999938964844,21897202,POWERGRID.NS,Power Grid Corp,Energy
2026-04-16,312.25,317.0,310.5,315.0,21510277,POWERGRID.NS,Power Grid Corp,Energy
2026-04-17,318.1000061035156,318.95001220703125,311.3999938964844,313.29998779296875,13609827,POWERGRID.NS,Power Grid Corp,Energy
2026-04-20,319.70001220703125,323.04998779296875,315.54998779296875,319.0,10955277,POWERGRID.NS,Power Grid Corp,Energy
2026-04-21,319.3500061035156,322.0,318.0,318.95001220703125,8342335,POWERGRID.NS,Power Grid Corp,Energy
2026-04-22,319.75,322.0,316.0,319.75,7112538,POWERGRID.NS,Power Grid Corp,Energy
2026-04-23,319.1499938964844,321.8500061035156,318.04998779296875,320.0,7294961,POWERGRID.NS,Power Grid Corp,Energy
2026-04-24,316.3999938964844,317.8999938964844,314.5,316.0,9980241,POWERGRID.NS,Power Grid Corp,Energy
2026-04-27,320.8999938964844,324.95001220703125,316.95001220703125,318.0,9334181,POWERGRID.NS,Power Grid Corp,Energy
2026-04-28,319.0,322.79998779296875,317.6499938964844,322.79998779296875,9083528,POWERGRID.NS,Power Grid Corp,Energy
2026-04-29,320.3500061035156,323.79998779296875,318.25,320.1000061035156,10372929,POWERGRID.NS,Power Grid Corp,Energy
2026-04-30,318.3500061035156,321.25,315.95001220703125,319.6000061035156,9521058,POWERGRID.NS,Power Grid Corp,Energy
2026-05-01,318.3500061035156,318.3500061035156,318.3500061035156,318.3500061035156,0,POWERGRID.NS,Power Grid Corp,Energy
2026-05-04,319.04998779296875,323.8999938964844,314.0,314.0,7370269,POWERGRID.NS,Power Grid Corp,Energy
2026-05-05,319.45001220703125,321.29998779296875,315.0,318.8999938964844,8569582,POWERGRID.NS,Power Grid Corp,Energy
2026-05-06,315.95001220703125,321.5,314.6000061035156,320.04998779296875,4884118,POWERGRID.NS,Power Grid Corp,Energy
2026-05-07,313.79998779296875,316.75,312.5,315.75,9126203,POWERGRID.NS,Power Grid Corp,Energy
2026-05-08,313.95001220703125,315.20001220703125,310.6000061035156,315.20001220703125,7929393,POWERGRID.NS,Power Grid Corp,Energy
2026-05-11,310.8999938964844,314.04998779296875,309.95001220703125,313.95001220703125,8204425,POWERGRID.NS,Power Grid Corp,Energy
2026-05-12,306.29998779296875,310.75,305.5,309.45001220703125,7952584,POWERGRID.NS,Power Grid Corp,Energy
2026-05-13,301.5,305.3999938964844,295.6499938964844,304.25,23775882,POWERGRID.NS,Power Grid Corp,Energy
2026-05-14,301.75,307.54998779296875,300.6000061035156,306.0,14012601,POWERGRID.NS,Power Grid Corp,Energy
2026-05-15,305.8500061035156,308.1499938964844,302.8999938964844,307.79998779296875,10092811,POWERGRID.NS,Power Grid Corp,Energy
2026-05-18,296.54998779296875,298.45001220703125,290.20001220703125,296.29998779296875,16036198,POWERGRID.NS,Power Grid Corp,Energy
2026-05-19,298.6000061035156,300.0,294.54998779296875,296.6000061035156,12580156,POWERGRID.NS,Power Grid Corp,Energy
2026-05-20,,,,,5671973,POWERGRID.NS,Power Grid Corp,Energy
