Date,Close,High,Low,Open,Volume,Ticker,Company,Sector
2021-05-21,960.2877807617188,966.6781526040463,956.3247669644045,959.1483901066742,1245988,SBILIFE.NS,SBI Life Insurance,Insurance
2021-05-24,953.6002197265625,962.9628521598546,951.7673499860547,958.405349892192,1841255,SBILIFE.NS,SBI Life Insurance,Insurance
2021-05-25,956.3742065429688,963.6066939785443,954.2441231009301,958.0584993495295,1235079,SBILIFE.NS,SBI Life Insurance,Insurance
2021-05-26,962.7647094726562,970.9384258124036,960.0401373594071,960.0401373594071,1719675,SBILIFE.NS,SBI Life Insurance,Insurance
2021-05-27,973.0189208984375,976.8828834696458,956.6219637010919,967.4707258702932,2428883,SBILIFE.NS,SBI Life Insurance,Insurance
2021-05-28,967.8174438476562,977.8736151420426,963.0123140000662,976.8828617325775,1137566,SBILIFE.NS,SBI Life Insurance,Insurance
2021-05-31,966.6286010742188,973.7124517642598,961.674833960572,967.9660940065874,785669,SBILIFE.NS,SBI Life Insurance,Insurance
2021-06-01,957.364990234375,972.9198305770661,951.222307112134,969.3531425555265,1420625,SBILIFE.NS,SBI Life Insurance,Insurance
2021-06-02,975.2977294921875,984.2640362044086,954.4919068475499,956.0770881940625,2488600,SBILIFE.NS,SBI Life Insurance,Insurance
2021-06-03,977.7249755859375,981.6879892142467,972.4244690463894,977.378236081776,1724751,SBILIFE.NS,SBI Life Insurance,Insurance
2021-06-04,980.0037841796875,985.7501420071287,974.901379802365,985.7501420071287,996919,SBILIFE.NS,SBI Life Insurance,Insurance
2021-06-07,979.3598022460938,988.7224346045169,977.8736720454168,985.7996997823604,693875,SBILIFE.NS,SBI Life Insurance,Insurance
2021-06-08,970.7897338867188,978.8643986101289,954.095562612909,978.8643986101289,3262160,SBILIFE.NS,SBI Life Insurance,Insurance
2021-06-09,989.3663330078125,997.6886858567004,969.1054741095983,969.1054741095983,3809219,SBILIFE.NS,SBI Life Insurance,Insurance
2021-06-10,988.3260498046875,995.7071747865666,982.8769060620745,995.7071747865666,1041345,SBILIFE.NS,SBI Life Insurance,Insurance
2021-06-11,978.9634399414062,993.230313520946,974.9013750669434,989.6636253614562,823207,SBILIFE.NS,SBI Life Insurance,Insurance
2021-06-14,977.031494140625,983.5704424227097,962.3682953758235,978.9634149029757,514960,SBILIFE.NS,SBI Life Insurance,Insurance
2021-06-15,986.6417846679688,994.4687609976363,971.7804831337575,982.6292453478899,1137725,SBILIFE.NS,SBI Life Insurance,Insurance
2021-06-16,982.629150390625,994.5677160419224,979.2110392739106,990.7038142988936,833286,SBILIFE.NS,SBI Life Insurance,Insurance
2021-06-17,974.207763671875,983.5208694143445,967.9660296180347,973.9105497589846,869613,SBILIFE.NS,SBI Life Insurance,Insurance
2021-06-18,973.4647216796875,991.44691971971,947.9032965631532,991.44691971971,1888723,SBILIFE.NS,SBI Life Insurance,Insurance
2021-06-21,972.4739990234375,981.2422029982249,959.3960418966758,964.0030694487497,887943,SBILIFE.NS,SBI Life Insurance,Insurance
2021-06-22,997.6887817382812,1001.6517957670331,970.9879626254066,972.9199440585821,2289172,SBILIFE.NS,SBI Life Insurance,Insurance
2021-06-23,991.2982788085938,1005.6642027685057,989.7626231691055,1001.1562869993804,1802617,SBILIFE.NS,SBI Life Insurance,Insurance
2021-06-24,992.883544921875,996.1530190507585,985.7996339169703,990.8524520733548,932721,SBILIFE.NS,SBI Life Insurance,Insurance
2021-06-25,997.8372802734375,1008.1410790336952,982.2329147039188,987.7811093847664,980203,SBILIFE.NS,SBI Life Insurance,Insurance
2021-06-28,992.833984375,1010.2712809615499,988.7719195152075,1001.1563373448068,1107325,SBILIFE.NS,SBI Life Insurance,Insurance
2021-06-29,990.1589965820312,1007.8934465971832,986.0473456822543,990.852475602513,2486963,SBILIFE.NS,SBI Life Insurance,Insurance
2021-06-30,998.8280639648438,1002.3947520149804,989.2177438948568,993.1312319173161,777901,SBILIFE.NS,SBI Life Insurance,Insurance
2021-07-01,997.589599609375,1007.9925100691238,993.3293117111338,999.6701575130098,834379,SBILIFE.NS,SBI Life Insurance,Insurance
2021-07-02,997.8869018554688,1001.5527017694415,986.8399765344684,1001.5527017694415,581097,SBILIFE.NS,SBI Life Insurance,Insurance
2021-07-05,1000.5122680664062,1005.5651465437579,996.4997290058064,1004.6239187466329,431929,SBILIFE.NS,SBI Life Insurance,Insurance
2021-07-06,1013.689453125,1023.3492996109821,996.7970578164679,1001.6022485047918,1693798,SBILIFE.NS,SBI Life Insurance,Insurance
2021-07-07,1005.020263671875,1017.5037322058516,1003.1873336166848,1014.0360953385484,888200,SBILIFE.NS,SBI Life Insurance,Insurance
2021-07-08,1012.1536865234375,1016.5130258322821,992.8339945120052,1001.4040359259055,868890,SBILIFE.NS,SBI Life Insurance,Insurance
2021-07-09,1010.1722412109375,1018.4945947728859,1003.1874411522278,1004.7230969782032,930387,SBILIFE.NS,SBI Life Insurance,Insurance
2021-07-12,1023.8941650390625,1026.4206348625128,1009.5282996358168,1010.2713647672326,1297301,SBILIFE.NS,SBI Life Insurance,Insurance
2021-07-13,1042.9166259765625,1046.731002507274,1026.4701431685505,1030.3835708542974,2525938,SBILIFE.NS,SBI Life Insurance,Insurance
2021-07-14,1042.6689453125,1051.040763510838,1037.3188525437288,1040.2911128662035,1596046,SBILIFE.NS,SBI Life Insurance,Insurance
2021-07-15,1043.2138671875,1055.102909389665,1039.6471787151688,1043.7588299984025,796945,SBILIFE.NS,SBI Life Insurance,Insurance
2021-07-16,1040.538818359375,1048.0685204453084,1037.417920781073,1044.2541438236433,699003,SBILIFE.NS,SBI Life Insurance,Insurance
2021-07-19,1028.2535400390625,1040.538908156099,1017.8011627291829,1035.2384008913018,643558,SBILIFE.NS,SBI Life Insurance,Insurance
2021-07-20,1005.3670043945312,1031.5723832327176,1003.4350231862378,1027.6589557114833,695099,SBILIFE.NS,SBI Life Insurance,Insurance
2021-07-22,1016.5130004882812,1029.1946925357217,1007.5962197822437,1007.5962197822437,915518,SBILIFE.NS,SBI Life Insurance,Insurance
2021-07-23,1040.7369384765625,1044.204575635862,1014.0857063061362,1016.0176876747618,1290998,SBILIFE.NS,SBI Life Insurance,Insurance
2021-07-26,1066.694580078125,1094.6833612083783,1030.4824980621795,1038.3094734338204,2151393,SBILIFE.NS,SBI Life Insurance,Insurance
2021-07-27,1094.9310302734375,1103.4514844385897,1053.170754620176,1087.8471200121855,6096747,SBILIFE.NS,SBI Life Insurance,Insurance
2021-07-28,1122.9200439453125,1128.2701370472423,1082.893578255157,1104.6901553106131,4409570,SBILIFE.NS,SBI Life Insurance,Insurance
2021-07-29,1118.411865234375,1137.3848155709318,1113.656321845709,1122.523515715911,1555904,SBILIFE.NS,SBI Life Insurance,Insurance
2021-07-30,1088.441650390625,1112.616057302157,1081.902702202988,1112.616057302157,1238229,SBILIFE.NS,SBI Life Insurance,Insurance
2021-08-02,1096.962158203125,1118.065254809661,1091.760702653501,1100.7766556927813,1582968,SBILIFE.NS,SBI Life Insurance,Insurance
2021-08-03,1121.2354736328125,1124.405956792813,1084.6767732117717,1095.0300969346404,1033719,SBILIFE.NS,SBI Life Insurance,Insurance
2021-08-04,1126.3380126953125,1134.0659378258633,1114.5976087382523,1119.5513758882003,1840302,SBILIFE.NS,SBI Life Insurance,Insurance
2021-08-05,1124.2574462890625,1164.8287505676735,1114.5976004187664,1159.379606743404,6687775,SBILIFE.NS,SBI Life Insurance,Insurance
2021-08-06,1140.0599365234375,1143.5771596166735,1117.02491901329,1129.458923078196,1654283,SBILIFE.NS,SBI Life Insurance,Insurance
2021-08-09,1125.941650390625,1145.3109276914495,1118.4119487567475,1140.6048490525789,1491795,SBILIFE.NS,SBI Life Insurance,Insurance
2021-08-10,1117.173583984375,1135.4034719456413,1109.7925190398964,1132.1835231813975,1911046,SBILIFE.NS,SBI Life Insurance,Insurance
2021-08-11,1124.9013671875,1131.5393661933756,1102.8075193138825,1119.5512749595562,1458158,SBILIFE.NS,SBI Life Insurance,Insurance
2021-08-12,1123.56396484375,1140.3076008961777,1118.114821031247,1125.793160039774,1054244,SBILIFE.NS,SBI Life Insurance,Insurance
2021-08-13,1128.0718994140625,1131.9358622129978,1120.5917831302554,1121.5329505690272,712776,SBILIFE.NS,SBI Life Insurance,Insurance
2021-08-16,1128.5672607421875,1133.9173537028908,1117.9166608712342,1121.5329352482938,479277,SBILIFE.NS,SBI Life Insurance,Insurance
2021-08-17,1124.306884765625,1141.149690739024,1113.1609102244051,1127.4772469251686,1991904,SBILIFE.NS,SBI Life Insurance,Insurance
2021-08-18,1103.7489013671875,1135.7997504738262,1090.0268696792982,1124.5051372418477,3428721,SBILIFE.NS,SBI Life Insurance,Insurance
2021-08-20,1114.8948974609375,1123.0190273145465,1090.3241637050362,1103.7489212304226,2127671,SBILIFE.NS,SBI Life Insurance,Insurance
2021-08-23,1124.950927734375,1130.4000715703964,1108.2567567159708,1116.5791096720288,1251406,SBILIFE.NS,SBI Life Insurance,Insurance
2021-08-24,1149.67041015625,1155.1195545226958,1120.1954929013843,1129.4590141360238,1211218,SBILIFE.NS,SBI Life Insurance,Insurance
2021-08-25,1145.45947265625,1160.8161490834032,1139.514952748965,1157.1998752848247,893931,SBILIFE.NS,SBI Life Insurance,Insurance
2021-08-26,1141.14990234375,1153.732423115737,1134.2640931187257,1140.5553535047193,823814,SBILIFE.NS,SBI Life Insurance,Insurance
2021-08-27,1173.1015625,1181.6220171947234,1134.709869858405,1144.1220267640863,2469538,SBILIFE.NS,SBI Life Insurance,Insurance
2021-08-30,1169.782470703125,1187.9133059851158,1165.6709409177377,1178.501148848453,1690833,SBILIFE.NS,SBI Life Insurance,Insurance
2021-08-31,1181.0277099609375,1183.4550075604636,1160.8163151956148,1169.7825614405613,1719768,SBILIFE.NS,SBI Life Insurance,Insurance
2021-09-01,1209.2144775390625,1211.493258646818,1172.9529287016255,1178.0057466562437,1955177,SBILIFE.NS,SBI Life Insurance,Insurance
2021-09-02,1231.9029541015625,1238.441903161939,1212.8804139040399,1218.428730383479,2468599,SBILIFE.NS,SBI Life Insurance,Insurance
2021-09-03,1232.6458740234375,1242.0580313786065,1214.6636755197198,1235.419910994751,1295336,SBILIFE.NS,SBI Life Insurance,Insurance
2021-09-06,1233.1412353515625,1236.46023503132,1222.0943108262286,1233.4879748509563,1166873,SBILIFE.NS,SBI Life Insurance,Insurance
2021-09-07,1227.2957763671875,1241.7607518438253,1216.8928656492417,1233.4879851278695,1164891,SBILIFE.NS,SBI Life Insurance,Insurance
2021-09-08,1208.768798828125,1235.4199699631783,1200.7435991047691,1234.5283886086577,1909087,SBILIFE.NS,SBI Life Insurance,Insurance
2021-09-09,1162.3519287109375,1188.5574306945446,1157.2000590166076,1166.1168402932767,10115407,SBILIFE.NS,SBI Life Insurance,Insurance
2021-09-13,1154.3763427734375,1168.1478391570352,1142.6854043317471,1168.1478391570352,2374250,SBILIFE.NS,SBI Life Insurance,Insurance
2021-09-14,1160.0732421875,1163.1445537031695,1147.3420845060673,1159.1815398915744,1338821,SBILIFE.NS,SBI Life Insurance,Insurance
2021-09-15,1161.60888671875,1165.12611000228,1154.7231983058311,1160.0732913666084,1875092,SBILIFE.NS,SBI Life Insurance,Insurance
2021-09-16,1173.9437255859375,1176.0242835336126,1157.19996896989,1163.3425916614212,3028407,SBILIFE.NS,SBI Life Insurance,Insurance
2021-09-17,1187.71533203125,1193.6598529704622,1172.5071692084948,1191.8764483120633,4143024,SBILIFE.NS,SBI Life Insurance,Insurance
2021-09-20,1166.612060546875,1187.6159830268023,1163.1444238488589,1178.8478401358468,2117784,SBILIFE.NS,SBI Life Insurance,Insurance
2021-09-21,1173.646484375,1184.8915115729692,1160.0732108140012,1178.0058236381756,2117913,SBILIFE.NS,SBI Life Insurance,Insurance
2021-09-22,1180.2845458984375,1192.4212747615636,1166.8597892691255,1173.6464257103953,1399326,SBILIFE.NS,SBI Life Insurance,Insurance
2021-09-23,1207.0347900390625,1212.6820354549966,1187.4178263830177,1212.6820354549966,2659260,SBILIFE.NS,SBI Life Insurance,Insurance
2021-09-24,1210.7501220703125,1227.0975515666062,1196.4336642798312,1207.728276120129,1703375,SBILIFE.NS,SBI Life Insurance,Insurance
2021-09-27,1211.4932861328125,1221.5989222713224,1197.672203863338,1218.5770760739888,728019,SBILIFE.NS,SBI Life Insurance,Insurance
2021-09-28,1199.1090087890625,1217.7846880658146,1191.1829807932768,1211.1961531059999,1588306,SBILIFE.NS,SBI Life Insurance,Insurance
2021-09-29,1194.799072265625,1203.567337033887,1185.733774969489,1194.8486583146594,1623118,SBILIFE.NS,SBI Life Insurance,Insurance
2021-09-30,1203.864501953125,1207.7284646254775,1185.6842001973257,1197.9695672579608,1234882,SBILIFE.NS,SBI Life Insurance,Insurance
2021-10-01,1197.8704833984375,1206.2918875568141,1188.3096886067876,1192.867130198299,830634,SBILIFE.NS,SBI Life Insurance,Insurance
2021-10-04,1219.46875,1228.5341674399886,1194.8981392161436,1199.8023199756663,1664614,SBILIFE.NS,SBI Life Insurance,Insurance
2021-10-05,1250.2813720703125,1255.7801025528024,1215.6545844830678,1219.617598613412,2282814,SBILIFE.NS,SBI Life Insurance,Insurance
2021-10-06,1200.8427734375,1262.120850437265,1194.2542387738276,1261.2291481395016,2630744,SBILIFE.NS,SBI Life Insurance,Insurance
2021-10-07,1203.8150634765625,1222.787895853093,1196.037551910294,1215.6545191783148,2674007,SBILIFE.NS,SBI Life Insurance,Insurance
2021-10-08,1185.386962890625,1217.636037316614,1180.9285721925576,1213.6234373117181,1661548,SBILIFE.NS,SBI Life Insurance,Insurance
2021-10-11,1194.9476318359375,1207.2329979815536,1188.8544743381547,1188.8544743381547,822914,SBILIFE.NS,SBI Life Insurance,Insurance
2021-10-12,1199.406005859375,1203.7653448768735,1187.071174776155,1197.8208246552592,815338,SBILIFE.NS,SBI Life Insurance,Insurance
2021-10-13,1180.730224609375,1207.3815121012262,1173.4482121701408,1199.4058997991926,1281752,SBILIFE.NS,SBI Life Insurance,Insurance
2021-10-14,1174.587646484375,1187.8141791133517,1162.9462949785202,1181.9191242965105,2080766,SBILIFE.NS,SBI Life Insurance,Insurance
2021-10-18,1181.4735107421875,1208.719231115697,1174.5878225153347,1208.719231115697,934860,SBILIFE.NS,SBI Life Insurance,Insurance
2021-10-19,1182.41455078125,1204.6570363095302,1175.5784493408764,1182.4641368259488,1313098,SBILIFE.NS,SBI Life Insurance,Insurance
2021-10-20,1157.9429931640625,1191.8762958514371,1145.211836636092,1187.913282398897,2063277,SBILIFE.NS,SBI Life Insurance,Insurance
2021-10-21,1147.58984375,1173.4979513902465,1127.5270850896266,1159.181611488246,1985866,SBILIFE.NS,SBI Life Insurance,Insurance
2021-10-22,1156.407470703125,1160.9650336899215,1131.1432557129485,1157.2001219029835,1112991,SBILIFE.NS,SBI Life Insurance,Insurance
2021-10-25,1119.254150390625,1156.1597172703987,1115.8856853347334,1146.8961964835244,1843700,SBILIFE.NS,SBI Life Insurance,Insurance
2021-10-26,1161.212646484375,1167.404855637716,1123.5144287822006,1124.5051822467353,1572647,SBILIFE.NS,SBI Life Insurance,Insurance
2021-10-27,1175.033447265625,1190.9350865601386,1164.432435030328,1164.5314861748361,1916766,SBILIFE.NS,SBI Life Insurance,Insurance
2021-10-28,1156.3082275390625,1210.4529230982118,1147.3914472584127,1198.8115710651412,3565017,SBILIFE.NS,SBI Life Insurance,Insurance
2021-10-29,1134.9576416015625,1169.0890489331914,1131.5394696986314,1156.308305481114,1518940,SBILIFE.NS,SBI Life Insurance,Insurance
2021-11-01,1152.5928955078125,1162.2032756509159,1128.0222847801406,1137.3848556420285,972538,SBILIFE.NS,SBI Life Insurance,Insurance
2021-11-02,1155.2679443359375,1161.4105664751103,1144.6173462641889,1152.5928378366982,1159884,SBILIFE.NS,SBI Life Insurance,Insurance
2021-11-03,1167.9002685546875,1187.3190128728932,1156.2093289343288,1159.181589420021,1941052,SBILIFE.NS,SBI Life Insurance,Insurance
2021-11-04,1170.8228759765625,1178.9470057958324,1161.707992718768,1178.9470057958324,119047,SBILIFE.NS,SBI Life Insurance,Insurance
2021-11-08,1189.548095703125,1190.9846397586737,1166.4634930714697,1172.0612739782782,1361707,SBILIFE.NS,SBI Life Insurance,Insurance
2021-11-09,1196.0870361328125,1200.7931147591376,1181.3743724051435,1200.7931147591376,1521269,SBILIFE.NS,SBI Life Insurance,Insurance
2021-11-10,1172.8043212890625,1193.6597284518677,1170.1293355220978,1186.0308548107444,842679,SBILIFE.NS,SBI Life Insurance,Insurance
2021-11-11,1142.5367431640625,1181.0770736226973,1139.4654318912465,1167.1074752297393,1271079,SBILIFE.NS,SBI Life Insurance,Insurance
2021-11-12,1164.0362548828125,1166.116812943588,1136.9886372679803,1143.3294835487686,1281030,SBILIFE.NS,SBI Life Insurance,Insurance
2021-11-15,1149.1746826171875,1168.5934215163893,1144.8153442663736,1166.3146407366407,662558,SBILIFE.NS,SBI Life Insurance,Insurance
2021-11-16,1142.338623046875,1163.2930807802384,1140.010376841295,1159.0823790040465,694696,SBILIFE.NS,SBI Life Insurance,Insurance
2021-11-17,1176.222412109375,1185.8822579565267,1139.3664332537971,1139.3664332537971,2862829,SBILIFE.NS,SBI Life Insurance,Insurance
2021-11-18,1171.1199951171875,1193.8577351401177,1167.602772500107,1178.9964355325644,1527355,SBILIFE.NS,SBI Life Insurance,Insurance
2021-11-22,1140.010498046875,1178.6498831600577,1126.6353262769271,1171.1201810186262,772737,SBILIFE.NS,SBI Life Insurance,Insurance
2021-11-23,1142.8341064453125,1148.4813527429212,1121.0871165588555,1133.0256230859436,820238,SBILIFE.NS,SBI Life Insurance,Insurance
2021-11-24,1152.9892578125,1170.4264932912097,1141.3479054779807,1148.5308675567267,1136850,SBILIFE.NS,SBI Life Insurance,Insurance
2021-11-25,1148.7786865234375,1163.144612314373,1141.8434120036754,1147.044867893497,768462,SBILIFE.NS,SBI Life Insurance,Insurance
2021-11-26,1119.8980712890625,1143.3294131737018,1095.0301853641542,1143.3294131737018,2315515,SBILIFE.NS,SBI Life Insurance,Insurance
2021-11-29,1125.7435302734375,1137.236245316077,1093.5440453591257,1101.717760760451,1120859,SBILIFE.NS,SBI Life Insurance,Insurance
2021-11-30,1149.8189697265625,1157.1009834271106,1123.6630543455888,1124.5051705933993,2253521,SBILIFE.NS,SBI Life Insurance,Insurance
2021-12-01,1154.0789794921875,1168.5439537618174,1144.815460147503,1150.066501115027,1239348,SBILIFE.NS,SBI Life Insurance,Insurance
2021-12-02,1177.064697265625,1178.9966181371992,1146.3513399864207,1159.8255628625288,1030248,SBILIFE.NS,SBI Life Insurance,Insurance
2021-12-03,1155.1689453125,1177.0646934749443,1152.939750033285,1166.1168193937222,1327943,SBILIFE.NS,SBI Life Insurance,Insurance
2021-12-06,1137.8802490234375,1168.098226903468,1134.4126122175323,1155.1688470076779,936271,SBILIFE.NS,SBI Life Insurance,Insurance
2021-12-07,1148.431884765625,1151.7012985828562,1128.4681785770213,1146.301740661645,2090791,SBILIFE.NS,SBI Life Insurance,Insurance
2021-12-08,1158.6861572265625,1162.1537942939356,1147.8869204569978,1154.2277667113683,2315306,SBILIFE.NS,SBI Life Insurance,Insurance
2021-12-09,1150.611328125,1173.9930819662163,1142.4376133477278,1169.0889014764796,1136171,SBILIFE.NS,SBI Life Insurance,Insurance
2021-12-10,1164.729736328125,1166.9094664918641,1146.1036439579705,1150.2647600881157,949040,SBILIFE.NS,SBI Life Insurance,Insurance
2021-12-13,1175.677490234375,1193.511050583955,1167.1074495447347,1171.0704629557524,2187282,SBILIFE.NS,SBI Life Insurance,Insurance
2021-12-14,1177.56005859375,1181.8698119027574,1167.2561985497623,1168.0983147919574,1171502,SBILIFE.NS,SBI Life Insurance,Insurance
2021-12-15,1163.7886962890625,1179.6407532878382,1151.5529139814519,1177.5601949950683,857540,SBILIFE.NS,SBI Life Insurance,Insurance
2021-12-16,1153.0386962890625,1175.9745375828782,1149.4224226894423,1167.602720884008,993629,SBILIFE.NS,SBI Life Insurance,Insurance
2021-12-17,1131.9854736328125,1151.205995014387,1126.4867432639905,1145.3110599939955,982598,SBILIFE.NS,SBI Life Insurance,Insurance
2021-12-20,1115.291259765625,1131.9855543888498,1090.4233690260148,1128.9637075847124,1341693,SBILIFE.NS,SBI Life Insurance,Insurance
2021-12-21,1124.7528076171875,1130.8954303766288,1107.3650369118343,1125.0995471220372,878721,SBILIFE.NS,SBI Life Insurance,Insurance
2021-12-22,1113.904052734375,1129.3597809857838,1108.6034254969811,1128.8148182603184,846447,SBILIFE.NS,SBI Life Insurance,Insurance
2021-12-23,1115.0433349609375,1123.5143246743978,1105.8294011595044,1123.5143246743978,1026376,SBILIFE.NS,SBI Life Insurance,Insurance
2021-12-24,1137.5830078125,1142.982686418407,1115.5883306644848,1120.3439953707689,1930715,SBILIFE.NS,SBI Life Insurance,Insurance
2021-12-27,1151.205810546875,1154.277242695513,1124.8517955361144,1137.3848496442895,798129,SBILIFE.NS,SBI Life Insurance,Insurance
2021-12-28,1166.7110595703125,1171.565774918966,1150.859006801853,1154.524866569498,776910,SBILIFE.NS,SBI Life Insurance,Insurance
2021-12-29,1174.6868896484375,1181.176252387971,1156.209313028263,1166.7112757449154,1400668,SBILIFE.NS,SBI Life Insurance,Insurance
2021-12-30,1184.1484375,1191.5790881392861,1169.9807361793755,1172.95299643509,1335116,SBILIFE.NS,SBI Life Insurance,Insurance
2021-12-31,1184.9410400390625,1193.8082343951664,1176.1233107869118,1187.9133001729397,843128,SBILIFE.NS,SBI Life Insurance,Insurance
2022-01-03,1198.2171630859375,1203.2203950946928,1184.9410435931509,1184.9410435931509,925281,SBILIFE.NS,SBI Life Insurance,Insurance
2022-01-04,1209.3134765625,1215.6543219902082,1194.3531256391166,1195.1457766706678,1409464,SBILIFE.NS,SBI Life Insurance,Insurance
2022-01-05,1208.570556640625,1213.6729610324655,1202.5269848597184,1203.7654266566904,378090,SBILIFE.NS,SBI Life Insurance,Insurance
2022-01-06,1194.452392578125,1217.0910858111022,1191.0343413878693,1197.6228763355575,1387627,SBILIFE.NS,SBI Life Insurance,Insurance
2022-01-07,1206.1431884765625,1207.9760580404516,1194.848575761152,1196.8300825202916,1050768,SBILIFE.NS,SBI Life Insurance,Insurance
2022-01-10,1217.7349853515625,1229.2277006560976,1202.081154124523,1207.7284001538617,1379165,SBILIFE.NS,SBI Life Insurance,Insurance
2022-01-11,1221.995361328125,1228.484724030131,1212.7813056258863,1219.4194264791765,985871,SBILIFE.NS,SBI Life Insurance,Insurance
2022-01-12,1237.8472900390625,1243.7918102848641,1219.7660409580828,1228.5341841323252,1371034,SBILIFE.NS,SBI Life Insurance,Insurance
2022-01-13,1247.061279296875,1249.340060535705,1234.4787592604985,1243.3955400256225,933511,SBILIFE.NS,SBI Life Insurance,Insurance
2022-01-14,1251.9161376953125,1260.486179927548,1242.9003047507242,1247.3586956406232,895522,SBILIFE.NS,SBI Life Insurance,Insurance
2022-01-17,1276.040771484375,1281.2918127918356,1244.6835236601275,1244.6835236601275,1427239,SBILIFE.NS,SBI Life Insurance,Insurance
2022-01-18,1254.19482421875,1281.0442186897465,1251.4206661651394,1276.0408653599936,869578,SBILIFE.NS,SBI Life Insurance,Insurance
2022-01-19,1236.5592041015625,1260.3372839661222,1229.1285541438876,1251.321452872457,625670,SBILIFE.NS,SBI Life Insurance,Insurance
2022-01-20,1227.246337890625,1244.0396826338558,1219.5679981040978,1236.4603940110944,716954,SBILIFE.NS,SBI Life Insurance,Insurance
2022-01-21,1229.17822265625,1251.5196391296727,1189.8948263893842,1213.6729078492885,2421446,SBILIFE.NS,SBI Life Insurance,Insurance
2022-01-24,1213.6729736328125,1228.5342753507653,1194.0065418810382,1228.5342753507653,1073781,SBILIFE.NS,SBI Life Insurance,Insurance
2022-01-25,1216.645263671875,1221.4999798732151,1199.0593895430673,1200.8922592780343,1083251,SBILIFE.NS,SBI Life Insurance,Insurance
2022-01-27,1200.4462890625,1210.6015106322277,1190.7368581118894,1207.728301804674,1793456,SBILIFE.NS,SBI Life Insurance,Insurance
2022-01-28,1194.40283203125,1226.305043729836,1189.8948556005114,1198.8116363668767,635096,SBILIFE.NS,SBI Life Insurance,Insurance
2022-01-31,1221.846435546875,1226.9488389308617,1194.8979957443983,1198.8114226731957,1771932,SBILIFE.NS,SBI Life Insurance,Insurance
2022-02-01,1203.7158203125,1238.4417760907156,1191.4800397530396,1238.4417760907156,1593083,SBILIFE.NS,SBI Life Insurance,Insurance
2022-02-02,1208.818359375,1216.1995457482885,1199.8521124815115,1205.449773180194,937000,SBILIFE.NS,SBI Life Insurance,Insurance
2022-02-03,1174.240966796875,1208.7192360037811,1164.7297576527035,1206.7873151097538,1236574,SBILIFE.NS,SBI Life Insurance,Insurance
2022-02-04,1161.2620849609375,1182.959609524963,1154.3763969169686,1182.959609524963,856452,SBILIFE.NS,SBI Life Insurance,Insurance
2022-02-07,1133.421875,1160.8656954498558,1121.4337832027381,1151.0573336694624,1519928,SBILIFE.NS,SBI Life Insurance,Insurance
2022-02-08,1120.6907958984375,1138.3757208990219,1107.0183498295441,1134.4127070751786,1511667,SBILIFE.NS,SBI Life Insurance,Insurance
2022-02-09,1115.291259765625,1130.2517356189742,1107.6625055548122,1121.533055713817,1741687,SBILIFE.NS,SBI Life Insurance,Insurance
2022-02-10,1135.651123046875,1139.3664484221647,1097.7548042189203,1114.5976125869001,2030639,SBILIFE.NS,SBI Life Insurance,Insurance
2022-02-11,1122.82080078125,1134.263929213638,1113.6067464067728,1134.263929213638,1942394,SBILIFE.NS,SBI Life Insurance,Insurance
2022-02-14,1086.1630859375,1116.5791693250892,1079.9212906515947,1114.5976623697652,2448602,SBILIFE.NS,SBI Life Insurance,Insurance
2022-02-15,1109.5943603515625,1113.2602209537465,1076.156428930895,1085.86586183857,1245681,SBILIFE.NS,SBI Life Insurance,Insurance
2022-02-16,1111.77392578125,1121.0374456644888,1091.8102210537045,1117.5698088462602,1294606,SBILIFE.NS,SBI Life Insurance,Insurance
2022-02-17,1115.9351806640625,1122.3750784147976,1101.618840964064,1117.569948127567,1182862,SBILIFE.NS,SBI Life Insurance,Insurance
2022-02-18,1139.8619384765625,1150.1657993968727,1101.0739135134872,1114.3996210827977,1734791,SBILIFE.NS,SBI Life Insurance,Insurance
2022-02-21,1124.2574462890625,1139.8618126949252,1112.6160935735775,1134.4126688706556,1020384,SBILIFE.NS,SBI Life Insurance,Insurance
2022-02-22,1090.77001953125,1116.083819881224,1085.9648892353923,1095.77337309244,2115917,SBILIFE.NS,SBI Life Insurance,Insurance
2022-02-23,1091.5626220703125,1104.64051933591,1088.5407756475572,1097.7548311812175,1743770,SBILIFE.NS,SBI Life Insurance,Insurance
2022-02-24,1044.4521484375,1081.4072973085013,1031.076978017285,1068.0321268882863,2088599,SBILIFE.NS,SBI Life Insurance,Insurance
2022-02-25,1045.8392333984375,1067.734858691619,1039.3002853434095,1050.1985724156473,1415912,SBILIFE.NS,SBI Life Insurance,Insurance
2022-02-28,1050.34716796875,1052.9726884840156,1007.4475003630579,1039.3002441406193,1566146,SBILIFE.NS,SBI Life Insurance,Insurance
2022-03-02,1110.783203125,1114.597579542229,1046.2851807104719,1050.1986082797891,3762611,SBILIFE.NS,SBI Life Insurance,Insurance
2022-03-03,1071.3017578125,1116.3314539044322,1065.2085998842124,1109.7429192493178,1105747,SBILIFE.NS,SBI Life Insurance,Insurance
2022-03-04,1047.5731201171875,1067.437774861934,1040.043418200882,1061.5923054081877,1586668,SBILIFE.NS,SBI Life Insurance,Insurance
2022-03-07,1019.38623046875,1039.102247955716,1013.5407610310855,1017.1074491983038,852067,SBILIFE.NS,SBI Life Insurance,Insurance
2022-03-08,1022.407958984375,1030.13588415486,994.221072132149,999.6702160252499,1580056,SBILIFE.NS,SBI Life Insurance,Insurance
2022-03-09,1015.7203979492188,1032.3155183900674,1011.3611190114115,1026.2224813695307,1409037,SBILIFE.NS,SBI Life Insurance,Insurance
2022-03-10,1040.3406982421875,1047.3254374305377,1026.4701500796068,1029.392824351518,1580932,SBILIFE.NS,SBI Life Insurance,Insurance
2022-03-11,1048.71240234375,1056.2421034816643,1032.01823288115,1040.2909990183632,698477,SBILIFE.NS,SBI Life Insurance,Insurance
2022-03-14,1059.808837890625,1062.6820468692315,1030.5321481958729,1037.3187846329024,1278905,SBILIFE.NS,SBI Life Insurance,Insurance
2022-03-15,1060.651123046875,1069.369680585237,1050.1986260804797,1059.164992915629,1068905,SBILIFE.NS,SBI Life Insurance,Insurance
2022-03-16,1075.7105712890625,1087.6491988819369,1065.0599715733292,1065.9516738773818,1616431,SBILIFE.NS,SBI Life Insurance,Insurance
2022-03-17,1118.1148681640625,1129.4589469298378,1078.0388180523469,1085.865794592195,1867149,SBILIFE.NS,SBI Life Insurance,Insurance
2022-03-21,1085.6676025390625,1128.468100192563,1083.8841980778438,1128.468100192563,849763,SBILIFE.NS,SBI Life Insurance,Insurance
2022-03-22,1087.50048828125,1091.6616041638918,1060.1061327193916,1082.3980841083508,998586,SBILIFE.NS,SBI Life Insurance,Insurance
2022-03-23,1082.1505126953125,1107.365140947741,1069.1220799540595,1100.1821780573398,1054362,SBILIFE.NS,SBI Life Insurance,Insurance
2022-03-24,1078.8807373046875,1087.3517262365035,1074.2738312998513,1077.9395700640691,526345,SBILIFE.NS,SBI Life Insurance,Insurance
2022-03-25,1082.4971923828125,1091.1168199396795,1075.561918251385,1083.8842713974148,598919,SBILIFE.NS,SBI Life Insurance,Insurance
2022-03-28,1067.04150390625,1093.5937456948511,1046.2356807103065,1082.7945085143533,926829,SBILIFE.NS,SBI Life Insurance,Insurance
2022-03-29,1093.0970458984375,1106.695571351268,1078.3570100803652,1102.7748631038949,2864668,SBILIFE.NS,SBI Life Insurance,Insurance
2022-03-30,1113.4949951171875,1119.3016614150754,1095.3304275529376,1101.7823059209431,1287813,SBILIFE.NS,SBI Life Insurance,Insurance
2022-03-31,1113.1473388671875,1119.6488946565105,1106.199163102475,1119.6488946565105,749342,SBILIFE.NS,SBI Life Insurance,Insurance
2022-04-01,1105.1075439453125,1112.5024622759602,1080.9378378286517,1110.7157396972095,1519104,SBILIFE.NS,SBI Life Insurance,Insurance
2022-04-04,1117.961669921875,1121.534993675097,1095.8267158719577,1105.107470437013,1802143,SBILIFE.NS,SBI Life Insurance,Insurance
2022-04-05,1110.070556640625,1121.832803953205,1102.774994725222,1114.7358340887452,773451,SBILIFE.NS,SBI Life Insurance,Insurance
2022-04-06,1098.9036865234375,1114.140020306666,1093.3451697214016,1102.7748375492304,1354847,SBILIFE.NS,SBI Life Insurance,Insurance
2022-04-07,1100.6407470703125,1107.4896880389806,1091.8562911430686,1095.33037934216,966698,SBILIFE.NS,SBI Life Insurance,Insurance
2022-04-08,1151.85888671875,1156.3752505415823,1100.7898307730597,1100.7898307730597,2390240,SBILIFE.NS,SBI Life Insurance,Insurance
2022-04-11,1134.0416259765625,1151.412066637035,1124.6616364865388,1151.412066637035,1318874,SBILIFE.NS,SBI Life Insurance,Insurance
2022-04-12,1140.5926513671875,1144.4638020776067,1110.7651982627644,1132.552643686513,1506254,SBILIFE.NS,SBI Life Insurance,Insurance
2022-04-13,1138.4090576171875,1149.3276201485526,1131.560116886925,1141.4860828245296,509293,SBILIFE.NS,SBI Life Insurance,Insurance
2022-04-18,1164.712890625,1173.199518971285,1125.2074969373107,1136.5231225656028,2382085,SBILIFE.NS,SBI Life Insurance,Insurance
2022-04-19,1116.37353515625,1176.1774903561068,1103.7676046844958,1176.1774903561068,971382,SBILIFE.NS,SBI Life Insurance,Insurance
2022-04-20,1119.996337890625,1127.2918985924903,1109.4251599757217,1119.1526550225929,645638,SBILIFE.NS,SBI Life Insurance,Insurance
2022-04-21,1136.07666015625,1140.0966042990194,1116.869816085501,1116.869816085501,731288,SBILIFE.NS,SBI Life Insurance,Insurance
2022-04-22,1128.8306884765625,1131.560329622582,1113.6935875759095,1125.1084505501724,824665,SBILIFE.NS,SBI Life Insurance,Insurance
2022-04-25,1083.1712646484375,1120.840264973007,1079.399348318645,1111.7084228235967,1073577,SBILIFE.NS,SBI Life Insurance,Insurance
2022-04-26,1086.7445068359375,1097.8119846212699,1075.5777936108116,1097.8119846212699,922785,SBILIFE.NS,SBI Life Insurance,Insurance
2022-04-27,1066.247314453125,1090.7645253620874,1053.3435575010146,1084.908180665889,1202603,SBILIFE.NS,SBI Life Insurance,Insurance
2022-04-28,1108.58154296875,1116.671229889712,1058.5050905038845,1060.5895192330288,1643102,SBILIFE.NS,SBI Life Insurance,Insurance
2022-04-29,1097.3155517578125,1124.2148956408575,1058.3561348365151,1106.2489212429507,3259418,SBILIFE.NS,SBI Life Insurance,Insurance
2022-05-02,1073.046630859375,1085.3051749555075,1056.321280780264,1080.8880472704543,1925857,SBILIFE.NS,SBI Life Insurance,Insurance
2022-05-04,1069.8702392578125,1088.8288104066746,1057.1153969643751,1073.0466211317375,1169983,SBILIFE.NS,SBI Life Insurance,Insurance
2022-05-05,1075.62744140625,1106.745323811027,1072.0044392070934,1073.9896326130324,814132,SBILIFE.NS,SBI Life Insurance,Insurance
2022-05-06,1051.3087158203125,1072.9969273526353,1044.4100967326688,1065.0561545322644,1350057,SBILIFE.NS,SBI Life Insurance,Insurance
2022-05-09,1056.5693359375,1066.9420424549278,1025.5506941387973,1026.344819835472,1201027,SBILIFE.NS,SBI Life Insurance,Insurance
2022-05-10,1073.046630859375,1088.680027716769,1054.1376166699902,1062.0783896769206,1410429,SBILIFE.NS,SBI Life Insurance,Insurance
2022-05-11,1079.1014404296875,1096.2732892678873,1071.0117537376489,1071.0117537376489,1886732,SBILIFE.NS,SBI Life Insurance,Insurance
2022-05-12,1052.748046875,1073.939962409891,1040.2413525565883,1067.537762094094,1457225,SBILIFE.NS,SBI Life Insurance,Insurance
2022-05-13,1037.2137451171875,1071.0117070452548,1030.8612239549052,1067.041320735541,1108831,SBILIFE.NS,SBI Life Insurance,Insurance
2022-05-16,1036.9161376953125,1046.1968923457073,1026.4938726387377,1037.2635222972144,590395,SBILIFE.NS,SBI Life Insurance,Insurance
2022-05-17,1062.4754638671875,1067.3887687508798,1028.6279427982663,1034.2856951592805,545334,SBILIFE.NS,SBI Life Insurance,Insurance
2022-05-18,1065.9495849609375,1076.967383731696,1053.1450637228843,1055.6265553904686,775879,SBILIFE.NS,SBI Life Insurance,Insurance
2022-05-19,1048.8272705078125,1065.9495626558605,1039.2486886380516,1065.9495626558605,1069562,SBILIFE.NS,SBI Life Insurance,Insurance
2022-05-20,1063.41845703125,1075.4785312457734,1053.4924899685295,1072.9970394800935,941175,SBILIFE.NS,SBI Life Insurance,Insurance
2022-05-23,1068.5303955078125,1083.8164096071976,1054.137742711841,1054.137742711841,620152,SBILIFE.NS,SBI Life Insurance,Insurance
2022-05-24,1065.4532470703125,1075.577684231533,1049.4227872595625,1064.8080350273783,847697,SBILIFE.NS,SBI Life Insurance,Insurance
2022-05-25,1087.885986328125,1107.7379203852074,1070.0192456767506,1070.0192456767506,3185769,SBILIFE.NS,SBI Life Insurance,Insurance
2022-05-26,1097.1666259765625,1101.583753540067,1065.4532131194446,1088.8784686119654,1177148,SBILIFE.NS,SBI Life Insurance,Insurance
2022-05-27,1112.800048828125,1121.038649258373,1094.6851604743908,1106.7452336664942,687512,SBILIFE.NS,SBI Life Insurance,Insurance
2022-05-30,1139.89794921875,1141.4860795308691,1110.5666714911306,1117.0682276281325,580398,SBILIFE.NS,SBI Life Insurance,Insurance
2022-05-31,1165.45751953125,1172.1575477161166,1131.1632527257757,1145.4566704201438,2649820,SBILIFE.NS,SBI Life Insurance,Insurance
2022-06-01,1144.2158203125,1167.2936930709175,1135.5802776824366,1153.397339581978,683413,SBILIFE.NS,SBI Life Insurance,Insurance
2022-06-02,1135.2823486328125,1139.500884135929,1112.9986036770983,1131.7585822753438,950691,SBILIFE.NS,SBI Life Insurance,Insurance
2022-06-03,1132.70166015625,1153.248361778217,1130.5178748864994,1145.4565025238276,917466,SBILIFE.NS,SBI Life Insurance,Insurance
2022-06-06,1133.54541015625,1141.0891207015557,1125.70387213989,1127.192767161987,1199089,SBILIFE.NS,SBI Life Insurance,Insurance
2022-06-07,1125.9024658203125,1129.5750250802125,1105.256406350454,1126.646913332448,848821,SBILIFE.NS,SBI Life Insurance,Insurance
2022-06-08,1127.639404296875,1150.6179184172388,1120.8400207235568,1135.7786478665178,1387431,SBILIFE.NS,SBI Life Insurance,Insurance
2022-06-09,1155.0845947265625,1158.6083610614883,1122.180114946018,1128.5326361415166,1142045,SBILIFE.NS,SBI Life Insurance,Insurance
2022-06-10,1146.3499755859375,1155.0847540175982,1143.7195700459395,1146.2010618446939,611509,SBILIFE.NS,SBI Life Insurance,Insurance
2022-06-13,1125.306884765625,1153.1989503183124,1121.9817098930712,1128.632180804774,1014220,SBILIFE.NS,SBI Life Insurance,Insurance
2022-06-14,1123.7186279296875,1136.5231487736414,1115.827533136276,1116.6712160439708,768306,SBILIFE.NS,SBI Life Insurance,Insurance
2022-06-15,1117.415771484375,1136.2254310964665,1114.4876595904714,1131.560274920886,947417,SBILIFE.NS,SBI Life Insurance,Insurance
2022-06-16,1096.9681396484375,1129.2275286463034,1091.7570075795516,1122.97412169701,1385141,SBILIFE.NS,SBI Life Insurance,Insurance
2022-06-17,1074.0887451171875,1106.0999851241681,1067.9346947297627,1096.968144968652,1535565,SBILIFE.NS,SBI Life Insurance,Insurance
2022-06-20,1067.9842529296875,1084.7096024104903,1061.2346688151947,1070.168038128422,532685,SBILIFE.NS,SBI Life Insurance,Insurance
2022-06-21,1088.2333984375,1090.3675056358775,1069.3740606067474,1072.103701608567,659138,SBILIFE.NS,SBI Life Insurance,Insurance
2022-06-22,1062.525146484375,1087.886042006923,1054.733286201495,1087.389743630095,560136,SBILIFE.NS,SBI Life Insurance,Insurance
2022-06-23,1065.9000244140625,1074.9823091540857,1053.5918001498003,1069.0267284939523,895014,SBILIFE.NS,SBI Life Insurance,Insurance
2022-06-24,1070.565185546875,1084.8089235101195,1064.1628643334866,1064.1628643334866,492066,SBILIFE.NS,SBI Life Insurance,Insurance
2022-06-27,1076.5206298828125,1088.4813455338592,1069.0761558054335,1075.8754178961256,793805,SBILIFE.NS,SBI Life Insurance,Insurance
2022-06-28,1070.06884765625,1081.930328942705,1060.0932030374395,1076.9673457824174,572706,SBILIFE.NS,SBI Life Insurance,Insurance
2022-06-29,1059.7459716796875,1079.9452918293898,1043.7651878261936,1062.1282281743956,1224658,SBILIFE.NS,SBI Life Insurance,Insurance
2022-06-30,1073.592529296875,1084.5607709185651,1049.7206521887629,1065.552520538703,1569542,SBILIFE.NS,SBI Life Insurance,Insurance
2022-07-01,1091.70751953125,1097.166801697641,1067.0415143400573,1077.4141019895617,696341,SBILIFE.NS,SBI Life Insurance,Insurance
2022-07-04,1109.375732421875,1113.693503858597,1086.9926282404338,1096.8193598607395,1436248,SBILIFE.NS,SBI Life Insurance,Insurance
2022-07-05,1102.77490234375,1122.9742203810856,1098.7548373564207,1109.7230790461858,1020111,SBILIFE.NS,SBI Life Insurance,Insurance
2022-07-06,1107.837158203125,1116.671293110831,1102.7749392410074,1105.9512002303309,602752,SBILIFE.NS,SBI Life Insurance,Insurance
2022-07-07,1116.274169921875,1121.6342160727072,1102.923793427289,1113.395615399522,792663,SBILIFE.NS,SBI Life Insurance,Insurance
2022-07-08,1138.4090576171875,1140.8905491015887,1119.202337761238,1127.3912596597618,1135110,SBILIFE.NS,SBI Life Insurance,Insurance
2022-07-11,1138.905517578125,1146.5484639683423,1132.6025525463754,1137.4661796129171,543156,SBILIFE.NS,SBI Life Insurance,Insurance
2022-07-12,1131.31201171875,1138.5083373032737,1125.7038165126671,1134.5379507738814,331672,SBILIFE.NS,SBI Life Insurance,Insurance
2022-07-13,1131.4112548828125,1142.2802607812716,1129.1779124447626,1136.969771828643,368619,SBILIFE.NS,SBI Life Insurance,Insurance
2022-07-14,1130.517822265625,1138.4090377482391,1121.6838096686004,1134.637122291151,728701,SBILIFE.NS,SBI Life Insurance,Insurance
2022-07-15,1146.895751953125,1149.5261573116416,1128.4334784774906,1136.1757808220711,591171,SBILIFE.NS,SBI Life Insurance,Insurance
2022-07-18,1168.4351806640625,1178.063319783869,1148.7321612282205,1156.8217270608798,1044459,SBILIFE.NS,SBI Life Insurance,Insurance
2022-07-19,1161.288330078125,1177.1698754917888,1146.94535784304,1167.6906507729536,1099874,SBILIFE.NS,SBI Life Insurance,Insurance
2022-07-20,1177.269287109375,1190.1233650627275,1154.8861845291774,1166.3010458287781,1608377,SBILIFE.NS,SBI Life Insurance,Insurance
2022-07-21,1159.8988037109375,1178.2121624876916,1154.389844122313,1178.2121624876916,1048591,SBILIFE.NS,SBI Life Insurance,Insurance
2022-07-22,1156.325439453125,1167.4921519636166,1149.824003980301,1160.89148105735,753148,SBILIFE.NS,SBI Life Insurance,Insurance
2022-07-25,1136.4735107421875,1163.323299177029,1130.7660798801842,1163.323299177029,934158,SBILIFE.NS,SBI Life Insurance,Insurance
2022-07-26,1129.7735595703125,1141.5854849946695,1126.5972984729735,1133.5454756441725,687125,SBILIFE.NS,SBI Life Insurance,Insurance
2022-07-27,1140.8409423828125,1168.782562483571,1123.817885498461,1131.5601878821833,1554002,SBILIFE.NS,SBI Life Insurance,Insurance
2022-07-28,1182.6292724609375,1186.1530391610636,1139.0046966002683,1146.4491717414464,1043318,SBILIFE.NS,SBI Life Insurance,Insurance
2022-07-29,1284.8172607421875,1295.04093459356,1231.8125699223622,1253.3518709861955,7628351,SBILIFE.NS,SBI Life Insurance,Insurance
2022-08-01,1303.5772705078125,1307.497978933786,1277.8689922191638,1290.3756861749266,2973441,SBILIFE.NS,SBI Life Insurance,Insurance
2022-08-02,1275.6851806640625,1303.08094544981,1270.9703465227842,1300.3016263314755,1673860,SBILIFE.NS,SBI Life Insurance,Insurance
2022-08-03,1274.047607421875,1278.0179944234105,1249.2822457998398,1273.5016307425258,1409000,SBILIFE.NS,SBI Life Insurance,Insurance
2022-08-04,1269.33251953125,1277.422084499132,1260.8457705425676,1274.5932085584284,1015838,SBILIFE.NS,SBI Life Insurance,Insurance
2022-08-05,1257.2724609375,1278.3154596094876,1251.6145878276454,1275.685054483846,922856,SBILIFE.NS,SBI Life Insurance,Insurance
2022-08-08,1260.49853515625,1262.9303485305174,1241.9865830319866,1251.8628714294227,1002771,SBILIFE.NS,SBI Life Insurance,Insurance
2022-08-10,1263.7740478515625,1284.7179347882206,1259.6548685519383,1260.5977869337974,1187710,SBILIFE.NS,SBI Life Insurance,Insurance
2022-08-11,1252.16064453125,1274.4443903331287,1249.7288312625658,1270.126619240475,943196,SBILIFE.NS,SBI Life Insurance,Insurance
2022-08-12,1277.0252685546875,1280.3007647998159,1243.2273041547455,1246.205094104817,1572048,SBILIFE.NS,SBI Life Insurance,Insurance
2022-08-16,1299.904541015625,1311.2201669928618,1277.521559388785,1279.4570743783488,1710276,SBILIFE.NS,SBI Life Insurance,Insurance
2022-08-17,1295.68603515625,1311.2201972295693,1282.881513917436,1295.3386505560845,1209377,SBILIFE.NS,SBI Life Insurance,Insurance
2022-08-18,1314.3963623046875,1323.1312608051405,1293.7007475374123,1296.3311527468218,1498235,SBILIFE.NS,SBI Life Insurance,Insurance
2022-08-19,1287.34814453125,1324.8186671309418,1283.7748209139995,1310.2275452077602,961803,SBILIFE.NS,SBI Life Insurance,Insurance
2022-08-22,1266.55322265625,1301.6911654491503,1261.7391535275876,1282.4844460630304,966451,SBILIFE.NS,SBI Life Insurance,Insurance
2022-08-23,1269.779296875,1283.080116557311,1260.5977776284933,1266.5533576802814,803737,SBILIFE.NS,SBI Life Insurance,Insurance
2022-08-24,1277.9681396484375,1280.3999528844379,1262.8310412953201,1274.4940515018204,684029,SBILIFE.NS,SBI Life Insurance,Insurance
2022-08-25,1287.3978271484375,1306.257163089702,1278.464457492049,1278.464457492049,1286241,SBILIFE.NS,SBI Life Insurance,Insurance
2022-08-26,1303.97412109375,1317.672002809931,1296.3311756457779,1296.3311756457779,869870,SBILIFE.NS,SBI Life Insurance,Insurance
2022-08-29,1288.5889892578125,1301.195040065223,1246.701456926442,1246.701456926442,737193,SBILIFE.NS,SBI Life Insurance,Insurance
2022-08-30,1319.26025390625,1323.7766173721598,1290.474949515273,1290.474949515273,1086386,SBILIFE.NS,SBI Life Insurance,Insurance
2022-09-01,1286.9510498046875,1303.2792138805864,1281.4420907234098,1281.541326140811,2045072,SBILIFE.NS,SBI Life Insurance,Insurance
2022-09-02,1278.6630859375,1301.2943403227955,1273.2038038079993,1293.4032446204283,1141002,SBILIFE.NS,SBI Life Insurance,Insurance
2022-09-05,1283.824462890625,1286.4051898097057,1272.5088374506502,1285.0652086369691,440939,SBILIFE.NS,SBI Life Insurance,Insurance
2022-09-06,1301.6414794921875,1307.2496743100517,1275.5362625684756,1283.4273567827615,1792194,SBILIFE.NS,SBI Life Insurance,Insurance
2022-09-07,1321.692138671875,1327.4988049328697,1291.566732934785,1294.346052065363,839563,SBILIFE.NS,SBI Life Insurance,Insurance
2022-09-08,1307.944580078125,1330.4269188265357,1295.0905017027962,1328.09434089162,1205449,SBILIFE.NS,SBI Life Insurance,Insurance
2022-09-09,1287.8443603515625,1317.1259589180866,1281.7399884311214,1312.2623326996168,548609,SBILIFE.NS,SBI Life Insurance,Insurance
2022-09-12,1296.3311767578125,1301.2941598235009,1285.4622923105865,1288.191932996715,1002755,SBILIFE.NS,SBI Life Insurance,Insurance
2022-09-13,1314.594970703125,1325.116470505282,1301.2941519344006,1302.8327251420678,1160040,SBILIFE.NS,SBI Life Insurance,Insurance
2022-09-14,1293.6512451171875,1310.2275604839501,1290.3756277493449,1295.288932634527,800852,SBILIFE.NS,SBI Life Insurance,Insurance
2022-09-15,1285.41259765625,1307.2497228673988,1267.1487959736103,1300.1526329404599,1441219,SBILIFE.NS,SBI Life Insurance,Insurance
2022-09-16,1262.8310546875,1293.3037225729263,1256.6273257884654,1279.457048136913,1717631,SBILIFE.NS,SBI Life Insurance,Insurance
2022-09-19,1293.6512451171875,1298.316400843187,1263.0295419407935,1269.034800059644,859607,SBILIFE.NS,SBI Life Insurance,Insurance
2022-09-20,1299.6068115234375,1312.7090385264073,1296.9764062299362,1300.1526669680559,671787,SBILIFE.NS,SBI Life Insurance,Insurance
2022-09-21,1296.62890625,1308.9866846833208,1288.3903065167397,1299.6066958644456,453755,SBILIFE.NS,SBI Life Insurance,Insurance
2022-09-22,1275.9830322265625,1290.3260057869006,1259.6051870054514,1287.3978940473369,932867,SBILIFE.NS,SBI Life Insurance,Insurance
2022-09-23,1263.575439453125,1280.3999029257966,1256.180643439059,1264.5680360277152,415333,SBILIFE.NS,SBI Life Insurance,Insurance
2022-09-26,1250.473388671875,1262.384549238999,1242.5821720962006,1262.384549238999,1271968,SBILIFE.NS,SBI Life Insurance,Insurance
2022-09-27,1233.1029052734375,1261.2429969464815,1228.1399218684355,1256.6273981465124,821405,SBILIFE.NS,SBI Life Insurance,Insurance
2022-09-28,1229.6287841796875,1241.5895011676146,1206.0049353336783,1218.4123935161235,1102669,SBILIFE.NS,SBI Life Insurance,Insurance
2022-09-29,1230.6214599609375,1241.7384947405794,1226.8495439643134,1235.782914430073,1382993,SBILIFE.NS,SBI Life Insurance,Insurance
2022-09-30,1241.1925048828125,1248.6866584938273,1225.4103141610356,1233.7977078758565,1344894,SBILIFE.NS,SBI Life Insurance,Insurance
2022-10-03,1228.0902099609375,1247.3466092787094,1218.7597771815445,1246.304334325546,981699,SBILIFE.NS,SBI Life Insurance,Insurance
2022-10-04,1251.3170166015625,1255.6347878838935,1240.7955161300818,1242.9791803380283,420656,SBILIFE.NS,SBI Life Insurance,Insurance
2022-10-06,1235.9317626953125,1270.4740539663508,1233.2516789976123,1257.6199756104472,900769,SBILIFE.NS,SBI Life Insurance,Insurance
2022-10-07,1233.99609375,1247.5947404109916,1229.1820242817796,1229.9264717613987,570691,SBILIFE.NS,SBI Life Insurance,Insurance
2022-10-10,1230.125,1234.7404772010332,1209.0323225045718,1220.8938032647823,539842,SBILIFE.NS,SBI Life Insurance,Insurance
2022-10-11,1197.4189453125,1233.7976367931778,1191.2648945449275,1230.86952514031,712461,SBILIFE.NS,SBI Life Insurance,Insurance
2022-10-12,1203.2255859375,1211.4145081317204,1191.413782978495,1197.071535300597,721135,SBILIFE.NS,SBI Life Insurance,Insurance
2022-10-13,1179.1055908203125,1207.5435092220923,1176.2767145866094,1198.0641626993045,689562,SBILIFE.NS,SBI Life Insurance,Insurance
2022-10-14,1171.0655517578125,1208.0397762005964,1168.8817664733238,1192.1085518331136,717290,SBILIFE.NS,SBI Life Insurance,Insurance
2022-10-17,1180.991455078125,1189.7759105460302,1158.9557383818994,1169.2787670098685,1615547,SBILIFE.NS,SBI Life Insurance,Insurance
2022-10-18,1210.0250244140625,1216.9235228346226,1184.316746313358,1186.8974734335236,1367703,SBILIFE.NS,SBI Life Insurance,Insurance
2022-10-19,1218.0152587890625,1224.6657286825948,1204.3670555932695,1210.9678471903683,947326,SBILIFE.NS,SBI Life Insurance,Insurance
2022-10-20,1213.89599609375,1220.8938507782575,1205.0123047518737,1210.9678845117676,878595,SBILIFE.NS,SBI Life Insurance,Insurance
2022-10-21,1237.122802734375,1240.99395387841,1217.916081910665,1219.3552985775043,1020728,SBILIFE.NS,SBI Life Insurance,Insurance
2022-10-24,1248.28955078125,1259.555498777907,1229.6288060430068,1259.555498777907,157253,SBILIFE.NS,SBI Life Insurance,Insurance
2022-10-25,1245.5599365234375,1269.134107992516,1233.9961608116034,1252.259964204123,1260061,SBILIFE.NS,SBI Life Insurance,Insurance
2022-10-27,1243.6243896484375,1254.6421884306108,1234.3436350353732,1246.2051167520822,1512949,SBILIFE.NS,SBI Life Insurance,Insurance
2022-10-28,1243.5250244140625,1255.982038598011,1235.236746167617,1249.877545493307,528795,SBILIFE.NS,SBI Life Insurance,Insurance
2022-10-31,1256.5777587890625,1264.320061607446,1246.0067007420648,1249.7784955468076,539055,SBILIFE.NS,SBI Life Insurance,Insurance
2022-11-01,1259.3570556640625,1276.8764115485887,1250.7215128918588,1256.5777364538926,1038607,SBILIFE.NS,SBI Life Insurance,Insurance
2022-11-02,1263.2281494140625,1269.9281767939156,1253.1532691947446,1265.6599627371536,369486,SBILIFE.NS,SBI Life Insurance,Insurance
2022-11-03,1266.6031494140625,1271.5164549301749,1253.6497131747158,1253.6497131747158,431610,SBILIFE.NS,SBI Life Insurance,Insurance
2022-11-04,1256.2303466796875,1272.3600428928166,1250.175531103769,1270.5237632495628,336277,SBILIFE.NS,SBI Life Insurance,Insurance
2022-11-07,1269.1837158203125,1272.5088903253659,1256.0318103625814,1262.533245643624,474230,SBILIFE.NS,SBI Life Insurance,Insurance
2022-11-09,1254.443603515625,1280.449585387881,1246.7509800375196,1280.449585387881,992095,SBILIFE.NS,SBI Life Insurance,Insurance
2022-11-10,1229.18212890625,1258.7118814446294,1216.8739052955902,1258.7118814446294,497796,SBILIFE.NS,SBI Life Insurance,Insurance
2022-11-11,1240.9940185546875,1263.7740642498836,1229.1820936448644,1241.738466076316,1136441,SBILIFE.NS,SBI Life Insurance,Insurance
2022-11-14,1239.3560791015625,1250.572469044794,1230.7700943573977,1241.738335152917,772676,SBILIFE.NS,SBI Life Insurance,Insurance
2022-11-15,1249.9769287109375,1252.6568910254234,1229.3308712638566,1239.3560725450873,775345,SBILIFE.NS,SBI Life Insurance,Insurance
2022-11-16,1245.609619140625,1256.180798195652,1237.0733117808256,1250.6718380613652,1280120,SBILIFE.NS,SBI Life Insurance,Insurance
2022-11-17,1245.0634765625,1251.813181668354,1234.7901263522888,1246.2049868450952,796479,SBILIFE.NS,SBI Life Insurance,Insurance
2022-11-18,1233.549560546875,1251.6644504925441,1228.487341562499,1245.063658142037,1253218,SBILIFE.NS,SBI Life Insurance,Insurance
2022-11-21,1217.51904296875,1239.6539970269428,1196.5752776064664,1220.993131290295,1040107,SBILIFE.NS,SBI Life Insurance,Insurance
2022-11-22,1219.950927734375,1226.7997474985175,1210.6204952466212,1223.5738084743768,750489,SBILIFE.NS,SBI Life Insurance,Insurance
2022-11-23,1217.221435546875,1225.8569787524202,1208.139151106605,1225.807300448586,880563,SBILIFE.NS,SBI Life Insurance,Insurance
2022-11-24,1231.4649658203125,1236.1301212592637,1211.2159714436254,1220.8937880562667,1717980,SBILIFE.NS,SBI Life Insurance,Insurance
2022-11-25,1226.1051025390625,1245.6592095227552,1220.000608457037,1238.959181640028,1429364,SBILIFE.NS,SBI Life Insurance,Insurance
2022-11-28,1244.219970703125,1260.1015179957058,1217.916157999788,1220.893948117147,1073327,SBILIFE.NS,SBI Life Insurance,Insurance
2022-11-29,1249.083740234375,1263.8734556377633,1238.7110317809145,1244.2199920592216,1070183,SBILIFE.NS,SBI Life Insurance,Insurance
2022-11-30,1273.4022216796875,1280.1518059620735,1243.4754095026442,1249.033926313603,1401332,SBILIFE.NS,SBI Life Insurance,Insurance
2022-12-01,1281.194091796875,1288.5393310441727,1266.7517624581574,1280.4496443292417,949604,SBILIFE.NS,SBI Life Insurance,Insurance
2022-12-02,1285.5615234375,1290.3259144646736,1255.6347114182088,1282.4348198832615,1614314,SBILIFE.NS,SBI Life Insurance,Insurance
2022-12-05,1275.0400390625,1288.4896505886034,1264.2207116510322,1288.4896505886034,684421,SBILIFE.NS,SBI Life Insurance,Insurance
2022-12-06,1275.5859375,1303.7757067439977,1272.0622920736153,1276.479298723092,1991151,SBILIFE.NS,SBI Life Insurance,Insurance
2022-12-07,1252.7066650390625,1287.0008069919206,1249.6791967550316,1276.3800711811289,636553,SBILIFE.NS,SBI Life Insurance,Insurance
2022-12-08,1257.4710693359375,1259.3570272455238,1232.8050662769976,1232.8050662769976,608199,SBILIFE.NS,SBI Life Insurance,Insurance
2022-12-09,1260.2503662109375,1267.545927385832,1247.7436726016062,1267.545927385832,679420,SBILIFE.NS,SBI Life Insurance,Insurance
2022-12-12,1253.8480224609375,1263.5755179629487,1243.7732635361322,1259.5554531194505,498780,SBILIFE.NS,SBI Life Insurance,Insurance
2022-12-13,1268.340087890625,1270.871136728105,1249.9273709850208,1256.1311002434336,598044,SBILIFE.NS,SBI Life Insurance,Insurance
2022-12-14,1260.349609375,1276.4793051043512,1257.2229056618396,1275.4867084440834,609946,SBILIFE.NS,SBI Life Insurance,Insurance
2022-12-15,1264.0718994140625,1285.412728497221,1259.2578296449003,1265.5111161646628,1303760,SBILIFE.NS,SBI Life Insurance,Insurance
2022-12-16,1244.865234375,1269.2830901157554,1241.3414674568187,1253.6496913518663,722024,SBILIFE.NS,SBI Life Insurance,Insurance
2022-12-19,1258.1162109375,1261.4910636656382,1242.0857513537774,1244.9146274764157,378502,SBILIFE.NS,SBI Life Insurance,Insurance
2022-12-20,1222.1346435546875,1259.6051676514912,1219.9509793587263,1250.6717976681473,1478618,SBILIFE.NS,SBI Life Insurance,Insurance
2022-12-21,1225.211669921875,1235.5843777771076,1212.556062435766,1221.9361736254214,1281437,SBILIFE.NS,SBI Life Insurance,Insurance
2022-12-22,1235.53466796875,1239.7532036898724,1220.0501846139462,1225.2613169753329,1176517,SBILIFE.NS,SBI Life Insurance,Insurance
2022-12-23,1215.5338134765625,1238.7605989400038,1207.7419541348154,1230.1250566928718,877135,SBILIFE.NS,SBI Life Insurance,Insurance
2022-12-26,1234.0955810546875,1240.1007186596914,1196.0790772690418,1213.8961403683618,567165,SBILIFE.NS,SBI Life Insurance,Insurance
2022-12-27,1231.8621826171875,1245.4607089363078,1225.9561595540772,1234.293996064793,471890,SBILIFE.NS,SBI Life Insurance,Insurance
2022-12-28,1232.854736328125,1240.646595915679,1222.9783268106369,1231.812461363158,376439,SBILIFE.NS,SBI Life Insurance,Insurance
2022-12-29,1249.2821044921875,1253.4510830721995,1219.9509465359802,1228.8346379804336,678487,SBILIFE.NS,SBI Life Insurance,Insurance
2022-12-30,1222.1842041015625,1254.4435926000076,1219.7027126786052,1252.656870308849,1052741,SBILIFE.NS,SBI Life Insurance,Insurance
2023-01-02,1230.8695068359375,1238.413217035593,1212.9530890909969,1220.8938621783357,703923,SBILIFE.NS,SBI Life Insurance,Insurance
2023-01-03,1259.0096435546875,1265.5607573594664,1217.320583312258,1235.4850297179364,1871263,SBILIFE.NS,SBI Life Insurance,Insurance
2023-01-04,1249.7288818359375,1272.8067543396794,1243.7733018349718,1258.9599581374832,1073081,SBILIFE.NS,SBI Life Insurance,Insurance
2023-01-05,1258.2652587890625,1265.1142004037042,1245.758564326051,1251.317081735546,878852,SBILIFE.NS,SBI Life Insurance,Insurance
2023-01-06,1259.65478515625,1277.8192305457553,1257.1236153164978,1261.5406217951156,1675874,SBILIFE.NS,SBI Life Insurance,Insurance
2023-01-09,1296.6785888671875,1304.1727419221072,1261.7392358096208,1265.9577715050143,1432882,SBILIFE.NS,SBI Life Insurance,Insurance
2023-01-10,1292.9564208984375,1303.9246627618988,1288.2912649338434,1296.678658476546,1000059,SBILIFE.NS,SBI Life Insurance,Insurance
2023-01-11,1281.7401123046875,1299.4579384078604,1277.8192828075864,1299.4579384078604,652049,SBILIFE.NS,SBI Life Insurance,Insurance
2023-01-12,1305.95947265625,1310.2276870732017,1281.740209313323,1281.740209313323,1377949,SBILIFE.NS,SBI Life Insurance,Insurance
2023-01-13,1303.2298583984375,1316.1832944918624,1296.3313594316533,1309.235117220789,1214977,SBILIFE.NS,SBI Life Insurance,Insurance
2023-01-16,1291.26904296875,1312.9572561551952,1285.4126983337576,1309.7809952514299,600742,SBILIFE.NS,SBI Life Insurance,Insurance
2023-01-17,1288.8370361328125,1300.6986384726877,1284.9163279402217,1295.040765023988,895667,SBILIFE.NS,SBI Life Insurance,Insurance
2023-01-18,1300.9468994140625,1312.2128478151635,1292.5098273970966,1299.3090906127452,1078873,SBILIFE.NS,SBI Life Insurance,Insurance
2023-01-19,1313.3045654296875,1320.1535063500828,1293.9489313140284,1303.2793637877135,1189082,SBILIFE.NS,SBI Life Insurance,Insurance
2023-01-20,1286.5045166015625,1316.1335028951503,1282.7822790981827,1314.2476661600392,966855,SBILIFE.NS,SBI Life Insurance,Insurance
2023-01-23,1285.8096923828125,1308.391265603749,1270.5236801230164,1275.486663248497,1367408,SBILIFE.NS,SBI Life Insurance,Insurance
2023-01-24,1263.82373046875,1291.3682885056694,1260.7962621097688,1286.4053050755938,657428,SBILIFE.NS,SBI Life Insurance,Insurance
2023-01-25,1248.1405029296875,1269.3325365382104,1240.7953852776084,1263.7738988376695,599832,SBILIFE.NS,SBI Life Insurance,Insurance
2023-01-27,1240.9940185546875,1281.9386322442542,1220.8939354707184,1254.3443956425895,1164597,SBILIFE.NS,SBI Life Insurance,Insurance
2023-01-30,1224.318359375,1235.2369231483658,1206.6005323942654,1212.953175550269,1694822,SBILIFE.NS,SBI Life Insurance,Insurance
2023-01-31,1210.521240234375,1234.4923513542396,1203.5730639870917,1234.4923513542396,1760628,SBILIFE.NS,SBI Life Insurance,Insurance
2023-02-01,1101.186767578125,1219.65315565615,1060.9369242290031,1210.5213147782986,8470232,SBILIFE.NS,SBI Life Insurance,Insurance
2023-02-02,1099.30078125,1146.449121755079,1080.6895942085214,1082.1288108730962,8566734,SBILIFE.NS,SBI Life Insurance,Insurance
2023-02-03,1129.6246337890625,1137.168343880645,1106.7452331923114,1106.7452331923114,4061171,SBILIFE.NS,SBI Life Insurance,Insurance
2023-02-06,1129.97216796875,1138.359562065854,1106.7453797127596,1118.8550116340098,2909587,SBILIFE.NS,SBI Life Insurance,Insurance
2023-02-07,1123.3712158203125,1139.35199704289,1116.1252120848599,1134.5379277071943,1741642,SBILIFE.NS,SBI Life Insurance,Insurance
2023-02-08,1155.8787841796875,1163.3232589597199,1126.746097107144,1131.560166564915,3265863,SBILIFE.NS,SBI Life Insurance,Insurance
2023-02-09,1171.710693359375,1176.227056685011,1154.1417807261573,1161.933640370458,2186484,SBILIFE.NS,SBI Life Insurance,Insurance
2023-02-10,1175.7305908203125,1178.7083804129345,1158.4098298231877,1171.1149927184345,1655228,SBILIFE.NS,SBI Life Insurance,Insurance
2023-02-13,1170.3707275390625,1179.1551839716644,1164.3655902922565,1171.4625596597011,812659,SBILIFE.NS,SBI Life Insurance,Insurance
2023-02-14,1153.0994873046875,1172.703271269122,1146.5483736055858,1169.2788612710822,990530,SBILIFE.NS,SBI Life Insurance,Insurance
2023-02-15,1171.6114501953125,1175.085538525469,1141.486165622844,1152.3054935129342,1243115,SBILIFE.NS,SBI Life Insurance,Insurance
2023-02-16,1165.40771484375,1177.5174668016346,1160.8914727384877,1177.5174668016346,356750,SBILIFE.NS,SBI Life Insurance,Insurance
2023-02-17,1141.1883544921875,1166.8966327366672,1128.8305742932248,1166.8966327366672,909951,SBILIFE.NS,SBI Life Insurance,Insurance
2023-02-20,1149.823974609375,1161.9832834768704,1132.701682530657,1135.5305587277373,488052,SBILIFE.NS,SBI Life Insurance,Insurance
2023-02-21,1141.83349609375,1159.3528506472055,1135.7290026553997,1155.5809350294955,610755,SBILIFE.NS,SBI Life Insurance,Insurance
2023-02-22,1122.7757568359375,1140.4439050088376,1116.8201767664368,1140.3943478748772,944068,SBILIFE.NS,SBI Life Insurance,Insurance
2023-02-23,1126.994140625,1133.4460181629127,1115.5296020717733,1128.4333571475986,768179,SBILIFE.NS,SBI Life Insurance,Insurance
2023-02-24,1113.7431640625,1133.8928041619731,1110.9141665637928,1127.6890748518051,973799,SBILIFE.NS,SBI Life Insurance,Insurance
2023-02-27,1120.7904052734375,1126.597070788239,1102.2287773102885,1113.7429940859615,987563,SBILIFE.NS,SBI Life Insurance,Insurance
2023-02-28,1112.700927734375,1126.49804643291,1100.839445347822,1123.0239578985029,1219508,SBILIFE.NS,SBI Life Insurance,Insurance
2023-03-01,1109.8719482421875,1118.3090196137166,1100.5911939668215,1118.3090196137166,675500,SBILIFE.NS,SBI Life Insurance,Insurance
2023-03-02,1092.0052490234375,1114.686058664096,1089.9703773864903,1113.3956345284828,491880,SBILIFE.NS,SBI Life Insurance,Insurance
2023-03-03,1120.8897705078125,1124.3141804943577,1092.0052321360574,1092.0052321360574,922485,SBILIFE.NS,SBI Life Insurance,Insurance
2023-03-06,1120.34375,1137.4660415952417,1116.6711909940288,1123.6193672935474,920574,SBILIFE.NS,SBI Life Insurance,Insurance
2023-03-08,1120.840087890625,1132.8506042800755,1102.4770498791042,1121.6342136766755,959097,SBILIFE.NS,SBI Life Insurance,Insurance
2023-03-09,1088.5806884765625,1126.299360860844,1083.9155327272447,1120.84007933154,1239659,SBILIFE.NS,SBI Life Insurance,Insurance
2023-03-10,1087.786865234375,1092.4024646211356,1075.9252606884763,1084.9083102601994,893708,SBILIFE.NS,SBI Life Insurance,Insurance
2023-03-13,1064.56005859375,1093.2461300936056,1058.2570932027622,1083.9156960227274,875379,SBILIFE.NS,SBI Life Insurance,Insurance
2023-03-14,1069.1258544921875,1084.4615458220799,1063.0710390075346,1066.842954839462,1089923,SBILIFE.NS,SBI Life Insurance,Insurance
2023-03-15,1059.1502685546875,1073.3940057742218,1054.1376071725929,1072.0043462772132,1566147,SBILIFE.NS,SBI Life Insurance,Insurance
2023-03-16,1057.2598876953125,1083.0285380262776,1049.2506715616582,1066.512641935789,1023855,SBILIFE.NS,SBI Life Insurance,Insurance
2023-03-17,1066.16455078125,1085.5656418729764,1060.742243133506,1062.582835177621,1569036,SBILIFE.NS,SBI Life Insurance,Insurance
2023-03-20,1068.6517333984375,1084.4213119006574,1048.653712507076,1066.1644143460012,842875,SBILIFE.NS,SBI Life Insurance,Insurance
2023-03-21,1092.1319580078125,1094.121813171497,1069.5969454399817,1069.5969454399817,842669,SBILIFE.NS,SBI Life Insurance,Insurance
2023-03-22,1107.453857421875,1121.930102192163,1097.4549081820387,1113.8214181804822,1399723,SBILIFE.NS,SBI Life Insurance,Insurance
2023-03-23,1112.975830078125,1119.840855092381,1099.3950434860133,1108.1504553087061,463672,SBILIFE.NS,SBI Life Insurance,Insurance
2023-03-24,1106.5584716796875,1116.159547687689,1082.9787352123367,1104.3696794540135,1019781,SBILIFE.NS,SBI Life Insurance,Insurance
2023-03-27,1093.7239990234375,1110.9361742585227,1089.545230080842,1104.071149278716,1078978,SBILIFE.NS,SBI Life Insurance,Insurance
2023-03-28,1085.7645263671875,1100.8873771382996,1082.5310117032025,1099.1960488175869,609715,SBILIFE.NS,SBI Life Insurance,Insurance
2023-03-29,1093.126953125,1100.3899735016194,1077.7553696163013,1088.450841781891,890212,SBILIFE.NS,SBI Life Insurance,Insurance
2023-03-31,1095.514892578125,1107.3047618169956,1091.6844451310508,1094.6194333363203,959958,SBILIFE.NS,SBI Life Insurance,Insurance
2023-04-03,1098.201171875,1121.0845074754482,1086.2620402573748,1094.420398282301,1689388,SBILIFE.NS,SBI Life Insurance,Insurance
2023-04-05,1099.9422607421875,1113.224519960044,1094.8680328029207,1103.9219711565938,713828,SBILIFE.NS,SBI Life Insurance,Insurance
2023-04-06,1110.5880126953125,1114.318991461366,1099.3950763971513,1103.2753186040736,959185,SBILIFE.NS,SBI Life Insurance,Insurance
2023-04-10,1100.638671875,1113.7716677860756,1098.4498797068622,1113.7219942761005,985731,SBILIFE.NS,SBI Life Insurance,Insurance
2023-04-11,1107.00634765625,1126.1089112257323,1102.7779048626442,1105.2652241530004,913188,SBILIFE.NS,SBI Life Insurance,Insurance
2023-04-12,1121.1341552734375,1124.2682015414105,1106.4589729966801,1112.8265340035998,784276,SBILIFE.NS,SBI Life Insurance,Insurance
2023-04-13,1124.5169677734375,1133.222584644057,1117.801206187531,1121.1341894991997,1508398,SBILIFE.NS,SBI Life Insurance,Insurance
2023-04-17,1139.5404052734375,1144.9130390888258,1113.3240849362555,1114.3190126261004,1053536,SBILIFE.NS,SBI Life Insurance,Insurance
2023-04-18,1139.739501953125,1147.4501918083372,1134.3170729907124,1139.5404435377916,521013,SBILIFE.NS,SBI Life Insurance,Insurance
2023-04-19,1117.7017822265625,1139.440927787599,1114.8164676585939,1134.217557457204,1033060,SBILIFE.NS,SBI Life Insurance,Insurance
2023-04-20,1123.1241455078125,1126.0592551866673,1106.8571013866501,1117.701837951138,663526,SBILIFE.NS,SBI Life Insurance,Insurance
2023-04-21,1100.937255859375,1130.8347593103554,1097.7534144619308,1130.8347593103554,835506,SBILIFE.NS,SBI Life Insurance,Insurance
2023-04-24,1100.0914306640625,1108.0011781842761,1085.0680477583105,1100.389957533175,1337055,SBILIFE.NS,SBI Life Insurance,Insurance
2023-04-25,1100.24072265625,1116.45809200826,1095.465142784383,1100.3899860946804,1099269,SBILIFE.NS,SBI Life Insurance,Insurance
2023-04-26,1112.6275634765625,1116.308746949334,1098.400050474211,1100.3899056381133,993607,SBILIFE.NS,SBI Life Insurance,Insurance
2023-04-27,1131.282470703125,1139.1920965045197,1119.2935446005106,1132.9737990345168,1895316,SBILIFE.NS,SBI Life Insurance,Insurance
2023-04-28,1134.3170166015625,1142.1769695147564,1124.4175348277715,1142.1769695147564,1380448,SBILIFE.NS,SBI Life Insurance,Insurance
2023-05-02,1145.062255859375,1152.374949791439,1138.5454311760666,1141.1820137369139,916515,SBILIFE.NS,SBI Life Insurance,Insurance
2023-05-03,1131.13330078125,1144.2662975431151,1128.546513110111,1142.6744375494243,623440,SBILIFE.NS,SBI Life Insurance,Insurance
2023-05-04,1161.5281982421875,1163.9658437752598,1131.1829059143872,1131.1829059143872,2409910,SBILIFE.NS,SBI Life Insurance,Insurance
2023-05-05,1167.74658203125,1177.2481900581906,1161.5780789291675,1166.0552535374597,1360996,SBILIFE.NS,SBI Life Insurance,Insurance
2023-05-08,1176.3526611328125,1179.685644409016,1162.075473907141,1172.0247502248392,1221625,SBILIFE.NS,SBI Life Insurance,Insurance
2023-05-09,1177.1485595703125,1183.9139940654914,1170.930262359054,1177.9444287426832,1412254,SBILIFE.NS,SBI Life Insurance,Insurance
2023-05-10,1182.77001953125,1188.938522279782,1175.3577357894571,1178.392313652714,1420187,SBILIFE.NS,SBI Life Insurance,Insurance
2023-05-11,1179.38720703125,1189.734478411492,1173.0694410309352,1183.068390588595,621616,SBILIFE.NS,SBI Life Insurance,Insurance
2023-05-12,1181.0289306640625,1187.8938343762272,1168.0450760845445,1174.0146420611263,1158276,SBILIFE.NS,SBI Life Insurance,Insurance
2023-05-15,1183.416748046875,1188.4411816985555,1175.1091257341873,1175.1091257341873,680497,SBILIFE.NS,SBI Life Insurance,Insurance
2023-05-16,1174.760986328125,1195.70426485752,1168.2441607326766,1189.9336351034829,926172,SBILIFE.NS,SBI Life Insurance,Insurance
2023-05-17,1156.702880859375,1178.9394899168983,1153.3201025028245,1176.8004925946864,688730,SBILIFE.NS,SBI Life Insurance,Insurance
2023-05-18,1146.8531494140625,1166.900967527132,1144.6643569816026,1156.7029582624111,1133501,SBILIFE.NS,SBI Life Insurance,Insurance
2023-05-19,1148.295654296875,1151.827574223089,1136.7545190254493,1146.8529364809988,333053,SBILIFE.NS,SBI Life Insurance,Insurance
2023-05-22,1144.9627685546875,1154.0165857241125,1143.3707871811,1151.578940152761,392404,SBILIFE.NS,SBI Life Insurance,Insurance
2023-05-23,1159.6876220703125,1161.9262092394197,1139.0428737329917,1141.1819924292527,1139676,SBILIFE.NS,SBI Life Insurance,Insurance
2023-05-24,1169.38818359375,1171.1791019357117,1152.922203934985,1163.5678811590672,995336,SBILIFE.NS,SBI Life Insurance,Insurance
2023-05-25,1171.3780517578125,1176.0044896494512,1165.5577492591642,1169.388196445377,1136179,SBILIFE.NS,SBI Life Insurance,Insurance
2023-05-26,1189.6846923828125,1197.594318319982,1167.1993526355284,1169.03994442802,703725,SBILIFE.NS,SBI Life Insurance,Insurance
2023-05-29,1211.92138671875,1225.6514373285308,1191.0279053697734,1192.8684972936232,1370649,SBILIFE.NS,SBI Life Insurance,Insurance
2023-05-30,1209.732421875,1211.6228084938778,1194.7587137965268,1208.4887624482537,745769,SBILIFE.NS,SBI Life Insurance,Insurance
2023-05-31,1228.7357177734375,1233.3621558998157,1205.802585553568,1209.3844224585937,2382996,SBILIFE.NS,SBI Life Insurance,Insurance
2023-06-01,1201.6239013671875,1236.6951019659814,1198.2909179409328,1235.2027104511392,1041761,SBILIFE.NS,SBI Life Insurance,Insurance
2023-06-02,1196.4005126953125,1210.030973074466,1193.166997796136,1205.6533885257159,737046,SBILIFE.NS,SBI Life Insurance,Insurance
2023-06-05,1209.235107421875,1212.8168227229553,1198.88783542343,1201.8726184161853,1599077,SBILIFE.NS,SBI Life Insurance,Insurance
2023-06-06,1216.7965087890625,1218.7863640773521,1203.9619178893693,1213.6624624197807,793761,SBILIFE.NS,SBI Life Insurance,Insurance
2023-06-07,1239.4808349609375,1241.6696270692328,1214.806582252831,1219.0848194521882,1067618,SBILIFE.NS,SBI Life Insurance,Insurance
2023-06-08,1232.6158447265625,1248.3854231112232,1227.7904700910337,1241.3711348551933,760962,SBILIFE.NS,SBI Life Insurance,Insurance
2023-06-09,1226.1488037109375,1247.2412203396077,1221.2736341601144,1221.37310263031,1904738,SBILIFE.NS,SBI Life Insurance,Insurance
2023-06-12,1232.6158447265625,1249.9276094926872,1228.586339311205,1235.8990329806272,1402903,SBILIFE.NS,SBI Life Insurance,Insurance
2023-06-13,1236.9935302734375,1242.4656320584543,1231.7203654274267,1231.7203654274267,1253147,SBILIFE.NS,SBI Life Insurance,Insurance
2023-06-14,1235.998779296875,1248.584518039982,1221.4230636237319,1233.809865399405,713768,SBILIFE.NS,SBI Life Insurance,Insurance
2023-06-15,1234.8045654296875,1244.256377211445,1230.1781280041828,1238.6848071882114,738348,SBILIFE.NS,SBI Life Insurance,Insurance
2023-06-16,1274.8505859375,1285.3967952824341,1229.7804339333882,1234.705277475014,2049003,SBILIFE.NS,SBI Life Insurance,Insurance
2023-06-19,1274.0047607421875,1281.615980986865,1268.532659075587,1274.850424891347,741782,SBILIFE.NS,SBI Life Insurance,Insurance
2023-06-20,1288.779541015625,1300.1715357782657,1274.0048893149674,1275.3480173875485,1474323,SBILIFE.NS,SBI Life Insurance,Insurance
2023-06-21,1288.3814697265625,1299.67399534631,1279.725648034592,1288.7794650637952,855234,SBILIFE.NS,SBI Life Insurance,Insurance
2023-06-22,1270.025146484375,1299.3755121884792,1266.4931047429209,1289.3267672037407,556505,SBILIFE.NS,SBI Life Insurance,Insurance
2023-06-23,1256.2950439453125,1268.4332336519847,1254.1062517848445,1264.7519286261306,1076729,SBILIFE.NS,SBI Life Insurance,Insurance
2023-06-26,1259.9266357421875,1269.7266490413474,1256.7925892787057,1260.5235680563908,1009927,SBILIFE.NS,SBI Life Insurance,Insurance
2023-06-27,1279.875,1283.4567153806029,1251.768292860851,1262.0657701242594,1650539,SBILIFE.NS,SBI Life Insurance,Insurance
2023-06-28,1293.306396484375,1305.9419282769288,1278.4819511266126,1283.4565890687395,2245575,SBILIFE.NS,SBI Life Insurance,Insurance
2023-06-30,1300.27099609375,1308.7775548007894,1294.4008985510632,1294.4506935150112,972782,SBILIFE.NS,SBI Life Insurance,Insurance
2023-07-03,1291.3662109375,1305.3449920933383,1284.4515127991615,1301.31548679187,599025,SBILIFE.NS,SBI Life Insurance,Insurance
2023-07-04,1282.71044921875,1313.3542688567438,1276.3428880853987,1313.3044738947062,866223,SBILIFE.NS,SBI Life Insurance,Insurance
2023-07-05,1284.9989013671875,1310.0212355078845,1278.5815449221398,1283.0090459952905,960704,SBILIFE.NS,SBI Life Insurance,Insurance
2023-07-06,1286.3917236328125,1305.0964130095924,1282.8100081960836,1291.4161571080244,726222,SBILIFE.NS,SBI Life Insurance,Insurance
2023-07-07,1287.4364013671875,1311.31466538018,1281.9145042337304,1286.04347834287,939840,SBILIFE.NS,SBI Life Insurance,Insurance
2023-07-10,1286.739990234375,1295.395812289034,1276.6911237154684,1294.1023577516112,675354,SBILIFE.NS,SBI Life Insurance,Insurance
2023-07-11,1288.4312744140625,1302.1115292582272,1282.9591724763966,1292.1622530079255,821816,SBILIFE.NS,SBI Life Insurance,Insurance
2023-07-12,1294.0028076171875,1299.972373195724,1284.4515269817537,1284.4515269817537,905809,SBILIFE.NS,SBI Life Insurance,Insurance
2023-07-13,1307.2850341796875,1329.2232357148605,1298.4302759529617,1305.3449739954317,1579954,SBILIFE.NS,SBI Life Insurance,Insurance
2023-07-14,1313.60302734375,1319.3238613419996,1304.6983519888404,1313.8019642936722,1321159,SBILIFE.NS,SBI Life Insurance,Insurance
2023-07-17,1307.8323974609375,1321.811179540306,1290.1724316526975,1314.2994271935324,1055414,SBILIFE.NS,SBI Life Insurance,Insurance
2023-07-18,1307.8822021484375,1315.5928915023244,1299.0273216969738,1308.3298710143401,1427102,SBILIFE.NS,SBI Life Insurance,Insurance
2023-07-19,1303.8028564453125,1314.8466502339259,1300.6191366285846,1307.9318303756284,659900,SBILIFE.NS,SBI Life Insurance,Insurance
2023-07-20,1307.384765625,1314.8963967333823,1296.5400296299026,1308.3298983399254,898725,SBILIFE.NS,SBI Life Insurance,Insurance
2023-07-21,1284.153076171875,1316.0405561060977,1281.4668200828985,1308.130929826566,524241,SBILIFE.NS,SBI Life Insurance,Insurance
2023-07-24,1310.468994140625,1317.6822196892833,1281.3673600305203,1284.153084613117,1183272,SBILIFE.NS,SBI Life Insurance,Insurance
2023-07-25,1294.5003662109375,1313.3045234505696,1283.5561618488493,1311.3146681120081,1362929,SBILIFE.NS,SBI Life Insurance,Insurance
2023-07-26,1286.09326171875,1293.3561607532497,1268.7814961750862,1283.4566791341786,2302730,SBILIFE.NS,SBI Life Insurance,Insurance
2023-07-27,1289.9237060546875,1305.3450847232934,1286.1927273445408,1288.4313145706287,1946045,SBILIFE.NS,SBI Life Insurance,Insurance
2023-07-28,1283.2080078125,1295.346077235777,1274.8009172838126,1295.346077235777,1051700,SBILIFE.NS,SBI Life Insurance,Insurance
2023-07-31,1275.646484375,1290.3713404200162,1263.558089387095,1290.3713404200162,1061701,SBILIFE.NS,SBI Life Insurance,Insurance
2023-08-01,1273.45751953125,1278.4819524384022,1254.703158760413,1278.4819524384022,1219778,SBILIFE.NS,SBI Life Insurance,Insurance
2023-08-02,1255.8472900390625,1278.3824231582694,1246.0969515458548,1273.5072539116657,888107,SBILIFE.NS,SBI Life Insurance,Insurance
2023-08-03,1247.3905029296875,1268.333777900303,1245.3011792189934,1253.5590055900461,871719,SBILIFE.NS,SBI Life Insurance,Insurance
2023-08-04,1261.46875,1280.6211066290032,1247.6392318322091,1252.5640749563597,1609140,SBILIFE.NS,SBI Life Insurance,Insurance
2023-08-07,1295.943115234375,1299.0770403067484,1260.125718282595,1266.5429533226684,1719680,SBILIFE.NS,SBI Life Insurance,Insurance
2023-08-08,1342.505615234375,1351.8579595390756,1287.1876615666451,1300.2709846005246,3458915,SBILIFE.NS,SBI Life Insurance,Insurance
2023-08-09,1342.505615234375,1367.0306063710689,1336.187848876525,1359.0711850821544,1746764,SBILIFE.NS,SBI Life Insurance,Insurance
2023-08-10,1327.5816650390625,1352.0071870507977,1323.3532225916915,1338.1278736763977,841571,SBILIFE.NS,SBI Life Insurance,Insurance
2023-08-11,1304.8475341796875,1333.2029704923991,1298.281036376442,1333.2029704923991,891342,SBILIFE.NS,SBI Life Insurance,Insurance
2023-08-14,1290.520751953125,1309.2751156300444,1285.3968497832782,1307.3350551104509,888959,SBILIFE.NS,SBI Life Insurance,Insurance
2023-08-16,1284.750244140625,1293.3562719635238,1274.5024397990987,1288.4314282122036,395774,SBILIFE.NS,SBI Life Insurance,Insurance
2023-08-17,1277.9346923828125,1283.406794119196,1269.7763347381074,1279.9743425195495,843146,SBILIFE.NS,SBI Life Insurance,Insurance
2023-08-18,1275.9449462890625,1279.327724669161,1259.5784346405758,1272.0648255233502,886254,SBILIFE.NS,SBI Life Insurance,Insurance
2023-08-21,1272.064697265625,1283.2576324638637,1267.8362550796237,1276.442281426707,703317,SBILIFE.NS,SBI Life Insurance,Insurance
2023-08-22,1280.22314453125,1306.5389321061136,1272.2637233878656,1277.835293898009,1405263,SBILIFE.NS,SBI Life Insurance,Insurance
2023-08-23,1293.6546630859375,1297.883105553244,1279.7256761348103,1283.4068598200142,583458,SBILIFE.NS,SBI Life Insurance,Insurance
2023-08-24,1287.187744140625,1304.9969747072719,1283.6060286210702,1293.3065739392314,618797,SBILIFE.NS,SBI Life Insurance,Insurance
2023-08-25,1289.8243408203125,1291.9634597422435,1275.9450260369515,1286.4913571960267,487521,SBILIFE.NS,SBI Life Insurance,Insurance
2023-08-28,1284.9989013671875,1300.370485534638,1283.0090459952905,1293.4059917329987,764751,SBILIFE.NS,SBI Life Insurance,Insurance
2023-08-29,1290.6201171875,1295.0476181630715,1283.4566865870015,1285.4465419150436,1011094,SBILIFE.NS,SBI Life Insurance,Insurance
2023-08-30,1294.0028076171875,1301.2160326912524,1286.739909033975,1295.3459355821337,812860,SBILIFE.NS,SBI Life Insurance,Insurance
2023-08-31,1285.99365234375,1301.9621666382966,1279.9742920904334,1298.2311883286666,1390078,SBILIFE.NS,SBI Life Insurance,Insurance
2023-09-01,1313.851806640625,1320.3685101247167,1286.640437219716,1291.3663437365353,761000,SBILIFE.NS,SBI Life Insurance,Insurance
2023-09-04,1321.6121826171875,1325.6913618865046,1294.8983982308878,1321.7614460620318,542261,SBILIFE.NS,SBI Life Insurance,Insurance
2023-09-05,1302.8079833984375,1332.1583495394718,1299.0273311390847,1321.6121405722415,1922115,SBILIFE.NS,SBI Life Insurance,Insurance
2023-09-06,1313.1055908203125,1322.2588768273781,1298.8282815582234,1303.3552510488075,1461738,SBILIFE.NS,SBI Life Insurance,Insurance
2023-09-07,1340.6650390625,1344.4458127994926,1304.797847878557,1313.3045280612246,1468196,SBILIFE.NS,SBI Life Insurance,Insurance
2023-09-08,1334.6456298828125,1342.605050977677,1327.5816679513457,1341.1624544846838,1214231,SBILIFE.NS,SBI Life Insurance,Insurance
2023-09-11,1343.3016357421875,1349.9676026390723,1330.2183124180806,1337.630475077354,844034,SBILIFE.NS,SBI Life Insurance,Insurance
2023-09-12,1339.6700439453125,1345.9381365486781,1324.5471926609512,1345.9381365486781,1139357,SBILIFE.NS,SBI Life Insurance,Insurance
2023-09-13,1338.6751708984375,1344.1970680099091,1321.5126687074319,1343.1523453830478,438029,SBILIFE.NS,SBI Life Insurance,Insurance
2023-09-14,1345.8883056640625,1353.8477264330977,1335.4415659047036,1338.6750805921242,889229,SBILIFE.NS,SBI Life Insurance,Insurance
2023-09-15,1365.6875,1367.876292308748,1345.1422191815932,1348.4255290958474,878944,SBILIFE.NS,SBI Life Insurance,Insurance
2023-09-18,1366.73193359375,1385.9340839838803,1360.613226291973,1368.0253879955746,1324270,SBILIFE.NS,SBI Life Insurance,Insurance
2023-09-20,1338.376708984375,1369.816521829977,1333.551333873629,1363.0509648110442,574012,SBILIFE.NS,SBI Life Insurance,Insurance
2023-09-21,1327.4324951171875,1345.042788362212,1321.3137868937906,1338.675226761488,783641,SBILIFE.NS,SBI Life Insurance,Insurance
2023-09-22,1312.1602783203125,1330.8151713513225,1309.3247588698243,1319.3238301148963,1084861,SBILIFE.NS,SBI Life Insurance,Insurance
2023-09-25,1287.5855712890625,1333.2029772270935,1282.5611383541384,1312.1105607946959,908011,SBILIFE.NS,SBI Life Insurance,Insurance
2023-09-26,1283.1580810546875,1295.7439395233139,1278.6809068410269,1288.928709732744,749346,SBILIFE.NS,SBI Life Insurance,Insurance
2023-09-27,1294.4007568359375,1297.3855395188798,1271.4676279748842,1276.7905875870258,643756,SBILIFE.NS,SBI Life Insurance,Insurance
2023-09-28,1282.8597412109375,1301.8628351099358,1277.98457141667,1294.4008777057902,1026081,SBILIFE.NS,SBI Life Insurance,Insurance
2023-09-29,1298.7786865234375,1305.3451852688609,1282.461847417349,1283.406980182934,1294800,SBILIFE.NS,SBI Life Insurance,Insurance
2023-10-03,1285.894287109375,1295.545158893897,1276.1440682939112,1295.545158893897,1282289,SBILIFE.NS,SBI Life Insurance,Insurance
2023-10-04,1264.10546875,1291.1176593051205,1257.9368439883633,1285.0486244768292,1139615,SBILIFE.NS,SBI Life Insurance,Insurance
2023-10-05,1267.9854736328125,1275.5966943175074,1258.5336611168048,1264.5530218785027,979561,SBILIFE.NS,SBI Life Insurance,Insurance
2023-10-06,1276.4422607421875,1281.0190246655309,1265.5478525728915,1269.5275628011082,784191,SBILIFE.NS,SBI Life Insurance,Insurance
2023-10-09,1270.7713623046875,1284.2028858052656,1265.5479920544628,1271.6170265311644,1345177,SBILIFE.NS,SBI Life Insurance,Insurance
2023-10-10,1295.4456787109375,1305.9420932239016,1273.3085370724418,1278.4821126052534,1221002,SBILIFE.NS,SBI Life Insurance,Insurance
2023-10-11,1302.7086181640625,1304.3004782652704,1284.600981791933,1303.3553454883115,1374812,SBILIFE.NS,SBI Life Insurance,Insurance
2023-10-12,1306.9866943359375,1310.7176729167402,1294.3510406716105,1305.2952445086316,726322,SBILIFE.NS,SBI Life Insurance,Insurance
2023-10-13,1309.7724609375,1322.9055788350583,1306.1907456749404,1309.1755286355951,916350,SBILIFE.NS,SBI Life Insurance,Insurance
2023-10-16,1315.4932861328125,1325.442562601677,1303.9024762074885,1312.508503192153,578729,SBILIFE.NS,SBI Life Insurance,Insurance
2023-10-17,1341.5107421875,1344.2467933669516,1318.2792046449276,1318.2792046449276,1073063,SBILIFE.NS,SBI Life Insurance,Insurance
2023-10-18,1349.4700927734375,1351.7086799842557,1332.208122349132,1337.2325555583088,454861,SBILIFE.NS,SBI Life Insurance,Insurance
2023-10-19,1341.311767578125,1346.7340748192937,1331.8101597139134,1342.1574318105368,595436,SBILIFE.NS,SBI Life Insurance,Insurance
2023-10-20,1355.73828125,1361.7078475669255,1329.720897095172,1333.2031441133784,936229,SBILIFE.NS,SBI Life Insurance,Insurance
2023-10-23,1331.6112060546875,1359.618444007996,1322.3086567125931,1353.0518242831006,976136,SBILIFE.NS,SBI Life Insurance,Insurance
2023-10-25,1307.484130859375,1339.2720191239466,1302.0120290550678,1316.3390107965695,945901,SBILIFE.NS,SBI Life Insurance,Insurance
2023-10-26,1298.9775390625,1309.1258741468719,1284.2028874827906,1309.1258741468719,1107874,SBILIFE.NS,SBI Life Insurance,Insurance
2023-10-27,1296.291259765625,1314.0008990689148,1287.0881790010633,1300.9673711412208,654531,SBILIFE.NS,SBI Life Insurance,Insurance
2023-10-30,1319.472900390625,1323.9500744747525,1298.3804843969615,1298.5794213313636,1242401,SBILIFE.NS,SBI Life Insurance,Insurance
2023-10-31,1360.9117431640625,1368.4234953993587,1312.8070162341874,1318.2791182344056,2287988,SBILIFE.NS,SBI Life Insurance,Insurance
2023-11-01,1329.2730712890625,1370.9604406537362,1325.6415612513833,1364.095537360543,968893,SBILIFE.NS,SBI Life Insurance,Insurance
2023-11-02,1336.685302734375,1350.8630217994773,1333.3523193847348,1335.192911253838,637519,SBILIFE.NS,SBI Life Insurance,Insurance
2023-11-03,1322.6070556640625,1343.1025410944205,1319.3735407809606,1337.9787608251786,690163,SBILIFE.NS,SBI Life Insurance,Insurance
2023-11-06,1325.0943603515625,1333.8994457238962,1316.6872703276492,1328.228406725072,377106,SBILIFE.NS,SBI Life Insurance,Insurance
2023-11-07,1334.0487060546875,1337.2325473835094,1313.7024843323059,1325.741084524441,1038346,SBILIFE.NS,SBI Life Insurance,Insurance
2023-11-08,1338.6751708984375,1342.505618111711,1327.9299035549209,1335.3421875167874,498283,SBILIFE.NS,SBI Life Insurance,Insurance
2023-11-09,1343.8486328125,1346.4852151879327,1328.6759872278087,1338.2770626585097,493454,SBILIFE.NS,SBI Life Insurance,Insurance
2023-11-10,1348.52490234375,1353.1015450441157,1334.197920517764,1344.9431872500345,639801,SBILIFE.NS,SBI Life Insurance,Insurance
2023-11-13,1321.6121826171875,1352.803141642011,1318.2791991209576,1344.6447831033768,1332535,SBILIFE.NS,SBI Life Insurance,Insurance
2023-11-15,1350.21630859375,1352.1066954456737,1325.2934434799442,1342.107623841506,742427,SBILIFE.NS,SBI Life Insurance,Insurance
2023-11-16,1353.0517578125,1358.1756593062426,1341.2122163866309,1355.8376037074836,577249,SBILIFE.NS,SBI Life Insurance,Insurance
2023-11-17,1406.77783203125,1427.1738478398286,1347.1319709666118,1347.1319709666118,3192944,SBILIFE.NS,SBI Life Insurance,Insurance
2023-11-20,1378.2733154296875,1412.7972561365157,1375.984933265353,1406.7778953028067,726211,SBILIFE.NS,SBI Life Insurance,Insurance
2023-11-21,1416.4288330078125,1417.9212245458145,1380.064177284713,1381.9545641897423,2049132,SBILIFE.NS,SBI Life Insurance,Insurance
2023-11-22,1422.8460693359375,1431.2532812116815,1410.1607412513745,1417.7719623923392,865655,SBILIFE.NS,SBI Life Insurance,Insurance
2023-11-23,1403.7930908203125,1427.1242166120333,1399.2164480130195,1422.8459792230328,549853,SBILIFE.NS,SBI Life Insurance,Insurance
2023-11-24,1402.549560546875,1411.752641971595,1393.94353291602,1406.827798330173,387896,SBILIFE.NS,SBI Life Insurance,Insurance
2023-11-28,1405.285400390625,1410.1108962753763,1386.0335761640233,1402.6489394859088,1123470,SBILIFE.NS,SBI Life Insurance,Insurance
2023-11-29,1400.708984375,1414.5882991186672,1398.8683923594917,1408.270410854283,887709,SBILIFE.NS,SBI Life Insurance,Insurance
2023-11-30,1427.969970703125,1436.8745249708113,1401.902913739303,1402.8480464667523,3027395,SBILIFE.NS,SBI Life Insurance,Insurance
2023-12-01,1416.4288330078125,1437.6705149418124,1412.8967911207544,1430.7558160628575,808841,SBILIFE.NS,SBI Life Insurance,Insurance
2023-12-04,1446.6248779296875,1451.3009895461175,1407.8226975725638,1432.5964216292623,2078827,SBILIFE.NS,SBI Life Insurance,Insurance
2023-12-05,1453.53955078125,1464.6330187436647,1435.6806474410062,1446.6248519606534,1932719,SBILIFE.NS,SBI Life Insurance,Insurance
2023-12-06,1443.3414306640625,1455.529293847867,1437.8196553167681,1454.5841612018176,724418,SBILIFE.NS,SBI Life Insurance,Insurance
2023-12-07,1448.365966796875,1475.9254148884286,1442.7446011277013,1449.4603629521073,1244939,SBILIFE.NS,SBI Life Insurance,Insurance
2023-12-08,1457.7679443359375,1462.0959767747458,1444.1872790730702,1447.6197308854396,1654799,SBILIFE.NS,SBI Life Insurance,Insurance
2023-12-11,1453.1912841796875,1460.8522998651104,1447.619713695552,1457.7679270255442,731571,SBILIFE.NS,SBI Life Insurance,Insurance
2023-12-12,1473.935546875,1484.3326138882483,1452.5446019883739,1457.0715714634382,1763549,SBILIFE.NS,SBI Life Insurance,Insurance
2023-12-13,1459.35986328125,1475.6269053738708,1452.5943069697087,1475.6269053738708,2279728,SBILIFE.NS,SBI Life Insurance,Insurance
2023-12-14,1462.3944091796875,1470.1050986101682,1447.5699626295695,1465.5284556255285,2953215,SBILIFE.NS,SBI Life Insurance,Insurance
2023-12-15,1445.1324462890625,1477.4675956896783,1441.2522040707622,1466.5233912771623,1482700,SBILIFE.NS,SBI Life Insurance,Insurance
2023-12-18,1439.610595703125,1453.9873739263742,1434.3375517316883,1445.1324930522126,1580916,SBILIFE.NS,SBI Life Insurance,Insurance
2023-12-19,1417.3243408203125,1440.655347417299,1411.8522383266695,1437.6207692721869,1282514,SBILIFE.NS,SBI Life Insurance,Insurance
2023-12-20,1402.101806640625,1429.7110492407862,1396.9282313824883,1429.7110492407862,1151553,SBILIFE.NS,SBI Life Insurance,Insurance
2023-12-21,1396.629638671875,1403.1464631264485,1372.9503128694193,1394.3910515395426,1841616,SBILIFE.NS,SBI Life Insurance,Insurance
2023-12-22,1387.2276611328125,1410.5088708167248,1380.0144357214917,1406.827687118295,1111420,SBILIFE.NS,SBI Life Insurance,Insurance
2023-12-26,1388.2225341796875,1402.0022572022626,1380.611313720299,1392.8986453371558,875367,SBILIFE.NS,SBI Life Insurance,Insurance
2023-12-27,1414.140380859375,1416.7769634031247,1392.0032408062011,1397.8733381891784,718369,SBILIFE.NS,SBI Life Insurance,Insurance
2023-12-28,1428.019775390625,1437.6207305279947,1412.0013422709321,1421.254218454908,1446654,SBILIFE.NS,SBI Life Insurance,Insurance
2023-12-29,1425.3333740234375,1427.9699566729628,1413.8420321583064,1425.731369386766,383858,SBILIFE.NS,SBI Life Insurance,Insurance
2024-01-01,1424.8358154296875,1430.3079173209378,1418.716986297428,1428.5667939919035,158288,SBILIFE.NS,SBI Life Insurance,Insurance
2024-01-02,1430.357666015625,1442.346470537079,1414.5382931333,1429.710938795535,691712,SBILIFE.NS,SBI Life Insurance,Insurance
2024-01-03,1415.4835205078125,1433.5912766268252,1408.4195584758857,1422.7465409406184,550221,SBILIFE.NS,SBI Life Insurance,Insurance
2024-01-04,1424.33837890625,1429.3130170844997,1407.8226044446862,1413.593233311907,938454,SBILIFE.NS,SBI Life Insurance,Insurance
2024-01-05,1446.7740478515625,1460.5537713358613,1426.4277048011731,1428.6166184735791,1258280,SBILIFE.NS,SBI Life Insurance,Insurance
2024-01-08,1413.842041015625,1452.6938943998923,1409.215602971608,1446.7741232308724,738502,SBILIFE.NS,SBI Life Insurance,Insurance
2024-01-09,1441.998291015625,1460.802446922975,1413.7921178801616,1421.7515386704792,1871763,SBILIFE.NS,SBI Life Insurance,Insurance
2024-01-10,1444.087646484375,1487.7649933233245,1440.6551947734108,1447.5698931568245,2547856,SBILIFE.NS,SBI Life Insurance,Insurance
2024-01-11,1420.5577392578125,1455.877670634088,1418.6673524432226,1442.6948793457598,908421,SBILIFE.NS,SBI Life Insurance,Insurance
2024-01-12,1428.019775390625,1433.591346216497,1411.3049414618738,1427.5223115409733,557158,SBILIFE.NS,SBI Life Insurance,Insurance
2024-01-15,1422.79638671875,1437.222838173598,1417.3242844427732,1434.6857239924643,902104,SBILIFE.NS,SBI Life Insurance,Insurance
2024-01-16,1401.6541748046875,1424.636980096928,1398.4206598201413,1417.8217497274188,1729041,SBILIFE.NS,SBI Life Insurance,Insurance
2024-01-17,1413.94140625,1437.6206106481866,1379.5169350149054,1389.9138800251949,2628568,SBILIFE.NS,SBI Life Insurance,Insurance
2024-01-18,1397.7738037109375,1430.7058828436084,1377.1787296060063,1409.712934861232,2296538,SBILIFE.NS,SBI Life Insurance,Insurance
2024-01-19,1433.2928466796875,1437.6705529303952,1398.2714395763016,1398.768903435447,570639,SBILIFE.NS,SBI Life Insurance,Insurance
2024-01-23,1368.52294921875,1441.3019293325679,1360.4142647786646,1436.6754915826064,2880301,SBILIFE.NS,SBI Life Insurance,Insurance
2024-01-24,1403.395263671875,1406.7282470528098,1361.6083018244822,1373.3981703411991,1255876,SBILIFE.NS,SBI Life Insurance,Insurance
2024-01-25,1373.8956298828125,1407.7231703203156,1350.2660979595569,1407.7231703203156,3230297,SBILIFE.NS,SBI Life Insurance,Insurance
2024-01-29,1411.2054443359375,1417.3739473659493,1380.9596186008507,1380.9596186008507,1607583,SBILIFE.NS,SBI Life Insurance,Insurance
2024-01-30,1391.90380859375,1426.4277501192323,1385.784979140656,1417.7719279814821,1464906,SBILIFE.NS,SBI Life Insurance,Insurance
2024-01-31,1394.04296875,1399.3658076456272,1374.6915521475682,1392.8987776067388,1343827,SBILIFE.NS,SBI Life Insurance,Insurance
2024-02-01,1425.4825439453125,1452.2957946559643,1391.4062730466023,1400.1616846608815,1803699,SBILIFE.NS,SBI Life Insurance,Insurance
2024-02-02,1428.1688232421875,1448.6146346955738,1412.847034843809,1433.4917832434885,1817169,SBILIFE.NS,SBI Life Insurance,Insurance
2024-02-05,1412.6480712890625,1452.5944427550535,1407.7232277519568,1427.7212502421246,1010779,SBILIFE.NS,SBI Life Insurance,Insurance
2024-02-06,1456.5740966796875,1462.4938676861507,1397.773896165426,1415.3840671964701,1515381,SBILIFE.NS,SBI Life Insurance,Insurance
2024-02-07,1461.996337890625,1485.4269318461431,1446.2765544162437,1465.1303841736935,690402,SBILIFE.NS,SBI Life Insurance,Insurance
2024-02-08,1451.649169921875,1484.5314543798286,1447.7689279741119,1474.383241394408,1679065,SBILIFE.NS,SBI Life Insurance,Insurance
2024-02-09,1432.3973388671875,1460.5538409204257,1429.2136188570787,1460.5538409204257,596482,SBILIFE.NS,SBI Life Insurance,Insurance
2024-02-12,1428.716064453125,1444.6349063968923,1416.0307372791854,1435.133299031256,515507,SBILIFE.NS,SBI Life Insurance,Insurance
2024-02-13,1460.15576171875,1468.3639146450064,1420.9555889079784,1428.7160729823443,1388464,SBILIFE.NS,SBI Life Insurance,Insurance
2024-02-14,1446.326171875,1456.573974511093,1431.7505800150032,1452.5942641982213,504590,SBILIFE.NS,SBI Life Insurance,Insurance
2024-02-15,1445.9781494140625,1456.9223541209446,1436.327399298448,1456.574153715953,736364,SBILIFE.NS,SBI Life Insurance,Insurance
2024-02-16,1500.798583984375,1508.5092733690926,1444.2369706589623,1449.0126720196267,2008339,SBILIFE.NS,SBI Life Insurance,Insurance
2024-02-19,1481.2979736328125,1514.279848768421,1478.4624541851995,1509.4046791043684,1163429,SBILIFE.NS,SBI Life Insurance,Insurance
2024-02-20,1505.872802734375,1509.9519818348735,1465.8766380814714,1481.2980167537225,1569035,SBILIFE.NS,SBI Life Insurance,Insurance
2024-02-21,1494.082763671875,1511.7925239511276,1487.8147925143228,1502.3905064892365,1156081,SBILIFE.NS,SBI Life Insurance,Insurance
2024-02-22,1501.9925537109375,1505.8230008798378,1462.7425849798638,1502.340754098814,1355358,SBILIFE.NS,SBI Life Insurance,Insurance
2024-02-23,1521.3936767578125,1528.4576389519204,1493.6351703671737,1500.748927525427,1115653,SBILIFE.NS,SBI Life Insurance,Insurance
2024-02-26,1541.292236328125,1545.5206789587037,1517.3641770969853,1523.3835381280267,1283074,SBILIFE.NS,SBI Life Insurance,Insurance
2024-02-27,1534.8748779296875,1561.0415244016401,1531.094225629732,1545.9186722995535,1764621,SBILIFE.NS,SBI Life Insurance,Insurance
2024-02-28,1532.3875732421875,1548.8536750242802,1528.606920906449,1536.1683470290595,834214,SBILIFE.NS,SBI Life Insurance,Insurance
2024-02-29,1544.6749267578125,1559.1510507745036,1517.6626175540482,1532.3874734760202,1672455,SBILIFE.NS,SBI Life Insurance,Insurance
2024-03-01,1534.32763671875,1561.3896191067897,1528.2586025932476,1556.9622398265858,1088145,SBILIFE.NS,SBI Life Insurance,Insurance
2024-03-04,1510.25048828125,1546.1176812695344,1500.5997379503058,1545.9684178208831,2126926,SBILIFE.NS,SBI Life Insurance,Insurance
2024-03-05,1483.6859130859375,1517.264722518729,1480.402603138722,1517.264722518729,1476872,SBILIFE.NS,SBI Life Insurance,Insurance
2024-03-06,1512.6881103515625,1516.170357326842,1479.4575006400985,1484.6808711030174,1568041,SBILIFE.NS,SBI Life Insurance,Insurance
2024-03-07,1502.73876953125,1513.583505370157,1481.4472932096694,1512.290050825183,2468543,SBILIFE.NS,SBI Life Insurance,Insurance
2024-03-11,1524.32861328125,1531.9896289815724,1505.9224519372956,1519.2047116439235,1824218,SBILIFE.NS,SBI Life Insurance,Insurance
2024-03-12,1508.708251953125,1543.8789186731108,1501.3955583105337,1525.2240259873554,1608593,SBILIFE.NS,SBI Life Insurance,Insurance
2024-03-13,1479.8055419921875,1524.8260159050387,1473.1395756507338,1516.2696628328208,1461171,SBILIFE.NS,SBI Life Insurance,Insurance
2024-03-14,1498.211669921875,1506.867612726236,1457.8674294809289,1474.6816083981175,1094035,SBILIFE.NS,SBI Life Insurance,Insurance
2024-03-15,1495.0721435546875,1500.005832960705,1476.234210212042,1477.1312778320312,1466897,SBILIFE.NS,SBI Life Insurance,Insurance
2024-03-18,1484.805908203125,1498.5107359583603,1473.443457436027,1488.0951155320938,641326,SBILIFE.NS,SBI Life Insurance,Insurance
2024-03-19,1456.549072265625,1484.058374969197,1451.515735791142,1475.1378266446998,1010444,SBILIFE.NS,SBI Life Insurance,Insurance
2024-03-20,1453.60888671875,1464.6225122425158,1445.2364580760382,1455.2036060627695,477278,SBILIFE.NS,SBI Life Insurance,Insurance
2024-03-21,1463.2271728515625,1472.1477214124484,1453.2101407036896,1468.0612151723099,958834,SBILIFE.NS,SBI Life Insurance,Insurance
2024-03-22,1496.16845703125,1506.035957193175,1453.3097236366063,1469.157512179179,563028,SBILIFE.NS,SBI Life Insurance,Insurance
2024-03-26,1481.5169677734375,1504.4911719154857,1453.0109475820188,1453.7085993047806,1349881,SBILIFE.NS,SBI Life Insurance,Insurance
2024-03-27,1474.6893310546875,1494.0753839330046,1468.659158255692,1485.1049513410119,795193,SBILIFE.NS,SBI Life Insurance,Insurance
2024-03-28,1495.3214111328125,1516.8504269459092,1475.1379359950424,1475.1379359950424,1704887,SBILIFE.NS,SBI Life Insurance,Insurance
2024-04-01,1485.05517578125,1514.10943669532,1481.8657370713775,1493.0787786332091,838186,SBILIFE.NS,SBI Life Insurance,Insurance
2024-04-02,1465.7686767578125,1491.6832600764467,1460.4861616213514,1490.0885408214638,941688,SBILIFE.NS,SBI Life Insurance,Insurance
2024-04-03,1456.0010986328125,1468.111086700634,1451.2667031047906,1465.1708265667376,1862464,SBILIFE.NS,SBI Life Insurance,Insurance
2024-04-04,1458.9412841796875,1470.2042100540498,1442.2463113291258,1462.6789646686193,1905528,SBILIFE.NS,SBI Life Insurance,Insurance
2024-04-05,1480.4205322265625,1485.0053959452002,1455.3531308230863,1464.1740324163118,836975,SBILIFE.NS,SBI Life Insurance,Insurance
2024-04-08,1513.8104248046875,1522.9801519207908,1482.1148467972619,1483.8092132200368,822205,SBILIFE.NS,SBI Life Insurance,Insurance
2024-04-09,1505.5875244140625,1522.382143730748,1498.112163738747,1520.0896511226053,718575,SBILIFE.NS,SBI Life Insurance,Insurance
2024-04-10,1498.4111328125,1511.7172507262262,1476.1345819228752,1510.02288427627,1056524,SBILIFE.NS,SBI Life Insurance,Insurance
2024-04-12,1488.2447509765625,1506.434796357957,1483.3109396386658,1496.068937943743,787733,SBILIFE.NS,SBI Life Insurance,Insurance
2024-04-15,1462.0809326171875,1485.00537251801,1457.6953632588254,1484.9554881113816,994053,SBILIFE.NS,SBI Life Insurance,Insurance
2024-04-16,1457.944580078125,1472.0481188936817,1447.2298959312511,1455.402908659291,717750,SBILIFE.NS,SBI Life Insurance,Insurance
2024-04-18,1452.1634521484375,1478.7758079818034,1443.2429041365747,1460.1870542542001,1746383,SBILIFE.NS,SBI Life Insurance,Insurance
2024-04-19,1442.79443359375,1452.7615807384154,1420.667293931027,1445.2363359764825,1129149,SBILIFE.NS,SBI Life Insurance,Insurance
2024-04-22,1470.5531005859375,1478.0284618926275,1447.2299489752058,1451.71516575922,772048,SBILIFE.NS,SBI Life Insurance,Insurance
2024-04-23,1465.021240234375,1484.3076474883633,1459.439661628081,1473.144490275775,1042729,SBILIFE.NS,SBI Life Insurance,Insurance
2024-04-24,1455.25341796875,1473.1443990458777,1447.7780573511288,1465.0211495075398,898680,SBILIFE.NS,SBI Life Insurance,Insurance
2024-04-25,1439.7047119140625,1459.1905358383644,1431.4320516865,1459.1905358383644,2406788,SBILIFE.NS,SBI Life Insurance,Insurance
2024-04-26,1410.6005859375,1462.0310440162027,1406.5638424292656,1450.2199982611287,2180945,SBILIFE.NS,SBI Life Insurance,Insurance
2024-04-29,1417.67724609375,1456.1006496143373,1409.4045864032628,1432.2791419864811,4381119,SBILIFE.NS,SBI Life Insurance,Insurance
2024-04-30,1431.83056640625,1445.0867990577576,1418.5243276822177,1427.2954658045933,2402464,SBILIFE.NS,SBI Life Insurance,Insurance
2024-05-02,1456.1007080078125,1459.9380357392188,1411.6970140134658,1411.6970140134658,2194261,SBILIFE.NS,SBI Life Insurance,Insurance
2024-05-03,1438.508544921875,1467.8617452740482,1433.6745027787717,1464.173949412946,1355425,SBILIFE.NS,SBI Life Insurance,Insurance
2024-05-06,1435.8671875,1452.6618060367546,1426.8967551062026,1445.2363301118216,920880,SBILIFE.NS,SBI Life Insurance,Insurance
2024-05-07,1445.385986328125,1454.1072407965937,1426.847115449009,1436.1663744614582,1800920,SBILIFE.NS,SBI Life Insurance,Insurance
2024-05-08,1422.0628662109375,1461.1340383986405,1418.3251856444115,1435.2693375459962,1297162,SBILIFE.NS,SBI Life Insurance,Insurance
2024-05-09,1417.72705078125,1434.7708482642183,1408.5572022992867,1427.1958406794856,1645954,SBILIFE.NS,SBI Life Insurance,Insurance
2024-05-10,1427.2457275390625,1433.7742582306994,1411.0989962392164,1420.3186082577315,741292,SBILIFE.NS,SBI Life Insurance,Insurance
2024-05-13,1420.418212890625,1435.2692874908807,1415.883233629638,1430.2857135759818,771284,SBILIFE.NS,SBI Life Insurance,Insurance
2024-05-14,1428.142822265625,1432.0300344431082,1417.3783750848536,1422.5113591326692,896653,SBILIFE.NS,SBI Life Insurance,Insurance
2024-05-15,1425.40185546875,1439.106684394899,1421.06617028779,1435.2693566294356,254646,SBILIFE.NS,SBI Life Insurance,Insurance
2024-05-16,1447.4290771484375,1453.409365507408,1415.484443165837,1426.8470153817366,1176239,SBILIFE.NS,SBI Life Insurance,Insurance
2024-05-17,1429.48828125,1445.2364233584472,1425.8004852512129,1445.2364233584472,2433315,SBILIFE.NS,SBI Life Insurance,Insurance
2024-05-21,1424.953369140625,1435.966994918553,1417.8268338317953,1434.1230968323132,1300334,SBILIFE.NS,SBI Life Insurance,Insurance
2024-05-22,1422.7108154296875,1430.8340658721572,1419.321960571991,1429.5382878865014,966583,SBILIFE.NS,SBI Life Insurance,Insurance
2024-05-23,1442.0469970703125,1448.176695651857,1419.37173575143,1429.2889991770294,1206423,SBILIFE.NS,SBI Life Insurance,Insurance
2024-05-24,1431.5316162109375,1443.6914879733527,1428.7407661330294,1437.7610836444055,487961,SBILIFE.NS,SBI Life Insurance,Insurance
2024-05-27,1405.567138671875,1443.2430061464509,1397.5436576682812,1430.285713964197,1675749,SBILIFE.NS,SBI Life Insurance,Insurance
2024-05-28,1445.9840087890625,1450.2200467262353,1401.281373950637,1410.351454376373,1600105,SBILIFE.NS,SBI Life Insurance,Insurance
2024-05-29,1408.1588134765625,1444.6883160351267,1401.979108296464,1443.2431281449649,1518325,SBILIFE.NS,SBI Life Insurance,Insurance
2024-05-30,1375.5162353515625,1414.1389318002414,1366.495918222933,1414.1389318002414,2097166,SBILIFE.NS,SBI Life Insurance,Insurance
2024-05-31,1381.845458984375,1396.5470026666421,1368.0907457190124,1389.2211730300146,2559060,SBILIFE.NS,SBI Life Insurance,Insurance
2024-06-03,1386.9287109375,1431.6812319448,1382.7923199846039,1430.5848699459018,870693,SBILIFE.NS,SBI Life Insurance,Insurance
2024-06-04,1334.45166015625,1398.091879355792,1303.4039680688215,1393.55689976415,3277433,SBILIFE.NS,SBI Life Insurance,Insurance
2024-06-05,1385.533203125,1391.6131390008393,1326.328320355738,1336.594531344743,1238176,SBILIFE.NS,SBI Life Insurance,Insurance
2024-06-06,1438.1099853515625,1441.0503671368451,1375.7156605803114,1385.5332774395092,2227021,SBILIFE.NS,SBI Life Insurance,Insurance
2024-06-07,1421.165771484375,1435.2693102207488,1415.3350142454606,1430.3853833729456,1279929,SBILIFE.NS,SBI Life Insurance,Insurance
2024-06-10,1427.5946044921875,1447.229836666297,1413.6903605391751,1432.1295836647444,2059288,SBILIFE.NS,SBI Life Insurance,Insurance
2024-06-11,1423.358642578125,1435.070041673708,1417.328469269705,1427.7440904359332,991450,SBILIFE.NS,SBI Life Insurance,Insurance
2024-06-12,1447.927490234375,1456.9976919299645,1421.115960395253,1423.4083313528454,1823958,SBILIFE.NS,SBI Life Insurance,Insurance
2024-06-13,1445.1368408203125,1474.5896907287151,1428.142804483727,1454.8548103083758,3086173,SBILIFE.NS,SBI Life Insurance,Insurance
2024-06-14,1465.071044921875,1468.9083724005663,1435.8672538885396,1440.1531760092275,856835,SBILIFE.NS,SBI Life Insurance,Insurance
2024-06-18,1468.7091064453125,1475.13786808106,1450.2698830942993,1475.13786808106,1427035,SBILIFE.NS,SBI Life Insurance,Insurance
2024-06-19,1444.4390869140625,1473.543233031141,1441.399179675833,1473.4933486217883,578983,SBILIFE.NS,SBI Life Insurance,Insurance
2024-06-20,1450.7183837890625,1476.034963910101,1446.6816402025258,1471.1510370818662,1444553,SBILIFE.NS,SBI Life Insurance,Insurance
2024-06-21,1459.340087890625,1473.692806221149,1440.4025055339139,1450.7184800101581,1184387,SBILIFE.NS,SBI Life Insurance,Insurance
2024-06-24,1447.9774169921875,1459.339989977713,1442.4456012177397,1459.339989977713,460942,SBILIFE.NS,SBI Life Insurance,Insurance
2024-06-25,1457.197021484375,1462.6789528237487,1425.302148237111,1452.612157788938,1845922,SBILIFE.NS,SBI Life Insurance,Insurance
2024-06-26,1446.1334228515625,1470.8021123638055,1442.246211079414,1457.1969319959248,780636,SBILIFE.NS,SBI Life Insurance,Insurance
2024-06-27,1458.6422119140625,1468.8087757816932,1432.8273961680277,1440.2528726916996,1492222,SBILIFE.NS,SBI Life Insurance,Insurance
2024-06-28,1487.0484619140625,1493.8760550083796,1445.2363285254671,1445.3359756625448,1533271,SBILIFE.NS,SBI Life Insurance,Insurance
2024-07-01,1496.9161376953125,1506.9331703683508,1477.0317255763443,1487.0486365800923,788569,SBILIFE.NS,SBI Life Insurance,Insurance
2024-07-02,1489.989013671875,1505.3882090240081,1463.2770077399548,1502.0492386998405,1462260,SBILIFE.NS,SBI Life Insurance,Insurance
2024-07-03,1491.43408203125,1501.9992339779901,1481.3174030513514,1498.0622594090648,527776,SBILIFE.NS,SBI Life Insurance,Insurance
2024-07-04,1502.7967529296875,1513.8602629732263,1487.3476733936834,1491.484064183955,1363288,SBILIFE.NS,SBI Life Insurance,Insurance
2024-07-05,1524.3756103515625,1526.9171600414688,1500.5042183457258,1502.796711009674,961676,SBILIFE.NS,SBI Life Insurance,Insurance
2024-07-08,1509.9730224609375,1526.9171738911411,1503.2950820355716,1524.375624178182,774723,SBILIFE.NS,SBI Life Insurance,Insurance
2024-07-09,1519.7408447265625,1523.9768824967464,1507.4314416576494,1519.9900234189263,726889,SBILIFE.NS,SBI Life Insurance,Insurance
2024-07-10,1553.6790771484375,1557.366873236547,1513.6110692322354,1519.740889579152,1964480,SBILIFE.NS,SBI Life Insurance,Insurance
2024-07-11,1553.6790771484375,1564.4934083823348,1541.0706106088571,1556.8685158371113,1156236,SBILIFE.NS,SBI Life Insurance,Insurance
2024-07-12,1557.7156982421875,1564.8422333841318,1542.266618868013,1557.765582649819,589534,SBILIFE.NS,SBI Life Insurance,Insurance
2024-07-15,1608.1494140625,1615.5750121794076,1552.7819810027343,1557.715670498902,2498480,SBILIFE.NS,SBI Life Insurance,Insurance
2024-07-16,1616.0235595703125,1634.2136051534692,1586.9692980447273,1608.0997253675575,1844059,SBILIFE.NS,SBI Life Insurance,Insurance
2024-07-18,1654.3472900390625,1659.4802739743045,1609.7443022987518,1614.6779919397413,2104021,SBILIFE.NS,SBI Life Insurance,Insurance
2024-07-19,1642.286865234375,1653.1013177411535,1626.6384921334027,1626.6384921334027,567209,SBILIFE.NS,SBI Life Insurance,Insurance
2024-07-22,1615.82421875,1642.2869236294066,1613.3324317555575,1635.708630297936,397490,SBILIFE.NS,SBI Life Insurance,Insurance
2024-07-23,1589.6104736328125,1632.6187388590795,1572.8657390563383,1615.824119878054,2145861,SBILIFE.NS,SBI Life Insurance,Insurance
2024-07-24,1627.5853271484375,1644.579362562631,1574.4605031654082,1574.809328999368,2099093,SBILIFE.NS,SBI Life Insurance,Insurance
2024-07-25,1689.830322265625,1695.7607267491976,1639.5958712385025,1639.5958712385025,4427012,SBILIFE.NS,SBI Life Insurance,Insurance
2024-07-26,1745.19775390625,1771.8598751654827,1680.7103541450922,1680.7103541450922,2982227,SBILIFE.NS,SBI Life Insurance,Insurance
2024-07-29,1740.961669921875,1757.756411419572,1730.795227761391,1746.742664354643,1368641,SBILIFE.NS,SBI Life Insurance,Insurance
2024-07-30,1715.39599609375,1740.5630439264728,1702.3888197342733,1734.7820496179759,2096978,SBILIFE.NS,SBI Life Insurance,Insurance
2024-07-31,1747.888916015625,1754.2180305989857,1714.3494389944633,1715.3960381917964,1082466,SBILIFE.NS,SBI Life Insurance,Insurance
2024-08-01,1761.4442138671875,1785.26572169881,1752.3242491984117,1785.2158372915605,1247361,SBILIFE.NS,SBI Life Insurance,Insurance
2024-08-02,1739.167724609375,1763.0888804387134,1725.3133641910251,1754.2180941514757,594517,SBILIFE.NS,SBI Life Insurance,Insurance
2024-08-05,1716.5421142578125,1733.6357967580682,1674.430915567995,1674.4807999738025,1240111,SBILIFE.NS,SBI Life Insurance,Insurance
2024-08-06,1668.9989013671875,1774.152310799399,1664.6133319953994,1716.542147769772,1500825,SBILIFE.NS,SBI Life Insurance,Insurance
2024-08-07,1680.162109375,1693.3188178907,1671.5903863284416,1684.4979161412227,603417,SBILIFE.NS,SBI Life Insurance,Insurance
2024-08-08,1700.6944580078125,1709.5153593743953,1664.563547652905,1665.6100251581668,1291138,SBILIFE.NS,SBI Life Insurance,Insurance
2024-08-09,1719.4326171875,1727.7053984067331,1702.3888190356947,1714.3493962186153,804893,SBILIFE.NS,SBI Life Insurance,Insurance
2024-08-12,1699.3988037109375,1724.316674733092,1686.4913951891783,1717.2400236966585,1019251,SBILIFE.NS,SBI Life Insurance,Insurance
2024-08-13,1676.873046875,1715.6452779235813,1666.5570727641953,1699.3987775990531,1064268,SBILIFE.NS,SBI Life Insurance,Insurance
2024-08-14,1686.541015625,1701.7409156659978,1667.5037881042294,1690.6275217939692,557473,SBILIFE.NS,SBI Life Insurance,Insurance
2024-08-16,1683.3516845703125,1696.508271532368,1660.6764224053652,1693.4184799228706,721574,SBILIFE.NS,SBI Life Insurance,Insurance
2024-08-19,1666.05859375,1691.2256412587958,1660.5267782041165,1691.2256412587958,632647,SBILIFE.NS,SBI Life Insurance,Insurance
2024-08-20,1755.5137939453125,1764.9825843729154,1667.25465134452,1667.3045357513265,3951662,SBILIFE.NS,SBI Life Insurance,Insurance
2024-08-21,1794.6845703125,1798.521897799919,1745.1478954692034,1755.5137532942972,2972530,SBILIFE.NS,SBI Life Insurance,Insurance
2024-08-22,1789.3521728515625,1806.4458553190518,1783.9698888138219,1795.0832827214394,1380510,SBILIFE.NS,SBI Life Insurance,Insurance
2024-08-23,1783.421875,1792.4919555225797,1776.1458081507462,1783.621169296162,858249,SBILIFE.NS,SBI Life Insurance,Insurance
2024-08-26,1790.3489990234375,1795.5318674301388,1763.5373459776906,1785.11624620792,593628,SBILIFE.NS,SBI Life Insurance,Insurance
2024-08-27,1832.9085693359375,1842.526891156803,1778.238788782494,1782.5247109418278,2239371,SBILIFE.NS,SBI Life Insurance,Insurance
2024-08-28,1837.6429443359375,1848.1583336643803,1820.001141847733,1832.7092549685206,724092,SBILIFE.NS,SBI Life Insurance,Insurance
2024-08-29,1837.6429443359375,1861.613982851097,1829.469932016163,1833.955148411735,2248185,SBILIFE.NS,SBI Life Insurance,Insurance
2024-08-30,1844.221435546875,1863.6573740671924,1830.9650800935078,1833.9053400737387,2125138,SBILIFE.NS,SBI Life Insurance,Insurance
2024-09-02,1882.5450439453125,1888.425685491229,1842.9755157793381,1844.2214092564693,2522132,SBILIFE.NS,SBI Life Insurance,Insurance
2024-09-03,1922.31396484375,1929.639794066914,1875.5680178127145,1883.7909146624315,3457882,SBILIFE.NS,SBI Life Insurance,Insurance
2024-09-04,1905.91796875,1913.6923927633152,1896.1003524230662,1903.7252448843394,952279,SBILIFE.NS,SBI Life Insurance,Insurance
2024-09-05,1901.582275390625,1912.6956695606473,1893.9573829628966,1912.6956695606473,947097,SBILIFE.NS,SBI Life Insurance,Insurance
2024-09-06,1890.0703125,1910.5527285148041,1883.242718825779,1891.8643261275997,772396,SBILIFE.NS,SBI Life Insurance,Insurance
2024-09-09,1895.5023193359375,1926.5001244388352,1888.2761372325142,1894.6052517064834,1845859,SBILIFE.NS,SBI Life Insurance,Insurance
2024-09-10,1847.3609619140625,1883.7909358221466,1832.7093033031597,1883.7909358221466,2515665,SBILIFE.NS,SBI Life Insurance,Insurance
2024-09-11,1853.0423583984375,1864.903288939631,1838.4903465451434,1839.038466687607,630094,SBILIFE.NS,SBI Life Insurance,Insurance
2024-09-12,1869.787109375,1873.8238530452866,1834.5532649827137,1856.879701182643,1126825,SBILIFE.NS,SBI Life Insurance,Insurance
2024-09-13,1840.433837890625,1865.6008860394136,1835.6994426943181,1862.8599203994465,886112,SBILIFE.NS,SBI Life Insurance,Insurance
2024-09-16,1815.266845703125,1858.673824298292,1810.1337401034493,1844.919111267802,1576652,SBILIFE.NS,SBI Life Insurance,Insurance
2024-09-17,1813.1737060546875,1838.2411069629218,1802.5087849677955,1817.5093909891623,844866,SBILIFE.NS,SBI Life Insurance,Insurance
2024-09-18,1836.397216796875,1842.8758632868855,1809.0873273898032,1812.2268818149128,518691,SBILIFE.NS,SBI Life Insurance,Insurance
2024-09-19,1834.902099609375,1853.8895656022103,1822.1939856516178,1843.9224174000478,776068,SBILIFE.NS,SBI Life Insurance,Insurance
2024-09-20,1864.1058349609375,1878.8073781052626,1838.938786527432,1843.922360474661,1512372,SBILIFE.NS,SBI Life Insurance,Insurance
2024-09-23,1913.8419189453125,1918.6759613191948,1873.823795989655,1875.817225559857,1022492,SBILIFE.NS,SBI Life Insurance,Insurance
2024-09-24,1858.22509765625,1921.6161306660103,1848.5071289597051,1920.768947472475,2608386,SBILIFE.NS,SBI Life Insurance,Insurance
2024-09-25,1857.4776611328125,1868.8402340899365,1835.0018155857292,1867.5444561932532,1395256,SBILIFE.NS,SBI Life Insurance,Insurance
2024-09-26,1892.063720703125,1895.8014011383211,1862.3615715103858,1866.8467880326211,1396821,SBILIFE.NS,SBI Life Insurance,Insurance
2024-09-27,1876.465087890625,1906.7153568555482,1867.7438336446835,1892.06369839008,1678089,SBILIFE.NS,SBI Life Insurance,Insurance
2024-09-30,1837.9420166015625,1887.3790443411538,1832.210906734177,1885.7843250597375,1473366,SBILIFE.NS,SBI Life Insurance,Insurance
2024-10-01,1828.1741943359375,1853.1918325607944,1818.306815384299,1834.1544829947652,885515,SBILIFE.NS,SBI Life Insurance,Insurance
2024-10-03,1799.618408203125,1839.138051642298,1789.152903079965,1801.0635959571812,1307453,SBILIFE.NS,SBI Life Insurance,Insurance
2024-10-04,1792.19287109375,1843.9223939386432,1776.694028838163,1799.618469411454,1554623,SBILIFE.NS,SBI Life Insurance,Insurance
2024-10-07,1782.076171875,1813.8713982197148,1770.1654787236005,1794.086633841487,692912,SBILIFE.NS,SBI Life Insurance,Insurance
2024-10-08,1722.3729248046875,1793.1396700989355,1717.8877085536437,1779.135779580743,2888148,SBILIFE.NS,SBI Life Insurance,Insurance
2024-10-09,1731.6922607421875,1753.2212753782974,1727.356575839037,1742.3072973459582,704112,SBILIFE.NS,SBI Life Insurance,Insurance
2024-10-10,1728.8017578125,1748.686168682613,1723.8680683993991,1739.4167943808352,784503,SBILIFE.NS,SBI Life Insurance,Insurance
2024-10-11,1729.35009765625,1741.0116123862265,1712.9540658604851,1731.7920002983074,805944,SBILIFE.NS,SBI Life Insurance,Insurance
2024-10-14,1732.58935546875,1738.1210495112714,1711.6583450316439,1733.0378284532599,1349793,SBILIFE.NS,SBI Life Insurance,Insurance
2024-10-15,1718.0870361328125,1749.184487408447,1712.8542837384994,1736.227195765386,2159705,SBILIFE.NS,SBI Life Insurance,Insurance
2024-10-16,1728.0543212890625,1743.2542223126577,1718.3363517821738,1719.38295101217,891554,SBILIFE.NS,SBI Life Insurance,Insurance
2024-10-17,1696.4085693359375,1733.2870164954143,1690.17910191035,1728.3034425549445,2442434,SBILIFE.NS,SBI Life Insurance,Insurance
2024-10-18,1700.4453125,1711.8077637462004,1675.078848147336,1700.3954280928926,2045293,SBILIFE.NS,SBI Life Insurance,Insurance
2024-10-21,1706.2261962890625,1770.2153590847117,1691.2257116364153,1709.515403777968,1574574,SBILIFE.NS,SBI Life Insurance,Insurance
2024-10-22,1692.5712890625,1721.2766027606792,1667.4042399594184,1695.4119019541386,1290296,SBILIFE.NS,SBI Life Insurance,Insurance
2024-10-23,1710.3626708984375,1723.2203167093296,1686.690693372891,1697.604672238005,952362,SBILIFE.NS,SBI Life Insurance,Insurance
2024-10-24,1629.927734375,1718.7847600022117,1617.6680938683576,1718.7847600022117,4320374,SBILIFE.NS,SBI Life Insurance,Insurance
2024-10-25,1611.4385986328125,1647.868572013703,1598.680600954739,1639.4462592357625,1639581,SBILIFE.NS,SBI Life Insurance,Insurance
2024-10-28,1600.6243896484375,1614.6780445915797,1588.3647484199325,1611.6879000645583,2366566,SBILIFE.NS,SBI Life Insurance,Insurance
2024-10-29,1655.89208984375,1660.3275436549584,1590.6571555921971,1600.7239506240328,2052244,SBILIFE.NS,SBI Life Insurance,Insurance
2024-10-30,1618.8143310546875,1643.9314947930723,1613.9802887151484,1631.123734229375,1512352,SBILIFE.NS,SBI Life Insurance,Insurance
2024-10-31,1616.8209228515625,1636.5558027154168,1607.7508425856533,1624.744756773754,809110,SBILIFE.NS,SBI Life Insurance,Insurance
2024-11-01,1623.4989013671875,1634.0142913285433,1617.6681440358514,1634.0142913285433,53886,SBILIFE.NS,SBI Life Insurance,Insurance
2024-11-04,1603.514892578125,1635.7585935056425,1582.7831751179313,1631.6222025617465,1470020,SBILIFE.NS,SBI Life Insurance,Insurance
2024-11-05,1627.83447265625,1636.6056110788304,1593.3980512225114,1601.5213007270695,978590,SBILIFE.NS,SBI Life Insurance,Insurance
2024-11-06,1598.6806640625,1633.2667408246255,1595.1921622422713,1627.8345721315538,1352644,SBILIFE.NS,SBI Life Insurance,Insurance
2024-11-07,1584.626953125,1612.63461383476,1569.82576312086,1599.7770906341493,1359619,SBILIFE.NS,SBI Life Insurance,Insurance
2024-11-08,1564.792236328125,1598.082532529786,1561.7024450095796,1583.7797005372042,1131938,SBILIFE.NS,SBI Life Insurance,Insurance
2024-11-11,1560.8553466796875,1573.4139285834833,1550.1406627864521,1573.4139285834833,862991,SBILIFE.NS,SBI Life Insurance,Insurance
2024-11-12,1557.3170166015625,1580.7398147927545,1551.8849695185547,1563.9451944661193,1177157,SBILIFE.NS,SBI Life Insurance,Insurance
2024-11-13,1541.6187744140625,1566.8357082075102,1534.9408337401817,1554.875130282262,2946117,SBILIFE.NS,SBI Life Insurance,Insurance
2024-11-14,1557.16748046875,1563.795536126655,1540.9708660113686,1541.120275886321,684365,SBILIFE.NS,SBI Life Insurance,Insurance
2024-11-18,1557.466552734375,1561.4036492732707,1545.9046851611604,1545.9046851611604,490930,SBILIFE.NS,SBI Life Insurance,Insurance
2024-11-19,1517.89697265625,1562.898669599442,1496.068894498596,1562.848785192404,4198931,SBILIFE.NS,SBI Life Insurance,Insurance
2024-11-21,1473.0946044921875,1510.5212942682992,1469.1576296611502,1508.3285703544307,1827614,SBILIFE.NS,SBI Life Insurance,Insurance
2024-11-22,1480.27099609375,1491.5338002297651,1470.1543166318836,1480.470290384223,977581,SBILIFE.NS,SBI Life Insurance,Insurance
2024-11-25,1490.287841796875,1506.0359834751146,1483.4603701103442,1487.6964077872267,1785465,SBILIFE.NS,SBI Life Insurance,Insurance
2024-11-26,1501.7999267578125,1511.916605650548,1484.3574188976754,1490.2878229024104,601372,SBILIFE.NS,SBI Life Insurance,Insurance
2024-11-27,1500.454345703125,1510.9696128705814,1490.1881355433836,1502.0490649020126,467560,SBILIFE.NS,SBI Life Insurance,Insurance
2024-11-28,1423.90673828125,1514.7074321849932,1398.3908637470222,1502.1987344524064,5574277,SBILIFE.NS,SBI Life Insurance,Insurance
2024-11-29,1433.0267333984375,1455.2036381580376,1392.061778603326,1437.2627713862262,9016112,SBILIFE.NS,SBI Life Insurance,Insurance
2024-12-02,1417.3782958984375,1445.0371309328261,1406.514080506028,1423.7074103922696,3117960,SBILIFE.NS,SBI Life Insurance,Insurance
2024-12-03,1436.216064453125,1443.5917779067245,1412.2949105512546,1425.401733793844,4645704,SBILIFE.NS,SBI Life Insurance,Insurance
2024-12-04,1447.827880859375,1467.5129979787241,1430.3356092814745,1436.266013619336,1976987,SBILIFE.NS,SBI Life Insurance,Insurance
2024-12-05,1427.14599609375,1451.2665661406436,1412.8930481139907,1447.8278272379848,2632452,SBILIFE.NS,SBI Life Insurance,Insurance
2024-12-06,1443.791259765625,1448.176707512403,1424.6045000309698,1430.2857256742961,1359753,SBILIFE.NS,SBI Life Insurance,Insurance
2024-12-09,1464.4730224609375,1479.523390765942,1444.2895488889556,1449.2232382055058,2397565,SBILIFE.NS,SBI Life Insurance,Insurance
2024-12-10,1457.0474853515625,1479.0250950471273,1446.831158796666,1458.891383371516,1994725,SBILIFE.NS,SBI Life Insurance,Insurance
2024-12-11,1451.3663330078125,1468.659311081325,1449.671844784766,1450.7184440304504,1213092,SBILIFE.NS,SBI Life Insurance,Insurance
2024-12-12,1427.7939453125,1450.9675643201897,1415.6838362068822,1445.2364542430191,2851447,SBILIFE.NS,SBI Life Insurance,Insurance
2024-12-13,1424.106201171875,1437.2129038822357,1404.6702619404703,1417.3783760533117,3926561,SBILIFE.NS,SBI Life Insurance,Insurance
2024-12-16,1416.9796142578125,1432.2292776370912,1410.9993254810083,1424.1061493840282,1601339,SBILIFE.NS,SBI Life Insurance,Insurance
2024-12-17,1405.06884765625,1420.3186332280995,1400.9823411857326,1417.029425620276,1973758,SBILIFE.NS,SBI Life Insurance,Insurance
2024-12-18,1393.4073486328125,1415.6839010099293,1388.1247113043273,1410.152206640323,1454595,SBILIFE.NS,SBI Life Insurance,Insurance
2024-12-19,1401.2813720703125,1404.3711636394232,1372.9746472060365,1375.516318632645,1081337,SBILIFE.NS,SBI Life Insurance,Insurance
2024-12-20,1395.9986572265625,1410.1520797056107,1386.5298670831783,1397.8425551837863,1542712,SBILIFE.NS,SBI Life Insurance,Insurance
2024-12-23,1400.683349609375,1403.523962440311,1376.9614888286515,1395.9987170728812,1325302,SBILIFE.NS,SBI Life Insurance,Insurance
2024-12-24,1382.443359375,1413.341516650144,1380.4499298733776,1402.327769985969,756679,SBILIFE.NS,SBI Life Insurance,Insurance
2024-12-26,1404.4210205078125,1407.161986174439,1380.649275481822,1389.370529875634,1935656,SBILIFE.NS,SBI Life Insurance,Insurance
2024-12-27,1400.683349609375,1415.7337186749478,1396.198133033386,1405.3678604765823,665711,SBILIFE.NS,SBI Life Insurance,Insurance
2024-12-30,1399.238037109375,1410.3015469722054,1384.4368467746908,1386.6794550578031,1439560,SBILIFE.NS,SBI Life Insurance,Insurance
2024-12-31,1385.832275390625,1395.1515343906146,1377.9083197682955,1395.1515343906146,2096160,SBILIFE.NS,SBI Life Insurance,Insurance
2025-01-01,1395.7994384765625,1400.085239140238,1380.4001217242724,1387.626304066842,511676,SBILIFE.NS,SBI Life Insurance,Insurance
2025-01-02,1417.57763671875,1420.8169598471284,1393.4571870151567,1399.3875914593955,1083889,SBILIFE.NS,SBI Life Insurance,Insurance
2025-01-03,1442.9439697265625,1446.2331772398263,1420.2189452497971,1423.5579155015726,1107442,SBILIFE.NS,SBI Life Insurance,Insurance
2025-01-06,1429.9368896484375,1457.8449036092002,1420.5178619351088,1445.2364372537843,1012018,SBILIFE.NS,SBI Life Insurance,Insurance
2025-01-07,1472.895263671875,1485.9024401967486,1429.6378179586513,1442.2462842383375,2362510,SBILIFE.NS,SBI Life Insurance,Insurance
2025-01-08,1458.34326171875,1479.7726295920202,1450.2200118887465,1473.8421036208697,1229808,SBILIFE.NS,SBI Life Insurance,Insurance
2025-01-09,1463.6258544921875,1476.3339686705992,1448.2266589201818,1453.0109388080064,1253461,SBILIFE.NS,SBI Life Insurance,Insurance
2025-01-10,1473.443603515625,1483.111688841025,1453.85813248437,1465.0711744866962,1124758,SBILIFE.NS,SBI Life Insurance,Insurance
2025-01-13,1462.579345703125,1473.4435615341376,1440.900798449628,1473.4435615341376,1444590,SBILIFE.NS,SBI Life Insurance,Insurance
2025-01-14,1494.3245849609375,1499.0589800108387,1464.0244323077134,1470.1542523377573,2024378,SBILIFE.NS,SBI Life Insurance,Insurance
2025-01-15,1467.9117431640625,1499.9062643780344,1464.5228884606527,1499.5574385267914,1433596,SBILIFE.NS,SBI Life Insurance,Insurance
2025-01-16,1508.62744140625,1539.924309307918,1481.1181382728582,1481.1181382728582,2929496,SBILIFE.NS,SBI Life Insurance,Insurance
2025-01-17,1535.4390869140625,1549.8914509259118,1495.0721391568281,1514.5080769658668,2603818,SBILIFE.NS,SBI Life Insurance,Insurance
2025-01-20,1494.7730712890625,1542.7151484003905,1482.4139056469164,1542.7151484003905,4033718,SBILIFE.NS,SBI Life Insurance,Insurance
2025-01-21,1461.7320556640625,1501.0025192202932,1455.2035254267987,1494.7730520737741,877160,SBILIFE.NS,SBI Life Insurance,Insurance
2025-01-22,1455.25341796875,1465.9182171155105,1445.2862704785884,1461.2834691987293,631080,SBILIFE.NS,SBI Life Insurance,Insurance
2025-01-23,1445.0869140625,1458.89138957124,1442.3958327970004,1453.2600483427211,1301601,SBILIFE.NS,SBI Life Insurance,Insurance
2025-01-24,1435.6680908203125,1450.8181078361515,1413.4911854611598,1446.532306993037,1504123,SBILIFE.NS,SBI Life Insurance,Insurance
2025-01-27,1419.7205810546875,1441.1997119265595,1411.348152426773,1430.2857335680926,896819,SBILIFE.NS,SBI Life Insurance,Insurance
2025-01-28,1414.8365478515625,1430.9832776799383,1407.211655894555,1415.334905212553,1527262,SBILIFE.NS,SBI Life Insurance,Insurance
2025-01-29,1456.1007080078125,1465.2704357038451,1405.8662566377664,1414.8366900370856,1021447,SBILIFE.NS,SBI Life Insurance,Insurance
2025-01-30,1468.061279296875,1475.1379301685556,1449.1236977609274,1461.0842755731048,1016159,SBILIFE.NS,SBI Life Insurance,Insurance
2025-01-31,1478.7259521484375,1485.1049507674688,1462.1805119301187,1474.8387403595527,892312,SBILIFE.NS,SBI Life Insurance,Insurance
2025-02-01,1449.5721435546875,1522.980212833016,1368.0409460001467,1470.7523330328952,4329907,SBILIFE.NS,SBI Life Insurance,Insurance
2025-02-03,1455.1536865234375,1477.0316488276867,1429.637812627291,1429.637812627291,1127198,SBILIFE.NS,SBI Life Insurance,Insurance
2025-02-04,1467.5628662109375,1473.8420963225328,1449.2731743342238,1456.4494720815567,614905,SBILIFE.NS,SBI Life Insurance,Insurance
2025-02-05,1464.3236083984375,1479.4238623198653,1460.1872175438918,1467.562931577289,791375,SBILIFE.NS,SBI Life Insurance,Insurance
2025-02-06,1460.286865234375,1475.5366507189597,1451.665257667451,1465.1707922089295,1510856,SBILIFE.NS,SBI Life Insurance,Insurance
2025-02-07,1466.1175537109375,1471.1011275998483,1449.4724655896894,1467.6126258776108,562410,SBILIFE.NS,SBI Life Insurance,Insurance
2025-02-10,1443.4422607421875,1469.7057918940409,1440.2528221912069,1458.094040654629,530759,SBILIFE.NS,SBI Life Insurance,Insurance
2025-02-11,1414.3382568359375,1445.2364146667437,1398.2911733931496,1443.442279415306,1448104,SBILIFE.NS,SBI Life Insurance,Insurance
2025-02-12,1447.37939453125,1462.1307002983472,1402.876055195972,1422.76046642251,1590502,SBILIFE.NS,SBI Life Insurance,Insurance
2025-02-13,1465.6690673828125,1474.5398531581566,1441.249555549505,1447.379375710906,983142,SBILIFE.NS,SBI Life Insurance,Insurance
2025-02-14,1460.6356201171875,1472.2972560003188,1445.2364254925837,1465.6690784047203,625676,SBILIFE.NS,SBI Life Insurance,Insurance
2025-02-17,1471.350341796875,1476.6828633221069,1447.0803607061202,1455.7019680758256,717439,SBILIFE.NS,SBI Life Insurance,Insurance
2025-02-18,1470.5030517578125,1476.1345143130516,1449.6219268435802,1471.4001193481718,679042,SBILIFE.NS,SBI Life Insurance,Insurance
2025-02-19,1470.7523193359375,1477.3306126140487,1460.2370513062565,1470.1543147959794,391966,SBILIFE.NS,SBI Life Insurance,Insurance
2025-02-20,1464.971435546875,1484.7561996397096,1461.183870706797,1468.1608741822047,346720,SBILIFE.NS,SBI Life Insurance,Insurance
2025-02-21,1490.4873046875,1496.4675933608462,1456.8979436373018,1464.8716618684298,1051158,SBILIFE.NS,SBI Life Insurance,Insurance
2025-02-24,1481.616455078125,1490.287824613696,1470.353529893506,1475.1378092940633,1116079,SBILIFE.NS,SBI Life Insurance,Insurance
2025-02-25,1466.9149169921875,1479.174556948504,1458.6421359915148,1475.1378135882028,964505,SBILIFE.NS,SBI Life Insurance,Insurance
2025-02-27,1464.9215087890625,1475.0381878697865,1449.223251423233,1459.190398957093,1421562,SBILIFE.NS,SBI Life Insurance,Insurance
2025-02-28,1425.8004150390625,1457.2468133009593,1407.211661071877,1455.2034994456703,2397364,SBILIFE.NS,SBI Life Insurance,Insurance
2025-03-03,1403.8726806640625,1447.3793024498075,1400.4838262881356,1427.8437183058384,1056418,SBILIFE.NS,SBI Life Insurance,Insurance
2025-03-04,1388.5234375,1410.3515171164383,1385.4336457892928,1387.626369798364,977231,SBILIFE.NS,SBI Life Insurance,Insurance
2025-03-05,1416.03271484375,1419.3219224609898,1375.3169382418416,1386.5798645245927,1118219,SBILIFE.NS,SBI Life Insurance,Insurance
2025-03-06,1416.6307373046875,1421.7139582477246,1390.4170904443677,1412.4444623103825,1606815,SBILIFE.NS,SBI Life Insurance,Insurance
2025-03-07,1409.640380859375,1444.192324473883,1404.5974644515309,1419.3768458289737,901496,SBILIFE.NS,SBI Life Insurance,Insurance
2025-03-10,1417.4794921875,1425.7680190131969,1402.4004781596173,1417.0301656310462,1092967,SBILIFE.NS,SBI Life Insurance,Insurance
2025-03-11,1415.2825927734375,1422.4226916205905,1395.5100301045297,1401.052374430152,691907,SBILIFE.NS,SBI Life Insurance,Insurance
2025-03-12,1407.0440673828125,1423.0218566504668,1402.5503141512847,1423.0218566504668,734156,SBILIFE.NS,SBI Life Insurance,Insurance
2025-03-13,1383.6265869140625,1411.9870636661008,1380.7305884004104,1409.740187183227,911321,SBILIFE.NS,SBI Life Insurance,Insurance
2025-03-17,1432.259033203125,1439.299295443742,1390.0676829135436,1390.0676829135436,1352197,SBILIFE.NS,SBI Life Insurance,Insurance
2025-03-18,1432.259033203125,1432.259033203125,1432.259033203125,1432.259033203125,0,SBILIFE.NS,SBI Life Insurance,Insurance
2025-03-19,1482.8387451171875,1486.8331924758972,1452.9802267306604,1455.9260828973652,917293,SBILIFE.NS,SBI Life Insurance,Insurance
2025-03-20,1496.27001953125,1504.2090567649984,1486.4337173304978,1489.9288587551916,798992,SBILIFE.NS,SBI Life Insurance,Insurance
2025-03-21,1544.2532958984375,1551.1437416272088,1491.3767284958378,1497.9176844784015,1977397,SBILIFE.NS,SBI Life Insurance,Insurance
2025-03-24,1567.620849609375,1581.801088383787,1539.5597605586509,1547.848287244236,1229003,SBILIFE.NS,SBI Life Insurance,Insurance
2025-03-25,1555.0382080078125,1581.7012155534799,1549.146496053197,1575.4598919567673,1241287,SBILIFE.NS,SBI Life Insurance,Insurance
2025-03-26,1539.160400390625,1568.1201422950421,1531.3212003199535,1562.1284715561972,1106876,SBILIFE.NS,SBI Life Insurance,Insurance
2025-03-27,1542.75537109375,1549.9453271857217,1527.526541371838,1539.2602298460981,1405775,SBILIFE.NS,SBI Life Insurance,Insurance
2025-03-28,1545.7012939453125,1562.3282052655102,1532.6195033756737,1542.7554378123777,1120169,SBILIFE.NS,SBI Life Insurance,Insurance
2025-04-01,1543.1048583984375,1564.225521998881,1533.218577361969,1535.615270022454,937836,SBILIFE.NS,SBI Life Insurance,Insurance
2025-04-02,1557.6845703125,1560.980037967277,1540.15900660533,1540.8579860953237,1876774,SBILIFE.NS,SBI Life Insurance,Insurance
2025-04-03,1540.1090087890625,1556.735919209977,1537.86213229707,1543.8538029423833,373548,SBILIFE.NS,SBI Life Insurance,Insurance
2025-04-04,1510.500244140625,1544.7526789979297,1499.016207985667,1534.2172753302116,826558,SBILIFE.NS,SBI Life Insurance,Insurance
2025-04-07,1458.772216796875,1483.437880352045,1428.5642087991305,1447.9871602224607,916977,SBILIFE.NS,SBI Life Insurance,Insurance
2025-04-08,1485.934326171875,1495.9704233045459,1456.0259521708933,1487.9315497285577,2142568,SBILIFE.NS,SBI Life Insurance,Insurance
2025-04-09,1479.59326171875,1497.8179278554417,1472.9524685819206,1485.9344225423035,1047950,SBILIFE.NS,SBI Life Insurance,Insurance
2025-04-11,1519.787353515625,1536.8635912605712,1497.967709624813,1536.8635912605712,1134200,SBILIFE.NS,SBI Life Insurance,Insurance
2025-04-15,1560.4307861328125,1571.9148219198976,1522.8830065482528,1553.340666679218,1363406,SBILIFE.NS,SBI Life Insurance,Insurance
2025-04-16,1563.2269287109375,1574.6111275572964,1546.3503649905406,1546.3503649905406,784495,SBILIFE.NS,SBI Life Insurance,Insurance
2025-04-17,1605.9674072265625,1612.7580160545008,1547.2491080178443,1555.837144899636,1500299,SBILIFE.NS,SBI Life Insurance,Insurance
2025-04-21,1626.2393798828125,1628.436277168365,1593.0855155869024,1615.7539555728526,1016066,SBILIFE.NS,SBI Life Insurance,Insurance
2025-04-22,1616.7525634765625,1637.6235752419475,1610.561218849905,1625.540396399101,1102055,SBILIFE.NS,SBI Life Insurance,Insurance
2025-04-23,1613.25732421875,1622.7441360912837,1598.7774534659354,1622.7441360912837,1136215,SBILIFE.NS,SBI Life Insurance,Insurance
2025-04-24,1605.9674072265625,1634.3280060067004,1600.7746747587398,1610.660955707913,857476,SBILIFE.NS,SBI Life Insurance,Insurance
2025-04-25,1692.746826171875,1759.5539795131288,1648.807907273704,1721.107425477229,10321746,SBILIFE.NS,SBI Life Insurance,Insurance
2025-04-28,1733.68994140625,1752.5637290220432,1679.0659240825435,1687.6539612804859,2100813,SBILIFE.NS,SBI Life Insurance,Insurance
2025-04-29,1727.6982421875,1762.4499814146093,1718.61089923297,1731.4930157689255,2049847,SBILIFE.NS,SBI Life Insurance,Insurance
2025-04-30,1763.3487548828125,1770.039405143323,1716.1143682588438,1719.6095095383932,2031563,SBILIFE.NS,SBI Life Insurance,Insurance
2025-05-02,1759.753662109375,1774.6330022834163,1745.173954235149,1758.555376711821,902461,SBILIFE.NS,SBI Life Insurance,Insurance
2025-05-05,1767.443115234375,1785.1184959944105,1764.4472797224462,1770.5387875498627,947983,SBILIFE.NS,SBI Life Insurance,Insurance
2025-05-06,1723.60400390625,1795.3043814501787,1714.8161711167213,1767.54292405218,1295777,SBILIFE.NS,SBI Life Insurance,Insurance
2025-05-07,1742.0782470703125,1754.0615884087154,1709.9229965726056,1711.6205878352055,753313,SBILIFE.NS,SBI Life Insurance,Insurance
2025-05-08,1729.0963134765625,1741.5789608450043,1718.7107264858482,1738.8827577737623,1107891,SBILIFE.NS,SBI Life Insurance,Insurance
2025-05-09,1697.4404296875,1726.3002139227822,1690.749657316363,1703.6317742450465,1076900,SBILIFE.NS,SBI Life Insurance,Insurance
2025-05-12,1749.068603515625,1754.4611317262186,1717.612331171496,1722.6053902737385,728808,SBILIFE.NS,SBI Life Insurance,Insurance
2025-05-13,1737.5845947265625,1753.5623841033585,1729.895332349323,1740.2807979235533,478541,SBILIFE.NS,SBI Life Insurance,Insurance
2025-05-14,1752.763427734375,1757.5568132581495,1734.9882103771652,1738.583188569567,603108,SBILIFE.NS,SBI Life Insurance,Insurance
2025-05-15,1782.12255859375,1785.9173321189126,1734.6884990334781,1755.2598773257625,1318425,SBILIFE.NS,SBI Life Insurance,Insurance
2025-05-16,1770.938232421875,1788.4139393355604,1765.4458673918596,1787.5151643141137,696146,SBILIFE.NS,SBI Life Insurance,Insurance
2025-05-19,1767.5428466796875,1778.7272498305404,1761.9506451042612,1770.638518810651,288530,SBILIFE.NS,SBI Life Insurance,Insurance
2025-05-20,1755.35986328125,1776.3307109914213,1750.8661102004992,1776.3307109914213,529693,SBILIFE.NS,SBI Life Insurance,Insurance
2025-05-21,1761.451416015625,1775.4319815141773,1748.7689727442812,1754.461133266349,521050,SBILIFE.NS,SBI Life Insurance,Insurance
2025-05-22,1756.8577880859375,1766.2446414830397,1738.7828169895174,1763.8480706842886,1103303,SBILIFE.NS,SBI Life Insurance,Insurance
2025-05-23,1796.2030029296875,1803.4929178585608,1757.357101278335,1762.5498338983166,1067774,SBILIFE.NS,SBI Life Insurance,Insurance
2025-05-26,1799.0989990234375,1807.58719934478,1787.6149632945624,1803.4929153346563,633624,SBILIFE.NS,SBI Life Insurance,Insurance
2025-05-27,1800.7967529296875,1807.087934287186,1791.509614196087,1799.0990396865345,1219984,SBILIFE.NS,SBI Life Insurance,Insurance
2025-05-28,1804.8909912109375,1811.9811106088448,1799.5982999120304,1808.0865002097296,763018,SBILIFE.NS,SBI Life Insurance,Insurance
2025-05-29,1822.466552734375,1827.4596117829624,1798.899338405214,1805.09068286512,1189803,SBILIFE.NS,SBI Life Insurance,Insurance
2025-05-30,1809.684326171875,1831.35427622224,1802.3945328864966,1822.4666064735125,1364259,SBILIFE.NS,SBI Life Insurance,Insurance
2025-06-02,1799.997802734375,1826.4610159229803,1793.107356806982,1809.6842886128802,1238769,SBILIFE.NS,SBI Life Insurance,Insurance
2025-06-03,1772.8355712890625,1811.4817990576803,1767.6427168061575,1807.2876782722433,1576208,SBILIFE.NS,SBI Life Insurance,Insurance
2025-06-04,1773.4346923828125,1776.6302013327077,1759.8535964944792,1772.535917396638,918721,SBILIFE.NS,SBI Life Insurance,Insurance
2025-06-05,1772.3363037109375,1788.5137664055192,1762.5498591321839,1779.5262600416722,912222,SBILIFE.NS,SBI Life Insurance,Insurance
2025-06-06,1778.128173828125,1781.0241724724792,1748.8689207822392,1772.3362984402731,1589674,SBILIFE.NS,SBI Life Insurance,Insurance
2025-06-09,1788.3140869140625,1796.502655036041,1756.6580192406734,1787.115679595648,1221496,SBILIFE.NS,SBI Life Insurance,Insurance
2025-06-10,1783.0213623046875,1794.1059288635151,1769.540103054554,1788.4138903849116,1400311,SBILIFE.NS,SBI Life Insurance,Insurance
2025-06-11,1796.80224609375,1798.4000005807684,1771.53731899598,1783.0213546039022,1089930,SBILIFE.NS,SBI Life Insurance,Insurance
2025-06-12,1763.5484619140625,1809.7842376203967,1757.5567910355323,1797.4014267579296,984693,SBILIFE.NS,SBI Life Insurance,Insurance
2025-06-13,1752.763427734375,1764.047790125296,1717.6123402295552,1717.6123402295552,1774169,SBILIFE.NS,SBI Life Insurance,Insurance
2025-06-16,1795.3043212890625,1797.5012184623977,1749.4680158381009,1759.5539705170804,728053,SBILIFE.NS,SBI Life Insurance,Insurance
2025-06-17,1797.700927734375,1804.1919044854112,1782.9215461186823,1793.6066437023537,557790,SBILIFE.NS,SBI Life Insurance,Insurance
2025-06-18,1794.705078125,1802.4942989250178,1788.8133660259286,1797.5012399252255,349531,SBILIFE.NS,SBI Life Insurance,Insurance
2025-06-19,1786.916015625,1802.3944988396502,1778.5276519543086,1792.5082174385086,537885,SBILIFE.NS,SBI Life Insurance,Insurance
2025-06-20,1808.3861083984375,1818.4720630610548,1776.6302048301109,1784.619099121428,1669329,SBILIFE.NS,SBI Life Insurance,Insurance
2025-06-23,1816.075439453125,1823.6648649383076,1796.1032029653509,1807.4874021435537,627282,SBILIFE.NS,SBI Life Insurance,Insurance
2025-06-24,1840.4415283203125,1848.3305858386984,1825.4623514756004,1829.6564722317785,876488,SBILIFE.NS,SBI Life Insurance,Insurance
2025-06-25,1840.1419677734375,1852.4249420253775,1822.4665871678244,1840.4416000823562,990856,SBILIFE.NS,SBI Life Insurance,Insurance
2025-06-26,1858.2169189453125,1863.8091207436858,1840.1419475261168,1847.4318625549195,1147822,SBILIFE.NS,SBI Life Insurance,Insurance
2025-06-27,1848.031005859375,1860.3139799801124,1812.7800818273743,1845.434639512959,6763121,SBILIFE.NS,SBI Life Insurance,Insurance
2025-06-30,1835.7481689453125,1852.5247744857027,1823.5650315246169,1843.4374312470509,1362010,SBILIFE.NS,SBI Life Insurance,Insurance
2025-07-01,1859.91455078125,1862.7107126917615,1824.7634627966272,1828.4582778418624,667136,SBILIFE.NS,SBI Life Insurance,Insurance
2025-07-02,1854.222412109375,1872.3970978454538,1849.5288635769307,1862.410979990278,1072946,SBILIFE.NS,SBI Life Insurance,Insurance
2025-07-03,1807.68701171875,1859.2154775527245,1800.4970555981668,1847.4318096819793,916863,SBILIFE.NS,SBI Life Insurance,Insurance
2025-07-04,1797.20166015625,1809.5844712178493,1780.6247281725746,1803.4929634402217,685665,SBILIFE.NS,SBI Life Insurance,Insurance
2025-07-07,1805.789794921875,1809.2849362764985,1789.7120471699227,1797.2016357869727,376143,SBILIFE.NS,SBI Life Insurance,Insurance
2025-07-08,1814.3778076171875,1816.27519442135,1794.805040676182,1798.4998555836132,616714,SBILIFE.NS,SBI Life Insurance,Insurance
2025-07-09,1812.380615234375,1818.472122951956,1796.5026629272754,1817.4735111326522,597896,SBILIFE.NS,SBI Life Insurance,Insurance
2025-07-10,1807.68701171875,1820.9685972730213,1798.8993011159098,1808.4859499103052,1104366,SBILIFE.NS,SBI Life Insurance,Insurance
2025-07-11,1832.65234375,1837.4457291951992,1809.4845985335332,1811.4818221522237,770854,SBILIFE.NS,SBI Life Insurance,Insurance
2025-07-14,1848.7301025390625,1853.72316161587,1829.1572134372923,1840.4415757112195,1231109,SBILIFE.NS,SBI Life Insurance,Insurance
2025-07-15,1822.266845703125,1849.1294053710442,1819.8701530235994,1847.3319772870402,1313007,SBILIFE.NS,SBI Life Insurance,Insurance
2025-07-16,1826.560791015625,1837.3458470507321,1819.0712026303709,1831.3541763425287,652826,SBILIFE.NS,SBI Life Insurance,Insurance
2025-07-17,1800.29736328125,1826.4609431211131,1793.8063867201306,1826.4609431211131,886192,SBILIFE.NS,SBI Life Insurance,Insurance
2025-07-18,1785.9173583984375,1800.2973926253221,1751.6649250726596,1796.50261904432,1600088,SBILIFE.NS,SBI Life Insurance,Insurance
2025-07-21,1802.1947021484375,1804.8910272019864,1778.5276507832536,1792.2085839520128,481174,SBILIFE.NS,SBI Life Insurance,Insurance
2025-07-22,1806.48876953125,1812.7800727128454,1788.6135937002168,1788.6135937002168,578221,SBILIFE.NS,SBI Life Insurance,Insurance
2025-07-23,1806.988037109375,1815.9755432348154,1789.512330754352,1806.4887312135172,555690,SBILIFE.NS,SBI Life Insurance,Insurance
2025-07-24,1791.110107421875,1819.9700129400248,1776.2307671608773,1805.4901417808312,928018,SBILIFE.NS,SBI Life Insurance,Insurance
2025-07-25,1829.556640625,1844.4359807131434,1808.3861193847358,1811.4817915612573,1821229,SBILIFE.NS,SBI Life Insurance,Insurance
2025-07-28,1847.93115234375,1855.4207409103958,1816.4748803638374,1829.456833879357,1182404,SBILIFE.NS,SBI Life Insurance,Insurance
2025-07-29,1830.8548583984375,1849.2293394961468,1820.3694347281028,1845.434565978923,585182,SBILIFE.NS,SBI Life Insurance,Insurance
2025-07-30,1836.5469970703125,1847.4318904265106,1821.9672886936046,1822.4665946099362,480951,SBILIFE.NS,SBI Life Insurance,Insurance
2025-07-31,1838.1446533203125,1854.8215431744363,1818.8715191211395,1835.448450276656,1570804,SBILIFE.NS,SBI Life Insurance,Insurance
2025-08-01,1793.7064208984375,1840.7411330059845,1786.4166280838715,1837.4456653892394,559870,SBILIFE.NS,SBI Life Insurance,Insurance
2025-08-04,1828.95751953125,1833.6509462510046,1778.5276234153189,1795.5040240880085,844169,SBILIFE.NS,SBI Life Insurance,Insurance
2025-08-05,1854.422119140625,1857.8174236527714,1816.175238305385,1830.7550681574921,1251783,SBILIFE.NS,SBI Life Insurance,Insurance
2025-08-06,1851.7259521484375,1873.395779947185,1848.0310152628247,1856.0199098468213,816457,SBILIFE.NS,SBI Life Insurance,Insurance
2025-08-07,1858.516357421875,1860.5135809797732,1832.4526143714756,1832.4526143714756,742694,SBILIFE.NS,SBI Life Insurance,Insurance
2025-08-08,1831.0545654296875,1868.3028341943418,1828.4581991393165,1848.5302718660273,779798,SBILIFE.NS,SBI Life Insurance,Insurance
2025-08-11,1848.430419921875,1850.1280112014404,1823.3652884187181,1833.4512430991692,455452,SBILIFE.NS,SBI Life Insurance,Insurance
2025-08-12,1835.448486328125,1861.3125562991004,1831.454039132634,1847.1321956145946,627624,SBILIFE.NS,SBI Life Insurance,Insurance
2025-08-13,1837.745361328125,1856.4193534008086,1835.4485054065015,1838.7439731373777,570828,SBILIFE.NS,SBI Life Insurance,Insurance
2025-08-14,1838.044921875,1851.1267125529303,1829.6565580682588,1839.5428396297445,468063,SBILIFE.NS,SBI Life Insurance,Insurance
2025-08-18,1860.413818359375,1909.3457974788648,1847.4318647154287,1876.3916074596166,1924632,SBILIFE.NS,SBI Life Insurance,Insurance
2025-08-19,1851.526123046875,1867.304238324313,1834.0504164614842,1862.4110161002325,621923,SBILIFE.NS,SBI Life Insurance,Insurance
2025-08-20,1855.9200439453125,1862.311183892473,1840.8410300346177,1843.437396353536,446416,SBILIFE.NS,SBI Life Insurance,Insurance
2025-08-21,1874.6939697265625,1889.87282023575,1867.404054869671,1867.404054869671,1316202,SBILIFE.NS,SBI Life Insurance,Insurance
2025-08-22,1856.4193115234375,1867.4040411774224,1846.8326627510396,1857.5177601086655,605948,SBILIFE.NS,SBI Life Insurance,Insurance
2025-08-25,1844.236328125,1859.8146478850113,1840.8410236117124,1856.319506571509,613536,SBILIFE.NS,SBI Life Insurance,Insurance
2025-08-26,1814.078125,1855.0212077505157,1807.2876380745715,1844.3361105247461,669578,SBILIFE.NS,SBI Life Insurance,Insurance
2025-08-28,1814.2779541015625,1838.7439430276193,1803.6925715761367,1813.1793836086892,948055,SBILIFE.NS,SBI Life Insurance,Insurance
2025-08-29,1802.99365234375,1824.3639698062568,1798.5997359279581,1824.3639698062568,801378,SBILIFE.NS,SBI Life Insurance,Insurance
2025-09-01,1807.2877197265625,1813.3792274454595,1794.1059705683922,1797.5012751349298,530198,SBILIFE.NS,SBI Life Insurance,Insurance
2025-09-02,1811.9810791015625,1822.4665028163965,1800.1974113093129,1812.380548194679,388232,SBILIFE.NS,SBI Life Insurance,Insurance
2025-09-03,1808.1864013671875,1816.3750915569356,1794.5054679843006,1811.9811751015657,1249945,SBILIFE.NS,SBI Life Insurance,Insurance
2025-09-04,1788.613525390625,1887.3762542944578,1770.538676647658,1887.3762542944578,2151243,SBILIFE.NS,SBI Life Insurance,Insurance
2025-09-05,1802.7939453125,1824.9630786844673,1797.601090771626,1812.4804310874463,757123,SBILIFE.NS,SBI Life Insurance,Insurance
2025-09-08,1778.427734375,1807.487312645652,1767.043535760487,1804.491477320825,1553347,SBILIFE.NS,SBI Life Insurance,Insurance
2025-09-09,1803.1932373046875,1808.985234372708,1775.8313721304685,1787.315407568109,895295,SBILIFE.NS,SBI Life Insurance,Insurance
2025-09-10,1831.1544189453125,1841.0407001997191,1793.5068026391207,1802.394472088049,881560,SBILIFE.NS,SBI Life Insurance,Insurance
2025-09-11,1811.6815185546875,1822.3667381896737,1799.4985030876885,1822.2669013876537,663203,SBILIFE.NS,SBI Life Insurance,Insurance
2025-09-12,1827.6593017578125,1831.9533813384087,1801.0962517615314,1811.6815126591946,509725,SBILIFE.NS,SBI Life Insurance,Insurance
2025-09-15,1819.67041015625,1830.455466575631,1809.7842506561506,1827.5594679166436,485383,SBILIFE.NS,SBI Life Insurance,Insurance
2025-09-16,1816.275146484375,1830.3555481422018,1807.487314097483,1827.8590187028406,496743,SBILIFE.NS,SBI Life Insurance,Insurance
2025-09-17,1801.4957275390625,1824.9631053645437,1798.2002597649287,1807.5872352752926,706812,SBILIFE.NS,SBI Life Insurance,Insurance
2025-09-18,1819.27099609375,1828.458175742382,1792.807783828773,1802.394432571009,817549,SBILIFE.NS,SBI Life Insurance,Insurance
2025-09-19,1839.143310546875,1844.3361650678503,1819.271033169251,1825.4623775933064,1633208,SBILIFE.NS,SBI Life Insurance,Insurance
2025-09-22,1855.12109375,1877.0905533695443,1850.2279934463306,1852.4248906479431,1003774,SBILIFE.NS,SBI Life Insurance,Insurance
2025-09-23,1816.8743896484375,1863.1100442818704,1812.8799423245543,1862.4110647605341,737343,SBILIFE.NS,SBI Life Insurance,Insurance
2025-09-24,1814.5775146484375,1822.8660415189213,1803.4929478210706,1822.366735608672,507030,SBILIFE.NS,SBI Life Insurance,Insurance
2025-09-25,1807.2877197265625,1817.1738792191193,1795.004745586131,1807.5872301319043,1003709,SBILIFE.NS,SBI Life Insurance,Insurance
2025-09-26,1796.302978515625,1816.4748883838442,1787.5151457982854,1804.891015729792,1561042,SBILIFE.NS,SBI Life Insurance,Insurance
2025-09-29,1786.2169189453125,1811.4818468262195,1782.5221039607507,1811.4818468262195,1003806,SBILIFE.NS,SBI Life Insurance,Insurance
2025-09-30,1788.1142578125,1793.2071535927128,1775.5317735611352,1780.5248325419034,1668918,SBILIFE.NS,SBI Life Insurance,Insurance
2025-10-01,1798.5997314453125,1803.9922596739418,1766.6441530840802,1780.5248818149119,704858,SBILIFE.NS,SBI Life Insurance,Insurance
2025-10-03,1782.6219482421875,1800.6967979331966,1763.7481603291255,1798.5997374763804,715403,SBILIFE.NS,SBI Life Insurance,Insurance
2025-10-06,1768.441650390625,1781.7231141104317,1756.957614759522,1773.5345461599,1560572,SBILIFE.NS,SBI Life Insurance,Insurance
2025-10-07,1781.623291015625,1791.2099399316817,1768.841133094501,1774.5331716037942,859968,SBILIFE.NS,SBI Life Insurance,Insurance
2025-10-08,1770.4388427734375,1793.4069136308153,1755.2598706315289,1781.523409111393,1323877,SBILIFE.NS,SBI Life Insurance,Insurance
2025-10-09,1807.2877197265625,1810.882697896661,1768.1420632608877,1770.438919206125,848466,SBILIFE.NS,SBI Life Insurance,Insurance
2025-10-10,1807.8868408203125,1841.140540872164,1803.8923935899986,1822.4665488307878,1097936,SBILIFE.NS,SBI Life Insurance,Insurance
2025-10-13,1812.780029296875,1825.3625134578604,1795.6038333858962,1807.4873380549363,409793,SBILIFE.NS,SBI Life Insurance,Insurance
2025-10-14,1813.6787109375,1823.2654817833131,1805.090673797243,1814.8771182436542,655909,SBILIFE.NS,SBI Life Insurance,Insurance
2025-10-15,1838.044921875,1855.8202613249784,1810.882728682643,1813.5789318808395,891713,SBILIFE.NS,SBI Life Insurance,Insurance
2025-10-16,1833.151611328125,1842.338912922531,1806.9880312306366,1840.0420570487163,969316,SBILIFE.NS,SBI Life Insurance,Insurance
2025-10-17,1841.5400390625,1849.8285659566611,1817.5733553020618,1841.4402022603363,1183570,SBILIFE.NS,SBI Life Insurance,Insurance
2025-10-20,1837.1461181640625,1854.621825029952,1825.462408619782,1847.4318686797576,590467,SBILIFE.NS,SBI Life Insurance,Insurance
2025-10-21,1838.4443359375,1849.4290658100217,1829.9561355814606,1849.4290658100217,41649,SBILIFE.NS,SBI Life Insurance,Insurance
2025-10-23,1850.1280517578125,1861.6120875736265,1838.4443423403266,1847.4318486309637,543795,SBILIFE.NS,SBI Life Insurance,Insurance
2025-10-24,1837.24609375,1861.4124512777043,1829.2571991093232,1857.418003957366,517403,SBILIFE.NS,SBI Life Insurance,Insurance
2025-10-27,1900.4581298828125,1921.229304495013,1877.589894829202,1877.589894829202,2866910,SBILIFE.NS,SBI Life Insurance,Insurance
2025-10-28,1934.1114501953125,1942.8991612001028,1892.1697531381726,1900.458158225616,2166517,SBILIFE.NS,SBI Life Insurance,Insurance
2025-10-29,1967.6646728515625,1972.2582626527605,1931.3151797318678,1931.3151797318678,2398496,SBILIFE.NS,SBI Life Insurance,Insurance
2025-10-30,1965.66748046875,1969.162621749135,1951.3872830485493,1967.6647040575415,842738,SBILIFE.NS,SBI Life Insurance,Insurance
2025-10-31,1952.985107421875,1975.9531795148296,1949.0906188050606,1962.272246202413,1167506,SBILIFE.NS,SBI Life Insurance,Insurance
2025-11-03,1966.8658447265625,1979.4483294602944,1942.3000179795888,1947.2930771517729,687299,SBILIFE.NS,SBI Life Insurance,Insurance
2025-11-04,1968.76318359375,1994.5274170544315,1954.1834755465975,1956.3803727684547,664256,SBILIFE.NS,SBI Life Insurance,Insurance
2025-11-06,1968.064208984375,1988.0364452358874,1961.2735998985183,1974.1557166609152,1094086,SBILIFE.NS,SBI Life Insurance,Insurance
2025-11-07,1996.1251220703125,2001.2180177953096,1954.9822433743284,1959.3761596099378,1241016,SBILIFE.NS,SBI Life Insurance,Insurance
2025-11-10,1986.53857421875,2015.0988483496676,1982.4441681702492,1997.323508907597,1087154,SBILIFE.NS,SBI Life Insurance,Insurance
2025-11-11,1994.5274658203125,1999.4205662887077,1979.5482883027141,1992.130773037325,901898,SBILIFE.NS,SBI Life Insurance,Insurance
2025-11-12,1993.9281005859375,2006.2110742909167,1981.046106091511,1994.5273651770897,1006737,SBILIFE.NS,SBI Life Insurance,Insurance
2025-11-13,1985.140380859375,2002.2166179087505,1972.7575704133349,1977.850466108643,671028,SBILIFE.NS,SBI Life Insurance,Insurance
2025-11-14,1998.1224365234375,2001.118272015681,1975.0545276133353,1979.8477912604096,678599,SBILIFE.NS,SBI Life Insurance,Insurance
2025-11-17,1993.2291259765625,2010.1056895496208,1990.5329229131878,1998.1223481108839,726715,SBILIFE.NS,SBI Life Insurance,Insurance
2025-11-18,1990.532958984375,2010.704868678117,1985.2402676593476,1988.3359398736152,855558,SBILIFE.NS,SBI Life Insurance,Insurance
2025-11-19,2002.0169677734375,2005.5121090426644,1982.2444055471847,1988.1362394954806,894171,SBILIFE.NS,SBI Life Insurance,Insurance
2025-11-20,2024.2860107421875,2029.1792330761352,1997.2236546024953,2011.1043833821543,805778,SBILIFE.NS,SBI Life Insurance,Insurance
2025-11-21,2019.6923828125,2027.6812772809797,2013.8005487618252,2024.086299150335,506477,SBILIFE.NS,SBI Life Insurance,Insurance
2025-11-24,2012.003173828125,2083.7035523382533,2002.2167290852203,2024.186189454235,2592739,SBILIFE.NS,SBI Life Insurance,Insurance
2025-11-25,2028.1805419921875,2041.1624952397988,1969.6619155792798,1969.6619155792798,748087,SBILIFE.NS,SBI Life Insurance,Insurance
2025-11-26,2026.283203125,2042.1611553142156,2021.1903072645343,2028.1805899477615,826123,SBILIFE.NS,SBI Life Insurance,Insurance
2025-11-27,2001.7174072265625,2033.173679777142,1998.0225922269963,2027.182008815127,652128,SBILIFE.NS,SBI Life Insurance,Insurance
2025-11-28,1963.2708740234375,2008.3082435488898,1958.2778148321265,2008.2084067452354,1011160,SBILIFE.NS,SBI Life Insurance,Insurance
2025-12-01,1968.863037109375,1974.255565309816,1948.4913316304073,1964.2694471241314,483716,SBILIFE.NS,SBI Life Insurance,Insurance
2025-12-02,1978.749267578125,1987.13763101843,1949.2902196883674,1949.2902196883674,942591,SBILIFE.NS,SBI Life Insurance,Insurance
2025-12-03,1970.0614013671875,1988.236087307497,1957.1792848090824,1979.2485811368454,515105,SBILIFE.NS,SBI Life Insurance,Insurance
2025-12-04,2000.11962890625,2006.2111365983785,1956.2805458418236,1967.4649494109494,660360,SBILIFE.NS,SBI Life Insurance,Insurance
2025-12-05,2020.890625,2043.4593489114436,1997.9225538943579,2000.2194097652632,749526,SBILIFE.NS,SBI Life Insurance,Insurance
2025-12-08,2017.894775390625,2033.173584387275,2002.2166192025963,2002.2166192025963,1050200,SBILIFE.NS,SBI Life Insurance,Insurance
2025-12-09,2003.4149169921875,2025.384376291637,1987.636923908549,2016.197196617663,887191,SBILIFE.NS,SBI Life Insurance,Insurance
2025-12-10,2011.7034912109375,2027.980912474004,1991.8310918121028,1993.2291727262502,598172,SBILIFE.NS,SBI Life Insurance,Insurance
2025-12-11,2004.114013671875,2014.7991110002386,1992.7298149542062,2003.315075484341,635250,SBILIFE.NS,SBI Life Insurance,Insurance
2025-12-12,2023.087646484375,2027.581399532141,1999.6202694571532,2009.2069182455498,557472,SBILIFE.NS,SBI Life Insurance,Insurance
2025-12-15,2032.0751953125,2037.1680911602296,2005.2125132596768,2027.2818098670748,565860,SBILIFE.NS,SBI Life Insurance,Insurance
2025-12-16,2033.173583984375,2049.3510460592734,2018.1944072850797,2032.0751354065972,815797,SBILIFE.NS,SBI Life Insurance,Insurance
2025-12-17,2007.409423828125,2045.855978745375,1992.7298788927903,2036.5689619967868,896027,SBILIFE.NS,SBI Life Insurance,Insurance
2025-12-18,2011.6036376953125,2017.595308505425,1998.821357873397,2015.1986158012091,301399,SBILIFE.NS,SBI Life Insurance,Insurance
2025-12-19,2025.584228515625,2032.6743480170164,2009.6064394867515,2011.7034999166199,751874,SBILIFE.NS,SBI Life Insurance,Insurance
2025-12-22,2019.49267578125,2028.2803864105958,2010.305374154068,2024.8850819375255,526892,SBILIFE.NS,SBI Life Insurance,Insurance
2025-12-23,2021.9892578125,2029.3788877448897,2015.49828099561,2029.3788877448897,290105,SBILIFE.NS,SBI Life Insurance,Insurance
2025-12-24,2022.58837890625,2030.7769469658515,2017.3955243677237,2026.3830306335155,353971,SBILIFE.NS,SBI Life Insurance,Insurance
2025-12-26,2016.297119140625,2032.0752347959356,2001.317941708694,2022.5884224223792,180039,SBILIFE.NS,SBI Life Insurance,Insurance
2025-12-29,2007.010009765625,2023.8864513737067,2003.8143789202588,2023.8864513737067,407998,SBILIFE.NS,SBI Life Insurance,Insurance
2025-12-30,1992.7298583984375,2016.9961740388007,1965.467707340788,2007.0100559811788,3166927,SBILIFE.NS,SBI Life Insurance,Insurance
2025-12-31,2032.0751953125,2040.6632324931024,1989.7340302140967,2007.4094104799976,751134,SBILIFE.NS,SBI Life Insurance,Insurance
2026-01-01,2037.5675048828125,2043.0598696851869,2024.3857562166027,2032.0751400804381,235630,SBILIFE.NS,SBI Life Insurance,Insurance
2026-01-02,2064.530029296875,2074.4164328360544,2037.1681622849126,2037.5676314027876,472182,SBILIFE.NS,SBI Life Insurance,Insurance
2026-01-05,2072.71875,2091.991762702346,2060.335817396589,2064.5299381970553,788144,SBILIFE.NS,SBI Life Insurance,Insurance
2026-01-06,2092.890625,2103.07641643321,2061.134721518588,2061.134721518588,618958,SBILIFE.NS,SBI Life Insurance,Insurance
2026-01-07,2067.92529296875,2106.671478234444,2062.133295967919,2087.098590107966,1065734,SBILIFE.NS,SBI Life Insurance,Insurance
2026-01-08,2080.008544921875,2092.591151874019,2064.8296934157033,2078.0113212025967,956736,SBILIFE.NS,SBI Life Insurance,Insurance
2026-01-09,2067.12646484375,2090.9931897915503,2062.1334057499243,2090.8934748907022,455165,SBILIFE.NS,SBI Life Insurance,Insurance
2026-01-12,2095.087646484375,2102.7769089146555,2077.112633311487,2082.1056925261782,1051481,SBILIFE.NS,SBI Life Insurance,Insurance
2026-01-13,2079.509033203125,2099.181879932565,2068.8239361227306,2087.0985801060083,425540,SBILIFE.NS,SBI Life Insurance,Insurance
2026-01-14,2065.92822265625,2079.109850179465,2060.4358575381007,2067.3261817110915,942775,SBILIFE.NS,SBI Life Insurance,Insurance
2026-01-15,2065.92822265625,2065.92822265625,2065.92822265625,2065.92822265625,0,SBILIFE.NS,SBI Life Insurance,Insurance
2026-01-16,2078.111083984375,2094.2885458249702,2059.0375017428387,2059.137460440068,753887,SBILIFE.NS,SBI Life Insurance,Insurance
2026-01-19,2070.8212890625,2092.6910342721685,2063.3317003883085,2063.3317003883085,552463,SBILIFE.NS,SBI Life Insurance,Insurance
2026-01-20,2046.2554931640625,2077.1124996038416,2041.1624755722369,2077.1124996038416,576100,SBILIFE.NS,SBI Life Insurance,Insurance
2026-01-21,2052.546630859375,2073.9170700212694,2035.3705563696751,2035.3705563696751,1014083,SBILIFE.NS,SBI Life Insurance,Insurance
2026-01-22,2019.193115234375,2064.2306061759664,2006.5107937852836,2053.2458760733066,1829617,SBILIFE.NS,SBI Life Insurance,Insurance
2026-01-23,1999.8199462890625,2019.1930393953808,1983.5426472524505,2019.1930393953808,1128576,SBILIFE.NS,SBI Life Insurance,Insurance
2026-01-27,2035.3704833984375,2044.957254017306,2002.4162946234205,2002.4162946234205,1396624,SBILIFE.NS,SBI Life Insurance,Insurance
2026-01-28,2050.349609375,2076.5131886309987,2034.7712903561287,2044.058428450512,1391036,SBILIFE.NS,SBI Life Insurance,Insurance
2026-01-29,1993.52880859375,2062.1333913019016,1960.1751497005116,2054.543844011777,3546891,SBILIFE.NS,SBI Life Insurance,Insurance
2026-01-30,1995.7257080078125,2015.5981074639685,1948.7909528032255,1983.5426926512196,2050622,SBILIFE.NS,SBI Life Insurance,Insurance
2026-02-02,1998.22216796875,2017.1957917525613,1952.7853320654126,1969.7617322930332,1337964,SBILIFE.NS,SBI Life Insurance,Insurance
2026-02-03,1999.3206787109375,2062.0334271847896,1994.8269255697808,2053.5452268070494,1915073,SBILIFE.NS,SBI Life Insurance,Insurance
2026-02-04,2038.86572265625,2044.6577200252116,1993.029537222525,1999.3207186051648,1109824,SBILIFE.NS,SBI Life Insurance,Insurance
2026-02-05,2014.9989013671875,2042.460725357022,2002.516254099081,2028.1805281219672,925742,SBILIFE.NS,SBI Life Insurance,Insurance
2026-02-06,1993.9281005859375,2027.0820849591312,1971.5592941424002,2023.1874746209046,884292,SBILIFE.NS,SBI Life Insurance,Insurance
2026-02-09,2021.1903076171875,2033.3733229640236,1993.9281563875024,1993.9281563875024,1266623,SBILIFE.NS,SBI Life Insurance,Insurance
2026-02-10,2015.498291015625,2024.7853078285239,1996.225034072392,2021.1903296460837,570843,SBILIFE.NS,SBI Life Insurance,Insurance
2026-02-11,2023.4871826171875,2036.2693407915663,2014.4996762239034,2020.1917148459738,662626,SBILIFE.NS,SBI Life Insurance,Insurance
2026-02-12,2019.29296875,2023.1875792897129,1995.2264478878806,2019.193131946594,426707,SBILIFE.NS,SBI Life Insurance,Insurance
2026-02-13,2031.3760986328125,2041.0627063469735,2002.416356093042,2036.1694840893929,1240712,SBILIFE.NS,SBI Life Insurance,Insurance
2026-02-16,2039.5648193359375,2047.4538771474402,2020.990663738545,2031.076618808556,580680,SBILIFE.NS,SBI Life Insurance,Insurance
2026-02-17,2036.6688232421875,2042.161188296285,2023.786706280587,2039.5648219236105,377148,SBILIFE.NS,SBI Life Insurance,Insurance
2026-02-18,2056.740966796875,2059.5368848036587,2031.5758762229964,2031.5758762229964,353144,SBILIFE.NS,SBI Life Insurance,Insurance
2026-02-19,2040.1639404296875,2065.1292358338687,2034.771412242213,2062.133400385367,420142,SBILIFE.NS,SBI Life Insurance,Insurance
2026-02-20,2077.112548828125,2080.408016536127,2033.1736295259916,2040.064075342179,922200,SBILIFE.NS,SBI Life Insurance,Insurance
2026-02-23,2106.671630859375,2129.040438508761,2069.3234018390253,2086.799109003145,998892,SBILIFE.NS,SBI Life Insurance,Insurance
2026-02-24,2080.008544921875,2116.0585305755408,2073.717485247527,2106.6716766156214,841918,SBILIFE.NS,SBI Life Insurance,Insurance
2026-02-25,2070.721435546875,2103.076358932855,2066.6270298250442,2086.7989385435476,355352,SBILIFE.NS,SBI Life Insurance,Insurance
2026-02-26,2079.90869140625,2100.4799480628603,2060.4357614410133,2077.112529625259,567098,SBILIFE.NS,SBI Life Insurance,Insurance
2026-02-27,2034.3719482421875,2090.8934746998175,2028.0807669250557,2073.2180942696314,1374835,SBILIFE.NS,SBI Life Insurance,Insurance
2026-03-02,2029.37890625,2050.5494282239447,1993.7285127832645,2025.1847853365691,1009225,SBILIFE.NS,SBI Life Insurance,Insurance
2026-03-04,1927.919921875,1994.427443553357,1920.9296392562358,1961.273580464703,966848,SBILIFE.NS,SBI Life Insurance,Insurance
2026-03-05,1942.2999267578125,1948.3914342816124,1895.3651727436136,1944.896293025236,1955176,SBILIFE.NS,SBI Life Insurance,Insurance
2026-03-06,1941.5999755859375,1962.9000244140625,1924.800048828125,1930.0,858666,SBILIFE.NS,SBI Life Insurance,Insurance
2026-03-09,1912.5,1926.0999755859375,1890.0,1900.0,1617012,SBILIFE.NS,SBI Life Insurance,Insurance
2026-03-10,1963.699951171875,1974.800048828125,1926.5,1933.300048828125,587710,SBILIFE.NS,SBI Life Insurance,Insurance
2026-03-11,1938.5999755859375,1985.0,1927.300048828125,1985.0,829640,SBILIFE.NS,SBI Life Insurance,Insurance
2026-03-12,1939.4000244140625,1948.0999755859375,1907.0,1925.0,868643,SBILIFE.NS,SBI Life Insurance,Insurance
2026-03-13,1904.4000244140625,1938.9000244140625,1900.4000244140625,1932.5,989732,SBILIFE.NS,SBI Life Insurance,Insurance
2026-03-16,1909.199951171875,1918.0,1881.0,1901.0,902404,SBILIFE.NS,SBI Life Insurance,Insurance
2026-03-17,1932.0999755859375,1938.699951171875,1901.5,1903.0,1255806,SBILIFE.NS,SBI Life Insurance,Insurance
2026-03-18,1962.5,1974.699951171875,1932.0,1932.0,705652,SBILIFE.NS,SBI Life Insurance,Insurance
2026-03-19,1903.0999755859375,1956.199951171875,1897.5,1950.0,741211,SBILIFE.NS,SBI Life Insurance,Insurance
2026-03-20,1896.9000244140625,1919.9000244140625,1890.0,1906.9000244140625,1782505,SBILIFE.NS,SBI Life Insurance,Insurance
2026-03-23,1832.300048828125,1889.800048828125,1811.5,1875.0,1338816,SBILIFE.NS,SBI Life Insurance,Insurance
2026-03-24,1836.0,1866.5,1812.199951171875,1842.0,1403010,SBILIFE.NS,SBI Life Insurance,Insurance
2026-03-25,1851.800048828125,1867.4000244140625,1839.199951171875,1845.300048828125,1167758,SBILIFE.NS,SBI Life Insurance,Insurance
2026-03-27,1837.5999755859375,1851.0999755859375,1828.9000244140625,1835.199951171875,1156884,SBILIFE.NS,SBI Life Insurance,Insurance
2026-03-30,1777.300048828125,1828.4000244140625,1766.0,1820.800048828125,2274502,SBILIFE.NS,SBI Life Insurance,Insurance
2026-04-01,1790.5,1845.5999755859375,1762.5,1828.4000244140625,1132054,SBILIFE.NS,SBI Life Insurance,Insurance
2026-04-02,1774.0,1778.9000244140625,1728.0999755859375,1760.0,1494738,SBILIFE.NS,SBI Life Insurance,Insurance
2026-04-06,1836.800048828125,1844.5,1757.5,1757.5,1721071,SBILIFE.NS,SBI Life Insurance,Insurance
2026-04-07,1841.4000244140625,1845.9000244140625,1805.5,1814.5,974742,SBILIFE.NS,SBI Life Insurance,Insurance
2026-04-08,1907.5999755859375,1923.0,1870.0,1880.0,1104494,SBILIFE.NS,SBI Life Insurance,Insurance
2026-04-09,1904.0,1930.0,1881.0999755859375,1907.0,1330082,SBILIFE.NS,SBI Life Insurance,Insurance
2026-04-10,1923.199951171875,1950.5999755859375,1914.300048828125,1914.9000244140625,763543,SBILIFE.NS,SBI Life Insurance,Insurance
2026-04-13,1914.4000244140625,1931.800048828125,1889.0,1909.0,638729,SBILIFE.NS,SBI Life Insurance,Insurance
2026-04-15,1971.0,1974.199951171875,1928.0999755859375,1929.800048828125,1341053,SBILIFE.NS,SBI Life Insurance,Insurance
2026-04-16,1974.699951171875,1990.9000244140625,1962.0999755859375,1971.0999755859375,642257,SBILIFE.NS,SBI Life Insurance,Insurance
2026-04-17,1970.9000244140625,1975.800048828125,1954.9000244140625,1967.0,533713,SBILIFE.NS,SBI Life Insurance,Insurance
2026-04-20,1982.5,1989.5999755859375,1956.5999755859375,1976.300048828125,1033871,SBILIFE.NS,SBI Life Insurance,Insurance
2026-04-21,1911.5999755859375,1975.800048828125,1891.699951171875,1974.4000244140625,5153618,SBILIFE.NS,SBI Life Insurance,Insurance
2026-04-22,1884.800048828125,1930.5999755859375,1880.0,1910.0,4044590,SBILIFE.NS,SBI Life Insurance,Insurance
2026-04-23,1828.0999755859375,1886.699951171875,1807.699951171875,1865.0,4199895,SBILIFE.NS,SBI Life Insurance,Insurance
2026-04-24,1768.9000244140625,1836.300048828125,1762.0999755859375,1817.0,5283235,SBILIFE.NS,SBI Life Insurance,Insurance
2026-04-27,1815.4000244140625,1818.5,1759.0,1768.9000244140625,1918952,SBILIFE.NS,SBI Life Insurance,Insurance
2026-04-28,1808.300048828125,1824.0,1798.800048828125,1814.5999755859375,1487099,SBILIFE.NS,SBI Life Insurance,Insurance
2026-04-29,1816.199951171875,1829.5,1792.9000244140625,1808.5999755859375,1431080,SBILIFE.NS,SBI Life Insurance,Insurance
2026-04-30,1819.0,1826.0,1785.199951171875,1814.9000244140625,1082053,SBILIFE.NS,SBI Life Insurance,Insurance
2026-05-01,1819.0,1819.0,1819.0,1819.0,0,SBILIFE.NS,SBI Life Insurance,Insurance
2026-05-04,1820.0999755859375,1845.0,1810.0999755859375,1810.0999755859375,1929706,SBILIFE.NS,SBI Life Insurance,Insurance
2026-05-05,1821.199951171875,1835.0,1802.5999755859375,1820.0,1003169,SBILIFE.NS,SBI Life Insurance,Insurance
2026-05-06,1859.0,1868.9000244140625,1825.9000244140625,1839.0,1236623,SBILIFE.NS,SBI Life Insurance,Insurance
2026-05-07,1872.199951171875,1879.199951171875,1860.0,1868.0,1232684,SBILIFE.NS,SBI Life Insurance,Insurance
2026-05-08,1872.0999755859375,1885.0,1865.199951171875,1874.9000244140625,673259,SBILIFE.NS,SBI Life Insurance,Insurance
2026-05-11,1884.4000244140625,1895.0,1863.9000244140625,1865.5999755859375,672604,SBILIFE.NS,SBI Life Insurance,Insurance
2026-05-12,1833.9000244140625,1875.5999755859375,1825.0,1866.0,1291216,SBILIFE.NS,SBI Life Insurance,Insurance
2026-05-13,1837.5,1851.4000244140625,1818.199951171875,1820.0,853301,SBILIFE.NS,SBI Life Insurance,Insurance
2026-05-14,1866.699951171875,1870.0,1825.0,1831.0,765124,SBILIFE.NS,SBI Life Insurance,Insurance
2026-05-15,1864.5,1883.9000244140625,1850.0,1866.699951171875,851184,SBILIFE.NS,SBI Life Insurance,Insurance
2026-05-18,1860.4000244140625,1867.5,1825.300048828125,1846.0,746942,SBILIFE.NS,SBI Life Insurance,Insurance
2026-05-19,1881.4000244140625,1892.0,1845.4000244140625,1846.0,1351813,SBILIFE.NS,SBI Life Insurance,Insurance
2026-05-20,,,,,563724,SBILIFE.NS,SBI Life Insurance,Insurance
