Date,Close,High,Low,Open,Volume,Ticker,Company,Sector
2021-05-21,271.1197509765625,272.8156873893783,260.3574746323156,262.7317744198358,11258915,SHRIRAMFIN.NS,Shriram Finance,Finance
2021-05-24,267.5262145996094,271.89898411431966,265.3077692816553,270.6155825283888,6487950,SHRIRAMFIN.NS,Shriram Finance,Finance
2021-05-25,262.9701232910156,270.72558984194495,261.66839736191025,268.5987940417633,5680010,SHRIRAMFIN.NS,Shriram Finance,Finance
2021-05-26,262.6859436035156,266.90285861087887,261.90675446255057,263.6485157984454,6131915,SHRIRAMFIN.NS,Shriram Finance,Finance
2021-05-27,264.2810363769531,265.7936177500623,259.4315830512856,263.17178579075863,8648350,SHRIRAMFIN.NS,Shriram Finance,Finance
2021-05-28,266.7745361328125,277.6559915296106,265.1152761661733,265.38110466394784,17020950,SHRIRAMFIN.NS,Shriram Finance,Finance
2021-05-31,262.14508056640625,268.7821482683101,260.16496323899213,268.7821482683101,7634365,SHRIRAMFIN.NS,Shriram Finance,Finance
2021-06-01,258.75323486328125,263.13515261285056,254.54549604322662,263.0984760024115,9322935,SHRIRAMFIN.NS,Shriram Finance,Finance
2021-06-02,262.19091796875,263.36431765227064,254.84798680662433,256.68142556062884,6900620,SHRIRAMFIN.NS,Shriram Finance,Finance
2021-06-03,259.9266357421875,265.1152710876205,258.5148799827447,263.0984771455593,5219995,SHRIRAMFIN.NS,Shriram Finance,Finance
2021-06-04,260.9350280761719,263.0984724700667,258.1023404609617,261.2833579544679,6313570,SHRIRAMFIN.NS,Shriram Finance,Finance
2021-06-07,272.7148742675781,277.66518193326687,258.83575562762815,260.8066969513811,23267725,SHRIRAMFIN.NS,Shriram Finance,Finance
2021-06-08,273.0174255371094,280.4428595537342,269.79973093549114,276.11594211999204,20367070,SHRIRAMFIN.NS,Shriram Finance,Finance
2021-06-09,263.47430419921875,272.99900342554565,261.09082836222996,272.2473148418625,16223270,SHRIRAMFIN.NS,Shriram Finance,Finance
2021-06-10,269.5155334472656,270.4139286301378,262.759315197223,264.01521643813777,9991650,SHRIRAMFIN.NS,Shriram Finance,Finance
2021-06-11,270.49639892578125,273.91574436861293,267.6820636654561,269.88218462091993,8790865,SHRIRAMFIN.NS,Shriram Finance,Finance
2021-06-14,270.79888916015625,272.0639663335572,261.6408718477471,269.51548767121847,8612805,SHRIRAMFIN.NS,Shriram Finance,Finance
2021-06-15,265.9678039550781,270.43222295618585,264.4735468571513,270.43222295618585,11778790,SHRIRAMFIN.NS,Shriram Finance,Finance
2021-06-16,263.9794921875,269.5302683378389,262.59870182082614,268.149477971165,9827690,SHRIRAMFIN.NS,Shriram Finance,Finance
2021-06-17,259.8462829589844,264.55937529893976,256.4587513511722,258.11568822022815,12356210,SHRIRAMFIN.NS,Shriram Finance,Finance
2021-06-18,254.06539916992188,262.1568376832284,247.43759491119832,262.1568376832284,14779290,SHRIRAMFIN.NS,Shriram Finance,Finance
2021-06-21,254.59933471679688,255.88809493703232,246.39746420889782,249.46280663089254,7416025,SHRIRAMFIN.NS,Shriram Finance,Finance
2021-06-22,252.53729248046875,258.10649589228547,250.56737994284234,255.9064235865263,7917570,SHRIRAMFIN.NS,Shriram Finance,Finance
2021-06-23,251.63516235351562,255.1700095623162,250.5949907918828,253.1264391879683,4924915,SHRIRAMFIN.NS,Shriram Finance,Finance
2021-06-24,251.1012725830078,253.32895956186042,249.16816089085805,252.4084328600982,4667625,SHRIRAMFIN.NS,Shriram Finance,Finance
2021-06-25,251.87448120117188,253.69713396359307,249.58237898031416,251.10124223621074,6516880,SHRIRAMFIN.NS,Shriram Finance,Finance
2021-06-28,252.6938018798828,255.72231459801858,250.8435341613208,254.42439662867264,4102820,SHRIRAMFIN.NS,Shriram Finance,Finance
2021-06-29,249.9874725341797,257.01109658924906,248.21086253301698,252.66620892235318,5875000,SHRIRAMFIN.NS,Shriram Finance,Finance
2021-06-30,247.18907165527344,252.73984738652385,246.13968566380186,251.30382776098392,6968565,SHRIRAMFIN.NS,Shriram Finance,Finance
2021-07-01,249.5731964111328,251.34980621424455,244.86010416408715,248.48698163855892,5444075,SHRIRAMFIN.NS,Shriram Finance,Finance
2021-07-02,250.7882843017578,252.7029673848391,247.80578692709963,250.29119204190008,4228550,SHRIRAMFIN.NS,Shriram Finance,Finance
2021-07-05,253.06202697753906,253.69719271947523,250.8435540095408,251.3038174113932,2911235,SHRIRAMFIN.NS,Shriram Finance,Finance
2021-07-06,260.26055908203125,264.1543695688005,253.23693491963047,253.23693491963047,12255020,SHRIRAMFIN.NS,Shriram Finance,Finance
2021-07-07,265.9125671386719,266.9527668975496,260.0028009272885,261.42039194577416,7910955,SHRIRAMFIN.NS,Shriram Finance,Finance
2021-07-08,263.5560302734375,266.41888327734057,261.8346496233755,266.09669327349627,6176635,SHRIRAMFIN.NS,Shriram Finance,Finance
2021-07-09,268.0021667480469,268.7938062547929,261.06138730974817,263.10495778236145,5637260,SHRIRAMFIN.NS,Shriram Finance,Finance
2021-07-12,267.3946533203125,270.2022490160124,266.4004685764529,269.5118538686517,4330990,SHRIRAMFIN.NS,Shriram Finance,Finance
2021-07-13,263.6020202636719,269.7143312199657,261.9910984901738,269.7143312199657,5529040,SHRIRAMFIN.NS,Shriram Finance,Finance
2021-07-14,261.59527587890625,264.53175835558125,260.50906109422135,264.19116796481103,6477460,SHRIRAMFIN.NS,Shriram Finance,Finance
2021-07-15,268.40716552734375,269.7143258150903,260.73919039974174,262.3501121409582,7322970,SHRIRAMFIN.NS,Shriram Finance,Finance
2021-07-16,266.83306884765625,270.726906884549,265.8480985408974,268.7937952046963,3058730,SHRIRAMFIN.NS,Shriram Finance,Finance
2021-07-19,255.8788299560547,265.1117124283953,254.41519574809266,262.3501320905996,8523350,SHRIRAMFIN.NS,Shriram Finance,Finance
2021-07-20,256.9926452636719,259.5701369582498,248.72633322260717,257.3792788501448,6350305,SHRIRAMFIN.NS,Shriram Finance,Finance
2021-07-22,256.8821716308594,258.2169465462617,252.2243089035959,257.5449519604272,8748020,SHRIRAMFIN.NS,Shriram Finance,Finance
2021-07-23,255.09632873535156,259.02699532470933,252.04017365919208,257.19512827478485,5276030,SHRIRAMFIN.NS,Shriram Finance,Finance
2021-07-26,252.2979278564453,258.66798453366215,244.07763174489833,254.94904906101547,4858020,SHRIRAMFIN.NS,Shriram Finance,Finance
2021-07-27,251.43272399902344,259.9567837546312,248.99330530766377,253.8997292806788,8150250,SHRIRAMFIN.NS,Shriram Finance,Finance
2021-07-28,252.76742553710938,253.69716650229086,248.56061173677315,253.2369031480023,6667670,SHRIRAMFIN.NS,Shriram Finance,Finance
2021-07-29,252.4084014892578,254.70971795764186,249.2785886184619,251.1196417931691,3888435,SHRIRAMFIN.NS,Shriram Finance,Finance
2021-07-30,255.9248504638672,259.6069576587032,250.40168967161318,253.69719134265057,7132000,SHRIRAMFIN.NS,Shriram Finance,Finance
2021-08-02,253.3013916015625,263.2706852597233,245.90956194680646,257.0111137701686,16937480,SHRIRAMFIN.NS,Shriram Finance,Finance
2021-08-03,246.39743041992188,255.53825515433581,245.41245996379277,253.6235436048279,10852865,SHRIRAMFIN.NS,Shriram Finance,Finance
2021-08-04,243.2952117919922,250.143933143931,242.1169386611343,248.54222556867424,12098915,SHRIRAMFIN.NS,Shriram Finance,Finance
2021-08-05,245.21913146972656,246.2869177657165,241.21483453690095,243.4240930919006,7443930,SHRIRAMFIN.NS,Shriram Finance,Finance
2021-08-06,242.27346801757812,247.4560387659429,241.62908797472352,245.41246800051178,6201995,SHRIRAMFIN.NS,Shriram Finance,Finance
2021-08-09,239.84324645996094,243.09270493968654,238.416441157117,243.01907515628912,5444400,SHRIRAMFIN.NS,Shriram Finance,Finance
2021-08-10,234.82638549804688,241.57383438605626,233.8782440451943,241.57383438605626,6656495,SHRIRAMFIN.NS,Shriram Finance,Finance
2021-08-11,238.41641235351562,238.95951972873414,228.9902140054057,235.1025106560216,7777460,SHRIRAMFIN.NS,Shriram Finance,Finance
2021-08-12,241.06756591796875,242.92701996420197,236.9896388846968,239.61311782397294,4144010,SHRIRAMFIN.NS,Shriram Finance,Finance
2021-08-13,238.42564392089844,242.0617077496123,237.18292718257965,241.36212651819173,4393670,SHRIRAMFIN.NS,Shriram Finance,Finance
2021-08-16,238.72021484375,240.25750703864858,235.9954632427815,237.68004310425272,4215450,SHRIRAMFIN.NS,Shriram Finance,Finance
2021-08-17,235.7193145751953,238.78465659069036,232.89329043528335,238.72021296977388,5186305,SHRIRAMFIN.NS,Shriram Finance,Finance
2021-08-18,238.2046661376953,240.22983596234235,235.0012373954417,237.1276657113211,4998005,SHRIRAMFIN.NS,Shriram Finance,Finance
2021-08-20,230.96014404296875,236.75947912417072,230.1316756291529,235.65483584425257,4362450,SHRIRAMFIN.NS,Shriram Finance,Finance
2021-08-23,229.34002685546875,234.80795782910215,223.87209588183538,234.80795782910215,5190075,SHRIRAMFIN.NS,Shriram Finance,Finance
2021-08-24,235.57200622558594,236.02305534789795,226.68891457511435,228.2906361920989,4803725,SHRIRAMFIN.NS,Shriram Finance,Finance
2021-08-25,233.32589721679688,238.4624236978849,231.8622631759909,235.83894515039466,5152555,SHRIRAMFIN.NS,Shriram Finance,Finance
2021-08-26,232.9761199951172,238.81225642467814,231.4112272742044,234.9184320678976,6567660,SHRIRAMFIN.NS,Shriram Finance,Finance
2021-08-27,235.91259765625,237.68002140148644,231.54009553277288,233.80459754964704,3930010,SHRIRAMFIN.NS,Shriram Finance,Finance
2021-08-30,245.77145385742188,246.56312155370367,236.2440234660739,238.23233673414222,7071320,SHRIRAMFIN.NS,Shriram Finance,Finance
2021-08-31,249.03933715820312,249.8309767499618,243.11114210886086,245.7806643049592,7881915,SHRIRAMFIN.NS,Shriram Finance,Finance
2021-09-01,244.84170532226562,249.508754408695,243.51614460770404,248.98407553220906,6179385,SHRIRAMFIN.NS,Shriram Finance,Finance
2021-09-02,247.2626953125,248.3581244742471,244.23418230508068,245.2283389087907,3818570,SHRIRAMFIN.NS,Shriram Finance,Finance
2021-09-03,248.55142211914062,255.64867507783467,245.43082313614275,248.35809128660858,8012625,SHRIRAMFIN.NS,Shriram Finance,Finance
2021-09-06,247.88865661621094,253.51306157994316,246.71038349874632,249.64686608150328,3295350,SHRIRAMFIN.NS,Shriram Finance,Finance
2021-09-07,247.58486938476562,252.031029365087,244.12370787155746,248.08196170075593,6181705,SHRIRAMFIN.NS,Shriram Finance,Finance
2021-09-08,251.31307983398438,254.3231929457881,246.39746913117685,247.41924059483586,8546425,SHRIRAMFIN.NS,Shriram Finance,Finance
2021-09-09,248.2384490966797,250.93558560235007,245.8634744642207,250.93558560235007,3792220,SHRIRAMFIN.NS,Shriram Finance,Finance
2021-09-13,247.01412963867188,248.23844587306067,241.31606715677523,247.80579720329283,3625345,SHRIRAMFIN.NS,Shriram Finance,Finance
2021-09-14,249.05772399902344,252.40845497124198,247.47441680960387,248.17402615374797,3353550,SHRIRAMFIN.NS,Shriram Finance,Finance
2021-09-15,251.63516235351562,253.94569333364302,247.06935783949552,249.278616275812,5161840,SHRIRAMFIN.NS,Shriram Finance,Finance
2021-09-16,258.9258117675781,259.9383970012888,250.95404524364102,251.63522617711354,10142820,SHRIRAMFIN.NS,Shriram Finance,Finance
2021-09-17,250.53057861328125,262.5158275008565,249.5732228702768,261.4296126131248,9870725,SHRIRAMFIN.NS,Shriram Finance,Finance
2021-09-20,243.0374755859375,252.50970422233075,241.31609496495827,248.54223596231225,4788450,SHRIRAMFIN.NS,Shriram Finance,Finance
2021-09-21,243.70947265625,245.94634605973707,236.71346329016095,244.86013116737487,4585140,SHRIRAMFIN.NS,Shriram Finance,Finance
2021-09-22,247.89788818359375,249.26027813765984,244.30783881600658,244.30783881600658,3449740,SHRIRAMFIN.NS,Shriram Finance,Finance
2021-09-23,254.63609313964844,254.98589778299092,247.90704516033617,248.5422108354063,5925930,SHRIRAMFIN.NS,Shriram Finance,Finance
2021-09-24,249.59164428710938,258.99940099784965,248.7355330327204,256.82697128416936,5655830,SHRIRAMFIN.NS,Shriram Finance,Finance
2021-09-27,243.7830810546875,250.83431916336613,241.91441292023814,250.29121176482872,5489955,SHRIRAMFIN.NS,Shriram Finance,Finance
2021-09-28,241.7671356201172,247.74134465779062,237.97454218102501,245.78061837598713,4231635,SHRIRAMFIN.NS,Shriram Finance,Finance
2021-09-29,239.4014129638672,241.39894039943653,236.7595055277762,239.33696934536528,4532205,SHRIRAMFIN.NS,Shriram Finance,Finance
2021-09-30,239.12521362304688,244.307783501165,238.04821310274542,239.70514994578417,7981880,SHRIRAMFIN.NS,Shriram Finance,Finance
2021-10-01,238.33360290527344,239.25412972746727,234.42136391094968,238.20471566588668,4632325,SHRIRAMFIN.NS,Shriram Finance,Finance
2021-10-04,248.68031311035156,249.27864992082542,238.60974752077996,239.59471795360938,6773440,SHRIRAMFIN.NS,Shriram Finance,Finance
2021-10-05,245.82666015625,249.92301547740098,243.8107043033619,246.7011718156297,4110305,SHRIRAMFIN.NS,Shriram Finance,Finance
2021-10-06,239.92608642578125,247.52961767026483,239.05157484628654,247.2994860011604,3570155,SHRIRAMFIN.NS,Shriram Finance,Finance
2021-10-07,247.290283203125,247.87940562843767,242.24578724246638,243.60817674513143,3739840,SHRIRAMFIN.NS,Shriram Finance,Finance
2021-10-08,245.03501892089844,249.1681750572823,243.65422878975048,247.29032070533898,2327330,SHRIRAMFIN.NS,Shriram Finance,Finance
2021-10-11,245.7622528076172,247.05098469674175,244.10528772824418,245.9463413104931,2474965,SHRIRAMFIN.NS,Shriram Finance,Finance
2021-10-12,243.87515258789062,247.06019546663956,243.01906942636904,246.1488548535621,2928570,SHRIRAMFIN.NS,Shriram Finance,Finance
2021-10-13,251.56155395507812,253.10803218268524,244.13289619754914,246.33296865664596,7442435,SHRIRAMFIN.NS,Shriram Finance,Finance
2021-10-14,254.71893310546875,257.5817857258707,249.7941096842788,253.78000599273392,8878410,SHRIRAMFIN.NS,Shriram Finance,Finance
2021-10-18,256.8638000488281,260.8220539580976,254.1114058793451,258.4286787163833,5899405,SHRIRAMFIN.NS,Shriram Finance,Finance
2021-10-19,262.80120849609375,268.42564230907,254.74659834162557,257.78435388380404,14910045,SHRIRAMFIN.NS,Shriram Finance,Finance
2021-10-20,264.8724060058594,271.4909967839158,258.9994397829051,264.70671790300383,10061990,SHRIRAMFIN.NS,Shriram Finance,Finance
2021-10-21,274.4734802246094,276.15803185835637,265.32344185498937,267.23812518195166,11697925,SHRIRAMFIN.NS,Shriram Finance,Finance
2021-10-22,279.5824279785156,286.98347203528766,273.4609297823189,275.9739502113963,19446090,SHRIRAMFIN.NS,Shriram Finance,Finance
2021-10-25,279.2694091796875,283.5682533592911,272.2089566650564,283.5682533592911,8858895,SHRIRAMFIN.NS,Shriram Finance,Finance
2021-10-26,280.92633056640625,292.3592845004005,275.532057607837,276.17640944020184,9988515,SHRIRAMFIN.NS,Shriram Finance,Finance
2021-10-27,281.3774108886719,286.83612751903115,279.28779728474916,283.33810917709127,4678970,SHRIRAMFIN.NS,Shriram Finance,Finance
2021-10-28,274.07763671875,281.3037776190224,270.55203148323966,281.3037776190224,5604320,SHRIRAMFIN.NS,Shriram Finance,Finance
2021-10-29,264.412109375,276.158040347291,262.35013832992644,276.158040347291,6972315,SHRIRAMFIN.NS,Shriram Finance,Finance
2021-11-01,263.39959716796875,267.873344698235,255.78682124853347,267.873344698235,8517215,SHRIRAMFIN.NS,Shriram Finance,Finance
2021-11-02,290.1868591308594,299.11598031817016,263.6849128137378,265.1117181153062,16632400,SHRIRAMFIN.NS,Shriram Finance,Finance
2021-11-03,295.0564270019531,302.6231577272178,286.9742035633769,290.7023255243347,15816895,SHRIRAMFIN.NS,Shriram Finance,Finance
2021-11-04,297.72601318359375,299.3461495424657,296.04146129082505,296.4096664381363,1071505,SHRIRAMFIN.NS,Shriram Finance,Finance
2021-11-08,306.4801940917969,307.45595024940013,298.443985039434,299.2080380127308,8351745,SHRIRAMFIN.NS,Shriram Finance,Finance
2021-11-09,298.9601135253906,313.82441642757993,292.4853112296559,310.180025448606,12628955,SHRIRAMFIN.NS,Shriram Finance,Finance
2021-11-10,301.7628173828125,303.9457657001797,295.8984990454311,298.96015371288587,6427920,SHRIRAMFIN.NS,Shriram Finance,Finance
2021-11-11,302.7063293457031,303.9457883711736,296.2130081917934,301.76283989098255,5065025,SHRIRAMFIN.NS,Shriram Finance,Finance
2021-11-12,300.1348876953125,305.0557166750367,298.94166605870316,304.6672442905883,5511415,SHRIRAMFIN.NS,Shriram Finance,Finance
2021-11-15,299.06195068359375,300.8009025418522,291.85641097522046,299.6909248623113,3522305,SHRIRAMFIN.NS,Shriram Finance,Finance
2021-11-16,303.196533203125,307.6456455813666,297.4894444196381,299.28389208218596,5549900,SHRIRAMFIN.NS,Shriram Finance,Finance
2021-11-17,301.6981201171875,305.22226106748207,297.942707946303,301.1708793191675,3780655,SHRIRAMFIN.NS,Shriram Finance,Finance
2021-11-18,296.24993896484375,304.2047013383113,293.25303964912433,301.92927882926125,4825755,SHRIRAMFIN.NS,Shriram Finance,Finance
2021-11-22,288.896484375,297.8039690058903,286.39907698059534,297.7299836682083,5279665,SHRIRAMFIN.NS,Shriram Finance,Finance
2021-11-23,293.76177978515625,296.5737018576897,285.58503276082564,286.001281346697,3311240,SHRIRAMFIN.NS,Shriram Finance,Finance
2021-11-24,293.5675964355469,296.1667653074823,290.4411867874216,293.9190902863401,2310765,SHRIRAMFIN.NS,Shriram Finance,Finance
2021-11-25,290.616943359375,294.14108428073257,283.0506794755299,294.14108428073257,4290100,SHRIRAMFIN.NS,Shriram Finance,Finance
2021-11-26,267.63134765625,288.0362241013489,265.3651835946601,285.26130859318965,6705735,SHRIRAMFIN.NS,Shriram Finance,Finance
2021-11-29,259.5933837890625,267.31690556426855,256.8739638756088,265.1987117997556,4893890,SHRIRAMFIN.NS,Shriram Finance,Finance
2021-11-30,260.2315673828125,267.5851046127751,258.14112204526896,259.54709727175117,8840830,SHRIRAMFIN.NS,Shriram Finance,Finance
2021-12-01,267.08563232421875,268.04761099034187,258.9458910112128,264.5419596354167,5539860,SHRIRAMFIN.NS,Shriram Finance,Finance
2021-12-02,268.047607421875,270.08252860908505,263.8389684560538,266.39189986266615,3870920,SHRIRAMFIN.NS,Shriram Finance,Finance
2021-12-03,267.7146301269531,273.58820777379674,266.179173271558,267.6313860371184,3863635,SHRIRAMFIN.NS,Shriram Finance,Finance
2021-12-06,268.2696228027344,272.8667346822602,266.7434246780586,268.2418747723913,2886375,SHRIRAMFIN.NS,Shriram Finance,Finance
2021-12-07,270.7485046386719,273.1071998132018,266.72487141098037,270.6467712836891,3802710,SHRIRAMFIN.NS,Shriram Finance,Finance
2021-12-08,276.0763244628906,276.9087934077234,270.85023962421445,271.9416995347263,4314475,SHRIRAMFIN.NS,Shriram Finance,Finance
2021-12-09,276.3908386230469,279.24899827683913,275.04961813782387,277.4915573922683,2145005,SHRIRAMFIN.NS,Shriram Finance,Finance
2021-12-10,278.2962951660156,280.6457317306902,272.96844791003,277.4915741175392,2745385,SHRIRAMFIN.NS,Shriram Finance,Finance
2021-12-13,272.98699951171875,283.3651868091227,260.6756240605119,281.19149689478246,9169260,SHRIRAMFIN.NS,Shriram Finance,Finance
2021-12-14,256.05072021484375,270.7670260761199,253.45155151445,270.2767921133955,9079580,SHRIRAMFIN.NS,Shriram Finance,Finance
2021-12-15,251.19464111328125,257.2624548923915,249.7424283662325,256.40223774716026,4271675,SHRIRAMFIN.NS,Shriram Finance,Finance
2021-12-16,246.37545776367188,255.80092200072968,245.3025153917152,253.70124632450623,6199315,SHRIRAMFIN.NS,Shriram Finance,Finance
2021-12-17,235.62733459472656,246.7455002046162,234.15661862384857,245.1175407126155,5310545,SHRIRAMFIN.NS,Shriram Finance,Finance
2021-12-20,222.104248046875,233.7218928492606,214.37148240056817,231.2429749326788,8903280,SHRIRAMFIN.NS,Shriram Finance,Finance
2021-12-21,217.13714599609375,226.61810764235557,215.71269552962295,226.61810764235557,6125145,SHRIRAMFIN.NS,Shriram Finance,Finance
2021-12-22,216.8966522216797,220.5132813957981,214.07548528195926,218.67259646390937,4092265,SHRIRAMFIN.NS,Shriram Finance,Finance
2021-12-23,223.89869689941406,225.67464126201804,218.043623051448,218.6633525336626,6141175,SHRIRAMFIN.NS,Shriram Finance,Finance
2021-12-24,217.84010314941406,225.69311879846444,215.66642789165104,225.69311879846444,5577935,SHRIRAMFIN.NS,Shriram Finance,Finance
2021-12-27,225.45263671875,227.17308487027023,216.65614566861194,217.84010847030868,8997655,SHRIRAMFIN.NS,Shriram Finance,Finance
2021-12-28,224.1761932373047,230.6602412617285,222.89972748182234,226.61811852130273,4005800,SHRIRAMFIN.NS,Shriram Finance,Finance
2021-12-29,224.1484375,226.60886608953047,222.40948584815882,224.999409936404,5363660,SHRIRAMFIN.NS,Shriram Finance,Finance
2021-12-30,221.6602783203125,224.76818464790333,219.23685631917422,224.21319583035242,4008980,SHRIRAMFIN.NS,Shriram Finance,Finance
2021-12-31,225.13816833496094,227.82059547442321,222.34476319124943,222.86274522812437,5290815,SHRIRAMFIN.NS,Shriram Finance,Finance
2022-01-03,231.38168334960938,232.7598963722774,225.23987134199842,226.02610299455753,2860025,SHRIRAMFIN.NS,Shriram Finance,Finance
2022-01-04,231.78871154785156,236.08983947210132,227.77433677637967,232.53793654967563,6387390,SHRIRAMFIN.NS,Shriram Finance,Finance
2022-01-05,231.2059783935547,236.19157628502407,230.31799917455058,231.78870108313623,4206620,SHRIRAMFIN.NS,Shriram Finance,Finance
2022-01-06,225.00865173339844,231.0579756594352,223.65820070870197,231.0579756594352,4892065,SHRIRAMFIN.NS,Shriram Finance,Finance
2022-01-07,224.8606719970703,227.7928311932943,222.71473043859987,224.99016749705038,4311580,SHRIRAMFIN.NS,Shriram Finance,Finance
2022-01-10,226.2296142578125,229.94800500548206,223.5101947907385,225.7116322857889,4850740,SHRIRAMFIN.NS,Shriram Finance,Finance
2022-01-11,226.35911560058594,227.8760688924075,223.47320790247431,226.15562066146774,3000215,SHRIRAMFIN.NS,Shriram Finance,Finance
2022-01-12,230.3642578125,231.05798674742184,226.4331271812763,226.82161369115835,6283615,SHRIRAMFIN.NS,Shriram Finance,Finance
2022-01-13,230.77125549316406,232.5379411803937,228.28307870445497,231.94595970052603,3167295,SHRIRAMFIN.NS,Shriram Finance,Finance
2022-01-14,229.4485321044922,233.98090297864127,227.37660403763675,229.48553888508684,4270915,SHRIRAMFIN.NS,Shriram Finance,Finance
2022-01-17,229.21725463867188,232.14941348881453,228.8195235478025,229.76298460175047,2446195,SHRIRAMFIN.NS,Shriram Finance,Finance
2022-01-18,222.7147216796875,234.3878619503614,219.44957216707633,228.4680477355863,7134135,SHRIRAMFIN.NS,Shriram Finance,Finance
2022-01-19,221.12379455566406,223.1957368276143,216.61918562578188,222.91824241675326,5312500,SHRIRAMFIN.NS,Shriram Finance,Finance
2022-01-20,225.86888122558594,228.3293097656969,221.44751685462435,221.62326376662523,6465015,SHRIRAMFIN.NS,Shriram Finance,Finance
2022-01-21,221.7157440185547,226.3960992030311,219.21832290946472,224.58316232666357,5834040,SHRIRAMFIN.NS,Shriram Finance,Finance
2022-01-24,213.59449768066406,222.54823251837482,211.06006973334328,221.0867753032585,9353860,SHRIRAMFIN.NS,Shriram Finance,Finance
2022-01-25,215.8329315185547,222.51122951070587,204.08579165982871,210.89358514847794,10473610,SHRIRAMFIN.NS,Shriram Finance,Finance
2022-01-27,229.59649658203125,230.80820735676735,216.46190011616025,218.28409565363268,14742195,SHRIRAMFIN.NS,Shriram Finance,Finance
2022-01-28,229.92027282714844,240.46494688144307,228.66231047383334,231.24297587445375,9290465,SHRIRAMFIN.NS,Shriram Finance,Finance
2022-01-31,227.24708557128906,235.3128415247986,226.61811146518414,232.9079230959876,4867125,SHRIRAMFIN.NS,Shriram Finance,Finance
2022-02-01,236.83905029296875,238.64275683931078,228.38482157027173,230.98399042335134,5528990,SHRIRAMFIN.NS,Shriram Finance,Finance
2022-02-02,237.49578857421875,241.29740944574323,235.12784870936432,238.82775033758978,4547020,SHRIRAMFIN.NS,Shriram Finance,Finance
2022-02-03,233.6848907470703,238.08775173097587,232.16793745732548,238.08775173097587,2367305,SHRIRAMFIN.NS,Shriram Finance,Finance
2022-02-04,228.13507080078125,234.49888204362227,227.36734242354711,233.09292079170248,2633985,SHRIRAMFIN.NS,Shriram Finance,Finance
2022-02-07,225.47116088867188,231.42798259572615,224.02820688290387,228.46807513338766,2030295,SHRIRAMFIN.NS,Shriram Finance,Finance
2022-02-08,229.4392547607422,230.38272993609777,223.22344321831022,226.7290800835397,3807905,SHRIRAMFIN.NS,Shriram Finance,Finance
2022-02-09,230.3457794189453,231.982983834933,228.09810420058244,229.39305937404836,2220130,SHRIRAMFIN.NS,Shriram Finance,Finance
2022-02-10,234.12887573242188,235.86782736830733,227.93156701259375,230.31799613611187,3166790,SHRIRAMFIN.NS,Shriram Finance,Finance
2022-02-11,228.56983947753906,233.8329325998194,227.21012946087444,231.7979969514492,2919870,SHRIRAMFIN.NS,Shriram Finance,Finance
2022-02-14,214.75071716308594,223.10321201224676,213.40951077563227,223.10321201224676,6578230,SHRIRAMFIN.NS,Shriram Finance,Finance
2022-02-15,223.4732208251953,225.85963595112426,211.47633393084905,216.62842017003166,4886570,SHRIRAMFIN.NS,Shriram Finance,Finance
2022-02-16,225.80413818359375,235.75684496948267,224.97166911006047,226.44237105981318,9347585,SHRIRAMFIN.NS,Shriram Finance,Finance
2022-02-17,236.32107543945312,237.22754394811773,227.4320949299089,227.91307015510583,11096160,SHRIRAMFIN.NS,Shriram Finance,Finance
2022-02-18,232.74142456054688,239.0035023786154,231.31697404713955,234.75787063832735,6084335,SHRIRAMFIN.NS,Shriram Finance,Finance
2022-02-21,225.73011779785156,231.7146866303428,223.86168487476138,230.132992714561,4546015,SHRIRAMFIN.NS,Shriram Finance,Finance
2022-02-22,222.7702178955078,224.95315203516773,217.61813200878,221.99324492561627,4408165,SHRIRAMFIN.NS,Shriram Finance,Finance
2022-02-23,217.38690185546875,226.02613609223448,216.7301655903922,225.32316252290073,4670295,SHRIRAMFIN.NS,Shriram Finance,Finance
2022-02-24,197.68496704101562,213.56673057618002,196.09401447371673,210.89356273588402,7525505,SHRIRAMFIN.NS,Shriram Finance,Finance
2022-02-25,208.58114624023438,214.48247099178792,203.91003570785156,206.37970878340784,9287685,SHRIRAMFIN.NS,Shriram Finance,Finance
2022-02-28,207.97068786621094,208.67367557443228,199.97893085902575,205.15877937518079,6854355,SHRIRAMFIN.NS,Shriram Finance,Finance
2022-03-02,202.6705780029297,212.24404207800697,197.2039911065644,204.0487911090677,8430100,SHRIRAMFIN.NS,Shriram Finance,Finance
2022-03-03,204.50204467773438,210.15362384683203,202.38386512610631,206.63872762023635,5518095,SHRIRAMFIN.NS,Shriram Finance,Finance
2022-03-04,201.48663330078125,206.54623078894284,199.97892456763603,203.30882909668338,5340955,SHRIRAMFIN.NS,Shriram Finance,Finance
2022-03-07,188.9347686767578,196.06630874410072,188.0097967108429,195.1690848080471,4901560,SHRIRAMFIN.NS,Shriram Finance,Finance
2022-03-08,192.69017028808594,194.2071237757646,185.36437976188407,187.95430413727385,12217785,SHRIRAMFIN.NS,Shriram Finance,Finance
2022-03-09,196.436279296875,198.3787259464015,192.6161549199347,196.3160425464985,6415045,SHRIRAMFIN.NS,Shriram Finance,Finance
2022-03-10,199.701416015625,203.49380623189035,195.18756300214926,203.123823138867,8349665,SHRIRAMFIN.NS,Shriram Finance,Finance
2022-03-11,204.08831787109375,204.76178519935917,197.64362118548905,197.98035484962176,5890485,SHRIRAMFIN.NS,Shriram Finance,Finance
2022-03-14,208.1571807861328,208.7745282551631,201.59089532589766,204.83662954544215,6630425,SHRIRAMFIN.NS,Shriram Finance,Finance
2022-03-15,203.9386444091797,212.70305349517056,202.0398451543984,208.5874327288465,7772955,SHRIRAMFIN.NS,Shriram Finance,Finance
2022-03-16,207.55853271484375,211.393554230728,204.88337477624077,207.40888440858896,7527250,SHRIRAMFIN.NS,Shriram Finance,Finance
2022-03-17,211.30938720703125,214.087436553131,209.644430165797,210.45819729476824,5977670,SHRIRAMFIN.NS,Shriram Finance,Finance
2022-03-21,203.23715209960938,213.52622005641902,202.9378411808052,211.49646927219806,6308350,SHRIRAMFIN.NS,Shriram Finance,Finance
2022-03-22,205.43524169921875,206.7166935581136,199.42080740154088,202.4139874401684,8069535,SHRIRAMFIN.NS,Shriram Finance,Finance
2022-03-23,205.07046508789062,207.65208040888876,203.55515641737026,206.34256849373233,4335075,SHRIRAMFIN.NS,Shriram Finance,Finance
2022-03-24,204.35958862304688,206.0806798914119,203.27457050905136,204.64955097560647,3329035,SHRIRAMFIN.NS,Shriram Finance,Finance
2022-03-25,206.34255981445312,208.101045130467,203.1716571287059,205.75327234111492,3234280,SHRIRAMFIN.NS,Shriram Finance,Finance
2022-03-28,208.69033813476562,209.62570785178352,202.74138616362748,207.3714634083442,7168470,SHRIRAMFIN.NS,Shriram Finance,Finance
2022-03-29,210.1588592529297,210.832326584852,205.59426478086726,208.69033623235538,6632010,SHRIRAMFIN.NS,Shriram Finance,Finance
2022-03-30,210.35528564453125,213.0397920446063,209.3357361241846,210.83231904065278,2494090,SHRIRAMFIN.NS,Shriram Finance,Finance
2022-03-31,212.3008575439453,214.08741705928674,209.33573736920727,210.8323202945764,4371685,SHRIRAMFIN.NS,Shriram Finance,Finance
2022-04-01,220.99981689453125,224.30167100108514,211.0007118899514,212.32893523465322,4473460,SHRIRAMFIN.NS,Shriram Finance,Finance
2022-04-04,220.5601806640625,222.61799117332774,218.87651233007855,221.49555037487482,2766255,SHRIRAMFIN.NS,Shriram Finance,Finance
2022-04-05,218.97006225585938,222.14096510953297,218.04404107337413,221.49555770409867,7478890,SHRIRAMFIN.NS,Shriram Finance,Finance
2022-04-06,218.3246612548828,220.74726553168978,216.07976524523184,216.81871535556309,5148520,SHRIRAMFIN.NS,Shriram Finance,Finance
2022-04-07,219.64352416992188,221.6732747465469,216.63163253425654,217.1928458018444,10215730,SHRIRAMFIN.NS,Shriram Finance,Finance
2022-04-08,225.8356475830078,227.01420818823055,218.277859198579,222.49637112596469,12013760,SHRIRAMFIN.NS,Shriram Finance,Finance
2022-04-11,228.90367126464844,231.59754053421153,224.123931586488,227.29483425894924,5541150,SHRIRAMFIN.NS,Shriram Finance,Finance
2022-04-12,220.91561889648438,229.1562383155469,218.8952311001998,229.1562383155469,5301495,SHRIRAMFIN.NS,Shriram Finance,Finance
2022-04-13,221.4862060546875,223.9555817267133,220.4573078503661,222.99215198586373,2337810,SHRIRAMFIN.NS,Shriram Finance,Finance
2022-04-18,217.80084228515625,219.77447294055963,209.7285971353495,217.37991449833697,7199895,SHRIRAMFIN.NS,Shriram Finance,Finance
2022-04-19,209.26092529296875,222.43093331735875,206.15549081748765,220.6069651272948,7289265,SHRIRAMFIN.NS,Shriram Finance,Finance
2022-04-20,208.4471435546875,212.0950796791553,204.29409979907248,208.1197584503288,3195385,SHRIRAMFIN.NS,Shriram Finance,Finance
2022-04-21,215.29405212402344,215.87397679769194,209.16737745027822,210.2711211692388,3891400,SHRIRAMFIN.NS,Shriram Finance,Finance
2022-04-22,207.2779083251953,213.2642680346694,205.86549109979524,213.2642680346694,4432385,SHRIRAMFIN.NS,Shriram Finance,Finance
2022-04-25,205.14529418945312,206.52963738107223,201.35704396250134,204.84596902769263,5391300,SHRIRAMFIN.NS,Shriram Finance,Finance
2022-04-26,216.4913330078125,217.19286034372413,206.3425794451901,207.26858639412296,7799210,SHRIRAMFIN.NS,Shriram Finance,Finance
2022-04-27,213.4981231689453,218.25915127442812,212.14184002743204,213.6384229077677,5002305,SHRIRAMFIN.NS,Shriram Finance,Finance
2022-04-28,213.6010284423828,217.56700116755604,212.44116485897888,214.76089202578675,12255960,SHRIRAMFIN.NS,Shriram Finance,Finance
2022-04-29,224.8722381591797,231.78461982978956,219.65287340077654,223.44112362717019,30651345,SHRIRAMFIN.NS,Shriram Finance,Finance
2022-05-02,230.147705078125,231.41044554118827,221.67325833859317,222.56185665095802,9994595,SHRIRAMFIN.NS,Shriram Finance,Finance
2022-05-04,214.92926025390625,235.2361438290977,211.59934622379438,230.47510094908208,9729470,SHRIRAMFIN.NS,Shriram Finance,Finance
2022-05-05,217.29574584960938,223.54402324480694,214.78896175303387,218.85781163025632,5106630,SHRIRAMFIN.NS,Shriram Finance,Finance
2022-05-06,221.45811462402344,223.1792056383048,211.95476976591948,211.95476976591948,9524820,SHRIRAMFIN.NS,Shriram Finance,Finance
2022-05-09,216.44454956054688,220.37311384005307,212.44116826262422,220.37311384005307,7602625,SHRIRAMFIN.NS,Shriram Finance,Finance
2022-05-10,217.07122802734375,220.36371871431575,214.19963652956747,216.44451784092178,4513380,SHRIRAMFIN.NS,Shriram Finance,Finance
2022-05-11,209.5228271484375,217.81955238837483,205.2575433079619,216.07041549682617,8918120,SHRIRAMFIN.NS,Shriram Finance,Finance
2022-05-12,199.1869659423828,209.5228035243325,195.88511218936605,209.5228035243325,9397425,SHRIRAMFIN.NS,Shriram Finance,Finance
2022-05-13,198.5977020263672,204.8272533959747,195.97866400562722,202.41399785153203,8482405,SHRIRAMFIN.NS,Shriram Finance,Finance
2022-05-16,204.01348876953125,205.31365210030995,196.76437349036314,198.2983792495021,6833390,SHRIRAMFIN.NS,Shriram Finance,Finance
2022-05-17,207.41822814941406,209.67247252113145,202.4139946135414,205.2201036753148,4101275,SHRIRAMFIN.NS,Shriram Finance,Finance
2022-05-18,205.35105895996094,210.79491749932686,203.38679114107302,209.52281412835745,4296340,SHRIRAMFIN.NS,Shriram Finance,Finance
2022-05-19,201.75924682617188,203.27455548603265,199.0466803327399,199.98205005773153,8110880,SHRIRAMFIN.NS,Shriram Finance,Finance
2022-05-20,205.0330352783203,207.46500220609286,202.7133224198632,205.22010636370075,3296315,SHRIRAMFIN.NS,Shriram Finance,Finance
2022-05-23,212.63758850097656,214.74217025557823,205.78132711660572,205.78132711660572,6070490,SHRIRAMFIN.NS,Shriram Finance,Finance
2022-05-24,210.97264099121094,214.180952246361,206.35191233918187,212.11379317946952,8069565,SHRIRAMFIN.NS,Shriram Finance,Finance
2022-05-25,208.99900817871094,214.45221524574015,206.29579031497147,212.51599311471043,5017540,SHRIRAMFIN.NS,Shriram Finance,Finance
2022-05-26,214.50831604003906,215.32208303982495,206.2677119955538,209.70986533623642,3514895,SHRIRAMFIN.NS,Shriram Finance,Finance
2022-05-27,213.72262573242188,217.28638196980853,211.61804392867933,217.28638196980853,2271910,SHRIRAMFIN.NS,Shriram Finance,Finance
2022-05-30,219.23194885253906,221.682612832226,213.6197308061536,216.44453694655613,4176795,SHRIRAMFIN.NS,Shriram Finance,Finance
2022-05-31,220.036376953125,223.6843131335493,214.19966479183697,219.2319584271072,13941420,SHRIRAMFIN.NS,Shriram Finance,Finance
2022-06-01,221.67327880859375,224.4887365749991,218.1282195175189,219.84929640583428,5176220,SHRIRAMFIN.NS,Shriram Finance,Finance
2022-06-02,223.16050720214844,223.74043185531528,219.8586532665085,221.77616402719738,2790370,SHRIRAMFIN.NS,Shriram Finance,Finance
2022-06-03,220.4666290283203,224.10521648467204,218.56782973431157,223.64689447946145,5396720,SHRIRAMFIN.NS,Shriram Finance,Finance
2022-06-06,221.83226013183594,223.49721689581838,215.97683723879848,219.99892941629844,2524525,SHRIRAMFIN.NS,Shriram Finance,Finance
2022-06-07,220.61630249023438,221.36460111994262,213.74132934666562,219.16647657128888,4116090,SHRIRAMFIN.NS,Shriram Finance,Finance
2022-06-08,219.858642578125,223.95555200480567,217.4173271819554,220.7472409052133,3753885,SHRIRAMFIN.NS,Shriram Finance,Finance
2022-06-09,218.46495056152344,219.37226033605947,216.07040635052044,218.5023733431631,4476645,SHRIRAMFIN.NS,Shriram Finance,Finance
2022-06-10,217.9972381591797,218.42751445802207,215.63075419706536,216.63160652665118,2121945,SHRIRAMFIN.NS,Shriram Finance,Finance
2022-06-13,212.1231689453125,216.9870892077011,208.68101482112118,214.1996911101102,4399480,SHRIRAMFIN.NS,Shriram Finance,Finance
2022-06-14,213.16140747070312,214.87313579149972,209.70989087898286,210.25240703578802,3860780,SHRIRAMFIN.NS,Shriram Finance,Finance
2022-06-15,215.135009765625,215.696237239274,211.69285646022664,214.21835154643202,3345520,SHRIRAMFIN.NS,Shriram Finance,Finance
2022-06-16,213.77874755859375,219.81187926255484,210.2056284576012,216.6316279950338,6698850,SHRIRAMFIN.NS,Shriram Finance,Finance
2022-06-17,214.95730590820312,215.97685544361025,208.12910432516526,212.60953312735936,6730740,SHRIRAMFIN.NS,Shriram Finance,Finance
2022-06-20,213.0585174560547,217.35186112152397,208.85870220067756,215.13503941306783,4386785,SHRIRAMFIN.NS,Shriram Finance,Finance
2022-06-21,219.61544799804688,221.36459906165547,211.16906065597516,214.57380583051096,4280930,SHRIRAMFIN.NS,Shriram Finance,Finance
2022-06-22,219.17584228515625,224.30166441625812,217.9504959481832,218.4088322546514,4890975,SHRIRAMFIN.NS,Shriram Finance,Finance
2022-06-23,224.07716369628906,227.70640271001767,217.02448241784455,217.2396134531361,3954310,SHRIRAMFIN.NS,Shriram Finance,Finance
2022-06-24,232.96319580078125,234.9181152212409,225.04997543162648,226.4436672734097,4996020,SHRIRAMFIN.NS,Shriram Finance,Finance
2022-06-27,234.30078125,237.39685293712077,232.9819064352258,237.39685293712077,4127285,SHRIRAMFIN.NS,Shriram Finance,Finance
2022-06-28,234.0388641357422,236.3585770471386,231.840739582683,232.532918314257,3527135,SHRIRAMFIN.NS,Shriram Finance,Finance
2022-06-29,228.99720764160156,235.6757464614576,227.8560555114557,231.97167631772686,2727410,SHRIRAMFIN.NS,Shriram Finance,Finance
2022-06-30,239.7071990966797,242.67233380787107,229.9419507514398,231.03633166239058,9956150,SHRIRAMFIN.NS,Shriram Finance,Finance
2022-07-01,236.7794952392578,238.48187501566343,231.6910815737675,236.87303792223312,5358285,SHRIRAMFIN.NS,Shriram Finance,Finance
2022-07-04,236.62046813964844,241.1570167784445,233.8424190594139,234.02949014013973,2008615,SHRIRAMFIN.NS,Shriram Finance,Finance
2022-07-05,238.96826171875,245.15105638851412,235.90961288712117,237.3687874256248,6272225,SHRIRAMFIN.NS,Shriram Finance,Finance
2022-07-06,240.2122802734375,242.5039473601694,237.6026052001116,238.17318126402557,3157810,SHRIRAMFIN.NS,Shriram Finance,Finance
2022-07-07,244.7394561767578,247.2275427996468,235.33900288262427,239.45462351524952,4945940,SHRIRAMFIN.NS,Shriram Finance,Finance
2022-07-08,239.53883361816406,247.6017162207355,237.7709853780552,246.90018891477789,3652815,SHRIRAMFIN.NS,Shriram Finance,Finance
2022-07-11,234.992919921875,239.4546372768403,231.9903912518067,238.64087022520454,3691540,SHRIRAMFIN.NS,Shriram Finance,Finance
2022-07-12,231.27952575683594,235.24549874660826,230.79314374942442,233.6553729813719,3442455,SHRIRAMFIN.NS,Shriram Finance,Finance
2022-07-13,237.3781280517578,238.50056886904727,232.03717490605013,232.7387022009322,3151325,SHRIRAMFIN.NS,Shriram Finance,Finance
2022-07-14,242.25140380859375,243.09325942460168,237.59326642318598,238.3322165225891,3203265,SHRIRAMFIN.NS,Shriram Finance,Finance
2022-07-15,245.93673706054688,246.56344729062297,238.6876222189033,243.1961108164291,2703045,SHRIRAMFIN.NS,Shriram Finance,Finance
2022-07-18,261.36102294921875,265.4485841088513,247.4988366768153,249.1824907755153,5420345,SHRIRAMFIN.NS,Shriram Finance,Finance
2022-07-19,260.3227233886719,261.71641502403384,253.924798447893,258.5735867212861,4993150,SHRIRAMFIN.NS,Shriram Finance,Finance
2022-07-20,263.409423828125,267.74955254754224,262.19345474555854,263.7742316800241,4629925,SHRIRAMFIN.NS,Shriram Finance,Finance
2022-07-21,273.4833679199219,274.70869981098156,261.0429351262264,262.4647151856286,4855305,SHRIRAMFIN.NS,Shriram Finance,Finance
2022-07-22,279.88134765625,280.5922378259153,272.47320641379713,274.4374886674583,4810415,SHRIRAMFIN.NS,Shriram Finance,Finance
2022-07-25,279.9561462402344,282.2945705440961,275.55992567610554,275.55992567610554,4721665,SHRIRAMFIN.NS,Shriram Finance,Finance
2022-07-26,276.5607604980469,282.2758554306382,275.69084501810204,279.8626142627951,4102640,SHRIRAMFIN.NS,Shriram Finance,Finance
2022-07-27,271.4068908691406,275.746991678159,268.4511190251792,273.3150531573121,6702695,SHRIRAMFIN.NS,Shriram Finance,Finance
2022-07-28,273.3056335449219,281.77071663012134,269.94766025578474,276.4952471644029,8557735,SHRIRAMFIN.NS,Shriram Finance,Finance
2022-07-29,258.1153259277344,276.86948032199666,256.3848859666773,276.86948032199666,9296570,SHRIRAMFIN.NS,Shriram Finance,Finance
2022-08-01,257.1986083984375,261.5293746909449,254.6263417149603,258.1620380508039,4709025,SHRIRAMFIN.NS,Shriram Finance,Finance
2022-08-02,257.9936828613281,262.53023170955976,255.00985117276025,257.6008150192755,4861880,SHRIRAMFIN.NS,Shriram Finance,Finance
2022-08-03,254.4673309326172,261.23942738295153,252.19438927432742,259.0974226471064,3733035,SHRIRAMFIN.NS,Shriram Finance,Finance
2022-08-04,254.40185546875,257.6008037843264,249.47243899345636,257.6008037843264,4646770,SHRIRAMFIN.NS,Shriram Finance,Finance
2022-08-05,254.8788604736328,257.9375374222233,253.30744635145214,256.22579501984933,3153135,SHRIRAMFIN.NS,Shriram Finance,Finance
2022-08-08,260.4537048339844,262.6518007966154,253.6722744972444,256.29129824369124,4775785,SHRIRAMFIN.NS,Shriram Finance,Finance
2022-08-10,261.2300720214844,263.69946195188936,259.13485284069503,260.96816962388573,4003980,SHRIRAMFIN.NS,Shriram Finance,Finance
2022-08-11,263.0353088378906,266.6364879397639,260.2572596501847,262.9604918207928,5658525,SHRIRAMFIN.NS,Shriram Finance,Finance
2022-08-12,255.90782165527344,263.0353350057797,254.8976348252546,263.0260007184753,5225265,SHRIRAMFIN.NS,Shriram Finance,Finance
2022-08-16,255.2998504638672,259.47159202379487,253.07366564211046,255.35597037153983,6555990,SHRIRAMFIN.NS,Shriram Finance,Finance
2022-08-17,253.5880889892578,256.10423599729984,252.73692760376332,255.16886621126847,6599875,SHRIRAMFIN.NS,Shriram Finance,Finance
2022-08-18,252.25979614257812,255.40262387869842,248.25641592906618,252.596515452072,4383855,SHRIRAMFIN.NS,Shriram Finance,Finance
2022-08-19,251.9605255126953,255.33722489267686,250.67907362149185,252.55917580812255,3815695,SHRIRAMFIN.NS,Shriram Finance,Finance
2022-08-22,245.6000213623047,255.32786023154176,244.13148412800064,255.32786023154176,4246725,SHRIRAMFIN.NS,Shriram Finance,Finance
2022-08-23,250.0430450439453,253.7845239934155,242.8594123118151,244.21568130386663,4383165,SHRIRAMFIN.NS,Shriram Finance,Finance
2022-08-24,251.2496337890625,252.4936914376234,248.26583079823098,251.80152701510252,2029850,SHRIRAMFIN.NS,Shriram Finance,Finance
2022-08-25,247.81683349609375,255.11270523441002,246.9375837551664,252.3627162226102,3292195,SHRIRAMFIN.NS,Shriram Finance,Finance
2022-08-26,249.43505859375,252.07277953940869,247.71395316982765,249.74371804492048,2107620,SHRIRAMFIN.NS,Shriram Finance,Finance
2022-08-29,247.85426330566406,249.1450494612036,243.19611211276464,243.6170398787388,2128080,SHRIRAMFIN.NS,Shriram Finance,Finance
2022-08-30,253.41969299316406,254.24282285424852,248.89250730241596,249.1824696109503,5142225,SHRIRAMFIN.NS,Shriram Finance,Finance
2022-09-01,248.66799926757812,254.04637415176688,247.49878733623277,251.05318018943746,2217970,SHRIRAMFIN.NS,Shriram Finance,Finance
2022-09-02,244.80496215820312,250.67908280755654,244.43081998245935,250.67908280755654,2321585,SHRIRAMFIN.NS,Shriram Finance,Finance
2022-09-05,247.08724975585938,250.30492363009105,245.07621072076864,247.1059468725502,2988435,SHRIRAMFIN.NS,Shriram Finance,Finance
2022-09-06,259.0506286621094,260.322717648443,246.46053297648123,249.51920991444956,8058715,SHRIRAMFIN.NS,Shriram Finance,Finance
2022-09-07,255.6552734375,260.1918225496804,254.60766385803157,257.41377317955926,3464835,SHRIRAMFIN.NS,Shriram Finance,Finance
2022-09-08,254.69183349609375,259.2657766632001,253.6722839089278,257.03959212351594,3184610,SHRIRAMFIN.NS,Shriram Finance,Finance
2022-09-09,247.70458984375,257.22664573312824,246.9375799038031,256.28191328160307,3022760,SHRIRAMFIN.NS,Shriram Finance,Finance
2022-09-12,248.52774047851562,249.62210704118272,245.06686117362537,249.04218239495324,4745365,SHRIRAMFIN.NS,Shriram Finance,Finance
2022-09-13,249.2947235107422,252.54982036055677,247.6204322912792,249.74371124543947,3598305,SHRIRAMFIN.NS,Shriram Finance,Finance
2022-09-14,249.67823791503906,253.38232263900107,246.02093880522122,247.56432171281494,3689160,SHRIRAMFIN.NS,Shriram Finance,Finance
2022-09-15,248.05068969726562,257.03957869191163,245.62808563220813,250.93161577470178,4760095,SHRIRAMFIN.NS,Shriram Finance,Finance
2022-09-16,240.2122802734375,250.30492690474395,237.20975165534256,248.77090695953862,5117185,SHRIRAMFIN.NS,Shriram Finance,Finance
2022-09-19,240.74546813964844,244.74884948323066,239.47335045030934,240.7641652581611,1969205,SHRIRAMFIN.NS,Shriram Finance,Finance
2022-09-20,242.466552734375,246.65701957702524,241.32540047404552,242.29819302675753,3808500,SHRIRAMFIN.NS,Shriram Finance,Finance
2022-09-21,238.1077117919922,245.05750190681303,236.27439514767894,243.14936824537648,3779985,SHRIRAMFIN.NS,Shriram Finance,Finance
2022-09-22,235.1893768310547,238.70636202181407,232.2055449864829,236.27440918773715,4041540,SHRIRAMFIN.NS,Shriram Finance,Finance
2022-09-23,225.07801818847656,235.13324258455498,223.8433233187569,234.77779752704006,5578410,SHRIRAMFIN.NS,Shriram Finance,Finance
2022-09-26,219.8025360107422,224.90029813879698,214.8076508503556,222.83312477417104,3960710,SHRIRAMFIN.NS,Shriram Finance,Finance
2022-09-27,217.9504852294922,222.4589739634051,214.38672901218396,220.76595711666153,3060765,SHRIRAMFIN.NS,Shriram Finance,Finance
2022-09-28,219.79315185546875,223.27272802395495,216.0703847211063,216.95898301587067,7037355,SHRIRAMFIN.NS,Shriram Finance,Finance
2022-09-29,226.2191619873047,226.85520651651964,222.05675550848488,222.61798302346983,8863220,SHRIRAMFIN.NS,Shriram Finance,Finance
2022-09-30,224.0303955078125,228.74466686841484,222.43092128635072,224.48873180672388,3689185,SHRIRAMFIN.NS,Shriram Finance,Finance
2022-10-03,218.81101989746094,227.66897180790352,216.56613840009237,224.4887206411966,3393565,SHRIRAMFIN.NS,Shriram Finance,Finance
2022-10-04,224.46067810058594,225.19026535744302,219.88672063370052,220.7659704746846,2886230,SHRIRAMFIN.NS,Shriram Finance,Finance
2022-10-06,224.0678253173828,227.85607563996814,222.99214154683608,226.50914092326138,4285510,SHRIRAMFIN.NS,Shriram Finance,Finance
2022-10-07,224.3203887939453,226.29400533950795,218.98876959887593,223.92752092416546,5047815,SHRIRAMFIN.NS,Shriram Finance,Finance
2022-10-10,220.32635498046875,223.12310149387162,217.75408808025074,221.48620437555107,3026365,SHRIRAMFIN.NS,Shriram Finance,Finance
2022-10-11,219.59674072265625,223.41305067681157,218.86715352418918,219.81187174974053,2086380,SHRIRAMFIN.NS,Shriram Finance,Finance
2022-10-12,226.7335968017578,227.82799184901947,219.18517116962724,220.7004654310539,2322665,SHRIRAMFIN.NS,Shriram Finance,Finance
2022-10-13,222.430908203125,226.5278176122462,219.82121885671071,226.5278176122462,2016655,SHRIRAMFIN.NS,Shriram Finance,Finance
2022-10-14,221.47683715820312,227.44450043121583,220.81273266166318,224.48872874399376,3429520,SHRIRAMFIN.NS,Shriram Finance,Finance
2022-10-17,223.0669708251953,223.99299200272299,219.25066058651845,220.7846663838936,1567175,SHRIRAMFIN.NS,Shriram Finance,Finance
2022-10-18,229.00657653808594,230.25996857181903,224.7880641233829,226.32206993533035,4394830,SHRIRAMFIN.NS,Shriram Finance,Finance
2022-10-19,227.21066284179688,230.84925049340157,225.452163195303,229.16558213746163,1833905,SHRIRAMFIN.NS,Shriram Finance,Finance
2022-10-20,227.44448852539062,229.8109726085487,223.55334733875452,226.8832610238651,3339120,SHRIRAMFIN.NS,Shriram Finance,Finance
2022-10-21,224.05844116210938,230.61539158642097,221.3832833745219,229.1655657648158,5002910,SHRIRAMFIN.NS,Shriram Finance,Finance
2022-10-24,224.30165100097656,227.29483110754182,223.01083628177307,227.29483110754182,395760,SHRIRAMFIN.NS,Shriram Finance,Finance
2022-10-25,227.6876983642578,231.97169344790402,221.72003490912914,224.4887355947458,4718435,SHRIRAMFIN.NS,Shriram Finance,Finance
2022-10-27,233.2624969482422,234.53460029257732,226.5558980098532,229.16557315481117,4543535,SHRIRAMFIN.NS,Shriram Finance,Finance
2022-10-28,238.46316528320312,240.1748793581589,232.72934417408578,234.43172396233248,2765695,SHRIRAMFIN.NS,Shriram Finance,Finance
2022-10-31,229.9419403076172,238.32284501808556,229.165581726199,238.32284501808556,3104155,SHRIRAMFIN.NS,Shriram Finance,Finance
2022-11-01,225.92919921875,231.27951523781533,225.049963657983,230.38156828604195,6675575,SHRIRAMFIN.NS,Shriram Finance,Finance
2022-11-02,225.9479217529297,228.75403109267816,224.48874717987812,225.98534453678803,2733960,SHRIRAMFIN.NS,Shriram Finance,Finance
2022-11-03,232.01844787597656,232.59837250008758,223.71236069720985,224.8628613869363,3636250,SHRIRAMFIN.NS,Shriram Finance,Finance
2022-11-04,235.62899780273438,236.51759621318183,232.0465299375656,232.90706839724388,3337760,SHRIRAMFIN.NS,Shriram Finance,Finance
2022-11-07,241.1663360595703,242.07364573087855,235.0957963729543,236.52691074674817,2258285,SHRIRAMFIN.NS,Shriram Finance,Finance
2022-11-09,238.5753936767578,243.00903692546137,236.46146329043046,236.46146329043046,1989790,SHRIRAMFIN.NS,Shriram Finance,Finance
2022-11-10,232.93511962890625,241.32538713747124,231.49465654377016,237.54649975836742,3089160,SHRIRAMFIN.NS,Shriram Finance,Finance
2022-11-11,238.84666442871094,240.76416094238508,234.2165728827114,234.2165728827114,2488040,SHRIRAMFIN.NS,Shriram Finance,Finance
2022-11-14,236.788818359375,240.48353985081812,234.8526106287645,239.43591614996126,1655990,SHRIRAMFIN.NS,Shriram Finance,Finance
2022-11-15,234.34750366210938,237.60260029026057,233.10347459901837,237.57454034282893,1474635,SHRIRAMFIN.NS,Shriram Finance,Finance
2022-11-16,230.78375244140625,234.74037638335778,229.22168682039,234.21655738425395,2486780,SHRIRAMFIN.NS,Shriram Finance,Finance
2022-11-17,238.640869140625,245.02943144466653,230.47508162244785,230.47508162244785,10895855,SHRIRAMFIN.NS,Shriram Finance,Finance
2022-11-18,234.07627868652344,240.28714749503595,232.34583894922758,238.6128276588226,5665580,SHRIRAMFIN.NS,Shriram Finance,Finance
2022-11-21,243.2241668701172,244.13147656467575,232.53289871279188,234.30074676528693,11427320,SHRIRAMFIN.NS,Shriram Finance,Finance
2022-11-22,251.89505004882812,253.47582713333335,241.51246916319505,244.12213008665995,9851655,SHRIRAMFIN.NS,Shriram Finance,Finance
2022-11-23,249.60340881347656,254.972421728171,247.91972623538854,252.54981764360846,6956495,SHRIRAMFIN.NS,Shriram Finance,Finance
2022-11-24,245.38487243652344,250.85679064001062,244.13148052134176,250.85679064001062,3504165,SHRIRAMFIN.NS,Shriram Finance,Finance
2022-11-25,239.4827117919922,247.31175189630312,238.55669061743336,246.00223997808712,4325525,SHRIRAMFIN.NS,Shriram Finance,Finance
2022-11-28,236.60174560546875,242.2233119567331,233.28118055670734,238.33218513404537,22810780,SHRIRAMFIN.NS,Shriram Finance,Finance
2022-11-29,237.6400146484375,239.641719431912,234.12302984851257,234.35687226460726,8742450,SHRIRAMFIN.NS,Shriram Finance,Finance
2022-11-30,252.54983520507812,257.22668400517216,237.95806123974077,238.04225536532599,11378515,SHRIRAMFIN.NS,Shriram Finance,Finance
2022-12-01,240.73609924316406,251.88571881794127,238.89341976080868,251.88571881794127,8011285,SHRIRAMFIN.NS,Shriram Finance,Finance
2022-12-02,241.39088439941406,242.85942179527888,237.20978036830363,240.69869135598356,5168550,SHRIRAMFIN.NS,Shriram Finance,Finance
2022-12-05,242.2327117919922,243.1961415185067,239.26759131772977,242.44785711653782,4417660,SHRIRAMFIN.NS,Shriram Finance,Finance
2022-12-06,248.16293334960938,250.4919947730784,241.3628058924682,242.2607528137113,10171880,SHRIRAMFIN.NS,Shriram Finance,Finance
2022-12-07,249.78114318847656,255.68332396015262,248.2471231142387,248.43420848019616,6943485,SHRIRAMFIN.NS,Shriram Finance,Finance
2022-12-08,250.3423614501953,253.485189956064,247.87297172825447,249.7250140197101,2846375,SHRIRAMFIN.NS,Shriram Finance,Finance
2022-12-09,251.43675231933594,253.3168547418239,246.27352132703052,252.25051947377975,3202765,SHRIRAMFIN.NS,Shriram Finance,Finance
2022-12-12,255.08468627929688,257.40441362423695,248.48097787551754,250.6791025810748,5938835,SHRIRAMFIN.NS,Shriram Finance,Finance
2022-12-13,255.5149383544922,256.46900511562876,250.67906473240842,254.60762865749533,1977965,SHRIRAMFIN.NS,Shriram Finance,Finance
2022-12-14,257.8907470703125,258.1620122497569,253.55998121062746,255.5336259303965,4138030,SHRIRAMFIN.NS,Shriram Finance,Finance
2022-12-15,260.63140869140625,262.6892047604343,256.30064271589464,257.30146653057085,3778060,SHRIRAMFIN.NS,Shriram Finance,Finance
2022-12-16,256.3755187988281,262.65184250059013,250.323674726628,257.60085101889075,9071230,SHRIRAMFIN.NS,Shriram Finance,Finance
2022-12-19,256.7122497558594,259.4435135517211,254.79472456316887,257.0302720583791,3297195,SHRIRAMFIN.NS,Shriram Finance,Finance
2022-12-20,259.8924560546875,261.7164096965846,252.99878648462706,256.2725801726233,2851545,SHRIRAMFIN.NS,Shriram Finance,Finance
2022-12-21,256.1790771484375,265.5514719665925,254.46733448419064,259.43414567876124,4286630,SHRIRAMFIN.NS,Shriram Finance,Finance
2022-12-22,250.56686401367188,259.4715741417902,248.49970476959845,257.2266923539273,1549960,SHRIRAMFIN.NS,Shriram Finance,Finance
2022-12-23,243.47674560546875,248.2378029697882,241.43764630837185,248.2378029697882,1564975,SHRIRAMFIN.NS,Shriram Finance,Finance
2022-12-26,252.7649688720703,255.73007488929642,242.27011950673057,243.4860887206031,1606850,SHRIRAMFIN.NS,Shriram Finance,Finance
2022-12-27,257.95623779296875,260.0327595324828,248.72414402716157,254.79468384724572,2420365,SHRIRAMFIN.NS,Shriram Finance,Finance
2022-12-28,259.7709045410156,261.342318969547,253.01753337709,255.08469266266601,2201075,SHRIRAMFIN.NS,Shriram Finance,Finance
2022-12-29,245.48779296875,252.3627375335941,234.09498242530503,252.3627375335941,19945730,SHRIRAMFIN.NS,Shriram Finance,Finance
2022-12-30,257.58209228515625,259.0599637349727,247.90101094287726,248.8083206222935,7329350,SHRIRAMFIN.NS,Shriram Finance,Finance
2023-01-02,259.2470703125,260.03277743760475,254.7947013916885,258.3491233902686,2184945,SHRIRAMFIN.NS,Shriram Finance,Finance
2023-01-03,255.2471466064453,260.4101706006072,252.5899989079173,258.86882985826077,2678225,SHRIRAMFIN.NS,Shriram Finance,Finance
2023-01-04,251.2188720703125,255.86176683796074,249.23309596461183,254.9350924841866,2709675,SHRIRAMFIN.NS,Shriram Finance,Finance
2023-01-05,249.62083435058594,253.4221563064553,247.98492720659664,252.65621851577697,2309935,SHRIRAMFIN.NS,Shriram Finance,Finance
2023-01-06,244.84548950195312,250.7271536067861,243.3987150430228,250.56641692111256,1599915,SHRIRAMFIN.NS,Shriram Finance,Finance
2023-01-09,249.3749542236328,250.52859348935922,245.7627361620465,245.8573024344978,2348255,SHRIRAMFIN.NS,Shriram Finance,Finance
2023-01-10,252.2685089111328,252.96824739935815,249.37495982608027,250.1408975922662,2849300,SHRIRAMFIN.NS,Shriram Finance,Finance
2023-01-11,252.38197326660156,254.1502500311853,249.46952251156515,252.28740699338627,1445245,SHRIRAMFIN.NS,Shriram Finance,Finance
2023-01-12,248.2496795654297,253.84767386433492,246.84073734945775,253.7058100282355,2259350,SHRIRAMFIN.NS,Shriram Finance,Finance
2023-01-13,242.68008422851562,248.31588202217196,239.72978677831853,247.74851324322975,4597480,SHRIRAMFIN.NS,Shriram Finance,Finance
2023-01-16,240.6942901611328,246.1504350468817,239.9945516961096,243.77695726433345,2549280,SHRIRAMFIN.NS,Shriram Finance,Finance
2023-01-17,240.49569702148438,242.1977887348358,238.84088843910104,241.64933615893446,3167635,SHRIRAMFIN.NS,Shriram Finance,Finance
2023-01-18,242.8313446044922,244.2970496216401,237.5643324277818,241.69663595573013,2375830,SHRIRAMFIN.NS,Shriram Finance,Finance
2023-01-19,244.8738555908203,245.3561233612038,240.61864764349022,242.83134538737536,2489795,SHRIRAMFIN.NS,Shriram Finance,Finance
2023-01-20,241.56427001953125,244.7225729634277,239.50284352806048,244.7225729634277,1984570,SHRIRAMFIN.NS,Shriram Finance,Finance
2023-01-23,242.94483947753906,245.28048488743562,241.1103491142957,242.47203699664968,1269830,SHRIRAMFIN.NS,Shriram Finance,Finance
2023-01-24,239.2947998046875,244.4956273223636,238.85982958333,243.56892403048718,1061495,SHRIRAMFIN.NS,Shriram Finance,Finance
2023-01-25,237.19557189941406,240.30662065463534,232.61884683117336,239.90946825735378,2130930,SHRIRAMFIN.NS,Shriram Finance,Finance
2023-01-27,234.70863342285156,242.83136282806953,232.62829079097227,237.34686513686157,2410525,SHRIRAMFIN.NS,Shriram Finance,Finance
2023-01-30,235.2381591796875,239.21914813754486,232.1271106589614,234.3209211781544,5905675,SHRIRAMFIN.NS,Shriram Finance,Finance
2023-01-31,243.32310485839844,244.98735016747594,233.26185300737308,235.94738238662288,6053500,SHRIRAMFIN.NS,Shriram Finance,Finance
2023-02-01,245.35614013671875,258.5095096660147,241.7344711130815,251.15270363149745,7936630,SHRIRAMFIN.NS,Shriram Finance,Finance
2023-02-02,239.1435089111328,245.78167476263127,236.96862886155694,244.5145386140115,2552580,SHRIRAMFIN.NS,Shriram Finance,Finance
2023-02-03,241.89523315429688,242.86920523218484,236.4012699492817,240.41064068198537,2600590,SHRIRAMFIN.NS,Shriram Finance,Finance
2023-02-06,244.65638732910156,245.4033944872681,238.29245541288017,238.29245541288017,2088355,SHRIRAMFIN.NS,Shriram Finance,Finance
2023-02-07,244.21192932128906,246.4246413118122,241.88573493183623,244.70363347777047,1940780,SHRIRAMFIN.NS,Shriram Finance,Finance
2023-02-08,247.3040771484375,247.89981292203964,243.9755579014605,245.4412341241525,1715770,SHRIRAMFIN.NS,Shriram Finance,Finance
2023-02-09,248.7035675048828,249.15743941271313,245.5830538506846,247.464827327141,1437655,SHRIRAMFIN.NS,Shriram Finance,Finance
2023-02-10,241.81011962890625,249.6397281295763,239.74869315880605,249.6397281295763,3358630,SHRIRAMFIN.NS,Shriram Finance,Finance
2023-02-13,237.55490112304688,242.96376314758803,236.9686306109675,241.81012383564678,1789390,SHRIRAMFIN.NS,Shriram Finance,Finance
2023-02-14,240.2214813232422,241.03470217829414,236.3823274361783,238.6706897425369,1050085,SHRIRAMFIN.NS,Shriram Finance,Finance
2023-02-15,240.6942901611328,241.67772744047653,237.72509104063062,239.3326310823901,1236070,SHRIRAMFIN.NS,Shriram Finance,Finance
2023-02-16,238.04660034179688,242.50984252570618,235.71095491159753,242.45310853611215,3304915,SHRIRAMFIN.NS,Shriram Finance,Finance
2023-02-17,233.39422607421875,238.53830500082213,232.71338934019434,236.38232681934048,2077315,SHRIRAMFIN.NS,Shriram Finance,Finance
2023-02-20,233.9805145263672,238.06552081575413,233.41314572813582,238.06552081575413,2309105,SHRIRAMFIN.NS,Shriram Finance,Finance
2023-02-21,229.77256774902344,236.90242321220984,229.02553170718312,235.83388492823477,2163550,SHRIRAMFIN.NS,Shriram Finance,Finance
2023-02-22,228.4676055908203,230.97345286051373,226.01849230779376,229.02550903142586,3253235,SHRIRAMFIN.NS,Shriram Finance,Finance
2023-02-23,227.00193786621094,229.82930205883613,226.01851499809075,228.82696305033264,1641205,SHRIRAMFIN.NS,Shriram Finance,Finance
2023-02-24,230.4344940185547,231.10586551541272,227.1154111007544,227.47474563240607,2464105,SHRIRAMFIN.NS,Shriram Finance,Finance
2023-02-27,227.49365234375,230.8410876908502,225.43222594338766,230.4344844671823,1437525,SHRIRAMFIN.NS,Shriram Finance,Finance
2023-02-28,227.5787353515625,229.33756108753894,225.05397193567129,227.89078670796965,13260610,SHRIRAMFIN.NS,Shriram Finance,Finance
2023-03-01,231.0396728515625,232.8930505832347,227.89080645007175,228.2690426809636,2913235,SHRIRAMFIN.NS,Shriram Finance,Finance
2023-03-02,228.76077270507812,231.6543218588389,225.62137143188517,231.29500175025154,2720640,SHRIRAMFIN.NS,Shriram Finance,Finance
2023-03-03,230.141357421875,232.4297198690189,228.90261713793396,229.90495616375532,1836725,SHRIRAMFIN.NS,Shriram Finance,Finance
2023-03-06,235.80551147460938,236.22157997834864,230.72761730121658,230.72761730121658,3145920,SHRIRAMFIN.NS,Shriram Finance,Finance
2023-03-08,240.26878356933594,244.8928061131196,230.93566634779702,235.4556573301941,51702925,SHRIRAMFIN.NS,Shriram Finance,Finance
2023-03-09,244.04171752929688,248.63737268131933,241.12926692417255,242.06542103718257,8022010,SHRIRAMFIN.NS,Shriram Finance,Finance
2023-03-10,240.1174774169922,243.02049177372595,237.99933139237677,243.0110264890383,1446625,SHRIRAMFIN.NS,Shriram Finance,Finance
2023-03-13,237.92367553710938,242.8029863898924,236.72275314245593,240.32550589762897,3683830,SHRIRAMFIN.NS,Shriram Finance,Finance
2023-03-14,234.32095336914062,237.91425573769448,231.29501984833337,236.59986518824434,3141790,SHRIRAMFIN.NS,Shriram Finance,Finance
2023-03-15,232.53370666503906,237.16716494822134,231.7488528590137,236.5903453765056,1987050,SHRIRAMFIN.NS,Shriram Finance,Finance
2023-03-16,236.43905639648438,238.45319956611638,232.3729666365055,232.9970549403918,3988570,SHRIRAMFIN.NS,Shriram Finance,Finance
2023-03-17,235.644775390625,239.79598097973883,233.90486556288988,237.63055176559286,4182610,SHRIRAMFIN.NS,Shriram Finance,Finance
2023-03-20,230.6708984375,241.1103718513281,227.61659816299013,241.1103718513281,3402415,SHRIRAMFIN.NS,Shriram Finance,Finance
2023-03-21,238.38702392578125,243.71078464060724,230.36828321595902,233.2618321788805,5079360,SHRIRAMFIN.NS,Shriram Finance,Finance
2023-03-22,235.67312622070312,239.2002432012231,234.83153836174307,238.66124143430017,1814750,SHRIRAMFIN.NS,Shriram Finance,Finance
2023-03-23,238.39649963378906,239.0773364523688,233.37533891835517,234.88829840391895,2141185,SHRIRAMFIN.NS,Shriram Finance,Finance
2023-03-24,233.2239990234375,238.16005790525853,231.6732075176139,237.2144529766152,4290270,SHRIRAMFIN.NS,Shriram Finance,Finance
2023-03-27,228.7229461669922,233.1862030022732,228.01374240412494,232.99707045581195,1948390,SHRIRAMFIN.NS,Shriram Finance,Finance
2023-03-28,231.84341430664062,233.4320381228102,227.35179080205552,229.03498088457306,2605125,SHRIRAMFIN.NS,Shriram Finance,Finance
2023-03-29,236.7416534423828,238.29244496740014,231.01128981248684,231.84341234841736,1649135,SHRIRAMFIN.NS,Shriram Finance,Finance
2023-03-31,238.17901611328125,242.43423904377318,236.9686427451333,236.9686427451333,4489935,SHRIRAMFIN.NS,Shriram Finance,Finance
2023-04-03,243.29470825195312,244.1552122285094,239.42717299946176,239.42717299946176,2297460,SHRIRAMFIN.NS,Shriram Finance,Finance
2023-04-05,243.78643798828125,244.7604100448924,241.025272947047,242.26402769470243,1710530,SHRIRAMFIN.NS,Shriram Finance,Finance
2023-04-06,246.5854034423828,247.1811392047172,242.10324501350382,243.20961555177828,1428390,SHRIRAMFIN.NS,Shriram Finance,Finance
2023-04-10,246.755615234375,247.1811201335168,243.02992954372706,246.58538441714626,630385,SHRIRAMFIN.NS,Shriram Finance,Finance
2023-04-11,244.9684295654297,247.74851058055023,241.50751179441076,246.75563687125342,2316150,SHRIRAMFIN.NS,Shriram Finance,Finance
2023-04-12,247.5593719482422,248.12674070713192,243.69185104721177,245.66816199032567,2680600,SHRIRAMFIN.NS,Shriram Finance,Finance
2023-04-13,245.21429443359375,247.54993992749337,244.34432514013596,247.54993992749337,774615,SHRIRAMFIN.NS,Shriram Finance,Finance
2023-04-17,249.89500427246094,250.96354245976045,245.08187864532746,245.85728161315552,2927410,SHRIRAMFIN.NS,Shriram Finance,Finance
2023-04-18,253.27084350585938,254.3677487850907,249.4505911688917,251.0108625281687,2602290,SHRIRAMFIN.NS,Shriram Finance,Finance
2023-04-19,258.4433288574219,259.0768969749062,252.95883079318295,254.81220871827657,2649705,SHRIRAMFIN.NS,Shriram Finance,Finance
2023-04-20,253.2991943359375,259.7671287564779,252.63728818287686,259.1052226034173,1972785,SHRIRAMFIN.NS,Shriram Finance,Finance
2023-04-21,256.987060546875,257.5355276072994,253.62070905435962,256.3345907880517,1533610,SHRIRAMFIN.NS,Shriram Finance,Finance
2023-04-24,263.3699035644531,267.00102343049787,256.48590007428123,257.39370168397403,3484290,SHRIRAMFIN.NS,Shriram Finance,Finance
2023-04-25,270.9631042480469,277.8754745670199,263.842699672436,264.7126689795326,11463135,SHRIRAMFIN.NS,Shriram Finance,Finance
2023-04-26,265.9324951171875,272.305863356966,261.3652069687571,272.305863356966,4680385,SHRIRAMFIN.NS,Shriram Finance,Finance
2023-04-27,265.8190002441406,267.0388387400542,261.3652088991568,264.76939257520996,5355815,SHRIRAMFIN.NS,Shriram Finance,Finance
2023-04-28,252.0226287841797,258.15015944095535,247.55937212598917,255.31334450204375,15378245,SHRIRAMFIN.NS,Shriram Finance,Finance
2023-05-02,250.64205932617188,255.93745310475973,249.95175728652305,255.10531608643635,4445290,SHRIRAMFIN.NS,Shriram Finance,Finance
2023-05-03,249.46006774902344,252.60894874870323,248.93053122577223,250.21654025150337,2404405,SHRIRAMFIN.NS,Shriram Finance,Finance
2023-05-04,251.095947265625,251.72004999742896,248.8832351388144,250.77444504455744,2605540,SHRIRAMFIN.NS,Shriram Finance,Finance
2023-05-05,249.42221069335938,254.81217052530664,248.93050650134236,251.152683935832,1867575,SHRIRAMFIN.NS,Shriram Finance,Finance
2023-05-08,254.91622924804688,256.2590012879238,249.42226551428115,251.3418428567104,3146345,SHRIRAMFIN.NS,Shriram Finance,Finance
2023-05-09,254.98239135742188,264.769409219738,254.5001524137801,256.9587024133316,4717955,SHRIRAMFIN.NS,Shriram Finance,Finance
2023-05-10,255.89013671875,257.3936739548346,251.62547809988143,257.3936739548346,2721495,SHRIRAMFIN.NS,Shriram Finance,Finance
2023-05-11,258.0177917480469,259.07689369225864,253.43163013441483,255.52140930920524,1675840,SHRIRAMFIN.NS,Shriram Finance,Finance
2023-05-12,255.2660675048828,259.97516168167436,253.61125884426698,258.14068577215727,1868500,SHRIRAMFIN.NS,Shriram Finance,Finance
2023-05-15,253.53567504882812,258.64193762803757,252.67517080829595,255.88078645789105,3314115,SHRIRAMFIN.NS,Shriram Finance,Finance
2023-05-16,251.2661590576172,257.26129123036617,250.58532231062122,255.31334725987824,5037130,SHRIRAMFIN.NS,Shriram Finance,Finance
2023-05-17,254.21649169921875,255.42686516851148,250.60427300610556,251.34184388805613,1876620,SHRIRAMFIN.NS,Shriram Finance,Finance
2023-05-18,254.57582092285156,256.63723323444225,251.42696845478537,255.7767290806874,3189190,SHRIRAMFIN.NS,Shriram Finance,Finance
2023-05-19,253.28977966308594,256.61832823412345,252.09833680647938,256.61832823412345,3457825,SHRIRAMFIN.NS,Shriram Finance,Finance
2023-05-22,249.50735473632812,253.02500695993783,246.9920704954176,252.66570125236368,3724060,SHRIRAMFIN.NS,Shriram Finance,Finance
2023-05-23,257.8286437988281,261.05316007456406,249.7059009091895,250.38673761341485,3621815,SHRIRAMFIN.NS,Shriram Finance,Finance
2023-05-24,259.029541015625,262.87815985003795,256.4858615487581,257.7151652223118,4991420,SHRIRAMFIN.NS,Shriram Finance,Finance
2023-05-25,260.1075439453125,262.49992316204003,256.89249309172664,259.02954051938013,2376370,SHRIRAMFIN.NS,Shriram Finance,Finance
2023-05-26,261.6678466796875,262.1501145192654,258.1501945230917,260.1076040227668,2622815,SHRIRAMFIN.NS,Shriram Finance,Finance
2023-05-29,266.43365478515625,269.1948050254273,261.66779784935846,262.49993480645026,5878845,SHRIRAMFIN.NS,Shriram Finance,Finance
2023-05-30,267.9466247558594,268.7787617911071,265.84740931363234,266.9442857427406,3948785,SHRIRAMFIN.NS,Shriram Finance,Finance
2023-05-31,264.7221374511719,268.53292453551796,263.14296436710333,268.1073907325891,6080605,SHRIRAMFIN.NS,Shriram Finance,Finance
2023-06-01,266.7078857421875,268.2681571194039,264.72213827586705,264.72213827586705,2902875,SHRIRAMFIN.NS,Shriram Finance,Finance
2023-06-02,267.2941589355469,269.34610547858904,265.56368574903564,267.67239513698775,3680045,SHRIRAMFIN.NS,Shriram Finance,Finance
2023-06-05,264.9490661621094,269.90402710717933,264.3249634017833,268.7409514308404,2510040,SHRIRAMFIN.NS,Shriram Finance,Finance
2023-06-06,266.4526062011719,268.504581983045,262.07444993353766,266.1783726397062,1777200,SHRIRAMFIN.NS,Shriram Finance,Finance
2023-06-07,266.34857177734375,269.6865562571248,262.8781887465583,264.7693987375407,3799040,SHRIRAMFIN.NS,Shriram Finance,Finance
2023-06-08,266.84033203125,274.03637370670066,264.76945434756794,267.22803362374003,4030580,SHRIRAMFIN.NS,Shriram Finance,Finance
2023-06-09,268.02227783203125,272.1072982713305,266.4714718132408,266.66060435226484,2435880,SHRIRAMFIN.NS,Shriram Finance,Finance
2023-06-12,274.669921875,276.35309784357645,267.98448671392345,269.4974606857803,2951100,SHRIRAMFIN.NS,Shriram Finance,Finance
2023-06-13,272.977294921875,276.3058436058566,271.3886851541091,275.75737644425516,3300860,SHRIRAMFIN.NS,Shriram Finance,Finance
2023-06-14,266.24456787109375,274.2254771704538,265.1949600687336,274.2254771704538,3617290,SHRIRAMFIN.NS,Shriram Finance,Finance
2023-06-15,267.4549255371094,268.5518308443121,265.52588317909243,267.4170932554608,2747890,SHRIRAMFIN.NS,Shriram Finance,Finance
2023-06-16,268.8553161621094,270.67776242256303,266.66840992110787,269.8144860795932,6897545,SHRIRAMFIN.NS,Shriram Finance,Finance
2023-06-19,281.9671936035156,287.9236308441155,278.69642053554935,282.5714753602442,15970295,SHRIRAMFIN.NS,Shriram Finance,Finance
2023-06-20,299.1938171386719,301.6972654412285,279.3198184790315,281.99591031375394,13814600,SHRIRAMFIN.NS,Shriram Finance,Finance
2023-06-21,332.707275390625,344.0638440695726,321.32193278408084,329.1103880833405,67327115,SHRIRAMFIN.NS,Shriram Finance,Finance
2023-06-22,329.7146911621094,338.5870137606534,324.52557789188893,338.5870137606534,20695285,SHRIRAMFIN.NS,Shriram Finance,Finance
2023-06-23,321.6383972167969,327.75790524445404,314.9625835827797,324.7844730003259,26775580,SHRIRAMFIN.NS,Shriram Finance,Finance
2023-06-26,326.7604064941406,328.6979190582194,315.0393497270387,320.11333717068726,9027690,SHRIRAMFIN.NS,Shriram Finance,Finance
2023-06-27,325.37921142578125,331.59461356206606,318.4444026024369,326.8850859025594,9250910,SHRIRAMFIN.NS,Shriram Finance,Finance
2023-06-28,326.3095703125,329.63789061433,324.0363133496538,328.0360642049633,9058510,SHRIRAMFIN.NS,Shriram Finance,Finance
2023-06-30,332.87030029296875,338.96103446336576,325.69569954980557,326.32875513933817,13348225,SHRIRAMFIN.NS,Shriram Finance,Finance
2023-07-03,337.2344970703125,341.061575098755,334.3857616728484,336.2273805169977,7848930,SHRIRAMFIN.NS,Shriram Finance,Finance
2023-07-04,341.0232849121094,343.996717547708,333.79113544803647,339.92981714219746,8948575,SHRIRAMFIN.NS,Shriram Finance,Finance
2023-07-05,345.7328186035156,350.6725379690951,339.3351421868219,341.0808385130014,13158105,SHRIRAMFIN.NS,Shriram Finance,Finance
2023-07-06,339.8050842285156,345.60807924743636,339.0185872163874,345.60807924743636,4616375,SHRIRAMFIN.NS,Shriram Finance,Finance
2023-07-07,329.68585205078125,341.2726106091875,328.4197408618694,340.50528646098996,6705130,SHRIRAMFIN.NS,Shriram Finance,Finance
2023-07-10,330.56829833984375,331.9494759404848,326.85628657614575,331.67133777027624,6425075,SHRIRAMFIN.NS,Shriram Finance,Finance
2023-07-11,337.7620849609375,340.99448267133636,331.1342177861949,331.8535951735492,6085610,SHRIRAMFIN.NS,Shriram Finance,Finance
2023-07-12,346.35626220703125,348.74458592880626,337.57026227187356,337.64698298560495,6537300,SHRIRAMFIN.NS,Shriram Finance,Finance
2023-07-13,343.19097900390625,350.90271320700543,342.0399926851798,348.6582591503694,6218315,SHRIRAMFIN.NS,Shriram Finance,Finance
2023-07-14,342.21258544921875,347.4784180592991,340.05445349144316,345.30111324409694,4492200,SHRIRAMFIN.NS,Shriram Finance,Finance
2023-07-17,339.4501953125,343.77606059140834,336.7069836625367,342.63464615760125,4223875,SHRIRAMFIN.NS,Shriram Finance,Finance
2023-07-18,342.26055908203125,345.53133172946673,339.54612133053325,341.2342696057362,7805875,SHRIRAMFIN.NS,Shriram Finance,Finance
2023-07-19,342.5675354003906,344.28445777490776,340.0832887887992,342.2318200698419,5968125,SHRIRAMFIN.NS,Shriram Finance,Finance
2023-07-20,342.01123046875,345.0134370462946,341.08083446169826,342.42366651529267,2878425,SHRIRAMFIN.NS,Shriram Finance,Finance
2023-07-21,351.3439025878906,358.37463394526435,340.50529504575474,341.1671245806655,15551270,SHRIRAMFIN.NS,Shriram Finance,Finance
2023-07-24,344.5914001464844,354.4996126935854,341.46449679211213,353.1280067119785,30150490,SHRIRAMFIN.NS,Shriram Finance,Finance
2023-07-25,349.8092346191406,351.2383882413808,344.5338007666375,351.22878717657466,7020285,SHRIRAMFIN.NS,Shriram Finance,Finance
2023-07-26,348.9747619628906,352.0920640496831,346.97010044119986,350.28884927680264,3995010,SHRIRAMFIN.NS,Shriram Finance,Finance
2023-07-27,347.5360107421875,354.72021306873387,342.72098846847024,352.5908547581374,11626560,SHRIRAMFIN.NS,Shriram Finance,Finance
2023-07-28,348.7253723144531,352.64837329627983,343.38278948638106,350.29839557022933,5905730,SHRIRAMFIN.NS,Shriram Finance,Finance
2023-07-31,363.17047119140625,364.10086708142035,348.76372185796004,351.33431920466916,7778860,SHRIRAMFIN.NS,Shriram Finance,Finance
2023-08-01,355.6026611328125,364.67643001791384,353.9337147715158,363.17052615753653,5345210,SHRIRAMFIN.NS,Shriram Finance,Finance
2023-08-02,351.66046142578125,358.0101614136223,345.61767355634345,356.81119905121903,7630985,SHRIRAMFIN.NS,Shriram Finance,Finance
2023-08-03,348.8404846191406,352.70593793858114,343.670545084253,350.86431894957957,3816705,SHRIRAMFIN.NS,Shriram Finance,Finance
2023-08-04,352.3990173339844,353.68430149443225,345.6944290631911,350.0970154156965,5455600,SHRIRAMFIN.NS,Shriram Finance,Finance
2023-08-07,355.8136291503906,356.8111739617989,351.66043669853866,353.1471382147635,4926185,SHRIRAMFIN.NS,Shriram Finance,Finance
2023-08-08,357.0798034667969,359.6408002250308,352.9745570717159,355.8328941857594,9859755,SHRIRAMFIN.NS,Shriram Finance,Finance
2023-08-09,354.6817932128906,359.86130407033664,352.9744722083963,359.3049984881806,6340300,SHRIRAMFIN.NS,Shriram Finance,Finance
2023-08-10,355.0271911621094,359.47772465706373,352.9745533504365,355.7849143723222,5397960,SHRIRAMFIN.NS,Shriram Finance,Finance
2023-08-11,346.8262023925781,354.902424939694,346.0876521887548,354.89282387485895,5133290,SHRIRAMFIN.NS,Shriram Finance,Finance
2023-08-14,347.9005126953125,349.00355224649326,340.41899904495835,346.8262470708045,4598320,SHRIRAMFIN.NS,Shriram Finance,Finance
2023-08-16,344.5338439941406,348.4951911413989,337.64698178170454,347.94848653809777,9040420,SHRIRAMFIN.NS,Shriram Finance,Finance
2023-08-17,353.8185729980469,358.7295178639681,347.59357014318266,347.59357014318266,6805160,SHRIRAMFIN.NS,Shriram Finance,Finance
2023-08-18,349.2241516113281,355.27651110000915,346.84539981534783,355.27651110000915,4286650,SHRIRAMFIN.NS,Shriram Finance,Finance
2023-08-21,353.5979919433594,355.8520471529496,348.11153872474864,349.137857584026,6865250,SHRIRAMFIN.NS,Shriram Finance,Finance
2023-08-22,353.9432373046875,355.65055828154357,351.19042481737534,355.65055828154357,4892080,SHRIRAMFIN.NS,Shriram Finance,Finance
2023-08-23,355.31488037109375,356.11097846441675,349.35844381881935,354.7009976188354,2475480,SHRIRAMFIN.NS,Shriram Finance,Finance
2023-08-24,359.78466796875,370.57533032222227,355.85206516784217,355.85206516784217,8085270,SHRIRAMFIN.NS,Shriram Finance,Finance
2023-08-25,357.6072998046875,360.5903334054398,352.39901428935656,357.77037156664954,4806385,SHRIRAMFIN.NS,Shriram Finance,Finance
2023-08-28,357.16607666015625,358.9117728333385,354.1542985161056,358.71992715241294,4670145,SHRIRAMFIN.NS,Shriram Finance,Finance
2023-08-29,359.1611633300781,360.26420280722857,354.2789630171009,358.15401742103916,2919905,SHRIRAMFIN.NS,Shriram Finance,Finance
2023-08-30,361.43438720703125,368.3212196535078,358.30748415245483,359.113183307862,3644915,SHRIRAMFIN.NS,Shriram Finance,Finance
2023-08-31,369.9134216308594,371.9660297430957,362.3935340527235,363.5253473702902,12639870,SHRIRAMFIN.NS,Shriram Finance,Finance
2023-09-01,366.7961120605469,371.3809423503147,365.79856731241273,370.2395279922425,3756035,SHRIRAMFIN.NS,Shriram Finance,Finance
2023-09-04,363.31439208984375,373.117110138905,362.42237106249706,367.7457525705143,7899565,SHRIRAMFIN.NS,Shriram Finance,Finance
2023-09-05,367.0743408203125,370.2299887878574,360.6862656278635,365.2135488301002,6793595,SHRIRAMFIN.NS,Shriram Finance,Finance
2023-09-06,363.0649719238281,369.6640653722956,361.0315364645649,368.3020605366948,6908360,SHRIRAMFIN.NS,Shriram Finance,Finance
2023-09-07,363.27593994140625,364.637973859109,358.8541814662354,363.525333442058,6035475,SHRIRAMFIN.NS,Shriram Finance,Finance
2023-09-08,374.8147888183594,375.9849771970785,365.02167292240335,366.4028798373354,7287555,SHRIRAMFIN.NS,Shriram Finance,Finance
2023-09-11,375.45745849609375,378.25821814115176,371.80302361129924,378.25821814115176,6565460,SHRIRAMFIN.NS,Shriram Finance,Finance
2023-09-12,366.62353515625,377.88418083741914,362.82520113437334,377.88418083741914,6903070,SHRIRAMFIN.NS,Shriram Finance,Finance
2023-09-13,366.4700927734375,368.32128386770574,360.1107909232118,364.87786704413224,6517920,SHRIRAMFIN.NS,Shriram Finance,Finance
2023-09-14,367.43878173828125,369.80793249331816,365.5588169849268,368.32123090012436,5225585,SHRIRAMFIN.NS,Shriram Finance,Finance
2023-09-15,368.75286865234375,370.93977478758615,365.6355665712744,369.8463070841942,6773145,SHRIRAMFIN.NS,Shriram Finance,Finance
2023-09-18,366.8824768066406,369.2036807812093,364.7627195811228,367.5826813524187,3166810,SHRIRAMFIN.NS,Shriram Finance,Finance
2023-09-20,367.9183654785156,373.11707904807236,363.1321171990081,364.48455022690877,4028295,SHRIRAMFIN.NS,Shriram Finance,Finance
2023-09-21,364.5420837402344,369.08853937367957,362.75804190436514,367.3044975378103,2504980,SHRIRAMFIN.NS,Shriram Finance,Finance
2023-09-22,362.74847412109375,370.18204099565446,360.83973534858416,364.54211718673446,2804785,SHRIRAMFIN.NS,Shriram Finance,Finance
2023-09-25,373.2225646972656,375.8698828389097,356.93587944725704,362.74844637183503,10327105,SHRIRAMFIN.NS,Shriram Finance,Finance
2023-09-26,361.5303039550781,372.7525733644148,358.92136085562254,372.54155483168165,5973300,SHRIRAMFIN.NS,Shriram Finance,Finance
2023-09-27,363.02667236328125,367.05516880285666,360.69586701545876,364.10093808050135,3216495,SHRIRAMFIN.NS,Shriram Finance,Finance
2023-09-28,359.0076904296875,366.8632938227176,356.1109787563475,366.26858392915204,21636670,SHRIRAMFIN.NS,Shriram Finance,Finance
2023-09-29,368.19647216796875,370.42175292199175,357.8853977778036,359.24743164649215,6908925,SHRIRAMFIN.NS,Shriram Finance,Finance
2023-10-03,368.6953430175781,372.13875954971934,360.8397389582198,371.77427029329306,11039535,SHRIRAMFIN.NS,Shriram Finance,Finance
2023-10-04,355.0079650878906,368.3116471566551,353.2622688133314,366.21106269616143,6700835,SHRIRAMFIN.NS,Shriram Finance,Finance
2023-10-05,352.49493408203125,359.2954450800356,349.71334725922975,355.27652090483275,7397385,SHRIRAMFIN.NS,Shriram Finance,Finance
2023-10-06,354.6722106933594,357.3866776522173,352.01532085301324,355.075074893704,6311950,SHRIRAMFIN.NS,Shriram Finance,Finance
2023-10-09,349.31048583984375,353.1375936310634,346.00136726024533,352.984122935057,5354120,SHRIRAMFIN.NS,Shriram Finance,Finance
2023-10-10,363.1129150390625,363.8610663056652,348.21700934605275,352.9744833164611,8377560,SHRIRAMFIN.NS,Shriram Finance,Finance
2023-10-11,364.21600341796875,368.41717235360755,361.71255470402184,365.8370029254923,4561415,SHRIRAMFIN.NS,Shriram Finance,Finance
2023-10-12,360.2833557128906,366.12469628425697,359.6886751201383,366.12469628425697,3313985,SHRIRAMFIN.NS,Shriram Finance,Finance
2023-10-13,360.830078125,361.9427185708061,358.80621468906094,359.65988983471584,2983920,SHRIRAMFIN.NS,Shriram Finance,Finance
2023-10-16,358.2595520019531,361.60704552332606,355.96712193357394,360.8301202606094,2463960,SHRIRAMFIN.NS,Shriram Finance,Finance
2023-10-17,362.26885986328125,363.12250580121645,359.11318288797077,360.3505201798289,3378270,SHRIRAMFIN.NS,Shriram Finance,Finance
2023-10-18,358.0005798339844,362.7293098950621,355.3820646257554,362.2592967187684,2524565,SHRIRAMFIN.NS,Shriram Finance,Finance
2023-10-19,360.42724609375,362.5662054094494,349.79965697339554,352.3989990859873,3099700,SHRIRAMFIN.NS,Shriram Finance,Finance
2023-10-20,360.0148620605469,361.7509574080847,357.9622534944469,359.97648706475155,2206225,SHRIRAMFIN.NS,Shriram Finance,Finance
2023-10-23,360.6478271484375,367.553861079044,357.9621635485004,359.6502824092304,10365280,SHRIRAMFIN.NS,Shriram Finance,Finance
2023-10-25,348.3992614746094,361.9619073999196,343.76645488893706,359.0268501158773,6849205,SHRIRAMFIN.NS,Shriram Finance,Finance
2023-10-26,344.8406982421875,348.91716968276035,337.79082399160353,348.39923909287717,4792965,SHRIRAMFIN.NS,Shriram Finance,Finance
2023-10-27,371.23712158203125,389.36542660772335,355.0847041835471,355.0847041835471,25056665,SHRIRAMFIN.NS,Shriram Finance,Finance
2023-10-30,362.98822021484375,371.23708632099823,357.81828096014993,371.1987113330982,10187990,SHRIRAMFIN.NS,Shriram Finance,Finance
2023-10-31,360.619140625,365.817854825972,358.86387243098704,364.8682566356614,8455335,SHRIRAMFIN.NS,Shriram Finance,Finance
2023-11-01,364.91619873046875,365.8273925689648,359.9093307012707,361.41520519198446,3794295,SHRIRAMFIN.NS,Shriram Finance,Finance
2023-11-02,375.00665283203125,376.9537665366643,365.02169077072693,367.0743283843965,4288760,SHRIRAMFIN.NS,Shriram Finance,Finance
2023-11-03,386.2672424316406,389.0296559994146,374.469466196772,376.4741274648282,9322270,SHRIRAMFIN.NS,Shriram Finance,Finance
2023-11-06,385.8700866699219,389.9196622695633,384.0293866147418,389.2511930000982,5634155,SHRIRAMFIN.NS,Shriram Finance,Finance
2023-11-07,385.0368957519531,388.5632850980761,378.6525566885187,387.49763699418463,8807090,SHRIRAMFIN.NS,Shriram Finance,Finance
2023-11-08,383.57403564453125,386.0929022428558,381.9464712204581,385.0369218880034,3525375,SHRIRAMFIN.NS,Shriram Finance,Finance
2023-11-09,376.55029296875,381.7042765909569,375.89152110987635,381.7042765909569,4975345,SHRIRAMFIN.NS,Shriram Finance,Finance
2023-11-10,378.25537109375,380.91955064503435,373.353283084603,375.8915148721215,2430100,SHRIRAMFIN.NS,Shriram Finance,Finance
2023-11-13,381.2779846191406,382.285537125631,373.99267545846044,379.26290917136157,2779500,SHRIRAMFIN.NS,Shriram Finance,Finance
2023-11-15,394.44390869140625,395.499889097699,382.69244949909967,384.6590973319576,6346865,SHRIRAMFIN.NS,Shriram Finance,Finance
2023-11-16,394.44390869140625,397.39874391682037,390.52031041274034,394.64734686302484,3184495,SHRIRAMFIN.NS,Shriram Finance,Finance
2023-11-17,386.5094909667969,391.1887758242777,383.8550086792878,391.1887758242777,5468870,SHRIRAMFIN.NS,Shriram Finance,Finance
2023-11-20,385.3759765625,389.4158247279396,383.21555864565767,386.5482072083594,2862980,SHRIRAMFIN.NS,Shriram Finance,Finance
2023-11-21,387.4879455566406,391.3534182520689,383.6805980472187,387.5170081496438,5089455,SHRIRAMFIN.NS,Shriram Finance,Finance
2023-11-22,383.0799865722656,389.4546289326728,378.4588269042443,388.4761389364293,2639075,SHRIRAMFIN.NS,Shriram Finance,Finance
2023-11-23,382.64398193359375,387.3038715789411,381.7042520087307,383.25432595023284,1529325,SHRIRAMFIN.NS,Shriram Finance,Finance
2023-11-24,377.3446960449219,383.6418475835406,376.1046427706943,382.64399244541374,2379295,SHRIRAMFIN.NS,Shriram Finance,Finance
2023-11-28,380.87115478515625,381.70430226886083,374.8355659611367,378.17788284847944,3604165,SHRIRAMFIN.NS,Shriram Finance,Finance
2023-11-29,382.547119140625,383.9131202184167,379.7666891824006,380.87112690856526,3299720,SHRIRAMFIN.NS,Shriram Finance,Finance
2023-11-30,388.912109375,391.3922161019146,381.95618550131303,382.2952392640894,11002290,SHRIRAMFIN.NS,Shriram Finance,Finance
2023-12-01,388.14678955078125,393.31047120107513,386.9357986751297,390.2296879438604,3034950,SHRIRAMFIN.NS,Shriram Finance,Finance
2023-12-04,405.8175354003906,408.4429549969378,388.92179054935093,392.3609923600055,9360830,SHRIRAMFIN.NS,Shriram Finance,Finance
2023-12-05,401.0704040527344,406.67002361002005,395.85829558862946,405.81751103110287,8296900,SHRIRAMFIN.NS,Shriram Finance,Finance
2023-12-06,398.30938720703125,403.8121218507643,396.2361569378684,402.4364234072297,3598450,SHRIRAMFIN.NS,Shriram Finance,Finance
2023-12-07,394.25982666015625,401.0801348154686,393.32979404608756,399.32662258161247,3904160,SHRIRAMFIN.NS,Shriram Finance,Finance
2023-12-08,393.6398010253906,398.65813940266,390.365277434251,397.2049505591509,4218365,SHRIRAMFIN.NS,Shriram Finance,Finance
2023-12-11,396.6430969238281,400.67324830151125,390.51062293684373,393.6398338173502,4948465,SHRIRAMFIN.NS,Shriram Finance,Finance
2023-12-12,386.5967102050781,400.11138002473217,385.20164636955747,400.11138002473217,7159045,SHRIRAMFIN.NS,Shriram Finance,Finance
2023-12-13,386.6063537597656,389.78399215037945,382.87649651840064,389.44490884385493,7973270,SHRIRAMFIN.NS,Shriram Finance,Finance
2023-12-14,410.438720703125,412.7056920836469,388.5052396837182,388.67964484007143,11924520,SHRIRAMFIN.NS,Shriram Finance,Finance
2023-12-15,402.57208251953125,411.0780803065491,401.0994988559067,410.18677811197614,11228265,SHRIRAMFIN.NS,Shriram Finance,Finance
2023-12-18,396.8174133300781,402.7367213050857,395.82922605980133,402.3976380175437,4203410,SHRIRAMFIN.NS,Shriram Finance,Finance
2023-12-19,399.05535888671875,403.53117591751,395.2673763158673,398.910045911408,11070960,SHRIRAMFIN.NS,Shriram Finance,Finance
2023-12-20,387.2748107910156,409.20828768727444,385.57942387698364,399.33628951978073,9435625,SHRIRAMFIN.NS,Shriram Finance,Finance
2023-12-21,390.7818298339844,396.798023039837,382.09175984099676,386.99384757394347,9405990,SHRIRAMFIN.NS,Shriram Finance,Finance
2023-12-22,398.26092529296875,400.8863448216608,390.7140230604204,393.3104095604622,6928875,SHRIRAMFIN.NS,Shriram Finance,Finance
2023-12-26,394.44390869140625,402.39768781067454,392.9616571677764,401.4676551752138,4822975,SHRIRAMFIN.NS,Shriram Finance,Finance
2023-12-27,397.1856384277344,400.20826689571805,394.4536359412081,395.4708564415157,3750095,SHRIRAMFIN.NS,Shriram Finance,Finance
2023-12-28,396.36212158203125,400.07258423521336,394.5117241662759,400.07258423521336,3288345,SHRIRAMFIN.NS,Shriram Finance,Finance
2023-12-29,397.8443298339844,400.69258213657275,394.8701297765223,397.6893194868475,5291010,SHRIRAMFIN.NS,Shriram Finance,Finance
2024-01-01,396.9821472167969,399.14256543532105,395.48053045932363,398.2803257992716,1523610,SHRIRAMFIN.NS,Shriram Finance,Finance
2024-01-02,393.3394775390625,399.0941077222746,390.61717280519315,397.2049504003868,5389635,SHRIRAMFIN.NS,Shriram Finance,Finance
2024-01-03,404.9649963378906,406.5053729942108,393.13601763421144,394.2985805577603,6787670,SHRIRAMFIN.NS,Shriram Finance,Finance
2024-01-04,416.22235107421875,417.0651958685381,404.9940488842583,406.89287401808593,7695105,SHRIRAMFIN.NS,Shriram Finance,Finance
2024-01-05,420.9210205078125,421.76386534141494,410.66151039686474,417.1621004803037,8114435,SHRIRAMFIN.NS,Shriram Finance,Finance
2024-01-08,425.5614929199219,431.1126848765239,419.2062161552729,423.16857413811147,7487975,SHRIRAMFIN.NS,Shriram Finance,Finance
2024-01-09,420.0394287109375,430.7348780853199,416.69708230319003,427.5475716117805,5463445,SHRIRAMFIN.NS,Shriram Finance,Finance
2024-01-10,416.5807800292969,423.91454643848414,413.81004763714276,422.39353509947307,2470725,SHRIRAMFIN.NS,Shriram Finance,Finance
2024-01-11,441.72100830078125,443.6779587558467,427.04377640957455,429.746716106111,14663945,SHRIRAMFIN.NS,Shriram Finance,Finance
2024-01-12,444.2494812011719,446.24519136244476,437.9135700475577,444.2494812011719,5187280,SHRIRAMFIN.NS,Shriram Finance,Finance
2024-01-15,444.2494812011719,444.2494812011719,444.2494812011719,444.2494812011719,0,SHRIRAMFIN.NS,Shriram Finance,Finance
2024-01-16,447.5240478515625,452.4164385663004,444.68549268095376,450.488550788308,6647950,SHRIRAMFIN.NS,Shriram Finance,Finance
2024-01-17,443.31951904296875,449.1032123002834,434.0191037635656,444.48205247464097,5308645,SHRIRAMFIN.NS,Shriram Finance,Finance
2024-01-18,437.0029296875,443.183830876214,425.6002520372463,440.0255872730283,7883550,SHRIRAMFIN.NS,Shriram Finance,Finance
2024-01-19,446.0030212402344,449.89758621058144,440.02558776690427,440.02558776690427,5296785,SHRIRAMFIN.NS,Shriram Finance,Finance
2024-01-23,441.6725769042969,448.3475726608766,435.4916748753892,443.1354633119806,10999270,SHRIRAMFIN.NS,Shriram Finance,Finance
2024-01-24,446.11932373046875,448.55100277440965,428.1191690684281,432.82748721726676,8501730,SHRIRAMFIN.NS,Shriram Finance,Finance
2024-01-25,447.02996826171875,455.9041121434476,444.0945278273258,449.09350125756805,5327820,SHRIRAMFIN.NS,Shriram Finance,Finance
2024-01-29,466.76422119140625,473.15825769372714,446.0611299077585,471.2206726666724,17895075,SHRIRAMFIN.NS,Shriram Finance,Finance
2024-01-30,475.2799377441406,483.7278100371789,466.76424287635626,466.76424287635626,14238795,SHRIRAMFIN.NS,Shriram Finance,Finance
2024-01-31,477.9634704589844,480.4436065464046,465.11730156043785,474.7083417355234,9573360,SHRIRAMFIN.NS,Shriram Finance,Finance
2024-02-01,464.4779052734375,472.5673290266324,462.81158089501315,467.1517821880539,10601720,SHRIRAMFIN.NS,Shriram Finance,Finance
2024-02-02,466.0860900878906,469.11841542415806,462.2302851916309,464.53601613352885,4405185,SHRIRAMFIN.NS,Shriram Finance,Finance
2024-02-05,456.70819091796875,471.298204163702,454.78997105074575,468.70181769432486,1993400,SHRIRAMFIN.NS,Shriram Finance,Finance
2024-02-06,466.3109436035156,467.76058523961143,452.14522748307127,459.2183468398558,7511415,SHRIRAMFIN.NS,Shriram Finance,Finance
2024-02-07,469.6577453613281,478.51129479738256,466.3108977365715,466.6027618993025,5230250,SHRIRAMFIN.NS,Shriram Finance,Finance
2024-02-08,456.87359619140625,471.86630013598676,455.4823274220403,471.86630013598676,4430985,SHRIRAMFIN.NS,Shriram Finance,Finance
2024-02-09,454.1786193847656,458.0605615200103,445.88932019638094,456.87359767661655,2903050,SHRIRAMFIN.NS,Shriram Finance,Finance
2024-02-12,440.19775390625,457.84651079620556,438.75782132947705,454.35373086066653,2845040,SHRIRAMFIN.NS,Shriram Finance,Finance
2024-02-13,453.50732421875,456.0077364055219,434.94398908515683,441.12203865633194,8984610,SHRIRAMFIN.NS,Shriram Finance,Finance
2024-02-14,465.6979675292969,467.89677659292374,443.6905182521416,444.6245132925774,3686385,SHRIRAMFIN.NS,Shriram Finance,Finance
2024-02-15,474.31805419921875,479.33832608924774,469.33670743145416,474.2402336458588,5721585,SHRIRAMFIN.NS,Shriram Finance,Finance
2024-02-16,476.6141662597656,478.63782727081065,473.588368909903,474.7850714797076,4596560,SHRIRAMFIN.NS,Shriram Finance,Finance
2024-02-19,474.7655944824219,479.0561759881665,470.22204423171024,476.6141368642176,3451410,SHRIRAMFIN.NS,Shriram Finance,Finance
2024-02-20,470.24151611328125,475.7288003970298,466.0871574693739,474.7656188819507,4396705,SHRIRAMFIN.NS,Shriram Finance,Finance
2024-02-21,458.4302673339844,469.9301911215335,456.3093084427379,469.68696107369783,3665875,SHRIRAMFIN.NS,Shriram Finance,Finance
2024-02-22,466.06768798828125,466.94331020574936,453.9742676725824,459.043203151562,2571220,SHRIRAMFIN.NS,Shriram Finance,Finance
2024-02-23,475.84552001953125,478.09296322577813,464.68612453739695,466.7098151080019,5723325,SHRIRAMFIN.NS,Shriram Finance,Finance
2024-02-26,483.5705261230469,493.2705417108055,476.3319974551925,476.7114505851923,5989015,SHRIRAMFIN.NS,Shriram Finance,Finance
2024-02-27,461.6311950683594,488.27946436203956,439.1761798418281,481.59550722448074,20513770,SHRIRAMFIN.NS,Shriram Finance,Finance
2024-02-28,457.03900146484375,474.38615552162605,449.0804916842485,465.4450165315801,11119410,SHRIRAMFIN.NS,Shriram Finance,Finance
2024-02-29,474.51263427734375,477.7232590144992,457.4962697263178,466.80709334053574,20232355,SHRIRAMFIN.NS,Shriram Finance,Finance
2024-03-01,476.8183898925781,481.37164865943646,473.81207046223585,480.52521295560354,5500370,SHRIRAMFIN.NS,Shriram Finance,Finance
2024-03-04,476.0498046875,479.64962102194033,470.69874400672785,478.67670089816363,2666695,SHRIRAMFIN.NS,Shriram Finance,Finance
2024-03-05,473.13104248046875,477.8691884054574,469.1420937413935,469.1420937413935,6190170,SHRIRAMFIN.NS,Shriram Finance,Finance
2024-03-06,462.05926513671875,477.3146464394127,457.05844115773436,475.5633723000034,6744720,SHRIRAMFIN.NS,Shriram Finance,Finance
2024-03-07,476.643310546875,477.78161048647934,462.05924711283734,462.05924711283734,5963990,SHRIRAMFIN.NS,Shriram Finance,Finance
2024-03-11,482.7532653808594,486.4406411681183,471.01985041229835,475.9525628394507,11377355,SHRIRAMFIN.NS,Shriram Finance,Finance
2024-03-12,471.23388671875,483.34672492906765,468.9864435183171,483.34672492906765,7206710,SHRIRAMFIN.NS,Shriram Finance,Finance
2024-03-13,451.7073974609375,474.726693373377,447.5627478325925,473.7926982779643,8118855,SHRIRAMFIN.NS,Shriram Finance,Finance
2024-03-14,445.8892822265625,452.98187826431126,440.95659974907676,450.4620186988924,10111785,SHRIRAMFIN.NS,Shriram Finance,Finance
2024-03-15,441.08306884765625,450.4620334282464,438.0086672747314,446.3757568856918,7257360,SHRIRAMFIN.NS,Shriram Finance,Finance
2024-03-18,449.28485107421875,453.9451176993997,440.68423961733515,440.73287375342284,5870405,SHRIRAMFIN.NS,Shriram Finance,Finance
2024-03-19,445.013671875,455.89091205553,443.1748682259349,452.018708850407,6619825,SHRIRAMFIN.NS,Shriram Finance,Finance
2024-03-20,450.306396484375,452.972188418102,443.6516256623796,445.5974661258111,4526425,SHRIRAMFIN.NS,Shriram Finance,Finance
2024-03-21,449.644775390625,458.2356471612843,445.59742404595755,451.96033007402684,8698620,SHRIRAMFIN.NS,Shriram Finance,Finance
2024-03-22,453.51702880859375,458.9653580859043,448.54539122908824,455.13205018576014,6367775,SHRIRAMFIN.NS,Shriram Finance,Finance
2024-03-26,461.6603698730469,464.9391061699684,443.64186891228525,443.8462035302754,10693585,SHRIRAMFIN.NS,Shriram Finance,Finance
2024-03-27,464.3455810546875,472.8391845021572,456.2995422459089,468.94750397127524,77232200,SHRIRAMFIN.NS,Shriram Finance,Finance
2024-03-28,459.17938232421875,465.9411891937617,454.9860988836618,461.9522106696848,11625440,SHRIRAMFIN.NS,Shriram Finance,Finance
2024-04-01,473.1797790527344,474.2013334593345,460.3955924585761,461.3588037154649,4228910,SHRIRAMFIN.NS,Shriram Finance,Finance
2024-04-02,479.8345031738281,480.87553488628635,472.8294660418826,472.83920474479993,4433110,SHRIRAMFIN.NS,Shriram Finance,Finance
2024-04-03,497.4443664550781,499.45828865959464,478.4432365537059,481.9846505645819,11588495,SHRIRAMFIN.NS,Shriram Finance,Finance
2024-04-04,486.3238525390625,501.0441391776681,483.7359110650334,501.0441391776681,7019985,SHRIRAMFIN.NS,Shriram Finance,Finance
2024-04-05,490.12799072265625,492.68677555882215,486.0903778946718,488.5129396532289,3253480,SHRIRAMFIN.NS,Shriram Finance,Finance
2024-04-08,499.92535400390625,502.0852083975583,491.7138752472859,494.8174931369874,3678905,SHRIRAMFIN.NS,Shriram Finance,Finance
2024-04-09,496.26708984375,507.0178751598846,490.9549542153911,503.97263038400473,4766875,SHRIRAMFIN.NS,Shriram Finance,Finance
2024-04-10,491.9181823730469,499.3513071689301,490.25449709620136,498.1254181801128,3504425,SHRIRAMFIN.NS,Shriram Finance,Finance
2024-04-12,483.6580505371094,490.3420070832448,482.3543411251428,490.3420070832448,4144555,SHRIRAMFIN.NS,Shriram Finance,Finance
2024-04-15,469.8523254394531,485.0979974009198,468.5680637032025,485.0979974009198,4750690,SHRIRAMFIN.NS,Shriram Finance,Finance
2024-04-16,467.1476135253906,471.6716863760895,460.8431098283223,467.00168143817467,4033025,SHRIRAMFIN.NS,Shriram Finance,Finance
2024-04-18,461.44635009765625,475.22290429346526,459.4323980699367,470.87394962213745,6791185,SHRIRAMFIN.NS,Shriram Finance,Finance
2024-04-19,460.4928283691406,462.84730816837777,452.42731210760667,457.2432786695541,4797160,SHRIRAMFIN.NS,Shriram Finance,Finance
2024-04-22,471.7981872558594,473.28675397987837,461.94250084176014,465.0558573700774,3489700,SHRIRAMFIN.NS,Shriram Finance,Finance
2024-04-23,472.2457580566406,477.97624269142216,470.3291040428219,475.16451870563344,2892585,SHRIRAMFIN.NS,Shriram Finance,Finance
2024-04-24,478.88104248046875,482.8992076499403,470.50421382506323,472.2554583054948,8459300,SHRIRAMFIN.NS,Shriram Finance,Finance
2024-04-25,484.8742370605469,487.29679886605226,471.33120445508115,478.4821441977659,14587660,SHRIRAMFIN.NS,Shriram Finance,Finance
2024-04-26,486.18768310546875,493.6499940970415,454.74289514315194,488.8924000714511,20810260,SHRIRAMFIN.NS,Shriram Finance,Finance
2024-04-29,484.94232177734375,501.4333301907351,472.8878268711591,500.07121822826224,11904615,SHRIRAMFIN.NS,Shriram Finance,Finance
2024-04-30,496.52008056640625,501.79332100047145,483.3467330297901,485.09800716661476,13426225,SHRIRAMFIN.NS,Shriram Finance,Finance
2024-05-02,502.4354248046875,505.72389977726283,493.2705332982706,495.517976548064,9243475,SHRIRAMFIN.NS,Shriram Finance,Finance
2024-05-03,503.6905517578125,517.2043685711435,501.08313267709315,505.9185176984969,7622145,SHRIRAMFIN.NS,Shriram Finance,Finance
2024-05-06,495.7125549316406,507.6599834901026,486.23629248439477,505.91847779993134,4326785,SHRIRAMFIN.NS,Shriram Finance,Finance
2024-05-07,483.6969909667969,499.10804275922953,475.1060893152521,495.7125608973821,7825870,SHRIRAMFIN.NS,Shriram Finance,Finance
2024-05-08,476.3417053222656,486.0709066985735,473.374281087792,483.2494442376775,7324775,SHRIRAMFIN.NS,Shriram Finance,Finance
2024-05-09,459.3934631347656,481.4301002169978,458.08975360068933,476.34174646009484,4104015,SHRIRAMFIN.NS,Shriram Finance,Finance
2024-05-10,456.173095703125,468.305411951786,453.5948630758665,461.94250544266674,10984650,SHRIRAMFIN.NS,Shriram Finance,Finance
2024-05-13,447.8935241699219,458.1772976984375,443.4083763482531,456.2995688586521,8390345,SHRIRAMFIN.NS,Shriram Finance,Finance
2024-05-14,453.4489440917969,470.4750483184228,450.8123088596316,456.29959327357415,12376035,SHRIRAMFIN.NS,Shriram Finance,Finance
2024-05-15,451.4349365234375,455.71577912120244,448.1367230587157,454.93745490021456,4269680,SHRIRAMFIN.NS,Shriram Finance,Finance
2024-05-16,455.0736999511719,456.45525974514123,440.73286522835923,454.74291063513283,12445545,SHRIRAMFIN.NS,Shriram Finance,Finance
2024-05-17,461.4754943847656,464.4039638571293,451.62954718084916,456.10495613450803,4729135,SHRIRAMFIN.NS,Shriram Finance,Finance
2024-05-21,461.7965393066406,464.9585297670764,457.00978883666494,461.16414715278677,3935580,SHRIRAMFIN.NS,Shriram Finance,Finance
2024-05-22,454.69427490234375,463.0808425246477,453.7894662153718,461.7965806966539,3465540,SHRIRAMFIN.NS,Shriram Finance,Finance
2024-05-23,467.0892333984375,468.8891416224476,453.08892781496473,456.49414835562345,5512760,SHRIRAMFIN.NS,Shriram Finance,Finance
2024-05-24,466.5152282714844,472.63490454294174,459.74371210374017,466.97250194565373,4877325,SHRIRAMFIN.NS,Shriram Finance,Finance
2024-05-27,463.1100158691406,471.574433497838,462.33169158448334,468.9475370775752,3398210,SHRIRAMFIN.NS,Shriram Finance,Finance
2024-05-28,465.77581787109375,473.42298626021545,462.1371057397068,465.0558664075365,6493910,SHRIRAMFIN.NS,Shriram Finance,Finance
2024-05-29,462.0690002441406,466.54443926493843,458.829188924573,462.14685049002264,2197930,SHRIRAMFIN.NS,Shriram Finance,Finance
2024-05-30,448.06866455078125,463.1100021039064,445.9866011298983,460.3858374974092,6688165,SHRIRAMFIN.NS,Shriram Finance,Finance
2024-05-31,458.060546875,464.5401988269016,450.1993648966499,451.22091920763177,12916455,SHRIRAMFIN.NS,Shriram Finance,Finance
2024-06-03,488.24053955078125,495.5958437089509,471.9149394932295,476.7309064450088,15161795,SHRIRAMFIN.NS,Shriram Finance,Finance
2024-06-04,439.89617919921875,494.24349049698816,426.722830607484,494.24349049698816,17788625,SHRIRAMFIN.NS,Shriram Finance,Finance
2024-06-05,464.5596618652344,466.59306154247884,433.9224139341517,436.23796878600166,7114095,SHRIRAMFIN.NS,Shriram Finance,Finance
2024-06-06,481.55657958984375,493.2705472503012,467.01144024203603,472.839222807981,10501485,SHRIRAMFIN.NS,Shriram Finance,Finance
2024-06-07,486.0611572265625,487.81243125019546,478.6864358108331,482.4418932071199,3706890,SHRIRAMFIN.NS,Shriram Finance,Finance
2024-06-10,490.1766662597656,496.6757661225207,483.5802684379889,488.40594435554436,4849020,SHRIRAMFIN.NS,Shriram Finance,Finance
2024-06-11,492.88140869140625,496.58823249947153,484.5142885335172,489.36915112025895,4681350,SHRIRAMFIN.NS,Shriram Finance,Finance
2024-06-12,499.487548828125,502.6981738244086,492.40466079925847,493.22193994964323,3510365,SHRIRAMFIN.NS,Shriram Finance,Finance
2024-06-13,522.3219604492188,524.9197003181864,502.24087188045024,504.36189031961703,10022455,SHRIRAMFIN.NS,Shriram Finance,Finance
2024-06-14,531.6327514648438,534.522355194735,524.413700564962,527.7119141315886,15318425,SHRIRAMFIN.NS,Shriram Finance,Finance
2024-06-18,550.6242065429688,552.8424337502734,531.6716804096383,534.9017826433777,12393205,SHRIRAMFIN.NS,Shriram Finance,Finance
2024-06-19,543.1326293945312,550.8673558320118,537.051878953482,550.6338645162481,9175135,SHRIRAMFIN.NS,Shriram Finance,Finance
2024-06-20,545.84716796875,555.4402069802563,537.9762762231954,545.7206835828158,6948810,SHRIRAMFIN.NS,Shriram Finance,Finance
2024-06-21,549.048095703125,553.0078882060716,543.8624141965219,546.7811749167179,9672340,SHRIRAMFIN.NS,Shriram Finance,Finance
2024-06-24,560.8399047851562,562.3479193359731,540.9144571594883,548.5908123862689,5367855,SHRIRAMFIN.NS,Shriram Finance,Finance
2024-06-25,581.7770385742188,583.7520949991529,556.831410845162,561.0344330550361,15844875,SHRIRAMFIN.NS,Shriram Finance,Finance
2024-06-26,581.6214599609375,595.3201938889649,575.6963494319323,580.9890380371469,9032225,SHRIRAMFIN.NS,Shriram Finance,Finance
2024-06-27,574.2272338867188,583.1002610706685,568.9539638194656,581.2322115923273,12298175,SHRIRAMFIN.NS,Shriram Finance,Finance
2024-06-28,566.5313720703125,577.7783262439198,564.293667678399,574.2272034474114,6005455,SHRIRAMFIN.NS,Shriram Finance,Finance
2024-07-01,569.0123291015625,572.4662431589101,564.69256123653,564.69256123653,6673330,SHRIRAMFIN.NS,Shriram Finance,Finance
2024-07-02,549.680419921875,572.0770612896786,547.8805413561254,569.547492594733,12638725,SHRIRAMFIN.NS,Shriram Finance,Finance
2024-07-03,554.652099609375,561.3749520227015,545.9152358859483,552.6186702753803,7945600,SHRIRAMFIN.NS,Shriram Finance,Finance
2024-07-04,551.4025268554688,558.0670065149027,548.7269962884594,558.0573271940037,3958315,SHRIRAMFIN.NS,Shriram Finance,Finance
2024-07-05,557.648681640625,558.8940480609659,547.6178762640477,551.6457803405177,6163345,SHRIRAMFIN.NS,Shriram Finance,Finance
2024-07-08,546.4114379882812,555.7320301315891,544.0764057552832,555.7320301315891,4065755,SHRIRAMFIN.NS,Shriram Finance,Finance
2024-07-09,543.2786254882812,547.5496997373974,539.9998893938676,546.5671002851885,6359760,SHRIRAMFIN.NS,Shriram Finance,Finance
2024-07-10,537.4605712890625,545.7401318621858,526.3498390040537,543.6580683396877,8300735,SHRIRAMFIN.NS,Shriram Finance,Finance
2024-07-11,532.965576171875,542.0040411808881,528.1301921660809,537.4604619229015,5689115,SHRIRAMFIN.NS,Shriram Finance,Finance
2024-07-12,543.74560546875,556.5103127876995,535.1060699881726,535.1060699881726,9030805,SHRIRAMFIN.NS,Shriram Finance,Finance
2024-07-15,560.8495483398438,562.1532280339558,546.2362692761366,547.3648304762185,7400215,SHRIRAMFIN.NS,Shriram Finance,Finance
2024-07-16,547.4622192382812,564.2937271545263,545.2245146105153,561.7446809307256,4907090,SHRIRAMFIN.NS,Shriram Finance,Finance
2024-07-18,557.9308471679688,559.2247882970041,540.3599104825199,540.3599104825199,4119020,SHRIRAMFIN.NS,Shriram Finance,Finance
2024-07-19,546.946533203125,559.5944958261613,542.7629882119726,556.5103554135982,3677715,SHRIRAMFIN.NS,Shriram Finance,Finance
2024-07-22,550.1668090820312,554.1655556050925,537.8399287156807,544.8157488244376,2717785,SHRIRAMFIN.NS,Shriram Finance,Finance
2024-07-23,535.847412109375,553.0230086104715,521.0192420515884,553.0230086104715,12227465,SHRIRAMFIN.NS,Shriram Finance,Finance
2024-07-24,532.9227905273438,539.9162954072569,521.3909041877488,535.8082246980439,5130575,SHRIRAMFIN.NS,Shriram Finance,Finance
2024-07-25,524.0708618164062,530.1351503842264,515.5613004147104,528.0811450833885,10445410,SHRIRAMFIN.NS,Shriram Finance,Finance
2024-07-26,572.1939697265625,595.4729603157975,526.2228302784455,529.3136295567339,32196680,SHRIRAMFIN.NS,Shriram Finance,Finance
2024-07-29,575.715087890625,593.8590624649156,568.2814813770178,580.9969017864864,12753435,SHRIRAMFIN.NS,Shriram Finance,Finance
2024-07-30,569.6605834960938,583.2270137517565,565.7384155406673,575.7150821571918,9486875,SHRIRAMFIN.NS,Shriram Finance,Finance
2024-07-31,573.5535278320312,576.5073773282226,570.4431474160758,573.9350047875207,4655790,SHRIRAMFIN.NS,Shriram Finance,Finance
2024-08-01,584.7625732421875,586.6698981608173,571.2059937820388,573.7393229291813,8859720,SHRIRAMFIN.NS,Shriram Finance,Finance
2024-08-02,585.3201293945312,591.3453158958162,571.2158105150149,576.1063568379175,8905205,SHRIRAMFIN.NS,Shriram Finance,Finance
2024-08-05,565.6307373046875,575.4900945738923,549.3256739582804,562.6084133641073,9480440,SHRIRAMFIN.NS,Shriram Finance,Finance
2024-08-06,554.9401245117188,575.2163725911148,552.631800698522,571.245250889102,5917390,SHRIRAMFIN.NS,Shriram Finance,Finance
2024-08-07,572.2037353515625,573.5828432071177,561.5423200235606,565.3667608461473,3986695,SHRIRAMFIN.NS,Shriram Finance,Finance
2024-08-08,561.8650512695312,571.215772834128,559.2045632018675,571.215772834128,4434050,SHRIRAMFIN.NS,Shriram Finance,Finance
2024-08-09,578.6690063476562,581.6522277061232,563.4105254885466,569.2595998680299,4568775,SHRIRAMFIN.NS,Shriram Finance,Finance
2024-08-12,582.1900634765625,589.7997808468425,572.7024530696024,577.0745720432258,5709795,SHRIRAMFIN.NS,Shriram Finance,Finance
2024-08-13,565.611328125,585.9755725030318,559.5763502900317,582.9531882627415,7249815,SHRIRAMFIN.NS,Shriram Finance,Finance
2024-08-14,566.3448486328125,570.550706554104,560.260977929758,567.4990104075542,3626125,SHRIRAMFIN.NS,Shriram Finance,Finance
2024-08-16,583.2465209960938,585.2810049070426,567.7043510279537,569.8464126262622,4976095,SHRIRAMFIN.NS,Shriram Finance,Finance
2024-08-19,601.654541015625,603.4933911324388,589.4183850730692,592.3429221006152,9092170,SHRIRAMFIN.NS,Shriram Finance,Finance
2024-08-20,618.1356811523438,621.4906484534648,597.0966010908858,609.9489114119268,12149555,SHRIRAMFIN.NS,Shriram Finance,Finance
2024-08-21,617.979248046875,624.0337471350978,609.7240029852134,614.24286327475,5227030,SHRIRAMFIN.NS,Shriram Finance,Finance
2024-08-22,614.956787109375,619.5246000532794,610.9856661483014,619.1431231377927,4610695,SHRIRAMFIN.NS,Shriram Finance,Finance
2024-08-23,611.6214599609375,618.6149646033696,609.8901875774968,618.1650128808182,2466965,SHRIRAMFIN.NS,Shriram Finance,Finance
2024-08-26,618.5856323242188,622.0285960241522,608.5795936951016,614.252615465,3366050,SHRIRAMFIN.NS,Shriram Finance,Finance
2024-08-27,631.7510375976562,639.4683343939602,609.5577349294704,616.9718202271403,9915805,SHRIRAMFIN.NS,Shriram Finance,Finance
2024-08-28,626.351806640625,635.3797357846213,624.3760068803376,630.8804571789342,3352220,SHRIRAMFIN.NS,Shriram Finance,Finance
2024-08-29,626.0877685546875,638.1185612708803,621.0113786605011,625.7943476906709,5976425,SHRIRAMFIN.NS,Shriram Finance,Finance
2024-08-30,626.8703002929688,630.7631563650003,621.4906989194731,626.136718287492,11026125,SHRIRAMFIN.NS,Shriram Finance,Finance
2024-09-02,630.9293212890625,637.414189996941,628.7383662545483,629.8925279352638,3165735,SHRIRAMFIN.NS,Shriram Finance,Finance
2024-09-03,639.9964599609375,642.236308680957,624.0435002735849,628.141780472434,7181415,SHRIRAMFIN.NS,Shriram Finance,Finance
2024-09-04,634.5874633789062,642.0211293175058,631.0760846882923,633.2376678708172,3467420,SHRIRAMFIN.NS,Shriram Finance,Finance
2024-09-05,634.8907470703125,644.3784195835552,631.6923701321531,635.174436985574,3368300,SHRIRAMFIN.NS,Shriram Finance,Finance
2024-09-06,632.9638671875,639.0868408712794,629.9414832254012,636.5339899619372,3058060,SHRIRAMFIN.NS,Shriram Finance,Finance
2024-09-09,648.6234130859375,650.0905770304097,629.139432920029,643.5959169751068,8095085,SHRIRAMFIN.NS,Shriram Finance,Finance
2024-09-10,637.737060546875,652.9662296622539,631.8879859787726,651.0100110429229,6190070,SHRIRAMFIN.NS,Shriram Finance,Finance
2024-09-11,641.6201171875,645.1608680647574,636.573099485355,638.7151612325624,2946285,SHRIRAMFIN.NS,Shriram Finance,Finance
2024-09-12,665.2610473632812,667.5399989910301,644.6815900070291,645.5521215896725,9163615,SHRIRAMFIN.NS,Shriram Finance,Finance
2024-09-13,658.9033203125,670.0048364232503,658.2675254202152,665.0556060049325,4786700,SHRIRAMFIN.NS,Shriram Finance,Finance
2024-09-16,668.8213500976562,672.909839889331,657.7980986621102,660.8106323828883,4724820,SHRIRAMFIN.NS,Shriram Finance,Finance
2024-09-17,669.9265747070312,678.1720285688035,666.5716671238227,668.0486216517971,8030320,SHRIRAMFIN.NS,Shriram Finance,Finance
2024-09-18,699.2894897460938,702.2727112754441,672.9392218960954,673.8195441764541,10582475,SHRIRAMFIN.NS,Shriram Finance,Finance
2024-09-19,689.6355590820312,708.8651624266988,684.6765375674772,698.673279826073,6428925,SHRIRAMFIN.NS,Shriram Finance,Finance
2024-09-20,690.9559936523438,701.5000411518763,688.0021439964194,692.3057893377952,6407140,SHRIRAMFIN.NS,Shriram Finance,Finance
2024-09-23,697.9200439453125,706.5861371622217,692.5013402603571,694.6434018787854,2935070,SHRIRAMFIN.NS,Shriram Finance,Finance
2024-09-24,687.8651123046875,700.6196352772347,685.0677342116292,700.6196352772347,6681865,SHRIRAMFIN.NS,Shriram Finance,Finance
2024-09-25,689.3811645507812,692.4622325073254,676.4603201206565,687.8651071828982,3801635,SHRIRAMFIN.NS,Shriram Finance,Finance
2024-09-26,709.8041381835938,711.4767265732544,690.4571076318697,691.9340622223042,5359390,SHRIRAMFIN.NS,Shriram Finance,Finance
2024-09-27,708.3565063476562,714.4598983858186,703.4170069811164,707.7598143465858,4967200,SHRIRAMFIN.NS,Shriram Finance,Finance
2024-09-30,699.7296142578125,713.0318766263197,697.978760433937,706.9675871322153,4405700,SHRIRAMFIN.NS,Shriram Finance,Finance
2024-10-01,698.4483032226562,709.676978843779,695.9834486915595,699.7394146580377,3381135,SHRIRAMFIN.NS,Shriram Finance,Finance
2024-10-03,666.9727172851562,699.3285280895728,665.1240764864405,698.3700001342612,8036680,SHRIRAMFIN.NS,Shriram Finance,Finance
2024-10-04,652.6531982421875,667.9508414868992,648.5842302650364,666.4836775882158,8827525,SHRIRAMFIN.NS,Shriram Finance,Finance
2024-10-07,645.4249267578125,667.6573302430537,636.9447365291519,659.2065119465609,5480765,SHRIRAMFIN.NS,Shriram Finance,Finance
2024-10-08,651.2837524414062,659.8422076110069,641.2483428849757,641.2483428849757,9122180,SHRIRAMFIN.NS,Shriram Finance,Finance
2024-10-09,662.757080078125,680.7640452960308,653.3769860025122,656.213526737533,6569580,SHRIRAMFIN.NS,Shriram Finance,Finance
2024-10-10,652.9172973632812,668.2344619754542,650.6187048026358,665.1142910749494,3740385,SHRIRAMFIN.NS,Shriram Finance,Finance
2024-10-11,653.6116943359375,656.8786053918963,647.1268254441629,655.3331761116009,1799620,SHRIRAMFIN.NS,Shriram Finance,Finance
2024-10-14,664.19482421875,670.982904385775,656.0667392372574,658.8543265493287,3844085,SHRIRAMFIN.NS,Shriram Finance,Finance
2024-10-15,665.3392944335938,672.6653238073939,658.971793105246,669.026785733513,5209855,SHRIRAMFIN.NS,Shriram Finance,Finance
2024-10-16,663.2363891601562,669.4180472706108,658.6783662649183,668.4399379436222,1607350,SHRIRAMFIN.NS,Shriram Finance,Finance
2024-10-17,637.453369140625,662.3658442427297,634.9787836364989,661.0062579777189,8237815,SHRIRAMFIN.NS,Shriram Finance,Finance
2024-10-18,654.28662109375,660.0085960926275,615.3774657170204,623.5935476937178,9380205,SHRIRAMFIN.NS,Shriram Finance,Finance
2024-10-21,648.1538696289062,661.8865621362227,640.0747371181789,656.6928042440858,5627980,SHRIRAMFIN.NS,Shriram Finance,Finance
2024-10-22,636.6513061523438,663.3536755399966,633.8147655749353,648.1538202692809,19691260,SHRIRAMFIN.NS,Shriram Finance,Finance
2024-10-23,625.5498046875,637.8250647337303,620.1311005375129,625.9899658220296,9660305,SHRIRAMFIN.NS,Shriram Finance,Finance
2024-10-24,634.8125610351562,638.9010510289431,623.1632450324167,624.0337766975902,7501270,SHRIRAMFIN.NS,Shriram Finance,Finance
2024-10-25,604.9899291992188,636.612157544015,592.3429243512657,636.612157544015,15251890,SHRIRAMFIN.NS,Shriram Finance,Finance
2024-10-28,637.59033203125,654.1888783659451,615.035133322291,618.9475706331186,21602980,SHRIRAMFIN.NS,Shriram Finance,Finance
2024-10-29,638.8618774414062,642.7450026084457,618.6345832263019,634.225648669444,10906400,SHRIRAMFIN.NS,Shriram Finance,Finance
2024-10-30,623.2120361328125,637.6685188693993,621.4808234315857,629.3252186772322,6964385,SHRIRAMFIN.NS,Shriram Finance,Finance
2024-10-31,614.0375366210938,623.0556764695474,604.0021248077411,623.0556764695474,8075010,SHRIRAMFIN.NS,Shriram Finance,Finance
2024-11-01,616.3947143554688,618.9475653512252,614.252652558108,617.9694560318652,286730,SHRIRAMFIN.NS,Shriram Finance,Finance
2024-11-04,615.7980346679688,620.0527860005411,608.178525448397,617.265198534242,4842960,SHRIRAMFIN.NS,Shriram Finance,Finance
2024-11-05,618.6150512695312,621.2950612945589,597.6248034567865,617.6956261070201,7606175,SHRIRAMFIN.NS,Shriram Finance,Finance
2024-11-06,623.38818359375,625.9899279642688,613.5288255125784,623.4468677615346,4294660,SHRIRAMFIN.NS,Shriram Finance,Finance
2024-11-07,604.7636108398438,629.1401049103795,602.3702294307225,629.1401049103795,5846920,SHRIRAMFIN.NS,Shriram Finance,Finance
2024-11-08,592.5112915039062,607.6887091509916,590.3641374917839,607.6887091509916,3851745,SHRIRAMFIN.NS,Shriram Finance,Finance
2024-11-11,590.8369140625,602.1830217851781,582.6326074875097,592.9150570610376,4101875,SHRIRAMFIN.NS,Shriram Finance,Finance
2024-11-12,577.3929443359375,595.9387944835097,575.7087887053947,593.7917004423869,5430660,SHRIRAMFIN.NS,Shriram Finance,Finance
2024-11-13,562.1564331054688,577.2550422132915,559.2804560347806,577.2550422132915,6755505,SHRIRAMFIN.NS,Shriram Finance,Finance
2024-11-14,556.000732421875,564.7467273342489,548.2002114800956,561.9495599050946,7172685,SHRIRAMFIN.NS,Shriram Finance,Finance
2024-11-18,561.0336303710938,564.7073211276518,551.5489533814974,556.0007605988633,4841895,SHRIRAMFIN.NS,Shriram Finance,Finance
2024-11-19,556.4242553710938,564.5497532162541,551.8838400934766,561.0040453608365,5942545,SHRIRAMFIN.NS,Shriram Finance,Finance
2024-11-21,551.9822998046875,558.8372868120784,545.2454970462117,558.6304343194453,4777400,SHRIRAMFIN.NS,Shriram Finance,Finance
2024-11-22,561.4078369140625,564.3527044095733,540.8232203341283,541.6998035344945,8194990,SHRIRAMFIN.NS,Shriram Finance,Finance
2024-11-25,580.6627807617188,593.8999563221173,576.5557282439646,576.5557282439646,13791540,SHRIRAMFIN.NS,Shriram Finance,Finance
2024-11-26,600.0753784179688,606.5658934714222,580.8991736341721,584.0016602685033,10105100,SHRIRAMFIN.NS,Shriram Finance,Finance
2024-11-27,594.6879272460938,604.0839957631905,592.3930728876629,596.638087566771,4064750,SHRIRAMFIN.NS,Shriram Finance,Finance
2024-11-28,599.5533447265625,605.7188831390404,589.2216615250909,598.824521867539,12057145,SHRIRAMFIN.NS,Shriram Finance,Finance
2024-11-29,594.81591796875,604.054366601184,589.4087786968106,602.2716842168135,5600545,SHRIRAMFIN.NS,Shriram Finance,Finance
2024-12-02,609.5010375976562,613.5686559661017,593.0530472829374,594.8160125366343,5433440,SHRIRAMFIN.NS,Shriram Finance,Finance
2024-12-03,621.5857543945312,631.7007866173577,615.5778349916066,616.749878823017,9872220,SHRIRAMFIN.NS,Shriram Finance,Finance
2024-12-04,617.0060424804688,625.1118233772689,614.5240528507811,619.6160149604182,5743725,SHRIRAMFIN.NS,Shriram Finance,Finance
2024-12-05,615.8240966796875,622.2752374097334,605.3249350241366,620.9751505573018,7117350,SHRIRAMFIN.NS,Shriram Finance,Finance
2024-12-06,615.8339233398438,620.1478285439541,609.3827228314366,615.9619662885458,3193785,SHRIRAMFIN.NS,Shriram Finance,Finance
2024-12-09,612.0026245117188,623.1222230329442,609.7570036312813,610.7616298266414,3963995,SHRIRAMFIN.NS,Shriram Finance,Finance
2024-12-10,627.682373046875,629.7802336228264,612.4162864807677,615.6566749410257,5630900,SHRIRAMFIN.NS,Shriram Finance,Finance
2024-12-11,639.8460083007812,643.657600442426,626.0079919515707,629.455172656401,7350105,SHRIRAMFIN.NS,Shriram Finance,Finance
2024-12-12,639.81640625,643.1454025762883,634.5865432829236,638.1223920841795,5108345,SHRIRAMFIN.NS,Shriram Finance,Finance
2024-12-13,622.9646606445312,641.1066634990879,614.1103403506432,638.624674142612,6003130,SHRIRAMFIN.NS,Shriram Finance,Finance
2024-12-16,618.0203857421875,629.7506826911218,615.9619601058279,625.2200663446607,2943305,SHRIRAMFIN.NS,Shriram Finance,Finance
2024-12-17,586.39501953125,617.5378316886229,584.1001651429573,617.5378316886229,10413170,SHRIRAMFIN.NS,Shriram Finance,Finance
2024-12-18,577.432373046875,597.4456674105774,572.9904246411743,586.3950192819145,7447675,SHRIRAMFIN.NS,Shriram Finance,Finance
2024-12-19,580.199951171875,581.5886461290405,562.048029095957,565.3376509366118,7354675,SHRIRAMFIN.NS,Shriram Finance,Finance
2024-12-20,566.7658081054688,583.2039391686803,560.1471893934214,581.7364346047027,12499100,SHRIRAMFIN.NS,Shriram Finance,Finance
2024-12-23,567.878662109375,581.8840346487893,565.8891273443116,572.4289353903365,4691250,SHRIRAMFIN.NS,Shriram Finance,Finance
2024-12-24,567.8885498046875,570.7743251634154,562.4026009772289,567.8983483961566,2020780,SHRIRAMFIN.NS,Shriram Finance,Finance
2024-12-26,576.5458984375,578.3285808999767,565.5641416474083,569.7303466065028,4462340,SHRIRAMFIN.NS,Shriram Finance,Finance
2024-12-27,571.0304565429688,579.0968019566642,569.3757568480917,578.5157394248514,1524915,SHRIRAMFIN.NS,Shriram Finance,Finance
2024-12-30,574.98974609375,584.8093181006167,570.3212879945069,573.7684687985629,3452720,SHRIRAMFIN.NS,Shriram Finance,Finance
2024-12-31,569.1098022460938,573.7486836791271,567.5142549856286,570.8333924447244,4075070,SHRIRAMFIN.NS,Shriram Finance,Finance
2025-01-01,574.9207763671875,577.3535322854015,567.878714738801,571.0500921195442,1297175,SHRIRAMFIN.NS,Shriram Finance,Finance
2025-01-02,602.7741088867188,604.5174168859946,577.471796699298,578.5946072789695,7297085,SHRIRAMFIN.NS,Shriram Finance,Finance
2025-01-03,600.4693603515625,610.2494979956373,598.0661803585868,602.7642147986656,3652225,SHRIRAMFIN.NS,Shriram Finance,Finance
2025-01-06,584.9472045898438,606.9698127625262,582.0811462084486,597.0517731591274,5430225,SHRIRAMFIN.NS,Shriram Finance,Finance
2025-01-07,582.7508544921875,595.2789261802782,581.0962148567916,586.4245452241881,2781710,SHRIRAMFIN.NS,Shriram Finance,Finance
2025-01-08,571.0009155273438,585.0358668792448,559.5956540178603,585.0358668792448,4976035,SHRIRAMFIN.NS,Shriram Finance,Finance
2025-01-09,553.4891967773438,576.0042587423931,551.7459489929356,571.9858138082803,5408205,SHRIRAMFIN.NS,Shriram Finance,Finance
2025-01-10,523.971435546875,557.4583318036301,521.0167094065731,557.4583318036301,5999299,SHRIRAMFIN.NS,Shriram Finance,Finance
2025-01-13,513.2359619140625,532.5402108491479,510.9214502333297,522.050907873431,5558523,SHRIRAMFIN.NS,Shriram Finance,Finance
2025-01-14,535.8888549804688,539.2375689520057,510.4782199184196,518.9977050990855,6987503,SHRIRAMFIN.NS,Shriram Finance,Finance
2025-01-15,525.1533813476562,537.7109684798613,521.1152192210196,536.7752931021002,4072535,SHRIRAMFIN.NS,Shriram Finance,Finance
2025-01-16,538.5481567382812,545.3932853903733,527.4679319786574,527.4679319786574,6194466,SHRIRAMFIN.NS,Shriram Finance,Finance
2025-01-17,518.554443359375,539.2867599836951,515.9444111942792,538.3018512593658,5347916,SHRIRAMFIN.NS,Shriram Finance,Finance
2025-01-20,508.90240478515625,513.6299551491428,485.9047775796319,503.2884124280191,12701612,SHRIRAMFIN.NS,Shriram Finance,Finance
2025-01-21,512.447998046875,522.7403062550186,505.7013973202949,510.18272000018766,7753705,SHRIRAMFIN.NS,Shriram Finance,Finance
2025-01-22,510.82293701171875,520.3765036043073,505.307412053647,512.497233761969,5895189,SHRIRAMFIN.NS,Shriram Finance,Finance
2025-01-23,521.8046875,525.3996287846938,503.87936478051006,510.8229900847102,5150004,SHRIRAMFIN.NS,Shriram Finance,Finance
2025-01-24,519.4901733398438,533.6235909757033,501.4663237536259,523.922263065745,7602501,SHRIRAMFIN.NS,Shriram Finance,Finance
2025-01-27,503.9285888671875,522.6418863974789,500.4814080168502,517.9635695291639,8523575,SHRIRAMFIN.NS,Shriram Finance,Finance
2025-01-28,522.1001586914062,533.6236042890605,500.9246484186028,512.2018367460867,16222471,SHRIRAMFIN.NS,Shriram Finance,Finance
2025-01-29,545.1470336914062,547.2646117071068,522.2479035498973,523.1343455364845,9135552,SHRIRAMFIN.NS,Shriram Finance,Finance
2025-01-30,530.1763916015625,551.5489244466839,528.7482618279506,545.1470172879277,7172857,SHRIRAMFIN.NS,Shriram Finance,Finance
2025-01-31,538.04296875,545.1179487267856,530.5722232858066,540.6651793302339,4058608,SHRIRAMFIN.NS,Shriram Finance,Finance
2025-02-01,526.2183837890625,543.8810720871755,512.5632362911053,542.149439532138,3874882,SHRIRAMFIN.NS,Shriram Finance,Finance
2025-02-03,540.4177856445312,552.143387182249,510.5842075018646,519.4897460048041,7442129,SHRIRAMFIN.NS,Shriram Finance,Finance
2025-02-04,570.6966552734375,573.8136182506983,539.6757168949399,550.1644392406264,12290382,SHRIRAMFIN.NS,Shriram Finance,Finance
2025-02-05,565.3037719726562,584.599105053359,562.4342458537928,570.9439583366942,6953215,SHRIRAMFIN.NS,Shriram Finance,Finance
2025-02-06,560.40576171875,564.0174767363741,548.5317095769316,564.0174767363741,6345455,SHRIRAMFIN.NS,Shriram Finance,Finance
2025-02-07,553.6771240234375,573.0219211855263,549.0264416922157,561.9395212403384,5747620,SHRIRAMFIN.NS,Shriram Finance,Finance
2025-02-10,554.9140014648438,560.6531143476916,540.7641020001095,555.8045794960399,4253881,SHRIRAMFIN.NS,Shriram Finance,Finance
2025-02-11,532.8975219726562,560.059426744381,528.3952895432852,560.059426744381,6416783,SHRIRAMFIN.NS,Shriram Finance,Finance
2025-02-12,541.4073486328125,545.7116685515075,521.4688111090561,532.8975746815865,5467745,SHRIRAMFIN.NS,Shriram Finance,Finance
2025-02-13,542.8915405273438,554.3697658726442,532.3532959205401,541.2588343281327,5723009,SHRIRAMFIN.NS,Shriram Finance,Finance
2025-02-14,533.4912719726562,549.1254279647366,521.2708575285383,545.1674107315745,6763071,SHRIRAMFIN.NS,Shriram Finance,Finance
2025-02-17,544.5736694335938,547.19587999646,519.5886857628693,531.363811135803,4397756,SHRIRAMFIN.NS,Shriram Finance,Finance
2025-02-18,547.542236328125,548.6307274063413,533.4417986089152,545.1674620016231,2988732,SHRIRAMFIN.NS,Shriram Finance,Finance
2025-02-19,551.9454956054688,553.8750411013465,540.7641089091305,542.0504524415322,4066886,SHRIRAMFIN.NS,Shriram Finance,Finance
2025-02-20,574.7536010742188,576.1389313787652,551.1539455182004,551.1539455182004,7590778,SHRIRAMFIN.NS,Shriram Finance,Finance
2025-02-21,578.958984375,588.4582625907361,570.6471838801041,574.7535907905452,9328402,SHRIRAMFIN.NS,Shriram Finance,Finance
2025-02-24,571.1419067382812,575.6441393244787,562.8300462756467,569.954489472969,4523171,SHRIRAMFIN.NS,Shriram Finance,Finance
2025-02-25,568.222900390625,580.5917053621232,565.5017632968954,575.6936465144988,6222936,SHRIRAMFIN.NS,Shriram Finance,Finance
2025-02-27,600.4312133789062,602.4102220323599,574.2093487206463,575.1988530473731,17099035,SHRIRAMFIN.NS,Shriram Finance,Finance
2025-02-28,610.821044921875,613.4927188408996,595.9290160031157,603.5482118482765,23771834,SHRIRAMFIN.NS,Shriram Finance,Finance
2025-03-03,614.779052734375,623.387752828537,608.446261005865,618.7370702126515,10284029,SHRIRAMFIN.NS,Shriram Finance,Finance
2025-03-04,626.25732421875,628.7310850816862,606.9619894878476,612.107363767113,5369562,SHRIRAMFIN.NS,Shriram Finance,Finance
2025-03-05,624.674072265625,630.8090111985447,614.9769418978753,620.0233898296431,9532495,SHRIRAMFIN.NS,Shriram Finance,Finance
2025-03-06,637.5870971679688,643.9694122383455,630.3142644285372,632.0953601611988,8075827,SHRIRAMFIN.NS,Shriram Finance,Finance
2025-03-07,624.228759765625,640.8524802218903,620.8644814024659,637.5870677357708,5829062,SHRIRAMFIN.NS,Shriram Finance,Finance
2025-03-10,619.0338745117188,634.7670172578472,616.312737648961,624.9214372573229,4906168,SHRIRAMFIN.NS,Shriram Finance,Finance
2025-03-11,631.5511474609375,633.2827800626713,609.0893867766791,617.6486235087846,6734891,SHRIRAMFIN.NS,Shriram Finance,Finance
2025-03-12,630.2648315429688,640.4567146528163,622.4971858662595,632.2933034579369,5378060,SHRIRAMFIN.NS,Shriram Finance,Finance
2025-03-13,613.04736328125,637.2407549543101,611.0188915905069,631.3037292870339,5273706,SHRIRAMFIN.NS,Shriram Finance,Finance
2025-03-17,616.7085571289062,622.8929590255058,606.9619638976852,606.9619638976852,4548324,SHRIRAMFIN.NS,Shriram Finance,Finance
2025-03-18,616.7085571289062,616.7085571289062,616.7085571289062,616.7085571289062,0,SHRIRAMFIN.NS,Shriram Finance,Finance
2025-03-19,660.9393920898438,670.488072099998,630.957424657815,638.9229219869269,9823834,SHRIRAMFIN.NS,Shriram Finance,Finance
2025-03-20,660.8899536132812,687.7054962891833,658.0203669529595,682.7579747331459,8747482,SHRIRAMFIN.NS,Shriram Finance,Finance
2025-03-21,669.696533203125,671.8734548559429,660.6426046211056,662.0278744768606,6365496,SHRIRAMFIN.NS,Shriram Finance,Finance
2025-03-24,674.8419189453125,687.6065483148541,666.9258847054848,669.8943975454202,4983671,SHRIRAMFIN.NS,Shriram Finance,Finance
2025-03-25,671.230224609375,680.7789653598146,660.6920399433697,680.7789653598146,5257157,SHRIRAMFIN.NS,Shriram Finance,Finance
2025-03-26,664.9468994140625,673.7535119718606,662.2257625489008,671.6755166744614,4792266,SHRIRAMFIN.NS,Shriram Finance,Finance
2025-03-27,671.378662109375,677.2167615898849,659.2077713969137,662.9678756275332,4628163,SHRIRAMFIN.NS,Shriram Finance,Finance
2025-03-28,649.1148071289062,677.8104312245439,643.32623125364,674.8419183870641,6806264,SHRIRAMFIN.NS,Shriram Finance,Finance
2025-04-01,630.759521484375,647.0368791272034,627.2467933352051,645.156796819144,7600903,SHRIRAMFIN.NS,Shriram Finance,Finance
2025-04-02,632.6891479492188,637.2408441064421,623.8825344861983,633.2828264411846,4387926,SHRIRAMFIN.NS,Shriram Finance,Finance
2025-04-03,647.2843017578125,653.617093430031,625.3667560088579,626.3562603696315,3704676,SHRIRAMFIN.NS,Shriram Finance,Finance
2025-04-04,646.739990234375,658.020363480431,642.683046737654,648.6200725735677,5191619,SHRIRAMFIN.NS,Shriram Finance,Finance
2025-04-07,607.5556640625,623.3382703462912,583.0654316756159,589.7445859629479,15188995,SHRIRAMFIN.NS,Shriram Finance,Finance
2025-04-08,634.717529296875,641.495609423011,616.5106264785046,617.1538284150932,10415072,SHRIRAMFIN.NS,Shriram Finance,Finance
2025-04-09,617.9949340820312,641.1493601935248,612.5031969796222,641.1493601935248,9235529,SHRIRAMFIN.NS,Shriram Finance,Finance
2025-04-11,632.0953369140625,641.8419905389902,620.4191982132024,620.4191982132024,7102851,SHRIRAMFIN.NS,Shriram Finance,Finance
2025-04-15,664.9468994140625,667.4701233373933,642.3367499831753,645.1073499851572,6085948,SHRIRAMFIN.NS,Shriram Finance,Finance
2025-04-16,668.9544067382812,670.8839523083441,655.4971716757581,665.5901281699269,6571065,SHRIRAMFIN.NS,Shriram Finance,Finance
2025-04-17,684.4896240234375,688.3487150893773,661.5331113628954,669.8944350760638,5771289,SHRIRAMFIN.NS,Shriram Finance,Finance
2025-04-21,695.6215209960938,709.969333306824,683.252717279947,691.4161277326039,6740583,SHRIRAMFIN.NS,Shriram Finance,Finance
2025-04-22,696.1163330078125,702.4986483531063,692.6530676694651,695.6215808166199,3672514,SHRIRAMFIN.NS,Shriram Finance,Finance
2025-04-23,696.5121459960938,706.3082029632243,678.7010674436162,702.0533462768209,5442424,SHRIRAMFIN.NS,Shriram Finance,Finance
2025-04-24,689.3381958007812,698.0952847112743,687.2107373947272,696.6110282590179,5010172,SHRIRAMFIN.NS,Shriram Finance,Finance
2025-04-25,648.3232421875,698.1942236514303,628.3352428555472,691.5645930267052,9784886,SHRIRAMFIN.NS,Shriram Finance,Finance
2025-04-28,615.4716796875,623.7835400340258,589.8930174788861,616.1643447821356,32221482,SHRIRAMFIN.NS,Shriram Finance,Finance
2025-04-29,608.2483520507812,624.1793483477296,603.7955823584542,618.440235045419,10387632,SHRIRAMFIN.NS,Shriram Finance,Finance
2025-04-30,605.27978515625,615.2737543090094,600.1343507788243,608.2482980207784,7374108,SHRIRAMFIN.NS,Shriram Finance,Finance
2025-05-02,597.2647705078125,609.8314871795877,593.2078270411639,605.2797915636138,7749204,SHRIRAMFIN.NS,Shriram Finance,Finance
2025-05-05,622.249755859375,624.2782879931514,600.8270239679783,603.7460737364021,8616953,SHRIRAMFIN.NS,Shriram Finance,Finance
2025-05-06,616.906494140625,625.218294377257,610.5736421935749,622.200318212863,5098276,SHRIRAMFIN.NS,Shriram Finance,Finance
2025-05-07,629.9679565429688,631.3037632321126,610.7715483621027,611.7115895555436,5983998,SHRIRAMFIN.NS,Shriram Finance,Finance
2025-05-08,609.3367309570312,634.0743382579383,600.6291052660218,628.3352254430376,10052396,SHRIRAMFIN.NS,Shriram Finance,Finance
2025-05-09,595.1373291015625,605.9228889335809,590.3877208933176,593.7025358942424,5637324,SHRIRAMFIN.NS,Shriram Finance,Finance
2025-05-12,639.1703491210938,641.1988209665371,604.5871598928305,604.6366230315872,9560644,SHRIRAMFIN.NS,Shriram Finance,Finance
2025-05-13,626.9498901367188,641.0008630473558,625.3172443049725,634.8659244081144,5748439,SHRIRAMFIN.NS,Shriram Finance,Finance
2025-05-14,645.1073608398438,648.4221761917235,630.9079374496204,632.7880198368233,9324793,SHRIRAMFIN.NS,Shriram Finance,Finance
2025-05-15,667.717529296875,672.8135009029555,637.3892569337731,647.9274421191694,9817422,SHRIRAMFIN.NS,Shriram Finance,Finance
2025-05-16,658.51513671875,667.7175149801617,653.1223259995432,666.9259235889368,5415727,SHRIRAMFIN.NS,Shriram Finance,Finance
2025-05-19,670.68603515625,676.7220479172282,659.0098959259617,662.9679133189105,4356035,SHRIRAMFIN.NS,Shriram Finance,Finance
2025-05-20,651.4401245117188,674.8913882401586,649.3127265270773,674.8913882401586,7035801,SHRIRAMFIN.NS,Shriram Finance,Finance
2025-05-21,651.0938720703125,654.7055871598309,631.9964499076472,651.4401744401881,7986603,SHRIRAMFIN.NS,Shriram Finance,Finance
2025-05-22,642.930419921875,647.8284782933795,633.5795921934665,645.1568046003271,6840583,SHRIRAMFIN.NS,Shriram Finance,Finance
2025-05-23,652.9243774414062,656.63501850528,639.3682170703596,644.1672886884836,3128629,SHRIRAMFIN.NS,Shriram Finance,Finance
2025-05-26,657.525634765625,660.7909870128644,645.2557567762108,657.8719371272442,2963171,SHRIRAMFIN.NS,Shriram Finance,Finance
2025-05-27,654.9529418945312,662.9679028306332,650.1043465070537,660.7909812200402,2493252,SHRIRAMFIN.NS,Shriram Finance,Finance
2025-05-28,648.8179931640625,656.9319406477282,647.135823745142,654.952932012422,3244100,SHRIRAMFIN.NS,Shriram Finance,Finance
2025-05-29,645.4041748046875,652.7759938629686,641.2977078328556,648.8179766928364,4173868,SHRIRAMFIN.NS,Shriram Finance,Finance
2025-05-30,632.6395874023438,648.0758916305334,630.5616524074687,636.3502287464441,6693573,SHRIRAMFIN.NS,Shriram Finance,Finance
2025-06-02,635.8059692382812,641.0998534246596,618.440181033763,631.6005760072517,4344402,SHRIRAMFIN.NS,Shriram Finance,Finance
2025-06-03,641.4461669921875,651.8359622153545,635.3606913465126,641.1987909154454,5336167,SHRIRAMFIN.NS,Shriram Finance,Finance
2025-06-04,634.47021484375,654.9034438707324,633.2827975194901,643.1283780910868,6290382,SHRIRAMFIN.NS,Shriram Finance,Finance
2025-06-05,644.6126098632812,647.9274252212756,631.4026907799445,640.2093035021691,4542850,SHRIRAMFIN.NS,Shriram Finance,Finance
2025-06-06,681.0263671875,683.6485778662754,637.5376390346474,647.1358432845986,20115034,SHRIRAMFIN.NS,Shriram Finance,Finance
2025-06-09,690.6740112304688,708.3861626103884,684.9843614244871,692.6530198586363,11413586,SHRIRAMFIN.NS,Shriram Finance,Finance
2025-06-10,693.048828125,698.5405648496566,683.4506244434608,697.6005236962625,6453133,SHRIRAMFIN.NS,Shriram Finance,Finance
2025-06-11,678.8494262695312,694.7309585175543,677.1672568475815,694.7309585175543,4586055,SHRIRAMFIN.NS,Shriram Finance,Finance
2025-06-12,661.038330078125,682.7579613627034,659.6035367760617,681.7684570708734,4970089,SHRIRAMFIN.NS,Shriram Finance,Finance
2025-06-13,660.1478271484375,663.314192637144,636.7460259678667,645.008362830764,4687026,SHRIRAMFIN.NS,Shriram Finance,Finance
2025-06-16,669.0534057617188,674.0998539046882,661.5825994321593,661.9784253390626,6882573,SHRIRAMFIN.NS,Shriram Finance,Finance
2025-06-17,658.0203857421875,672.6650378873137,655.0518727238017,672.6650378873137,2390137,SHRIRAMFIN.NS,Shriram Finance,Finance
2025-06-18,655.1508178710938,666.431191823704,652.2318283012431,656.0908590995703,3352972,SHRIRAMFIN.NS,Shriram Finance,Finance
2025-06-19,645.354736328125,661.9783969989645,641.1988060617772,653.8149862736409,3342726,SHRIRAMFIN.NS,Shriram Finance,Finance
2025-06-20,659.356201171875,663.8584942916743,643.6725813415882,645.1568378704312,7441267,SHRIRAMFIN.NS,Shriram Finance,Finance
2025-06-23,654.70556640625,659.2077990446832,641.495647317533,654.8539558195413,4243520,SHRIRAMFIN.NS,Shriram Finance,Finance
2025-06-24,668.9544067382812,674.8419697260924,666.3322564357546,666.9259348905957,4823566,SHRIRAMFIN.NS,Shriram Finance,Finance
2025-06-25,668.0143432617188,670.8839299517813,663.9573997015416,668.9543844460186,3211981,SHRIRAMFIN.NS,Shriram Finance,Finance
2025-06-26,695.8194580078125,700.1237776921289,667.1732955312319,668.0638735874257,19068571,SHRIRAMFIN.NS,Shriram Finance,Finance
2025-06-27,692.6035766601562,699.480643919922,689.2887008758184,695.6710159642996,7554681,SHRIRAMFIN.NS,Shriram Finance,Finance
2025-06-30,699.4310913085938,706.5060712216443,692.5540847292889,692.6530110016121,3721603,SHRIRAMFIN.NS,Shriram Finance,Finance
2025-07-01,689.1402587890625,703.0922447950933,686.7159612561508,700.5690209933066,3524637,SHRIRAMFIN.NS,Shriram Finance,Finance
2025-07-02,669.7954711914062,691.5150418185764,667.9153889018631,688.4476027088464,3288839,SHRIRAMFIN.NS,Shriram Finance,Finance
2025-07-03,668.3112182617188,677.0683070263445,665.886920684505,674.4460965132166,6014549,SHRIRAMFIN.NS,Shriram Finance,Finance
2025-07-04,669.0534057617188,677.2168168365279,662.9679297117667,668.8554928082672,3843226,SHRIRAMFIN.NS,Shriram Finance,Finance
2025-07-07,664.2542724609375,672.8629725712749,661.9784244855631,669.0534048990974,1770086,SHRIRAMFIN.NS,Shriram Finance,Finance
2025-07-08,661.9288940429688,670.2902172102949,660.296187838299,664.9468699900557,2820100,SHRIRAMFIN.NS,Shriram Finance,Finance
2025-07-09,673.90185546875,675.8314008296767,663.9573498634159,664.204725925213,3560120,SHRIRAMFIN.NS,Shriram Finance,Finance
2025-07-10,664.6995239257812,680.1357670894976,663.957395689169,676.8209517904494,3035156,SHRIRAMFIN.NS,Shriram Finance,Finance
2025-07-11,664.2025756835938,672.6014082649151,658.388031947169,671.9056358580013,4931083,SHRIRAMFIN.NS,Shriram Finance,Finance
2025-07-14,665.6934814453125,668.8244269008333,658.4873929936836,665.9419672539893,2832157,SHRIRAMFIN.NS,Shriram Finance,Finance
2025-07-15,680.304443359375,683.8329296277011,666.6377241989376,670.8122978210398,3786182,SHRIRAMFIN.NS,Shriram Finance,Finance
2025-07-16,664.3019409179688,669.9177444963337,650.5358512950303,669.9177444963337,9358644,SHRIRAMFIN.NS,Shriram Finance,Finance
2025-07-17,661.4194946289062,667.929810259501,660.8230923276028,665.941923919443,2671888,SHRIRAMFIN.NS,Shriram Finance,Finance
2025-07-18,641.59033203125,666.4389118930335,640.5963888367787,665.9419402957978,6570609,SHRIRAMFIN.NS,Shriram Finance,Finance
2025-07-21,651.6788940429688,654.0146363351166,633.6388004006639,641.5903461311821,4980207,SHRIRAMFIN.NS,Shriram Finance,Finance
2025-07-22,636.2727661132812,655.903144386311,635.1297071628373,654.0146280330939,4671422,SHRIRAMFIN.NS,Shriram Finance,Finance
2025-07-23,650.0885620117188,650.7843344106989,634.1854702200866,638.111558139242,5191770,SHRIRAMFIN.NS,Shriram Finance,Finance
2025-07-24,629.7127075195312,656.0025175135884,627.92362187759,656.0025175135884,7248079,SHRIRAMFIN.NS,Shriram Finance,Finance
2025-07-25,612.1199340820312,626.134570485721,598.0556733137842,621.2145392021436,16922561,SHRIRAMFIN.NS,Shriram Finance,Finance
2025-07-28,629.6133422851562,634.9805992520713,607.3489899813827,612.1199052849115,11583112,SHRIRAMFIN.NS,Shriram Finance,Finance
2025-07-29,634.483642578125,639.4533587749161,622.7551244867942,628.1721272743927,6858651,SHRIRAMFIN.NS,Shriram Finance,Finance
2025-07-30,628.9672241210938,634.4835965663973,622.3077927672288,631.153911222203,6024759,SHRIRAMFIN.NS,Shriram Finance,Finance
2025-07-31,627.029052734375,635.5770007801791,619.2763077927235,621.2145091945063,6481051,SHRIRAMFIN.NS,Shriram Finance,Finance
2025-08-01,610.4799194335938,628.1720960825705,608.5417180799902,626.1842097025625,3528632,SHRIRAMFIN.NS,Shriram Finance,Finance
2025-08-04,621.1151123046875,623.0035679317626,612.1696237587657,612.1696237587657,2955463,SHRIRAMFIN.NS,Shriram Finance,Finance
2025-08-05,626.2835693359375,629.3648295729741,617.3878264657812,626.6811708715154,3996694,SHRIRAMFIN.NS,Shriram Finance,Finance
2025-08-06,626.7805786132812,635.924868492161,618.6302926331194,630.1600098724805,4763826,SHRIRAMFIN.NS,Shriram Finance,Finance
2025-08-07,623.5502319335938,625.9854048663856,614.5550582555662,623.053260341819,3482599,SHRIRAMFIN.NS,Shriram Finance,Finance
2025-08-08,605.95751953125,623.0532946986258,604.2678038929449,619.5248083355505,5493423,SHRIRAMFIN.NS,Shriram Finance,Finance
2025-08-11,613.8593139648438,619.723603282142,605.4605422121693,606.7526562767746,3348109,SHRIRAMFIN.NS,Shriram Finance,Finance
2025-08-12,608.19384765625,615.2508198699899,607.2992745404908,612.2689903714277,2787285,SHRIRAMFIN.NS,Shriram Finance,Finance
2025-08-13,615.4993286132812,617.5865850739173,606.6532098381545,608.3429254167771,5325700,SHRIRAMFIN.NS,Shriram Finance,Finance
2025-08-14,612.71630859375,619.1272544800639,607.7962775337659,610.5793064098189,4279172,SHRIRAMFIN.NS,Shriram Finance,Finance
2025-08-18,623.0036010742188,633.6388057110133,621.6618019871404,623.2024018522437,5265058,SHRIRAMFIN.NS,Shriram Finance,Finance
2025-08-19,622.5563354492188,626.7309092663652,611.3744737955134,622.2084795750741,4765094,SHRIRAMFIN.NS,Shriram Finance,Finance
2025-08-20,612.5671997070312,621.1648329013706,609.5853700209686,619.5744873361823,5710611,SHRIRAMFIN.NS,Shriram Finance,Finance
2025-08-21,616.0460205078125,618.2327078132388,612.0702474672129,614.2569347726392,3993795,SHRIRAMFIN.NS,Shriram Finance,Finance
2025-08-22,612.1199340820312,618.2327094139732,608.8399334481404,616.0460221028852,3496256,SHRIRAMFIN.NS,Shriram Finance,Finance
2025-08-25,617.089599609375,620.021744126191,612.666600986653,616.2447721717821,6850166,SHRIRAMFIN.NS,Shriram Finance,Finance
2025-08-26,591.0980224609375,616.6920593971103,589.5076769704714,616.1454027801127,18048586,SHRIRAMFIN.NS,Shriram Finance,Finance
2025-08-28,568.1876831054688,584.3889459467102,566.5476524768432,573.2567694140689,20025147,SHRIRAMFIN.NS,Shriram Finance,Finance
2025-08-29,576.7355346679688,585.0846817109128,563.0688158369742,567.044588587809,12236788,SHRIRAMFIN.NS,Shriram Finance,Finance
2025-09-01,585.0349731445312,586.6253187450726,575.0955406367038,576.4870854539923,3886326,SHRIRAMFIN.NS,Shriram Finance,Finance
2025-09-02,581.0592041015625,592.7877830731194,578.7234617124966,586.4265219585625,4136915,SHRIRAMFIN.NS,Shriram Finance,Finance
2025-09-03,582.7489013671875,585.3331901545034,576.4870711754468,581.4567873062696,6612194,SHRIRAMFIN.NS,Shriram Finance,Finance
2025-09-04,582.251953125,592.390186571911,580.3634973187751,592.390186571911,5054056,SHRIRAMFIN.NS,Shriram Finance,Finance
2025-09-05,588.911376953125,592.3901783359705,582.0531442464655,585.4325755702796,4166734,SHRIRAMFIN.NS,Shriram Finance,Finance
2025-09-08,593.1356201171875,600.341708505708,589.2592172695844,592.3901626976854,2968301,SHRIRAMFIN.NS,Shriram Finance,Finance
2025-09-09,591.396240234375,595.322328248019,587.2713514354549,594.3780700170694,3947645,SHRIRAMFIN.NS,Shriram Finance,Finance
2025-09-10,601.1368408203125,603.1247272388092,593.0859250915925,594.9743807898768,4708224,SHRIRAMFIN.NS,Shriram Finance,Finance
2025-09-11,616.2944946289062,619.127269265872,599.14897371665,601.1368601992303,8412580,SHRIRAMFIN.NS,Shriram Finance,Finance
2025-09-12,629.0169677734375,629.8618559436578,615.4993637047344,619.4254517145101,10816255,SHRIRAMFIN.NS,Shriram Finance,Finance
2025-09-15,619.8726806640625,627.7744803131341,616.4435646031669,626.9793379122467,3643666,SHRIRAMFIN.NS,Shriram Finance,Finance
2025-09-16,614.3562622070312,624.5939256086486,610.3804894422798,619.8726954505063,4759255,SHRIRAMFIN.NS,Shriram Finance,Finance
2025-09-17,619.47509765625,622.208441448556,614.0084100716381,616.2447822653429,4633747,SHRIRAMFIN.NS,Shriram Finance,Finance
2025-09-18,623.10302734375,627.1781702694835,616.2447948765131,616.2447948765131,4675034,SHRIRAMFIN.NS,Shriram Finance,Finance
2025-09-19,629.3648681640625,633.4400111589678,623.3017780348486,626.1842376808415,6415748,SHRIRAMFIN.NS,Shriram Finance,Finance
2025-09-22,624.0472412109375,634.135789399393,621.6618138256516,634.135789399393,2712596,SHRIRAMFIN.NS,Shriram Finance,Finance
2025-09-23,624.991455078125,630.5575732464678,620.7175115671233,624.1963126727837,3586451,SHRIRAMFIN.NS,Shriram Finance,Finance
2025-09-24,621.3636474609375,626.1842479607922,616.5429862956012,624.3951622425719,2129098,SHRIRAMFIN.NS,Shriram Finance,Finance
2025-09-25,608.989013671875,622.2084461617036,607.1004973166943,621.3636187038736,4280161,SHRIRAMFIN.NS,Shriram Finance,Finance
2025-09-26,602.3792724609375,613.6605643344307,600.0932152027847,606.3053602876996,3958021,SHRIRAMFIN.NS,Shriram Finance,Finance
2025-09-29,608.0944213867188,611.772023261598,599.4968493356185,605.2120225829851,4098133,SHRIRAMFIN.NS,Shriram Finance,Finance
2025-09-30,612.368408203125,616.940583523626,607.4484376789881,608.0944643881315,5882401,SHRIRAMFIN.NS,Shriram Finance,Finance
2025-10-01,644.77099609375,646.0134251517903,612.3187248315418,612.3187248315418,15107673,SHRIRAMFIN.NS,Shriram Finance,Finance
2025-10-03,641.8884887695312,646.0630622277909,632.1478578105769,641.0933463645001,7200543,SHRIRAMFIN.NS,Shriram Finance,Finance
2025-10-06,667.3831787109375,671.4086365676254,642.5842835543594,642.5842835543594,10343487,SHRIRAMFIN.NS,Shriram Finance,Finance
2025-10-07,662.7613525390625,668.9238128739696,659.4813519195823,666.1407838836676,3729360,SHRIRAMFIN.NS,Shriram Finance,Finance
2025-10-08,662.8607788085938,669.2219792200281,657.9904326091911,657.9904326091911,2870458,SHRIRAMFIN.NS,Shriram Finance,Finance
2025-10-09,664.9976806640625,667.9298252143939,656.002506906994,662.8607391999402,2274108,SHRIRAMFIN.NS,Shriram Finance,Finance
2025-10-10,661.0219116210938,667.3334873269579,658.9843401985228,664.9479993858397,2480723,SHRIRAMFIN.NS,Shriram Finance,Finance
2025-10-13,668.0789794921875,670.1165510207936,654.7601156812083,656.0025447432218,2469940,SHRIRAMFIN.NS,Shriram Finance,Finance
2025-10-14,670.364990234375,676.8256209077508,662.9601014064103,670.9613318764957,4731724,SHRIRAMFIN.NS,Shriram Finance,Finance
2025-10-15,673.0486450195312,678.2668466867468,668.4764700165895,671.4086145150727,4687947,SHRIRAMFIN.NS,Shriram Finance,Finance
2025-10-16,668.4268188476562,679.6086801294944,658.2389007908704,672.7504476104416,5309779,SHRIRAMFIN.NS,Shriram Finance,Finance
2025-10-17,671.4086303710938,675.5335189097352,666.0413128347263,668.1286299501929,3516617,SHRIRAMFIN.NS,Shriram Finance,Finance
2025-10-20,689.7468872070312,694.4184323221104,673.9928512833958,674.2910827720748,6170486,SHRIRAMFIN.NS,Shriram Finance,Finance
2025-10-21,691.0390014648438,693.2753736378692,686.1189705510924,691.2874872618465,674998,SHRIRAMFIN.NS,Shriram Finance,Finance
2025-10-23,705.351806640625,713.4027221859367,691.0390004873179,691.0390004873179,8911040,SHRIRAMFIN.NS,Shriram Finance,Finance
2025-10-24,711.11669921875,718.968814371599,706.7433247209876,706.7433247209876,6036751,SHRIRAMFIN.NS,Shriram Finance,Finance
2025-10-27,715.2415161132812,725.876720689485,713.8997170338473,716.6330608860479,8133230,SHRIRAMFIN.NS,Shriram Finance,Finance
2025-10-28,719.3167114257812,722.4475961302275,705.948163151347,715.1421378210407,7071903,SHRIRAMFIN.NS,Shriram Finance,Finance
2025-10-29,733.9773559570312,737.4064720730539,713.0548640783536,719.3166940010382,10246214,SHRIRAMFIN.NS,Shriram Finance,Finance
2025-10-30,733.778564453125,743.3203948686133,728.7094784196739,734.0270502521271,6357608,SHRIRAMFIN.NS,Shriram Finance,Finance
2025-10-31,744.3640747070312,765.1374508517607,722.5966947129,729.0076403823067,18363853,SHRIRAMFIN.NS,Shriram Finance,Finance
2025-11-03,791.6260986328125,795.055214913594,753.9059408751772,758.1798846362976,26222030,SHRIRAMFIN.NS,Shriram Finance,Finance
2025-11-04,791.67578125,809.2189034936717,787.4515225302102,787.6503233089435,8543137,SHRIRAMFIN.NS,Shriram Finance,Finance
2025-11-06,787.7000122070312,795.7509281286964,780.2454379590152,787.799382264146,10930939,SHRIRAMFIN.NS,Shriram Finance,Finance
2025-11-07,816.3499755859375,820.0,780.7999877929688,792.5,9765252,SHRIRAMFIN.NS,Shriram Finance,Finance
2025-11-10,821.0999755859375,830.7000122070312,816.6500244140625,822.0,8623863,SHRIRAMFIN.NS,Shriram Finance,Finance
2025-11-11,832.2999877929688,833.2999877929688,804.0499877929688,821.0999755859375,7336169,SHRIRAMFIN.NS,Shriram Finance,Finance
2025-11-12,822.5,838.6500244140625,821.4000244140625,832.2999877929688,4239741,SHRIRAMFIN.NS,Shriram Finance,Finance
2025-11-13,814.0,826.3499755859375,809.75,826.0,6048569,SHRIRAMFIN.NS,Shriram Finance,Finance
2025-11-14,809.2999877929688,817.9500122070312,803.9000244140625,809.5,5672058,SHRIRAMFIN.NS,Shriram Finance,Finance
2025-11-17,817.9000244140625,828.3499755859375,808.5999755859375,809.0,7386312,SHRIRAMFIN.NS,Shriram Finance,Finance
2025-11-18,820.2000122070312,827.7000122070312,810.0,820.0,6684086,SHRIRAMFIN.NS,Shriram Finance,Finance
2025-11-19,818.0499877929688,826.7000122070312,815.7999877929688,824.1500244140625,3711577,SHRIRAMFIN.NS,Shriram Finance,Finance
2025-11-20,826.5999755859375,828.7000122070312,816.5,822.0,3187958,SHRIRAMFIN.NS,Shriram Finance,Finance
2025-11-21,823.2999877929688,832.0,810.5999755859375,825.0,3831244,SHRIRAMFIN.NS,Shriram Finance,Finance
2025-11-24,828.2000122070312,839.5,821.0999755859375,825.0,8140579,SHRIRAMFIN.NS,Shriram Finance,Finance
2025-11-25,838.25,841.8499755859375,827.2000122070312,828.2000122070312,5418151,SHRIRAMFIN.NS,Shriram Finance,Finance
2025-11-26,856.5999755859375,858.8499755859375,838.2999877929688,841.9500122070312,7052927,SHRIRAMFIN.NS,Shriram Finance,Finance
2025-11-27,867.6500244140625,869.5,857.25,860.0,6752154,SHRIRAMFIN.NS,Shriram Finance,Finance
2025-11-28,851.6500244140625,872.0,848.75,870.0499877929688,8198342,SHRIRAMFIN.NS,Shriram Finance,Finance
2025-12-01,851.5499877929688,865.0,849.4500122070312,857.8499755859375,6330770,SHRIRAMFIN.NS,Shriram Finance,Finance
2025-12-02,843.4000244140625,855.9500122070312,840.7999877929688,855.75,5587375,SHRIRAMFIN.NS,Shriram Finance,Finance
2025-12-03,828.0999755859375,846.4500122070312,818.9500122070312,843.4000244140625,9931005,SHRIRAMFIN.NS,Shriram Finance,Finance
2025-12-04,828.1500244140625,836.0,821.0,830.4500122070312,11436899,SHRIRAMFIN.NS,Shriram Finance,Finance
2025-12-05,854.9000244140625,857.0,828.1500244140625,828.1500244140625,12137708,SHRIRAMFIN.NS,Shriram Finance,Finance
2025-12-08,834.25,858.8499755859375,831.0,858.5,4117973,SHRIRAMFIN.NS,Shriram Finance,Finance
2025-12-09,846.7000122070312,849.0,817.7999877929688,830.0,5737027,SHRIRAMFIN.NS,Shriram Finance,Finance
2025-12-10,837.25,855.7999877929688,833.2999877929688,846.0,3699625,SHRIRAMFIN.NS,Shriram Finance,Finance
2025-12-11,847.1500244140625,850.5999755859375,835.7000122070312,841.7999877929688,4213992,SHRIRAMFIN.NS,Shriram Finance,Finance
2025-12-12,848.0,854.75,841.5,852.0,6036788,SHRIRAMFIN.NS,Shriram Finance,Finance
2025-12-15,855.3499755859375,870.5999755859375,845.8499755859375,852.0,7193809,SHRIRAMFIN.NS,Shriram Finance,Finance
2025-12-16,848.4000244140625,856.6500244140625,843.0,855.3499755859375,5171831,SHRIRAMFIN.NS,Shriram Finance,Finance
2025-12-17,864.2000122070312,875.4500122070312,855.0,856.0,11621162,SHRIRAMFIN.NS,Shriram Finance,Finance
2025-12-18,869.4500122070312,876.9000244140625,861.7999877929688,868.5,12481529,SHRIRAMFIN.NS,Shriram Finance,Finance
2025-12-19,901.7000122070312,913.5,850.5,869.0,35297309,SHRIRAMFIN.NS,Shriram Finance,Finance
2025-12-22,934.8499755859375,949.7999877929688,915.0,919.0,31894463,SHRIRAMFIN.NS,Shriram Finance,Finance
2025-12-23,957.7999877929688,959.9500122070312,931.7000122070312,938.7000122070312,14632455,SHRIRAMFIN.NS,Shriram Finance,Finance
2025-12-24,973.7000122070312,983.7000122070312,958.0,958.0,10574513,SHRIRAMFIN.NS,Shriram Finance,Finance
2025-12-26,960.25,978.75,956.7000122070312,976.5499877929688,4739099,SHRIRAMFIN.NS,Shriram Finance,Finance
2025-12-29,955.5,966.0,949.2000122070312,963.0,4897735,SHRIRAMFIN.NS,Shriram Finance,Finance
2025-12-30,979.4000244140625,984.5999755859375,960.9500122070312,960.9500122070312,17757531,SHRIRAMFIN.NS,Shriram Finance,Finance
2025-12-31,996.2000122070312,1000.2000122070312,979.4000244140625,983.0,9795995,SHRIRAMFIN.NS,Shriram Finance,Finance
2026-01-01,1019.7000122070312,1025.5999755859375,996.0,996.2000122070312,4289057,SHRIRAMFIN.NS,Shriram Finance,Finance
2026-01-02,1010.3499755859375,1025.0,1007.2000122070312,1024.75,5264026,SHRIRAMFIN.NS,Shriram Finance,Finance
2026-01-05,1003.3499755859375,1014.7999877929688,994.6500244140625,1013.5,4603571,SHRIRAMFIN.NS,Shriram Finance,Finance
2026-01-06,1002.6500244140625,1011.75,992.4500122070312,1002.5,4352915,SHRIRAMFIN.NS,Shriram Finance,Finance
2026-01-07,995.8499755859375,1003.0999755859375,990.25,996.0499877929688,4191098,SHRIRAMFIN.NS,Shriram Finance,Finance
2026-01-08,992.9000244140625,1002.5499877929688,981.0999755859375,1001.4000244140625,3804564,SHRIRAMFIN.NS,Shriram Finance,Finance
2026-01-09,975.4000244140625,993.2000122070312,961.0,987.0,6949168,SHRIRAMFIN.NS,Shriram Finance,Finance
2026-01-12,972.7999877929688,985.6500244140625,962.4500122070312,979.0,5510203,SHRIRAMFIN.NS,Shriram Finance,Finance
2026-01-13,979.0499877929688,987.6500244140625,969.2000122070312,975.0,3860197,SHRIRAMFIN.NS,Shriram Finance,Finance
2026-01-14,981.0999755859375,990.5,970.4000244140625,980.0,3846614,SHRIRAMFIN.NS,Shriram Finance,Finance
2026-01-15,981.0999755859375,981.0999755859375,981.0999755859375,981.0999755859375,0,SHRIRAMFIN.NS,Shriram Finance,Finance
2026-01-16,995.4500122070312,1022.0,981.0,981.0,13316550,SHRIRAMFIN.NS,Shriram Finance,Finance
2026-01-19,1010.3499755859375,1014.5,991.2000122070312,1002.0,4908985,SHRIRAMFIN.NS,Shriram Finance,Finance
2026-01-20,987.5,1008.0499877929688,983.0,1005.0,6129218,SHRIRAMFIN.NS,Shriram Finance,Finance
2026-01-21,986.0,997.5,972.5499877929688,982.5499877929688,7042588,SHRIRAMFIN.NS,Shriram Finance,Finance
2026-01-22,1005.5,1009.7000122070312,986.0999755859375,995.0499877929688,7210572,SHRIRAMFIN.NS,Shriram Finance,Finance
2026-01-23,1003.5499877929688,1020.8499755859375,973.6500244140625,1010.0,9023942,SHRIRAMFIN.NS,Shriram Finance,Finance
2026-01-27,1001.0499877929688,1019.9500122070312,984.2000122070312,1011.2000122070312,7984660,SHRIRAMFIN.NS,Shriram Finance,Finance
2026-01-28,1018.7999877929688,1020.7000122070312,999.5,1002.0,5587231,SHRIRAMFIN.NS,Shriram Finance,Finance
2026-01-29,1022.7999877929688,1028.4000244140625,1006.1500244140625,1022.4000244140625,6653822,SHRIRAMFIN.NS,Shriram Finance,Finance
2026-01-30,1020.0,1029.300048828125,1010.1500244140625,1025.0,6464610,SHRIRAMFIN.NS,Shriram Finance,Finance
2026-02-02,962.0999755859375,992.7000122070312,939.0,990.2000122070312,13566710,SHRIRAMFIN.NS,Shriram Finance,Finance
2026-02-03,1000.4000244140625,1041.5,997.2000122070312,1013.0,9880727,SHRIRAMFIN.NS,Shriram Finance,Finance
2026-02-04,998.7999877929688,1011.2000122070312,995.5,1010.4000244140625,4402517,SHRIRAMFIN.NS,Shriram Finance,Finance
2026-02-05,992.0,998.0,972.4000244140625,995.5,5775866,SHRIRAMFIN.NS,Shriram Finance,Finance
2026-02-06,1002.5,1005.0,972.9000244140625,994.0,3270421,SHRIRAMFIN.NS,Shriram Finance,Finance
2026-02-09,1062.699951171875,1067.800048828125,1003.4000244140625,1005.0,8667620,SHRIRAMFIN.NS,Shriram Finance,Finance
2026-02-10,1048.5999755859375,1066.800048828125,1036.5,1064.9000244140625,4345362,SHRIRAMFIN.NS,Shriram Finance,Finance
2026-02-11,1056.800048828125,1059.300048828125,1041.5,1053.0,4898578,SHRIRAMFIN.NS,Shriram Finance,Finance
2026-02-12,1082.800048828125,1087.0999755859375,1049.699951171875,1053.5,8462756,SHRIRAMFIN.NS,Shriram Finance,Finance
2026-02-13,1065.800048828125,1086.0,1060.0,1081.800048828125,4555743,SHRIRAMFIN.NS,Shriram Finance,Finance
2026-02-16,1085.4000244140625,1088.300048828125,1052.800048828125,1065.800048828125,5096496,SHRIRAMFIN.NS,Shriram Finance,Finance
2026-02-17,1075.0,1081.9000244140625,1060.0,1080.0,2832145,SHRIRAMFIN.NS,Shriram Finance,Finance
2026-02-18,1076.199951171875,1087.0999755859375,1072.0999755859375,1076.199951171875,2470593,SHRIRAMFIN.NS,Shriram Finance,Finance
2026-02-19,1054.699951171875,1078.0,1048.0999755859375,1078.0,2576169,SHRIRAMFIN.NS,Shriram Finance,Finance
2026-02-20,1059.300048828125,1066.0,1044.5999755859375,1056.800048828125,2295049,SHRIRAMFIN.NS,Shriram Finance,Finance
2026-02-23,1064.699951171875,1077.5,1056.9000244140625,1072.800048828125,2423932,SHRIRAMFIN.NS,Shriram Finance,Finance
2026-02-24,1061.699951171875,1066.0,1050.199951171875,1064.699951171875,2464507,SHRIRAMFIN.NS,Shriram Finance,Finance
2026-02-25,1085.9000244140625,1095.0,1055.800048828125,1065.0,3115583,SHRIRAMFIN.NS,Shriram Finance,Finance
2026-02-26,1104.5999755859375,1108.0,1085.0999755859375,1089.0,5231414,SHRIRAMFIN.NS,Shriram Finance,Finance
2026-02-27,1079.4000244140625,1103.9000244140625,1073.300048828125,1099.0,5601117,SHRIRAMFIN.NS,Shriram Finance,Finance
2026-03-02,1052.5,1071.0,1038.0,1044.0,6717872,SHRIRAMFIN.NS,Shriram Finance,Finance
2026-03-04,1010.0,1042.5,987.4000244140625,1042.300048828125,9200897,SHRIRAMFIN.NS,Shriram Finance,Finance
2026-03-05,1039.5,1046.4000244140625,1018.2999877929688,1022.2999877929688,5051614,SHRIRAMFIN.NS,Shriram Finance,Finance
2026-03-06,1007.5,1052.0,1000.0,1043.9000244140625,8166989,SHRIRAMFIN.NS,Shriram Finance,Finance
2026-03-09,987.2000122070312,993.0,934.2000122070312,957.5,11999852,SHRIRAMFIN.NS,Shriram Finance,Finance
2026-03-10,1062.9000244140625,1068.300048828125,1006.7000122070312,1010.0,14297519,SHRIRAMFIN.NS,Shriram Finance,Finance
2026-03-11,1031.699951171875,1077.9000244140625,1028.699951171875,1062.9000244140625,10731059,SHRIRAMFIN.NS,Shriram Finance,Finance
2026-03-12,1031.699951171875,1046.699951171875,1006.0999755859375,1021.0999755859375,7054662,SHRIRAMFIN.NS,Shriram Finance,Finance
2026-03-13,1003.5999755859375,1028.0,994.7000122070312,1021.2999877929688,6562852,SHRIRAMFIN.NS,Shriram Finance,Finance
2026-03-16,992.0,1002.9000244140625,969.2999877929688,990.0,10476354,SHRIRAMFIN.NS,Shriram Finance,Finance
2026-03-17,1004.5999755859375,1012.0,983.2000122070312,999.9000244140625,4175225,SHRIRAMFIN.NS,Shriram Finance,Finance
2026-03-18,1021.5999755859375,1028.9000244140625,1008.5,1013.2999877929688,3915253,SHRIRAMFIN.NS,Shriram Finance,Finance
2026-03-19,949.7999877929688,1000.0,946.2999877929688,1000.0,11956347,SHRIRAMFIN.NS,Shriram Finance,Finance
2026-03-20,938.5999755859375,966.9000244140625,922.2999877929688,962.0,28550627,SHRIRAMFIN.NS,Shriram Finance,Finance
2026-03-23,877.7000122070312,930.0999755859375,870.2000122070312,930.0,10556865,SHRIRAMFIN.NS,Shriram Finance,Finance
2026-03-24,903.5999755859375,931.9000244140625,896.2000122070312,907.0,13359073,SHRIRAMFIN.NS,Shriram Finance,Finance
2026-03-25,956.0,965.0,917.2999877929688,919.0,14265748,SHRIRAMFIN.NS,Shriram Finance,Finance
2026-03-27,903.7999877929688,951.0,900.0,950.0,12238678,SHRIRAMFIN.NS,Shriram Finance,Finance
2026-03-30,872.0999755859375,896.2999877929688,867.0,888.0,10949179,SHRIRAMFIN.NS,Shriram Finance,Finance
2026-04-01,900.5499877929688,926.2999877929688,895.75,915.5999755859375,11752172,SHRIRAMFIN.NS,Shriram Finance,Finance
2026-04-02,891.5999755859375,895.0,863.4500122070312,876.0,7230236,SHRIRAMFIN.NS,Shriram Finance,Finance
2026-04-06,928.0,931.0,885.6500244140625,895.0,5898399,SHRIRAMFIN.NS,Shriram Finance,Finance
2026-04-07,930.6500244140625,932.4000244140625,910.0499877929688,920.0,5503677,SHRIRAMFIN.NS,Shriram Finance,Finance
2026-04-08,1023.2000122070312,1035.449951171875,975.0,975.0,18256527,SHRIRAMFIN.NS,Shriram Finance,Finance
2026-04-09,996.2999877929688,1015.0,990.4500122070312,1010.0999755859375,7668209,SHRIRAMFIN.NS,Shriram Finance,Finance
2026-04-10,1027.550048828125,1031.0,1011.25,1016.0999755859375,8048521,SHRIRAMFIN.NS,Shriram Finance,Finance
2026-04-13,1004.0999755859375,1015.5,988.7999877929688,1000.1500244140625,8242484,SHRIRAMFIN.NS,Shriram Finance,Finance
2026-04-15,1020.9500122070312,1043.5,1016.4500122070312,1030.0,7869459,SHRIRAMFIN.NS,Shriram Finance,Finance
2026-04-16,1022.75,1034.3499755859375,1015.3499755859375,1026.0999755859375,5716035,SHRIRAMFIN.NS,Shriram Finance,Finance
2026-04-17,1036.949951171875,1039.5,1013.1500244140625,1022.0,4345572,SHRIRAMFIN.NS,Shriram Finance,Finance
2026-04-20,1045.1500244140625,1049.949951171875,1026.0,1040.0,4670588,SHRIRAMFIN.NS,Shriram Finance,Finance
2026-04-21,1045.300048828125,1062.699951171875,1039.25,1054.0,5699181,SHRIRAMFIN.NS,Shriram Finance,Finance
2026-04-22,1044.550048828125,1053.699951171875,1029.4000244140625,1050.0,4404420,SHRIRAMFIN.NS,Shriram Finance,Finance
2026-04-23,1009.2999877929688,1044.9000244140625,1006.3499755859375,1044.9000244140625,4658783,SHRIRAMFIN.NS,Shriram Finance,Finance
2026-04-24,1011.2999877929688,1030.4000244140625,983.5499877929688,1006.9500122070312,9263466,SHRIRAMFIN.NS,Shriram Finance,Finance
2026-04-27,974.6500244140625,1012.0,963.75,1011.2999877929688,15096574,SHRIRAMFIN.NS,Shriram Finance,Finance
2026-04-28,953.25,979.75,949.2999877929688,974.5,6752420,SHRIRAMFIN.NS,Shriram Finance,Finance
2026-04-29,956.8499755859375,975.2999877929688,954.9000244140625,965.0,5829309,SHRIRAMFIN.NS,Shriram Finance,Finance
2026-04-30,937.3499755859375,950.0,921.0,945.2000122070312,5990764,SHRIRAMFIN.NS,Shriram Finance,Finance
2026-05-01,937.3499755859375,937.3499755859375,937.3499755859375,937.3499755859375,0,SHRIRAMFIN.NS,Shriram Finance,Finance
2026-05-04,960.4500122070312,969.0,942.0,942.0,4018048,SHRIRAMFIN.NS,Shriram Finance,Finance
2026-05-05,964.4000244140625,966.9000244140625,937.2999877929688,955.6500244140625,4029508,SHRIRAMFIN.NS,Shriram Finance,Finance
2026-05-06,1004.0999755859375,1007.4500122070312,976.0499877929688,980.0,5858946,SHRIRAMFIN.NS,Shriram Finance,Finance
2026-05-07,1015.6500244140625,1023.75,1002.0499877929688,1009.0,4848929,SHRIRAMFIN.NS,Shriram Finance,Finance
2026-05-08,1007.75,1013.3499755859375,1001.25,1013.0,5755029,SHRIRAMFIN.NS,Shriram Finance,Finance
2026-05-11,975.9500122070312,990.8499755859375,970.4500122070312,990.0,5927270,SHRIRAMFIN.NS,Shriram Finance,Finance
2026-05-12,930.4500122070312,979.9500122070312,925.9500122070312,971.0,8674062,SHRIRAMFIN.NS,Shriram Finance,Finance
2026-05-13,920.5499877929688,938.4000244140625,915.0,925.2000122070312,10747950,SHRIRAMFIN.NS,Shriram Finance,Finance
2026-05-14,935.0999755859375,941.6500244140625,901.2999877929688,929.9000244140625,9220462,SHRIRAMFIN.NS,Shriram Finance,Finance
2026-05-15,937.9000244140625,945.9000244140625,921.0,921.0,5759607,SHRIRAMFIN.NS,Shriram Finance,Finance
2026-05-18,933.7000122070312,937.6500244140625,911.0,923.7999877929688,5232089,SHRIRAMFIN.NS,Shriram Finance,Finance
2026-05-19,927.3499755859375,941.8499755859375,924.7000122070312,940.0,3216479,SHRIRAMFIN.NS,Shriram Finance,Finance
2026-05-20,,,,,5764363,SHRIRAMFIN.NS,Shriram Finance,Finance
