Date,Close,High,Low,Open,Volume,Ticker,Company,Sector
2021-05-21,657.1231079101562,661.0254668384798,654.8387634051463,658.4080153859156,3434231,SUNPHARMA.NS,Sun Pharma,Pharma
2021-05-24,657.646484375,664.7374088267632,656.3615190056473,657.6940627753571,3722957,SUNPHARMA.NS,Sun Pharma,Pharma
2021-05-25,662.54833984375,663.7857270338085,657.6941802744118,661.5013824757109,2800233,SUNPHARMA.NS,Sun Pharma,Pharma
2021-05-26,669.8772583007812,672.1140245922688,662.6435968956062,665.7845272927665,6235460,SUNPHARMA.NS,Sun Pharma,Pharma
2021-05-27,665.7844848632812,675.5404405028075,661.0254821122928,673.1609391273133,9875654,SUNPHARMA.NS,Sun Pharma,Pharma
2021-05-28,637.4683837890625,661.0254461239326,634.1846604509979,660.5495458747433,28316552,SUNPHARMA.NS,Sun Pharma,Pharma
2021-05-31,636.0882568359375,643.1316037101897,627.2365238838526,639.6099302730636,13947126,SUNPHARMA.NS,Sun Pharma,Pharma
2021-06-01,638.7057495117188,640.847300756102,632.2810957785691,637.8015273676534,6443084,SUNPHARMA.NS,Sun Pharma,Pharma
2021-06-02,644.7973022460938,645.4159377553208,637.8491697632248,638.6581770034816,4978457,SUNPHARMA.NS,Sun Pharma,Pharma
2021-06-03,642.9412231445312,648.0333324665387,641.0376221877747,645.320724340477,3604574,SUNPHARMA.NS,Sun Pharma,Pharma
2021-06-04,641.4659423828125,646.5104732866708,640.3713485981577,646.177366357406,3747803,SUNPHARMA.NS,Sun Pharma,Pharma
2021-06-07,642.7984619140625,645.1303848211212,638.5629960485426,641.4659760338103,2793705,SUNPHARMA.NS,Sun Pharma,Pharma
2021-06-08,646.03466796875,647.1768403263602,633.0425663258709,640.5618144279466,5695920,SUNPHARMA.NS,Sun Pharma,Pharma
2021-06-09,640.4190063476562,651.6978782409865,635.4220532298423,648.2237828360443,4492551,SUNPHARMA.NS,Sun Pharma,Pharma
2021-06-10,643.46484375,648.1762687760639,640.5618632691497,640.6094416849072,3099864,SUNPHARMA.NS,Sun Pharma,Pharma
2021-06-11,648.4616088867188,653.2681893472513,641.561055901743,642.6556496125366,3822099,SUNPHARMA.NS,Sun Pharma,Pharma
2021-06-14,644.4641723632812,650.7460912703078,639.1816905753788,649.1280186081965,3640962,SUNPHARMA.NS,Sun Pharma,Pharma
2021-06-15,640.7521362304688,648.5569122903293,639.3720138264754,644.4641234867706,3862284,SUNPHARMA.NS,Sun Pharma,Pharma
2021-06-16,636.3262939453125,647.7003229919726,634.7082212699496,642.4654195732278,4842448,SUNPHARMA.NS,Sun Pharma,Pharma
2021-06-17,632.994873046875,641.0851768129934,629.758786396401,639.419526037616,2776147,SUNPHARMA.NS,Sun Pharma,Pharma
2021-06-18,636.2786254882812,640.5617276793018,621.2401894140228,634.850924757941,4158743,SUNPHARMA.NS,Sun Pharma,Pharma
2021-06-21,638.9912719726562,642.2749954680925,630.0919601236359,630.0919601236359,2932177,SUNPHARMA.NS,Sun Pharma,Pharma
2021-06-22,634.6605834960938,647.4623122777601,633.7563613714976,645.3207610794875,4577152,SUNPHARMA.NS,Sun Pharma,Pharma
2021-06-23,633.1852416992188,639.9430015751155,632.2334412607381,634.6605207602059,2631031,SUNPHARMA.NS,Sun Pharma,Pharma
2021-06-24,632.7570190429688,638.6581943049828,629.6160887224233,632.1859619277051,3460776,SUNPHARMA.NS,Sun Pharma,Pharma
2021-06-25,639.8480224609375,644.7498193177072,632.7570956063763,632.7570956063763,3010243,SUNPHARMA.NS,Sun Pharma,Pharma
2021-06-28,643.7027587890625,647.1292759361382,637.2781044932588,642.4654295803826,3342385,SUNPHARMA.NS,Sun Pharma,Pharma
2021-06-29,644.9400024414062,648.6520476683146,640.6569001457241,640.799693459564,2937766,SUNPHARMA.NS,Sun Pharma,Pharma
2021-06-30,642.8936157226562,650.508019206011,641.7514435814954,645.3682736174312,3768943,SUNPHARMA.NS,Sun Pharma,Pharma
2021-07-01,651.1744995117188,652.7449358767428,641.2281701600056,642.4654995033505,4102748,SUNPHARMA.NS,Sun Pharma,Pharma
2021-07-02,648.4141845703125,656.2665398329989,645.6063610698433,652.4593372813933,5071894,SUNPHARMA.NS,Sun Pharma,Pharma
2021-07-05,647.414794921875,651.935847877903,645.8918790701805,651.0316256680375,1600769,SUNPHARMA.NS,Sun Pharma,Pharma
2021-07-06,640.7996215820312,650.0796755150797,639.9906144764647,645.3206734981318,2682423,SUNPHARMA.NS,Sun Pharma,Pharma
2021-07-07,647.319580078125,649.1280244980641,633.9943713640885,635.8028157840276,2576763,SUNPHARMA.NS,Sun Pharma,Pharma
2021-07-08,634.755859375,648.0810681108337,633.0425717771815,644.3690224399601,2548016,SUNPHARMA.NS,Sun Pharma,Pharma
2021-07-09,635.7075805664062,639.8954679326915,632.1859070790284,634.3750366220062,1994075,SUNPHARMA.NS,Sun Pharma,Pharma
2021-07-12,636.3262939453125,640.4190249994895,634.2799574648739,636.3738723577321,1555035,SUNPHARMA.NS,Sun Pharma,Pharma
2021-07-13,650.079833984375,656.1237447819022,636.7546250886485,637.9919542960201,7744032,SUNPHARMA.NS,Sun Pharma,Pharma
2021-07-14,652.8875732421875,659.0266981671683,648.1761490861188,649.080371191755,2663467,SUNPHARMA.NS,Sun Pharma,Pharma
2021-07-15,650.079833984375,655.0292089071621,648.4617612855195,652.9352358906021,1905193,SUNPHARMA.NS,Sun Pharma,Pharma
2021-07-16,655.4098510742188,662.1200915858824,649.7466841417204,651.888235430133,3479357,SUNPHARMA.NS,Sun Pharma,Pharma
2021-07-19,656.028564453125,658.1701158060732,645.36838609979,645.36838609979,1940882,SUNPHARMA.NS,Sun Pharma,Pharma
2021-07-20,643.8455200195312,658.2652640862715,641.418440136347,655.790605792299,2724983,SUNPHARMA.NS,Sun Pharma,Pharma
2021-07-22,654.1724243164062,655.0290679412401,642.9887692571352,647.2242927918571,2047831,SUNPHARMA.NS,Sun Pharma,Pharma
2021-07-23,660.549560546875,665.2609847371576,648.7472108675097,653.1255281132777,3956261,SUNPHARMA.NS,Sun Pharma,Pharma
2021-07-26,669.4965209960938,671.019378618051,661.6917449736504,661.6917449736504,4715053,SUNPHARMA.NS,Sun Pharma,Pharma
2021-07-27,655.1244506835938,671.685807124548,641.3709180998477,671.0195349747058,5327355,SUNPHARMA.NS,Sun Pharma,Pharma
2021-07-28,654.6484375,658.598433205831,640.1334784289626,655.124337797411,3332667,SUNPHARMA.NS,Sun Pharma,Pharma
2021-07-29,669.1157836914062,671.9236069201501,647.8906431389154,654.6484037767168,4397443,SUNPHARMA.NS,Sun Pharma,Pharma
2021-07-30,736.64599609375,745.973629216814,662.5959300689402,669.0681617404565,35893710,SUNPHARMA.NS,Sun Pharma,Pharma
2021-08-02,737.6453857421875,763.2488423684912,727.2707370795935,747.1633907195061,18661462,SUNPHARMA.NS,Sun Pharma,Pharma
2021-08-03,756.4910278320312,765.580711013013,728.3653345994468,736.6460105905525,14678219,SUNPHARMA.NS,Sun Pharma,Pharma
2021-08-04,747.8773193359375,759.4417198305672,742.1189373408747,752.8742724718123,5796169,SUNPHARMA.NS,Sun Pharma,Pharma
2021-08-05,748.2579956054688,756.1103498279928,745.5453292908029,747.6393020354678,5026619,SUNPHARMA.NS,Sun Pharma,Pharma
2021-08-06,747.353759765625,758.0615153268238,743.8796647240081,748.591088789594,4064324,SUNPHARMA.NS,Sun Pharma,Pharma
2021-08-09,750.7802124023438,754.7777860657386,744.3079807104762,751.1133774287133,2873586,SUNPHARMA.NS,Sun Pharma,Pharma
2021-08-10,755.1109619140625,760.2982866594314,744.4984203731944,751.8748748194328,5656020,SUNPHARMA.NS,Sun Pharma,Pharma
2021-08-11,741.97607421875,756.6814036825601,736.027321045145,755.7296031747834,4275776,SUNPHARMA.NS,Sun Pharma,Pharma
2021-08-12,741.1195678710938,743.5942262186298,735.8846645185146,742.40447545668,2821380,SUNPHARMA.NS,Sun Pharma,Pharma
2021-08-13,740.786376953125,750.4947544505358,730.649735670995,731.9346432117463,4319920,SUNPHARMA.NS,Sun Pharma,Pharma
2021-08-16,743.1659545898438,745.2599276911615,733.8858980189768,737.8358940531285,2310304,SUNPHARMA.NS,Sun Pharma,Pharma
2021-08-17,746.3543701171875,754.9681528481599,740.6911456388274,745.2597763271556,5686055,SUNPHARMA.NS,Sun Pharma,Pharma
2021-08-18,745.1646728515625,753.2549775159143,741.7381560200952,750.0188324128555,4036305,SUNPHARMA.NS,Sun Pharma,Pharma
2021-08-20,724.4630126953125,746.6399539169231,707.5209164113716,737.6454270905152,6238261,SUNPHARMA.NS,Sun Pharma,Pharma
2021-08-23,724.6537475585938,734.8171509317035,716.4944259085546,730.0456109905886,2375417,SUNPHARMA.NS,Sun Pharma,Pharma
2021-08-24,736.1055297851562,742.4039981942349,719.7868845703974,725.0832828771985,2732537,SUNPHARMA.NS,Sun Pharma,Pharma
2021-08-25,733.9105834960938,740.5430359961,724.8923609058938,734.8171877796353,2254852,SUNPHARMA.NS,Sun Pharma,Pharma
2021-08-26,725.799072265625,735.867011882284,724.5584832849698,730.1889248270145,1735864,SUNPHARMA.NS,Sun Pharma,Pharma
2021-08-27,736.534912109375,741.4973254216966,723.4608806939847,725.9898202246534,2432862,SUNPHARMA.NS,Sun Pharma,Pharma
2021-08-30,751.2312622070312,758.6271491377003,733.0517066267187,733.8628451205797,3617125,SUNPHARMA.NS,Sun Pharma,Pharma
2021-08-31,757.7684326171875,764.4008864144987,747.8913658103722,751.470021645646,7435465,SUNPHARMA.NS,Sun Pharma,Pharma
2021-09-01,752.4718627929688,767.1682293851144,751.0404007838508,758.7225685835159,2811619,SUNPHARMA.NS,Sun Pharma,Pharma
2021-09-02,753.8557739257812,759.2953423127893,752.281142097896,754.1897584971024,2679549,SUNPHARMA.NS,Sun Pharma,Pharma
2021-09-03,753.3309326171875,760.77452508837,748.1776449275642,756.7664189127021,2860730,SUNPHARMA.NS,Sun Pharma,Pharma
2021-09-06,748.4161987304688,756.8618029215874,744.1218118713203,753.3309092122561,4613445,SUNPHARMA.NS,Sun Pharma,Pharma
2021-09-07,734.7218627929688,747.2232761711115,731.5725993231396,746.2689680278534,3851664,SUNPHARMA.NS,Sun Pharma,Pharma
2021-09-08,741.9268188476562,743.3582809491388,728.6619134087148,732.2405686624211,2548562,SUNPHARMA.NS,Sun Pharma,Pharma
2021-09-09,740.829345703125,746.5074903889086,736.2009748458471,736.9167059008699,2008287,SUNPHARMA.NS,Sun Pharma,Pharma
2021-09-13,744.6465454101562,747.2231887447509,736.3918158845986,740.8293132837463,1935832,SUNPHARMA.NS,Sun Pharma,Pharma
2021-09-14,745.6964111328125,751.9948216194109,741.7837127730252,748.8456163761117,1996844,SUNPHARMA.NS,Sun Pharma,Pharma
2021-09-15,744.9805908203125,749.8475385002702,743.2150860077608,748.8455267127895,1393824,SUNPHARMA.NS,Sun Pharma,Pharma
2021-09-16,745.3624267578125,748.702505542045,742.7380791416298,744.3604147718131,1353677,SUNPHARMA.NS,Sun Pharma,Pharma
2021-09-17,734.7218627929688,751.899409371615,731.6203613273798,749.1318924576277,4052622,SUNPHARMA.NS,Sun Pharma,Pharma
2021-09-20,721.9340209960938,739.3501424543604,717.2578883745165,731.6679745014887,2206369,SUNPHARMA.NS,Sun Pharma,Pharma
2021-09-21,729.5685424804688,731.3339891670048,716.7330868856639,721.9340776801499,2123997,SUNPHARMA.NS,Sun Pharma,Pharma
2021-09-22,734.91259765625,738.6344223074983,729.568495935507,730.0456499550855,1817865,SUNPHARMA.NS,Sun Pharma,Pharma
2021-09-23,734.6740112304688,741.6882101761788,731.0953561294962,735.8668962641262,2109768,SUNPHARMA.NS,Sun Pharma,Pharma
2021-09-24,735.2466430664062,741.1633645797618,727.1827284572123,733.8628847553757,1777859,SUNPHARMA.NS,Sun Pharma,Pharma
2021-09-27,728.1846923828125,739.1115304014754,725.3694721929586,736.2009027121702,2862731,SUNPHARMA.NS,Sun Pharma,Pharma
2021-09-28,739.684326171875,754.8578511561087,720.4550492349907,731.6681715498886,4938824,SUNPHARMA.NS,Sun Pharma,Pharma
2021-09-29,774.2301635742188,782.2940788111106,736.1055426556555,748.177563632706,18565413,SUNPHARMA.NS,Sun Pharma,Pharma
2021-09-30,780.862548828125,794.89088857733,769.7448369333804,777.5701744615249,10478553,SUNPHARMA.NS,Sun Pharma,Pharma
2021-10-01,788.8309936523438,792.7436915199378,768.5042442792868,774.8981197243096,5730355,SUNPHARMA.NS,Sun Pharma,Pharma
2021-10-04,793.9843139648438,800.5690629440987,788.6879158274477,792.0756978255052,4007435,SUNPHARMA.NS,Sun Pharma,Pharma
2021-10-05,783.009765625,796.2746709981101,777.7133675250682,790.1670760968922,2987134,SUNPHARMA.NS,Sun Pharma,Pharma
2021-10-06,764.0191040039062,786.3499386675185,760.8698986657939,782.9621562849076,2910453,SUNPHARMA.NS,Sun Pharma,Pharma
2021-10-07,785.6341552734375,788.5924871298922,767.3591315819615,771.1286602835597,4089061,SUNPHARMA.NS,Sun Pharma,Pharma
2021-10-08,783.8687744140625,795.7021610803657,781.1966648718604,787.3996681373229,2753935,SUNPHARMA.NS,Sun Pharma,Pharma
2021-10-11,794.5091552734375,797.9924029540144,780.4331115377942,788.2584491960301,2988841,SUNPHARMA.NS,Sun Pharma,Pharma
2021-10-12,791.7894287109375,804.243137554202,786.0635802086233,795.4157877798011,2407031,SUNPHARMA.NS,Sun Pharma,Pharma
2021-10-13,804.0523681640625,808.1081780438402,789.4514642461331,790.1194916403077,4113083,SUNPHARMA.NS,Sun Pharma,Pharma
2021-10-14,802.859375,811.1618669343613,799.9487470090922,805.340610952546,2300231,SUNPHARMA.NS,Sun Pharma,Pharma
2021-10-18,797.7061767578125,812.1162059981368,794.1275213259757,811.1618978829804,2632795,SUNPHARMA.NS,Sun Pharma,Pharma
2021-10-19,789.5468139648438,803.7183247491913,787.9245367287815,798.7559107867903,2029762,SUNPHARMA.NS,Sun Pharma,Pharma
2021-10-20,777.6657104492188,796.6564070933842,770.6038070612034,787.3519029214378,2089252,SUNPHARMA.NS,Sun Pharma,Pharma
2021-10-21,781.0057373046875,791.1213794123889,773.0372300793272,785.4432348228266,3155655,SUNPHARMA.NS,Sun Pharma,Pharma
2021-10-22,775.4229736328125,789.0695667334477,763.5895890772036,787.3995276906273,1709523,SUNPHARMA.NS,Sun Pharma,Pharma
2021-10-25,776.0433349609375,783.7255032829663,759.1997742098048,772.9895374845695,2129988,SUNPHARMA.NS,Sun Pharma,Pharma
2021-10-26,776.3297729492188,786.2546021957282,769.4587417975087,779.6698518740156,1628608,SUNPHARMA.NS,Sun Pharma,Pharma
2021-10-27,787.3995971679688,800.1396453665667,778.524543406574,778.524543406574,3569869,SUNPHARMA.NS,Sun Pharma,Pharma
2021-10-28,770.6991577148438,791.2645427849703,766.3570677375507,786.3021292767751,1647229,SUNPHARMA.NS,Sun Pharma,Pharma
2021-10-29,758.6749267578125,779.2402543181424,743.739981945112,763.446467177673,4321416,SUNPHARMA.NS,Sun Pharma,Pharma
2021-11-01,774.7072143554688,776.6635340850012,751.0403878612065,762.4443799868925,1935341,SUNPHARMA.NS,Sun Pharma,Pharma
2021-11-02,778.142822265625,797.8015451759697,746.9846405340793,777.4270912143307,17608860,SUNPHARMA.NS,Sun Pharma,Pharma
2021-11-03,751.9471435546875,784.4413254981323,745.6486746065281,782.5327091343898,9452138,SUNPHARMA.NS,Sun Pharma,Pharma
2021-11-04,759.1044311523438,760.5835971386639,752.4719778467208,760.5835971386639,485870,SUNPHARMA.NS,Sun Pharma,Pharma
2021-11-08,763.4464721679688,766.3093964385987,747.2232346343994,761.5378559875488,4280584,SUNPHARMA.NS,Sun Pharma,Pharma
2021-11-09,764.7348022460938,774.8982072031464,760.5835851489011,763.4465095597502,3232291,SUNPHARMA.NS,Sun Pharma,Pharma
2021-11-10,774.0392456054688,777.7610703449197,760.5835252330074,763.2078724028829,2900645,SUNPHARMA.NS,Sun Pharma,Pharma
2021-11-11,758.5318603515625,773.4191034329098,755.9075127639198,771.9876411123773,2107377,SUNPHARMA.NS,Sun Pharma,Pharma
2021-11-12,769.6494750976562,771.6057950341907,759.7246476565081,767.216001115804,2076523,SUNPHARMA.NS,Sun Pharma,Pharma
2021-11-15,773.6575927734375,782.1986619668796,769.7926565954548,771.3672300217136,2109222,SUNPHARMA.NS,Sun Pharma,Pharma
2021-11-16,761.9672241210938,780.0990758800828,759.2951734058786,775.1843664468745,1512946,SUNPHARMA.NS,Sun Pharma,Pharma
2021-11-17,755.1917724609375,768.2181027186194,751.4223016595847,763.4465617079447,1662900,SUNPHARMA.NS,Sun Pharma,Pharma
2021-11-18,754.523681640625,758.0545748220457,744.4556851346052,753.9033581107317,3177648,SUNPHARMA.NS,Sun Pharma,Pharma
2021-11-22,735.532958984375,757.7206220351524,730.0933912323351,755.6688363469733,2894426,SUNPHARMA.NS,Sun Pharma,Pharma
2021-11-23,749.32275390625,755.5734604966436,726.7533433759522,734.8172587084505,2739763,SUNPHARMA.NS,Sun Pharma,Pharma
2021-11-24,743.3582763671875,760.5358214790978,740.1136056586233,747.7003663989854,2404041,SUNPHARMA.NS,Sun Pharma,Pharma
2021-11-25,747.1279296875,751.2791471512433,738.9685477990336,740.1614330755518,1861259,SUNPHARMA.NS,Sun Pharma,Pharma
2021-11-26,732.2405395507812,762.396708237568,727.1827186425616,739.588723028852,5432649,SUNPHARMA.NS,Sun Pharma,Pharma
2021-11-29,716.7330932617188,739.5887841102663,714.8244770446601,737.6801678932075,4664270,SUNPHARMA.NS,Sun Pharma,Pharma
2021-11-30,719.1666259765625,726.8488534742053,711.9616108184716,716.6854479904482,5505266,SUNPHARMA.NS,Sun Pharma,Pharma
2021-12-01,711.2935180664062,728.3756563316474,706.5219775729137,722.172653690107,3687799,SUNPHARMA.NS,Sun Pharma,Pharma
2021-12-02,731.2385864257812,735.5329729039751,712.0092547859978,718.5940040177661,4896650,SUNPHARMA.NS,Sun Pharma,Pharma
2021-12-03,717.4487915039062,736.6304185551681,714.6813330636504,736.6304185551681,3135454,SUNPHARMA.NS,Sun Pharma,Pharma
2021-12-06,703.4682006835938,718.1645096708498,700.1758262696529,716.8762171049491,2577704,SUNPHARMA.NS,Sun Pharma,Pharma
2021-12-07,709.7189331054688,716.6853704633673,701.41644113259,707.2376971414117,2583462,SUNPHARMA.NS,Sun Pharma,Pharma
2021-12-08,722.93603515625,728.6141795736426,713.2020816187684,715.9218944471024,2530785,SUNPHARMA.NS,Sun Pharma,Pharma
2021-12-09,725.0355224609375,731.7633823922548,721.6000368672595,723.5563566705023,2604449,SUNPHARMA.NS,Sun Pharma,Pharma
2021-12-10,726.5624389648438,739.5887676549817,719.7391710884779,719.7391710884779,2950388,SUNPHARMA.NS,Sun Pharma,Pharma
2021-12-13,727.7552490234375,738.0140599039269,724.3197635619946,728.9481340095409,2491218,SUNPHARMA.NS,Sun Pharma,Pharma
2021-12-14,721.504638671875,733.6243633812306,719.1665721409357,722.649820059105,3224172,SUNPHARMA.NS,Sun Pharma,Pharma
2021-12-15,739.684326171875,743.2629822298211,711.2459510140005,718.1169822945282,6231786,SUNPHARMA.NS,Sun Pharma,Pharma
2021-12-16,729.5208740234375,750.563356998212,725.2741911235107,750.563356998212,6186549,SUNPHARMA.NS,Sun Pharma,Pharma
2021-12-17,733.8152465820312,737.0598592690134,719.0711743570274,727.1827934440012,7171030,SUNPHARMA.NS,Sun Pharma,Pharma
2021-12-20,729.043701171875,739.3025134794449,718.6417193475219,732.9086374152253,7474026,SUNPHARMA.NS,Sun Pharma,Pharma
2021-12-21,742.9765014648438,748.129788100116,729.1390350976809,729.1390350976809,5599344,SUNPHARMA.NS,Sun Pharma,Pharma
2021-12-22,761.0607299804688,764.4008084192545,741.9745674731216,749.1318784133769,5871235,SUNPHARMA.NS,Sun Pharma,Pharma
2021-12-23,756.241455078125,767.2159980769665,753.9033886160597,765.2119161467634,4277384,SUNPHARMA.NS,Sun Pharma,Pharma
2021-12-24,749.5135498046875,758.4840103358215,742.0699005761566,757.1480140420814,3076272,SUNPHARMA.NS,Sun Pharma,Pharma
2021-12-27,757.8160400390625,760.2018102926124,745.4577967227491,748.1775515132584,3598487,SUNPHARMA.NS,Sun Pharma,Pharma
2021-12-28,777.8565063476562,782.4372318090445,757.9115020737653,759.6292449986139,5477769,SUNPHARMA.NS,Sun Pharma,Pharma
2021-12-29,800.4735107421875,805.1019393280417,779.1924547360786,784.9183025357313,8748856,SUNPHARMA.NS,Sun Pharma,Pharma
2021-12-30,796.3223876953125,803.4796982835386,789.5467653906527,798.4218771171273,5179861,SUNPHARMA.NS,Sun Pharma,Pharma
2021-12-31,807.058349609375,812.0684669964987,795.8929334973735,796.3223837798241,3346523,SUNPHARMA.NS,Sun Pharma,Pharma
2022-01-03,810.1597900390625,820.7525855639288,802.4776222713588,806.3902617814674,3726756,SUNPHARMA.NS,Sun Pharma,Pharma
2022-01-04,799.4238891601562,814.9790991933844,794.3660679924167,813.5476370753632,3027262,SUNPHARMA.NS,Sun Pharma,Pharma
2022-01-05,796.942626953125,805.9608496488285,792.6960027399714,801.6187596831463,2436343,SUNPHARMA.NS,Sun Pharma,Pharma
2022-01-06,791.6939086914062,806.2948679686198,784.4411910507862,799.5192460908157,2423850,SUNPHARMA.NS,Sun Pharma,Pharma
2022-01-07,791.07373046875,797.8015910888305,787.49507500633,791.6939958010955,1475374,SUNPHARMA.NS,Sun Pharma,Pharma
2022-01-10,788.9264526367188,796.8471975620195,780.194510945737,794.07968100249,4837873,SUNPHARMA.NS,Sun Pharma,Pharma
2022-01-11,794.3660888671875,803.0502693128531,790.4533906939707,792.9346267115496,4950526,SUNPHARMA.NS,Sun Pharma,Pharma
2022-01-12,797.9924926757812,806.3903928096179,789.6900000591228,806.3903928096179,3953446,SUNPHARMA.NS,Sun Pharma,Pharma
2022-01-13,825.9535522460938,831.202246107854,796.1314280315468,797.9923402318017,7395140,SUNPHARMA.NS,Sun Pharma,Pharma
2022-01-14,820.46630859375,829.1982501518175,817.6510883252889,825.9535796311609,2351963,SUNPHARMA.NS,Sun Pharma,Pharma
2022-01-17,814.2156372070312,823.9495909339942,811.6389938313145,820.4663432645181,1750754,SUNPHARMA.NS,Sun Pharma,Pharma
2022-01-18,808.0126342773438,827.5759492222776,806.3902989497152,815.9333794106585,3354708,SUNPHARMA.NS,Sun Pharma,Pharma
2022-01-19,800.1873779296875,809.2533052884615,795.8929912860577,809.2533052884615,1677779,SUNPHARMA.NS,Sun Pharma,Pharma
2022-01-20,782.5326538085938,804.2431634112102,778.3814368094885,800.9507887672587,2886894,SUNPHARMA.NS,Sun Pharma,Pharma
2022-01-21,771.7967529296875,782.2464393172327,764.4962719372841,779.1926414430786,3218477,SUNPHARMA.NS,Sun Pharma,Pharma
2022-01-24,764.257568359375,787.3041307582902,755.4302190145094,767.2636619753519,5300160,SUNPHARMA.NS,Sun Pharma,Pharma
2022-01-25,771.128662109375,774.6119100341355,748.9409983943964,754.8577203676597,3779497,SUNPHARMA.NS,Sun Pharma,Pharma
2022-01-27,774.9935302734375,780.0514094452311,755.1439348370054,765.3550424390133,3593525,SUNPHARMA.NS,Sun Pharma,Pharma
2022-01-28,789.5468139648438,804.3863520944591,774.9936148734477,778.715439906835,5073701,SUNPHARMA.NS,Sun Pharma,Pharma
2022-01-31,796.3700561523438,810.9232537033602,782.580293380965,792.1710774948259,8041517,SUNPHARMA.NS,Sun Pharma,Pharma
2022-02-01,851.0042114257812,854.105712616848,801.4755998760554,808.6806723169914,12337459,SUNPHARMA.NS,Sun Pharma,Pharma
2022-02-02,849.9545288085938,857.3981203064405,841.6997404815244,849.3342052477966,4404741,SUNPHARMA.NS,Sun Pharma,Pharma
2022-02-03,843.1788330078125,850.4793126038146,840.2205014668516,848.713807832441,2292825,SUNPHARMA.NS,Sun Pharma,Pharma
2022-02-04,853.103759765625,861.5970671280538,841.0794424460228,842.5586666364549,4222492,SUNPHARMA.NS,Sun Pharma,Pharma
2022-02-07,846.5189208984375,860.2609797402763,839.5047802217456,860.2609797402763,3494623,SUNPHARMA.NS,Sun Pharma,Pharma
2022-02-08,853.2467651367188,855.0122698961817,841.6996615589912,845.5168935842021,4766558,SUNPHARMA.NS,Sun Pharma,Pharma
2022-02-09,852.6217041015625,860.4125720491735,851.5636465850242,859.7874122814536,2874380,SUNPHARMA.NS,Sun Pharma,Pharma
2022-02-10,860.1721801757812,862.0477770385644,846.4179010253129,857.382883680072,3159839,SUNPHARMA.NS,Sun Pharma,Pharma
2022-02-11,846.5139770507812,861.6148521124715,841.2720045826364,860.4606342576111,2682532,SUNPHARMA.NS,Sun Pharma,Pharma
2022-02-14,831.8460083007812,852.8141346930516,829.2971714838606,836.799500088287,5163415,SUNPHARMA.NS,Sun Pharma,Pharma
2022-02-15,843.3399047851562,846.4177994333783,826.2672730352217,829.5856272855553,3219287,SUNPHARMA.NS,Sun Pharma,Pharma
2022-02-16,835.6932373046875,847.5238961215327,834.0100201712613,842.5704050750679,2136415,SUNPHARMA.NS,Sun Pharma,Pharma
2022-02-17,829.6337280273438,839.0597329225576,828.4314299869859,839.0597329225576,2275289,SUNPHARMA.NS,Sun Pharma,Pharma
2022-02-18,829.970458984375,834.7796514487509,823.7185087806863,829.6337802882911,1797851,SUNPHARMA.NS,Sun Pharma,Pharma
2022-02-21,811.6473388671875,831.0284067903413,807.4633651626058,822.8527801031677,2305713,SUNPHARMA.NS,Sun Pharma,Pharma
2022-02-22,813.5230102539062,816.6009052658302,793.1320218441202,804.0970044784854,3171552,SUNPHARMA.NS,Sun Pharma,Pharma
2022-02-23,808.1847534179688,820.4481935918207,806.0686970977591,817.4183790076615,1979574,SUNPHARMA.NS,Sun Pharma,Pharma
2022-02-24,787.0242919921875,805.0106822976982,783.8983171080145,798.9029730696617,3679222,SUNPHARMA.NS,Sun Pharma,Pharma
2022-02-25,799.8167724609375,803.1351269421904,785.8701145679294,789.1884690491822,2098988,SUNPHARMA.NS,Sun Pharma,Pharma
2022-02-28,811.6954345703125,814.6771100740334,789.6693121260702,789.6693121260702,4123139,SUNPHARMA.NS,Sun Pharma,Pharma
2022-03-02,789.5731811523438,812.7053833738303,784.5716096354379,812.1282450992114,3807036,SUNPHARMA.NS,Sun Pharma,Pharma
2022-03-03,789.5731811523438,801.0190231078071,785.8219878381748,801.0190231078071,2657776,SUNPHARMA.NS,Sun Pharma,Pharma
2022-03-04,797.9892578125,807.5595029969351,778.46389118655,785.1486798560778,4082674,SUNPHARMA.NS,Sun Pharma,Pharma
2022-03-07,791.2565307617188,797.364182258027,778.2235710471298,786.7839578854837,3065234,SUNPHARMA.NS,Sun Pharma,Pharma
2022-03-08,822.3718872070312,828.8162166608399,794.6709511686182,794.6709511686182,4864275,SUNPHARMA.NS,Sun Pharma,Pharma
2022-03-09,835.1162109375,851.996463523349,827.181043946156,830.4513180673963,7276355,SUNPHARMA.NS,Sun Pharma,Pharma
2022-03-10,836.3665771484375,848.2453167280432,833.5291420995301,836.7032558153004,2899758,SUNPHARMA.NS,Sun Pharma,Pharma
2022-03-11,867.5783081054688,872.3875005007319,835.8857184794923,838.72315373389,7194497,SUNPHARMA.NS,Sun Pharma,Pharma
2022-03-14,858.2003784179688,877.0043088432896,855.9881616689831,867.5302233568683,3861194,SUNPHARMA.NS,Sun Pharma,Pharma
2022-03-15,857.623291015625,873.3493264399511,847.7163078588611,859.5950481281793,4039746,SUNPHARMA.NS,Sun Pharma,Pharma
2022-03-16,855.2667236328125,865.6545666919241,846.8506375677522,865.6545666919241,3134307,SUNPHARMA.NS,Sun Pharma,Pharma
2022-03-17,876.8118286132812,880.0821025312986,858.1521995864637,858.1521995864637,5484100,SUNPHARMA.NS,Sun Pharma,Pharma
2022-03-21,878.927978515625,895.471611872507,876.5233823505538,877.6776002509802,3878744,SUNPHARMA.NS,Sun Pharma,Pharma
2022-03-22,879.216552734375,886.8151003958571,868.0592495740359,878.9280129244628,2174495,SUNPHARMA.NS,Sun Pharma,Pharma
2022-03-23,866.4240112304688,890.6623504348992,861.6148192734768,882.9676433037122,2578669,SUNPHARMA.NS,Sun Pharma,Pharma
2022-03-24,874.1668701171875,879.7936603911659,851.7079653214734,852.1888845565504,3141478,SUNPHARMA.NS,Sun Pharma,Pharma
2022-03-25,867.9148559570312,880.0340550094264,862.0957453835904,877.0523207486026,1571676,SUNPHARMA.NS,Sun Pharma,Pharma
2022-03-28,871.3294677734375,876.1386599816893,864.9812988349695,874.2149830983886,1545077,SUNPHARMA.NS,Sun Pharma,Pharma
2022-03-29,884.26611328125,886.8150085343661,866.7125624073321,873.3973510566732,3177777,SUNPHARMA.NS,Sun Pharma,Pharma
2022-03-30,885.4683837890625,886.8149809952988,873.7340025888132,886.8149809952988,2084073,SUNPHARMA.NS,Sun Pharma,Pharma
2022-03-31,879.8417358398438,891.6242570358405,876.0424621619832,885.4684673775885,1901705,SUNPHARMA.NS,Sun Pharma,Pharma
2022-04-01,874.0226440429688,883.9295687084103,869.598151783419,879.1203762780054,1184766,SUNPHARMA.NS,Sun Pharma,Pharma
2022-04-04,890.7105712890625,893.3556272831592,868.1554457072998,873.3493973235486,1876408,SUNPHARMA.NS,Sun Pharma,Pharma
2022-04-05,893.64404296875,904.8014037448304,888.8829898055072,892.5860442004645,2911697,SUNPHARMA.NS,Sun Pharma,Pharma
2022-04-06,892.6823120117188,902.9739959755029,889.7006360651296,892.393772195269,1881754,SUNPHARMA.NS,Sun Pharma,Pharma
2022-04-07,895.4235229492188,911.8228568937207,891.4799500534227,892.6822481242215,2728625,SUNPHARMA.NS,Sun Pharma,Pharma
2022-04-08,889.3157958984375,901.5311557968179,884.2180639204878,901.2426160067375,1453271,SUNPHARMA.NS,Sun Pharma,Pharma
2022-04-11,890.0852661132812,897.9242137376024,883.5447181220519,884.8913153451771,1102625,SUNPHARMA.NS,Sun Pharma,Pharma
2022-04-12,886.1417236328125,892.7303520261605,876.6195585088321,884.8913454293756,1420380,SUNPHARMA.NS,Sun Pharma,Pharma
2022-04-13,901.002197265625,907.0136877731352,886.1417809898675,886.1417809898675,1825531,SUNPHARMA.NS,Sun Pharma,Pharma
2022-04-18,892.1051025390625,905.1380009212182,884.169935858796,892.2012628952288,1287320,SUNPHARMA.NS,Sun Pharma,Pharma
2022-04-19,886.8151245117188,901.9640813566858,880.1303349881435,895.4235910949724,2001066,SUNPHARMA.NS,Sun Pharma,Pharma
2022-04-20,888.2578125,895.471600906876,881.0921042746444,882.9677010016243,1455897,SUNPHARMA.NS,Sun Pharma,Pharma
2022-04-21,908.0715942382812,909.8991106490286,885.468392229558,895.4715348987796,2410164,SUNPHARMA.NS,Sun Pharma,Pharma
2022-04-22,889.5081176757812,906.2922090648165,883.3042484143269,905.0899110957731,1745381,SUNPHARMA.NS,Sun Pharma,Pharma
2022-04-25,865.6546630859375,887.1517304035193,862.3843886541162,880.6112402458406,1146270,SUNPHARMA.NS,Sun Pharma,Pharma
2022-04-26,883.015869140625,889.4601991672147,869.5501294397967,870.4638878035461,3142879,SUNPHARMA.NS,Sun Pharma,Pharma
2022-04-27,871.5219116210938,886.5266286542036,869.1173151772589,875.3211857435463,1586283,SUNPHARMA.NS,Sun Pharma,Pharma
2022-04-28,885.8532104492188,891.96086111054,874.5996888684439,884.8913720013911,3150038,SUNPHARMA.NS,Sun Pharma,Pharma
2022-04-29,893.2113647460938,930.1459286766922,884.4585989937909,888.7387921473819,4290688,SUNPHARMA.NS,Sun Pharma,Pharma
2022-05-02,888.16162109375,889.7005390843775,868.1072548000029,887.2478628529582,2119174,SUNPHARMA.NS,Sun Pharma,Pharma
2022-05-04,866.520263671875,885.7570322408503,860.8453934616438,884.9875145333242,3925917,SUNPHARMA.NS,Sun Pharma,Pharma
2022-05-05,844.6384887695312,884.1219468228356,839.3002382150062,870.4638285997465,4462293,SUNPHARMA.NS,Sun Pharma,Pharma
2022-05-06,849.5918579101562,851.9002935822408,828.6237922615602,829.1047114677481,2350532,SUNPHARMA.NS,Sun Pharma,Pharma
2022-05-09,851.61181640625,857.3828473047628,834.92388350114,834.92388350114,2522123,SUNPHARMA.NS,Sun Pharma,Pharma
2022-05-10,828.9603881835938,856.8537013335773,814.1961924641745,851.2269702667389,6975331,SUNPHARMA.NS,Sun Pharma,Pharma
2022-05-11,822.1795043945312,833.9139453552552,818.5245299853774,820.4482069066122,2768829,SUNPHARMA.NS,Sun Pharma,Pharma
2022-05-12,817.562744140625,823.1894760149717,803.3275457485458,820.3520993383141,2700591,SUNPHARMA.NS,Sun Pharma,Pharma
2022-05-13,848.8224487304688,855.0743987777754,827.3253824348069,830.0185184063005,4870689,SUNPHARMA.NS,Sun Pharma,Pharma
2022-05-16,851.80419921875,860.6050454627845,841.6568142238356,848.2935237232025,2739020,SUNPHARMA.NS,Sun Pharma,Pharma
2022-05-17,857.7194213867188,861.4224758660272,845.1674415954219,846.5621190624458,2317400,SUNPHARMA.NS,Sun Pharma,Pharma
2022-05-18,864.8370361328125,874.3111210579327,854.1125143008187,856.998029551835,2878378,SUNPHARMA.NS,Sun Pharma,Pharma
2022-05-19,850.8423461914062,865.6546831408695,844.8308553362613,851.2271050885216,2715634,SUNPHARMA.NS,Sun Pharma,Pharma
2022-05-20,880.7073364257812,882.6790933642536,855.1224002855972,858.9216736290671,2877917,SUNPHARMA.NS,Sun Pharma,Pharma
2022-05-23,886.8631591796875,895.7601651240703,881.6211277199129,884.8914020359086,2195036,SUNPHARMA.NS,Sun Pharma,Pharma
2022-05-24,875.1767578125,895.3272247330154,872.3874030524419,892.5860088563022,2911410,SUNPHARMA.NS,Sun Pharma,Pharma
2022-05-25,876.4271850585938,887.4402467717831,872.6279115366692,880.0821593343095,2405811,SUNPHARMA.NS,Sun Pharma,Pharma
2022-05-26,865.6065673828125,887.2479335719746,859.4026973340601,883.7371995744587,4113170,SUNPHARMA.NS,Sun Pharma,Pharma
2022-05-27,869.4058227539062,877.9661499747551,861.8072753039975,867.5302259827555,2374509,SUNPHARMA.NS,Sun Pharma,Pharma
2022-05-30,854.4010620117188,880.5630789381847,852.6697645862379,870.463775465928,3541617,SUNPHARMA.NS,Sun Pharma,Pharma
2022-05-31,827.7581176757812,849.1109422611645,818.7168717851489,834.1543666272579,24360628,SUNPHARMA.NS,Sun Pharma,Pharma
2022-06-01,807.222900390625,841.608624178489,800.826651364485,841.608624178489,5999099,SUNPHARMA.NS,Sun Pharma,Pharma
2022-06-02,826.748291015625,829.9704852924704,801.01911051566,804.8183844241375,3553217,SUNPHARMA.NS,Sun Pharma,Pharma
2022-06-03,832.0864868164062,841.6087117228566,822.2276419076528,829.2491101245125,2618353,SUNPHARMA.NS,Sun Pharma,Pharma
2022-06-06,826.9886474609375,840.5986843507525,825.2573500760951,831.9902188995597,2095566,SUNPHARMA.NS,Sun Pharma,Pharma
2022-06-07,815.8795166015625,824.6803624557774,806.5977514920563,822.371926547994,3031449,SUNPHARMA.NS,Sun Pharma,Pharma
2022-06-08,814.9175415039062,821.4099503621551,805.6357779501022,812.8495655703787,3208941,SUNPHARMA.NS,Sun Pharma,Pharma
2022-06-09,826.0750122070312,829.2009874832618,803.5680254417508,813.7154103664752,2297715,SUNPHARMA.NS,Sun Pharma,Pharma
2022-06-10,813.4268188476562,821.3619863522422,809.8680047104676,817.5627125937025,2124778,SUNPHARMA.NS,Sun Pharma,Pharma
2022-06-13,797.8450317382812,818.5245593843006,788.4671064104352,807.9443359375,2191412,SUNPHARMA.NS,Sun Pharma,Pharma
2022-06-14,793.5647583007812,803.7602805402271,790.4868636868739,794.4785165198102,2461692,SUNPHARMA.NS,Sun Pharma,Pharma
2022-06-15,790.9197998046875,798.3740483021709,787.8900437034823,793.757235167503,2008725,SUNPHARMA.NS,Sun Pharma,Pharma
2022-06-16,783.5135498046875,794.4785312240614,775.7707623008988,791.2082571288914,2327414,SUNPHARMA.NS,Sun Pharma,Pharma
2022-06-17,763.1226806640625,779.3777159047784,759.7562459525225,774.472363093205,5719089,SUNPHARMA.NS,Sun Pharma,Pharma
2022-06-20,774.5684814453125,782.4555683685847,764.1806380686423,770.4325879080964,2745302,SUNPHARMA.NS,Sun Pharma,Pharma
2022-06-21,786.2548217773438,788.9960377696723,774.6165417663968,775.8188397816213,1342717,SUNPHARMA.NS,Sun Pharma,Pharma
2022-06-22,778.4158325195312,789.6693539330948,772.59672173783,782.9364848983424,2032073,SUNPHARMA.NS,Sun Pharma,Pharma
2022-06-23,793.4205932617188,794.959511362128,777.6464185556932,778.6082570449396,1778752,SUNPHARMA.NS,Sun Pharma,Pharma
2022-06-24,793.1320190429688,801.9809451562612,790.1503431173644,796.3061331194716,1404748,SUNPHARMA.NS,Sun Pharma,Pharma
2022-06-27,803.7603149414062,815.6389961793228,796.4022274015086,796.4022274015086,2980249,SUNPHARMA.NS,Sun Pharma,Pharma
2022-06-28,796.979248046875,805.5396330023567,793.5647335825038,805.0587138184746,2823691,SUNPHARMA.NS,Sun Pharma,Pharma
2022-06-29,806.6939697265625,811.5031622744661,792.4106326357102,792.5549318945328,2975927,SUNPHARMA.NS,Sun Pharma,Pharma
2022-06-30,798.9030151367188,815.7833273648703,792.2182846894934,804.0969663924518,3809670,SUNPHARMA.NS,Sun Pharma,Pharma
2022-07-01,797.6045532226562,805.0107212011889,793.5167397150334,798.229771712089,2316527,SUNPHARMA.NS,Sun Pharma,Pharma
2022-07-04,797.748779296875,807.6076227344184,790.5349914157457,793.805206698284,2097164,SUNPHARMA.NS,Sun Pharma,Pharma
2022-07-05,803.904541015625,814.4847636530084,795.1037546817403,797.748810341086,2682730,SUNPHARMA.NS,Sun Pharma,Pharma
2022-07-06,805.7320556640625,810.4931675812338,799.5281861178064,807.9442722874675,2364840,SUNPHARMA.NS,Sun Pharma,Pharma
2022-07-07,817.03369140625,820.3520458337032,810.0122823910057,810.8779017812366,2327906,SUNPHARMA.NS,Sun Pharma,Pharma
2022-07-08,824.9688110351562,826.7001084215492,817.3221839804671,820.9290779962679,2927832,SUNPHARMA.NS,Sun Pharma,Pharma
2022-07-11,824.5360717773438,830.0666432707468,818.6207413933182,824.1032327018845,1768048,SUNPHARMA.NS,Sun Pharma,Pharma
2022-07-12,819.1015625,827.181028587188,816.6008061285147,820.4481597498504,1695338,SUNPHARMA.NS,Sun Pharma,Pharma
2022-07-13,827.3253173828125,830.3069929193118,816.9374157716197,821.9870673358553,2663538,SUNPHARMA.NS,Sun Pharma,Pharma
2022-07-14,846.3216552734375,849.2552507341582,831.2207802305983,834.2986749377309,4934156,SUNPHARMA.NS,Sun Pharma,Pharma
2022-07-15,844.87890625,851.1789362689719,839.540655961735,851.1308560883305,1413559,SUNPHARMA.NS,Sun Pharma,Pharma
2022-07-18,849.1110229492188,861.4225441079324,845.0232092910468,854.6896745532961,2866600,SUNPHARMA.NS,Sun Pharma,Pharma
2022-07-19,841.8970947265625,857.2865083030324,840.1657974404004,846.4177467058413,1604458,SUNPHARMA.NS,Sun Pharma,Pharma
2022-07-20,834.3948974609375,850.9385313765717,829.1528659028434,850.9385313765717,2885666,SUNPHARMA.NS,Sun Pharma,Pharma
2022-07-21,836.4627685546875,844.397935169816,830.7398184668278,838.7230652596448,2321107,SUNPHARMA.NS,Sun Pharma,Pharma
2022-07-22,841.1277465820312,842.7148035485329,833.4330387802516,837.7613119187528,1939758,SUNPHARMA.NS,Sun Pharma,Pharma
2022-07-25,835.2123413085938,844.4941052415238,823.7184195288984,836.7993981322616,2419358,SUNPHARMA.NS,Sun Pharma,Pharma
2022-07-26,834.5391845703125,843.9171097943168,829.1047736504278,836.0300224801157,1560211,SUNPHARMA.NS,Sun Pharma,Pharma
2022-07-27,859.883544921875,862.7690601732907,833.0001494216606,834.3948268677032,2797789,SUNPHARMA.NS,Sun Pharma,Pharma
2022-07-28,860.7011108398438,862.6247877338981,845.215535325091,861.807248536309,3183169,SUNPHARMA.NS,Sun Pharma,Pharma
2022-07-29,907.2060546875,915.6221412818386,845.4560133055604,862.7691057281999,11315800,SUNPHARMA.NS,Sun Pharma,Pharma
2022-08-01,883.6409912109375,904.0800581683035,875.2729849977886,904.0800581683035,4219890,SUNPHARMA.NS,Sun Pharma,Pharma
2022-08-02,882.246337890625,891.2395041158201,877.2447660981586,883.6410154153457,2043767,SUNPHARMA.NS,Sun Pharma,Pharma
2022-08-03,862.7691040039062,882.7753323555582,859.4507495550067,880.0821963919445,2863168,SUNPHARMA.NS,Sun Pharma,Pharma
2022-08-04,883.4486083984375,884.8913660604926,861.4224846086784,866.6164356744607,3151481,SUNPHARMA.NS,Sun Pharma,Pharma
2022-08-05,880.9959716796875,893.5479521620852,877.1005375583863,884.4104865587053,3317738,SUNPHARMA.NS,Sun Pharma,Pharma
2022-08-08,875.6576538085938,884.6988990387412,873.733977116313,884.6988990387412,2677742,SUNPHARMA.NS,Sun Pharma,Pharma
2022-08-10,884.6028442382812,891.6242532617175,878.3508942423792,878.3508942423792,3077870,SUNPHARMA.NS,Sun Pharma,Pharma
2022-08-11,885.9013061523438,891.5280963942985,882.4387111618801,887.776902899662,1526395,SUNPHARMA.NS,Sun Pharma,Pharma
2022-08-12,878.5912475585938,887.584412597634,872.5316777292007,885.9011954946941,1384417,SUNPHARMA.NS,Sun Pharma,Pharma
2022-08-16,879.6974487304688,884.362400573587,871.7142011021372,872.3874997781086,1635836,SUNPHARMA.NS,Sun Pharma,Pharma
2022-08-17,885.6608276367188,890.6623992875166,880.0821764018118,883.9295301784317,1828327,SUNPHARMA.NS,Sun Pharma,Pharma
2022-08-18,881.7654418945312,883.9295785122163,861.0378340307856,875.2730320414763,2989998,SUNPHARMA.NS,Sun Pharma,Pharma
2022-08-19,869.7993774414062,888.5685669539549,866.5666634479343,883.9365965682714,1708425,SUNPHARMA.NS,Sun Pharma,Pharma
2022-08-22,849.7275390625,871.825979423171,847.4115831212484,868.9792283611808,2860170,SUNPHARMA.NS,Sun Pharma,Pharma
2022-08-23,857.3026733398438,860.7766362045093,842.0556858038119,843.5514770776081,2314528,SUNPHARMA.NS,Sun Pharma,Pharma
2022-08-24,850.1617431640625,868.4484348904075,847.3149922897322,860.7767024998226,3223687,SUNPHARMA.NS,Sun Pharma,Pharma
2022-08-25,846.5912475585938,859.4739835842003,844.3717678343122,856.9167198135648,5016244,SUNPHARMA.NS,Sun Pharma,Pharma
2022-08-26,849.341552734375,859.3292413000547,847.3632631171928,851.4162595274332,1542618,SUNPHARMA.NS,Sun Pharma,Pharma
2022-08-29,848.4730834960938,850.1618271936975,834.7218848156054,841.4768596060208,2068888,SUNPHARMA.NS,Sun Pharma,Pharma
2022-08-30,861.7898559570312,864.1541084578441,851.1266595866203,852.0916557993036,3672052,SUNPHARMA.NS,Sun Pharma,Pharma
2022-09-01,841.3319702148438,870.3301551016731,839.932772749329,861.7416647823253,2939235,SUNPHARMA.NS,Sun Pharma,Pharma
2022-09-02,839.1124877929688,847.2667179861284,835.6867628428099,842.3452606096971,1963435,SUNPHARMA.NS,Sun Pharma,Pharma
2022-09-05,853.6357421875,855.1315336393898,834.1911011986618,838.5818227833219,2808538,SUNPHARMA.NS,Sun Pharma,Pharma
2022-09-06,856.6754760742188,859.5222269746787,851.657483471515,855.9517288401374,2252661,SUNPHARMA.NS,Sun Pharma,Pharma
2022-09-07,862.4654541015625,865.0227178885887,848.7142566515515,848.7142566515515,1698682,SUNPHARMA.NS,Sun Pharma,Pharma
2022-09-08,862.9962158203125,869.2204539983761,855.9517543120285,866.8079631463129,1772605,SUNPHARMA.NS,Sun Pharma,Pharma
2022-09-09,858.8467407226562,870.3302207030356,855.6622645873576,863.1892242431641,1405210,SUNPHARMA.NS,Sun Pharma,Pharma
2022-09-12,856.6272583007812,863.8164927757811,854.1182324907312,860.0047454730508,1571387,SUNPHARMA.NS,Sun Pharma,Pharma
2022-09-13,858.9915161132812,862.0312192468391,852.574266889044,858.7019700921498,2216354,SUNPHARMA.NS,Sun Pharma,Pharma
2022-09-14,852.8154907226562,866.2772010546804,849.2449925885469,853.6357140283689,1889322,SUNPHARMA.NS,Sun Pharma,Pharma
2022-09-15,843.6962280273438,857.0614617210498,840.6082281801414,852.0917073654977,1780723,SUNPHARMA.NS,Sun Pharma,Pharma
2022-09-16,837.6650390625,859.329218103813,835.49379735477,847.9422733719024,5625488,SUNPHARMA.NS,Sun Pharma,Pharma
2022-09-19,844.2271118164062,846.2536396792518,826.8089378574101,841.8629176578158,1920725,SUNPHARMA.NS,Sun Pharma,Pharma
2022-09-20,880.0284423828125,882.730420411382,846.1087967654353,846.8325440355185,4408042,SUNPHARMA.NS,Sun Pharma,Pharma
2022-09-21,873.6111450195312,890.2090932810426,871.0539401449903,886.3973460883376,4153228,SUNPHARMA.NS,Sun Pharma,Pharma
2022-09-22,876.2166137695312,879.3528516492129,863.9611493522663,868.400167536573,2317690,SUNPHARMA.NS,Sun Pharma,Pharma
2022-09-23,888.858154296875,894.2621694385037,871.0057210210715,871.0057210210715,4802181,SUNPHARMA.NS,Sun Pharma,Pharma
2022-09-26,869.1722412109375,893.9243627329454,867.5799736428387,885.8184285737533,3760536,SUNPHARMA.NS,Sun Pharma,Pharma
2022-09-27,865.7463989257812,878.001804035718,863.0926592699184,873.5628448981169,3096645,SUNPHARMA.NS,Sun Pharma,Pharma
2022-09-28,885.7218627929688,893.586606485121,860.8249691220439,862.7067237556136,5559336,SUNPHARMA.NS,Sun Pharma,Pharma
2022-09-29,898.1221313476562,922.0540294908598,892.7181163484141,892.7181163484141,8519098,SUNPHARMA.NS,Sun Pharma,Pharma
2022-09-30,915.4437866210938,917.6632663872784,897.4465816131348,901.25832887392,4182345,SUNPHARMA.NS,Sun Pharma,Pharma
2022-10-03,911.4390258789062,933.9716664319429,909.7502823158696,919.593256577309,4444578,SUNPHARMA.NS,Sun Pharma,Pharma
2022-10-04,911.4872436523438,922.8259501806663,910.0397492019196,922.2469759599766,1856830,SUNPHARMA.NS,Sun Pharma,Pharma
2022-10-06,920.510009765625,928.3264563689182,914.3822478173165,921.2819950389983,3449485,SUNPHARMA.NS,Sun Pharma,Pharma
2022-10-07,921.7161865234375,927.892127149219,913.0794583551441,919.6414210382168,1762328,SUNPHARMA.NS,Sun Pharma,Pharma
2022-10-10,912.9346923828125,920.8476734285874,902.5127446414319,912.8382163170958,1683827,SUNPHARMA.NS,Sun Pharma,Pharma
2022-10-11,911.6802978515625,918.5800452847019,907.0965652082231,917.5185139649175,2426935,SUNPHARMA.NS,Sun Pharma,Pharma
2022-10-12,922.1022338867188,926.3964793467644,908.109787063252,912.8865306896241,2875040,SUNPHARMA.NS,Sun Pharma,Pharma
2022-10-13,934.50244140625,939.6651480568901,918.1939803605966,923.3566870112365,4498223,SUNPHARMA.NS,Sun Pharma,Pharma
2022-10-14,942.1259155273438,945.5999376926488,930.256472317965,941.8364284049105,3307000,SUNPHARMA.NS,Sun Pharma,Pharma
2022-10-17,945.6964111328125,950.5213928222656,939.2309238892049,942.1259129028767,2647369,SUNPHARMA.NS,Sun Pharma,Pharma
2022-10-18,944.1040649414062,950.5213136130955,938.7001094590239,949.3150682912514,2065146,SUNPHARMA.NS,Sun Pharma,Pharma
2022-10-19,942.704833984375,946.3718078527213,931.2695934004705,941.4502917752843,2424533,SUNPHARMA.NS,Sun Pharma,Pharma
2022-10-20,946.0342407226562,948.4467318336935,932.7173015694725,936.0465510824456,1669666,SUNPHARMA.NS,Sun Pharma,Pharma
2022-10-21,943.4769287109375,957.1798884506073,941.5951740775447,946.6614048373779,1791608,SUNPHARMA.NS,Sun Pharma,Pharma
2022-10-24,952.451416015625,955.2981670833558,947.7229102489736,951.4864196468149,191840,SUNPHARMA.NS,Sun Pharma,Pharma
2022-10-25,956.8421630859375,962.4391303937067,951.0039466795686,957.2281852031791,2119595,SUNPHARMA.NS,Sun Pharma,Pharma
2022-10-27,976.238525390625,977.9272689068654,957.7588227820013,964.0312986994653,4379157,SUNPHARMA.NS,Sun Pharma,Pharma
2022-10-28,955.3463745117188,968.3738250732422,952.9821217041463,966.9263305664062,3934980,SUNPHARMA.NS,Sun Pharma,Pharma
2022-10-31,981.3048095703125,991.3407951462286,956.504391653805,960.1231279578079,3546309,SUNPHARMA.NS,Sun Pharma,Pharma
2022-11-01,1000.315185546875,1012.2811637589886,983.4760464812857,986.1780244618171,5264069,SUNPHARMA.NS,Sun Pharma,Pharma
2022-11-02,1015.127685546875,1033.4626129870107,996.5033299308526,1002.4380800038473,5923662,SUNPHARMA.NS,Sun Pharma,Pharma
2022-11-03,1007.649169921875,1018.6501521810941,1003.1620310059623,1008.4212141425746,2386317,SUNPHARMA.NS,Sun Pharma,Pharma
2022-11-04,1003.4996337890625,1009.7721094756596,995.3453447180493,1008.7106371497144,1576349,SUNPHARMA.NS,Sun Pharma,Pharma
2022-11-07,992.3538818359375,1013.1977775223777,985.2611828742357,1008.4210931474793,2853521,SUNPHARMA.NS,Sun Pharma,Pharma
2022-11-09,978.072021484375,1000.3634721148014,974.6462962821337,984.344497648567,2268760,SUNPHARMA.NS,Sun Pharma,Pharma
2022-11-10,975.273681640625,986.5158548965071,971.5101719420068,974.6464103912856,2419991,SUNPHARMA.NS,Sun Pharma,Pharma
2022-11-11,978.072021484375,995.3454205050054,974.50152327271,980.1950251966111,2390487,SUNPHARMA.NS,Sun Pharma,Pharma
2022-11-14,981.3048095703125,985.6472931351161,966.926340429593,982.9935531788473,1764788,SUNPHARMA.NS,Sun Pharma,Pharma
2022-11-15,980.4845581054688,986.2262983344169,969.2906236799416,986.2262983344169,1703050,SUNPHARMA.NS,Sun Pharma,Pharma
2022-11-16,982.9934692382812,986.9981684001837,971.847715254757,971.847715254757,1485506,SUNPHARMA.NS,Sun Pharma,Pharma
2022-11-17,977.8790283203125,994.4287392925715,975.0805742427964,987.480753788516,1758031,SUNPHARMA.NS,Sun Pharma,Pharma
2022-11-18,974.26025390625,982.2214734873636,970.7862907394261,979.712506633402,1130682,SUNPHARMA.NS,Sun Pharma,Pharma
2022-11-21,968.0360717773438,977.3482508280974,958.7238338278896,967.8912987713873,1108922,SUNPHARMA.NS,Sun Pharma,Pharma
2022-11-22,974.7427368164062,976.9622754202335,961.3775616517935,970.9310485591808,1723123,SUNPHARMA.NS,Sun Pharma,Pharma
2022-11-23,982.0285034179688,983.4277009271177,974.1155220172003,979.6642507148728,1311376,SUNPHARMA.NS,Sun Pharma,Pharma
2022-11-24,998.8677368164062,1001.0872756258975,978.3133255490925,984.9235861405375,1994268,SUNPHARMA.NS,Sun Pharma,Pharma
2022-11-25,997.6614379882812,1001.6178994047116,991.0029397132424,1001.6178994047116,1948596,SUNPHARMA.NS,Sun Pharma,Pharma
2022-11-28,998.5299072265625,1005.0436321589416,991.9678853609101,996.8411637255754,1427648,SUNPHARMA.NS,Sun Pharma,Pharma
2022-11-29,1013.1015014648438,1014.4042231154214,997.8063312617561,998.7713277136534,1179559,SUNPHARMA.NS,Sun Pharma,Pharma
2022-11-30,1009.434326171875,1021.2555296692204,1002.968780927547,1016.141002669781,3060171,SUNPHARMA.NS,Sun Pharma,Pharma
2022-12-01,1009.8204345703125,1020.8214170779127,1003.2102327969347,1018.0712009003656,1878374,SUNPHARMA.NS,Sun Pharma,Pharma
2022-12-02,1003.5962524414062,1013.10144338822,998.5783182981639,1011.6057696519707,2284133,SUNPHARMA.NS,Sun Pharma,Pharma
2022-12-05,1003.0172119140625,1009.3378672157265,994.66997007551,1005.6709518293744,2294634,SUNPHARMA.NS,Sun Pharma,Pharma
2022-12-06,997.3721313476562,1003.5963113519775,987.4326207604913,1003.0173370395273,1321211,SUNPHARMA.NS,Sun Pharma,Pharma
2022-12-07,982.1249389648438,1000.845889879683,979.8089243923306,1000.2669156859033,2954262,SUNPHARMA.NS,Sun Pharma,Pharma
2022-12-08,946.4684448242188,982.3663222092487,940.871477557974,979.4713330475319,10021644,SUNPHARMA.NS,Sun Pharma,Pharma
2022-12-09,958.0965576171875,962.1013158414037,945.6963786605572,946.4683639246217,4231753,SUNPHARMA.NS,Sun Pharma,Pharma
2022-12-12,952.83740234375,960.1713509118371,945.8411789325834,960.0748748380604,1875104,SUNPHARMA.NS,Sun Pharma,Pharma
2022-12-13,959.8336181640625,961.4740647975045,945.5033873994377,945.6963984441666,1863361,SUNPHARMA.NS,Sun Pharma,Pharma
2022-12-14,965.2376708984375,967.8914110583682,959.737179514476,964.0314253711963,1570685,SUNPHARMA.NS,Sun Pharma,Pharma
2022-12-15,967.119384765625,971.7513556144335,963.1628642645161,965.9613773287466,1304660,SUNPHARMA.NS,Sun Pharma,Pharma
2022-12-16,958.8687133789062,969.9178752353669,953.0304379366803,963.2111972557113,2618988,SUNPHARMA.NS,Sun Pharma,Pharma
2022-12-19,953.3680419921875,958.3860341931066,939.6168456456847,953.0302579707751,1547342,SUNPHARMA.NS,Sun Pharma,Pharma
2022-12-20,953.7540893554688,955.9736280105296,945.1174194100407,953.368126166672,1352408,SUNPHARMA.NS,Sun Pharma,Pharma
2022-12-21,970.4003295898438,974.1638390058116,953.8024390853304,957.2764024702973,2043630,SUNPHARMA.NS,Sun Pharma,Pharma
2022-12-22,975.273681640625,997.8546220349165,971.7996590960446,984.2481368080505,5163443,SUNPHARMA.NS,Sun Pharma,Pharma
2022-12-23,966.4920654296875,991.8714572050447,963.5006003571987,976.5762888881644,3612433,SUNPHARMA.NS,Sun Pharma,Pharma
2022-12-26,965.0445556640625,976.3832623961905,954.091871018466,974.6462808042005,2307374,SUNPHARMA.NS,Sun Pharma,Pharma
2022-12-27,965.14111328125,980.1950326299924,958.2413658888333,965.2375893557961,1870105,SUNPHARMA.NS,Sun Pharma,Pharma
2022-12-28,960.1713256835938,975.2252445167408,958.2413330691544,963.9348348412307,1686511,SUNPHARMA.NS,Sun Pharma,Pharma
2022-12-29,965.5270385742188,969.5317967886075,954.4778191321402,963.5970459694435,2162872,SUNPHARMA.NS,Sun Pharma,Pharma
2022-12-30,966.3473510742188,971.5582959313023,958.9651055699728,968.8563179796254,1629162,SUNPHARMA.NS,Sun Pharma,Pharma
2023-01-02,962.101318359375,966.3473256708925,952.6443663277591,966.3473256708925,1616012,SUNPHARMA.NS,Sun Pharma,Pharma
2023-01-03,973.7777709960938,977.348269189327,953.4163720353855,958.2413536752407,1810117,SUNPHARMA.NS,Sun Pharma,Pharma
2023-01-04,968.9527587890625,989.9897251941475,965.7200447518214,976.576253099019,2573870,SUNPHARMA.NS,Sun Pharma,Pharma
2023-01-05,980.6292114257812,986.1297018888336,972.9574793772108,973.7777026389275,2246533,SUNPHARMA.NS,Sun Pharma,Pharma
2023-01-06,973.3917846679688,986.0332127044396,968.9527663255902,979.4712496099455,1773153,SUNPHARMA.NS,Sun Pharma,Pharma
2023-01-09,981.2564697265625,987.5289457125577,975.128766745878,979.4712501207979,1567316,SUNPHARMA.NS,Sun Pharma,Pharma
2023-01-10,976.4314575195312,988.1561858229054,974.6944760038791,980.4362156211639,1607654,SUNPHARMA.NS,Sun Pharma,Pharma
2023-01-11,992.0162353515625,996.889513976872,973.0540337525308,976.5762939453125,3258157,SUNPHARMA.NS,Sun Pharma,Pharma
2023-01-12,996.6964111328125,999.2053779690335,985.4060014711174,995.8278908978973,1641398,SUNPHARMA.NS,Sun Pharma,Pharma
2023-01-13,995.4901733398438,998.7711843648705,984.44101267042,995.0559721177762,1491367,SUNPHARMA.NS,Sun Pharma,Pharma
2023-01-16,999.205322265625,1003.1136042061651,990.1826308666356,995.4901102539698,1437532,SUNPHARMA.NS,Sun Pharma,Pharma
2023-01-17,996.5516357421875,999.736170663454,990.8582517881056,999.2053755774429,1245848,SUNPHARMA.NS,Sun Pharma,Pharma
2023-01-18,1003.692626953125,1005.0436453311008,994.0909608977743,996.5516307815949,1238451,SUNPHARMA.NS,Sun Pharma,Pharma
2023-01-19,1004.1271362304688,1007.4563269736253,999.7363551194213,1001.7628241716654,824263,SUNPHARMA.NS,Sun Pharma,Pharma
2023-01-20,994.283935546875,1010.8336460075774,981.2564852164671,1007.5044558198786,2963571,SUNPHARMA.NS,Sun Pharma,Pharma
2023-01-23,1012.570556640625,1017.9745117843986,986.7086114418256,998.7710639044396,2106604,SUNPHARMA.NS,Sun Pharma,Pharma
2023-01-24,1004.2716064453125,1014.1628185612285,998.3369734136832,1013.2461191913965,2088556,SUNPHARMA.NS,Sun Pharma,Pharma
2023-01-25,1003.64453125,1009.048487413737,994.2358165533243,994.2358165533243,1753333,SUNPHARMA.NS,Sun Pharma,Pharma
2023-01-27,1006.877197265625,1014.2111458358804,997.80620817726,1008.3728709031157,3448013,SUNPHARMA.NS,Sun Pharma,Pharma
2023-01-30,1014.8865966796875,1034.6208423754185,1003.7891388460044,1005.477882429391,3320916,SUNPHARMA.NS,Sun Pharma,Pharma
2023-01-31,998.2886352539062,1023.1855859877032,990.1344639408727,1018.0710586687976,5265462,SUNPHARMA.NS,Sun Pharma,Pharma
2023-02-01,979.3748168945312,1007.4078901183276,969.9178055675844,1000.1704175101762,4717887,SUNPHARMA.NS,Sun Pharma,Pharma
2023-02-02,972.3302612304688,980.146766703471,958.2413386228855,974.5980379047987,2117181,SUNPHARMA.NS,Sun Pharma,Pharma
2023-02-03,992.1610107421875,996.31042432663,966.5886077267309,971.7513145873515,2332076,SUNPHARMA.NS,Sun Pharma,Pharma
2023-02-06,987.5289916992188,990.0379586509728,977.3000539436638,984.2962774846084,1215157,SUNPHARMA.NS,Sun Pharma,Pharma
2023-02-07,971.1722412109375,992.4986345931295,966.9262341879589,990.3273930492942,2360600,SUNPHARMA.NS,Sun Pharma,Pharma
2023-02-08,984.8809204101562,988.672687078018,969.7139724205668,976.9085259680679,1815142,SUNPHARMA.NS,Sun Pharma,Pharma
2023-02-09,978.8529663085938,992.8532710200791,973.6028965474815,975.1584595861237,1474402,SUNPHARMA.NS,Sun Pharma,Pharma
2023-02-10,978.6585083007812,986.1933817592434,969.0333507132372,978.8529685162817,1530150,SUNPHARMA.NS,Sun Pharma,Pharma
2023-02-13,987.0685424804688,989.1102266379235,974.1863379122676,980.2628495010417,1355766,SUNPHARMA.NS,Sun Pharma,Pharma
2023-02-14,978.804443359375,989.7907639570055,975.4015970204052,989.742163734635,1832842,SUNPHARMA.NS,Sun Pharma,Pharma
2023-02-15,967.76953125,978.4641912687362,963.0541228189985,974.1863035248691,2251350,SUNPHARMA.NS,Sun Pharma,Pharma
2023-02-16,967.5263671875,981.9641329303535,963.6860005420131,971.1722736216473,1678410,SUNPHARMA.NS,Sun Pharma,Pharma
2023-02-17,957.1719970703125,968.8388979995595,954.7413927100527,964.658270368098,1847026,SUNPHARMA.NS,Sun Pharma,Pharma
2023-02-20,957.0747680664062,964.1235205007752,947.8870719906645,962.6651579281471,2157871,SUNPHARMA.NS,Sun Pharma,Pharma
2023-02-21,944.630126953125,963.2971817332486,942.2481819709614,962.5194001467707,1771813,SUNPHARMA.NS,Sun Pharma,Pharma
2023-02-22,941.6647338867188,950.8524302806218,939.1855292955835,944.5814591329784,2605147,SUNPHARMA.NS,Sun Pharma,Pharma
2023-02-23,945.505126953125,950.1232753881146,937.2896720795368,945.9912478410187,2835983,SUNPHARMA.NS,Sun Pharma,Pharma
2023-02-24,943.5606079101562,956.0538905227248,936.9493759516655,943.6578083477074,1823835,SUNPHARMA.NS,Sun Pharma,Pharma
2023-02-27,938.261962890625,945.5537765901132,933.4007537576329,943.5606927137728,1548675,SUNPHARMA.NS,Sun Pharma,Pharma
2023-02-28,930.04638671875,948.907899439888,927.5185820344806,942.1022075381675,3819644,SUNPHARMA.NS,Sun Pharma,Pharma
2023-03-01,932.6715087890625,939.2341406710977,924.6019140467454,924.6019140467454,1862513,SUNPHARMA.NS,Sun Pharma,Pharma
2023-03-02,938.5049438476562,940.1577666810514,924.6990992112487,933.3520744713643,1510195,SUNPHARMA.NS,Sun Pharma,Pharma
2023-03-03,940.060546875,942.8314120526283,931.5534317881627,940.2063475290762,2215832,SUNPHARMA.NS,Sun Pharma,Pharma
2023-03-06,938.4563598632812,952.310804958388,937.0465974415584,943.0745082283167,1989152,SUNPHARMA.NS,Sun Pharma,Pharma
2023-03-08,930.9215698242188,938.2133836870717,920.7130304162247,933.3521744451697,4734482,SUNPHARMA.NS,Sun Pharma,Pharma
2023-03-09,926.2547607421875,932.7687925720148,920.8588307018495,930.9215094435358,2994556,SUNPHARMA.NS,Sun Pharma,Pharma
2023-03-10,929.0255737304688,930.9214569731685,919.8378775088669,920.2267979374454,2001392,SUNPHARMA.NS,Sun Pharma,Pharma
2023-03-13,927.6157836914062,933.2548330330073,921.2476124145833,928.5880253929341,1412106,SUNPHARMA.NS,Sun Pharma,Pharma
2023-03-14,930.6298828125,936.9980548710638,923.9213905120699,927.0325762070655,1879695,SUNPHARMA.NS,Sun Pharma,Pharma
2023-03-15,924.9908447265625,938.1161086359251,922.9977016231388,925.5741660528295,2189113,SUNPHARMA.NS,Sun Pharma,Pharma
2023-03-16,940.5466918945312,943.0744967060323,925.2824845641967,928.7339309056055,2228093,SUNPHARMA.NS,Sun Pharma,Pharma
2023-03-17,931.1159057617188,941.8105646662075,926.3032973865137,941.6647046720489,2218687,SUNPHARMA.NS,Sun Pharma,Pharma
2023-03-20,934.5188598632812,935.9286223864749,921.053274898826,923.6297394874533,1955757,SUNPHARMA.NS,Sun Pharma,Pharma
2023-03-21,929.6575317382812,938.2132468883528,926.7894068355672,938.2132468883528,1687239,SUNPHARMA.NS,Sun Pharma,Pharma
2023-03-22,945.0675659179688,947.3523695980324,930.0464192554869,930.4353396855607,1626129,SUNPHARMA.NS,Sun Pharma,Pharma
2023-03-23,950.5121459960938,955.6650152693975,945.0189565145515,947.9356816889791,1857923,SUNPHARMA.NS,Sun Pharma,Pharma
2023-03-24,945.8453979492188,951.8247086705999,941.1300490226156,950.4635464335756,1534322,SUNPHARMA.NS,Sun Pharma,Pharma
2023-03-27,956.1511840820312,963.442997383779,936.2688279444134,952.7969380950416,2473222,SUNPHARMA.NS,Sun Pharma,Pharma
2023-03-28,956.8803100585938,960.3803565045906,949.1995767553631,959.6025749989163,1394675,SUNPHARMA.NS,Sun Pharma,Pharma
2023-03-29,964.3666381835938,968.8389266021343,951.8246955780126,958.2901271035503,3045795,SUNPHARMA.NS,Sun Pharma,Pharma
2023-03-31,955.810791015625,967.5749511838038,954.15802759926,967.5749511838038,1822710,SUNPHARMA.NS,Sun Pharma,Pharma
2023-04-03,951.8731689453125,960.5747435204889,949.1023039984485,953.7690520178134,1671570,SUNPHARMA.NS,Sun Pharma,Pharma
2023-04-05,969.4708862304688,971.2695097343467,948.227368355947,957.658125213545,1544121,SUNPHARMA.NS,Sun Pharma,Pharma
2023-04-06,984.0057983398438,985.8530813015318,965.8249260686592,969.4708324344193,1423990,SUNPHARMA.NS,Sun Pharma,Pharma
2023-04-10,980.60302734375,988.72128174319,978.7072033614003,986.825398419912,1110974,SUNPHARMA.NS,Sun Pharma,Pharma
2023-04-11,981.2349853515625,993.8741280907949,979.5821625097851,980.60300447823,1786844,SUNPHARMA.NS,Sun Pharma,Pharma
2023-04-12,988.4782104492188,991.881056613312,977.3460304156423,987.3115084676298,3246327,SUNPHARMA.NS,Sun Pharma,Pharma
2023-04-13,975.6445922851562,995.4296880834172,974.186229665896,993.9227252450336,1445693,SUNPHARMA.NS,Sun Pharma,Pharma
2023-04-17,970.9779052734375,981.8670253884834,967.4291989387583,971.707086629254,1768817,SUNPHARMA.NS,Sun Pharma,Pharma
2023-04-18,976.908447265625,978.3182095973289,960.8664592324762,971.2694572797333,1217390,SUNPHARMA.NS,Sun Pharma,Pharma
2023-04-19,967.86669921875,981.3808837980556,965.4360947505965,975.6446335168414,2174563,SUNPHARMA.NS,Sun Pharma,Pharma
2023-04-20,960.3317260742188,974.2833705425217,956.4427593272717,971.3666454823115,1638094,SUNPHARMA.NS,Sun Pharma,Pharma
2023-04-21,961.9847412109375,966.7000905983315,957.6096527455857,966.7000905983315,1216575,SUNPHARMA.NS,Sun Pharma,Pharma
2023-04-24,951.9705810546875,955.2275673443751,932.6229455217219,947.9357538531967,3485350,SUNPHARMA.NS,Sun Pharma,Pharma
2023-04-25,945.505126953125,955.6164651576842,940.157797186295,952.7969402715296,2377746,SUNPHARMA.NS,Sun Pharma,Pharma
2023-04-26,944.2899169921875,949.6858475068132,936.4633818006193,948.7136056360362,2911028,SUNPHARMA.NS,Sun Pharma,Pharma
2023-04-27,951.5330200195312,954.3524855119798,936.8035336557025,941.1300213451544,2777173,SUNPHARMA.NS,Sun Pharma,Pharma
2023-04-28,960.2346801757812,964.9500293789424,951.970624508556,957.6096153309467,2009995,SUNPHARMA.NS,Sun Pharma,Pharma
2023-05-02,946.0398559570312,961.4499238364253,943.3661910513025,960.2346216065487,3152556,SUNPHARMA.NS,Sun Pharma,Pharma
2023-05-03,936.85205078125,945.4078249619113,932.8658836650636,943.5605420499679,3087472,SUNPHARMA.NS,Sun Pharma,Pharma
2023-05-04,946.9634399414062,948.8107229548696,938.3591244134218,940.7897287253865,1197830,SUNPHARMA.NS,Sun Pharma,Pharma
2023-05-05,943.5120239257812,950.1232559980272,940.9841597557657,946.9634702912033,1062645,SUNPHARMA.NS,Sun Pharma,Pharma
2023-05-08,935.1507568359375,942.1023094812789,934.324375037677,935.2966168431273,2676958,SUNPHARMA.NS,Sun Pharma,Pharma
2023-05-09,930.872802734375,940.0118388663532,923.1434695571027,935.1992900523005,6902170,SUNPHARMA.NS,Sun Pharma,Pharma
2023-05-10,927.3241577148438,933.3034681391317,925.1852140233384,930.4353431442217,2180917,SUNPHARMA.NS,Sun Pharma,Pharma
2023-05-11,934.3729858398438,937.143910621311,925.574209269075,927.3242326705152,1296607,SUNPHARMA.NS,Sun Pharma,Pharma
2023-05-12,929.463134765625,936.3660276159021,925.5741676745555,934.324343629462,2014927,SUNPHARMA.NS,Sun Pharma,Pharma
2023-05-15,926.5464477539062,929.2201127395549,921.7338389115523,926.5464477539062,1814239,SUNPHARMA.NS,Sun Pharma,Pharma
2023-05-16,914.8309326171875,935.8313317387552,911.9628074420143,926.5464344266948,2625163,SUNPHARMA.NS,Sun Pharma,Pharma
2023-05-17,909.9697265625,919.0601636759509,903.066774162889,915.1225962455505,2956985,SUNPHARMA.NS,Sun Pharma,Pharma
2023-05-18,903.8446044921875,916.8240086621139,896.8444517307172,916.8240086621139,3014019,SUNPHARMA.NS,Sun Pharma,Pharma
2023-05-19,900.1499633789062,908.4626774713313,898.6430005967388,906.12927363119,1309343,SUNPHARMA.NS,Sun Pharma,Pharma
2023-05-22,911.4280395507812,916.5809089527626,897.2332744095395,900.1499996568036,1382485,SUNPHARMA.NS,Sun Pharma,Pharma
2023-05-23,905.7404174804688,929.6576008457971,903.309813033236,911.4766677123098,3057684,SUNPHARMA.NS,Sun Pharma,Pharma
2023-05-24,925.7200927734375,928.2964980478868,906.7127173064945,909.5322423821601,2953574,SUNPHARMA.NS,Sun Pharma,Pharma
2023-05-25,918.7684936523438,925.2825255284353,916.5323493984129,923.3380419439858,2331464,SUNPHARMA.NS,Sun Pharma,Pharma
2023-05-26,942.977294921875,949.5885269386895,910.990517683078,917.7476096984325,4137189,SUNPHARMA.NS,Sun Pharma,Pharma
2023-05-29,941.5675659179688,946.2343146047306,920.1296464868643,943.0259285913899,5344765,SUNPHARMA.NS,Sun Pharma,Pharma
2023-05-30,932.9631958007812,940.5953294392767,929.75480976935,938.213325191072,2624815,SUNPHARMA.NS,Sun Pharma,Pharma
2023-05-31,948.2760009765625,952.1163678943368,934.0812946562276,938.2133222412277,5595631,SUNPHARMA.NS,Sun Pharma,Pharma
2023-06-01,960.2831420898438,962.956806773563,947.9356605913915,952.6024088984258,3261906,SUNPHARMA.NS,Sun Pharma,Pharma
2023-06-02,971.8528442382812,975.8390710780283,953.7691711515947,959.165101077386,3734815,SUNPHARMA.NS,Sun Pharma,Pharma
2023-06-05,980.7488403320312,989.4504156410804,970.78336264836,977.4431947298579,3629780,SUNPHARMA.NS,Sun Pharma,Pharma
2023-06-06,985.65869140625,987.7490349414377,976.1307339589006,980.8947423530394,1632644,SUNPHARMA.NS,Sun Pharma,Pharma
2023-06-07,986.4365234375,989.2560484421598,981.9642348172789,986.8254439005328,1608613,SUNPHARMA.NS,Sun Pharma,Pharma
2023-06-08,959.6026611328125,987.7976734659954,955.9567543655905,986.825431661403,3395935,SUNPHARMA.NS,Sun Pharma,Pharma
2023-06-09,956.6372680664062,963.1998997848249,953.7691430768381,956.6858682850241,2306206,SUNPHARMA.NS,Sun Pharma,Pharma
2023-06-12,958.0956420898438,962.4221297350715,953.8177546638132,960.4776462397716,593319,SUNPHARMA.NS,Sun Pharma,Pharma
2023-06-13,960.6720581054688,968.3527917361324,958.1928534887877,962.5193411835052,2413311,SUNPHARMA.NS,Sun Pharma,Pharma
2023-06-14,959.31103515625,967.3806305580451,956.9290307806592,964.0749845664989,2139387,SUNPHARMA.NS,Sun Pharma,Pharma
2023-06-15,960.9638061523438,967.186117985526,958.3387414588613,961.0610065946867,2731724,SUNPHARMA.NS,Sun Pharma,Pharma
2023-06-16,964.4638671875,967.0403316981128,959.7971184080045,962.5193835842994,3611214,SUNPHARMA.NS,Sun Pharma,Pharma
2023-06-19,973.9917602539062,978.7557685015547,966.1652261392778,967.5263883074421,1327862,SUNPHARMA.NS,Sun Pharma,Pharma
2023-06-20,964.4152221679688,979.7766300515214,962.1304184357803,979.6794296122484,1445688,SUNPHARMA.NS,Sun Pharma,Pharma
2023-06-21,964.3666381835938,966.2624621678244,956.2969839965532,964.4152384040484,1396686,SUNPHARMA.NS,Sun Pharma,Pharma
2023-06-22,962.81103515625,968.5472854678457,959.6998495523494,959.6998495523494,5384143,SUNPHARMA.NS,Sun Pharma,Pharma
2023-06-23,963.9291381835938,968.3042262550239,950.1718930670585,966.4083428892181,1218237,SUNPHARMA.NS,Sun Pharma,Pharma
2023-06-26,967.33203125,975.9363478036205,963.9291848076297,966.4083896331701,2066932,SUNPHARMA.NS,Sun Pharma,Pharma
2023-06-27,973.9917602539062,975.498723078064,958.6303526775627,972.1931367768351,4647465,SUNPHARMA.NS,Sun Pharma,Pharma
2023-06-28,993.4365844726562,997.0825502887025,967.3805180653134,967.3805180653134,5296330,SUNPHARMA.NS,Sun Pharma,Pharma
2023-06-30,1022.409423828125,1025.7150695897144,991.7352077858316,993.3880306666263,4765060,SUNPHARMA.NS,Sun Pharma,Pharma
2023-07-03,1004.0339965820312,1024.4025322270368,1001.4089913589771,1023.7705513601969,2338356,SUNPHARMA.NS,Sun Pharma,Pharma
2023-07-04,1019.6871337890625,1024.6455426806615,1001.3117420784572,1011.1313594288487,1549174,SUNPHARMA.NS,Sun Pharma,Pharma
2023-07-05,1015.700927734375,1028.340070720584,1013.7079033187405,1025.7150654192678,1840716,SUNPHARMA.NS,Sun Pharma,Pharma
2023-07-06,1013.5621337890625,1027.270720207534,1011.1315291516787,1011.1315291516787,2551103,SUNPHARMA.NS,Sun Pharma,Pharma
2023-07-07,1006.9507446289062,1022.0204919279075,1000.1937118611287,1004.8118602269516,1721224,SUNPHARMA.NS,Sun Pharma,Pharma
2023-07-10,1015.9927368164062,1021.8261879368832,1002.4785513175946,1007.2425601356908,1221769,SUNPHARMA.NS,Sun Pharma,Pharma
2023-07-11,1042.486328125,1044.9169327604045,1019.9303645811929,1022.7984305782234,4369937,SUNPHARMA.NS,Sun Pharma,Pharma
2023-07-12,1048.805908203125,1053.6671175111348,1040.2987919141078,1045.1600012221177,5088473,SUNPHARMA.NS,Sun Pharma,Pharma
2023-07-13,1045.791748046875,1051.8682583215375,1041.9513223441836,1051.8682583215375,1541690,SUNPHARMA.NS,Sun Pharma,Pharma
2023-07-14,1043.166748046875,1050.021099921885,1035.4374735340812,1049.9724403611835,2641580,SUNPHARMA.NS,Sun Pharma,Pharma
2023-07-17,1047.6876220703125,1051.0419271120422,1040.7847298033157,1043.8958557405447,1254025,SUNPHARMA.NS,Sun Pharma,Pharma
2023-07-18,1037.52783203125,1048.9516728666197,1034.8055075934828,1048.5140928595551,2238739,SUNPHARMA.NS,Sun Pharma,Pharma
2023-07-19,1051.8197021484375,1055.854529103759,1034.3193508373256,1037.5277960504372,2311282,SUNPHARMA.NS,Sun Pharma,Pharma
2023-07-20,1067.18115234375,1073.8409844183948,1052.2572656131015,1055.9031720789856,5218991,SUNPHARMA.NS,Sun Pharma,Pharma
2023-07-21,1066.6951904296875,1073.549424397787,1060.0838982469966,1072.771702111621,1879610,SUNPHARMA.NS,Sun Pharma,Pharma
2023-07-24,1069.854736328125,1076.611768328773,1062.1740035500673,1063.6323660263374,2130036,SUNPHARMA.NS,Sun Pharma,Pharma
2023-07-25,1064.6534423828125,1079.1884099814395,1060.5214146869378,1079.1884099814395,1702900,SUNPHARMA.NS,Sun Pharma,Pharma
2023-07-26,1081.1328125,1083.4662164072338,1063.7296616559406,1066.5978459917385,1321572,SUNPHARMA.NS,Sun Pharma,Pharma
2023-07-27,1103.4456787109375,1123.2794332849187,1085.313465807326,1096.688646314981,6366612,SUNPHARMA.NS,Sun Pharma,Pharma
2023-07-28,1110.8609619140625,1116.0808282095568,1094.3719394101333,1102.4700152316484,2677679,SUNPHARMA.NS,Sun Pharma,Pharma
2023-07-31,1115.593017578125,1117.154082431943,1099.59183484786,1112.2756803252532,1718336,SUNPHARMA.NS,Sun Pharma,Pharma
2023-08-01,1115.641845703125,1124.618177970225,1108.3730734518597,1115.5931331379804,1448567,SUNPHARMA.NS,Sun Pharma,Pharma
2023-08-02,1107.64111328125,1116.4710680570563,1099.0550785920504,1116.129484654523,1731918,SUNPHARMA.NS,Sun Pharma,Pharma
2023-08-03,1113.251220703125,1141.2531976323187,1095.0547593139067,1102.76265749317,8460399,SUNPHARMA.NS,Sun Pharma,Pharma
2023-08-04,1111.2510986328125,1117.1540124527908,1093.7865154661458,1101.5431266892583,3527805,SUNPHARMA.NS,Sun Pharma,Pharma
2023-08-07,1132.5699462890625,1138.3751974914173,1105.9338216040467,1111.2512325674938,3353219,SUNPHARMA.NS,Sun Pharma,Pharma
2023-08-08,1120.7154541015625,1136.2775107685652,1112.2269621091398,1133.9358536981856,3073468,SUNPHARMA.NS,Sun Pharma,Pharma
2023-08-09,1124.764404296875,1131.1063268491525,1112.5683993886491,1123.1545078286672,1306791,SUNPHARMA.NS,Sun Pharma,Pharma
2023-08-10,1122.3250732421875,1129.7402195466807,1115.7879439080396,1122.6177058651037,1443067,SUNPHARMA.NS,Sun Pharma,Pharma
2023-08-11,1104.8116455078125,1123.0081082674812,1103.0066606397806,1122.0812595546456,1756630,SUNPHARMA.NS,Sun Pharma,Pharma
2023-08-14,1106.6656494140625,1114.2271735780114,1093.2500420264114,1103.4946876678905,1824622,SUNPHARMA.NS,Sun Pharma,Pharma
2023-08-16,1115.8369140625,1117.641898983443,1094.5670336869457,1107.348423115583,1224080,SUNPHARMA.NS,Sun Pharma,Pharma
2023-08-17,1116.9591064453125,1121.0080853202307,1109.8365910117952,1115.837050027481,1964341,SUNPHARMA.NS,Sun Pharma,Pharma
2023-08-18,1107.2998046875,1121.349627472039,1101.5432660137822,1113.2514318172944,1473774,SUNPHARMA.NS,Sun Pharma,Pharma
2023-08-21,1109.739013671875,1116.0809368598784,1099.738288644639,1102.4701225569593,941384,SUNPHARMA.NS,Sun Pharma,Pharma
2023-08-22,1109.88525390625,1119.1053857735053,1102.518819463,1107.3972213190311,1438879,SUNPHARMA.NS,Sun Pharma,Pharma
2023-08-23,1096.3719482421875,1102.9577905241213,1083.5905596338662,1100.5674213365053,3050418,SUNPHARMA.NS,Sun Pharma,Pharma
2023-08-24,1091.1033935546875,1105.5433914128043,1086.127328440476,1096.2744279985295,1575291,SUNPHARMA.NS,Sun Pharma,Pharma
2023-08-25,1079.3953857421875,1095.9819542568093,1073.4924710713344,1090.8107999616013,1515282,SUNPHARMA.NS,Sun Pharma,Pharma
2023-08-28,1089.8350830078125,1096.8112221759484,1078.273293279665,1083.0541513942935,1959645,SUNPHARMA.NS,Sun Pharma,Pharma
2023-08-29,1084.56640625,1097.6893802698485,1079.5416279182846,1097.6893802698485,1749707,SUNPHARMA.NS,Sun Pharma,Pharma
2023-08-30,1087.7861328125,1091.9327746307947,1083.4931151097073,1090.3228781045457,1543173,SUNPHARMA.NS,Sun Pharma,Pharma
2023-08-31,1084.56640625,1091.6400897854533,1074.9071456019533,1091.6400897854533,4782404,SUNPHARMA.NS,Sun Pharma,Pharma
2023-09-01,1082.0296630859375,1090.3229472484536,1078.858701494387,1084.956704555061,2715249,SUNPHARMA.NS,Sun Pharma,Pharma
2023-09-04,1081.93212890625,1086.9080756296516,1075.199909644413,1086.9080756296516,1205294,SUNPHARMA.NS,Sun Pharma,Pharma
2023-09-05,1104.3726806640625,1108.37294652751,1080.273303059407,1083.0052558499438,1698118,SUNPHARMA.NS,Sun Pharma,Pharma
2023-09-06,1114.568603515625,1121.0569027084575,1101.5921242315844,1109.3487366227296,2960249,SUNPHARMA.NS,Sun Pharma,Pharma
2023-09-07,1105.49462890625,1113.6902482736,1101.1527800421457,1112.2755594570363,1863837,SUNPHARMA.NS,Sun Pharma,Pharma
2023-09-08,1102.9578857421875,1110.373152232917,1101.0553565593589,1105.4459184596842,1789037,SUNPHARMA.NS,Sun Pharma,Pharma
2023-09-11,1109.2510986328125,1112.2756841289809,1098.323406415489,1102.9578884326932,2032253,SUNPHARMA.NS,Sun Pharma,Pharma
2023-09-12,1117.39794921875,1125.740064063777,1109.4461303439575,1114.2758196600919,3989578,SUNPHARMA.NS,Sun Pharma,Pharma
2023-09-13,1120.812744140625,1128.5693548816332,1114.5196538489843,1121.0566642155195,2115524,SUNPHARMA.NS,Sun Pharma,Pharma
2023-09-14,1115.9832763671875,1122.9105833074516,1111.056042763028,1120.8128466511776,2065163,SUNPHARMA.NS,Sun Pharma,Pharma
2023-09-15,1121.8375244140625,1125.740246545819,1116.1785296823646,1116.1785296823646,2404169,SUNPHARMA.NS,Sun Pharma,Pharma
2023-09-18,1119.7396240234375,1128.8622118546634,1114.763677852006,1121.0567687303444,962842,SUNPHARMA.NS,Sun Pharma,Pharma
2023-09-20,1125.1058349609375,1127.8865001765184,1111.299933997452,1120.0810572687226,2303191,SUNPHARMA.NS,Sun Pharma,Pharma
2023-09-21,1118.276123046875,1128.8133999885135,1113.3977210086316,1121.0567883883514,2088934,SUNPHARMA.NS,Sun Pharma,Pharma
2023-09-22,1104.8116455078125,1120.0810671512324,1100.8602114618413,1114.714825104776,1585418,SUNPHARMA.NS,Sun Pharma,Pharma
2023-09-25,1096.7135009765625,1109.153424939049,1094.3718444103627,1098.8111183634662,1009279,SUNPHARMA.NS,Sun Pharma,Pharma
2023-09-26,1098.4697265625,1102.5188239397687,1091.2984996253374,1097.640422063929,1966198,SUNPHARMA.NS,Sun Pharma,Pharma
2023-09-27,1112.226806640625,1118.0321763892116,1095.8841602006835,1098.762488795848,2332018,SUNPHARMA.NS,Sun Pharma,Pharma
2023-09-28,1104.762939453125,1123.9837952556554,1101.39677068866,1115.153840195686,2685663,SUNPHARMA.NS,Sun Pharma,Pharma
2023-09-29,1130.47216796875,1139.0093718364399,1106.7143730258454,1106.7143730258454,2288577,SUNPHARMA.NS,Sun Pharma,Pharma
2023-10-03,1113.6903076171875,1133.6917551468957,1111.5438584497642,1131.350217546655,1946966,SUNPHARMA.NS,Sun Pharma,Pharma
2023-10-04,1096.4697265625,1111.300021615938,1085.9323301655304,1110.4218853992545,1803871,SUNPHARMA.NS,Sun Pharma,Pharma
2023-10-05,1091.8839111328125,1101.2017065875955,1084.7615156782597,1097.2989849900507,2348562,SUNPHARMA.NS,Sun Pharma,Pharma
2023-10-06,1099.8846435546875,1104.6166700228255,1095.7867141119548,1100.567572244333,1056281,SUNPHARMA.NS,Sun Pharma,Pharma
2023-10-09,1095.7379150390625,1106.2264792833375,1082.0295578512496,1083.9809186408822,1080276,SUNPHARMA.NS,Sun Pharma,Pharma
2023-10-10,1099.1041259765625,1102.9093038948097,1092.5671140130921,1094.7135635558839,1092093,SUNPHARMA.NS,Sun Pharma,Pharma
2023-10-11,1101.29931640625,1106.8606473733685,1095.0549376579086,1100.567556063123,1456045,SUNPHARMA.NS,Sun Pharma,Pharma
2023-10-12,1102.9090576171875,1105.0067941256389,1093.9327272116661,1101.543081348782,1221965,SUNPHARMA.NS,Sun Pharma,Pharma
2023-10-13,1117.4468994140625,1119.3005970414968,1094.7134966295039,1098.7137627701252,1934884,SUNPHARMA.NS,Sun Pharma,Pharma
2023-10-16,1107.68994140625,1119.3492738682235,1105.494660633791,1113.7391118941616,1144308,SUNPHARMA.NS,Sun Pharma,Pharma
2023-10-17,1109.153564453125,1116.17841593374,1106.4216115986549,1110.9585494347925,798807,SUNPHARMA.NS,Sun Pharma,Pharma
2023-10-18,1125.3497314453125,1133.5454701468975,1106.470340628436,1109.3485499996666,2178517,SUNPHARMA.NS,Sun Pharma,Pharma
2023-10-19,1113.7391357421875,1122.0324188379461,1107.3972133748425,1119.4956737113296,1765065,SUNPHARMA.NS,Sun Pharma,Pharma
2023-10-20,1114.4222412109375,1117.1541943049099,1105.543572307966,1110.324430671605,957910,SUNPHARMA.NS,Sun Pharma,Pharma
2023-10-23,1095.1524658203125,1121.251917675701,1090.8107354887545,1107.39730302302,702730,SUNPHARMA.NS,Sun Pharma,Pharma
2023-10-25,1093.0548095703125,1102.2261101313316,1085.7372065046402,1097.640459850822,1800673,SUNPHARMA.NS,Sun Pharma,Pharma
2023-10-26,1076.8583984375,1090.7618439902894,1070.8092276621937,1088.8104832109505,2223975,SUNPHARMA.NS,Sun Pharma,Pharma
2023-10-27,1084.2735595703125,1092.566842078548,1080.7123026729269,1084.9564881362337,1250965,SUNPHARMA.NS,Sun Pharma,Pharma
2023-10-30,1088.0787353515625,1092.713217255448,1077.0047866226007,1088.5665755519715,1078813,SUNPHARMA.NS,Sun Pharma,Pharma
2023-10-31,1062.125732421875,1092.371826895059,1042.3682029676177,1092.2254510047037,6475786,SUNPHARMA.NS,Sun Pharma,Pharma
2023-11-01,1089.054443359375,1105.0069135984252,1056.2716048811844,1065.4430247016867,3973264,SUNPHARMA.NS,Sun Pharma,Pharma
2023-11-02,1105.299560546875,1109.885330067187,1083.5906707978613,1100.4211583560855,3454692,SUNPHARMA.NS,Sun Pharma,Pharma
2023-11-03,1113.348876953125,1117.8369829580222,1103.9823689642938,1110.8121317418015,1741756,SUNPHARMA.NS,Sun Pharma,Pharma
2023-11-06,1122.0323486328125,1123.0080289359714,1112.2755456012228,1112.3730898112187,1428537,SUNPHARMA.NS,Sun Pharma,Pharma
2023-11-07,1142.4730224609375,1145.0098870169816,1118.666513779232,1121.0568833397863,1811831,SUNPHARMA.NS,Sun Pharma,Pharma
2023-11-08,1148.0831298828125,1154.1324200916754,1142.5217989971707,1146.4245207700046,1702301,SUNPHARMA.NS,Sun Pharma,Pharma
2023-11-09,1147.5953369140625,1154.473931962559,1138.4727482147587,1152.278650874948,1849169,SUNPHARMA.NS,Sun Pharma,Pharma
2023-11-10,1150.668701171875,1152.7664379346947,1141.6436571169484,1145.4976663094812,957539,SUNPHARMA.NS,Sun Pharma,Pharma
2023-11-13,1149.1563720703125,1158.6692555506904,1145.2048189839745,1151.400365430361,816825,SUNPHARMA.NS,Sun Pharma,Pharma
2023-11-15,1152.1810302734375,1155.595911738918,1142.5217703078986,1150.8150538669227,2246320,SUNPHARMA.NS,Sun Pharma,Pharma
2023-11-16,1160.6207275390625,1165.8405941289416,1150.9126355955657,1153.2542924971015,2205723,SUNPHARMA.NS,Sun Pharma,Pharma
2023-11-17,1165.5478515625,1169.2554849443618,1159.059552695051,1160.8646568240424,891965,SUNPHARMA.NS,Sun Pharma,Pharma
2023-11-20,1159.1082763671875,1169.10900013214,1156.4251553570782,1166.913719305687,1054810,SUNPHARMA.NS,Sun Pharma,Pharma
2023-11-21,1172.1824951171875,1175.6949208529395,1157.4009127483814,1160.08403393705,999135,SUNPHARMA.NS,Sun Pharma,Pharma
2023-11-22,1174.8167724609375,1185.2566244386483,1169.8408261284205,1175.6949086611733,1401782,SUNPHARMA.NS,Sun Pharma,Pharma
2023-11-23,1169.6456298828125,1180.4756577499195,1165.6940768967586,1174.2801114607657,1177434,SUNPHARMA.NS,Sun Pharma,Pharma
2023-11-24,1166.3770751953125,1180.1829765413602,1163.7916174417473,1170.81646861278,1376695,SUNPHARMA.NS,Sun Pharma,Pharma
2023-11-28,1162.376708984375,1171.1578317402757,1160.815644314757,1168.0357024010398,886708,SUNPHARMA.NS,Sun Pharma,Pharma
2023-11-29,1172.9630126953125,1180.0855277627218,1155.6935160272376,1162.962287883764,1813462,SUNPHARMA.NS,Sun Pharma,Pharma
2023-11-30,1196.037841796875,1201.2089957619257,1163.3525471048847,1163.3525471048847,4672807,SUNPHARMA.NS,Sun Pharma,Pharma
2023-12-01,1201.306396484375,1211.6485840774428,1195.208394471764,1203.0626687046476,1749751,SUNPHARMA.NS,Sun Pharma,Pharma
2023-12-04,1201.208984375,1209.84373235414,1190.8179639824418,1207.160611173516,1615837,SUNPHARMA.NS,Sun Pharma,Pharma
2023-12-05,1209.4046630859375,1213.3560971653324,1190.8667358595565,1196.0866020740316,930042,SUNPHARMA.NS,Sun Pharma,Pharma
2023-12-06,1210.1851806640625,1227.4059638338827,1203.3067051893954,1218.185831539528,1704590,SUNPHARMA.NS,Sun Pharma,Pharma
2023-12-07,1209.1607666015625,1211.6975118196476,1199.0136666276103,1201.0625716460017,1478355,SUNPHARMA.NS,Sun Pharma,Pharma
2023-12-08,1205.745849609375,1217.2588065213113,1200.7210718805416,1205.9897697020212,1612113,SUNPHARMA.NS,Sun Pharma,Pharma
2023-12-11,1211.2095947265625,1216.0391647562817,1185.5491542110747,1205.94089708403,1172972,SUNPHARMA.NS,Sun Pharma,Pharma
2023-12-12,1188.3787841796875,1219.6005584766908,1183.1589176097307,1218.6248780299093,2832873,SUNPHARMA.NS,Sun Pharma,Pharma
2023-12-13,1203.111572265625,1209.4534953655834,1183.1589541533274,1188.6715726682307,2448178,SUNPHARMA.NS,Sun Pharma,Pharma
2023-12-14,1201.3553466796875,1209.7461744566488,1194.476752090106,1208.8680382598661,2341190,SUNPHARMA.NS,Sun Pharma,Pharma
2023-12-15,1205.6971435546875,1216.1857086311293,1203.0140222560628,1210.81946603388,3474624,SUNPHARMA.NS,Sun Pharma,Pharma
2023-12-18,1222.2835693359375,1237.0651505902556,1203.989562610694,1205.6970032383833,2135393,SUNPHARMA.NS,Sun Pharma,Pharma
2023-12-19,1214.67333984375,1237.113990401717,1206.428887605492,1234.0406922370296,2187458,SUNPHARMA.NS,Sun Pharma,Pharma
2023-12-20,1202.1845703125,1224.4788425497582,1198.5744815468083,1224.4788425497582,1837031,SUNPHARMA.NS,Sun Pharma,Pharma
2023-12-21,1203.501708984375,1207.8434388913458,1179.1585319479516,1194.3302898949391,1916222,SUNPHARMA.NS,Sun Pharma,Pharma
2023-12-22,1213.4049072265625,1220.5761340740623,1205.9897602883204,1209.8436500814048,2058127,SUNPHARMA.NS,Sun Pharma,Pharma
2023-12-26,1217.1612548828125,1219.6004557944013,1209.160723533444,1213.404909299287,1796483,SUNPHARMA.NS,Sun Pharma,Pharma
2023-12-27,1221.990966796875,1224.8692956673974,1211.0633930860122,1219.6005972668802,2005268,SUNPHARMA.NS,Sun Pharma,Pharma
2023-12-28,1231.4549560546875,1233.8941568870655,1219.1614076798228,1224.4299861964769,2043365,SUNPHARMA.NS,Sun Pharma,Pharma
2023-12-29,1228.8206787109375,1241.0166841731589,1222.088578977084,1231.4062556892516,1840160,SUNPHARMA.NS,Sun Pharma,Pharma
2024-01-01,1229.6011962890625,1233.2111660467683,1222.039673360088,1230.3329565725116,733452,SUNPHARMA.NS,Sun Pharma,Pharma
2024-01-02,1264.677001953125,1267.408954962438,1226.5767503261204,1230.3330963877092,3174447,SUNPHARMA.NS,Sun Pharma,Pharma
2024-01-03,1267.0185546875,1272.9214687997085,1259.7497832846493,1264.6768978867226,1699057,SUNPHARMA.NS,Sun Pharma,Pharma
2024-01-04,1281.0196533203125,1296.1915325995942,1265.506428791047,1272.2873605644493,2851729,SUNPHARMA.NS,Sun Pharma,Pharma
2024-01-05,1268.57958984375,1285.9467483498163,1255.7006563931816,1285.9467483498163,2960339,SUNPHARMA.NS,Sun Pharma,Pharma
2024-01-08,1273.5556640625,1278.092482606663,1267.701581707079,1273.653208281435,1678133,SUNPHARMA.NS,Sun Pharma,Pharma
2024-01-09,1291.8009033203125,1301.0210358430927,1275.0679599441407,1282.970947692469,1712486,SUNPHARMA.NS,Sun Pharma,Pharma
2024-01-10,1292.630126953125,1301.0697860560751,1281.2147141536816,1297.7037363874624,1278475,SUNPHARMA.NS,Sun Pharma,Pharma
2024-01-11,1284.239501953125,1299.5089261195599,1278.3365870860227,1295.7037482193732,1320281,SUNPHARMA.NS,Sun Pharma,Pharma
2024-01-12,1293.703369140625,1297.6549223719508,1273.7995844095917,1286.9224380515811,1538242,SUNPHARMA.NS,Sun Pharma,Pharma
2024-01-15,1297.020751953125,1307.4117723221275,1289.459228643053,1296.8743760687362,1475983,SUNPHARMA.NS,Sun Pharma,Pharma
2024-01-16,1281.5074462890625,1299.1673578101284,1275.7510268844646,1297.7038371272745,824502,SUNPHARMA.NS,Sun Pharma,Pharma
2024-01-17,1267.4088134765625,1288.3371099845504,1262.8718758897542,1280.092658415127,2544642,SUNPHARMA.NS,Sun Pharma,Pharma
2024-01-18,1303.26513671875,1310.7291158420103,1258.62775696589,1267.3600491894647,2842572,SUNPHARMA.NS,Sun Pharma,Pharma
2024-01-19,1303.1187744140625,1311.7048099436447,1296.825683204296,1307.4117921788536,1605745,SUNPHARMA.NS,Sun Pharma,Pharma
2024-01-23,1344.7803955078125,1360.683915188274,1283.9954565720022,1283.9954565720022,4129729,SUNPHARMA.NS,Sun Pharma,Pharma
2024-01-24,1348.48779296875,1356.1956915829599,1327.2667452767146,1346.4388880463919,1719845,SUNPHARMA.NS,Sun Pharma,Pharma
2024-01-25,1335.023681640625,1356.2934451728534,1315.7051600153234,1349.9028093308243,1870910,SUNPHARMA.NS,Sun Pharma,Pharma
2024-01-29,1366.7818603515625,1386.2954682920542,1322.2420264070681,1331.8037419385535,3413149,SUNPHARMA.NS,Sun Pharma,Pharma
2024-01-30,1338.3895263671875,1374.9287080048036,1335.8527812656537,1367.8063128774818,1935332,SUNPHARMA.NS,Sun Pharma,Pharma
2024-01-31,1383.953857421875,1403.906593663787,1333.6576027479975,1338.3407973480812,5796356,SUNPHARMA.NS,Sun Pharma,Pharma
2024-02-01,1373.709228515625,1395.6620384261446,1364.8793919903635,1392.2959885471782,2442481,SUNPHARMA.NS,Sun Pharma,Pharma
2024-02-02,1382.1976318359375,1398.9792867032309,1370.9773074847008,1374.7336531210974,1775449,SUNPHARMA.NS,Sun Pharma,Pharma
2024-02-05,1428.201171875,1430.3476213468764,1388.9787440851412,1392.1009931643353,3481964,SUNPHARMA.NS,Sun Pharma,Pharma
2024-02-06,1439.2261962890625,1442.0556933914122,1411.3705911287032,1414.7366410132258,1893995,SUNPHARMA.NS,Sun Pharma,Pharma
2024-02-07,1459.81298828125,1463.9596300421563,1444.3973091957896,1446.9340544527274,2259235,SUNPHARMA.NS,Sun Pharma,Pharma
2024-02-08,1463.13037109375,1470.8382704274243,1449.2269247563763,1464.5451791995756,2213750,SUNPHARMA.NS,Sun Pharma,Pharma
2024-02-09,1506.0107421875,1510.13191196876,1464.2588340710736,1472.7466039911415,6343881,SUNPHARMA.NS,Sun Pharma,Pharma
2024-02-12,1505.6671142578125,1525.9297905641524,1492.567554249003,1510.9658463345634,4059288,SUNPHARMA.NS,Sun Pharma,Pharma
2024-02-13,1513.271728515625,1521.9067081050352,1496.8359210618794,1508.6599379184343,4687838,SUNPHARMA.NS,Sun Pharma,Pharma
2024-02-14,1491.880859375,1516.8044384611035,1479.762540580899,1516.8044384611035,2105672,SUNPHARMA.NS,Sun Pharma,Pharma
2024-02-15,1481.57763671875,1500.3684489948828,1477.3092570616939,1500.3684489948828,2161691,SUNPHARMA.NS,Sun Pharma,Pharma
2024-02-16,1481.626708984375,1493.4507261807462,1476.622397392836,1486.5820303310318,3480879,SUNPHARMA.NS,Sun Pharma,Pharma
2024-02-19,1501.3988037109375,1503.9991197350944,1479.124651644045,1486.4348587910483,777823,SUNPHARMA.NS,Sun Pharma,Pharma
2024-02-20,1509.83740234375,1513.0755496813574,1483.8835927403584,1503.2631271801813,2230669,SUNPHARMA.NS,Sun Pharma,Pharma
2024-02-21,1514.4493408203125,1520.4348947007138,1504.2443972740848,1511.1622031776828,1993748,SUNPHARMA.NS,Sun Pharma,Pharma
2024-02-22,1528.824462890625,1531.7190794783833,1506.2067821904666,1520.5328944037267,1981678,SUNPHARMA.NS,Sun Pharma,Pharma
2024-02-23,1531.9644775390625,1539.029373894757,1521.3180229803293,1528.7754401959069,1340283,SUNPHARMA.NS,Sun Pharma,Pharma
2024-02-26,1527.7449951171875,1537.5084268738472,1519.6497469685683,1532.700316138559,974892,SUNPHARMA.NS,Sun Pharma,Pharma
2024-02-27,1553.0611572265625,1555.7104633655279,1519.9933416110382,1527.5488589559002,2140963,SUNPHARMA.NS,Sun Pharma,Pharma
2024-02-28,1544.328125,1557.6729959359081,1533.3382594717345,1556.74086369023,578316,SUNPHARMA.NS,Sun Pharma,Pharma
2024-02-29,1548.3511962890625,1558.0165284995628,1527.303597451945,1545.4565794968285,2350244,SUNPHARMA.NS,Sun Pharma,Pharma
2024-03-01,1530.001953125,1552.2271136777301,1519.0120880181387,1550.3627294773128,4069161,SUNPHARMA.NS,Sun Pharma,Pharma
2024-03-04,1522.986083984375,1539.6672023626936,1519.8461566724404,1521.4652303535047,2298105,SUNPHARMA.NS,Sun Pharma,Pharma
2024-03-05,1544.6715087890625,1546.8303136168267,1506.5993811909898,1524.6542626260118,1408172,SUNPHARMA.NS,Sun Pharma,Pharma
2024-03-06,1573.9124755859375,1576.6108916132823,1537.0177931318017,1545.456452024845,1761032,SUNPHARMA.NS,Sun Pharma,Pharma
2024-03-07,1575.58056640625,1589.563267878529,1570.3800545690967,1580.5358874718013,2440999,SUNPHARMA.NS,Sun Pharma,Pharma
2024-03-11,1563.707763671875,1596.4812816708927,1556.6428667604782,1584.853583938129,2994345,SUNPHARMA.NS,Sun Pharma,Pharma
2024-03-12,1554.582275390625,1573.7165008755892,1550.51009575438,1562.3339939934203,1294598,SUNPHARMA.NS,Sun Pharma,Pharma
2024-03-13,1529.3641357421875,1562.3338511456716,1515.038022952759,1551.5401864743762,2881503,SUNPHARMA.NS,Sun Pharma,Pharma
2024-03-14,1540.74658203125,1544.76977120862,1517.2458773086817,1537.8519652139248,3062556,SUNPHARMA.NS,Sun Pharma,Pharma
2024-03-15,1519.1593017578125,1543.9847802001032,1512.2906055637225,1539.3238792112563,3421374,SUNPHARMA.NS,Sun Pharma,Pharma
2024-03-18,1541.7767333984375,1546.6829441650198,1514.4981536240264,1519.2081638721597,2281873,SUNPHARMA.NS,Sun Pharma,Pharma
2024-03-19,1519.404541015625,1550.1174718969055,1511.505612631529,1544.4753288594582,3692624,SUNPHARMA.NS,Sun Pharma,Pharma
2024-03-20,1520.2877197265625,1530.6888640558852,1491.9789035850547,1530.6888640558852,3412218,SUNPHARMA.NS,Sun Pharma,Pharma
2024-03-21,1535.8402099609375,1541.3842522258772,1513.6151704411147,1535.4478089139473,2567975,SUNPHARMA.NS,Sun Pharma,Pharma
2024-03-22,1578.7208251953125,1590.5938335563083,1536.7236051200969,1539.4711315850398,4941447,SUNPHARMA.NS,Sun Pharma,Pharma
2024-03-26,1568.123291015625,1584.4118891911273,1563.2170795301995,1565.1305738778476,3649049,SUNPHARMA.NS,Sun Pharma,Pharma
2024-03-27,1574.0596923828125,1595.6470206908807,1562.2356760109494,1571.9499977056885,2530169,SUNPHARMA.NS,Sun Pharma,Pharma
2024-03-28,1590.15234375,1603.3500054912995,1577.788594272436,1579.7510789792798,4427587,SUNPHARMA.NS,Sun Pharma,Pharma
2024-04-01,1598.6888427734375,1603.104432641463,1588.140489199821,1600.9947379706316,1148498,SUNPHARMA.NS,Sun Pharma,Pharma
2024-04-02,1591.8203125,1602.368667167514,1579.7019941171525,1598.6890085625673,1921533,SUNPHARMA.NS,Sun Pharma,Pharma
2024-04-03,1589.4652099609375,1598.3944903408133,1564.2963226841675,1578.8187556702956,2098379,SUNPHARMA.NS,Sun Pharma,Pharma
2024-04-04,1588.974609375,1597.4623787711405,1557.3786569208612,1590.4955827706929,2439461,SUNPHARMA.NS,Sun Pharma,Pharma
2024-04-05,1578.81884765625,1608.1089061131531,1575.973221053649,1580.7813322400366,1548980,SUNPHARMA.NS,Sun Pharma,Pharma
2024-04-08,1569.693115234375,1588.5330375324156,1567.0438091799138,1580.7812001182474,1170390,SUNPHARMA.NS,Sun Pharma,Pharma
2024-04-09,1572.4898681640625,1578.6716226771773,1562.0886041422668,1570.9688947135494,1389391,SUNPHARMA.NS,Sun Pharma,Pharma
2024-04-10,1573.9617919921875,1578.3282724058622,1554.0425249753089,1572.980549671761,1928878,SUNPHARMA.NS,Sun Pharma,Pharma
2024-04-12,1511.1131591796875,1565.0814862932477,1505.2257053127537,1565.0814862932477,8258068,SUNPHARMA.NS,Sun Pharma,Pharma
2024-04-15,1511.162109375,1515.1360684465296,1475.592079357776,1489.1331499511796,2474028,SUNPHARMA.NS,Sun Pharma,Pharma
2024-04-16,1508.7091064453125,1514.3512495213524,1496.5416782904379,1506.2068907341527,2058697,SUNPHARMA.NS,Sun Pharma,Pharma
2024-04-18,1487.9556884765625,1516.5589224173525,1478.1922567678403,1516.5589224173525,3266796,SUNPHARMA.NS,Sun Pharma,Pharma
2024-04-19,1494.23583984375,1499.6326725569254,1475.4940158699148,1476.7696787870693,2536516,SUNPHARMA.NS,Sun Pharma,Pharma
2024-04-22,1511.211181640625,1518.9630194557144,1493.401610654075,1499.779685348172,1680307,SUNPHARMA.NS,Sun Pharma,Pharma
2024-04-23,1456.8013916015625,1533.141969989396,1449.9816858093186,1532.7004588705727,9160422,SUNPHARMA.NS,Sun Pharma,Pharma
2024-04-24,1457.880615234375,1474.8070433769246,1451.6006411268277,1456.8012727582052,4652803,SUNPHARMA.NS,Sun Pharma,Pharma
2024-04-25,1491.6353759765625,1498.651281764692,1460.7262462271008,1462.0508992602545,3846327,SUNPHARMA.NS,Sun Pharma,Pharma
2024-04-26,1478.29052734375,1503.2630941482903,1471.912452858134,1502.281851919734,1794350,SUNPHARMA.NS,Sun Pharma,Pharma
2024-04-29,1493.0582275390625,1499.1420015362514,1481.7249510866986,1487.563294733624,1091667,SUNPHARMA.NS,Sun Pharma,Pharma
2024-04-30,1473.924072265625,1500.4667250662028,1468.9197603647822,1498.3570301115715,1991646,SUNPHARMA.NS,Sun Pharma,Pharma
2024-05-02,1490.507080078125,1501.300745569145,1473.8259606829122,1474.8072030002777,2494925,SUNPHARMA.NS,Sun Pharma,Pharma
2024-05-03,1482.80419921875,1508.169286555722,1473.335187874702,1498.3568643920544,3183226,SUNPHARMA.NS,Sun Pharma,Pharma
2024-05-06,1500.466552734375,1505.225553507413,1480.4491876494847,1489.52567811229,1240626,SUNPHARMA.NS,Sun Pharma,Pharma
2024-05-07,1486.9254150390625,1514.20399741795,1481.7738932422997,1507.1389813712035,1532550,SUNPHARMA.NS,Sun Pharma,Pharma
2024-05-08,1493.2054443359375,1497.1795234947892,1474.071219815122,1481.6758475092922,1026357,SUNPHARMA.NS,Sun Pharma,Pharma
2024-05-09,1466.6136474609375,1501.25142452696,1461.8546468467457,1492.6655554568315,1477007,SUNPHARMA.NS,Sun Pharma,Pharma
2024-05-10,1478.29052734375,1497.8171518675845,1463.032162777481,1466.6137208678206,1528487,SUNPHARMA.NS,Sun Pharma,Pharma
2024-05-13,1496.443603515625,1501.300704942925,1473.8259208001787,1484.6195859991146,1628326,SUNPHARMA.NS,Sun Pharma,Pharma
2024-05-14,1516.2645263671875,1518.9138324243547,1487.6123017216169,1496.3943715968037,2206236,SUNPHARMA.NS,Sun Pharma,Pharma
2024-05-15,1498.7493896484375,1521.1707504023389,1491.8315840904615,1516.2645393060566,1207536,SUNPHARMA.NS,Sun Pharma,Pharma
2024-05-16,1507.4825439453125,1512.2415449880702,1480.0077604466946,1500.3194274780956,2684392,SUNPHARMA.NS,Sun Pharma,Pharma
2024-05-17,1502.674560546875,1508.4639143749248,1491.6355840961462,1507.188251406172,1341676,SUNPHARMA.NS,Sun Pharma,Pharma
2024-05-21,1512.045166015625,1529.069814526163,1495.4131581336405,1501.3006115121193,1791791,SUNPHARMA.NS,Sun Pharma,Pharma
2024-05-22,1510.42626953125,1534.662905614346,1477.1621327232688,1517.9817870750596,3948239,SUNPHARMA.NS,Sun Pharma,Pharma
2024-05-23,1467.05517578125,1481.6757083829918,1439.482294170761,1481.6757083829918,11618479,SUNPHARMA.NS,Sun Pharma,Pharma
2024-05-24,1458.8128662109375,1477.456469741132,1449.3929641728446,1475.7884057585463,5307322,SUNPHARMA.NS,Sun Pharma,Pharma
2024-05-27,1438.55029296875,1472.844662753556,1433.1534604270148,1458.8128502328236,3474806,SUNPHARMA.NS,Sun Pharma,Pharma
2024-05-28,1437.4217529296875,1451.355344550151,1428.639563186889,1441.3957120548366,2616438,SUNPHARMA.NS,Sun Pharma,Pharma
2024-05-29,1451.2081298828125,1466.9571153883296,1438.15768025638,1440.5616757774073,2843365,SUNPHARMA.NS,Sun Pharma,Pharma
2024-05-30,1431.7305908203125,1449.6873725070577,1422.3106888619184,1448.3136093550822,3133423,SUNPHARMA.NS,Sun Pharma,Pharma
2024-05-31,1432.4176025390625,1451.6499282683092,1412.988956475304,1437.5200147474445,5503924,SUNPHARMA.NS,Sun Pharma,Pharma
2024-06-03,1425.7940673828125,1469.9008576215206,1423.7824729030883,1468.4289942794428,1855318,SUNPHARMA.NS,Sun Pharma,Pharma
2024-06-04,1403.0294189453125,1448.608200204687,1351.3669827300391,1434.183865084502,5055952,SUNPHARMA.NS,Sun Pharma,Pharma
2024-06-05,1459.4014892578125,1462.0507951354411,1405.1387507610416,1422.5066888044632,2487724,SUNPHARMA.NS,Sun Pharma,Pharma
2024-06-06,1445.0755615234375,1465.9760714992046,1427.7567298633069,1465.9760714992046,3004955,SUNPHARMA.NS,Sun Pharma,Pharma
2024-06-07,1478.5848388671875,1481.7738761331234,1444.535781201566,1452.1404085280287,3404664,SUNPHARMA.NS,Sun Pharma,Pharma
2024-06-10,1484.7176513671875,1493.156310913675,1476.8677132252362,1490.5070047029867,1433942,SUNPHARMA.NS,Sun Pharma,Pharma
2024-06-11,1471.6180419921875,1496.394408426795,1469.2630366719968,1495.413166191761,1441589,SUNPHARMA.NS,Sun Pharma,Pharma
2024-06-12,1478.5848388671875,1486.1404759501945,1467.7911742747885,1471.863353508939,994784,SUNPHARMA.NS,Sun Pharma,Pharma
2024-06-13,1482.4608154296875,1486.1894640515413,1469.9008669189625,1486.1894640515413,1412477,SUNPHARMA.NS,Sun Pharma,Pharma
2024-06-14,1487.563232421875,1489.5257168973656,1477.3092989496554,1485.4535376546135,937490,SUNPHARMA.NS,Sun Pharma,Pharma
2024-06-18,1492.42041015625,1494.284794459729,1481.8720555592968,1494.0394838877069,1478241,SUNPHARMA.NS,Sun Pharma,Pharma
2024-06-19,1475.7884521484375,1501.1535422136276,1471.8634828608087,1496.3454308801709,1537367,SUNPHARMA.NS,Sun Pharma,Pharma
2024-06-20,1443.4073486328125,1460.0393568452203,1439.4823796358505,1460.0393568452203,4168375,SUNPHARMA.NS,Sun Pharma,Pharma
2024-06-21,1439.7276611328125,1460.0884373935082,1433.496796932034,1452.3365998248933,4426556,SUNPHARMA.NS,Sun Pharma,Pharma
2024-06-24,1466.466552734375,1474.7090116473055,1447.3814387525272,1447.3814387525272,3726155,SUNPHARMA.NS,Sun Pharma,Pharma
2024-06-25,1476.9659423828125,1479.7134688844776,1464.3080118487667,1469.9501553806538,1833311,SUNPHARMA.NS,Sun Pharma,Pharma
2024-06-26,1492.61669921875,1500.2213267921554,1467.2025005334533,1473.8258858393224,2563493,SUNPHARMA.NS,Sun Pharma,Pharma
2024-06-27,1487.8084716796875,1499.3871774424035,1476.7694970340838,1496.3943408484902,3881458,SUNPHARMA.NS,Sun Pharma,Pharma
2024-06-28,1492.322265625,1510.0827265565636,1487.1707437653158,1491.4882336609705,2634599,SUNPHARMA.NS,Sun Pharma,Pharma
2024-07-01,1491.5865478515625,1501.3008715648602,1475.641358856184,1492.3224796513493,1451094,SUNPHARMA.NS,Sun Pharma,Pharma
2024-07-02,1495.46240234375,1506.1088575356864,1479.9587258104073,1485.6008691377135,1336816,SUNPHARMA.NS,Sun Pharma,Pharma
2024-07-03,1505.176513671875,1507.433418777382,1470.1953230003573,1490.8504006618987,1061099,SUNPHARMA.NS,Sun Pharma,Pharma
2024-07-04,1528.6773681640625,1541.531618043965,1497.3757155538449,1506.2068960518689,2630823,SUNPHARMA.NS,Sun Pharma,Pharma
2024-07-05,1538.980224609375,1545.2110883567543,1527.794040051733,1532.7002508418798,2481046,SUNPHARMA.NS,Sun Pharma,Pharma
2024-07-08,1527.2054443359375,1545.2603254849207,1521.8576022664593,1541.1390362138713,1120204,SUNPHARMA.NS,Sun Pharma,Pharma
2024-07-09,1555.66162109375,1560.0772115990605,1520.7294179411824,1535.4480529588843,1492840,SUNPHARMA.NS,Sun Pharma,Pharma
2024-07-10,1568.56494140625,1571.116147454258,1538.1954200658076,1562.9227981279098,1899956,SUNPHARMA.NS,Sun Pharma,Pharma
2024-07-11,1552.0799560546875,1572.440733097921,1542.8072645423988,1570.9688696972053,1707500,SUNPHARMA.NS,Sun Pharma,Pharma
2024-07-12,1552.6214599609375,1562.5141445942818,1525.748550332855,1557.2478752429527,1426598,SUNPHARMA.NS,Sun Pharma,Pharma
2024-07-15,1561.382080078125,1569.7490880778787,1552.6214266537504,1555.2298683136,832804,SUNPHARMA.NS,Sun Pharma,Pharma
2024-07-16,1554.590087890625,1570.0443953164204,1550.3080525023652,1564.1382721992427,688481,SUNPHARMA.NS,Sun Pharma,Pharma
2024-07-18,1569.3062744140625,1571.619482149193,1545.6817797702254,1550.3574610018181,1665636,SUNPHARMA.NS,Sun Pharma,Pharma
2024-07-19,1544.106689453125,1564.8765316374668,1540.6614509812073,1559.9054966352612,1649335,SUNPHARMA.NS,Sun Pharma,Pharma
2024-07-22,1562.5140380859375,1564.6304228661495,1530.719481268308,1530.719481268308,826636,SUNPHARMA.NS,Sun Pharma,Pharma
2024-07-23,1576.5411376953125,1580.5278189419064,1549.6683490802811,1562.1695951931613,1502677,SUNPHARMA.NS,Sun Pharma,Pharma
2024-07-24,1594.11181640625,1599.5257626562652,1567.0913509135091,1576.9348895499006,2923358,SUNPHARMA.NS,Sun Pharma,Pharma
2024-07-25,1639.7366943359375,1654.9941790383104,1577.1316932353147,1589.583793492231,5329712,SUNPHARMA.NS,Sun Pharma,Pharma
2024-07-26,1687.4285888671875,1696.8292162072228,1638.9491617114581,1644.313842134589,4591049,SUNPHARMA.NS,Sun Pharma,Pharma
2024-07-29,1696.2877197265625,1701.7016657346844,1666.2649282269774,1688.4128891692942,3187339,SUNPHARMA.NS,Sun Pharma,Pharma
2024-07-30,1674.9764404296875,1698.453255065579,1670.4484368780043,1689.2495708567535,1525840,SUNPHARMA.NS,Sun Pharma,Pharma
2024-07-31,1692.44873046875,1703.867210843694,1668.6765614858525,1675.4686269324488,1594881,SUNPHARMA.NS,Sun Pharma,Pharma
2024-08-01,1688.3636474609375,1719.1247047633856,1654.9941486275457,1698.5025400119764,5258291,SUNPHARMA.NS,Sun Pharma,Pharma
2024-08-02,1704.556396484375,1714.5476122586576,1657.504233614562,1673.401572586208,2992406,SUNPHARMA.NS,Sun Pharma,Pharma
2024-08-05,1693.43310546875,1730.494051595578,1688.1668364541615,1698.010374859142,5165558,SUNPHARMA.NS,Sun Pharma,Pharma
2024-08-06,1680.8333740234375,1706.8694838882634,1677.2896042261648,1698.010299715833,1710278,SUNPHARMA.NS,Sun Pharma,Pharma
2024-08-07,1707.3125,1709.6749732899702,1682.6545079669627,1693.0886348239173,1922313,SUNPHARMA.NS,Sun Pharma,Pharma
2024-08-08,1709.8719482421875,1721.2904291708571,1701.3079974253963,1707.8539747323841,2480113,SUNPHARMA.NS,Sun Pharma,Pharma
2024-08-09,1708.1494140625,1722.4225459745473,1702.9815559564138,1722.4225459745473,751683,SUNPHARMA.NS,Sun Pharma,Pharma
2024-08-12,1706.721923828125,1721.1427319742554,1702.9814512394812,1707.8539548043084,1526788,SUNPHARMA.NS,Sun Pharma,Pharma
2024-08-13,1712.8741455078125,1724.4403034826953,1698.6010143898718,1712.775734152869,2076963,SUNPHARMA.NS,Sun Pharma,Pharma
2024-08-14,1714.39990234375,1725.572294479582,1705.4914519606925,1720.1583483189215,2207250,SUNPHARMA.NS,Sun Pharma,Pharma
2024-08-16,1715.4827880859375,1723.7513850171242,1701.6034218945115,1722.2255883822993,2180718,SUNPHARMA.NS,Sun Pharma,Pharma
2024-08-19,1720.4537353515625,1725.4246502794774,1713.4155811763885,1725.4246502794774,1363446,SUNPHARMA.NS,Sun Pharma,Pharma
2024-08-20,1738.71337890625,1743.093825584569,1717.8451255905554,1724.3911026498006,1766597,SUNPHARMA.NS,Sun Pharma,Pharma
2024-08-21,1737.0400390625,1744.2257500449111,1729.805062323617,1742.3063081086052,1184193,SUNPHARMA.NS,Sun Pharma,Pharma
2024-08-22,1723.259033203125,1741.8140786154695,1721.0442371155948,1741.8140786154695,1369554,SUNPHARMA.NS,Sun Pharma,Pharma
2024-08-23,1747.9664306640625,1753.5771998066004,1724.4896142786613,1726.3106449540192,3515492,SUNPHARMA.NS,Sun Pharma,Pharma
2024-08-26,1744.718017578125,1752.1499375684837,1736.8924521570727,1752.1499375684837,933372,SUNPHARMA.NS,Sun Pharma,Pharma
2024-08-27,1761.40283203125,1764.5527163386162,1739.5009585105272,1750.1811739256343,1231023,SUNPHARMA.NS,Sun Pharma,Pharma
2024-08-28,1783.50146484375,1794.4770340925743,1758.4004421507382,1768.7854231329793,1768949,SUNPHARMA.NS,Sun Pharma,Pharma
2024-08-29,1771.0494384765625,1798.2668470700282,1762.2395193861257,1781.5820970034213,3205924,SUNPHARMA.NS,Sun Pharma,Pharma
2024-08-30,1793.148193359375,1799.5464933075689,1763.2730784025766,1770.0158781620587,3036374,SUNPHARMA.NS,Sun Pharma,Pharma
2024-09-02,1787.5374755859375,1808.2581739283698,1776.9556708119962,1801.3184306403725,1617946,SUNPHARMA.NS,Sun Pharma,Pharma
2024-09-03,1783.1571044921875,1810.7682796780687,1776.857215448379,1791.5241127108923,2148689,SUNPHARMA.NS,Sun Pharma,Pharma
2024-09-04,1804.1729736328125,1806.2893584936423,1773.116681009439,1783.1570424584377,2473477,SUNPHARMA.NS,Sun Pharma,Pharma
2024-09-05,1797.92236328125,1815.0501448392477,1791.52406305605,1804.5174862184558,1902919,SUNPHARMA.NS,Sun Pharma,Pharma
2024-09-06,1796.0029296875,1821.0546880070094,1776.7587631635959,1791.081160260454,1701134,SUNPHARMA.NS,Sun Pharma,Pharma
2024-09-09,1793.3450927734375,1806.683135915515,1784.4859078508314,1796.0029203464508,1544883,SUNPHARMA.NS,Sun Pharma,Pharma
2024-09-10,1807.6182861328125,1813.425998258104,1797.134892915527,1801.36766281033,1460472,SUNPHARMA.NS,Sun Pharma,Pharma
2024-09-11,1816.8218994140625,1828.4373232057144,1802.4503568680489,1807.6674804708248,1701900,SUNPHARMA.NS,Sun Pharma,Pharma
2024-09-12,1836.2137451171875,1842.2182797313092,1811.6048982065367,1826.1241178838206,2744070,SUNPHARMA.NS,Sun Pharma,Pharma
2024-09-13,1824.7459716796875,1835.8199526271706,1822.4327641360678,1835.8199526271706,1322430,SUNPHARMA.NS,Sun Pharma,Pharma
2024-09-16,1833.802001953125,1844.0393062773085,1821.9406098647519,1832.86691383675,1284085,SUNPHARMA.NS,Sun Pharma,Pharma
2024-09-17,1836.9027099609375,1840.3972142201903,1830.1599100672588,1833.851237033913,738265,SUNPHARMA.NS,Sun Pharma,Pharma
2024-09-18,1807.273681640625,1838.7730050679127,1800.973792923091,1838.7730050679127,1202676,SUNPHARMA.NS,Sun Pharma,Pharma
2024-09-19,1817.1666259765625,1826.9608995452045,1806.2894669533675,1816.3298290052458,1675819,SUNPHARMA.NS,Sun Pharma,Pharma
2024-09-20,1836.558349609375,1841.7262077551336,1813.081532350721,1822.1375404657986,4229991,SUNPHARMA.NS,Sun Pharma,Pharma
2024-09-23,1833.5560302734375,1845.663631761953,1828.4374378655082,1837.7888002664354,812520,SUNPHARMA.NS,Sun Pharma,Pharma
2024-09-24,1838.8714599609375,1851.2251492242312,1826.9608020400597,1826.9608020400597,2528953,SUNPHARMA.NS,Sun Pharma,Pharma
2024-09-25,1841.2830810546875,1846.647761294938,1829.4708352468308,1844.679053660295,956893,SUNPHARMA.NS,Sun Pharma,Pharma
2024-09-26,1868.697509765625,1875.1942216194725,1837.8380383395559,1841.2832770669409,2452807,SUNPHARMA.NS,Sun Pharma,Pharma
2024-09-27,1918.2103271484375,1928.6445742375151,1885.2837384543107,1887.9414458235608,3809008,SUNPHARMA.NS,Sun Pharma,Pharma
2024-09-30,1896.5545654296875,1929.6780973997247,1890.9930621568226,1918.5057049356399,2608461,SUNPHARMA.NS,Sun Pharma,Pharma
2024-10-01,1889.91015625,1904.478641525461,1872.5855522470085,1894.7335142236582,1275678,SUNPHARMA.NS,Sun Pharma,Pharma
2024-10-03,1880.95263671875,1906.0045157156342,1866.3842710102826,1871.0599520624671,2492195,SUNPHARMA.NS,Sun Pharma,Pharma
2024-10-04,1880.1651611328125,1921.7048464638563,1873.8652723204211,1880.9525721341208,2798189,SUNPHARMA.NS,Sun Pharma,Pharma
2024-10-07,1875.440185546875,1887.9414314632731,1858.5093472751635,1880.1651321233626,1691999,SUNPHARMA.NS,Sun Pharma,Pharma
2024-10-08,1887.1539306640625,1891.3865799503662,1871.7980352618426,1874.209654031924,2309881,SUNPHARMA.NS,Sun Pharma,Pharma
2024-10-09,1900.6396484375,1916.5369874916573,1864.8584092465048,1864.9076750042254,1597182,SUNPHARMA.NS,Sun Pharma,Pharma
2024-10-10,1858.2139892578125,1907.628504700873,1854.4242509491964,1899.4091740459926,2383012,SUNPHARMA.NS,Sun Pharma,Pharma
2024-10-11,1872.1917724609375,1879.476015043389,1860.9209688491726,1869.2879766435224,1019117,SUNPHARMA.NS,Sun Pharma,Pharma
2024-10-14,1879.869873046875,1885.775996486216,1865.44906428374,1873.2254841776166,676879,SUNPHARMA.NS,Sun Pharma,Pharma
2024-10-15,1868.74658203125,1890.3532218699002,1865.0061093702523,1887.9907485174674,1383203,SUNPHARMA.NS,Sun Pharma,Pharma
2024-10-16,1868.7957763671875,1884.7422606059836,1857.4757071397855,1879.0822259922827,1401914,SUNPHARMA.NS,Sun Pharma,Pharma
2024-10-17,1859.9859619140625,1893.5524059099712,1850.2408342609565,1893.4539945519375,1447059,SUNPHARMA.NS,Sun Pharma,Pharma
2024-10-18,1880.46044921875,1887.8923692294302,1843.3995008440684,1870.2724103837372,1203693,SUNPHARMA.NS,Sun Pharma,Pharma
2024-10-21,1867.3192138671875,1890.500794607445,1860.970179733425,1888.7781754064604,660583,SUNPHARMA.NS,Sun Pharma,Pharma
2024-10-22,1858.0172119140625,1876.1784929129958,1851.5696459440423,1862.3975386103818,1192915,SUNPHARMA.NS,Sun Pharma,Pharma
2024-10-23,1810.5712890625,1859.9859260416238,1803.3363120609265,1850.634564161395,1673366,SUNPHARMA.NS,Sun Pharma,Pharma
2024-10-24,1819.971923828125,1830.4553167459333,1800.8261686495018,1801.3676113509478,1739776,SUNPHARMA.NS,Sun Pharma,Pharma
2024-10-25,1831.2919921875,1846.2541231794423,1821.1530991050695,1827.748342232607,2148004,SUNPHARMA.NS,Sun Pharma,Pharma
2024-10-28,1873.1270751953125,1886.0220873554879,1806.289420823236,1834.0481529591975,2445724,SUNPHARMA.NS,Sun Pharma,Pharma
2024-10-29,1842.316650390625,1892.6171083327952,1832.866877417755,1891.9281086986707,2295542,SUNPHARMA.NS,Sun Pharma,Pharma
2024-10-30,1823.121826171875,1851.4712664318477,1791.5240901523641,1839.2652540932377,1900203,SUNPHARMA.NS,Sun Pharma,Pharma
2024-10-31,1819.971923828125,1843.202651505273,1813.2782693392783,1830.8982279304714,2572932,SUNPHARMA.NS,Sun Pharma,Pharma
2024-11-01,1829.3233642578125,1835.770810391495,1802.8934853168705,1830.8983065109048,107596,SUNPHARMA.NS,Sun Pharma,Pharma
2024-11-04,1780.5977783203125,1816.132929770465,1732.5612603522018,1816.132929770465,5031861,SUNPHARMA.NS,Sun Pharma,Pharma
2024-11-05,1775.380615234375,1804.320643033603,1771.2955226433294,1776.7587346839352,1658010,SUNPHARMA.NS,Sun Pharma,Pharma
2024-11-06,1798.8572998046875,1811.2109880317719,1774.002366409143,1787.1435857386523,2060619,SUNPHARMA.NS,Sun Pharma,Pharma
2024-11-07,1762.928466796875,1816.1328400673362,1750.9686637344926,1816.1328400673362,1909269,SUNPHARMA.NS,Sun Pharma,Pharma
2024-11-08,1781.28662109375,1786.6514214260146,1762.9283986025696,1771.6400259031539,1644075,SUNPHARMA.NS,Sun Pharma,Pharma
2024-11-11,1766.521484375,1789.2108898273102,1763.9129225087092,1788.9648013523845,1069649,SUNPHARMA.NS,Sun Pharma,Pharma
2024-11-12,1772.673583984375,1796.445753188785,1767.0135494195335,1773.7072035777592,2471888,SUNPHARMA.NS,Sun Pharma,Pharma
2024-11-13,1751.16552734375,1769.1792511529236,1742.7492537265953,1762.977773733927,1810332,SUNPHARMA.NS,Sun Pharma,Pharma
2024-11-14,1740.534423828125,1767.8995088330114,1735.5635089980697,1751.8544930661983,1473358,SUNPHARMA.NS,Sun Pharma,Pharma
2024-11-18,1720.404541015625,1770.8526787510282,1715.9256826744727,1770.8526787510282,1533025,SUNPHARMA.NS,Sun Pharma,Pharma
2024-11-19,1749.44287109375,1778.4813095223706,1702.9321519157056,1702.98141767211,1933316,SUNPHARMA.NS,Sun Pharma,Pharma
2024-11-21,1752.14990234375,1763.4207061795037,1730.5433827919237,1744.2750713219802,2014349,SUNPHARMA.NS,Sun Pharma,Pharma
2024-11-22,1767.2105712890625,1786.5530289296892,1740.3869280217095,1757.0716782467896,1420813,SUNPHARMA.NS,Sun Pharma,Pharma
2024-11-25,1770.7542724609375,1801.3676550251894,1756.2350522906527,1777.7431611887935,3137448,SUNPHARMA.NS,Sun Pharma,Pharma
2024-11-26,1734.0377197265625,1778.4813201271122,1725.7691233468631,1778.4813201271122,1589883,SUNPHARMA.NS,Sun Pharma,Pharma
2024-11-27,1722.0777587890625,1750.771696948305,1713.021751622685,1732.5611511043055,1982546,SUNPHARMA.NS,Sun Pharma,Pharma
2024-11-28,1707.1156005859375,1733.1517108815951,1696.4353857445187,1722.0777304828107,3071758,SUNPHARMA.NS,Sun Pharma,Pharma
2024-11-29,1753.035888671875,1767.7027858485048,1711.9882588489422,1715.6304403837553,2427677,SUNPHARMA.NS,Sun Pharma,Pharma
2024-12-02,1780.2532958984375,1785.6179765952768,1764.1098678883209,1771.8370219798776,1948045,SUNPHARMA.NS,Sun Pharma,Pharma
2024-12-03,1771.88623046875,1803.336288528219,1760.369218101897,1802.5980231262558,1543970,SUNPHARMA.NS,Sun Pharma,Pharma
2024-12-04,1772.0338134765625,1786.4546219056908,1757.071682507599,1782.1727065434218,2320116,SUNPHARMA.NS,Sun Pharma,Pharma
2024-12-05,1785.076416015625,1797.380838966904,1747.6218246481594,1780.400735294139,2742263,SUNPHARMA.NS,Sun Pharma,Pharma
2024-12-06,1776.611083984375,1795.4122191417673,1772.8213455620303,1787.4389767112946,1590478,SUNPHARMA.NS,Sun Pharma,Pharma
2024-12-09,1778.3829345703125,1791.4747688810555,1768.5885415154817,1786.405442603655,1528215,SUNPHARMA.NS,Sun Pharma,Pharma
2024-12-10,1781.6312255859375,1794.4770915572894,1767.8995372665343,1792.5083838320484,2043634,SUNPHARMA.NS,Sun Pharma,Pharma
2024-12-11,1785.6177978515625,1797.774543281156,1776.807879382763,1795.756690082125,1745911,SUNPHARMA.NS,Sun Pharma,Pharma
2024-12-12,1777.2015380859375,1791.5239340846665,1769.9174160207083,1790.5395802747298,1082394,SUNPHARMA.NS,Sun Pharma,Pharma
2024-12-13,1785.076416015625,1788.374097494872,1746.2929710014973,1776.512585705687,1391111,SUNPHARMA.NS,Sun Pharma,Pharma
2024-12-16,1781.4837646484375,1793.9850113133236,1764.3067167237166,1790.2444183696116,1483330,SUNPHARMA.NS,Sun Pharma,Pharma
2024-12-17,1761.058349609375,1787.340550029756,1755.2013719519834,1781.6805152437605,1608164,SUNPHARMA.NS,Sun Pharma,Pharma
2024-12-18,1772.87060546875,1793.9356823941923,1764.7496859503647,1769.8682780674956,1732860,SUNPHARMA.NS,Sun Pharma,Pharma
2024-12-19,1794.7724609375,1800.7769955181184,1762.780960132156,1772.8213215515254,1924091,SUNPHARMA.NS,Sun Pharma,Pharma
2024-12-20,1780.5484619140625,1797.3808889474024,1766.0292424278111,1794.7724473375015,2513418,SUNPHARMA.NS,Sun Pharma,Pharma
2024-12-23,1786.20849609375,1799.3988618924343,1768.5393923138286,1782.66484621838,1299181,SUNPHARMA.NS,Sun Pharma,Pharma
2024-12-24,1790.5396728515625,1803.0901845771575,1774.937688189468,1786.503846054232,1121058,SUNPHARMA.NS,Sun Pharma,Pharma
2024-12-26,1812.5399169921875,1816.1820982918753,1786.0116291014133,1791.5239865664648,1402706,SUNPHARMA.NS,Sun Pharma,Pharma
2024-12-27,1832.128662109375,1836.8043430469274,1808.01199201042,1816.6250884743326,1668898,SUNPHARMA.NS,Sun Pharma,Pharma
2024-12-30,1854.42431640625,1866.0888859644024,1825.9764649684644,1832.916207953389,6021550,SUNPHARMA.NS,Sun Pharma,Pharma
2024-12-31,1856.8359375,1880.115931044752,1839.5605988162135,1847.4354299410084,1844944,SUNPHARMA.NS,Sun Pharma,Pharma
2025-01-01,1860.3795166015625,1873.1761166918582,1849.2563901577657,1860.330371005137,1338092,SUNPHARMA.NS,Sun Pharma,Pharma
2025-01-02,1848.61669921875,1866.3350701377794,1835.7708322382962,1862.3976543779952,2507223,SUNPHARMA.NS,Sun Pharma,Pharma
2025-01-03,1820.710205078125,1854.5227373236849,1815.1485815418657,1848.616613956412,1515825,SUNPHARMA.NS,Sun Pharma,Pharma
2025-01-06,1818.495361328125,1827.4529575024972,1797.0856646808427,1821.5468342894537,1397724,SUNPHARMA.NS,Sun Pharma,Pharma
2025-01-07,1824.401611328125,1835.820092968127,1816.7728683144505,1819.6275187645492,1615649,SUNPHARMA.NS,Sun Pharma,Pharma
2025-01-08,1808.996337890625,1833.4575077078648,1800.5800641761023,1833.4575077078648,1298188,SUNPHARMA.NS,Sun Pharma,Pharma
2025-01-09,1797.774658203125,1812.1954663646106,1785.617911996417,1812.1954663646106,1199181,SUNPHARMA.NS,Sun Pharma,Pharma
2025-01-10,1756.8748779296875,1805.8956297505906,1745.0133654438162,1796.88876758916,857827,SUNPHARMA.NS,Sun Pharma,Pharma
2025-01-13,1719.5677490234375,1757.6130490134483,1715.1873023343808,1756.677840768189,1645287,SUNPHARMA.NS,Sun Pharma,Pharma
2025-01-14,1743.14306640625,1756.136609882772,1714.8428919984221,1727.5410812430555,1962645,SUNPHARMA.NS,Sun Pharma,Pharma
2025-01-15,1729.362060546875,1747.2281071961975,1720.355198666435,1745.0625767612908,857867,SUNPHARMA.NS,Sun Pharma,Pharma
2025-01-16,1735.7113037109375,1747.8187847505599,1713.5633406575419,1747.2774621943774,2180496,SUNPHARMA.NS,Sun Pharma,Pharma
2025-01-17,1758.5975341796875,1763.912949190176,1739.9439554019225,1751.1656140603568,1163986,SUNPHARMA.NS,Sun Pharma,Pharma
2025-01-20,1750.42724609375,1772.2798536535424,1740.6329732814052,1761.3535498736462,1341246,SUNPHARMA.NS,Sun Pharma,Pharma
2025-01-21,1735.1204833984375,1777.496964706741,1731.9705991424676,1744.3734336208743,2489267,SUNPHARMA.NS,Sun Pharma,Pharma
2025-01-22,1770.8033447265625,1775.3806142498852,1746.0960866446023,1749.1968253642974,2262270,SUNPHARMA.NS,Sun Pharma,Pharma
2025-01-23,1804.9112548828125,1810.9650552921403,1758.1052998671314,1760.1231532299835,1974760,SUNPHARMA.NS,Sun Pharma,Pharma
2025-01-24,1793.6895751953125,1814.2625951258215,1779.9086210049752,1800.3832295804873,1277935,SUNPHARMA.NS,Sun Pharma,Pharma
2025-01-27,1758.8927001953125,1795.70755920856,1746.539131141445,1789.6537588359963,1452975,SUNPHARMA.NS,Sun Pharma,Pharma
2025-01-28,1678.8155517578125,1752.1499162292032,1666.6095395452621,1751.9530935162534,5972497,SUNPHARMA.NS,Sun Pharma,Pharma
2025-01-29,1708.1983642578125,1716.7130487668567,1669.4640657732734,1678.8154269907534,1433336,SUNPHARMA.NS,Sun Pharma,Pharma
2025-01-30,1711.8897705078125,1732.758144394765,1698.3057593629117,1713.2186241841073,2017991,SUNPHARMA.NS,Sun Pharma,Pharma
2025-01-31,1716.6639404296875,1742.1587305399157,1679.3570236482724,1714.744498383712,4275269,SUNPHARMA.NS,Sun Pharma,Pharma
2025-02-01,1714.941162109375,1761.0089685457685,1706.1805093164598,1712.775631788506,1477972,SUNPHARMA.NS,Sun Pharma,Pharma
2025-02-03,1713.366455078125,1757.957736914368,1683.7866910849314,1753.5772897566355,2210231,SUNPHARMA.NS,Sun Pharma,Pharma
2025-02-04,1737.630615234375,1748.4585074692302,1713.4155348139568,1721.9302195579874,2796294,SUNPHARMA.NS,Sun Pharma,Pharma
2025-02-05,1725.326171875,1746.0468680167262,1708.0507141309702,1746.0468680167262,1787905,SUNPHARMA.NS,Sun Pharma,Pharma
2025-02-06,1725.07861328125,1751.1726312742373,1719.434030122037,1735.971761815173,3421791,SUNPHARMA.NS,Sun Pharma,Pharma
2025-02-07,1732.802978515625,1735.9718462530805,1710.5215372488285,1734.3874123843527,1371545,SUNPHARMA.NS,Sun Pharma,Pharma
2025-02-10,1715.2747802734375,1733.0009282305343,1706.9563516410208,1724.3359235893818,1237839,SUNPHARMA.NS,Sun Pharma,Pharma
2025-02-11,1683.239013671875,1717.3543258245982,1678.584716760651,1708.441749785153,2779274,SUNPHARMA.NS,Sun Pharma,Pharma
2025-02-12,1677.3963623046875,1698.2913782758192,1671.6527745103654,1689.873945040826,1757284,SUNPHARMA.NS,Sun Pharma,Pharma
2025-02-13,1729.3863525390625,1735.7242086574404,1683.437046786511,1683.486609452374,2750390,SUNPHARMA.NS,Sun Pharma,Pharma
2025-02-14,1683.981689453125,1731.9610076703173,1668.6322532952165,1730.3765739212488,2123774,SUNPHARMA.NS,Sun Pharma,Pharma
2025-02-17,1697.548583984375,1718.493161640431,1679.5749858623913,1683.981711172033,2277889,SUNPHARMA.NS,Sun Pharma,Pharma
2025-02-18,1685.071044921875,1712.9476268063138,1681.9021773018378,1697.5486273920292,2163972,SUNPHARMA.NS,Sun Pharma,Pharma
2025-02-19,1660.3138427734375,1682.4962781514014,1631.1003994506204,1648.9255513086105,2576319,SUNPHARMA.NS,Sun Pharma,Pharma
2025-02-20,1653.0848388671875,1661.650717980516,1646.8459873142822,1650.955699312812,1670915,SUNPHARMA.NS,Sun Pharma,Pharma
2025-02-21,1627.7830810546875,1668.0382427189738,1616.1472172053232,1661.7499489858033,2244190,SUNPHARMA.NS,Sun Pharma,Pharma
2025-02-24,1623.57421875,1653.6789432928745,1611.24520396052,1613.9189283365738,2357441,SUNPHARMA.NS,Sun Pharma,Pharma
2025-02-25,1597.9259033203125,1631.7937663322086,1590.6473234025875,1623.5743419259406,2836717,SUNPHARMA.NS,Sun Pharma,Pharma
2025-02-27,1631.49658203125,1637.0421608038846,1589.458979455039,1613.1267239070628,2744489,SUNPHARMA.NS,Sun Pharma,Pharma
2025-02-28,1577.7735595703125,1654.768315105597,1570.990122970159,1654.768315105597,3549979,SUNPHARMA.NS,Sun Pharma,Pharma
2025-03-03,1569.7027587890625,1591.7861911944533,1566.8309043991671,1569.9008885758637,1425492,SUNPHARMA.NS,Sun Pharma,Pharma
2025-03-04,1551.283447265625,1574.555174690293,1540.8854413950287,1569.6037433233423,1717135,SUNPHARMA.NS,Sun Pharma,Pharma
2025-03-05,1567.0784912109375,1570.8911901349716,1537.9641709934328,1549.4019051118648,2428171,SUNPHARMA.NS,Sun Pharma,Pharma
2025-03-06,1598.322021484375,1602.1841620700768,1557.274704416556,1582.7250129104102,2458676,SUNPHARMA.NS,Sun Pharma,Pharma
2025-03-07,1593.667724609375,1612.9287439888355,1590.0531555879154,1608.224884259628,980890,SUNPHARMA.NS,Sun Pharma,Pharma
2025-03-10,1595.8463134765625,1625.5053387117098,1587.181308671772,1606.1947565753194,1600589,SUNPHARMA.NS,Sun Pharma,Pharma
2025-03-11,1639.2208251953125,1647.4401282749168,1589.755956069868,1600.4015329145766,3325416,SUNPHARMA.NS,Sun Pharma,Pharma
2025-03-12,1660.5615234375,1663.9285209643763,1641.944213915485,1645.8557963652988,2389362,SUNPHARMA.NS,Sun Pharma,Pharma
2025-03-13,1667.097412109375,1670.7615439253354,1647.2916862432883,1655.7586824048633,1666929,SUNPHARMA.NS,Sun Pharma,Pharma
2025-03-17,1687.744873046875,1703.4408856424727,1671.949735120467,1677.5944391719095,2588408,SUNPHARMA.NS,Sun Pharma,Pharma
2025-03-18,1687.744873046875,1687.744873046875,1687.744873046875,1687.744873046875,0,SUNPHARMA.NS,Sun Pharma,Pharma
2025-03-19,1715.5223388671875,1731.0203426565547,1709.5311796627507,1730.8223337629315,2167448,SUNPHARMA.NS,Sun Pharma,Pharma
2025-03-20,1733.24853515625,1740.0815345610301,1706.164229987911,1718.7903798654954,1602232,SUNPHARMA.NS,Sun Pharma,Pharma
2025-03-21,1767.165771484375,1775.3851955195173,1733.2484682210857,1741.9134727044077,2483162,SUNPHARMA.NS,Sun Pharma,Pharma
2025-03-24,1767.462890625,1802.3209171523695,1760.3327573231188,1777.068618587872,1182084,SUNPHARMA.NS,Sun Pharma,Pharma
2025-03-25,1747.6075439453125,1778.5044245452243,1741.4182552927225,1767.462830296639,1471028,SUNPHARMA.NS,Sun Pharma,Pharma
2025-03-26,1741.8638916015625,1753.5988799709714,1729.1387379005184,1750.776467547211,1762361,SUNPHARMA.NS,Sun Pharma,Pharma
2025-03-27,1714.631103515625,1735.2786688284705,1703.2923741462057,1733.991248331399,3279881,SUNPHARMA.NS,Sun Pharma,Pharma
2025-03-28,1717.8494873046875,1724.4349149589302,1688.6360433074972,1714.6310570338105,1956781,SUNPHARMA.NS,Sun Pharma,Pharma
2025-04-01,1681.8526611328125,1717.1068281397131,1665.2653661235754,1714.1855319993706,4142445,SUNPHARMA.NS,Sun Pharma,Pharma
2025-04-02,1697.0040283203125,1701.7573297106799,1669.523585338969,1678.5351658874724,3369489,SUNPHARMA.NS,Sun Pharma,Pharma
2025-04-03,1752.806640625,1795.0918146184608,1733.000915872175,1737.9523470603813,5715573,SUNPHARMA.NS,Sun Pharma,Pharma
2025-04-04,1692.7457275390625,1761.5706198924483,1641.9441169370045,1761.5706198924483,5345276,SUNPHARMA.NS,Sun Pharma,Pharma
2025-04-07,1650.1634521484375,1675.5643183859863,1604.3627135400736,1604.3627135400736,5715334,SUNPHARMA.NS,Sun Pharma,Pharma
2025-04-08,1671.9498291015625,1693.2409842799836,1629.0209427210527,1629.0209427210527,2807382,SUNPHARMA.NS,Sun Pharma,Pharma
2025-04-09,1636.15087890625,1663.4333131976173,1624.0694351207574,1633.9722975300303,3481864,SUNPHARMA.NS,Sun Pharma,Pharma
2025-04-11,1671.1575927734375,1720.1271989907707,1665.7604602343595,1693.389470509049,3801939,SUNPHARMA.NS,Sun Pharma,Pharma
2025-04-15,1688.43798828125,1707.7485693788947,1680.3176897119565,1703.2922814332844,1993085,SUNPHARMA.NS,Sun Pharma,Pharma
2025-04-16,1676.6536865234375,1686.1604106914103,1665.7605373782576,1674.6731139515866,2205374,SUNPHARMA.NS,Sun Pharma,Pharma
2025-04-17,1734.486328125,1740.9231886061948,1671.0090050950514,1678.53515625,2683908,SUNPHARMA.NS,Sun Pharma,Pharma
2025-04-21,1727.9505615234375,1743.89414652257,1714.4826922348705,1743.89414652257,1539511,SUNPHARMA.NS,Sun Pharma,Pharma
2025-04-22,1730.42626953125,1737.9524210809573,1717.651552344684,1733.9912759616843,961907,SUNPHARMA.NS,Sun Pharma,Pharma
2025-04-23,1771.424072265625,1773.89978786255,1725.1776323843349,1737.160071696542,1471029,SUNPHARMA.NS,Sun Pharma,Pharma
2025-04-24,1786.37744140625,1790.3385865190153,1756.6688530605102,1772.6124379624794,2101177,SUNPHARMA.NS,Sun Pharma,Pharma
2025-04-25,1770.0377197265625,1797.8647399968627,1747.063005516993,1788.457020343891,2036801,SUNPHARMA.NS,Sun Pharma,Pharma
2025-04-28,1823.7110595703125,1828.0683430698152,1763.8977483287135,1770.0375953594596,3216482,SUNPHARMA.NS,Sun Pharma,Pharma
2025-04-29,1787.9617919921875,1828.0683843907937,1779.5443590196405,1827.0780981587293,2886160,SUNPHARMA.NS,Sun Pharma,Pharma
2025-04-30,1814.5015869140625,1821.037452140905,1785.7832849884787,1792.41815466574,2667314,SUNPHARMA.NS,Sun Pharma,Pharma
2025-05-02,1806.876220703125,1833.2178100929195,1796.1812020112825,1814.501497161058,1885257,SUNPHARMA.NS,Sun Pharma,Pharma
2025-05-05,1818.759765625,1825.39475626075,1803.7074624569946,1810.0453188536228,1219830,SUNPHARMA.NS,Sun Pharma,Pharma
2025-05-06,1801.4296875,1810.144254826256,1781.524958114871,1802.3209692990913,1414772,SUNPHARMA.NS,Sun Pharma,Pharma
2025-05-07,1763.996826171875,1808.658708849283,1761.4219853883812,1800.2412762935912,2015237,SUNPHARMA.NS,Sun Pharma,Pharma
2025-05-08,1750.0338134765625,1771.5230976424903,1737.952369574651,1763.9969463158297,2647871,SUNPHARMA.NS,Sun Pharma,Pharma
2025-05-09,1727.8514404296875,1749.1425941032496,1714.8785942744369,1734.8824483961403,1148956,SUNPHARMA.NS,Sun Pharma,Pharma
2025-05-12,1669.820556640625,1695.7661278374987,1607.8286641572022,1679.2282756226243,9221075,SUNPHARMA.NS,Sun Pharma,Pharma
2025-05-13,1683.4866943359375,1731.5155794390512,1674.8712519599235,1694.3798435345818,6988329,SUNPHARMA.NS,Sun Pharma,Pharma
2025-05-14,1691.60693359375,1694.7759221426484,1675.6633490542597,1685.4672071623734,1639324,SUNPHARMA.NS,Sun Pharma,Pharma
2025-05-15,1723.1971435546875,1727.4554229419255,1667.7411114916051,1684.575978367898,3880385,SUNPHARMA.NS,Sun Pharma,Pharma
2025-05-16,1718.0477294921875,1724.6825993616694,1702.3021531137006,1723.0981654554037,1448249,SUNPHARMA.NS,Sun Pharma,Pharma
2025-05-19,1713.3931884765625,1747.8551976682609,1709.8281822219678,1728.0494730487903,2074023,SUNPHARMA.NS,Sun Pharma,Pharma
2025-05-20,1691.2108154296875,1731.020272191486,1686.7545275436112,1726.8611185182995,2706777,SUNPHARMA.NS,Sun Pharma,Pharma
2025-05-21,1714.977783203125,1741.6163867307562,1691.2109131047398,1699.727350713084,2754306,SUNPHARMA.NS,Sun Pharma,Pharma
2025-05-22,1702.0048828125,1723.0980277124547,1690.6165912500326,1717.3543192662605,2670554,SUNPHARMA.NS,Sun Pharma,Pharma
2025-05-23,1667.2459716796875,1673.088684960634,1620.7025161051683,1641.8946668628182,8339783,SUNPHARMA.NS,Sun Pharma,Pharma
2025-05-26,1659.8187255859375,1685.8633017834197,1650.807145071694,1676.6535914924873,2282131,SUNPHARMA.NS,Sun Pharma,Pharma
2025-05-27,1667.0478515625,1675.5642889012822,1644.9644204412464,1659.8187137825698,2800622,SUNPHARMA.NS,Sun Pharma,Pharma
2025-05-28,1650.2130126953125,1670.5138805929525,1646.846015306111,1667.0478787567702,2657712,SUNPHARMA.NS,Sun Pharma,Pharma
2025-05-29,1683.28857421875,1686.7545760075059,1654.1741350162908,1658.7294274760316,2377583,SUNPHARMA.NS,Sun Pharma,Pharma
2025-05-30,1661.30419921875,1696.9545044418328,1652.8867660410776,1685.4672080468613,3640641,SUNPHARMA.NS,Sun Pharma,Pharma
2025-06-02,1658.3333740234375,1667.1469460589315,1644.37036170529,1662.6906578158278,1819538,SUNPHARMA.NS,Sun Pharma,Pharma
2025-06-03,1651.30224609375,1678.5351167189842,1641.4983884917563,1678.5351167189842,2556920,SUNPHARMA.NS,Sun Pharma,Pharma
2025-06-04,1648.7276611328125,1652.78781072701,1632.982085014284,1639.914089013738,1700482,SUNPHARMA.NS,Sun Pharma,Pharma
2025-06-05,1666.750732421875,1677.842010747808,1645.8557171096074,1645.8557171096074,2037073,SUNPHARMA.NS,Sun Pharma,Pharma
2025-06-06,1662.888671875,1672.5935257661272,1652.7878001797906,1668.63238064886,2500047,SUNPHARMA.NS,Sun Pharma,Pharma
2025-06-09,1677.9410400390625,1682.2983237000342,1657.0460244174062,1663.5818894665877,2589656,SUNPHARMA.NS,Sun Pharma,Pharma
2025-06-10,1672.3955078125,1690.319665194212,1661.4032334639328,1685.269229373942,2369135,SUNPHARMA.NS,Sun Pharma,Pharma
2025-06-11,1674.177978515625,1678.5352623706667,1662.9878159638881,1678.3372534663927,1999978,SUNPHARMA.NS,Sun Pharma,Pharma
2025-06-12,1671.009033203125,1710.7194874320173,1664.770181508742,1678.436180037128,3588365,SUNPHARMA.NS,Sun Pharma,Pharma
2025-06-13,1671.4051513671875,1683.486595048421,1644.9644364318735,1650.6091404871777,2404272,SUNPHARMA.NS,Sun Pharma,Pharma
2025-06-16,1668.929443359375,1673.385731425313,1639.6168740402327,1648.826584396991,2249326,SUNPHARMA.NS,Sun Pharma,Pharma
2025-06-17,1634.1702880859375,1665.3643043250918,1625.158707571536,1663.680866088227,5408285,SUNPHARMA.NS,Sun Pharma,Pharma
2025-06-18,1631.99169921875,1645.162554368449,1622.583980078836,1629.0208405429876,1455885,SUNPHARMA.NS,Sun Pharma,Pharma
2025-06-19,1631.5955810546875,1639.2208576156943,1620.1082848742983,1632.0907241735367,1696525,SUNPHARMA.NS,Sun Pharma,Pharma
2025-06-20,1648.9256591796875,1653.7780861242686,1629.615076736919,1631.5956492951518,2567882,SUNPHARMA.NS,Sun Pharma,Pharma
2025-06-23,1646.350830078125,1650.8071180392387,1631.1994026565192,1647.0439820738125,840643,SUNPHARMA.NS,Sun Pharma,Pharma
2025-06-24,1645.55859375,1670.0187363655616,1642.6868603667087,1654.2731610004403,2066326,SUNPHARMA.NS,Sun Pharma,Pharma
2025-06-25,1653.3818359375,1662.4925416217097,1641.9935444956482,1645.5585506831444,1372945,SUNPHARMA.NS,Sun Pharma,Pharma
2025-06-26,1653.5799560546875,1662.5915363574031,1634.3683794706653,1658.5313870874484,2102627,SUNPHARMA.NS,Sun Pharma,Pharma
2025-06-27,1671.20703125,1679.228325601745,1651.9954540538424,1653.9760265300536,5313904,SUNPHARMA.NS,Sun Pharma,Pharma
2025-06-30,1659.4227294921875,1687.9430237145828,1655.3625797780876,1679.5255900380948,2160184,SUNPHARMA.NS,Sun Pharma,Pharma
2025-07-01,1651.0052490234375,1667.939241235612,1641.3995203951588,1659.4226824613615,3298070,SUNPHARMA.NS,Sun Pharma,Pharma
2025-07-02,1661.205078125,1665.6613659649777,1639.9139251117736,1639.9139251117736,1611046,SUNPHARMA.NS,Sun Pharma,Pharma
2025-07-03,1663.3837890625,1676.3566358267922,1658.2343488442164,1661.2052076358154,1553777,SUNPHARMA.NS,Sun Pharma,Pharma
2025-07-04,1660.016845703125,1670.3157257254463,1655.3624279194328,1670.3157257254463,1264399,SUNPHARMA.NS,Sun Pharma,Pharma
2025-07-07,1669.05810546875,1671.5419707006272,1652.267152244763,1663.891593016956,1550620,SUNPHARMA.NS,Sun Pharma,Pharma
2025-07-08,1661.7059326171875,1671.1446210236827,1638.45692849627,1669.1575287275784,1860328,SUNPHARMA.NS,Sun Pharma,Pharma
2025-07-09,1658.6259765625,1669.9524269938443,1636.3705184185847,1649.2866184425322,2178705,SUNPHARMA.NS,Sun Pharma,Pharma
2025-07-10,1651.7703857421875,1659.818084868856,1636.569081949883,1651.273612693844,1741718,SUNPHARMA.NS,Sun Pharma,Pharma
2025-07-11,1661.2091064453125,1669.0581450205405,1651.4723059926273,1655.0491690372774,1298302,SUNPHARMA.NS,Sun Pharma,Pharma
2025-07-14,1671.74072265625,1685.948481071095,1664.686569269172,1669.554969645884,1309704,SUNPHARMA.NS,Sun Pharma,Pharma
2025-07-15,1716.3509521484375,1719.7290332716816,1677.0065493687105,1693.9961640596734,3332578,SUNPHARMA.NS,Sun Pharma,Pharma
2025-07-16,1690.02197265625,1720.1264690066841,1687.0413342565037,1718.834810520466,2285143,SUNPHARMA.NS,Sun Pharma,Pharma
2025-07-17,1692.406494140625,1705.918697188592,1685.054228556699,1693.0025975593248,1461039,SUNPHARMA.NS,Sun Pharma,Pharma
2025-07-18,1682.669677734375,1698.3677548795465,1675.81418527775,1697.9703121766654,1253929,SUNPHARMA.NS,Sun Pharma,Pharma
2025-07-21,1681.378173828125,1690.4194194057986,1666.6736425079068,1670.250384339653,2390289,SUNPHARMA.NS,Sun Pharma,Pharma
2025-07-22,1667.17041015625,1682.172932498894,1662.0040187807986,1675.2181095721396,1244491,SUNPHARMA.NS,Sun Pharma,Pharma
2025-07-23,1671.641357421875,1678.6955106617793,1660.6130196769561,1667.6671729168602,1229173,SUNPHARMA.NS,Sun Pharma,Pharma
2025-07-24,1681.080078125,1685.054262706856,1669.2568547374815,1671.6413897430925,1079045,SUNPHARMA.NS,Sun Pharma,Pharma
2025-07-25,1688.034912109375,1691.0155505651303,1671.34328824415,1679.0929967421093,1088592,SUNPHARMA.NS,Sun Pharma,Pharma
2025-07-28,1691.214111328125,1699.0631497208833,1682.9677515240733,1691.1147809753018,2168507,SUNPHARMA.NS,Sun Pharma,Pharma
2025-07-29,1699.460693359375,1706.9122895009684,1686.1471506632306,1687.0413664567195,1325544,SUNPHARMA.NS,Sun Pharma,Pharma
2025-07-30,1722.6103515625,1729.2670622088262,1701.050327485951,1708.8993662735888,2318723,SUNPHARMA.NS,Sun Pharma,Pharma
2025-07-31,1695.6851806640625,1736.7186855343634,1683.0671929606474,1704.4284353742567,3233087,SUNPHARMA.NS,Sun Pharma,Pharma
2025-08-01,1619.18212890625,1684.0607416859682,1597.6222257410245,1679.0930108845346,8774548,SUNPHARMA.NS,Sun Pharma,Pharma
2025-08-04,1631.0052490234375,1636.7678649006018,1603.1859582998518,1619.2814778451302,1898762,SUNPHARMA.NS,Sun Pharma,Pharma
2025-08-05,1621.566650390625,1633.9859772903794,1609.644096566861,1630.3099050410478,1622897,SUNPHARMA.NS,Sun Pharma,Pharma
2025-08-06,1584.90478515625,1619.1821276597536,1580.7319397992544,1619.1821276597536,2376257,SUNPHARMA.NS,Sun Pharma,Pharma
2025-08-07,1588.0841064453125,1595.038929127571,1560.860919118262,1570.7963800929167,3435674,SUNPHARMA.NS,Sun Pharma,Pharma
2025-08-08,1576.6583251953125,1591.6608469998002,1570.6970486147889,1579.7382938387532,1654424,SUNPHARMA.NS,Sun Pharma,Pharma
2025-08-11,1598.0196533203125,1649.2866104488512,1573.9757636996972,1576.6584110765473,1140902,SUNPHARMA.NS,Sun Pharma,Pharma
2025-08-12,1611.73046875,1626.1368875025048,1599.7085849440618,1601.2982344809448,1679088,SUNPHARMA.NS,Sun Pharma,Pharma
2025-08-13,1629.217041015625,1632.8931132931275,1606.8622524247546,1613.7176238999627,1313668,SUNPHARMA.NS,Sun Pharma,Pharma
2025-08-14,1630.806640625,1640.4439895646522,1621.6659434674307,1629.216991074875,1738094,SUNPHARMA.NS,Sun Pharma,Pharma
2025-08-18,1622.1627197265625,1638.953673598573,1614.9099057390576,1638.953673598573,3080173,SUNPHARMA.NS,Sun Pharma,Pharma
2025-08-19,1616.10205078125,1627.4285004990954,1608.650455082994,1622.2621093279643,2656391,SUNPHARMA.NS,Sun Pharma,Pharma
2025-08-20,1622.5601806640625,1625.9382618042353,1605.5705658879585,1623.4543964485918,1831706,SUNPHARMA.NS,Sun Pharma,Pharma
2025-08-21,1629.6142578125,1641.8349233037904,1613.4195292205059,1620.2750215379986,1727099,SUNPHARMA.NS,Sun Pharma,Pharma
2025-08-22,1631.2041015625,1640.7421202523267,1624.5472696533852,1631.4027622775534,2098310,SUNPHARMA.NS,Sun Pharma,Pharma
2025-08-25,1646.0078125,1649.7833362781898,1623.4543640340632,1638.556216581851,1904984,SUNPHARMA.NS,Sun Pharma,Pharma
2025-08-26,1589.971923828125,1636.7679223969371,1585.8982876602297,1634.3833874232264,4502371,SUNPHARMA.NS,Sun Pharma,Pharma
2025-08-28,1575.466064453125,1589.6738227570108,1557.482903589684,1582.8183301398738,4993739,SUNPHARMA.NS,Sun Pharma,Pharma
2025-08-29,1584.2093505859375,1591.3628344180145,1565.6300859249247,1570.7964774389259,3176534,SUNPHARMA.NS,Sun Pharma,Pharma
2025-09-01,1553.210693359375,1589.8724480539984,1546.15641890205,1588.6802412264847,9366820,SUNPHARMA.NS,Sun Pharma,Pharma
2025-09-02,1555.098388671875,1560.1655710733091,1547.944904890128,1555.8932741065087,2855840,SUNPHARMA.NS,Sun Pharma,Pharma
2025-09-03,1568.51123046875,1570.8957654426454,1548.2429863968566,1552.0183889299112,2091370,SUNPHARMA.NS,Sun Pharma,Pharma
2025-09-04,1572.088134765625,1586.6932147794025,1550.9255530811818,1586.6932147794025,2298657,SUNPHARMA.NS,Sun Pharma,Pharma
2025-09-05,1583.3150634765625,1588.9783490975083,1565.3319030644045,1572.1873955095048,1814479,SUNPHARMA.NS,Sun Pharma,Pharma
2025-09-08,1570.79638671875,1594.144720107675,1568.014409121119,1587.2892277497494,1369139,SUNPHARMA.NS,Sun Pharma,Pharma
2025-09-09,1581.4273681640625,1586.6932113044306,1567.3190612603253,1569.802926650595,1709406,SUNPHARMA.NS,Sun Pharma,Pharma
2025-09-10,1583.116455078125,1591.2634849715168,1572.1874474598008,1581.824796573873,2408379,SUNPHARMA.NS,Sun Pharma,Pharma
2025-09-11,1599.3111572265625,1606.5640924898203,1580.731893105321,1582.2222123005806,1762484,SUNPHARMA.NS,Sun Pharma,Pharma
2025-09-12,1606.1666259765625,1612.028572314202,1592.753753418016,1599.6092458711034,1878894,SUNPHARMA.NS,Sun Pharma,Pharma
2025-09-15,1591.660888671875,1606.6634108691514,1585.1035085181136,1606.1666378077682,2005917,SUNPHARMA.NS,Sun Pharma,Pharma
2025-09-16,1600.1060791015625,1604.5770367892105,1589.6738444970506,1592.1577098790772,1480567,SUNPHARMA.NS,Sun Pharma,Pharma
2025-09-17,1609.743408203125,1611.6311701264297,1597.0260903751814,1602.1924817923948,2128406,SUNPHARMA.NS,Sun Pharma,Pharma
2025-09-18,1637.9600830078125,1640.6427302584464,1617.1949451750547,1624.5472106020936,1832386,SUNPHARMA.NS,Sun Pharma,Pharma
2025-09-19,1645.3123779296875,1657.3342617486428,1632.4956087001874,1637.9601123708476,3191406,SUNPHARMA.NS,Sun Pharma,Pharma
2025-09-22,1633.389892578125,1647.200208505448,1624.7460894698136,1639.3511695583372,1785320,SUNPHARMA.NS,Sun Pharma,Pharma
2025-09-23,1620.67236328125,1633.3898019799758,1614.6117562773588,1632.5949165803738,1967731,SUNPHARMA.NS,Sun Pharma,Pharma
2025-09-24,1616.598876953125,1625.3421313727292,1614.512454345545,1619.4801849743005,1131058,SUNPHARMA.NS,Sun Pharma,Pharma
2025-09-25,1616.89697265625,1632.1976070917785,1612.2272331438078,1617.3937457140107,2762750,SUNPHARMA.NS,Sun Pharma,Pharma
2025-09-26,1576.4595947265625,1592.5551147894816,1538.0094080385923,1574.7706148198765,7256759,SUNPHARMA.NS,Sun Pharma,Pharma
2025-09-29,1579.04296875,1608.4519109812734,1569.8029409013186,1570.7964870664462,4180922,SUNPHARMA.NS,Sun Pharma,Pharma
2025-09-30,1584.0106201171875,1593.9460812700709,1575.7641388473005,1578.8441075481974,2257443,SUNPHARMA.NS,Sun Pharma,Pharma
2025-10-01,1625.64013671875,1640.8414410892474,1601.4970384204441,1601.4970384204441,3109095,SUNPHARMA.NS,Sun Pharma,Pharma
2025-10-03,1620.67236328125,1634.8801211423663,1589.6737732165213,1589.6737732165213,4041865,SUNPHARMA.NS,Sun Pharma,Pharma
2025-10-06,1644.020751953125,1648.988482661006,1609.5447493534264,1619.4802107691883,1756916,SUNPHARMA.NS,Sun Pharma,Pharma
2025-10-07,1642.4310302734375,1652.2671608996916,1636.3704233324065,1638.7549582239958,2174852,SUNPHARMA.NS,Sun Pharma,Pharma
2025-10-08,1621.06982421875,1644.3188276700992,1618.4866285647079,1634.383366475718,1846507,SUNPHARMA.NS,Sun Pharma,Pharma
2025-10-09,1647.7962646484375,1651.5717884738617,1621.8647347853546,1634.383391827965,2197566,SUNPHARMA.NS,Sun Pharma,Pharma
2025-10-10,1660.1162109375,1665.7793752224488,1638.3575269836463,1644.3188036130591,1454056,SUNPHARMA.NS,Sun Pharma,Pharma
2025-10-13,1657.63232421875,1664.1897041697284,1645.1136677155218,1651.770378019208,1375179,SUNPHARMA.NS,Sun Pharma,Pharma
2025-10-14,1643.7227783203125,1659.1227436781396,1635.5756271034522,1656.8375390152728,2108287,SUNPHARMA.NS,Sun Pharma,Pharma
2025-10-15,1644.418212890625,1657.9304163093134,1639.450482127689,1641.8350171503962,2088737,SUNPHARMA.NS,Sun Pharma,Pharma
2025-10-16,1648.29296875,1652.1678227702848,1632.5948919631978,1643.3252382836047,2895957,SUNPHARMA.NS,Sun Pharma,Pharma
2025-10-17,1668.2633056640625,1681.0800751745505,1646.0078477882328,1647.498167003813,1594147,SUNPHARMA.NS,Sun Pharma,Pharma
2025-10-20,1677.7020263671875,1685.9485080320117,1671.9395313920309,1674.0259540775617,1647622,SUNPHARMA.NS,Sun Pharma,Pharma
2025-10-21,1679.5897216796875,1685.0542253586216,1673.1316718773107,1679.0929486179662,74296,SUNPHARMA.NS,Sun Pharma,Pharma
2025-10-23,1678.99365234375,1700.9509978610427,1671.3432742684568,1693.9961748557698,2687094,SUNPHARMA.NS,Sun Pharma,Pharma
2025-10-24,1688.034912109375,1690.9162202064363,1675.1188121344358,1679.0929967421093,994307,SUNPHARMA.NS,Sun Pharma,Pharma
2025-10-27,1682.669677734375,1697.473539118685,1679.092935973414,1690.0219432489805,2067904,SUNPHARMA.NS,Sun Pharma,Pharma
2025-10-28,1676.1123046875,1691.7109302608092,1668.3625964373616,1681.0800352882336,2440939,SUNPHARMA.NS,Sun Pharma,Pharma
2025-10-29,1704.8258056640625,1710.8864127185896,1676.4104109869058,1679.0929369886273,1016738,SUNPHARMA.NS,Sun Pharma,Pharma
2025-10-30,1692.406494140625,1705.8193668325564,1669.2568209074827,1704.7264903511925,1986233,SUNPHARMA.NS,Sun Pharma,Pharma
2025-10-31,1679.788330078125,1693.9960877138794,1675.9135973433574,1689.0283572513754,1560918,SUNPHARMA.NS,Sun Pharma,Pharma
2025-11-03,1695.3870849609375,1701.7458042411731,1670.3496505354751,1677.3044732176897,1099955,SUNPHARMA.NS,Sun Pharma,Pharma
2025-11-04,1679.093017578125,1700.156147747174,1671.343308983999,1695.983302370331,1597993,SUNPHARMA.NS,Sun Pharma,Pharma
2025-11-06,1675.0194091796875,1712.77416131628,1656.24136346578,1688.0348389492265,3389867,SUNPHARMA.NS,Sun Pharma,Pharma
2025-11-07,1680.48388671875,1698.9638198004336,1672.2374056301176,1683.0670823052249,1512908,SUNPHARMA.NS,Sun Pharma,Pharma
2025-11-10,1686.8426513671875,1692.1083730346895,1674.9200979249385,1686.5445390181371,1235665,SUNPHARMA.NS,Sun Pharma,Pharma
2025-11-11,1705.0245361328125,1707.9058442452217,1684.0607364721645,1690.618116853257,1315353,SUNPHARMA.NS,Sun Pharma,Pharma
2025-11-12,1720.9212646484375,1732.8438184656877,1699.162579675458,1710.2903693410517,1833097,SUNPHARMA.NS,Sun Pharma,Pharma
2025-11-13,1726.18701171875,1736.5199153752737,1714.2644585648725,1723.3057037833998,1727602,SUNPHARMA.NS,Sun Pharma,Pharma
2025-11-14,1745.7598876953125,1748.7405260971425,1723.5044300384848,1726.187077369624,1667322,SUNPHARMA.NS,Sun Pharma,Pharma
2025-11-17,1752.5159912109375,1756.5895059671477,1736.4204716107533,1754.4037530586884,1430618,SUNPHARMA.NS,Sun Pharma,Pharma
2025-11-18,1747.448974609375,1753.1121390135681,1738.705720189144,1752.615365950657,1429522,SUNPHARMA.NS,Sun Pharma,Pharma
2025-11-19,1772.5855712890625,1778.745629873463,1739.7985500161499,1750.6282267536994,2131124,SUNPHARMA.NS,Sun Pharma,Pharma
2025-11-20,1765.928955078125,1780.4347046429366,1761.656658110908,1778.4476123386478,1513894,SUNPHARMA.NS,Sun Pharma,Pharma
2025-11-21,1768.2139892578125,1775.864367185946,1762.2527125108188,1766.5250093591587,2199311,SUNPHARMA.NS,Sun Pharma,Pharma
2025-11-24,1769.3070068359375,1774.374067871133,1760.3650916153026,1774.374067871133,3434492,SUNPHARMA.NS,Sun Pharma,Pharma
2025-11-25,1765.332763671875,1780.533946272675,1754.7017476042085,1773.479793200475,1848114,SUNPHARMA.NS,Sun Pharma,Pharma
2025-11-26,1793.25146484375,1795.2385571376026,1762.153421931962,1764.0411838676196,1158948,SUNPHARMA.NS,Sun Pharma,Pharma
2025-11-27,1798.6165771484375,1803.1868650124306,1790.4694262511168,1790.4694262511168,2902053,SUNPHARMA.NS,Sun Pharma,Pharma
2025-11-28,1819.779052734375,1821.170041561623,1795.8346154515186,1798.6165931060145,1623103,SUNPHARMA.NS,Sun Pharma,Pharma
2025-12-01,1795.7353515625,1837.0668475095704,1789.3766318900682,1829.1184782396533,1869293,SUNPHARMA.NS,Sun Pharma,Pharma
2025-12-02,1787.88623046875,1803.1868648665188,1777.0565535797946,1792.3571879775634,2948688,SUNPHARMA.NS,Sun Pharma,Pharma
2025-12-03,1795.039794921875,1804.2798227031194,1770.9960264142678,1793.3508149664815,2114510,SUNPHARMA.NS,Sun Pharma,Pharma
2025-12-04,1806.56494140625,1811.4332203221738,1786.694019194368,1796.7288106548715,1713961,SUNPHARMA.NS,Sun Pharma,Pharma
2025-12-05,1793.64892578125,1808.4526664948564,1788.581743354456,1807.2604596194283,1777401,SUNPHARMA.NS,Sun Pharma,Pharma
2025-12-08,1784.6075439453125,1794.3443447164593,1774.1753093830075,1793.6489109253014,2410074,SUNPHARMA.NS,Sun Pharma,Pharma
2025-12-09,1764.5379638671875,1789.5752783550101,1760.563779263883,1784.4088868837098,2401728,SUNPHARMA.NS,Sun Pharma,Pharma
2025-12-10,1773.9765625,1780.1364998103056,1756.4901753871322,1776.3610973977736,2321746,SUNPHARMA.NS,Sun Pharma,Pharma
2025-12-11,1795.5364990234375,1798.8152497314682,1763.6436928373055,1766.525000840956,1280916,SUNPHARMA.NS,Sun Pharma,Pharma
2025-12-12,1781.9249267578125,1800.1068688641526,1779.4410615128197,1796.3313451787706,1442309,SUNPHARMA.NS,Sun Pharma,Pharma
2025-12-15,1785.501708984375,1792.953304888502,1766.127559633645,1767.5185484589124,1396948,SUNPHARMA.NS,Sun Pharma,Pharma
2025-12-16,1769.8037109375,1780.3352753082418,1766.823072646772,1778.4475134676177,1533979,SUNPHARMA.NS,Sun Pharma,Pharma
2025-12-17,1781.328857421875,1785.9984756587708,1760.0669462616247,1769.505634373104,1910628,SUNPHARMA.NS,Sun Pharma,Pharma
2025-12-18,1734.6322021484375,1773.479831340348,1724.7960712643385,1773.479831340348,3461351,SUNPHARMA.NS,Sun Pharma,Pharma
2025-12-19,1733.638671875,1748.6411942280731,1729.9624784130965,1735.7250944979794,2768986,SUNPHARMA.NS,Sun Pharma,Pharma
2025-12-22,1758.3779296875,1761.755889388824,1731.850176147664,1733.6386076339388,1467257,SUNPHARMA.NS,Sun Pharma,Pharma
2025-12-23,1744.567626953125,1763.1468905709062,1740.394660549985,1760.5636949589527,1124853,SUNPHARMA.NS,Sun Pharma,Pharma
2025-12-24,1725.7896728515625,1747.647688282037,1707.9058420448107,1744.5677194551502,2224786,SUNPHARMA.NS,Sun Pharma,Pharma
2025-12-26,1708.402587890625,1725.7896453422597,1696.9768072795507,1725.7896453422597,2507337,SUNPHARMA.NS,Sun Pharma,Pharma
2025-12-29,1706.1173095703125,1716.3508828842944,1699.2619385257333,1708.4025141068273,1800816,SUNPHARMA.NS,Sun Pharma,Pharma
2025-12-30,1709.0980224609375,1711.9793305250298,1695.9832619186739,1711.9793305250298,2639497,SUNPHARMA.NS,Sun Pharma,Pharma
2025-12-31,1708.6011962890625,1714.4631425926211,1704.4283511414358,1709.0979693438983,1428439,SUNPHARMA.NS,Sun Pharma,Pharma
2026-01-01,1709.9921875,1714.8605877007226,1697.8709734579827,1708.8993110343238,877515,SUNPHARMA.NS,Sun Pharma,Pharma
2026-01-02,1716.84765625,1720.8218406394676,1708.3031840691413,1709.9921639216718,974123,SUNPHARMA.NS,Sun Pharma,Pharma
2026-01-05,1717.741943359375,1734.7315580737024,1712.277439596829,1716.8477275780972,1416698,SUNPHARMA.NS,Sun Pharma,Pharma
2026-01-06,1748.83984375,1751.2243787106395,1714.5625023779553,1714.5625023779553,1658801,SUNPHARMA.NS,Sun Pharma,Pharma
2026-01-07,1771.0953369140625,1794.9404444357126,1737.2154375668824,1743.6734875206625,3059500,SUNPHARMA.NS,Sun Pharma,Pharma
2026-01-08,1749.336669921875,1767.1211703866902,1746.3560314512074,1754.6025130663838,1910656,SUNPHARMA.NS,Sun Pharma,Pharma
2026-01-09,1718.7354736328125,1753.8075792337372,1715.8541656008417,1753.8075792337372,1585689,SUNPHARMA.NS,Sun Pharma,Pharma
2026-01-12,1724.7960205078125,1733.0425016073348,1703.037336776016,1720.9211664817421,2327272,SUNPHARMA.NS,Sun Pharma,Pharma
2026-01-13,1717.5430908203125,1732.545733923659,1701.050249852691,1731.7508485323951,1770082,SUNPHARMA.NS,Sun Pharma,Pharma
2026-01-14,1689.723876953125,1725.8889808162357,1678.2980963081786,1725.8889808162357,2479677,SUNPHARMA.NS,Sun Pharma,Pharma
2026-01-15,1689.723876953125,1689.723876953125,1689.723876953125,1689.723876953125,0,SUNPHARMA.NS,Sun Pharma,Pharma
2026-01-16,1658.129150390625,1696.9767795776202,1648.5911318579272,1696.9767795776202,3697596,SUNPHARMA.NS,Sun Pharma,Pharma
2026-01-19,1664.587158203125,1676.4103810354632,1589.6737580963386,1639.3510630368492,2975272,SUNPHARMA.NS,Sun Pharma,Pharma
2026-01-20,1603.384765625,1663.2955234676385,1592.4557583823232,1663.2955234676385,5019166,SUNPHARMA.NS,Sun Pharma,Pharma
2026-01-21,1602.4906005859375,1634.3834075652107,1597.3240878654785,1626.4350384098784,3947877,SUNPHARMA.NS,Sun Pharma,Pharma
2026-01-22,1623.653076171875,1635.8737423777015,1602.788606940213,1603.6828227352105,2279862,SUNPHARMA.NS,Sun Pharma,Pharma
2026-01-23,1621.367919921875,1638.2582037789198,1614.9098702118285,1629.4156191502054,1678658,SUNPHARMA.NS,Sun Pharma,Pharma
2026-01-27,1628.32275390625,1647.4981211771765,1611.8299126357558,1647.4981211771765,2666522,SUNPHARMA.NS,Sun Pharma,Pharma
2026-01-28,1600.205322265625,1638.655629053745,1589.6737578761918,1629.316271469726,4124391,SUNPHARMA.NS,Sun Pharma,Pharma
2026-01-29,1579.04296875,1614.5125183320524,1573.4790131992938,1614.5125183320524,5796513,SUNPHARMA.NS,Sun Pharma,Pharma
2026-01-30,1585.004150390625,1596.1318182576413,1574.8699073464832,1579.042873758477,3962196,SUNPHARMA.NS,Sun Pharma,Pharma
2026-02-02,1617.393798828125,1623.4544060753358,1587.8854054586088,1623.4544060753358,2721280,SUNPHARMA.NS,Sun Pharma,Pharma
2026-02-03,1691.1148681640625,1713.8670991278223,1660.2156073290382,1698.8645766035488,8520586,SUNPHARMA.NS,Sun Pharma,Pharma
2026-02-04,1693.4000244140625,1717.8412346118464,1684.3587790147078,1703.8322586323532,3952775,SUNPHARMA.NS,Sun Pharma,Pharma
2026-02-05,1702.5999755859375,1710.0,1684.300048828125,1699.0,3074842,SUNPHARMA.NS,Sun Pharma,Pharma
2026-02-06,1695.0999755859375,1709.0,1689.5999755859375,1709.0,1277116,SUNPHARMA.NS,Sun Pharma,Pharma
2026-02-09,1704.5999755859375,1713.4000244140625,1696.0,1706.699951171875,2647031,SUNPHARMA.NS,Sun Pharma,Pharma
2026-02-10,1707.800048828125,1719.800048828125,1702.0999755859375,1709.5999755859375,1869988,SUNPHARMA.NS,Sun Pharma,Pharma
2026-02-11,1711.0999755859375,1716.699951171875,1702.5,1715.0,1175501,SUNPHARMA.NS,Sun Pharma,Pharma
2026-02-12,1714.9000244140625,1719.0,1701.199951171875,1714.800048828125,1359444,SUNPHARMA.NS,Sun Pharma,Pharma
2026-02-13,1697.5,1719.0,1694.5999755859375,1714.9000244140625,1148165,SUNPHARMA.NS,Sun Pharma,Pharma
2026-02-16,1700.5,1715.0,1693.4000244140625,1697.5,1247403,SUNPHARMA.NS,Sun Pharma,Pharma
2026-02-17,1717.0999755859375,1719.0,1693.9000244140625,1696.0,1053855,SUNPHARMA.NS,Sun Pharma,Pharma
2026-02-18,1724.4000244140625,1730.5999755859375,1717.0999755859375,1720.4000244140625,1262429,SUNPHARMA.NS,Sun Pharma,Pharma
2026-02-19,1713.4000244140625,1727.0,1710.0,1722.199951171875,1143429,SUNPHARMA.NS,Sun Pharma,Pharma
2026-02-20,1724.4000244140625,1727.0,1708.0999755859375,1710.0999755859375,1203988,SUNPHARMA.NS,Sun Pharma,Pharma
2026-02-23,1732.300048828125,1735.800048828125,1720.199951171875,1732.9000244140625,1550400,SUNPHARMA.NS,Sun Pharma,Pharma
2026-02-24,1731.800048828125,1745.9000244140625,1723.699951171875,1732.0,2769363,SUNPHARMA.NS,Sun Pharma,Pharma
2026-02-25,1764.199951171875,1770.4000244140625,1733.4000244140625,1742.0,1200997,SUNPHARMA.NS,Sun Pharma,Pharma
2026-02-26,1785.699951171875,1792.199951171875,1760.300048828125,1764.199951171875,2076586,SUNPHARMA.NS,Sun Pharma,Pharma
2026-02-27,1737.0,1788.0999755859375,1730.9000244140625,1779.0,3041489,SUNPHARMA.NS,Sun Pharma,Pharma
2026-03-02,1752.5,1759.9000244140625,1712.0,1712.0,3919270,SUNPHARMA.NS,Sun Pharma,Pharma
2026-03-04,1750.5,1757.199951171875,1721.0,1721.199951171875,4914857,SUNPHARMA.NS,Sun Pharma,Pharma
2026-03-05,1784.5,1794.9000244140625,1748.0,1750.0,3600895,SUNPHARMA.NS,Sun Pharma,Pharma
2026-03-06,1799.4000244140625,1805.5999755859375,1771.800048828125,1784.5,3669921,SUNPHARMA.NS,Sun Pharma,Pharma
2026-03-09,1807.4000244140625,1815.0,1770.0,1772.9000244140625,4112775,SUNPHARMA.NS,Sun Pharma,Pharma
2026-03-10,1812.800048828125,1825.0999755859375,1803.300048828125,1810.0,3298680,SUNPHARMA.NS,Sun Pharma,Pharma
2026-03-11,1825.9000244140625,1843.0,1818.0999755859375,1823.0,2510495,SUNPHARMA.NS,Sun Pharma,Pharma
2026-03-12,1825.300048828125,1833.5999755859375,1808.4000244140625,1828.0,2606057,SUNPHARMA.NS,Sun Pharma,Pharma
2026-03-13,1801.5999755859375,1833.300048828125,1797.0,1822.0,2554627,SUNPHARMA.NS,Sun Pharma,Pharma
2026-03-16,1783.199951171875,1818.0,1768.800048828125,1801.5999755859375,2452391,SUNPHARMA.NS,Sun Pharma,Pharma
2026-03-17,1794.4000244140625,1806.0999755859375,1781.0999755859375,1794.0999755859375,1979497,SUNPHARMA.NS,Sun Pharma,Pharma
2026-03-18,1778.300048828125,1805.0,1773.199951171875,1799.5999755859375,2436459,SUNPHARMA.NS,Sun Pharma,Pharma
2026-03-19,1744.4000244140625,1784.0,1737.9000244140625,1760.5,2301164,SUNPHARMA.NS,Sun Pharma,Pharma
2026-03-20,1777.0999755859375,1781.300048828125,1754.300048828125,1755.0999755859375,3591446,SUNPHARMA.NS,Sun Pharma,Pharma
2026-03-23,1758.4000244140625,1775.0,1741.0999755859375,1774.800048828125,2783613,SUNPHARMA.NS,Sun Pharma,Pharma
2026-03-24,1753.300048828125,1779.9000244140625,1745.0999755859375,1775.0,2040152,SUNPHARMA.NS,Sun Pharma,Pharma
2026-03-25,1795.4000244140625,1809.5,1755.5,1766.699951171875,1900794,SUNPHARMA.NS,Sun Pharma,Pharma
2026-03-27,1793.5999755859375,1819.0,1785.0,1785.0,2975423,SUNPHARMA.NS,Sun Pharma,Pharma
2026-03-30,1757.199951171875,1790.0,1750.0999755859375,1786.800048828125,4182503,SUNPHARMA.NS,Sun Pharma,Pharma
2026-04-01,1728.5,1788.0,1713.199951171875,1762.0999755859375,3245628,SUNPHARMA.NS,Sun Pharma,Pharma
2026-04-02,1693.5999755859375,1700.0,1620.0,1665.0,3937824,SUNPHARMA.NS,Sun Pharma,Pharma
2026-04-06,1694.5999755859375,1699.0,1654.9000244140625,1684.300048828125,3533715,SUNPHARMA.NS,Sun Pharma,Pharma
2026-04-07,1718.0,1723.9000244140625,1681.300048828125,1689.800048828125,2471378,SUNPHARMA.NS,Sun Pharma,Pharma
2026-04-08,1714.5999755859375,1749.199951171875,1685.5,1730.0,4859877,SUNPHARMA.NS,Sun Pharma,Pharma
2026-04-09,1717.0999755859375,1730.9000244140625,1702.699951171875,1702.699951171875,3276165,SUNPHARMA.NS,Sun Pharma,Pharma
2026-04-10,1654.9000244140625,1700.0,1630.4000244140625,1699.199951171875,8089531,SUNPHARMA.NS,Sun Pharma,Pharma
2026-04-13,1652.199951171875,1668.699951171875,1640.0999755859375,1654.9000244140625,3751005,SUNPHARMA.NS,Sun Pharma,Pharma
2026-04-15,1696.5999755859375,1699.199951171875,1657.699951171875,1675.0,3760449,SUNPHARMA.NS,Sun Pharma,Pharma
2026-04-16,1693.0999755859375,1713.9000244140625,1666.5999755859375,1713.9000244140625,4512633,SUNPHARMA.NS,Sun Pharma,Pharma
2026-04-17,1675.5,1696.9000244140625,1670.5,1696.9000244140625,3146482,SUNPHARMA.NS,Sun Pharma,Pharma
2026-04-20,1668.5999755859375,1680.0,1665.0,1680.0,1834532,SUNPHARMA.NS,Sun Pharma,Pharma
2026-04-21,1665.199951171875,1682.9000244140625,1659.9000244140625,1667.199951171875,3631490,SUNPHARMA.NS,Sun Pharma,Pharma
2026-04-22,1669.800048828125,1673.9000244140625,1652.4000244140625,1665.199951171875,2169514,SUNPHARMA.NS,Sun Pharma,Pharma
2026-04-23,1680.0999755859375,1713.0,1661.199951171875,1669.0,3245164,SUNPHARMA.NS,Sun Pharma,Pharma
2026-04-24,1620.4000244140625,1673.300048828125,1613.5999755859375,1670.4000244140625,9606128,SUNPHARMA.NS,Sun Pharma,Pharma
2026-04-27,1733.5,1766.9000244140625,1621.9000244140625,1625.0,26995361,SUNPHARMA.NS,Sun Pharma,Pharma
2026-04-28,1747.300048828125,1763.9000244140625,1714.300048828125,1724.0,16599167,SUNPHARMA.NS,Sun Pharma,Pharma
2026-04-29,1778.699951171875,1789.800048828125,1750.0,1756.0,9809449,SUNPHARMA.NS,Sun Pharma,Pharma
2026-04-30,1808.300048828125,1815.0,1761.4000244140625,1771.0,4749798,SUNPHARMA.NS,Sun Pharma,Pharma
2026-05-01,1808.300048828125,1808.300048828125,1808.300048828125,1808.300048828125,0,SUNPHARMA.NS,Sun Pharma,Pharma
2026-05-04,1823.5,1841.0,1810.0,1820.0,4206373,SUNPHARMA.NS,Sun Pharma,Pharma
2026-05-05,1820.800048828125,1831.699951171875,1798.5999755859375,1828.5,3011421,SUNPHARMA.NS,Sun Pharma,Pharma
2026-05-06,1850.199951171875,1857.800048828125,1818.4000244140625,1837.0,3247156,SUNPHARMA.NS,Sun Pharma,Pharma
2026-05-07,1834.4000244140625,1857.0999755859375,1826.300048828125,1850.199951171875,2201070,SUNPHARMA.NS,Sun Pharma,Pharma
2026-05-08,1847.9000244140625,1857.5,1819.199951171875,1822.0,2837885,SUNPHARMA.NS,Sun Pharma,Pharma
2026-05-11,1872.699951171875,1885.800048828125,1825.0,1827.199951171875,2564978,SUNPHARMA.NS,Sun Pharma,Pharma
2026-05-12,1845.699951171875,1879.4000244140625,1840.0,1875.0,3263351,SUNPHARMA.NS,Sun Pharma,Pharma
2026-05-13,1824.800048828125,1860.0,1820.0,1845.699951171875,1972365,SUNPHARMA.NS,Sun Pharma,Pharma
2026-05-14,1863.199951171875,1867.5,1829.699951171875,1852.0,2429220,SUNPHARMA.NS,Sun Pharma,Pharma
2026-05-15,1878.199951171875,1887.9000244140625,1863.199951171875,1874.0,2756465,SUNPHARMA.NS,Sun Pharma,Pharma
2026-05-18,1905.800048828125,1911.0,1865.0,1878.199951171875,3456331,SUNPHARMA.NS,Sun Pharma,Pharma
2026-05-19,1882.300048828125,1916.5999755859375,1880.0,1900.5,2200951,SUNPHARMA.NS,Sun Pharma,Pharma
2026-05-20,,,,,1376690,SUNPHARMA.NS,Sun Pharma,Pharma
