Date,Close,High,Low,Open,Volume,Ticker,Company,Sector
2021-05-21,625.0394897460938,627.7331990096466,619.8444328875962,620.565965300251,1833201,TATACONSUM.NS,Tata Consumer Products,FMCG
2021-05-24,615.803955078125,629.8498239087322,614.2647091299482,625.3282081980678,2669967,TATACONSUM.NS,Tata Consumer Products,FMCG
2021-05-25,625.2800903320312,627.2522674661071,616.6697905610041,616.6697905610041,2085253,TATACONSUM.NS,Tata Consumer Products,FMCG
2021-05-26,617.53564453125,630.1383888202691,616.3330903541121,627.2522587951381,2314694,TATACONSUM.NS,Tata Consumer Products,FMCG
2021-05-27,623.9331665039062,627.252227611494,616.8140813602522,619.0748596134914,3543940,TATACONSUM.NS,Tata Consumer Products,FMCG
2021-05-28,630.0902709960938,632.7358900707469,621.7685729647994,625.8091665679624,2881977,TATACONSUM.NS,Tata Consumer Products,FMCG
2021-05-31,638.6524047851562,639.7587780390746,625.5205493091154,634.9004712427709,3417033,TATACONSUM.NS,Tata Consumer Products,FMCG
2021-06-01,640.5283813476562,641.9233557978404,631.8699921349465,640.5283813476562,2355484,TATACONSUM.NS,Tata Consumer Products,FMCG
2021-06-02,647.9842529296875,649.138716633306,635.0929079415934,640.2398161088776,3021421,TATACONSUM.NS,Tata Consumer Products,FMCG
2021-06-03,654.1895141601562,657.0756443696863,647.6957211887135,650.3413405474495,2485855,TATACONSUM.NS,Tata Consumer Products,FMCG
2021-06-04,660.8756103515625,663.7617400492459,649.3791819787651,655.0071114018642,2398771,TATACONSUM.NS,Tata Consumer Products,FMCG
2021-06-07,673.3822021484375,680.164595494185,661.2123312310649,663.8098598175216,3511853,TATACONSUM.NS,Tata Consumer Products,FMCG
2021-06-08,683.4837036132812,688.245829896709,674.9695848111611,678.3848856477636,3981598,TATACONSUM.NS,Tata Consumer Products,FMCG
2021-06-09,676.1720581054688,687.7165768208621,674.1517908176584,685.2633783375327,3039558,TATACONSUM.NS,Tata Consumer Products,FMCG
2021-06-10,684.7352294921875,695.4266464722551,681.1552822489984,681.4455354731332,2571253,TATACONSUM.NS,Tata Consumer Products,FMCG
2021-06-11,692.1854248046875,694.0721004185975,686.4768551009741,690.975987075475,2171601,TATACONSUM.NS,Tata Consumer Products,FMCG
2021-06-14,691.5565185546875,693.7335065459404,679.8007597800901,692.1854498184365,1798953,TATACONSUM.NS,Tata Consumer Products,FMCG
2021-06-15,696.1522827148438,700.6029894620056,692.1853510077894,694.7009575945209,2387652,TATACONSUM.NS,Tata Consumer Products,FMCG
2021-06-16,712.0202026367188,713.810146851792,697.6036813014463,700.5063318477769,4134529,TATACONSUM.NS,Tata Consumer Products,FMCG
2021-06-17,720.8248291015625,723.0501825348543,701.3286708402754,706.8437182563963,4167585,TATACONSUM.NS,Tata Consumer Products,FMCG
2021-06-18,715.7936401367188,723.1954229331913,708.3434916402166,721.7924633048599,3762934,TATACONSUM.NS,Tata Consumer Products,FMCG
2021-06-21,718.454345703125,719.8089395229475,704.2313468132844,705.344053097751,1594856,TATACONSUM.NS,Tata Consumer Products,FMCG
2021-06-22,732.1451416015625,734.1286074119924,718.2607628194147,723.7274442756776,3346784,TATACONSUM.NS,Tata Consumer Products,FMCG
2021-06-23,733.2578125,740.1758192692469,727.4525119567118,735.3380688165066,2952360,TATACONSUM.NS,Tata Consumer Products,FMCG
2021-06-24,732.8707885742188,739.0147076977173,729.532729130018,737.2731294390898,1668843,TATACONSUM.NS,Tata Consumer Products,FMCG
2021-06-25,733.0159912109375,738.6761951848285,729.0490591030764,730.5003843700367,1588289,TATACONSUM.NS,Tata Consumer Products,FMCG
2021-06-28,740.8048095703125,744.7233759388414,734.3705773328519,737.2732278361437,1486902,TATACONSUM.NS,Tata Consumer Products,FMCG
2021-06-29,733.451416015625,746.852021694922,731.3227937684344,741.5304956042341,1506378,TATACONSUM.NS,Tata Consumer Products,FMCG
2021-06-30,729.919921875,743.4172004275075,725.0821706935766,740.1759307577857,1733070,TATACONSUM.NS,Tata Consumer Products,FMCG
2021-07-01,731.5162353515625,735.3380700264298,725.6625691050294,731.2743478285274,1914434,TATACONSUM.NS,Tata Consumer Products,FMCG
2021-07-02,738.8212890625,743.8525617769753,728.7588026881253,733.3063003157199,1916135,TATACONSUM.NS,Tata Consumer Products,FMCG
2021-07-05,741.43359375,746.4648658361541,740.1757904921036,745.4489500914905,1020895,TATACONSUM.NS,Tata Consumer Products,FMCG
2021-07-06,737.8536987304688,744.04604312735,733.4029917952292,743.0784930062481,1411602,TATACONSUM.NS,Tata Consumer Products,FMCG
2021-07-07,738.2890625,741.1917126840414,726.8719835870179,734.370496562458,2104914,TATACONSUM.NS,Tata Consumer Products,FMCG
2021-07-08,738.531005859375,741.1434030334625,732.4354518228866,738.1923869341265,1540033,TATACONSUM.NS,Tata Consumer Products,FMCG
2021-07-09,741.0950317382812,747.6743607923136,735.0478434432933,738.2407470521323,1151792,TATACONSUM.NS,Tata Consumer Products,FMCG
2021-07-12,750.72216796875,761.3167946271391,744.1427798544134,745.9811487195204,2992685,TATACONSUM.NS,Tata Consumer Products,FMCG
2021-07-13,747.7710571289062,755.5598825313817,741.820659558327,755.5598825313817,1500414,TATACONSUM.NS,Tata Consumer Products,FMCG
2021-07-14,743.2720336914062,751.4962099293446,738.6278048032501,748.4967690451166,1094262,TATACONSUM.NS,Tata Consumer Products,FMCG
2021-07-15,747.287353515625,749.4643414078491,738.7245580947074,744.0460840534773,965602,TATACONSUM.NS,Tata Consumer Products,FMCG
2021-07-16,738.2407836914062,749.8030200961778,736.6927270328878,747.2873542078651,980383,TATACONSUM.NS,Tata Consumer Products,FMCG
2021-07-19,740.7080078125,745.0136178042316,733.9351567415524,736.305666427299,1695546,TATACONSUM.NS,Tata Consumer Products,FMCG
2021-07-20,732.5321655273438,743.0784853606717,722.7599330265908,737.2731846937914,2195159,TATACONSUM.NS,Tata Consumer Products,FMCG
2021-07-22,739.4017944335938,741.0466414060606,730.597053136069,738.7244975561578,1464419,TATACONSUM.NS,Tata Consumer Products,FMCG
2021-07-23,749.9964599609375,751.7864039676039,741.1433532035837,742.2560594052865,2021122,TATACONSUM.NS,Tata Consumer Products,FMCG
2021-07-26,751.1575317382812,760.4944142629578,745.7876402423775,754.9310009270646,2154261,TATACONSUM.NS,Tata Consumer Products,FMCG
2021-07-27,744.771728515625,762.5746749106767,739.2083151489932,755.0761612426077,2001824,TATACONSUM.NS,Tata Consumer Products,FMCG
2021-07-28,730.4036254882812,745.0136090040638,715.213076454816,743.9976931663367,3112462,TATACONSUM.NS,Tata Consumer Products,FMCG
2021-07-29,726.8236694335938,735.2413673751225,724.2112722717989,730.5003481165105,1742057,TATACONSUM.NS,Tata Consumer Products,FMCG
2021-07-30,731.7097778320312,737.2731910188534,721.018360823053,727.5976898243802,1613176,TATACONSUM.NS,Tata Consumer Products,FMCG
2021-08-02,734.9027099609375,745.9811710698417,732.0484251867852,738.2407698136047,2054226,TATACONSUM.NS,Tata Consumer Products,FMCG
2021-08-03,742.7398681640625,745.7392498937361,734.902676812877,735.338086174816,2946289,TATACONSUM.NS,Tata Consumer Products,FMCG
2021-08-04,734.128662109375,745.013601086285,730.6455052585932,745.013601086285,5426419,TATACONSUM.NS,Tata Consumer Products,FMCG
2021-08-05,743.4171142578125,745.6908924822751,732.7256971970279,736.3056444672445,2469893,TATACONSUM.NS,Tata Consumer Products,FMCG
2021-08-06,755.9953002929688,772.4436531521889,746.948729842228,747.9162800104174,7849735,TATACONSUM.NS,Tata Consumer Products,FMCG
2021-08-09,740.0307006835938,758.0271687136851,738.2407565470851,758.0271687136851,1661739,TATACONSUM.NS,Tata Consumer Products,FMCG
2021-08-10,746.8519897460938,749.4159622291788,736.3540351107988,741.0466888045914,1429806,TATACONSUM.NS,Tata Consumer Products,FMCG
2021-08-11,740.1758422851562,749.0773152059054,727.5976907169118,746.8519617393613,1391781,TATACONSUM.NS,Tata Consumer Products,FMCG
2021-08-12,749.125732421875,751.0124670977857,738.2407928161325,740.8048244339826,880420,TATACONSUM.NS,Tata Consumer Products,FMCG
2021-08-13,781.2483520507812,784.4896213137173,749.174042121501,751.7864392425246,7956492,TATACONSUM.NS,Tata Consumer Products,FMCG
2021-08-16,776.120361328125,788.988766261577,774.1368363155977,781.1999995166908,2604160,TATACONSUM.NS,Tata Consumer Products,FMCG
2021-08-17,805.7756958007812,807.9043177903045,778.8778153547247,778.8778153547247,7580699,TATACONSUM.NS,Tata Consumer Products,FMCG
2021-08-18,814.0967407226562,817.4347415821543,803.211801255834,812.0164842249443,3048603,TATACONSUM.NS,Tata Consumer Products,FMCG
2021-08-20,819.80517578125,824.7397166509332,799.8736676381797,805.9208556736464,3782381,TATACONSUM.NS,Tata Consumer Products,FMCG
2021-08-23,805.4854736328125,822.1273474815462,796.2937475072729,822.0789817865368,2161681,TATACONSUM.NS,Tata Consumer Products,FMCG
2021-08-24,809.7427978515625,813.1775893009116,800.1640271095563,806.4531035015902,1170096,TATACONSUM.NS,Tata Consumer Products,FMCG
2021-08-25,808.8718872070312,823.0465198570694,806.211124420166,808.968618595634,1777820,TATACONSUM.NS,Tata Consumer Products,FMCG
2021-08-26,825.6105346679688,828.9969602072587,807.4689692789156,814.6772297377477,2464570,TATACONSUM.NS,Tata Consumer Products,FMCG
2021-08-27,820.4341430664062,832.9639290382486,816.6123082488765,826.239443835948,2366396,TATACONSUM.NS,Tata Consumer Products,FMCG
2021-08-30,832.576904296875,834.7538921349552,822.4176277191676,822.4176277191676,1875514,TATACONSUM.NS,Tata Consumer Products,FMCG
2021-08-31,836.8825073242188,839.5432702153241,828.6583311153477,834.0282225937545,2132008,TATACONSUM.NS,Tata Consumer Products,FMCG
2021-09-01,839.3013916015625,846.3161302072252,824.6429831692786,842.8329142254616,2051666,TATACONSUM.NS,Tata Consumer Products,FMCG
2021-09-02,843.1715698242188,846.6063609634989,834.0765750103245,838.2854534947155,1314628,TATACONSUM.NS,Tata Consumer Products,FMCG
2021-09-03,841.6234130859375,845.2033601912342,834.1733247169597,845.2033601912342,1075187,TATACONSUM.NS,Tata Consumer Products,FMCG
2021-09-06,841.8169555664062,849.1703717842394,834.9957391490462,841.6234337348317,985142,TATACONSUM.NS,Tata Consumer Products,FMCG
2021-09-07,840.1237182617188,860.152016623944,836.8824491324891,841.768565200035,2840271,TATACONSUM.NS,Tata Consumer Products,FMCG
2021-09-08,851.2506103515625,852.7503012734867,827.7875192087573,845.9290845253593,1601842,TATACONSUM.NS,Tata Consumer Products,FMCG
2021-09-09,847.1868286132812,858.7490639100445,844.2358126725769,846.6063221856107,1685368,TATACONSUM.NS,Tata Consumer Products,FMCG
2021-09-13,853.4759521484375,855.3143210304003,842.4459160203825,848.3479482337175,1064009,TATACONSUM.NS,Tata Consumer Products,FMCG
2021-09-14,852.701904296875,857.1526702573568,849.1219570614753,856.0883296984151,622424,TATACONSUM.NS,Tata Consumer Products,FMCG
2021-09-15,843.2682495117188,858.6039535142083,842.2523337517661,856.2818097303998,1945751,TATACONSUM.NS,Tata Consumer Products,FMCG
2021-09-16,845.6387939453125,854.3467449127128,843.0747625386381,845.155018891568,1294536,TATACONSUM.NS,Tata Consumer Products,FMCG
2021-09-17,845.7839965820312,852.411691560873,838.1886923879321,851.347410005953,1829129,TATACONSUM.NS,Tata Consumer Products,FMCG
2021-09-20,829.1904907226562,848.4931283094371,827.2553903942486,841.8170085546008,1081450,TATACONSUM.NS,Tata Consumer Products,FMCG
2021-09-21,831.0288696289062,836.3987612937615,823.3851996181412,827.2554003213992,1478291,TATACONSUM.NS,Tata Consumer Products,FMCG
2021-09-22,826.4329833984375,835.3343975256669,824.2559955631658,834.0282284463336,982114,TATACONSUM.NS,Tata Consumer Products,FMCG
2021-09-23,823.0465698242188,831.8512526861854,821.4984541305861,829.3356458840735,1464265,TATACONSUM.NS,Tata Consumer Products,FMCG
2021-09-24,809.5975341796875,824.3526729860696,806.9367714441104,823.0465039922509,2846056,TATACONSUM.NS,Tata Consumer Products,FMCG
2021-09-27,807.9527587890625,815.0642879813552,802.0990920632076,809.9362248294497,1433229,TATACONSUM.NS,Tata Consumer Products,FMCG
2021-09-28,796.0035400390625,810.2265394091776,790.4884922358045,809.8394957177092,1933307,TATACONSUM.NS,Tata Consumer Products,FMCG
2021-09-29,796.7291870117188,802.486122245361,784.6831757700551,797.7451028636381,2156442,TATACONSUM.NS,Tata Consumer Products,FMCG
2021-09-30,787.1987915039062,797.2129711556183,784.5380285471759,796.2937866869237,1622014,TATACONSUM.NS,Tata Consumer Products,FMCG
2021-10-01,775.2495727539062,793.3911384189743,770.1699343676871,786.5215558422988,1989799,TATACONSUM.NS,Tata Consumer Products,FMCG
2021-10-04,787.8760986328125,790.730383470633,775.7333557021475,778.9262594806518,1709463,TATACONSUM.NS,Tata Consumer Products,FMCG
2021-10-05,775.443115234375,792.6171311876676,773.7499023939095,788.553408559635,3499870,TATACONSUM.NS,Tata Consumer Products,FMCG
2021-10-06,794.02001953125,806.9367898476297,776.9427365079696,783.0866560702325,5215518,TATACONSUM.NS,Tata Consumer Products,FMCG
2021-10-07,797.79345703125,803.7439140208309,794.6972847688223,801.1315168289522,1500439,TATACONSUM.NS,Tata Consumer Products,FMCG
2021-10-08,792.1817016601562,802.0507252047307,786.0861474002818,800.0672591672144,1747911,TATACONSUM.NS,Tata Consumer Products,FMCG
2021-10-11,789.7628173828125,799.6802065138064,786.6182793656681,794.7457243241175,1772719,TATACONSUM.NS,Tata Consumer Products,FMCG
2021-10-12,789.6660766601562,796.2937715500125,787.1987765398836,790.9722457377098,1246493,TATACONSUM.NS,Tata Consumer Products,FMCG
2021-10-13,820.627685546875,826.2878303177368,791.5043905209641,793.3911251294429,7233280,TATACONSUM.NS,Tata Consumer Products,FMCG
2021-10-14,822.030517578125,832.0930619491049,818.547360940631,832.0446962564172,2352197,TATACONSUM.NS,Tata Consumer Products,FMCG
2021-10-18,816.5639038085938,834.995721066411,814.7255350303042,834.995721066411,1914236,TATACONSUM.NS,Tata Consumer Products,FMCG
2021-10-19,815.9349365234375,834.0281340735332,812.8387645860329,821.4499835596632,1915361,TATACONSUM.NS,Tata Consumer Products,FMCG
2021-10-20,800.1155395507812,824.2559255283433,795.8582956350355,813.7096061784007,1535158,TATACONSUM.NS,Tata Consumer Products,FMCG
2021-10-21,788.3598022460938,811.5326387338187,781.7804734389573,809.9845822102234,2257911,TATACONSUM.NS,Tata Consumer Products,FMCG
2021-10-22,769.4442138671875,795.1326571058474,764.3645758630345,792.0849097360983,2948977,TATACONSUM.NS,Tata Consumer Products,FMCG
2021-10-25,763.3486938476562,774.620617532382,748.4967637837389,767.2672600990379,2954698,TATACONSUM.NS,Tata Consumer Products,FMCG
2021-10-26,782.6513061523438,785.5539564769717,760.5911164415138,760.5911164415138,1776800,TATACONSUM.NS,Tata Consumer Products,FMCG
2021-10-27,792.1817016601562,794.5522113874896,783.3770187352904,785.6507380128817,1930632,TATACONSUM.NS,Tata Consumer Products,FMCG
2021-10-28,783.4253540039062,795.8583495832377,779.7970410074586,791.4560082917958,1822874,TATACONSUM.NS,Tata Consumer Products,FMCG
2021-10-29,783.2318725585938,791.9398241991463,768.3800008823707,780.8129971028847,2220844,TATACONSUM.NS,Tata Consumer Products,FMCG
2021-11-01,798.1321411132812,803.0666232487631,779.8454196849434,794.842446986577,1552830,TATACONSUM.NS,Tata Consumer Products,FMCG
2021-11-02,806.7432861328125,808.871908228539,796.1002347087527,801.0347758017426,1251565,TATACONSUM.NS,Tata Consumer Products,FMCG
2021-11-03,800.0672607421875,811.7745941999996,793.4395066321237,805.9692931687719,1044563,TATACONSUM.NS,Tata Consumer Products,FMCG
2021-11-04,800.551025390625,807.5173392936114,799.1964315458359,806.9368328198876,175837,TATACONSUM.NS,Tata Consumer Products,FMCG
2021-11-08,809.2105712890625,811.0005745589401,790.5368645828734,803.066651253711,891122,TATACONSUM.NS,Tata Consumer Products,FMCG
2021-11-09,808.5332641601562,814.1934086196406,799.1963820794097,808.7751516849987,1481130,TATACONSUM.NS,Tata Consumer Products,FMCG
2021-11-10,815.0642700195312,818.5474269378625,803.79228714968,809.887841284047,1371873,TATACONSUM.NS,Tata Consumer Products,FMCG
2021-11-11,810.4683837890625,814.8223593406085,796.6807945425,814.8223593406085,1411243,TATACONSUM.NS,Tata Consumer Products,FMCG
2021-11-12,820.3857421875,825.1750678733164,812.7420728802504,814.9190605754653,1180441,TATACONSUM.NS,Tata Consumer Products,FMCG
2021-11-15,824.8848876953125,830.1580479459778,819.9504054377437,824.8365219976062,1190768,TATACONSUM.NS,Tata Consumer Products,FMCG
2021-11-16,806.3562622070312,830.1579706096762,803.1149339985984,828.1261390586835,1669041,TATACONSUM.NS,Tata Consumer Products,FMCG
2021-11-17,809.2589111328125,819.853537272998,805.4854421961913,806.8400359310222,1439354,TATACONSUM.NS,Tata Consumer Products,FMCG
2021-11-18,805.0501708984375,815.6448579099634,795.6165559937848,810.0330782904194,1132067,TATACONSUM.NS,Tata Consumer Products,FMCG
2021-11-22,786.3764038085938,811.822961570322,781.2483996980257,805.0501103532687,1951384,TATACONSUM.NS,Tata Consumer Products,FMCG
2021-11-23,794.310302734375,797.1161627199605,775.9752156898898,775.9752156898898,1025086,TATACONSUM.NS,Tata Consumer Products,FMCG
2021-11-24,773.0242309570312,803.0666523452985,770.1699461046477,797.2613512440072,1634131,TATACONSUM.NS,Tata Consumer Products,FMCG
2021-11-25,781.5870971679688,784.1994947108027,769.7829720498694,773.0726665933762,1767252,TATACONSUM.NS,Tata Consumer Products,FMCG
2021-11-26,741.8207397460938,778.8779000754123,738.3859483951859,774.2336709914681,2616604,TATACONSUM.NS,Tata Consumer Products,FMCG
2021-11-29,741.1434326171875,749.7546527798703,724.9369672172685,741.8690952470346,1584564,TATACONSUM.NS,Tata Consumer Products,FMCG
2021-11-30,753.33447265625,764.0259483405342,739.401786863197,740.1758151203826,3529356,TATACONSUM.NS,Tata Consumer Products,FMCG
2021-12-01,747.7227172851562,765.1869850552253,742.546347790184,764.2678596893578,1263844,TATACONSUM.NS,Tata Consumer Products,FMCG
2021-12-02,748.1581420898438,755.5599242464127,738.7728939669064,747.722732718062,1766820,TATACONSUM.NS,Tata Consumer Products,FMCG
2021-12-03,749.1740112304688,755.6566085436135,742.2076388798441,742.594682531656,1408239,TATACONSUM.NS,Tata Consumer Products,FMCG
2021-12-06,723.3404541015625,752.7540016971627,721.356988144509,751.7864515664465,1654143,TATACONSUM.NS,Tata Consumer Products,FMCG
2021-12-07,736.015380859375,740.6596095788045,719.8572822033058,733.7416026669842,1741795,TATACONSUM.NS,Tata Consumer Products,FMCG
2021-12-08,747.0938720703125,748.5451972955573,733.983520291942,733.983520291942,1002435,TATACONSUM.NS,Tata Consumer Products,FMCG
2021-12-09,752.270263671875,753.7699546374117,741.1918023187823,747.9162878692725,935828,TATACONSUM.NS,Tata Consumer Products,FMCG
2021-12-10,744.6749877929688,756.5758426867964,740.5144749533428,756.2855894561321,1412794,TATACONSUM.NS,Tata Consumer Products,FMCG
2021-12-13,729.6294555664062,752.028262430784,727.5976241208743,748.8837248265382,1944410,TATACONSUM.NS,Tata Consumer Products,FMCG
2021-12-14,715.5032958984375,729.4844065947235,708.6337138395643,728.5652221927295,2333787,TATACONSUM.NS,Tata Consumer Products,FMCG
2021-12-15,722.0826416015625,726.1463639100415,711.3428589083995,717.9221879030657,1676700,TATACONSUM.NS,Tata Consumer Products,FMCG
2021-12-16,716.22900390625,725.6626179394631,711.4396188169345,722.7599674677052,1452909,TATACONSUM.NS,Tata Consumer Products,FMCG
2021-12-17,702.780029296875,714.8260405004214,697.6520253020914,714.0520121897215,1693819,TATACONSUM.NS,Tata Consumer Products,FMCG
2021-12-20,686.5252075195312,696.200709166074,673.9954210763432,694.1688774421302,2520192,TATACONSUM.NS,Tata Consumer Products,FMCG
2021-12-21,682.8001708984375,702.0543839648298,681.9293521183546,687.492765629412,2695789,TATACONSUM.NS,Tata Consumer Products,FMCG
2021-12-22,691.75,694.2656067988869,680.9617920739412,683.2839360841255,1035751,TATACONSUM.NS,Tata Consumer Products,FMCG
2021-12-23,703.1670532226562,705.9245474566021,689.1375764125722,696.6360898800309,1095354,TATACONSUM.NS,Tata Consumer Products,FMCG
2021-12-24,695.6201782226562,705.3440452245075,690.8307932651554,705.3440452245075,931510,TATACONSUM.NS,Tata Consumer Products,FMCG
2021-12-27,695.184814453125,700.9901156176605,683.8160996725763,686.9606378033665,691930,TATACONSUM.NS,Tata Consumer Products,FMCG
2021-12-28,703.360595703125,705.876202479699,696.0556038571362,698.861463868765,819253,TATACONSUM.NS,Tata Consumer Products,FMCG
2021-12-29,703.0703125,705.2473002519795,696.6360806334318,704.3764815293588,783940,TATACONSUM.NS,Tata Consumer Products,FMCG
2021-12-30,704.37646484375,713.9068095992718,701.7640677923439,705.3440149328211,2230935,TATACONSUM.NS,Tata Consumer Products,FMCG
2021-12-31,719.3251953125,720.8248862851309,705.3924490564333,706.3116335411349,865277,TATACONSUM.NS,Tata Consumer Products,FMCG
2022-01-03,723.7274780273438,725.082071795213,715.9870771928267,722.7599279230292,925699,TATACONSUM.NS,Tata Consumer Products,FMCG
2022-01-04,714.8743896484375,732.1451948949112,707.3275104483106,727.5976974747792,2352482,TATACONSUM.NS,Tata Consumer Products,FMCG
2022-01-05,709.7947387695312,719.3735085032392,702.925156593952,716.2289706382284,2076552,TATACONSUM.NS,Tata Consumer Products,FMCG
2022-01-06,701.9092407226562,711.1009667887691,699.1033217753824,709.214232259021,2077754,TATACONSUM.NS,Tata Consumer Products,FMCG
2022-01-07,712.2136840820312,720.4862855993903,701.5222661006256,701.9093098054368,2107056,TATACONSUM.NS,Tata Consumer Products,FMCG
2022-01-10,708.1499633789062,718.8897461941633,707.2791446405564,716.4225051749365,1592097,TATACONSUM.NS,Tata Consumer Products,FMCG
2022-01-11,714.680908203125,719.4702339760213,707.0372387568974,712.5522861626313,1905347,TATACONSUM.NS,Tata Consumer Products,FMCG
2022-01-12,712.2136840820312,719.1800573865861,709.3594582137166,718.8898041352668,1817215,TATACONSUM.NS,Tata Consumer Products,FMCG
2022-01-13,706.505126953125,715.4549657850415,700.1192605700401,713.0844561213488,1604671,TATACONSUM.NS,Tata Consumer Products,FMCG
2022-01-14,737.7569580078125,751.7864345863217,703.4089291431865,706.5051013024615,8733345,TATACONSUM.NS,Tata Consumer Products,FMCG
2022-01-17,740.2725830078125,746.3197713380115,734.6124383525756,743.0785020148542,1857366,TATACONSUM.NS,Tata Consumer Products,FMCG
2022-01-18,707.7145385742188,745.0135834407606,704.7635225546211,739.0147609579856,2674149,TATACONSUM.NS,Tata Consumer Products,FMCG
2022-01-19,694.3623657226562,714.0519869998055,690.8307841705436,711.100970951168,2426249,TATACONSUM.NS,Tata Consumer Products,FMCG
2022-01-20,699.9741821289062,722.0343141886805,693.926993567862,704.4248892880045,5297725,TATACONSUM.NS,Tata Consumer Products,FMCG
2022-01-21,702.9735717773438,718.8414183581551,688.8957284630658,697.6036800868967,4854277,TATACONSUM.NS,Tata Consumer Products,FMCG
2022-01-24,669.0125732421875,701.4738694593572,666.1582884451964,701.4738694593572,3114690,TATACONSUM.NS,Tata Consumer Products,FMCG
2022-01-25,684.7836303710938,686.9122525484044,653.0963624167973,667.6096149149483,2030546,TATACONSUM.NS,Tata Consumer Products,FMCG
2022-01-27,683.0420532226562,686.4768445097108,665.1907408039833,677.2851179095103,3118535,TATACONSUM.NS,Tata Consumer Products,FMCG
2022-01-28,694.604248046875,706.214849374498,683.5741531638042,683.5741531638042,2074152,TATACONSUM.NS,Tata Consumer Products,FMCG
2022-01-31,703.69921875,713.0361014051215,698.619580415826,702.4414153543577,1682459,TATACONSUM.NS,Tata Consumer Products,FMCG
2022-02-01,712.2136840820312,715.0196033054672,693.7818644410265,708.246751853318,2063749,TATACONSUM.NS,Tata Consumer Products,FMCG
2022-02-02,718.3576049804688,720.728114607082,710.7623010362008,717.5351519381967,1771997,TATACONSUM.NS,Tata Consumer Products,FMCG
2022-02-03,714.1487426757812,744.0460659570017,709.5528794595319,725.6626130920042,8154082,TATACONSUM.NS,Tata Consumer Products,FMCG
2022-02-04,709.98828125,722.324545540715,698.7647232426301,716.9546540721421,1931658,TATACONSUM.NS,Tata Consumer Products,FMCG
2022-02-07,681.9292602539062,712.8424960183826,679.2684976287952,705.343983165797,1908753,TATACONSUM.NS,Tata Consumer Products,FMCG
2022-02-08,674.4791870117188,686.9606075883223,668.9157736404048,682.2195882239815,2410446,TATACONSUM.NS,Tata Consumer Products,FMCG
2022-02-09,677.4786376953125,685.9930673408137,673.9470559694006,683.0904168443082,2206837,TATACONSUM.NS,Tata Consumer Products,FMCG
2022-02-10,683.7677612304688,687.9282154199831,676.3176126280846,683.3323518148566,1770292,TATACONSUM.NS,Tata Consumer Products,FMCG
2022-02-11,678.252685546875,680.2845173311047,667.6096334198912,672.4473843867021,2013324,TATACONSUM.NS,Tata Consumer Products,FMCG
2022-02-14,671.77001953125,678.0590951523418,661.8526310518359,666.6420158357355,2069409,TATACONSUM.NS,Tata Consumer Products,FMCG
2022-02-15,679.2201538085938,683.0903541151954,666.787158945464,670.51220311874,2209622,TATACONSUM.NS,Tata Consumer Products,FMCG
2022-02-16,678.252685546875,685.364155846256,673.4633002788169,682.6066614170047,1217196,TATACONSUM.NS,Tata Consumer Products,FMCG
2022-02-17,696.9747924804688,702.5866311219163,678.7364940595044,678.7364940595044,3442092,TATACONSUM.NS,Tata Consumer Products,FMCG
2022-02-18,694.2172241210938,701.0868064801141,689.0892201998248,692.3788552367832,1686289,TATACONSUM.NS,Tata Consumer Products,FMCG
2022-02-21,690.0567626953125,697.9422608011382,681.6390647757407,687.4443655403319,1542807,TATACONSUM.NS,Tata Consumer Products,FMCG
2022-02-22,691.9918212890625,693.6366682175839,667.609547734791,667.609547734791,1861977,TATACONSUM.NS,Tata Consumer Products,FMCG
2022-02-23,699.7806396484375,707.472675082173,690.9275322343047,691.7983509832462,1816654,TATACONSUM.NS,Tata Consumer Products,FMCG
2022-02-24,655.7088012695312,691.363003546401,652.1772193158065,676.3176093132244,3091298,TATACONSUM.NS,Tata Consumer Products,FMCG
2022-02-25,686.476806640625,690.2018509618072,663.3523352686749,667.6095793968024,1771881,TATACONSUM.NS,Tata Consumer Products,FMCG
2022-02-28,695.281494140625,697.4101162202251,672.0119255143186,676.8013104297755,1935344,TATACONSUM.NS,Tata Consumer Products,FMCG
2022-03-02,687.9281616210938,695.2815191924005,678.7848008266072,688.8473460811508,1938441,TATACONSUM.NS,Tata Consumer Products,FMCG
2022-03-03,664.7553100585938,695.4266612236507,662.3364347152071,689.0408539389397,2112330,TATACONSUM.NS,Tata Consumer Products,FMCG
2022-03-04,648.210205078125,666.0615163379236,636.1641944521099,666.0615163379236,2833168,TATACONSUM.NS,Tata Consumer Products,FMCG
2022-03-07,638.4379272460938,651.6450100925152,629.1011039596204,637.6155332605308,2137318,TATACONSUM.NS,Tata Consumer Products,FMCG
2022-03-08,661.5140380859375,665.4326043157041,636.6479878440324,637.615537977534,2850859,TATACONSUM.NS,Tata Consumer Products,FMCG
2022-03-09,676.462646484375,682.9936093740585,656.2891923479447,662.7717895456553,1920634,TATACONSUM.NS,Tata Consumer Products,FMCG
2022-03-10,700.6998291015625,703.8927327795445,682.6549952167244,682.6549952167244,2574455,TATACONSUM.NS,Tata Consumer Products,FMCG
2022-03-11,693.2013549804688,702.4898133105222,684.493403150577,700.79660045471,2305707,TATACONSUM.NS,Tata Consumer Products,FMCG
2022-03-14,698.8131103515625,700.5063231492298,686.622001830188,696.6361224688474,1584725,TATACONSUM.NS,Tata Consumer Products,FMCG
2022-03-15,724.3079833984375,748.883779633564,700.2643869635555,700.506274489277,9386502,TATACONSUM.NS,Tata Consumer Products,FMCG
2022-03-16,723.5823974609375,731.0325458531693,716.5676584720359,729.5328548457679,1959778,TATACONSUM.NS,Tata Consumer Products,FMCG
2022-03-17,747.239013671875,749.3192702404731,729.7747442320275,733.4030575112719,3099238,TATACONSUM.NS,Tata Consumer Products,FMCG
2022-03-21,723.5339965820312,748.7386663953957,721.115121186227,746.9487222243307,1889226,TATACONSUM.NS,Tata Consumer Products,FMCG
2022-03-22,728.4685668945312,733.4030492770711,707.6662376604191,725.6626477015875,3047970,TATACONSUM.NS,Tata Consumer Products,FMCG
2022-03-23,724.5015258789062,735.3380991509935,720.9215785852828,734.8543240857625,1103251,TATACONSUM.NS,Tata Consumer Products,FMCG
2022-03-24,716.4708251953125,727.2106073259059,714.7292468842121,723.7274507037052,1179087,TATACONSUM.NS,Tata Consumer Products,FMCG
2022-03-25,709.5529174804688,715.9871499498219,685.6060499652551,715.9871499498219,2968621,TATACONSUM.NS,Tata Consumer Products,FMCG
2022-03-28,717.1964721679688,721.9858567103919,704.5215901771143,710.1817343288891,1833105,TATACONSUM.NS,Tata Consumer Products,FMCG
2022-03-29,719.083251953125,723.4855931328552,711.7298357008436,717.9221800128098,985708,TATACONSUM.NS,Tata Consumer Products,FMCG
2022-03-30,740.998291015625,757.3499128843358,724.6950939001821,725.6626440923052,8328100,TATACONSUM.NS,Tata Consumer Products,FMCG
2022-03-31,752.1734619140625,754.6890685206363,741.0466359038223,743.0301017729945,2892133,TATACONSUM.NS,Tata Consumer Products,FMCG
2022-04-01,764.1710815429688,766.7834787072077,753.7215519405864,754.640736375819,3082307,TATACONSUM.NS,Tata Consumer Products,FMCG
2022-04-04,762.5262451171875,769.202364734829,756.3823253225818,766.2997143018673,1565651,TATACONSUM.NS,Tata Consumer Products,FMCG
2022-04-05,780.474365234375,783.7156346695112,762.6230528559877,765.3321815105968,2912280,TATACONSUM.NS,Tata Consumer Products,FMCG
2022-04-06,782.9899291992188,786.1344670674887,771.1858060058755,784.1510011461098,2004175,TATACONSUM.NS,Tata Consumer Products,FMCG
2022-04-07,778.7811279296875,791.7462643167039,776.0235746099046,782.7480598646504,1965237,TATACONSUM.NS,Tata Consumer Products,FMCG
2022-04-08,791.165771484375,793.2459688794374,777.9103225846422,784.1993985756872,1406219,TATACONSUM.NS,Tata Consumer Products,FMCG
2022-04-11,794.8424682617188,797.2613436976948,783.2318661690339,791.1657894099504,1231236,TATACONSUM.NS,Tata Consumer Products,FMCG
2022-04-12,785.7474365234375,796.1486004152755,776.5073445978821,794.8424313623159,1193490,TATACONSUM.NS,Tata Consumer Products,FMCG
2022-04-13,791.0689697265625,796.7775391663415,784.7315281294146,785.7474439640672,1036739,TATACONSUM.NS,Tata Consumer Products,FMCG
2022-04-18,795.6165161132812,798.1321820611718,782.7481102890371,789.7144835265052,1480954,TATACONSUM.NS,Tata Consumer Products,FMCG
2022-04-19,765.6707763671875,809.6943075474495,759.381700484293,798.2288620596943,2460482,TATACONSUM.NS,Tata Consumer Products,FMCG
2022-04-20,784.1510620117188,787.0537125769632,766.3964806215604,774.0401507318684,1522453,TATACONSUM.NS,Tata Consumer Products,FMCG
2022-04-21,793.439453125,795.3261876438286,778.1521732512763,785.650686577602,1344250,TATACONSUM.NS,Tata Consumer Products,FMCG
2022-04-22,789.1338500976562,794.939150787108,777.0394736612983,791.4559939952659,1880668,TATACONSUM.NS,Tata Consumer Products,FMCG
2022-04-25,767.0254516601562,783.6189618741947,763.9292790856799,775.975291367323,1193621,TATACONSUM.NS,Tata Consumer Products,FMCG
2022-04-26,795.3746337890625,797.5999874484711,769.2024125685574,772.3469507331458,1285209,TATACONSUM.NS,Tata Consumer Products,FMCG
2022-04-27,772.6854858398438,791.3108252552422,770.4601324219053,788.4565997053709,1186809,TATACONSUM.NS,Tata Consumer Products,FMCG
2022-04-28,785.3120727539062,792.4235424618633,773.653046649851,784.5379854199316,1802590,TATACONSUM.NS,Tata Consumer Products,FMCG
2022-04-29,797.0194091796875,808.1462355293887,786.6182454180102,788.5533456527409,2268921,TATACONSUM.NS,Tata Consumer Products,FMCG
2022-05-02,797.6483764648438,801.7604646496845,783.7156305226116,796.5840358548456,1439813,TATACONSUM.NS,Tata Consumer Products,FMCG
2022-05-04,777.2329711914062,805.0016704318817,774.814095979772,797.6483134103418,1817504,TATACONSUM.NS,Tata Consumer Products,FMCG
2022-05-05,751.1575317382812,785.6507180426485,747.432487300426,783.715617751903,5079723,TATACONSUM.NS,Tata Consumer Products,FMCG
2022-05-06,740.1275024414062,753.2377952230047,738.1924021325482,745.0136189103579,2003395,TATACONSUM.NS,Tata Consumer Products,FMCG
2022-05-09,733.6448364257812,743.0784495548961,729.5327486515516,738.2406992322731,1742459,TATACONSUM.NS,Tata Consumer Products,FMCG
2022-05-10,721.598876953125,747.3841116041333,718.9381140889508,734.8059598825826,1326184,TATACONSUM.NS,Tata Consumer Products,FMCG
2022-05-11,719.9539794921875,734.1769772536135,714.0519477195851,721.5988264130245,1287768,TATACONSUM.NS,Tata Consumer Products,FMCG
2022-05-12,714.1004028320312,723.7275389918353,704.3765352754762,717.9222378769276,1488552,TATACONSUM.NS,Tata Consumer Products,FMCG
2022-05-13,713.6649780273438,736.5475630496661,711.1977369176984,722.7599731994752,1481400,TATACONSUM.NS,Tata Consumer Products,FMCG
2022-05-16,711.6331176757812,720.2927031144297,706.3115919827604,715.0195431167945,829085,TATACONSUM.NS,Tata Consumer Products,FMCG
2022-05-17,710.4237060546875,718.6478824271285,697.6520321124522,713.0844689987125,2536701,TATACONSUM.NS,Tata Consumer Products,FMCG
2022-05-18,729.8231201171875,733.3063363466221,709.9883405804964,712.9393569445517,2750146,TATACONSUM.NS,Tata Consumer Products,FMCG
2022-05-19,697.8939208984375,722.2278311245103,695.3299483987278,720.8248715769689,1504820,TATACONSUM.NS,Tata Consumer Products,FMCG
2022-05-20,715.6000366210938,718.6478430846819,707.6661729750921,711.1493297438454,1205301,TATACONSUM.NS,Tata Consumer Products,FMCG
2022-05-23,706.0213623046875,724.4531810089244,704.4248809217025,720.8248679153905,970827,TATACONSUM.NS,Tata Consumer Products,FMCG
2022-05-24,691.9434814453125,714.0519777301699,686.9605747810577,711.1493274141936,1513724,TATACONSUM.NS,Tata Consumer Products,FMCG
2022-05-25,692.9594116210938,700.4579250929297,687.0089547280656,696.3458370599874,822598,TATACONSUM.NS,Tata Consumer Products,FMCG
2022-05-26,698.8131103515625,701.3287171719808,675.3500187267437,698.8614760491521,1339748,TATACONSUM.NS,Tata Consumer Products,FMCG
2022-05-27,701.9092407226562,707.8596384800807,699.1516874700791,706.3115819223538,1039408,TATACONSUM.NS,Tata Consumer Products,FMCG
2022-05-30,725.8077392578125,728.5652334518372,705.4407621812713,707.2791310136693,1145649,TATACONSUM.NS,Tata Consumer Products,FMCG
2022-05-31,735.09619140625,754.6407153150996,718.8897271666256,728.5652282052073,6125585,TATACONSUM.NS,Tata Consumer Products,FMCG
2022-06-01,736.40234375,755.1728389616501,733.1610745972971,735.3380622816836,1641729,TATACONSUM.NS,Tata Consumer Products,FMCG
2022-06-02,733.6448364257812,735.8218240709616,722.7598981998794,732.4353988451255,630109,TATACONSUM.NS,Tata Consumer Products,FMCG
2022-06-03,729.4360961914062,745.981180463116,727.646092945617,735.3381286017744,1747685,TATACONSUM.NS,Tata Consumer Products,FMCG
2022-06-06,738.86962890625,745.0135481817654,721.1150498252806,732.1935098526636,1441390,TATACONSUM.NS,Tata Consumer Products,FMCG
2022-06-07,732.0484008789062,737.2731951752055,721.889124567437,737.2731951752055,1346609,TATACONSUM.NS,Tata Consumer Products,FMCG
2022-06-08,732.5806274414062,740.0307164315317,715.1162998055605,729.8714397490968,2461233,TATACONSUM.NS,Tata Consumer Products,FMCG
2022-06-09,735.7265014648438,740.4076760561857,723.9259747910169,730.4601428468563,882672,TATACONSUM.NS,Tata Consumer Products,FMCG
2022-06-10,737.8720092773438,752.3057154874901,728.5584104024366,731.4354015534198,3230970,TATACONSUM.NS,Tata Consumer Products,FMCG
2022-06-13,717.7332153320312,735.4827269344036,708.029493427701,733.3859215669851,1455794,TATACONSUM.NS,Tata Consumer Products,FMCG
2022-06-14,717.6356201171875,730.4601444605192,713.5396295434425,715.8314366275315,1209734,TATACONSUM.NS,Tata Consumer Products,FMCG
2022-06-15,719.4885864257812,727.9732485534993,714.3685388775124,720.7076453658453,842942,TATACONSUM.NS,Tata Consumer Products,FMCG
2022-06-16,707.0054321289062,730.2163023556733,701.2514501436709,730.2163023556733,1060953,TATACONSUM.NS,Tata Consumer Products,FMCG
2022-06-17,694.03466796875,710.4675588699993,691.2551778371391,705.1524499221048,1329315,TATACONSUM.NS,Tata Consumer Products,FMCG
2022-06-20,699.1058959960938,704.859877993541,687.549241072911,700.666327151444,1028878,TATACONSUM.NS,Tata Consumer Products,FMCG
2022-06-21,709.2484741210938,714.856145109332,702.1779324402715,702.1779324402715,816577,TATACONSUM.NS,Tata Consumer Products,FMCG
2022-06-22,691.4014892578125,709.0046886742186,689.4997453819431,709.0046886742186,1190195,TATACONSUM.NS,Tata Consumer Products,FMCG
2022-06-23,700.6663208007812,701.8853797278045,689.2559173389709,692.4254705492314,714841,TATACONSUM.NS,Tata Consumer Products,FMCG
2022-06-24,710.9552001953125,716.806683324492,702.2754764106171,704.1284698779364,1013159,TATACONSUM.NS,Tata Consumer Products,FMCG
2022-06-27,711.3453369140625,718.8546927918323,706.5666017878765,716.904198376959,695465,TATACONSUM.NS,Tata Consumer Products,FMCG
2022-06-28,718.61083984375,721.6828921810222,704.2259443577093,711.9304206650625,878300,TATACONSUM.NS,Tata Consumer Products,FMCG
2022-06-29,702.177978515625,725.388849789463,698.2769897460938,711.9792008941994,1741451,TATACONSUM.NS,Tata Consumer Products,FMCG
2022-06-30,688.8657836914062,704.1284250241816,685.6962305316714,704.1284250241816,2030048,TATACONSUM.NS,Tata Consumer Products,FMCG
2022-07-01,701.7391357421875,705.0550001495302,679.7473225071246,682.6730642108855,954981,TATACONSUM.NS,Tata Consumer Products,FMCG
2022-07-04,712.0767211914062,713.7345937055181,696.862830133156,705.103680349163,1281683,TATACONSUM.NS,Tata Consumer Products,FMCG
2022-07-05,711.0039672851562,720.951500742376,708.1269761077906,713.8809584625218,1367769,TATACONSUM.NS,Tata Consumer Products,FMCG
2022-07-06,731.3865966796875,733.2395305111369,703.3969921579246,703.3969921579246,1351519,TATACONSUM.NS,Tata Consumer Products,FMCG
2022-07-07,736.165283203125,740.7977071394185,731.435358362128,734.3610997955765,2064199,TATACONSUM.NS,Tata Consumer Products,FMCG
2022-07-08,742.55322265625,745.43015420224,736.3603673820372,737.774487690282,1456394,TATACONSUM.NS,Tata Consumer Products,FMCG
2022-07-11,746.9418334960938,750.9403230950361,739.6274796997135,742.6994725795751,1287117,TATACONSUM.NS,Tata Consumer Products,FMCG
2022-07-12,737.7257080078125,743.138317708296,733.5321572274543,741.1878234360958,609080,TATACONSUM.NS,Tata Consumer Products,FMCG
2022-07-13,743.6746826171875,748.9897913486876,738.2620729830163,739.2373201071683,697646,TATACONSUM.NS,Tata Consumer Products,FMCG
2022-07-14,746.8929443359375,759.5224057903116,740.5050879358482,746.0640081366397,1697611,TATACONSUM.NS,Tata Consumer Products,FMCG
2022-07-15,770.9815673828125,773.0296219659417,747.2830752377306,747.2830752377306,3002946,TATACONSUM.NS,Tata Consumer Products,FMCG
2022-07-18,774.6875610351562,778.1984865407247,768.299704014827,778.0521756563566,1335985,TATACONSUM.NS,Tata Consumer Products,FMCG
2022-07-19,767.7633056640625,773.7122893672438,764.7888138124719,771.3229815102297,1184051,TATACONSUM.NS,Tata Consumer Products,FMCG
2022-07-20,775.3214721679688,781.3680163086163,768.0071186569502,771.4204836287588,1173216,TATACONSUM.NS,Tata Consumer Products,FMCG
2022-07-21,798.044677734375,800.3365440986933,773.712251059249,775.3214325592095,2245980,TATACONSUM.NS,Tata Consumer Products,FMCG
2022-07-22,784.1474609375,803.6036535316398,781.3192799103192,798.0447328584052,1746104,TATACONSUM.NS,Tata Consumer Products,FMCG
2022-07-25,787.9508666992188,793.6560381373839,781.4166995531542,784.1473793908713,940240,TATACONSUM.NS,Tata Consumer Products,FMCG
2022-07-26,771.274169921875,789.6576140601384,768.7385511904268,785.9516868663444,1146412,TATACONSUM.NS,Tata Consumer Products,FMCG
2022-07-27,781.7581176757812,783.8061724736327,767.5682830753966,770.4452741686206,1056918,TATACONSUM.NS,Tata Consumer Products,FMCG
2022-07-28,786.6343383789062,789.8527016383949,778.8323610698197,784.0987195631984,1192580,TATACONSUM.NS,Tata Consumer Products,FMCG
2022-07-29,791.5593872070312,794.5338791626424,783.903661228545,788.9749584037507,867439,TATACONSUM.NS,Tata Consumer Products,FMCG
2022-08-01,791.0228881835938,794.3387520879953,779.6612953385708,791.9006343713348,1269287,TATACONSUM.NS,Tata Consumer Products,FMCG
2022-08-02,791.5106201171875,805.5542038980378,786.2930712987809,792.8759900352359,2161684,TATACONSUM.NS,Tata Consumer Products,FMCG
2022-08-03,792.6321411132812,795.216569935577,781.7093608534793,791.5105830528065,908414,TATACONSUM.NS,Tata Consumer Products,FMCG
2022-08-04,769.7138061523438,778.2472186374031,761.7655181422297,772.6882980279778,15358133,TATACONSUM.NS,Tata Consumer Products,FMCG
2022-08-05,765.3740234375,773.7611854313567,762.7408439798431,765.6178352479429,2109882,TATACONSUM.NS,Tata Consumer Products,FMCG
2022-08-08,769.1774291992188,774.2487262187489,761.6680143361032,762.1556379048203,947150,TATACONSUM.NS,Tata Consumer Products,FMCG
2022-08-10,770.9815673828125,774.0536194953274,766.885517740912,769.1773840941024,1185175,TATACONSUM.NS,Tata Consumer Products,FMCG
2022-08-11,754.304931640625,778.7836116712926,752.5006886708372,774.8826230114659,3371339,TATACONSUM.NS,Tata Consumer Products,FMCG
2022-08-12,744.552490234375,756.6943298361533,741.7242495313737,754.304962280082,2257305,TATACONSUM.NS,Tata Consumer Products,FMCG
2022-08-16,760.2051391601562,761.2778871952818,746.3566179851439,748.307112248544,1804736,TATACONSUM.NS,Tata Consumer Products,FMCG
2022-08-17,773.858642578125,776.8331345924245,761.1804291521444,761.1804291521444,3021532,TATACONSUM.NS,Tata Consumer Products,FMCG
2022-08-18,787.8533935546875,793.6561260553617,771.4205027359858,773.3709970539023,3191360,TATACONSUM.NS,Tata Consumer Products,FMCG
2022-08-19,767.470703125,789.4625129203812,764.6912132265395,787.1707060873042,1767351,TATACONSUM.NS,Tata Consumer Products,FMCG
2022-08-22,774.2974853515625,777.2232267966662,760.7902766320499,766.4467577120733,2166778,TATACONSUM.NS,Tata Consumer Products,FMCG
2022-08-23,789.3162231445312,791.5593391126874,767.5194740878661,772.298208727382,1890327,TATACONSUM.NS,Tata Consumer Products,FMCG
2022-08-24,785.7566528320312,792.8759452324438,778.7348613383842,785.0739679115833,1355374,TATACONSUM.NS,Tata Consumer Products,FMCG
2022-08-25,782.001953125,791.8032352249994,777.7596515625869,787.9997472884893,1267482,TATACONSUM.NS,Tata Consumer Products,FMCG
2022-08-26,782.0994873046875,790.7304010313075,779.0274348803033,785.9517255675992,1254230,TATACONSUM.NS,Tata Consumer Products,FMCG
2022-08-29,786.1954956054688,796.4843408952191,764.4474370437924,770.4452306873687,2181301,TATACONSUM.NS,Tata Consumer Products,FMCG
2022-08-30,789.60888671875,793.8024376008949,786.3417730188977,788.9749522551534,2692962,TATACONSUM.NS,Tata Consumer Products,FMCG
2022-09-01,817.647216796875,821.1580826516746,786.0491860062348,789.6088618369752,6228307,TATACONSUM.NS,Tata Consumer Products,FMCG
2022-09-02,813.0635986328125,826.0343744255305,810.1378570468897,824.0838800349153,1885440,TATACONSUM.NS,Tata Consumer Products,FMCG
2022-09-05,816.7207641601562,820.3291906370567,808.5286640247263,813.356149478663,1553679,TATACONSUM.NS,Tata Consumer Products,FMCG
2022-09-06,797.9959716796875,824.8640184607613,795.801665616407,820.8167785475497,2620566,TATACONSUM.NS,Tata Consumer Products,FMCG
2022-09-07,804.6763916015625,807.017008547881,793.8999226067924,794.8264192948919,1321905,TATACONSUM.NS,Tata Consumer Products,FMCG
2022-09-08,798.824951171875,811.0155410720951,794.8264614943487,808.7237339805996,1094898,TATACONSUM.NS,Tata Consumer Products,FMCG
2022-09-09,796.09423828125,806.5293947126341,793.0222454670345,806.5293947126341,884012,TATACONSUM.NS,Tata Consumer Products,FMCG
2022-09-12,805.0665893554688,810.4304491270678,800.0928522860964,800.0928522860964,1300582,TATACONSUM.NS,Tata Consumer Products,FMCG
2022-09-13,827.9848022460938,830.9105435967866,809.1625447948413,809.4063565740657,3310733,TATACONSUM.NS,Tata Consumer Products,FMCG
2022-09-14,819.451416015625,839.834105216297,817.7934839593374,822.0358447672816,3818926,TATACONSUM.NS,Tata Consumer Products,FMCG
2022-09-15,816.6719970703125,827.009593175258,809.6502056007442,823.5962281090866,1697675,TATACONSUM.NS,Tata Consumer Products,FMCG
2022-09-16,775.5166015625,818.9151028700509,771.6156126809225,818.9151028700509,4786431,TATACONSUM.NS,Tata Consumer Products,FMCG
2022-09-19,773.3710327148438,782.3433188958538,767.8608622029049,779.41757728407,1707558,TATACONSUM.NS,Tata Consumer Products,FMCG
2022-09-20,784.2937622070312,792.7784242333022,776.2479732988083,777.2719708913462,1547208,TATACONSUM.NS,Tata Consumer Products,FMCG
2022-09-21,784.2937622070312,790.9254308568153,778.3447189360313,784.2937622070312,1082534,TATACONSUM.NS,Tata Consumer Products,FMCG
2022-09-22,783.3184814453125,787.7558438387587,768.494713642763,780.7340528244606,1255234,TATACONSUM.NS,Tata Consumer Products,FMCG
2022-09-23,762.2044067382812,786.3417739718786,760.2051619631993,783.123470245605,1229421,TATACONSUM.NS,Tata Consumer Products,FMCG
2022-09-26,761.5217895507812,766.4955862286329,743.1384027415288,759.7176059522978,1431943,TATACONSUM.NS,Tata Consumer Products,FMCG
2022-09-27,778.1009521484375,781.5631273165309,761.7168111472537,765.3739881352127,1830866,TATACONSUM.NS,Tata Consumer Products,FMCG
2022-09-28,774.0049438476562,784.2937896337052,770.4940183048562,776.2480004441219,1415083,TATACONSUM.NS,Tata Consumer Products,FMCG
2022-09-29,772.9808959960938,783.8061754778646,770.7378393726378,777.9059419060465,1136839,TATACONSUM.NS,Tata Consumer Products,FMCG
2022-09-30,782.9771728515625,786.049225271239,767.5195288938774,771.4205176049009,1436359,TATACONSUM.NS,Tata Consumer Products,FMCG
2022-10-03,758.6935424804688,784.8789050014065,756.791798607446,782.9771611283837,1652675,TATACONSUM.NS,Tata Consumer Products,FMCG
2022-10-04,765.71533203125,772.8346243994679,761.863093841623,767.2757036786206,1238967,TATACONSUM.NS,Tata Consumer Products,FMCG
2022-10-06,774.6387939453125,779.807591899443,764.6912611797177,770.4452431343901,2067042,TATACONSUM.NS,Tata Consumer Products,FMCG
2022-10-07,761.570556640625,774.2487701465815,759.7663136193893,768.3972869899862,1053907,TATACONSUM.NS,Tata Consumer Products,FMCG
2022-10-10,738.4083862304688,755.8652740941802,736.3115810970705,750.2088526608233,2334168,TATACONSUM.NS,Tata Consumer Products,FMCG
2022-10-11,724.218505859375,741.041519105796,721.9266988790275,739.2373356978087,1956824,TATACONSUM.NS,Tata Consumer Products,FMCG
2022-10-12,738.6033935546875,740.2125751364679,720.5125711133392,727.0467388198113,1372962,TATACONSUM.NS,Tata Consumer Products,FMCG
2022-10-13,738.6522216796875,741.3829018186964,730.6064326218224,736.2628542364187,1198492,TATACONSUM.NS,Tata Consumer Products,FMCG
2022-10-14,742.4068603515625,749.9162749818295,741.1878014675698,749.9162749818295,1278730,TATACONSUM.NS,Tata Consumer Products,FMCG
2022-10-17,744.2598266601562,752.8419889871967,738.554595575464,742.4068334139778,940646,TATACONSUM.NS,Tata Consumer Products,FMCG
2022-10-18,755.1826171875,756.7917988168945,744.6499597273952,748.0145743460799,1361691,TATACONSUM.NS,Tata Consumer Products,FMCG
2022-10-19,745.6251831054688,757.7670218076449,742.2605685941147,755.2801535251175,1115277,TATACONSUM.NS,Tata Consumer Products,FMCG
2022-10-20,751.6229858398438,752.8907952222628,736.799217345103,742.6994506618558,955562,TATACONSUM.NS,Tata Consumer Products,FMCG
2022-10-21,742.7970581054688,761.5217568372898,736.3603908325854,753.866090081525,1692279,TATACONSUM.NS,Tata Consumer Products,FMCG
2022-10-24,751.8668212890625,756.7918076167472,745.9177778083848,750.9403245681641,292558,TATACONSUM.NS,Tata Consumer Products,FMCG
2022-10-25,747.9658203125,757.5719810164978,745.7227637522346,750.9403122418322,871995,TATACONSUM.NS,Tata Consumer Products,FMCG
2022-10-27,750.989013671875,760.2051106253804,740.7976696232762,755.5726869236862,1692389,TATACONSUM.NS,Tata Consumer Products,FMCG
2022-10-28,742.50439453125,754.3049207718095,740.700211111822,754.3049207718095,1598314,TATACONSUM.NS,Tata Consumer Products,FMCG
2022-10-31,751.0866088867188,753.3296654044616,743.0408199795123,746.2591236375225,997865,TATACONSUM.NS,Tata Consumer Products,FMCG
2022-11-01,755.6702270507812,765.0813858167163,748.4046834346627,753.8660436409455,1893673,TATACONSUM.NS,Tata Consumer Products,FMCG
2022-11-02,749.03857421875,758.9373567670601,745.7715200211857,756.7918010961931,1073726,TATACONSUM.NS,Tata Consumer Products,FMCG
2022-11-03,743.8697509765625,750.9402926934816,737.9207672727612,749.0385488785415,1573795,TATACONSUM.NS,Tata Consumer Products,FMCG
2022-11-04,745.3814086914062,748.0145879855371,740.4076718769977,742.163104898297,940199,TATACONSUM.NS,Tata Consumer Products,FMCG
2022-11-07,753.037109375,757.2306602078477,745.3813835461727,749.136120781772,1004208,TATACONSUM.NS,Tata Consumer Products,FMCG
2022-11-09,751.0866088867188,762.4482023562175,746.8929985640794,759.2298986982073,1256533,TATACONSUM.NS,Tata Consumer Products,FMCG
2022-11-10,749.6724853515625,752.598226759576,743.1870680873877,750.9402947234961,839329,TATACONSUM.NS,Tata Consumer Products,FMCG
2022-11-11,754.0610961914062,760.5464539202782,750.9890439084303,753.4271617443283,921004,TATACONSUM.NS,Tata Consumer Products,FMCG
2022-11-14,748.7459716796875,755.8165132553016,747.5269127873402,754.2073317076593,708750,TATACONSUM.NS,Tata Consumer Products,FMCG
2022-11-15,753.6221923828125,754.8412512511121,744.6011567573955,748.7459569096142,756436,TATACONSUM.NS,Tata Consumer Products,FMCG
2022-11-16,750.5014038085938,755.0363266932095,745.8689800224344,753.6222064746678,1071710,TATACONSUM.NS,Tata Consumer Products,FMCG
2022-11-17,766.5442504882812,769.9088650193426,747.0393077277652,747.0393077277652,2944879,TATACONSUM.NS,Tata Consumer Products,FMCG
2022-11-18,756.4992065429688,773.3709698955919,750.2088506837125,769.8112940806535,1417103,TATACONSUM.NS,Tata Consumer Products,FMCG
2022-11-21,751.8668212890625,756.2554335754999,743.4309094176098,755.1338755147759,760664,TATACONSUM.NS,Tata Consumer Products,FMCG
2022-11-22,752.2081298828125,757.6695497462845,747.234393128423,751.9155676368538,868523,TATACONSUM.NS,Tata Consumer Products,FMCG
2022-11-23,751.0866088867188,756.7917808475387,746.0640623045967,753.9635403310184,875779,TATACONSUM.NS,Tata Consumer Products,FMCG
2022-11-24,773.127197265625,775.3215034073439,761.9118547635062,768.3484623028028,6211909,TATACONSUM.NS,Tata Consumer Products,FMCG
2022-11-25,769.6163330078125,779.7101174730464,760.6927975346794,778.9786820908015,2385612,TATACONSUM.NS,Tata Consumer Products,FMCG
2022-11-28,784.3912353515625,788.8774077532099,765.5689781130187,769.4699665365246,2043706,TATACONSUM.NS,Tata Consumer Products,FMCG
2022-11-29,785.1227416992188,791.8032206933707,783.172247311034,785.0252407895555,1278339,TATACONSUM.NS,Tata Consumer Products,FMCG
2022-11-30,797.8009033203125,801.6043909395773,784.3425048222662,785.1226906219109,3390682,TATACONSUM.NS,Tata Consumer Products,FMCG
2022-12-01,793.071044921875,801.555707573487,790.0965528293284,801.555707573487,966282,TATACONSUM.NS,Tata Consumer Products,FMCG
2022-12-02,775.85791015625,792.38836235895,772.5908557950396,789.9502443209224,2882169,TATACONSUM.NS,Tata Consumer Products,FMCG
2022-12-05,780.685302734375,783.1234204818277,769.0798384467562,775.8578176895467,1540201,TATACONSUM.NS,Tata Consumer Products,FMCG
2022-12-06,777.9058837890625,780.1976906957373,773.9073349096309,780.1976906957373,826214,TATACONSUM.NS,Tata Consumer Products,FMCG
2022-12-07,779.5637817382812,786.5368226364959,777.3207252091004,780.1002152876531,2020441,TATACONSUM.NS,Tata Consumer Products,FMCG
2022-12-08,784.2937622070312,787.9509389834961,776.7843473211509,780.7340863348608,805216,TATACONSUM.NS,Tata Consumer Products,FMCG
2022-12-09,783.416015625,789.852682463353,781.1729591079643,784.2937618607086,1080966,TATACONSUM.NS,Tata Consumer Products,FMCG
2022-12-12,789.9989624023438,792.8759534741893,779.4175543606809,783.1234817217393,948219,TATACONSUM.NS,Tata Consumer Products,FMCG
2022-12-13,787.6095581054688,794.2900366582716,784.7813771440649,791.900669285727,1224742,TATACONSUM.NS,Tata Consumer Products,FMCG
2022-12-14,795.2653198242188,796.7769410388199,787.3657820013822,788.3898391534199,971275,TATACONSUM.NS,Tata Consumer Products,FMCG
2022-12-15,784.9765014648438,795.2653476035304,782.1970112076513,795.2165971480075,783051,TATACONSUM.NS,Tata Consumer Products,FMCG
2022-12-16,781.7093505859375,785.0252147455907,775.3214935814285,783.4160331189784,849333,TATACONSUM.NS,Tata Consumer Products,FMCG
2022-12-19,788.8286743164062,789.9502324067298,778.6861391458032,781.319318492032,1120217,TATACONSUM.NS,Tata Consumer Products,FMCG
2022-12-20,788.2922973632812,789.9014790479406,780.2952584436874,788.4873587075377,677159,TATACONSUM.NS,Tata Consumer Products,FMCG
2022-12-21,782.7333374023438,791.8031835008671,781.1729657748355,788.974942961101,811513,TATACONSUM.NS,Tata Consumer Products,FMCG
2022-12-22,778.8811645507812,788.9749488004737,767.5195113794472,782.8796540785911,1017965,TATACONSUM.NS,Tata Consumer Products,FMCG
2022-12-23,759.717529296875,778.1497242282,756.5967265142747,773.4197398395264,1216647,TATACONSUM.NS,Tata Consumer Products,FMCG
2022-12-26,756.1090698242188,764.3011693292087,753.8660133839637,759.7174960234253,1014226,TATACONSUM.NS,Tata Consumer Products,FMCG
2022-12-27,758.595947265625,761.6679994984422,751.5254056569647,759.5224439330111,601101,TATACONSUM.NS,Tata Consumer Products,FMCG
2022-12-28,760.8390502929688,763.5209798229679,754.0123205802436,758.7422452143165,610240,TATACONSUM.NS,Tata Consumer Products,FMCG
2022-12-29,756.8892822265625,759.7175227448568,744.2110693951336,759.7175227448568,1691955,TATACONSUM.NS,Tata Consumer Products,FMCG
2022-12-30,747.9658203125,762.9358403896538,746.064076448054,758.7422895118772,715796,TATACONSUM.NS,Tata Consumer Products,FMCG
2023-01-02,743.430908203125,751.9155705145824,739.3348581709355,750.8428224338402,1061086,TATACONSUM.NS,Tata Consumer Products,FMCG
2023-01-03,748.1609497070312,748.8923851426343,740.3101617453962,746.0641443152216,785495,TATACONSUM.NS,Tata Consumer Products,FMCG
2023-01-04,743.3821411132812,748.5021886578463,740.6027105416908,748.5021886578463,1004383,TATACONSUM.NS,Tata Consumer Products,FMCG
2023-01-05,744.9425659179688,761.6680795671214,741.2853888393814,743.1383823689456,3198519,TATACONSUM.NS,Tata Consumer Products,FMCG
2023-01-06,742.50439453125,751.769242464841,740.2613379890425,744.893761955838,603050,TATACONSUM.NS,Tata Consumer Products,FMCG
2023-01-09,747.9658203125,749.7700037464529,742.260588719162,746.2591377846777,729173,TATACONSUM.NS,Tata Consumer Products,FMCG
2023-01-10,750.2088623046875,753.6709777461678,745.6251888426725,747.9658057879793,873061,TATACONSUM.NS,Tata Consumer Products,FMCG
2023-01-11,740.505126953125,753.6222126333693,736.7991997987841,752.8907772927352,688374,TATACONSUM.NS,Tata Consumer Products,FMCG
2023-01-12,735.5802001953125,744.9425495004156,733.3858939965197,741.1878715922273,763021,TATACONSUM.NS,Tata Consumer Products,FMCG
2023-01-13,734.2635498046875,738.8471634578486,731.435309465013,736.4090457596319,1067599,TATACONSUM.NS,Tata Consumer Products,FMCG
2023-01-16,728.75341796875,736.3115832270408,726.6566128292862,733.4833427400005,838829,TATACONSUM.NS,Tata Consumer Products,FMCG
2023-01-17,731.484130859375,734.1660605875287,723.2432803352664,725.5838973623096,1427736,TATACONSUM.NS,Tata Consumer Products,FMCG
2023-01-18,731.9229736328125,734.068529231212,728.0707355509255,731.4353500661018,747592,TATACONSUM.NS,Tata Consumer Products,FMCG
2023-01-19,720.2200317382812,734.1173038469752,719.3422854795658,731.6304354797658,1140422,TATACONSUM.NS,Tata Consumer Products,FMCG
2023-01-20,720.1712646484375,724.511126339631,717.781897243231,719.732391529218,878832,TATACONSUM.NS,Tata Consumer Products,FMCG
2023-01-23,724.072265625,725.4863859114392,715.8314152206526,720.8539619028587,682160,TATACONSUM.NS,Tata Consumer Products,FMCG
2023-01-24,722.5606079101562,730.947709249911,721.6828617010462,725.4375392663686,653737,TATACONSUM.NS,Tata Consumer Products,FMCG
2023-01-25,721.731689453125,724.1210570344081,713.1007754113502,722.0242517127101,868627,TATACONSUM.NS,Tata Consumer Products,FMCG
2023-01-27,717.0504150390625,727.4368202431151,707.7368173368303,721.7315891147248,772860,TATACONSUM.NS,Tata Consumer Products,FMCG
2023-01-30,717.4405517578125,722.0241655008699,709.5410145460457,717.7818644325138,1295677,TATACONSUM.NS,Tata Consumer Products,FMCG
2023-01-31,711.4428100585938,721.0977808451452,707.1029482500052,717.781916659527,2189899,TATACONSUM.NS,Tata Consumer Products,FMCG
2023-02-01,722.4630737304688,729.8749877534399,713.149475392607,719.0009582676232,933031,TATACONSUM.NS,Tata Consumer Products,FMCG
2023-02-02,718.9034423828125,724.3648024759499,714.6610816722077,720.5125644252952,704702,TATACONSUM.NS,Tata Consumer Products,FMCG
2023-02-03,708.6145629882812,722.6581459088047,702.616828666004,718.9034681507376,1752697,TATACONSUM.NS,Tata Consumer Products,FMCG
2023-02-06,711.6865844726562,714.368514047579,703.1531721888115,710.3700246728929,852170,TATACONSUM.NS,Tata Consumer Products,FMCG
2023-02-07,710.1749877929688,716.7579060671306,704.1284435473847,713.6858537294435,1244247,TATACONSUM.NS,Tata Consumer Products,FMCG
2023-02-08,706.468994140625,713.7345371188275,703.250631222835,713.7345371188275,1521104,TATACONSUM.NS,Tata Consumer Products,FMCG
2023-02-09,704.0796508789062,708.3707023746044,702.9580929119218,706.5665190618298,688243,TATACONSUM.NS,Tata Consumer Products,FMCG
2023-02-10,708.6145629882812,709.9799328226854,701.3490192622646,704.128449859861,651630,TATACONSUM.NS,Tata Consumer Products,FMCG
2023-02-13,700.0324096679688,711.4428135098744,698.2769766594519,708.6145728952234,599763,TATACONSUM.NS,Tata Consumer Products,FMCG
2023-02-14,703.1531982421875,705.8351279164816,697.301715316455,700.2274567793213,563171,TATACONSUM.NS,Tata Consumer Products,FMCG
2023-02-15,710.077392578125,711.7353245597163,699.4472348596576,703.2019124001313,727403,TATACONSUM.NS,Tata Consumer Products,FMCG
2023-02-16,714.466064453125,717.2943051014762,710.077452117358,714.0760012934533,837121,TATACONSUM.NS,Tata Consumer Products,FMCG
2023-02-17,708.2732543945312,716.6116057599833,706.2252591554249,713.1007397716971,624402,TATACONSUM.NS,Tata Consumer Products,FMCG
2023-02-20,703.933349609375,711.3940137842948,700.8125469635145,708.9558960178973,1316763,TATACONSUM.NS,Tata Consumer Products,FMCG
2023-02-21,708.2245483398438,711.9304758985519,704.1772485369751,707.4931129194,673449,TATACONSUM.NS,Tata Consumer Products,FMCG
2023-02-22,703.592041015625,715.8313803691076,702.0316099214579,708.0294034713517,1690647,TATACONSUM.NS,Tata Consumer Products,FMCG
2023-02-23,698.37451171875,707.0054853462693,697.3017635845205,705.0549909026762,1165270,TATACONSUM.NS,Tata Consumer Products,FMCG
2023-02-24,698.4232788085938,703.4945164310136,695.9363509262436,699.2522150864685,1040351,TATACONSUM.NS,Tata Consumer Products,FMCG
2023-02-27,692.718017578125,702.6655501091079,682.6729841448655,702.1779265490045,1064436,TATACONSUM.NS,Tata Consumer Products,FMCG
2023-02-28,697.5942993164062,699.9836668238124,688.085639265508,694.3759955117443,2395442,TATACONSUM.NS,Tata Consumer Products,FMCG
2023-03-01,697.5455322265625,699.1547138526989,691.9866115014294,695.3024756601019,991540,TATACONSUM.NS,Tata Consumer Products,FMCG
2023-03-02,689.8410034179688,700.568721378674,688.3781327869635,699.1058507476687,969963,TATACONSUM.NS,Tata Consumer Products,FMCG
2023-03-03,692.2791748046875,695.5950389684357,688.7195583745666,691.4502385259319,873264,TATACONSUM.NS,Tata Consumer Products,FMCG
2023-03-06,695.9363403320312,700.9588869491333,692.3767239598807,695.3512158535402,739338,TATACONSUM.NS,Tata Consumer Products,FMCG
2023-03-08,702.6655883789062,705.2987676517499,693.2056788928047,695.351234578987,1026628,TATACONSUM.NS,Tata Consumer Products,FMCG
2023-03-09,691.6940307617188,704.9573679930168,690.5724727462979,704.9573679930168,905544,TATACONSUM.NS,Tata Consumer Products,FMCG
2023-03-10,686.964111328125,692.6205328525635,683.9895599225325,689.4997300901404,970983,TATACONSUM.NS,Tata Consumer Products,FMCG
2023-03-13,676.9678344726562,689.7922988087732,674.6272174977582,687.5492422637074,1158330,TATACONSUM.NS,Tata Consumer Products,FMCG
2023-03-14,676.1387939453125,682.6729613372695,672.3841164677009,678.7719729867708,1501579,TATACONSUM.NS,Tata Consumer Products,FMCG
2023-03-15,670.53125,682.6243399832923,669.6047531866691,678.7721013537812,1119482,TATACONSUM.NS,Tata Consumer Products,FMCG
2023-03-16,676.821533203125,679.2109006646946,671.9452973731313,671.9452973731313,974834,TATACONSUM.NS,Tata Consumer Products,FMCG
2023-03-17,688.7195434570312,691.1089108593587,677.2116390884464,680.722504989248,2111478,TATACONSUM.NS,Tata Consumer Products,FMCG
2023-03-20,685.2086181640625,689.2559176131344,673.8957751265311,673.8957751265311,1018438,TATACONSUM.NS,Tata Consumer Products,FMCG
2023-03-21,683.5507202148438,688.5244566443153,682.6729740099443,686.6714633336873,721243,TATACONSUM.NS,Tata Consumer Products,FMCG
2023-03-22,693.30322265625,698.4720206457177,683.6482520627375,683.6482520627375,776214,TATACONSUM.NS,Tata Consumer Products,FMCG
2023-03-23,689.6460571289062,696.2777259517014,688.3294377404131,693.9371089439558,587643,TATACONSUM.NS,Tata Consumer Products,FMCG
2023-03-24,684.96484375,692.1329463494543,681.551478566745,689.4997670174989,960470,TATACONSUM.NS,Tata Consumer Products,FMCG
2023-03-27,682.0391235351562,689.8899113221287,679.9423777143627,689.4022877092418,3695292,TATACONSUM.NS,Tata Consumer Products,FMCG
2023-03-28,678.82080078125,682.3317264113493,672.9205671337187,672.9205671337187,1113702,TATACONSUM.NS,Tata Consumer Products,FMCG
2023-03-29,680.2836303710938,685.598739187161,677.6017007370045,678.8207596615906,1160832,TATACONSUM.NS,Tata Consumer Products,FMCG
2023-03-31,691.303955078125,693.4007603714134,681.2589208060282,682.8193520432835,972962,TATACONSUM.NS,Tata Consumer Products,FMCG
2023-04-03,699.3009643554688,700.71508464271,691.7427988634979,692.4254837805486,797533,TATACONSUM.NS,Tata Consumer Products,FMCG
2023-04-05,709.394775390625,710.3700225058036,697.3016873526669,699.252181583024,947741,TATACONSUM.NS,Tata Consumer Products,FMCG
2023-04-06,712.4180297851562,713.3445264652454,704.6160527306987,709.297227058501,738748,TATACONSUM.NS,Tata Consumer Products,FMCG
2023-04-10,702.8118896484375,712.564361248225,702.1779551847062,709.0046853045575,916628,TATACONSUM.NS,Tata Consumer Products,FMCG
2023-04-11,699.5447387695312,707.9806500647534,697.9843672062386,707.9806500647534,776167,TATACONSUM.NS,Tata Consumer Products,FMCG
2023-04-12,700.6175537109375,705.688791107438,698.6182494986077,703.0556715070859,702063,TATACONSUM.NS,Tata Consumer Products,FMCG
2023-04-13,701.787841796875,705.7863909203136,699.886157429244,704.1284588215397,502380,TATACONSUM.NS,Tata Consumer Products,FMCG
2023-04-17,695.5462646484375,701.4464978769059,693.888332623453,699.2521918355809,1180651,TATACONSUM.NS,Tata Consumer Products,FMCG
2023-04-18,689.5484619140625,702.0804230774776,689.2071492329833,698.4719968410448,1323608,TATACONSUM.NS,Tata Consumer Products,FMCG
2023-04-19,683.5018920898438,691.35267870197,680.9662734920262,690.4749325203788,1235220,TATACONSUM.NS,Tata Consumer Products,FMCG
2023-04-20,685.9888305664062,686.9640776615962,679.2108513499638,681.6977195378266,1263116,TATACONSUM.NS,Tata Consumer Products,FMCG
2023-04-21,683.0631103515625,687.549223318078,679.7472463158871,685.9888517273841,966029,TATACONSUM.NS,Tata Consumer Products,FMCG
2023-04-24,714.4172973632812,716.8066648175457,688.5244970900507,688.5244970900507,6009290,TATACONSUM.NS,Tata Consumer Products,FMCG
2023-04-25,716.270263671875,719.7323790646717,710.3212204880249,717.7818848124639,1783879,TATACONSUM.NS,Tata Consumer Products,FMCG
2023-04-26,728.2171020507812,730.4601587240996,706.078978526366,715.7827001499371,3725680,TATACONSUM.NS,Tata Consumer Products,FMCG
2023-04-27,735.3363647460938,736.5554237062166,723.7797096138746,724.6086458970128,1664942,TATACONSUM.NS,Tata Consumer Products,FMCG
2023-04-28,744.9425659179688,746.0641240318155,732.8982865489011,739.2373934851191,1261145,TATACONSUM.NS,Tata Consumer Products,FMCG
2023-05-02,760.3026733398438,763.6672879963405,746.0153379497397,748.941079472891,1438425,TATACONSUM.NS,Tata Consumer Products,FMCG
2023-05-03,762.0581665039062,767.3732159892056,755.5239985252546,758.6448013907382,1189150,TATACONSUM.NS,Tata Consumer Products,FMCG
2023-05-04,756.30419921875,763.2772404681015,749.8675915457832,753.866081232874,1001352,TATACONSUM.NS,Tata Consumer Products,FMCG
2023-05-05,757.0355834960938,762.8383158155253,755.816524585472,758.6447650678588,617459,TATACONSUM.NS,Tata Consumer Products,FMCG
2023-05-08,769.37255859375,770.2502453804681,757.1819682973879,757.5720314722515,1048005,TATACONSUM.NS,Tata Consumer Products,FMCG
2023-05-09,769.469970703125,772.5907733637005,765.5689822584958,770.1039051351212,652399,TATACONSUM.NS,Tata Consumer Products,FMCG
2023-05-10,771.5668334960938,772.3957697928176,765.3739781625555,769.4700282405721,476497,TATACONSUM.NS,Tata Consumer Products,FMCG
2023-05-11,769.9088745117188,771.9081192644485,766.5442599391744,771.5668065716759,968940,TATACONSUM.NS,Tata Consumer Products,FMCG
2023-05-12,769.518798828125,775.5653434325034,765.3739981873351,768.4948011629207,747655,TATACONSUM.NS,Tata Consumer Products,FMCG
2023-05-15,767.470703125,771.8105645449991,764.7887736493594,769.4699477383332,803643,TATACONSUM.NS,Tata Consumer Products,FMCG
2023-05-16,766.7880859375,770.1527005724005,765.3739656388475,768.007144897655,658173,TATACONSUM.NS,Tata Consumer Products,FMCG
2023-05-17,758.986083984375,767.1293737644403,753.719725637508,766.7880610764084,907649,TATACONSUM.NS,Tata Consumer Products,FMCG
2023-05-18,757.0843505859375,766.5442598451328,755.8165411959008,764.0086410650592,1004449,TATACONSUM.NS,Tata Consumer Products,FMCG
2023-05-19,754.6160278320312,760.9747482102623,745.7434115381127,760.9747482102623,1233831,TATACONSUM.NS,Tata Consumer Products,FMCG
2023-05-22,755.2567749023438,757.1299068132317,749.4403182314156,754.6160109537717,548104,TATACONSUM.NS,Tata Consumer Products,FMCG
2023-05-23,759.15087890625,760.6296482542284,751.2641090503653,755.2074939783076,826476,TATACONSUM.NS,Tata Consumer Products,FMCG
2023-05-24,760.2354125976562,763.6365342595338,754.714637111156,756.5384889031943,861728,TATACONSUM.NS,Tata Consumer Products,FMCG
2023-05-25,769.2557983398438,771.3753917948786,754.221643388921,754.221643388921,980266,TATACONSUM.NS,Tata Consumer Products,FMCG
2023-05-26,778.5228271484375,779.8044152910184,770.0938534042639,772.9034912618944,961268,TATACONSUM.NS,Tata Consumer Products,FMCG
2023-05-29,783.0083618164062,785.7194389268817,779.064976928442,779.8043615949352,1171159,TATACONSUM.NS,Tata Consumer Products,FMCG
2023-05-30,779.705810546875,785.7194485058234,777.0932939582374,781.3324207302238,601270,TATACONSUM.NS,Tata Consumer Products,FMCG
2023-05-31,787.34619140625,788.6770598762774,775.9103379352732,775.9103379352732,2201928,TATACONSUM.NS,Tata Consumer Products,FMCG
2023-06-01,782.4169311523438,790.1065201705082,778.1777439735987,787.5926241683962,703293,TATACONSUM.NS,Tata Consumer Products,FMCG
2023-06-02,784.7828979492188,788.5291016777128,781.7760789107411,784.2406945441294,697200,TATACONSUM.NS,Tata Consumer Products,FMCG
2023-06-05,781.23388671875,789.1206568587916,779.4100350210967,785.6701949225234,774985,TATACONSUM.NS,Tata Consumer Products,FMCG
2023-06-06,780.8888549804688,784.6843994588722,773.3471666485411,781.7268604648729,744002,TATACONSUM.NS,Tata Consumer Products,FMCG
2023-06-07,811.4500732421875,812.3373589892085,780.2973539319885,782.7619697056208,3971089,TATACONSUM.NS,Tata Consumer Products,FMCG
2023-06-08,795.676513671875,813.1260049751252,793.803441830515,813.1260049751252,1117198,TATACONSUM.NS,Tata Consumer Products,FMCG
2023-06-09,789.662841796875,800.359249480543,787.6911493079939,799.2255624022041,835145,TATACONSUM.NS,Tata Consumer Products,FMCG
2023-06-12,789.4163818359375,796.4158661171417,788.0361730224112,791.585255612359,3168760,TATACONSUM.NS,Tata Consumer Products,FMCG
2023-06-13,808.29541015625,809.4783775861282,790.99375935324,790.99375935324,2697513,TATACONSUM.NS,Tata Consumer Products,FMCG
2023-06-14,850.2924194335938,852.7570351420969,804.4505672554347,811.1543099483071,7652583,TATACONSUM.NS,Tata Consumer Products,FMCG
2023-06-15,852.7570190429688,860.0523054709238,843.8844026598628,851.7711727781792,3106263,TATACONSUM.NS,Tata Consumer Products,FMCG
2023-06-16,850.5388793945312,858.129907796609,839.9903121478478,855.7145723725913,1754715,TATACONSUM.NS,Tata Consumer Products,FMCG
2023-06-19,844.8703002929688,857.686302514449,842.7507066262871,854.186560095917,1308412,TATACONSUM.NS,Tata Consumer Products,FMCG
2023-06-20,846.743408203125,854.7287391369292,835.3075550599997,844.8702761711054,1178858,TATACONSUM.NS,Tata Consumer Products,FMCG
2023-06-21,847.9757080078125,864.7843751703997,840.9761632658883,846.841960709014,1439299,TATACONSUM.NS,Tata Consumer Products,FMCG
2023-06-22,829.9840087890625,849.7994949864757,828.7023604855841,849.7994949864757,988651,TATACONSUM.NS,Tata Consumer Products,FMCG
2023-06-23,828.9488525390625,834.2231664438791,819.8791145492066,830.0825998734365,806171,TATACONSUM.NS,Tata Consumer Products,FMCG
2023-06-26,850.3416748046875,853.7428564170484,835.8497228289411,841.9127013627706,3022935,TATACONSUM.NS,Tata Consumer Products,FMCG
2023-06-27,842.1099243164062,855.81315182956,840.5325341283502,851.7219257736189,1131450,TATACONSUM.NS,Tata Consumer Products,FMCG
2023-06-28,842.8493041992188,847.8278159680303,838.9551992892951,842.4056613310254,914411,TATACONSUM.NS,Tata Consumer Products,FMCG
2023-06-30,848.715087890625,851.3275444340733,838.0186196325882,838.0186196325882,1394632,TATACONSUM.NS,Tata Consumer Products,FMCG
2023-07-03,846.6940307617188,854.6794215179477,844.3280358560539,854.6794215179477,1226135,TATACONSUM.NS,Tata Consumer Products,FMCG
2023-07-04,843.4407348632812,849.5037132809482,840.1381740424156,846.4968942965172,759030,TATACONSUM.NS,Tata Consumer Products,FMCG
2023-07-05,833.9273681640625,849.060084055199,829.2445984697086,846.8419299894525,2537154,TATACONSUM.NS,Tata Consumer Products,FMCG
2023-07-06,833.08935546875,835.5539710758236,829.4910527851903,833.9273608779226,2363769,TATACONSUM.NS,Tata Consumer Products,FMCG
2023-07-07,821.4564208984375,840.4339619752991,820.0269317441058,833.0893950827248,1811594,TATACONSUM.NS,Tata Consumer Products,FMCG
2023-07-10,813.9640502929688,829.5896906290543,810.3656871028909,829.5896906290543,1177214,TATACONSUM.NS,Tata Consumer Products,FMCG
2023-07-11,828.4066162109375,831.0684131984987,814.062564885718,814.3090264554685,2167322,TATACONSUM.NS,Tata Consumer Products,FMCG
2023-07-12,831.3148803710938,835.8004689365272,826.927852365712,832.9908310909486,1435731,TATACONSUM.NS,Tata Consumer Products,FMCG
2023-07-13,825.4983520507812,836.9834851917125,823.3788186680822,835.0117926470913,985928,TATACONSUM.NS,Tata Consumer Products,FMCG
2023-07-14,839.4481201171875,840.680427985827,821.8014473697576,827.0757611503041,1705168,TATACONSUM.NS,Tata Consumer Products,FMCG
2023-07-17,840.532470703125,848.5178612600913,837.3284704591562,842.9970862754087,1200820,TATACONSUM.NS,Tata Consumer Products,FMCG
2023-07-18,846.5462036132812,850.7853305376716,836.4412793513911,842.1098954007441,1412514,TATACONSUM.NS,Tata Consumer Products,FMCG
2023-07-19,848.271484375,852.7077928479308,842.3071261289832,852.7077928479308,952601,TATACONSUM.NS,Tata Consumer Products,FMCG
2023-07-20,860.7423706054688,862.6155026225335,842.4549339841276,847.8278082918615,1381298,TATACONSUM.NS,Tata Consumer Products,FMCG
2023-07-21,840.2860107421875,863.9956607296209,837.5749336075252,861.3338638722421,1230534,TATACONSUM.NS,Tata Consumer Products,FMCG
2023-07-24,850.8839111328125,854.7287357427288,836.8849419139599,841.9127339380511,1149904,TATACONSUM.NS,Tata Consumer Products,FMCG
2023-07-25,856.2567749023438,857.1933409030842,843.8844161162048,850.8839006393101,873678,TATACONSUM.NS,Tata Consumer Products,FMCG
2023-07-26,861.5311279296875,871.438871466783,857.2426603109583,861.580408211706,1940116,TATACONSUM.NS,Tata Consumer Products,FMCG
2023-07-27,838.0186767578125,867.5447869384404,835.7019619066617,863.5521212600833,3203072,TATACONSUM.NS,Tata Consumer Products,FMCG
2023-07-28,847.1869506835938,848.2221373828911,830.0825423183487,842.159158878206,2365708,TATACONSUM.NS,Tata Consumer Products,FMCG
2023-07-31,847.1376953125,848.6657450103367,840.4339526511228,847.1869755921822,1454789,TATACONSUM.NS,Tata Consumer Products,FMCG
2023-08-01,844.6238403320312,851.081121737138,841.0254771713529,849.7009729826402,987812,TATACONSUM.NS,Tata Consumer Products,FMCG
2023-08-02,831.1177368164062,842.8986124990416,826.3364061824402,842.8986124990416,1604731,TATACONSUM.NS,Tata Consumer Products,FMCG
2023-08-03,823.5759887695312,829.7375278877756,820.7662908288435,828.110857492047,1375222,TATACONSUM.NS,Tata Consumer Products,FMCG
2023-08-04,822.9844360351562,829.6881784892472,820.5198204144405,825.2025900938005,887582,TATACONSUM.NS,Tata Consumer Products,FMCG
2023-08-07,825.9420166015625,828.7517146542153,817.7595043607208,825.1040713166018,1106208,TATACONSUM.NS,Tata Consumer Products,FMCG
2023-08-08,835.4554443359375,841.0254397306071,821.9493382282454,827.1250312125912,1252297,TATACONSUM.NS,Tata Consumer Products,FMCG
2023-08-09,848.0250244140625,850.2431786547677,835.6526650168307,838.9552261511445,1704615,TATACONSUM.NS,Tata Consumer Products,FMCG
2023-08-10,838.5115356445312,850.9825150691506,835.997639682102,848.9615422433263,941390,TATACONSUM.NS,Tata Consumer Products,FMCG
2023-08-11,825.0548095703125,841.7648565632355,823.1816774931318,837.6736304365492,909080,TATACONSUM.NS,Tata Consumer Products,FMCG
2023-08-14,832.744384765625,833.927412364316,817.9074099292683,826.9771477862379,754694,TATACONSUM.NS,Tata Consumer Products,FMCG
2023-08-16,828.8009643554688,831.5120415755036,824.9561398658161,828.998145642091,360863,TATACONSUM.NS,Tata Consumer Products,FMCG
2023-08-17,832.3007202148438,833.976670921727,823.1816421431976,823.1816421431976,1105325,TATACONSUM.NS,Tata Consumer Products,FMCG
2023-08-18,830.624755859375,836.9341960035139,823.6745517478237,833.040091235082,1145798,TATACONSUM.NS,Tata Consumer Products,FMCG
2023-08-21,836.4905395507812,837.377825240502,828.8995114239608,834.0259239363123,680778,TATACONSUM.NS,Tata Consumer Products,FMCG
2023-08-22,836.7863159179688,839.4973932057499,832.054265777189,835.0118046365866,782931,TATACONSUM.NS,Tata Consumer Products,FMCG
2023-08-23,832.5964965820312,835.9976784164494,828.4559300084477,835.9976784164494,516482,TATACONSUM.NS,Tata Consumer Products,FMCG
2023-08-24,832.25146484375,842.7014116349626,830.1811514951852,833.0401298555104,1482572,TATACONSUM.NS,Tata Consumer Products,FMCG
2023-08-25,820.766357421875,834.1739037337669,818.400362311272,828.1109246809813,1149261,TATACONSUM.NS,Tata Consumer Products,FMCG
2023-08-28,829.8853759765625,831.01912325274,816.5271710857218,820.7170177227448,649996,TATACONSUM.NS,Tata Consumer Products,FMCG
2023-08-29,826.3856201171875,832.0049557836152,824.1674660518565,829.0966973081476,606053,TATACONSUM.NS,Tata Consumer Products,FMCG
2023-08-30,836.3426513671875,837.2792173492999,826.8292710522574,829.0967054180744,604884,TATACONSUM.NS,Tata Consumer Products,FMCG
2023-08-31,822.5408325195312,839.3988402740723,817.315859188034,836.3426806554845,2025392,TATACONSUM.NS,Tata Consumer Products,FMCG
2023-09-01,832.2021484375,835.4061487978615,821.2099385172858,821.2099385172858,661741,TATACONSUM.NS,Tata Consumer Products,FMCG
2023-09-04,834.0752563476562,836.9835149887643,825.1533592998773,832.0542834517281,705024,TATACONSUM.NS,Tata Consumer Products,FMCG
2023-09-05,834.3217163085938,840.3354148749007,831.1177158157257,835.0118207566989,745626,TATACONSUM.NS,Tata Consumer Products,FMCG
2023-09-06,866.4603271484375,870.5022728633217,833.533037039568,833.8287788919015,3618782,TATACONSUM.NS,Tata Consumer Products,FMCG
2023-09-07,846.5462036132812,854.6794353362659,841.9127141125974,853.4471274994501,3458930,TATACONSUM.NS,Tata Consumer Products,FMCG
2023-09-08,841.0254516601562,852.6091456465726,839.6945832281024,851.7712003628769,901217,TATACONSUM.NS,Tata Consumer Products,FMCG
2023-09-11,850.3909912109375,852.7077661102603,842.6521218526668,843.391506574971,1039583,TATACONSUM.NS,Tata Consumer Products,FMCG
2023-09-12,852.5105590820312,861.6296370485057,843.8844042488798,854.7287131819845,1795152,TATACONSUM.NS,Tata Consumer Products,FMCG
2023-09-13,876.7130737304688,878.6354859865188,847.9756911330892,849.799482659612,2812359,TATACONSUM.NS,Tata Consumer Products,FMCG
2023-09-14,872.0303344726562,884.9942374135519,868.5305921345206,882.3324403636731,2205160,TATACONSUM.NS,Tata Consumer Products,FMCG
2023-09-15,863.5028076171875,877.1567549519725,861.1367524029761,874.9878810341594,1104866,TATACONSUM.NS,Tata Consumer Products,FMCG
2023-09-18,868.4813232421875,873.4105548172369,863.5028113856446,870.502296153701,1084407,TATACONSUM.NS,Tata Consumer Products,FMCG
2023-09-20,857.3905029296875,868.4319930575723,852.7570134811408,868.333372328968,924868,TATACONSUM.NS,Tata Consumer Products,FMCG
2023-09-21,858.672119140625,861.6296580125215,849.0108375266861,856.7004265593606,1165593,TATACONSUM.NS,Tata Consumer Products,FMCG
2023-09-22,865.3265991210938,877.2553154107293,857.7355704952877,858.6721365246058,1518828,TATACONSUM.NS,Tata Consumer Products,FMCG
2023-09-25,887.8531494140625,892.7823808902039,858.2284802767097,869.467152110825,2700627,TATACONSUM.NS,Tata Consumer Products,FMCG
2023-09-26,882.5296020507812,897.0215544036736,878.8819587798615,894.7540598222358,2064298,TATACONSUM.NS,Tata Consumer Products,FMCG
2023-09-27,876.2694702148438,891.2050659078078,874.3471180437731,886.2758343485832,1233749,TATACONSUM.NS,Tata Consumer Products,FMCG
2023-09-28,864.09423828125,883.3182401597262,857.7847982115971,882.1352126252564,1801983,TATACONSUM.NS,Tata Consumer Products,FMCG
2023-09-29,864.4885864257812,873.3612025293455,861.3338664435915,873.3612025293455,817204,TATACONSUM.NS,Tata Consumer Products,FMCG
2023-10-03,859.5593872070312,867.1010750726186,851.8697381610942,857.6862552248094,1183376,TATACONSUM.NS,Tata Consumer Products,FMCG
2023-10-04,852.5105590820312,857.538350973413,842.8985579822339,854.7287131819845,623081,TATACONSUM.NS,Tata Consumer Products,FMCG
2023-10-05,848.0250244140625,856.9469216590862,845.3632272909593,853.792201371382,749977,TATACONSUM.NS,Tata Consumer Products,FMCG
2023-10-06,862.3690795898438,865.080157004959,848.8136925142675,848.8136925142675,960117,TATACONSUM.NS,Tata Consumer Products,FMCG
2023-10-09,868.1856079101562,871.3402680775542,854.5315999272885,855.7146275757057,1200788,TATACONSUM.NS,Tata Consumer Products,FMCG
2023-10-10,876.1708984375,879.7692614981896,869.2699743429149,872.4739748154009,870512,TATACONSUM.NS,Tata Consumer Products,FMCG
2023-10-11,875.8258666992188,884.5013020030423,873.6569928304424,882.3324281342658,1062565,TATACONSUM.NS,Tata Consumer Products,FMCG
2023-10-12,879.7199096679688,881.4944811206504,870.6994522494865,876.3187881166536,775364,TATACONSUM.NS,Tata Consumer Products,FMCG
2023-10-13,900.4226684570312,905.0068776903149,876.269434793183,877.6496436424868,5120134,TATACONSUM.NS,Tata Consumer Products,FMCG
2023-10-16,895.7399291992188,904.8097272449911,893.2260331541966,904.8097272449911,1524935,TATACONSUM.NS,Tata Consumer Products,FMCG
2023-10-17,895.00048828125,914.8653141604659,892.3387515602636,899.141054539077,3228492,TATACONSUM.NS,Tata Consumer Products,FMCG
2023-10-18,883.0225219726562,902.0493430765166,879.4734392741764,899.5354471054777,1218914,TATACONSUM.NS,Tata Consumer Products,FMCG
2023-10-19,882.726806640625,887.6560381716286,866.6081834314734,883.3182903558321,1430475,TATACONSUM.NS,Tata Consumer Products,FMCG
2023-10-20,886.2265625,889.0362004469793,876.0723574256333,879.3256382514209,2295312,TATACONSUM.NS,Tata Consumer Products,FMCG
2023-10-23,870.600830078125,893.2260143495747,867.7911922348295,886.0293485044624,973113,TATACONSUM.NS,Tata Consumer Products,FMCG
2023-10-25,877.4031982421875,881.7902262676549,869.8614500539524,870.7980160638606,1531972,TATACONSUM.NS,Tata Consumer Products,FMCG
2023-10-26,867.8897094726562,874.3963307306138,859.6579174736165,870.748687624509,1966650,TATACONSUM.NS,Tata Consumer Products,FMCG
2023-10-27,878.4876098632812,881.8395113365391,863.6013548695453,867.5447400515981,797507,TATACONSUM.NS,Tata Consumer Products,FMCG
2023-10-30,880.9028930664062,883.3182283813924,867.74186987053,873.4597660110644,1147541,TATACONSUM.NS,Tata Consumer Products,FMCG
2023-10-31,887.7545776367188,890.613555925272,879.3748842331516,886.7687313539461,1082510,TATACONSUM.NS,Tata Consumer Products,FMCG
2023-11-01,890.3671264648438,906.978612860127,883.0225593590566,893.1767644035599,2678745,TATACONSUM.NS,Tata Consumer Products,FMCG
2023-11-02,898.3524169921875,904.7111374923967,890.7613886497394,897.2680101595298,1082513,TATACONSUM.NS,Tata Consumer Products,FMCG
2023-11-03,900.7677612304688,906.2884763493247,898.3524258017385,899.0918105143326,901911,TATACONSUM.NS,Tata Consumer Products,FMCG
2023-11-06,905.6477661132812,910.6262781059397,903.0352492385638,903.7746339950363,742374,TATACONSUM.NS,Tata Consumer Products,FMCG
2023-11-07,908.9995727539062,910.6262432243504,900.0776757351474,906.9785998645516,819721,TATACONSUM.NS,Tata Consumer Products,FMCG
2023-11-08,903.3309326171875,916.294835243123,901.2113992219748,909.4431915758561,1090425,TATACONSUM.NS,Tata Consumer Products,FMCG
2023-11-09,890.0712890625,905.9434502595917,885.6349808063228,903.3309335513303,3194352,TATACONSUM.NS,Tata Consumer Products,FMCG
2023-11-10,899.7819213867188,903.8731473895839,883.8111994461295,890.0712993223829,3846444,TATACONSUM.NS,Tata Consumer Products,FMCG
2023-11-13,903.577392578125,907.4222171245037,894.2611332321159,901.0634966076226,904887,TATACONSUM.NS,Tata Consumer Products,FMCG
2023-11-15,916.4426879882812,918.8087431550475,903.380224633341,908.3587965396082,1564164,TATACONSUM.NS,Tata Consumer Products,FMCG
2023-11-16,907.0278930664062,919.7946149219266,905.0069201482622,919.7946149219266,1315309,TATACONSUM.NS,Tata Consumer Products,FMCG
2023-11-17,917.6749877929688,920.7804276506674,907.9644259810115,908.9502722632927,961365,TATACONSUM.NS,Tata Consumer Products,FMCG
2023-11-20,917.6749877929688,927.5334506157811,915.0625312476926,922.2591970740892,1169030,TATACONSUM.NS,Tata Consumer Products,FMCG
2023-11-21,914.569580078125,918.315783801729,893.1767043739844,893.1767043739844,804344,TATACONSUM.NS,Tata Consumer Products,FMCG
2023-11-22,915.11181640625,926.4983289930464,909.1967386810278,918.266536560625,885449,TATACONSUM.NS,Tata Consumer Products,FMCG
2023-11-23,919.7946166992188,924.4281064381769,913.8795387783234,915.999132435158,907511,TATACONSUM.NS,Tata Consumer Products,FMCG
2023-11-24,913.7809448242188,923.5900672142395,910.9219665317427,921.4705338061394,521207,TATACONSUM.NS,Tata Consumer Products,FMCG
2023-11-28,918.6608276367188,921.7169871931402,911.6613431500914,911.9078047189344,904835,TATACONSUM.NS,Tata Consumer Products,FMCG
2023-11-29,920.3367919921875,924.6252594564427,916.8370496969555,921.7170008666958,1047897,TATACONSUM.NS,Tata Consumer Products,FMCG
2023-11-30,927.4348754882812,934.7794422101672,918.8087206538169,918.8087206538169,2982505,TATACONSUM.NS,Tata Consumer Products,FMCG
2023-12-01,929.5051879882812,939.4129917398509,926.4490884343992,932.5120674312149,1129388,TATACONSUM.NS,Tata Consumer Products,FMCG
2023-12-04,933.2514038085938,942.9619655853669,928.617914264404,940.4973498885938,1112904,TATACONSUM.NS,Tata Consumer Products,FMCG
2023-12-05,936.603271484375,940.6452774439172,930.7868143786192,933.3007104260134,792716,TATACONSUM.NS,Tata Consumer Products,FMCG
2023-12-06,938.2299194335938,949.3699703956729,935.4695618758378,940.497353849919,982484,TATACONSUM.NS,Tata Consumer Products,FMCG
2023-12-07,943.3563842773438,945.9688409685463,936.603300763735,938.5257131558217,933106,TATACONSUM.NS,Tata Consumer Products,FMCG
2023-12-08,933.2020874023438,948.2362435400265,930.4417297850914,946.4124519459357,649090,TATACONSUM.NS,Tata Consumer Products,FMCG
2023-12-11,936.9976196289062,939.5115156375414,930.688179295881,936.4554162029312,476174,TATACONSUM.NS,Tata Consumer Products,FMCG
2023-12-12,935.3216552734375,948.3348381636721,930.2445228785394,939.5607822301438,732063,TATACONSUM.NS,Tata Consumer Products,FMCG
2023-12-13,943.7506713867188,946.1167266264539,933.1035431504788,934.5823126324923,899820,TATACONSUM.NS,Tata Consumer Products,FMCG
2023-12-14,936.9976196289062,947.2011046756594,930.737459576191,947.2011046756594,1980762,TATACONSUM.NS,Tata Consumer Products,FMCG
2023-12-15,941.1874389648438,946.3631318436387,935.4695426758598,946.3631318436387,1155502,TATACONSUM.NS,Tata Consumer Products,FMCG
2023-12-18,936.2582397460938,944.6379332656795,931.9204919733245,942.4690593792949,999922,TATACONSUM.NS,Tata Consumer Products,FMCG
2023-12-19,952.4754028320312,964.1576571243816,935.716016154,939.5115002449239,3897491,TATACONSUM.NS,Tata Consumer Products,FMCG
2023-12-20,962.481689453125,995.7047203751458,952.4753860392518,961.2001013522447,4465789,TATACONSUM.NS,Tata Consumer Products,FMCG
2023-12-21,965.4392700195312,969.9741991044796,949.4192676368355,962.185989262225,1588905,TATACONSUM.NS,Tata Consumer Products,FMCG
2023-12-22,978.7481689453125,984.1703234531566,965.7843265429632,972.0444263153252,1491449,TATACONSUM.NS,Tata Consumer Products,FMCG
2023-12-26,993.0922241210938,1002.6056647727501,978.7481728097813,978.9453540996468,1804990,TATACONSUM.NS,Tata Consumer Products,FMCG
2023-12-27,1012.2176513671875,1014.4358054607605,995.8032870062343,1000.5846774884825,1799498,TATACONSUM.NS,Tata Consumer Products,FMCG
2023-12-28,1026.2659912109375,1035.138607849649,1010.7882525448783,1016.1610667057386,2052402,TATACONSUM.NS,Tata Consumer Products,FMCG
2023-12-29,1071.4178466796875,1078.5158921656875,1032.8711586472414,1039.0326982505646,5017576,TATACONSUM.NS,Tata Consumer Products,FMCG
2024-01-01,1064.8126220703125,1078.3680094274173,1060.7706760905266,1078.3680094274173,936544,TATACONSUM.NS,Tata Consumer Products,FMCG
2024-01-02,1082.2127685546875,1087.437802046612,1064.2210737005557,1070.9740967416758,2635193,TATACONSUM.NS,Tata Consumer Products,FMCG
2024-01-03,1069.5938720703125,1083.543620984149,1067.3757179429642,1082.4098736949916,1100701,TATACONSUM.NS,Tata Consumer Products,FMCG
2024-01-04,1109.6192626953125,1112.6260214652154,1070.7768975014878,1072.6992494963017,2777186,TATACONSUM.NS,Tata Consumer Products,FMCG
2024-01-05,1107.0560302734375,1115.1400419624483,1101.2396335045016,1109.077063281331,1207155,TATACONSUM.NS,Tata Consumer Products,FMCG
2024-01-08,1089.310791015625,1113.0204420139753,1079.1566466111149,1109.1263973733605,1722755,TATACONSUM.NS,Tata Consumer Products,FMCG
2024-01-09,1095.916015625,1104.2957088092128,1090.3459602046287,1090.3459602046287,998355,TATACONSUM.NS,Tata Consumer Products,FMCG
2024-01-10,1098.1834716796875,1101.8803954189152,1085.416809837249,1096.261119472317,933127,TATACONSUM.NS,Tata Consumer Products,FMCG
2024-01-11,1103.408447265625,1109.0277229163273,1096.3104021970998,1101.1902931388904,1084035,TATACONSUM.NS,Tata Consumer Products,FMCG
2024-01-12,1142.5958251953125,1149.053166391034,1107.9433047889095,1109.5206347500023,6018282,TATACONSUM.NS,Tata Consumer Products,FMCG
2024-01-15,1134.511962890625,1174.0935953073592,1118.6890817402211,1173.1570894654003,4237485,TATACONSUM.NS,Tata Consumer Products,FMCG
2024-01-16,1127.5123291015625,1146.0956275360977,1125.836438582204,1136.23716485149,1449691,TATACONSUM.NS,Tata Consumer Products,FMCG
2024-01-17,1122.4844970703125,1136.6313664484392,1115.8793754447938,1117.9496284660343,1272932,TATACONSUM.NS,Tata Consumer Products,FMCG
2024-01-18,1130.5684814453125,1133.7231411793985,1106.612370412065,1118.8861075860723,1218211,TATACONSUM.NS,Tata Consumer Products,FMCG
2024-01-19,1145.2576904296875,1149.1025153765793,1130.4699947436231,1140.3777989903165,900162,TATACONSUM.NS,Tata Consumer Products,FMCG
2024-01-23,1129.434814453125,1149.4967621773299,1122.1395279145333,1142.5464977681345,933643,TATACONSUM.NS,Tata Consumer Products,FMCG
2024-01-24,1142.5958251953125,1144.5675177323192,1117.9496684827302,1129.385461128856,1040096,TATACONSUM.NS,Tata Consumer Products,FMCG
2024-01-25,1120.6607666015625,1147.1800557869278,1116.3230188708135,1143.5816927713329,1125321,TATACONSUM.NS,Tata Consumer Products,FMCG
2024-01-29,1124.9000244140625,1132.9345758825737,1118.9356058669061,1120.6608369772737,1588430,TATACONSUM.NS,Tata Consumer Products,FMCG
2024-01-30,1107.0068359375,1130.962828856563,1104.788681759296,1128.7446746783592,798009,TATACONSUM.NS,Tata Consumer Products,FMCG
2024-01-31,1102.1761474609375,1111.5416871754983,1096.2610697464781,1109.0770714611401,2428738,TATACONSUM.NS,Tata Consumer Products,FMCG
2024-02-01,1113.6612548828125,1118.836947762709,1092.31765922387,1102.1761218522443,4728358,TATACONSUM.NS,Tata Consumer Products,FMCG
2024-02-02,1146.2928466796875,1154.1302770471552,1115.9780713321059,1115.9780713321059,1741322,TATACONSUM.NS,Tata Consumer Products,FMCG
2024-02-05,1134.462646484375,1160.3411122416767,1130.0756785215929,1153.3416274767867,1266268,TATACONSUM.NS,Tata Consumer Products,FMCG
2024-02-06,1147.08154296875,1150.2855435344352,1125.9350670296856,1125.9350670296856,1219085,TATACONSUM.NS,Tata Consumer Products,FMCG
2024-02-07,1149.69384765625,1158.3693427860546,1136.730065753586,1151.5177594912802,864874,TATACONSUM.NS,Tata Consumer Products,FMCG
2024-02-08,1121.7945556640625,1146.4407137534276,1109.0771140214363,1143.5817353465477,2477973,TATACONSUM.NS,Tata Consumer Products,FMCG
2024-02-09,1113.2669677734375,1133.1317953846874,1103.9999882060788,1125.8365084766576,917196,TATACONSUM.NS,Tata Consumer Products,FMCG
2024-02-12,1106.316650390625,1118.3440472459915,1059.7847539807738,1114.0556399844427,898953,TATACONSUM.NS,Tata Consumer Products,FMCG
2024-02-13,1121.6959228515625,1125.1463847618286,1102.373239880023,1107.1053500654125,886148,TATACONSUM.NS,Tata Consumer Products,FMCG
2024-02-14,1119.527099609375,1123.7169466291275,1104.1479204995037,1118.984956318245,1206706,TATACONSUM.NS,Tata Consumer Products,FMCG
2024-02-15,1115.386474609375,1130.519190523011,1111.2951885912921,1123.914068765547,1278358,TATACONSUM.NS,Tata Consumer Products,FMCG
2024-02-16,1131.209228515625,1133.1317009037157,1116.3723146968264,1118.9354908717212,1213292,TATACONSUM.NS,Tata Consumer Products,FMCG
2024-02-19,1138.6524658203125,1147.7715440097825,1128.3010797674006,1133.7232343665448,961914,TATACONSUM.NS,Tata Consumer Products,FMCG
2024-02-20,1138.0609130859375,1142.595781679831,1122.681735951511,1138.1594736405218,1056193,TATACONSUM.NS,Tata Consumer Products,FMCG
2024-02-21,1144.321044921875,1155.313254776197,1133.772538089557,1138.652428933677,1445959,TATACONSUM.NS,Tata Consumer Products,FMCG
2024-02-22,1143.0887451171875,1148.2644380122847,1126.2800181494185,1144.5675145157868,1689403,TATACONSUM.NS,Tata Consumer Products,FMCG
2024-02-23,1143.87744140625,1149.1023542772698,1138.8495293038197,1141.6099469152498,1280859,TATACONSUM.NS,Tata Consumer Products,FMCG
2024-02-26,1160.439697265625,1166.0590935826315,1133.1810220248326,1142.5959026644016,1292210,TATACONSUM.NS,Tata Consumer Products,FMCG
2024-02-27,1166.84765625,1172.8612946096239,1158.3200616891286,1165.2703262390019,1584564,TATACONSUM.NS,Tata Consumer Products,FMCG
2024-02-28,1151.4190673828125,1187.9447186963503,1146.6377371893514,1172.9105635427243,2170054,TATACONSUM.NS,Tata Consumer Products,FMCG
2024-02-29,1173.2064208984375,1182.0296970219174,1134.3147127066482,1150.433275415707,2722341,TATACONSUM.NS,Tata Consumer Products,FMCG
2024-03-01,1184.0013427734375,1196.4723218678312,1177.346880605477,1186.9588815147533,1804771,TATACONSUM.NS,Tata Consumer Products,FMCG
2024-03-04,1186.2196044921875,1196.817452610443,1173.1571405324771,1189.8671878005125,790960,TATACONSUM.NS,Tata Consumer Products,FMCG
2024-03-05,1183.6070556640625,1194.7471671035864,1179.0721867067805,1189.7685951012843,867925,TATACONSUM.NS,Tata Consumer Products,FMCG
2024-03-06,1202.7818603515625,1205.6900588815017,1175.1288227201553,1186.7618575250503,1367260,TATACONSUM.NS,Tata Consumer Products,FMCG
2024-03-07,1243.6944580078125,1250.940404303177,1199.5284952719105,1210.6192662370297,3522952,TATACONSUM.NS,Tata Consumer Products,FMCG
2024-03-11,1203.373291015625,1251.0389347936634,1191.8881577348614,1245.1238570877833,2609165,TATACONSUM.NS,Tata Consumer Products,FMCG
2024-03-12,1198.0003662109375,1210.471345876473,1192.0360683483352,1210.076983291058,1089396,TATACONSUM.NS,Tata Consumer Products,FMCG
2024-03-13,1162.263427734375,1200.1692895385013,1154.1301958959264,1198.2961575314368,2050756,TATACONSUM.NS,Tata Consumer Products,FMCG
2024-03-14,1181.388916015625,1187.9941585792117,1143.6310740848767,1143.6310740848767,2211062,TATACONSUM.NS,Tata Consumer Products,FMCG
2024-03-15,1194.99365234375,1202.5846209436932,1159.256722900218,1183.0155953720937,2843465,TATACONSUM.NS,Tata Consumer Products,FMCG
2024-03-18,1170.150146484375,1200.4156982592913,1167.5377502223027,1195.8808296235961,803158,TATACONSUM.NS,Tata Consumer Products,FMCG
2024-03-19,1130.0262451171875,1168.1292261093888,1123.7168051544556,1168.1292261093888,2152306,TATACONSUM.NS,Tata Consumer Products,FMCG
2024-03-20,1108.1405029296875,1137.075065710662,1095.9652057155683,1126.920801404995,2070193,TATACONSUM.NS,Tata Consumer Products,FMCG
2024-03-21,1117.900390625,1122.8296222435106,1105.6266520319361,1117.9497310782126,1901034,TATACONSUM.NS,Tata Consumer Products,FMCG
2024-03-22,1106.85888671875,1123.8647346776886,1103.1619632494155,1117.9003166768048,1696377,TATACONSUM.NS,Tata Consumer Products,FMCG
2024-03-26,1096.8033447265625,1105.232258351629,1089.7051791899867,1089.7051791899867,2407110,TATACONSUM.NS,Tata Consumer Products,FMCG
2024-03-27,1075.607666015625,1101.1903296552807,1068.7559619469655,1099.563659173221,1962948,TATACONSUM.NS,Tata Consumer Products,FMCG
2024-03-28,1080.6846923828125,1093.3035734688037,1078.1708564618025,1088.2757812842149,6721940,TATACONSUM.NS,Tata Consumer Products,FMCG
2024-04-01,1071.516357421875,1088.7686675089888,1067.7700933802187,1084.43091976143,2229535,TATACONSUM.NS,Tata Consumer Products,FMCG
2024-04-02,1115.1400146484375,1117.358168720669,1069.7417464997388,1076.3469886092537,5107047,TATACONSUM.NS,Tata Consumer Products,FMCG
2024-04-03,1103.6549072265625,1113.0204468591237,1097.0497853069392,1113.0204468591237,1133287,TATACONSUM.NS,Tata Consumer Products,FMCG
2024-04-04,1102.1268310546875,1116.865305553636,1092.8599720405775,1116.7667449914243,2403608,TATACONSUM.NS,Tata Consumer Products,FMCG
2024-04-05,1099.7608642578125,1108.978502894449,1095.2752155530407,1100.2044469461687,627856,TATACONSUM.NS,Tata Consumer Products,FMCG
2024-04-08,1121.252197265625,1124.3082965418496,1101.1902503453032,1104.1477890660158,1833218,TATACONSUM.NS,Tata Consumer Products,FMCG
2024-04-09,1109.6685791015625,1124.8506362980247,1105.6266333113363,1124.8506362980247,1184800,TATACONSUM.NS,Tata Consumer Products,FMCG
2024-04-10,1129.08984375,1135.2020428257556,1102.8662352404563,1114.0063468459434,1374918,TATACONSUM.NS,Tata Consumer Products,FMCG
2024-04-12,1133.1810302734375,1140.2791961451296,1118.3933351356263,1128.1532379950959,2006949,TATACONSUM.NS,Tata Consumer Products,FMCG
2024-04-15,1114.6470947265625,1120.6113923768446,1095.2751917048547,1109.077039305096,1990224,TATACONSUM.NS,Tata Consumer Products,FMCG
2024-04-16,1119.576416015625,1122.7804166089663,1098.1834783099266,1101.1903577730136,1051408,TATACONSUM.NS,Tata Consumer Products,FMCG
2024-04-18,1118.491943359375,1142.595836730601,1111.5910194101825,1126.8222962753036,2573549,TATACONSUM.NS,Tata Consumer Products,FMCG
2024-04-19,1121.9915771484375,1134.3146550987158,1088.4235850174139,1088.8671676866006,2160942,TATACONSUM.NS,Tata Consumer Products,FMCG
2024-04-22,1154.376708984375,1161.1298526014268,1124.8013191610332,1124.8013191610332,2299311,TATACONSUM.NS,Tata Consumer Products,FMCG
2024-04-23,1156.74267578125,1163.20001686924,1135.694882368369,1156.3976536615426,1930671,TATACONSUM.NS,Tata Consumer Products,FMCG
2024-04-24,1094.437255859375,1121.5972482719872,1088.3742772572286,1090.3459697884916,6447489,TATACONSUM.NS,Tata Consumer Products,FMCG
2024-04-25,1090.592529296875,1100.20453125,1062.150886047681,1100.20453125,6233672,TATACONSUM.NS,Tata Consumer Products,FMCG
2024-04-26,1087.04345703125,1096.063974829967,1068.7067397465626,1096.063974829967,3426210,TATACONSUM.NS,Tata Consumer Products,FMCG
2024-04-29,1082.9521484375,1094.6837433447988,1073.4880481318664,1093.2049739113384,2254895,TATACONSUM.NS,Tata Consumer Products,FMCG
2024-04-30,1092.6627197265625,1098.4792369501179,1080.1425198857862,1084.3323666500114,2504796,TATACONSUM.NS,Tata Consumer Products,FMCG
2024-05-02,1075.7061767578125,1098.2327398578384,1065.7983736516933,1098.2327398578384,3423995,TATACONSUM.NS,Tata Consumer Products,FMCG
2024-05-03,1078.8116455078125,1099.1200550551619,1074.3753371936677,1079.5016897752091,2935813,TATACONSUM.NS,Tata Consumer Products,FMCG
2024-05-06,1082.6070556640625,1093.9442872474972,1074.621725312937,1089.3600782343797,1076304,TATACONSUM.NS,Tata Consumer Products,FMCG
2024-05-07,1083.8394775390625,1105.675997782192,1074.6710585476812,1079.5510700789273,2614541,TATACONSUM.NS,Tata Consumer Products,FMCG
2024-05-08,1099.2679443359375,1102.0282417186304,1079.6495792653545,1086.79696480631,1071294,TATACONSUM.NS,Tata Consumer Products,FMCG
2024-05-09,1069.6925048828125,1098.922749461734,1062.7422407925542,1098.232705234606,1743688,TATACONSUM.NS,Tata Consumer Products,FMCG
2024-05-10,1075.5089111328125,1078.466449863102,1052.5387658664315,1072.551372402523,1080599,TATACONSUM.NS,Tata Consumer Products,FMCG
2024-05-13,1081.424072265625,1085.416797997466,1060.8199804578023,1070.7276637653172,933422,TATACONSUM.NS,Tata Consumer Products,FMCG
2024-05-14,1070.0867919921875,1082.853573470076,1066.8827915956515,1080.4875183395063,1194960,TATACONSUM.NS,Tata Consumer Products,FMCG
2024-05-15,1053.7711181640625,1075.4103959839995,1041.053677018337,1070.6290655699943,1920081,TATACONSUM.NS,Tata Consumer Products,FMCG
2024-05-16,1084.1845703125,1086.94498834894,1042.8775823921148,1055.8414865239258,2665288,TATACONSUM.NS,Tata Consumer Products,FMCG
2024-05-17,1079.6988525390625,1085.6139305193917,1073.7345544477723,1077.5300387499697,1069069,TATACONSUM.NS,Tata Consumer Products,FMCG
2024-05-21,1078.466552734375,1082.0649159346415,1073.5373210470427,1073.5866615009443,906092,TATACONSUM.NS,Tata Consumer Products,FMCG
2024-05-22,1104.492919921875,1106.1195904469287,1078.4665525487273,1084.4309710264006,2032291,TATACONSUM.NS,Tata Consumer Products,FMCG
2024-05-23,1102.1268310546875,1115.1892946257685,1088.374323205557,1111.4923709735758,2087340,TATACONSUM.NS,Tata Consumer Products,FMCG
2024-05-24,1090.1702880859375,1102.8264876516973,1087.9368411037447,1102.8264876516973,1424791,TATACONSUM.NS,Tata Consumer Products,FMCG
2024-05-27,1079.896484375,1101.8338732935094,1078.6556804636334,1090.9147988734837,1881215,TATACONSUM.NS,Tata Consumer Products,FMCG
2024-05-28,1087.490234375,1089.872480959785,1072.0545851659758,1080.9883733756922,981637,TATACONSUM.NS,Tata Consumer Products,FMCG
2024-05-29,1063.4185791015625,1081.980956211707,1060.1428084716542,1077.0177408162403,1526469,TATACONSUM.NS,Tata Consumer Products,FMCG
2024-05-30,1059.3486328125,1066.545295049466,1044.2605066604503,1063.120724936637,2743237,TATACONSUM.NS,Tata Consumer Products,FMCG
2024-05-31,1052.4498291015625,1062.9222620996038,1040.587792724659,1061.8302577701388,4787041,TATACONSUM.NS,Tata Consumer Products,FMCG
2024-06-03,1061.284423828125,1074.9332668290256,1055.5270452206605,1068.4810865013271,1323788,TATACONSUM.NS,Tata Consumer Products,FMCG
2024-06-04,1079.0030517578125,1084.5618288939631,1021.3305117722734,1061.2843966234711,3223165,TATACONSUM.NS,Tata Consumer Products,FMCG
2024-06-05,1133.9954833984375,1151.465977442424,1085.1078115113346,1100.8411801583175,6089603,TATACONSUM.NS,Tata Consumer Products,FMCG
2024-06-06,1131.513916015625,1139.5543010481513,1111.3632122233103,1139.5543010481513,2655137,TATACONSUM.NS,Tata Consumer Products,FMCG
2024-06-07,1127.295166015625,1140.5469272280802,1123.274912972943,1140.5469272280802,1877248,TATACONSUM.NS,Tata Consumer Products,FMCG
2024-06-10,1124.71435546875,1135.0377471614527,1117.3687720164362,1130.620533668263,1392359,TATACONSUM.NS,Tata Consumer Products,FMCG
2024-06-11,1127.2454833984375,1136.377872648305,1118.4109355483363,1124.7143161894405,805013,TATACONSUM.NS,Tata Consumer Products,FMCG
2024-06-12,1116.3760986328125,1133.5984323682292,1115.2345348211081,1133.5984323682292,773116,TATACONSUM.NS,Tata Consumer Products,FMCG
2024-06-13,1106.4000244140625,1124.664682503828,1095.9277119449418,1121.6867530708964,1605436,TATACONSUM.NS,Tata Consumer Products,FMCG
2024-06-14,1104.2657470703125,1116.67378558372,1101.933060064242,1106.3999539290687,1107470,TATACONSUM.NS,Tata Consumer Products,FMCG
2024-06-18,1118.6094970703125,1119.9992215993495,1104.2657320406888,1104.2657320406888,1161864,TATACONSUM.NS,Tata Consumer Products,FMCG
2024-06-19,1097.4661865234375,1122.5801054085603,1094.8853386993042,1121.3888609858618,1201455,TATACONSUM.NS,Tata Consumer Products,FMCG
2024-06-20,1095.133544921875,1100.1960007047373,1088.0361222317774,1099.8982804658974,1223872,TATACONSUM.NS,Tata Consumer Products,FMCG
2024-06-21,1076.9185791015625,1096.8706822086433,1073.8414095669223,1095.183237320303,1634958,TATACONSUM.NS,Tata Consumer Products,FMCG
2024-06-24,1093.843017578125,1095.877984405751,1069.2255413564205,1072.2034706618708,912255,TATACONSUM.NS,Tata Consumer Products,FMCG
2024-06-25,1086.547119140625,1100.0470411421518,1081.9809850893776,1099.9974816902247,932314,TATACONSUM.NS,Tata Consumer Products,FMCG
2024-06-26,1078.90380859375,1091.7089288059676,1075.1317163484523,1086.993874085472,1003738,TATACONSUM.NS,Tata Consumer Products,FMCG
2024-06-27,1077.6134033203125,1088.3835575023754,1069.9204187370872,1082.0802975944434,2272855,TATACONSUM.NS,Tata Consumer Products,FMCG
2024-06-28,1089.3760986328125,1095.8779592694802,1077.0177407675599,1077.6133023805387,1129490,TATACONSUM.NS,Tata Consumer Products,FMCG
2024-07-01,1086.49755859375,1089.376126659247,1079.9956977898087,1082.080224074989,767705,TATACONSUM.NS,Tata Consumer Products,FMCG
2024-07-02,1096.87060546875,1101.8338208781108,1072.0545284219456,1087.9368177319004,2026189,TATACONSUM.NS,Tata Consumer Products,FMCG
2024-07-03,1137.9163818359375,1140.149828788141,1103.8687965568104,1105.8044021131523,4406793,TATACONSUM.NS,Tata Consumer Products,FMCG
2024-07-04,1126.848388671875,1146.3042901973788,1124.9624637363793,1139.1076277861116,2113837,TATACONSUM.NS,Tata Consumer Products,FMCG
2024-07-05,1129.0323486328125,1142.4825906785313,1124.3668531013639,1127.047062322986,1281630,TATACONSUM.NS,Tata Consumer Products,FMCG
2024-07-08,1142.333740234375,1155.436580826391,1127.6425737274744,1129.6278599488255,1958676,TATACONSUM.NS,Tata Consumer Products,FMCG
2024-07-09,1133.796875,1159.9034364151723,1131.613108697729,1152.8556947972068,1545936,TATACONSUM.NS,Tata Consumer Products,FMCG
2024-07-10,1142.333740234375,1148.239918273993,1121.6867150634207,1133.7969125447612,1015150,TATACONSUM.NS,Tata Consumer Products,FMCG
2024-07-11,1123.076416015625,1144.9145639908643,1117.2197975514512,1142.0855554194316,1883264,TATACONSUM.NS,Tata Consumer Products,FMCG
2024-07-12,1143.7730712890625,1145.5101968041467,1121.736441795183,1126.6499769260888,1092749,TATACONSUM.NS,Tata Consumer Products,FMCG
2024-07-15,1140.3485107421875,1148.4881361857492,1131.414722301676,1144.0212419654933,1201063,TATACONSUM.NS,Tata Consumer Products,FMCG
2024-07-16,1167.596435546875,1170.3262040465595,1134.3428920052638,1140.3484311734705,2152821,TATACONSUM.NS,Tata Consumer Products,FMCG
2024-07-18,1170.07666015625,1171.2532427973708,1147.1340256879496,1152.0362917962739,2591377,TATACONSUM.NS,Tata Consumer Products,FMCG
2024-07-19,1164.7821044921875,1176.6457163572345,1159.8798386151389,1176.547566831555,1402279,TATACONSUM.NS,Tata Consumer Products,FMCG
2024-07-22,1181.2537841796875,1187.2346043303294,1159.1445734031915,1161.8407772439455,1719663,TATACONSUM.NS,Tata Consumer Products,FMCG
2024-07-23,1232.335693359375,1237.9242791425263,1176.7927530224163,1191.2545410286025,5204189,TATACONSUM.NS,Tata Consumer Products,FMCG
2024-07-24,1207.18701171875,1233.1200566867722,1193.607599938286,1232.4337370001156,3367339,TATACONSUM.NS,Tata Consumer Products,FMCG
2024-07-25,1199.6864013671875,1210.863572630555,1185.2247349252157,1207.9222372817228,2529080,TATACONSUM.NS,Tata Consumer Products,FMCG
2024-07-26,1204.7213134765625,1209.9822491635898,1196.532007963237,1207.1036811330714,802492,TATACONSUM.NS,Tata Consumer Products,FMCG
2024-07-29,1192.5615234375,1213.0099484152856,1176.2821512865087,1206.0614462557874,1944124,TATACONSUM.NS,Tata Consumer Products,FMCG
2024-07-30,1186.1092529296875,1202.4878639209599,1180.4511146111693,1197.1275669984568,1331004,TATACONSUM.NS,Tata Consumer Products,FMCG
2024-07-31,1180.2030029296875,1184.2232560818522,1158.4145346584423,1184.2232560818522,2994289,TATACONSUM.NS,Tata Consumer Products,FMCG
2024-08-01,1199.4603271484375,1207.0540714872293,1179.2600632621943,1180.20302578664,1675363,TATACONSUM.NS,Tata Consumer Products,FMCG
2024-08-02,1184.8685302734375,1211.0246532631527,1181.24535851078,1191.1717900949043,1262150,TATACONSUM.NS,Tata Consumer Products,FMCG
2024-08-05,1190.576171875,1204.6716555859346,1142.5322210557545,1167.3482988371568,3718458,TATACONSUM.NS,Tata Consumer Products,FMCG
2024-08-06,1176.877685546875,1203.1827288238699,1174.1479169049228,1191.1717710337316,1304014,TATACONSUM.NS,Tata Consumer Products,FMCG
2024-08-07,1190.774658203125,1198.8647238362641,1173.8501657717995,1173.8501657717995,759323,TATACONSUM.NS,Tata Consumer Products,FMCG
2024-08-08,1169.6314697265625,1186.2085618288231,1165.363055721371,1183.2306323849014,1298997,TATACONSUM.NS,Tata Consumer Products,FMCG
2024-08-09,1177.4237060546875,1180.1534747390913,1171.3189263987504,1180.1534747390913,489864,TATACONSUM.NS,Tata Consumer Products,FMCG
2024-08-12,1162.1866455078125,1175.636887452456,1157.471590557407,1167.3483414056686,787584,TATACONSUM.NS,Tata Consumer Products,FMCG
2024-08-13,1170.1278076171875,1174.048699637455,1159.0101315014958,1164.0725873923034,785371,TATACONSUM.NS,Tata Consumer Products,FMCG
2024-08-14,1158.9605712890625,1178.3666723865147,1150.1755823749288,1178.2674323048502,991108,TATACONSUM.NS,Tata Consumer Products,FMCG
2024-08-16,1179.0118408203125,1181.8905300418219,1159.4071396153442,1159.4071396153442,831846,TATACONSUM.NS,Tata Consumer Products,FMCG
2024-08-19,1168.738037109375,1191.1717474519353,1162.9310990749982,1189.186461206182,682374,TATACONSUM.NS,Tata Consumer Products,FMCG
2024-08-20,1162.5836181640625,1174.2471752703957,1158.1664045799298,1174.2471752703957,673329,TATACONSUM.NS,Tata Consumer Products,FMCG
2024-08-21,1168.886962890625,1172.3115332105253,1158.4642100551378,1163.3280644405597,802420,TATACONSUM.NS,Tata Consumer Products,FMCG
2024-08-22,1196.9290771484375,1200.9492089285434,1172.311480237629,1175.3390901076514,2041300,TATACONSUM.NS,Tata Consumer Products,FMCG
2024-08-23,1187.995361328125,1206.0614180514324,1186.109315123058,1203.0834886241448,852159,TATACONSUM.NS,Tata Consumer Products,FMCG
2024-08-26,1211.0743408203125,1212.8610258123229,1185.2656185539,1196.1350127318115,1045317,TATACONSUM.NS,Tata Consumer Products,FMCG
2024-08-27,1200.7010498046875,1211.5705642745136,1199.1128451052236,1211.02456210958,483025,TATACONSUM.NS,Tata Consumer Products,FMCG
2024-08-28,1192.3133544921875,1206.408838879013,1187.7967796504965,1201.0982222135951,779730,TATACONSUM.NS,Tata Consumer Products,FMCG
2024-08-29,1189.633056640625,1200.0062495812779,1176.5302163887231,1192.313265673231,1062444,TATACONSUM.NS,Tata Consumer Products,FMCG
2024-08-30,1191.3206787109375,1198.6165814942774,1186.2085423483738,1186.2085423483738,2550399,TATACONSUM.NS,Tata Consumer Products,FMCG
2024-09-02,1190.8739013671875,1217.9731069841478,1188.3922935697462,1191.1717427717826,1852516,TATACONSUM.NS,Tata Consumer Products,FMCG
2024-09-03,1190.1790771484375,1209.3866969029962,1187.4989892467795,1200.1055081505096,1884428,TATACONSUM.NS,Tata Consumer Products,FMCG
2024-09-04,1186.1588134765625,1190.129385841751,1166.3556322740865,1187.2508178147912,1633635,TATACONSUM.NS,Tata Consumer Products,FMCG
2024-09-05,1179.9052734375,1197.9713298232607,1176.9273440658521,1190.6754270971749,1062421,TATACONSUM.NS,Tata Consumer Products,FMCG
2024-09-06,1165.214111328125,1182.9824475501132,1160.15165561082,1179.2600358208806,989655,TATACONSUM.NS,Tata Consumer Products,FMCG
2024-09-09,1183.2802734375,1187.1514846473217,1161.293204210763,1165.2140960452257,1969830,TATACONSUM.NS,Tata Consumer Products,FMCG
2024-09-10,1195.291259765625,1204.0264466833094,1187.4493547350132,1191.1717665053425,1815998,TATACONSUM.NS,Tata Consumer Products,FMCG
2024-09-11,1195.5394287109375,1210.0319944012256,1192.4125785680658,1200.9989660113533,1837013,TATACONSUM.NS,Tata Consumer Products,FMCG
2024-09-12,1213.75439453125,1216.9308040975134,1190.5265209146423,1201.098194547383,2635403,TATACONSUM.NS,Tata Consumer Products,FMCG
2024-09-13,1201.39599609375,1217.9730874458307,1199.1625491118812,1216.980444342778,1569211,TATACONSUM.NS,Tata Consumer Products,FMCG
2024-09-16,1209.53564453125,1214.7470209233625,1198.120248624718,1211.0246092147106,984584,TATACONSUM.NS,Tata Consumer Products,FMCG
2024-09-17,1211.272705078125,1225.2193886679818,1203.232320452806,1214.00247351817,1450593,TATACONSUM.NS,Tata Consumer Products,FMCG
2024-09-18,1192.0155029296875,1214.3996544402296,1185.2159215838635,1211.272804282001,930896,TATACONSUM.NS,Tata Consumer Products,FMCG
2024-09-19,1206.3095703125,1216.5834025295887,1195.1920156647604,1198.1202644453301,2737652,TATACONSUM.NS,Tata Consumer Products,FMCG
2024-09-20,1207.897705078125,1221.8939482417168,1204.4234543055616,1211.0245550078823,3533125,TATACONSUM.NS,Tata Consumer Products,FMCG
2024-09-23,1202.6368408203125,1224.5742299084363,1201.3463562736108,1213.009913130636,2818001,TATACONSUM.NS,Tata Consumer Products,FMCG
2024-09-24,1202.736083984375,1218.866534998229,1201.1478791959241,1207.0540574059396,3393528,TATACONSUM.NS,Tata Consumer Products,FMCG
2024-09-25,1180.8482666015625,1207.054069987049,1173.3538835249822,1204.969543607214,2448744,TATACONSUM.NS,Tata Consumer Products,FMCG
2024-09-26,1204.522705078125,1208.0466365047841,1182.3868369482332,1186.208488597549,2323705,TATACONSUM.NS,Tata Consumer Products,FMCG
2024-09-27,1192.7103271484375,1206.7561296266551,1190.1790388554498,1205.019004257183,2177204,TATACONSUM.NS,Tata Consumer Products,FMCG
2024-09-30,1188.1441650390625,1204.7213782792683,1186.1588787472242,1186.1588787472242,1223096,TATACONSUM.NS,Tata Consumer Products,FMCG
2024-10-01,1187.4493408203125,1196.581609120937,1182.8335260447413,1188.1441425403955,892381,TATACONSUM.NS,Tata Consumer Products,FMCG
2024-10-03,1144.2694091796875,1181.2453670993955,1141.6885611835025,1177.2747944368764,1912206,TATACONSUM.NS,Tata Consumer Products,FMCG
2024-10-04,1122.0838623046875,1146.25469923178,1116.9220451233002,1141.5396441797332,1773781,TATACONSUM.NS,Tata Consumer Products,FMCG
2024-10-07,1103.2236328125,1134.2437315780785,1098.8062980449251,1122.0838528619718,1542124,TATACONSUM.NS,Tata Consumer Products,FMCG
2024-10-08,1110.8173828125,1116.127999513429,1097.3173388240025,1103.2236383620354,1738272,TATACONSUM.NS,Tata Consumer Products,FMCG
2024-10-09,1109.5765380859375,1123.6720220490995,1101.8338732106893,1118.7088064040063,1322027,TATACONSUM.NS,Tata Consumer Products,FMCG
2024-10-10,1105.953369140625,1120.6940954082213,1103.2236005291345,1109.5765408048726,1176370,TATACONSUM.NS,Tata Consumer Products,FMCG
2024-10-11,1104.9110107421875,1114.0929594202344,1093.5452957123173,1109.774986168252,569469,TATACONSUM.NS,Tata Consumer Products,FMCG
2024-10-14,1105.3577880859375,1129.627863754826,1097.4662026261249,1111.760287702465,513799,TATACONSUM.NS,Tata Consumer Products,FMCG
2024-10-15,1107.0452880859375,1110.7676999490375,1097.9625789055212,1107.7897704585575,768815,TATACONSUM.NS,Tata Consumer Products,FMCG
2024-10-16,1105.7547607421875,1111.7603001179773,1093.9919639441405,1106.9955646485691,738403,TATACONSUM.NS,Tata Consumer Products,FMCG
2024-10-17,1082.1298828125,1108.7823253971303,1079.6482751012263,1104.811753059092,975432,TATACONSUM.NS,Tata Consumer Products,FMCG
2024-10-18,1085.20703125,1090.0710065049163,1064.1630467323914,1082.1298619817057,953926,TATACONSUM.NS,Tata Consumer Products,FMCG
2024-10-21,1009.5676879882812,1051.6557205461693,979.0935316370069,1039.2973619885609,11484692,TATACONSUM.NS,Tata Consumer Products,FMCG
2024-10-22,990.906005859375,1016.3176457872075,987.183594116853,1015.7717041821967,2742491,TATACONSUM.NS,Tata Consumer Products,FMCG
2024-10-23,1007.0860595703125,1009.3195065776528,987.679898801538,992.6431143734051,1936612,TATACONSUM.NS,Tata Consumer Products,FMCG
2024-10-24,989.1192626953125,1014.5805227231103,987.580677955299,1010.4610900699213,2014701,TATACONSUM.NS,Tata Consumer Products,FMCG
2024-10-25,965.891357421875,996.1669720058558,963.3601296312593,989.565931735123,2258366,TATACONSUM.NS,Tata Consumer Products,FMCG
2024-10-28,968.720458984375,976.1156018659043,956.9079814519174,965.891389699982,2364081,TATACONSUM.NS,Tata Consumer Products,FMCG
2024-10-29,984.7515869140625,987.9776770273145,966.6358501242626,974.7755357580008,1256095,TATACONSUM.NS,Tata Consumer Products,FMCG
2024-10-30,1015.1761474609375,1019.4445008291698,980.8803392240759,983.9575087116987,2048134,TATACONSUM.NS,Tata Consumer Products,FMCG
2024-10-31,995.17431640625,1020.3378550551378,989.7643994558963,1017.4591658636099,1381633,TATACONSUM.NS,Tata Consumer Products,FMCG
2024-11-01,996.7129516601562,1004.5548566929023,992.643139024607,995.1743669118939,212772,TATACONSUM.NS,Tata Consumer Products,FMCG
2024-11-04,987.2828369140625,993.5861571671003,968.8693188942433,990.6578478043606,1427199,TATACONSUM.NS,Tata Consumer Products,FMCG
2024-11-05,993.3875732421875,1005.6466911806484,977.8526846347766,977.8526846347766,1163041,TATACONSUM.NS,Tata Consumer Products,FMCG
2024-11-06,999.6412353515625,1003.2147869119055,990.5585872145449,994.6283997455197,683591,TATACONSUM.NS,Tata Consumer Products,FMCG
2024-11-07,977.6045532226562,1002.5695519436244,976.3141292829247,1000.0879441417837,1144864,TATACONSUM.NS,Tata Consumer Products,FMCG
2024-11-08,985.64501953125,989.9629929625931,968.2241445140621,981.7240670048541,973252,TATACONSUM.NS,Tata Consumer Products,FMCG
2024-11-11,968.7700805664062,990.6082295554753,966.0899319823402,985.8931746601081,1108758,TATACONSUM.NS,Tata Consumer Products,FMCG
2024-11-12,960.4318237304688,979.0935019795672,958.4465375212854,968.7700500434898,968082,TATACONSUM.NS,Tata Consumer Products,FMCG
2024-11-13,945.74072265625,962.8141962583219,943.0109541048937,957.9006007486552,948691,TATACONSUM.NS,Tata Consumer Products,FMCG
2024-11-14,918.1948852539062,948.222339609507,915.216955896326,943.0109632337416,1950720,TATACONSUM.NS,Tata Consumer Products,FMCG
2024-11-18,923.902587890625,935.5661446004985,909.2611018080177,922.959564805367,2193819,TATACONSUM.NS,Tata Consumer Products,FMCG
2024-11-19,910.4026489257812,933.5808412170269,908.3180620514513,928.1213041338864,1844903,TATACONSUM.NS,Tata Consumer Products,FMCG
2024-11-21,904.9927368164062,915.2169487470053,893.8751218510611,910.4026538909758,1550618,TATACONSUM.NS,Tata Consumer Products,FMCG
2024-11-22,938.2462768554688,941.5219869913498,906.1342359922794,909.509246790537,1427895,TATACONSUM.NS,Tata Consumer Products,FMCG
2024-11-25,948.6690673828125,955.6671894495589,939.6359783965038,943.010989329609,2468847,TATACONSUM.NS,Tata Consumer Products,FMCG
2024-11-26,956.4612426757812,960.3325749831836,944.9466070009393,952.9373718035247,638057,TATACONSUM.NS,Tata Consumer Products,FMCG
2024-11-27,952.9869995117188,957.9998350677669,945.6910969345736,956.9079518882372,786040,TATACONSUM.NS,Tata Consumer Products,FMCG
2024-11-28,934.1267700195312,965.5439481295764,931.3970015153326,952.9373687384158,1834887,TATACONSUM.NS,Tata Consumer Products,FMCG
2024-11-29,951.5973510742188,957.3050490133296,934.5734973344195,934.8712781531475,1482253,TATACONSUM.NS,Tata Consumer Products,FMCG
2024-12-02,949.95947265625,955.7664107154653,940.3308222059359,951.5973580504534,916920,TATACONSUM.NS,Tata Consumer Products,FMCG
2024-12-03,947.9741821289062,952.6892369614847,941.6709225345423,951.0017315357572,1346981,TATACONSUM.NS,Tata Consumer Products,FMCG
2024-12-04,954.1286010742188,956.7590690512303,942.6635848909315,948.9668446139048,1236061,TATACONSUM.NS,Tata Consumer Products,FMCG
2024-12-05,959.3399658203125,963.8068599086398,939.288562462151,957.9006211635148,2043341,TATACONSUM.NS,Tata Consumer Products,FMCG
2024-12-06,967.2811279296875,969.2167941860014,957.0072349936195,962.8638538027479,1893714,TATACONSUM.NS,Tata Consumer Products,FMCG
2024-12-09,927.0790405273438,966.8343847866109,924.6470528015689,966.8343847866109,3679131,TATACONSUM.NS,Tata Consumer Products,FMCG
2024-12-10,919.9320068359375,931.6948035143604,918.3934221248968,931.5955634373104,1990270,TATACONSUM.NS,Tata Consumer Products,FMCG
2024-12-11,928.1709594726562,936.0128645429564,922.5625620619867,924.5478483495432,1356603,TATACONSUM.NS,Tata Consumer Products,FMCG
2024-12-12,914.4724731445312,931.5459469041839,909.2610967711161,930.1066022647769,1913140,TATACONSUM.NS,Tata Consumer Products,FMCG
2024-12-13,922.8602905273438,924.1507144238145,900.7243617942456,912.4871581461778,1278151,TATACONSUM.NS,Tata Consumer Products,FMCG
2024-12-16,913.5790405273438,927.7738851347718,910.2537104216495,922.8602897388256,848667,TATACONSUM.NS,Tata Consumer Products,FMCG
2024-12-17,898.2427978515625,915.2169712398899,893.3788222515194,913.5790858313105,1597108,TATACONSUM.NS,Tata Consumer Products,FMCG
2024-12-18,902.6599731445312,910.1544769718876,897.7960583364148,898.3419999207989,1154541,TATACONSUM.NS,Tata Consumer Products,FMCG
2024-12-19,900.4265747070312,911.2464092473613,894.4707158230615,901.3199777740786,2589001,TATACONSUM.NS,Tata Consumer Products,FMCG
2024-12-20,882.9064331054688,909.757417320507,876.4046328021277,900.3273077028913,2441036,TATACONSUM.NS,Tata Consumer Products,FMCG
2024-12-23,896.1085815429688,899.334671700836,883.4523816928742,888.365977281313,1054695,TATACONSUM.NS,Tata Consumer Products,FMCG
2024-12-24,900.6250610351562,906.2335187131324,890.2023086179845,898.2923740143349,1038280,TATACONSUM.NS,Tata Consumer Products,FMCG
2024-12-26,894.3218383789062,904.645290559469,891.9890906761942,901.3199603147855,595956,TATACONSUM.NS,Tata Consumer Products,FMCG
2024-12-27,901.2703247070312,904.6949555570446,892.3861567467761,895.3640860796352,870974,TATACONSUM.NS,Tata Consumer Products,FMCG
2024-12-30,896.85302734375,905.2904935666851,892.0883526527294,901.270301189453,1830048,TATACONSUM.NS,Tata Consumer Products,FMCG
2024-12-31,907.9706420898438,910.4026297656487,886.529515099261,892.3861335360053,1120133,TATACONSUM.NS,Tata Consumer Products,FMCG
2025-01-01,913.5294189453125,915.7132458493871,904.2978503726739,906.283136542537,641424,TATACONSUM.NS,Tata Consumer Products,FMCG
2025-01-02,922.8106689453125,924.3988736481368,906.3327573694124,914.224282018721,1705632,TATACONSUM.NS,Tata Consumer Products,FMCG
2025-01-03,932.53857421875,934.9705619356866,919.1875123806609,925.83823328077,1832664,TATACONSUM.NS,Tata Consumer Products,FMCG
2025-01-06,939.9337768554688,947.9741617415484,922.2646811834264,928.1212997155475,2692614,TATACONSUM.NS,Tata Consumer Products,FMCG
2025-01-07,947.9741821289062,964.8491152139235,942.7628057350039,944.9962527609621,2413582,TATACONSUM.NS,Tata Consumer Products,FMCG
2025-01-08,954.5255737304688,956.7590206891014,938.4944241346263,947.9741535529304,1235226,TATACONSUM.NS,Tata Consumer Products,FMCG
2025-01-09,962.9630737304688,975.5696535666456,947.4778651762872,950.4061745195685,2130681,TATACONSUM.NS,Tata Consumer Products,FMCG
2025-01-10,965.6431884765625,972.7902308613404,951.9447259143118,958.0991252063741,1443387,TATACONSUM.NS,Tata Consumer Products,FMCG
2025-01-13,958.3472900390625,961.9207809535255,938.0477265898143,938.2462673264237,1876479,TATACONSUM.NS,Tata Consumer Products,FMCG
2025-01-14,956.0642700195312,969.8123533530837,951.5476952376731,958.5954979238512,1558290,TATACONSUM.NS,Tata Consumer Products,FMCG
2025-01-15,948.5201416015625,956.0642658275143,937.6506870865336,956.0642658275143,3190709,TATACONSUM.NS,Tata Consumer Products,FMCG
2025-01-16,930.8014526367188,952.9373817838473,919.2371362170785,952.9373817838473,2019985,TATACONSUM.NS,Tata Consumer Products,FMCG
2025-01-17,947.42822265625,952.2921375137951,928.4687030196501,935.0698038951869,677451,TATACONSUM.NS,Tata Consumer Products,FMCG
2025-01-20,953.2351684570312,961.4740941704486,937.5017993642907,952.937387640619,702848,TATACONSUM.NS,Tata Consumer Products,FMCG
2025-01-21,964.9483642578125,970.8049829703057,950.8528802541405,953.9796697678585,2281022,TATACONSUM.NS,Tata Consumer Products,FMCG
2025-01-22,960.282958984375,974.47774319434,951.1010103111925,969.7130684325084,1759236,TATACONSUM.NS,Tata Consumer Products,FMCG
2025-01-23,976.6615600585938,986.1909094839784,954.0789297709636,960.2332684573729,1235360,TATACONSUM.NS,Tata Consumer Products,FMCG
2025-01-24,985.0493774414062,996.6136940419821,979.143199337052,981.4758864382568,2201712,TATACONSUM.NS,Tata Consumer Products,FMCG
2025-01-27,958.6947021484375,991.0549038397915,952.9373842359043,981.7736544229008,1806238,TATACONSUM.NS,Tata Consumer Products,FMCG
2025-01-28,954.17822265625,972.0457992573554,950.952132436606,963.8068732751826,1647098,TATACONSUM.NS,Tata Consumer Products,FMCG
2025-01-29,953.4337158203125,959.5384952367468,931.099245642325,954.1781981595788,1479070,TATACONSUM.NS,Tata Consumer Products,FMCG
2025-01-30,959.588134765625,967.8270607036197,945.9889116415893,958.8436524112376,1706978,TATACONSUM.NS,Tata Consumer Products,FMCG
2025-01-31,1017.11181640625,1023.6135562620375,960.779318279329,962.8638446363582,5028986,TATACONSUM.NS,Tata Consumer Products,FMCG
2025-02-01,1061.979248046875,1067.0913844954212,1007.2846348062592,1018.4518702253973,3077657,TATACONSUM.NS,Tata Consumer Products,FMCG
2025-02-03,1028.6761474609375,1066.5453867930767,1026.0456188722167,1059.497644644393,1298543,TATACONSUM.NS,Tata Consumer Products,FMCG
2025-02-04,1026.5914306640625,1036.1209012236743,1011.5529242688183,1032.3488090294736,2251233,TATACONSUM.NS,Tata Consumer Products,FMCG
2025-02-05,1007.83056640625,1027.6338091366379,1003.1155114983543,1027.4848884314106,1628436,TATACONSUM.NS,Tata Consumer Products,FMCG
2025-02-06,1015.8212890625,1018.7496589019499,1002.7184486512333,1012.893040395303,1172479,TATACONSUM.NS,Tata Consumer Products,FMCG
2025-02-07,1013.6871337890625,1024.3084269500487,1005.1007468416651,1024.3084269500487,941811,TATACONSUM.NS,Tata Consumer Products,FMCG
2025-02-10,1019.9407958984375,1029.2219847458848,1008.3268593899597,1012.4959725707116,1418998,TATACONSUM.NS,Tata Consumer Products,FMCG
2025-02-11,1006.341552734375,1027.8322392856753,1001.676118093178,1022.3231428383793,1204012,TATACONSUM.NS,Tata Consumer Products,FMCG
2025-02-12,1022.1742553710938,1031.3562042540098,1002.6191737410636,1011.5033418044618,1082392,TATACONSUM.NS,Tata Consumer Products,FMCG
2025-02-13,1015.275390625,1029.370935318428,1009.3691518297177,1022.1742725594515,1169309,TATACONSUM.NS,Tata Consumer Products,FMCG
2025-02-14,1015.0272216796875,1030.2146494696474,1010.510707550005,1020.3378987832237,2032391,TATACONSUM.NS,Tata Consumer Products,FMCG
2025-02-17,1015.7220458984375,1019.8910984241843,997.6559294710714,1014.4812420309827,925113,TATACONSUM.NS,Tata Consumer Products,FMCG
2025-02-18,1019.394775390625,1020.3874184831412,1011.0566097651646,1011.6025513488232,789814,TATACONSUM.NS,Tata Consumer Products,FMCG
2025-02-19,1017.7570190429688,1025.2514017456774,1013.78638605628,1016.4665345438847,782204,TATACONSUM.NS,Tata Consumer Products,FMCG
2025-02-20,1001.4776611328125,1022.6705673649885,996.2662847885599,1012.4959754547812,878748,TATACONSUM.NS,Tata Consumer Products,FMCG
2025-02-21,996.6137084960938,1006.1927389924848,984.1560492571183,1000.5842810399029,1330146,TATACONSUM.NS,Tata Consumer Products,FMCG
2025-02-24,995.0255126953125,1003.6614595871526,982.7167134639387,982.7167134639387,1002365,TATACONSUM.NS,Tata Consumer Products,FMCG
2025-02-25,997.4573974609375,1002.5695336740231,985.8435216288626,986.6872440316623,1663313,TATACONSUM.NS,Tata Consumer Products,FMCG
2025-02-27,1000.5842895507812,1002.7184965456836,990.906018892924,997.6063601175944,1362115,TATACONSUM.NS,Tata Consumer Products,FMCG
2025-02-28,956.6101684570312,994.132065553923,950.3068484146238,987.6798853980563,5082193,TATACONSUM.NS,Tata Consumer Products,FMCG
2025-03-03,946.88232421875,962.8638546857837,941.4227868983667,956.610214963298,1323481,TATACONSUM.NS,Tata Consumer Products,FMCG
2025-03-04,947.5274658203125,950.803175956708,936.2113707503892,938.1469763404452,1916433,TATACONSUM.NS,Tata Consumer Products,FMCG
2025-03-05,949.7609252929688,958.843634077277,941.0256779524083,941.5219995125098,2773457,TATACONSUM.NS,Tata Consumer Products,FMCG
2025-03-06,951.1010131835938,957.9005942033325,936.1120659796168,956.9079511005311,2421530,TATACONSUM.NS,Tata Consumer Products,FMCG
2025-03-07,954.9722900390625,960.2829670191221,943.1598734042415,949.9594544603374,945675,TATACONSUM.NS,Tata Consumer Products,FMCG
2025-03-10,950.2572631835938,962.1689808307366,945.9889098105933,952.9374117714267,1660207,TATACONSUM.NS,Tata Consumer Products,FMCG
2025-03-11,952.7884521484375,955.3197405139646,923.2573200211355,948.9668004605314,2748541,TATACONSUM.NS,Tata Consumer Products,FMCG
2025-03-12,938.4944458007812,954.6745164685174,936.4098589062569,944.6488452349861,1619168,TATACONSUM.NS,Tata Consumer Products,FMCG
2025-03-13,939.1396484375,947.9741965983657,933.2334702364972,943.010980909369,907521,TATACONSUM.NS,Tata Consumer Products,FMCG
2025-03-17,933.53125,949.4631602263529,927.724251298794,939.139647370517,993027,TATACONSUM.NS,Tata Consumer Products,FMCG
2025-03-18,933.53125,933.53125,933.53125,933.53125,0,TATACONSUM.NS,Tata Consumer Products,FMCG
2025-03-19,942.862060546875,952.7884919284755,938.2959263457905,940.5293734066505,1650477,TATACONSUM.NS,Tata Consumer Products,FMCG
2025-03-20,958.7443237304688,960.5807498359735,943.259115446151,946.0881240757059,2403031,TATACONSUM.NS,Tata Consumer Products,FMCG
2025-03-21,954.1286010742188,964.9980556062169,949.5624062651939,960.8785623287235,3155551,TATACONSUM.NS,Tata Consumer Products,FMCG
2025-03-24,963.310546875,968.968624887552,949.463162961318,958.1487904322134,1475967,TATACONSUM.NS,Tata Consumer Products,FMCG
2025-03-25,963.5587158203125,972.691044898565,951.944778872216,971.7976418309692,1569597,TATACONSUM.NS,Tata Consumer Products,FMCG
2025-03-26,952.5899658203125,969.1174369217756,949.9098173593351,967.8270130216387,1399118,TATACONSUM.NS,Tata Consumer Products,FMCG
2025-03-27,966.3876953125,973.1873370217788,945.4925697979698,955.9153225359003,2585170,TATACONSUM.NS,Tata Consumer Products,FMCG
2025-03-28,994.5291748046875,1007.5327755552347,967.8270504102009,968.3233719745137,2313101,TATACONSUM.NS,Tata Consumer Products,FMCG
2025-04-01,984.9501342773438,1007.0860637014482,981.9722049220078,995.6210478006307,1045548,TATACONSUM.NS,Tata Consumer Products,FMCG
2025-04-02,1054.8818359375,1065.2550296458878,1007.5328057518587,1010.5107352269874,8717812,TATACONSUM.NS,Tata Consumer Products,FMCG
2025-04-03,1063.1207275390625,1067.3394605848525,1040.3891770108269,1042.1759830050025,1595000,TATACONSUM.NS,Tata Consumer Products,FMCG
2025-04-04,1079.8468017578125,1087.490226541086,1055.0804042015213,1057.6115714726861,4089261,TATACONSUM.NS,Tata Consumer Products,FMCG
2025-04-07,1039.644775390625,1069.771470656456,1011.5033664180582,1011.5033664180582,3200820,TATACONSUM.NS,Tata Consumer Products,FMCG
2025-04-08,1061.8800048828125,1065.602416678382,1037.063926245682,1048.2311616323907,1444712,TATACONSUM.NS,Tata Consumer Products,FMCG
2025-04-09,1081.7327880859375,1084.9091974485355,1052.2513373062463,1054.1869428284153,2274161,TATACONSUM.NS,Tata Consumer Products,FMCG
2025-04-11,1089.8228759765625,1117.71612265381,1085.7033829063987,1116.7234795608672,1888677,TATACONSUM.NS,Tata Consumer Products,FMCG
2025-04-15,1095.282470703125,1102.826534372572,1086.0508409833978,1100.146446349301,1023355,TATACONSUM.NS,Tata Consumer Products,FMCG
2025-04-16,1097.7640380859375,1100.741967411875,1078.804578945252,1086.0508009350142,679360,TATACONSUM.NS,Tata Consumer Products,FMCG
2025-04-17,1111.958740234375,1125.4587831874994,1086.4478613066733,1095.877970655612,1541674,TATACONSUM.NS,Tata Consumer Products,FMCG
2025-04-21,1112.7529296875,1121.1903961481098,1094.2897920199105,1111.9587667281876,692767,TATACONSUM.NS,Tata Consumer Products,FMCG
2025-04-22,1128.33740234375,1140.5469613651258,1109.9735043583237,1113.4477553285394,1231830,TATACONSUM.NS,Tata Consumer Products,FMCG
2025-04-23,1141.6387939453125,1148.090974032408,1124.2675398646709,1134.591052238474,1760325,TATACONSUM.NS,Tata Consumer Products,FMCG
2025-04-24,1152.7564697265625,1160.3005329816137,1090.219955010957,1142.5321974232054,5766752,TATACONSUM.NS,Tata Consumer Products,FMCG
2025-04-25,1147.1976318359375,1156.429261534256,1122.381553262241,1151.6645259792028,1451946,TATACONSUM.NS,Tata Consumer Products,FMCG
2025-04-28,1146.7012939453125,1153.9476372546098,1136.5763825002393,1137.6682657074914,663435,TATACONSUM.NS,Tata Consumer Products,FMCG
2025-04-29,1160.300537109375,1165.462232730601,1141.440318318526,1146.7012540147268,1439143,TATACONSUM.NS,Tata Consumer Products,FMCG
2025-04-30,1157.223388671875,1171.8151939523157,1143.9219467339417,1166.0578154326527,1477319,TATACONSUM.NS,Tata Consumer Products,FMCG
2025-05-02,1146.2049560546875,1167.5467830203559,1142.5322249992653,1148.4880836873588,825657,TATACONSUM.NS,Tata Consumer Products,FMCG
2025-05-05,1152.9549560546875,1164.965913282365,1144.5174897383165,1146.9990974784257,1359727,TATACONSUM.NS,Tata Consumer Products,FMCG
2025-05-06,1146.8006591796875,1164.8667157180867,1144.1204500192057,1152.9549981308544,1382140,TATACONSUM.NS,Tata Consumer Products,FMCG
2025-05-07,1137.5689697265625,1153.7491004001251,1128.0396203926225,1131.6131112463186,1792683,TATACONSUM.NS,Tata Consumer Products,FMCG
2025-05-08,1107.7896728515625,1131.6131066763273,1099.3522067052918,1127.6425343721999,2692162,TATACONSUM.NS,Tata Consumer Products,FMCG
2025-05-09,1105.506591796875,1110.3705673084226,1078.4075073849767,1089.9221433167131,815694,TATACONSUM.NS,Tata Consumer Products,FMCG
2025-05-12,1137.171875,1146.5027440780286,1114.7381658871222,1114.7381658871222,748637,TATACONSUM.NS,Tata Consumer Products,FMCG
2025-05-13,1110.37060546875,1141.8374660869918,1107.988237669764,1136.8742503275462,1096797,TATACONSUM.NS,Tata Consumer Products,FMCG
2025-05-14,1112.1573486328125,1120.594814946081,1107.5912146271412,1110.3705425916896,1386813,TATACONSUM.NS,Tata Consumer Products,FMCG
2025-05-15,1138.7601318359375,1150.671849203143,1097.3669624538006,1112.1573690858652,2064096,TATACONSUM.NS,Tata Consumer Products,FMCG
2025-05-16,1159.4071044921875,1164.8666413712176,1135.5836708382385,1146.403504523857,1336653,TATACONSUM.NS,Tata Consumer Products,FMCG
2025-05-19,1140.8447265625,1161.0945482126317,1134.5910267649745,1159.4071034658707,786128,TATACONSUM.NS,Tata Consumer Products,FMCG
2025-05-20,1120.19775390625,1146.7012765754046,1118.5103090817177,1140.5469377388404,825451,TATACONSUM.NS,Tata Consumer Products,FMCG
2025-05-21,1130.4219970703125,1145.013801994844,1115.5323507504836,1120.1977247951293,619421,TATACONSUM.NS,Tata Consumer Products,FMCG
2025-05-22,1118.4110107421875,1130.4220900324017,1107.2934557113458,1130.4220900324017,1414277,TATACONSUM.NS,Tata Consumer Products,FMCG
2025-05-23,1132.4073486328125,1143.5249033913246,1115.7308953227855,1118.2125031860478,897235,TATACONSUM.NS,Tata Consumer Products,FMCG
2025-05-26,1137.8668212890625,1144.9145629858892,1128.6351920932773,1128.6351920932773,616370,TATACONSUM.NS,Tata Consumer Products,FMCG
2025-05-27,1130.02490234375,1141.3410576485146,1118.9072271853538,1138.1645271008654,901912,TATACONSUM.NS,Tata Consumer Products,FMCG
2025-05-28,1113.1500244140625,1130.422039020482,1110.7676566800294,1130.0249575361006,492483,TATACONSUM.NS,Tata Consumer Products,FMCG
2025-05-29,1109.800048828125,1118.0999755859375,1098.199951171875,1115.699951171875,2556089,TATACONSUM.NS,Tata Consumer Products,FMCG
2025-05-30,1106.300048828125,1119.800048828125,1101.5999755859375,1109.800048828125,2475644,TATACONSUM.NS,Tata Consumer Products,FMCG
2025-06-02,1120.4000244140625,1125.0,1099.199951171875,1100.0,907133,TATACONSUM.NS,Tata Consumer Products,FMCG
2025-06-03,1114.5999755859375,1123.199951171875,1110.0999755859375,1116.0999755859375,795876,TATACONSUM.NS,Tata Consumer Products,FMCG
2025-06-04,1124.4000244140625,1125.9000244140625,1110.0,1110.0,635699,TATACONSUM.NS,Tata Consumer Products,FMCG
2025-06-05,1111.9000244140625,1127.0999755859375,1108.199951171875,1124.5,1044950,TATACONSUM.NS,Tata Consumer Products,FMCG
2025-06-06,1115.5999755859375,1123.9000244140625,1109.4000244140625,1111.9000244140625,503186,TATACONSUM.NS,Tata Consumer Products,FMCG
2025-06-09,1121.199951171875,1122.5,1110.199951171875,1115.5999755859375,467790,TATACONSUM.NS,Tata Consumer Products,FMCG
2025-06-10,1115.0999755859375,1128.5999755859375,1112.699951171875,1121.199951171875,460271,TATACONSUM.NS,Tata Consumer Products,FMCG
2025-06-11,1104.300048828125,1119.0,1102.0,1115.199951171875,862130,TATACONSUM.NS,Tata Consumer Products,FMCG
2025-06-12,1085.0999755859375,1108.9000244140625,1080.0,1108.9000244140625,941294,TATACONSUM.NS,Tata Consumer Products,FMCG
2025-06-13,1078.4000244140625,1080.5999755859375,1066.5999755859375,1066.5999755859375,614108,TATACONSUM.NS,Tata Consumer Products,FMCG
2025-06-16,1083.4000244140625,1085.0,1073.5999755859375,1074.0,439929,TATACONSUM.NS,Tata Consumer Products,FMCG
2025-06-17,1071.5999755859375,1094.0,1065.5,1083.4000244140625,664517,TATACONSUM.NS,Tata Consumer Products,FMCG
2025-06-18,1065.199951171875,1075.800048828125,1059.0,1066.4000244140625,545933,TATACONSUM.NS,Tata Consumer Products,FMCG
2025-06-19,1088.300048828125,1091.5999755859375,1061.5999755859375,1065.199951171875,2816398,TATACONSUM.NS,Tata Consumer Products,FMCG
2025-06-20,1100.199951171875,1103.0,1082.699951171875,1088.300048828125,2084108,TATACONSUM.NS,Tata Consumer Products,FMCG
2025-06-23,1109.4000244140625,1112.0,1090.0,1090.0,758904,TATACONSUM.NS,Tata Consumer Products,FMCG
2025-06-24,1107.699951171875,1116.9000244140625,1104.4000244140625,1112.0,1134930,TATACONSUM.NS,Tata Consumer Products,FMCG
2025-06-25,1126.5,1133.9000244140625,1106.5999755859375,1107.699951171875,1564437,TATACONSUM.NS,Tata Consumer Products,FMCG
2025-06-26,1145.4000244140625,1150.0,1119.0999755859375,1122.0,2236678,TATACONSUM.NS,Tata Consumer Products,FMCG
2025-06-27,1124.300048828125,1147.199951171875,1120.0,1144.0,622376,TATACONSUM.NS,Tata Consumer Products,FMCG
2025-06-30,1098.9000244140625,1126.699951171875,1090.5999755859375,1124.0,1836286,TATACONSUM.NS,Tata Consumer Products,FMCG
2025-07-01,1095.5999755859375,1100.699951171875,1085.9000244140625,1098.9000244140625,971874,TATACONSUM.NS,Tata Consumer Products,FMCG
2025-07-02,1095.800048828125,1098.300048828125,1084.0,1094.0,1230645,TATACONSUM.NS,Tata Consumer Products,FMCG
2025-07-03,1089.4000244140625,1105.800048828125,1086.699951171875,1096.0,730322,TATACONSUM.NS,Tata Consumer Products,FMCG
2025-07-04,1089.699951171875,1095.0,1082.0,1091.0,573351,TATACONSUM.NS,Tata Consumer Products,FMCG
2025-07-07,1101.9000244140625,1108.199951171875,1085.0,1085.0,1152136,TATACONSUM.NS,Tata Consumer Products,FMCG
2025-07-08,1099.9000244140625,1108.5999755859375,1093.5,1108.0,605639,TATACONSUM.NS,Tata Consumer Products,FMCG
2025-07-09,1097.9000244140625,1107.4000244140625,1091.5999755859375,1100.0,752158,TATACONSUM.NS,Tata Consumer Products,FMCG
2025-07-10,1088.9000244140625,1103.699951171875,1080.0999755859375,1097.9000244140625,533377,TATACONSUM.NS,Tata Consumer Products,FMCG
2025-07-11,1076.800048828125,1101.800048828125,1074.0,1083.9000244140625,983485,TATACONSUM.NS,Tata Consumer Products,FMCG
2025-07-14,1071.800048828125,1083.5,1070.0,1076.800048828125,770739,TATACONSUM.NS,Tata Consumer Products,FMCG
2025-07-15,1081.800048828125,1085.0,1067.5,1071.800048828125,538506,TATACONSUM.NS,Tata Consumer Products,FMCG
2025-07-16,1081.5,1089.9000244140625,1068.199951171875,1081.800048828125,1753658,TATACONSUM.NS,Tata Consumer Products,FMCG
2025-07-17,1105.800048828125,1109.699951171875,1080.0,1081.5,1193262,TATACONSUM.NS,Tata Consumer Products,FMCG
2025-07-18,1095.9000244140625,1108.300048828125,1093.5,1106.0,844437,TATACONSUM.NS,Tata Consumer Products,FMCG
2025-07-21,1090.300048828125,1095.800048828125,1077.0,1095.800048828125,805610,TATACONSUM.NS,Tata Consumer Products,FMCG
2025-07-22,1084.800048828125,1090.300048828125,1075.300048828125,1089.9000244140625,961735,TATACONSUM.NS,Tata Consumer Products,FMCG
2025-07-23,1062.5999755859375,1087.0,1051.0,1085.0,1508414,TATACONSUM.NS,Tata Consumer Products,FMCG
2025-07-24,1072.800048828125,1104.5,1065.5,1084.0,6264546,TATACONSUM.NS,Tata Consumer Products,FMCG
2025-07-25,1054.4000244140625,1079.800048828125,1050.0,1078.0,1180451,TATACONSUM.NS,Tata Consumer Products,FMCG
2025-07-28,1059.9000244140625,1071.0,1044.4000244140625,1048.0,1219854,TATACONSUM.NS,Tata Consumer Products,FMCG
2025-07-29,1061.5999755859375,1076.199951171875,1054.0,1059.9000244140625,944513,TATACONSUM.NS,Tata Consumer Products,FMCG
2025-07-30,1073.0999755859375,1083.0,1056.0,1056.0,1175543,TATACONSUM.NS,Tata Consumer Products,FMCG
2025-07-31,1073.199951171875,1079.699951171875,1054.5,1068.699951171875,1114320,TATACONSUM.NS,Tata Consumer Products,FMCG
2025-08-01,1070.4000244140625,1089.9000244140625,1067.0,1067.0999755859375,1040166,TATACONSUM.NS,Tata Consumer Products,FMCG
2025-08-04,1072.5999755859375,1075.5999755859375,1060.0,1070.4000244140625,663828,TATACONSUM.NS,Tata Consumer Products,FMCG
2025-08-05,1064.5999755859375,1073.0,1059.0999755859375,1072.5999755859375,861402,TATACONSUM.NS,Tata Consumer Products,FMCG
2025-08-06,1052.800048828125,1067.300048828125,1050.5999755859375,1061.0,598309,TATACONSUM.NS,Tata Consumer Products,FMCG
2025-08-07,1052.800048828125,1056.5,1038.699951171875,1051.0,600790,TATACONSUM.NS,Tata Consumer Products,FMCG
2025-08-08,1051.0,1062.0,1043.0,1052.0,843741,TATACONSUM.NS,Tata Consumer Products,FMCG
2025-08-11,1059.0999755859375,1062.9000244140625,1037.699951171875,1048.0,617689,TATACONSUM.NS,Tata Consumer Products,FMCG
2025-08-12,1046.800048828125,1062.9000244140625,1045.0,1055.800048828125,651741,TATACONSUM.NS,Tata Consumer Products,FMCG
2025-08-13,1056.0999755859375,1058.699951171875,1043.199951171875,1047.800048828125,501792,TATACONSUM.NS,Tata Consumer Products,FMCG
2025-08-14,1051.199951171875,1059.4000244140625,1045.4000244140625,1057.199951171875,767620,TATACONSUM.NS,Tata Consumer Products,FMCG
2025-08-18,1071.300048828125,1090.0,1059.0,1061.0,1099268,TATACONSUM.NS,Tata Consumer Products,FMCG
2025-08-19,1085.800048828125,1092.9000244140625,1069.0,1076.699951171875,667231,TATACONSUM.NS,Tata Consumer Products,FMCG
2025-08-20,1105.300048828125,1106.9000244140625,1078.9000244140625,1086.0,871108,TATACONSUM.NS,Tata Consumer Products,FMCG
2025-08-21,1088.0999755859375,1104.0,1086.5,1104.0,614098,TATACONSUM.NS,Tata Consumer Products,FMCG
2025-08-22,1084.0999755859375,1091.699951171875,1080.0,1087.199951171875,394813,TATACONSUM.NS,Tata Consumer Products,FMCG
2025-08-25,1081.5999755859375,1091.300048828125,1079.0999755859375,1085.0,444715,TATACONSUM.NS,Tata Consumer Products,FMCG
2025-08-26,1079.9000244140625,1091.800048828125,1070.0999755859375,1074.0999755859375,1201357,TATACONSUM.NS,Tata Consumer Products,FMCG
2025-08-28,1062.4000244140625,1085.199951171875,1060.0,1081.5,641975,TATACONSUM.NS,Tata Consumer Products,FMCG
2025-08-29,1065.4000244140625,1077.5,1055.199951171875,1065.0,1079893,TATACONSUM.NS,Tata Consumer Products,FMCG
2025-09-01,1075.699951171875,1077.0,1057.0,1059.0999755859375,807324,TATACONSUM.NS,Tata Consumer Products,FMCG
2025-09-02,1100.800048828125,1105.5999755859375,1074.0999755859375,1077.0,1649975,TATACONSUM.NS,Tata Consumer Products,FMCG
2025-09-03,1104.4000244140625,1106.5999755859375,1086.5,1102.9000244140625,1244093,TATACONSUM.NS,Tata Consumer Products,FMCG
2025-09-04,1071.0999755859375,1126.0,1067.199951171875,1126.0,2407789,TATACONSUM.NS,Tata Consumer Products,FMCG
2025-09-05,1072.4000244140625,1077.5,1061.199951171875,1074.0,1130356,TATACONSUM.NS,Tata Consumer Products,FMCG
2025-09-08,1074.199951171875,1081.300048828125,1068.699951171875,1072.4000244140625,600835,TATACONSUM.NS,Tata Consumer Products,FMCG
2025-09-09,1083.5,1086.0,1068.0999755859375,1074.199951171875,779147,TATACONSUM.NS,Tata Consumer Products,FMCG
2025-09-10,1101.0,1103.0,1081.699951171875,1083.5,1200433,TATACONSUM.NS,Tata Consumer Products,FMCG
2025-09-11,1105.300048828125,1107.800048828125,1094.300048828125,1099.0,1030547,TATACONSUM.NS,Tata Consumer Products,FMCG
2025-09-12,1103.9000244140625,1109.300048828125,1095.199951171875,1105.0,1131972,TATACONSUM.NS,Tata Consumer Products,FMCG
2025-09-15,1102.5999755859375,1107.9000244140625,1090.5999755859375,1103.9000244140625,1491729,TATACONSUM.NS,Tata Consumer Products,FMCG
2025-09-16,1092.0999755859375,1105.4000244140625,1087.0,1103.0,641025,TATACONSUM.NS,Tata Consumer Products,FMCG
2025-09-17,1136.300048828125,1138.800048828125,1103.0999755859375,1103.0999755859375,3361334,TATACONSUM.NS,Tata Consumer Products,FMCG
2025-09-18,1129.300048828125,1144.4000244140625,1123.0,1136.300048828125,1030976,TATACONSUM.NS,Tata Consumer Products,FMCG
2025-09-19,1126.800048828125,1132.5999755859375,1114.4000244140625,1128.5,1438338,TATACONSUM.NS,Tata Consumer Products,FMCG
2025-09-22,1130.0999755859375,1136.800048828125,1119.9000244140625,1120.0,701996,TATACONSUM.NS,Tata Consumer Products,FMCG
2025-09-23,1128.5,1134.5999755859375,1118.4000244140625,1131.0,1082761,TATACONSUM.NS,Tata Consumer Products,FMCG
2025-09-24,1140.0999755859375,1147.0999755859375,1118.4000244140625,1125.0,1100753,TATACONSUM.NS,Tata Consumer Products,FMCG
2025-09-25,1134.199951171875,1146.5,1127.5999755859375,1145.0,1023970,TATACONSUM.NS,Tata Consumer Products,FMCG
2025-09-26,1119.0,1136.9000244140625,1117.199951171875,1126.0,565909,TATACONSUM.NS,Tata Consumer Products,FMCG
2025-09-29,1123.0999755859375,1130.4000244140625,1103.0,1119.0,1372491,TATACONSUM.NS,Tata Consumer Products,FMCG
2025-09-30,1129.300048828125,1133.199951171875,1114.0,1123.0,1377509,TATACONSUM.NS,Tata Consumer Products,FMCG
2025-10-01,1144.800048828125,1149.800048828125,1122.0999755859375,1129.0999755859375,789835,TATACONSUM.NS,Tata Consumer Products,FMCG
2025-10-03,1137.5,1150.0,1129.0999755859375,1146.0,1567152,TATACONSUM.NS,Tata Consumer Products,FMCG
2025-10-06,1142.0999755859375,1152.0,1132.300048828125,1133.0,1472109,TATACONSUM.NS,Tata Consumer Products,FMCG
2025-10-07,1120.0,1144.9000244140625,1115.300048828125,1136.4000244140625,1354474,TATACONSUM.NS,Tata Consumer Products,FMCG
2025-10-08,1120.199951171875,1126.699951171875,1110.0,1112.0,963508,TATACONSUM.NS,Tata Consumer Products,FMCG
2025-10-09,1118.0,1124.4000244140625,1114.5,1117.0,852898,TATACONSUM.NS,Tata Consumer Products,FMCG
2025-10-10,1126.5,1131.4000244140625,1108.4000244140625,1116.0,982270,TATACONSUM.NS,Tata Consumer Products,FMCG
2025-10-13,1117.0,1132.4000244140625,1112.5,1120.0,832628,TATACONSUM.NS,Tata Consumer Products,FMCG
2025-10-14,1118.9000244140625,1124.5,1110.699951171875,1115.0,1033610,TATACONSUM.NS,Tata Consumer Products,FMCG
2025-10-15,1114.199951171875,1122.0999755859375,1112.199951171875,1118.9000244140625,1299596,TATACONSUM.NS,Tata Consumer Products,FMCG
2025-10-16,1149.300048828125,1154.199951171875,1109.0,1114.199951171875,2383412,TATACONSUM.NS,Tata Consumer Products,FMCG
2025-10-17,1166.0,1173.5,1142.5,1152.199951171875,2001759,TATACONSUM.NS,Tata Consumer Products,FMCG
2025-10-20,1176.4000244140625,1187.5,1163.5999755859375,1166.9000244140625,1751305,TATACONSUM.NS,Tata Consumer Products,FMCG
2025-10-21,1174.5999755859375,1184.4000244140625,1172.5,1176.4000244140625,123219,TATACONSUM.NS,Tata Consumer Products,FMCG
2025-10-23,1161.0,1191.199951171875,1158.0,1174.5999755859375,1137414,TATACONSUM.NS,Tata Consumer Products,FMCG
2025-10-24,1155.300048828125,1163.300048828125,1144.4000244140625,1163.300048828125,1103267,TATACONSUM.NS,Tata Consumer Products,FMCG
2025-10-27,1169.9000244140625,1180.0,1155.9000244140625,1155.9000244140625,874449,TATACONSUM.NS,Tata Consumer Products,FMCG
2025-10-28,1168.9000244140625,1176.4000244140625,1157.800048828125,1169.300048828125,842574,TATACONSUM.NS,Tata Consumer Products,FMCG
2025-10-29,1177.0999755859375,1188.0,1167.300048828125,1169.0,1017034,TATACONSUM.NS,Tata Consumer Products,FMCG
2025-10-30,1176.5999755859375,1184.0,1167.0,1184.0,900192,TATACONSUM.NS,Tata Consumer Products,FMCG
2025-10-31,1165.0,1183.5,1157.800048828125,1171.0,749738,TATACONSUM.NS,Tata Consumer Products,FMCG
2025-11-03,1197.5,1202.800048828125,1157.199951171875,1164.800048828125,2595111,TATACONSUM.NS,Tata Consumer Products,FMCG
2025-11-04,1179.300048828125,1199.800048828125,1138.0999755859375,1199.800048828125,2886618,TATACONSUM.NS,Tata Consumer Products,FMCG
2025-11-06,1190.4000244140625,1192.5,1167.4000244140625,1172.0999755859375,2401724,TATACONSUM.NS,Tata Consumer Products,FMCG
2025-11-07,1167.199951171875,1187.800048828125,1155.800048828125,1185.0,1351606,TATACONSUM.NS,Tata Consumer Products,FMCG
2025-11-10,1142.699951171875,1173.800048828125,1138.5999755859375,1167.199951171875,1586398,TATACONSUM.NS,Tata Consumer Products,FMCG
2025-11-11,1156.199951171875,1159.0,1134.0,1148.0,1177071,TATACONSUM.NS,Tata Consumer Products,FMCG
2025-11-12,1162.0,1165.800048828125,1153.0999755859375,1156.300048828125,1168588,TATACONSUM.NS,Tata Consumer Products,FMCG
2025-11-13,1154.800048828125,1168.0,1146.5999755859375,1168.0,1603498,TATACONSUM.NS,Tata Consumer Products,FMCG
2025-11-14,1157.800048828125,1163.5999755859375,1146.800048828125,1149.0,1832598,TATACONSUM.NS,Tata Consumer Products,FMCG
2025-11-17,1178.9000244140625,1182.800048828125,1158.0,1166.0,2105780,TATACONSUM.NS,Tata Consumer Products,FMCG
2025-11-18,1154.0999755859375,1178.699951171875,1151.9000244140625,1178.699951171875,1695622,TATACONSUM.NS,Tata Consumer Products,FMCG
2025-11-19,1162.0999755859375,1165.800048828125,1149.0,1154.0999755859375,1935207,TATACONSUM.NS,Tata Consumer Products,FMCG
2025-11-20,1173.9000244140625,1179.4000244140625,1163.0,1164.9000244140625,2193836,TATACONSUM.NS,Tata Consumer Products,FMCG
2025-11-21,1183.0999755859375,1187.0,1162.5,1173.9000244140625,3194549,TATACONSUM.NS,Tata Consumer Products,FMCG
2025-11-24,1186.0,1194.699951171875,1171.800048828125,1188.5,4765158,TATACONSUM.NS,Tata Consumer Products,FMCG
2025-11-25,1177.699951171875,1194.0,1165.699951171875,1188.0,1258048,TATACONSUM.NS,Tata Consumer Products,FMCG
2025-11-26,1185.300048828125,1187.0,1150.0,1150.0,713335,TATACONSUM.NS,Tata Consumer Products,FMCG
2025-11-27,1177.699951171875,1192.9000244140625,1168.300048828125,1187.0,1118308,TATACONSUM.NS,Tata Consumer Products,FMCG
2025-11-28,1172.4000244140625,1182.0999755859375,1165.699951171875,1177.0999755859375,1020242,TATACONSUM.NS,Tata Consumer Products,FMCG
2025-12-01,1163.800048828125,1178.0,1159.5999755859375,1172.4000244140625,487062,TATACONSUM.NS,Tata Consumer Products,FMCG
2025-12-02,1162.199951171875,1173.0999755859375,1156.199951171875,1160.0,708989,TATACONSUM.NS,Tata Consumer Products,FMCG
2025-12-03,1140.0,1163.4000244140625,1133.5999755859375,1159.800048828125,716554,TATACONSUM.NS,Tata Consumer Products,FMCG
2025-12-04,1148.4000244140625,1154.0,1137.0999755859375,1153.0,703643,TATACONSUM.NS,Tata Consumer Products,FMCG
2025-12-05,1162.9000244140625,1165.300048828125,1140.0999755859375,1148.4000244140625,699541,TATACONSUM.NS,Tata Consumer Products,FMCG
2025-12-08,1145.800048828125,1171.0,1142.300048828125,1162.9000244140625,590111,TATACONSUM.NS,Tata Consumer Products,FMCG
2025-12-09,1146.699951171875,1151.0999755859375,1131.9000244140625,1140.5999755859375,851746,TATACONSUM.NS,Tata Consumer Products,FMCG
2025-12-10,1140.0999755859375,1156.699951171875,1138.300048828125,1141.0999755859375,342793,TATACONSUM.NS,Tata Consumer Products,FMCG
2025-12-11,1142.0999755859375,1154.199951171875,1135.0,1136.0999755859375,616435,TATACONSUM.NS,Tata Consumer Products,FMCG
2025-12-12,1149.300048828125,1151.0,1138.0,1142.0999755859375,751834,TATACONSUM.NS,Tata Consumer Products,FMCG
2025-12-15,1157.4000244140625,1169.4000244140625,1140.0999755859375,1143.0,1037323,TATACONSUM.NS,Tata Consumer Products,FMCG
2025-12-16,1169.9000244140625,1176.699951171875,1153.4000244140625,1157.4000244140625,1181775,TATACONSUM.NS,Tata Consumer Products,FMCG
2025-12-17,1179.800048828125,1187.9000244140625,1170.0,1170.0,1502200,TATACONSUM.NS,Tata Consumer Products,FMCG
2025-12-18,1171.5,1183.5999755859375,1168.0,1176.9000244140625,568209,TATACONSUM.NS,Tata Consumer Products,FMCG
2025-12-19,1184.0,1186.300048828125,1169.5999755859375,1171.5,598033,TATACONSUM.NS,Tata Consumer Products,FMCG
2025-12-22,1178.800048828125,1188.699951171875,1174.0999755859375,1184.0,670307,TATACONSUM.NS,Tata Consumer Products,FMCG
2025-12-23,1185.5999755859375,1187.300048828125,1171.0,1178.800048828125,805182,TATACONSUM.NS,Tata Consumer Products,FMCG
2025-12-24,1179.199951171875,1189.5,1171.4000244140625,1187.300048828125,530345,TATACONSUM.NS,Tata Consumer Products,FMCG
2025-12-26,1175.699951171875,1179.800048828125,1172.0,1173.5999755859375,322741,TATACONSUM.NS,Tata Consumer Products,FMCG
2025-12-29,1195.199951171875,1200.9000244140625,1170.5,1174.0,1806020,TATACONSUM.NS,Tata Consumer Products,FMCG
2025-12-30,1179.0,1201.800048828125,1171.0999755859375,1200.699951171875,2256987,TATACONSUM.NS,Tata Consumer Products,FMCG
2025-12-31,1192.0,1195.0999755859375,1172.5999755859375,1179.0,960678,TATACONSUM.NS,Tata Consumer Products,FMCG
2026-01-01,1176.9000244140625,1195.5,1173.300048828125,1192.0,947192,TATACONSUM.NS,Tata Consumer Products,FMCG
2026-01-02,1170.699951171875,1185.699951171875,1168.4000244140625,1176.9000244140625,955406,TATACONSUM.NS,Tata Consumer Products,FMCG
2026-01-05,1182.0999755859375,1191.0,1165.0,1165.0,1521762,TATACONSUM.NS,Tata Consumer Products,FMCG
2026-01-06,1210.4000244140625,1215.0,1182.0999755859375,1182.0999755859375,1202300,TATACONSUM.NS,Tata Consumer Products,FMCG
2026-01-07,1212.5999755859375,1220.9000244140625,1205.300048828125,1216.4000244140625,1021615,TATACONSUM.NS,Tata Consumer Products,FMCG
2026-01-08,1197.4000244140625,1212.0,1193.0,1212.0,562710,TATACONSUM.NS,Tata Consumer Products,FMCG
2026-01-09,1175.9000244140625,1207.800048828125,1173.800048828125,1197.300048828125,555547,TATACONSUM.NS,Tata Consumer Products,FMCG
2026-01-12,1192.300048828125,1196.699951171875,1173.5,1173.5,663978,TATACONSUM.NS,Tata Consumer Products,FMCG
2026-01-13,1189.4000244140625,1198.300048828125,1181.300048828125,1190.0,598454,TATACONSUM.NS,Tata Consumer Products,FMCG
2026-01-14,1171.4000244140625,1191.0,1168.5999755859375,1189.4000244140625,577684,TATACONSUM.NS,Tata Consumer Products,FMCG
2026-01-15,1171.4000244140625,1171.4000244140625,1171.4000244140625,1171.4000244140625,0,TATACONSUM.NS,Tata Consumer Products,FMCG
2026-01-16,1189.0999755859375,1199.699951171875,1166.300048828125,1171.300048828125,1250225,TATACONSUM.NS,Tata Consumer Products,FMCG
2026-01-19,1180.199951171875,1188.5999755859375,1174.0,1180.199951171875,547580,TATACONSUM.NS,Tata Consumer Products,FMCG
2026-01-20,1185.0,1203.9000244140625,1176.300048828125,1180.0,2027446,TATACONSUM.NS,Tata Consumer Products,FMCG
2026-01-21,1163.5999755859375,1197.5,1158.699951171875,1180.5,946906,TATACONSUM.NS,Tata Consumer Products,FMCG
2026-01-22,1175.199951171875,1188.5,1163.699951171875,1165.4000244140625,1495139,TATACONSUM.NS,Tata Consumer Products,FMCG
2026-01-23,1153.5,1187.800048828125,1149.699951171875,1178.5,1456971,TATACONSUM.NS,Tata Consumer Products,FMCG
2026-01-27,1187.4000244140625,1200.0,1149.5,1158.5999755859375,3844021,TATACONSUM.NS,Tata Consumer Products,FMCG
2026-01-28,1131.800048828125,1192.699951171875,1114.0,1190.0,4560055,TATACONSUM.NS,Tata Consumer Products,FMCG
2026-01-29,1107.199951171875,1131.4000244140625,1100.0999755859375,1130.0,2786421,TATACONSUM.NS,Tata Consumer Products,FMCG
2026-01-30,1133.9000244140625,1138.9000244140625,1100.0999755859375,1106.5,2570464,TATACONSUM.NS,Tata Consumer Products,FMCG
2026-02-02,1125.4000244140625,1132.699951171875,1084.0,1092.9000244140625,1776779,TATACONSUM.NS,Tata Consumer Products,FMCG
2026-02-03,1155.4000244140625,1180.9000244140625,1136.0999755859375,1148.9000244140625,1254462,TATACONSUM.NS,Tata Consumer Products,FMCG
2026-02-04,1153.0,1170.699951171875,1145.9000244140625,1154.0,1109383,TATACONSUM.NS,Tata Consumer Products,FMCG
2026-02-05,1155.9000244140625,1163.5999755859375,1145.300048828125,1149.5,1162295,TATACONSUM.NS,Tata Consumer Products,FMCG
2026-02-06,1159.300048828125,1162.0,1146.0,1146.0,830634,TATACONSUM.NS,Tata Consumer Products,FMCG
2026-02-09,1167.199951171875,1175.0,1156.0,1159.300048828125,1105510,TATACONSUM.NS,Tata Consumer Products,FMCG
2026-02-10,1152.199951171875,1167.800048828125,1148.5999755859375,1167.199951171875,978264,TATACONSUM.NS,Tata Consumer Products,FMCG
2026-02-11,1152.5999755859375,1166.199951171875,1150.199951171875,1157.5999755859375,751635,TATACONSUM.NS,Tata Consumer Products,FMCG
2026-02-12,1149.300048828125,1157.0,1142.300048828125,1157.0,624666,TATACONSUM.NS,Tata Consumer Products,FMCG
2026-02-13,1132.199951171875,1154.0,1125.4000244140625,1148.9000244140625,525887,TATACONSUM.NS,Tata Consumer Products,FMCG
2026-02-16,1139.199951171875,1141.800048828125,1117.0999755859375,1128.5,780629,TATACONSUM.NS,Tata Consumer Products,FMCG
2026-02-17,1148.5,1151.0,1131.699951171875,1133.5,442621,TATACONSUM.NS,Tata Consumer Products,FMCG
2026-02-18,1169.699951171875,1173.199951171875,1145.800048828125,1148.0,641938,TATACONSUM.NS,Tata Consumer Products,FMCG
2026-02-19,1160.5,1169.0,1151.699951171875,1169.0,994383,TATACONSUM.NS,Tata Consumer Products,FMCG
2026-02-20,1156.199951171875,1168.5,1153.5,1162.0999755859375,484995,TATACONSUM.NS,Tata Consumer Products,FMCG
2026-02-23,1171.800048828125,1179.5,1155.199951171875,1156.199951171875,623773,TATACONSUM.NS,Tata Consumer Products,FMCG
2026-02-24,1178.0,1182.4000244140625,1160.699951171875,1161.0,625615,TATACONSUM.NS,Tata Consumer Products,FMCG
2026-02-25,1172.300048828125,1185.0,1161.0,1183.0999755859375,565726,TATACONSUM.NS,Tata Consumer Products,FMCG
2026-02-26,1159.5,1177.4000244140625,1153.5,1172.0,629003,TATACONSUM.NS,Tata Consumer Products,FMCG
2026-02-27,1141.0,1159.5,1134.9000244140625,1151.0999755859375,2035788,TATACONSUM.NS,Tata Consumer Products,FMCG
2026-03-02,1125.199951171875,1145.800048828125,1110.800048828125,1110.800048828125,1368110,TATACONSUM.NS,Tata Consumer Products,FMCG
2026-03-04,1110.5999755859375,1118.800048828125,1098.699951171875,1114.5,1221984,TATACONSUM.NS,Tata Consumer Products,FMCG
2026-03-05,1119.0999755859375,1123.699951171875,1095.800048828125,1112.300048828125,1368338,TATACONSUM.NS,Tata Consumer Products,FMCG
2026-03-06,1116.699951171875,1128.699951171875,1112.0999755859375,1119.0999755859375,919798,TATACONSUM.NS,Tata Consumer Products,FMCG
2026-03-09,1102.5,1106.9000244140625,1082.5,1086.699951171875,1007371,TATACONSUM.NS,Tata Consumer Products,FMCG
2026-03-10,1099.5,1111.0,1096.0,1102.4000244140625,1165119,TATACONSUM.NS,Tata Consumer Products,FMCG
2026-03-11,1073.4000244140625,1102.0999755859375,1070.199951171875,1102.0,1066872,TATACONSUM.NS,Tata Consumer Products,FMCG
2026-03-12,1057.800048828125,1072.800048828125,1051.4000244140625,1070.5,961388,TATACONSUM.NS,Tata Consumer Products,FMCG
2026-03-13,1083.5999755859375,1093.9000244140625,1048.0,1049.0,2855691,TATACONSUM.NS,Tata Consumer Products,FMCG
2026-03-16,1092.699951171875,1099.699951171875,1071.0,1083.5999755859375,1527989,TATACONSUM.NS,Tata Consumer Products,FMCG
2026-03-17,1078.0,1104.199951171875,1074.0,1092.699951171875,1998285,TATACONSUM.NS,Tata Consumer Products,FMCG
2026-03-18,1075.0999755859375,1085.199951171875,1068.0,1075.5999755859375,1092393,TATACONSUM.NS,Tata Consumer Products,FMCG
2026-03-19,1044.5999755859375,1067.9000244140625,1039.4000244140625,1055.0999755859375,747138,TATACONSUM.NS,Tata Consumer Products,FMCG
2026-03-20,1050.199951171875,1056.0,1043.5,1054.699951171875,2095970,TATACONSUM.NS,Tata Consumer Products,FMCG
2026-03-23,1023.5999755859375,1042.0,1019.5999755859375,1036.0999755859375,2006447,TATACONSUM.NS,Tata Consumer Products,FMCG
2026-03-24,1053.0999755859375,1059.5,1022.7999877929688,1030.9000244140625,1423695,TATACONSUM.NS,Tata Consumer Products,FMCG
2026-03-25,1056.0999755859375,1073.0,1050.5999755859375,1053.0999755859375,1566241,TATACONSUM.NS,Tata Consumer Products,FMCG
2026-03-27,1048.5,1057.5,1032.699951171875,1049.300048828125,1815831,TATACONSUM.NS,Tata Consumer Products,FMCG
2026-03-30,1014.7999877929688,1047.9000244140625,1010.7999877929688,1038.800048828125,1801570,TATACONSUM.NS,Tata Consumer Products,FMCG
2026-04-01,1023.7999877929688,1036.0,1013.0,1025.0,1309809,TATACONSUM.NS,Tata Consumer Products,FMCG
2026-04-02,1042.0,1046.0999755859375,1007.2000122070312,1020.0,2586178,TATACONSUM.NS,Tata Consumer Products,FMCG
2026-04-06,1055.199951171875,1063.5999755859375,1022.7000122070312,1043.0,2179297,TATACONSUM.NS,Tata Consumer Products,FMCG
2026-04-07,1062.0,1064.4000244140625,1034.5999755859375,1045.300048828125,1342335,TATACONSUM.NS,Tata Consumer Products,FMCG
2026-04-08,1068.5,1091.9000244140625,1066.0,1076.0,1950233,TATACONSUM.NS,Tata Consumer Products,FMCG
2026-04-09,1078.0,1087.0,1060.0999755859375,1062.5,2167226,TATACONSUM.NS,Tata Consumer Products,FMCG
2026-04-10,1093.699951171875,1095.800048828125,1079.0,1086.0999755859375,1580158,TATACONSUM.NS,Tata Consumer Products,FMCG
2026-04-13,1090.300048828125,1093.5,1073.800048828125,1075.5,1688476,TATACONSUM.NS,Tata Consumer Products,FMCG
2026-04-15,1094.199951171875,1108.300048828125,1091.699951171875,1098.199951171875,1384602,TATACONSUM.NS,Tata Consumer Products,FMCG
2026-04-16,1102.5999755859375,1105.0999755859375,1081.699951171875,1098.0,1439626,TATACONSUM.NS,Tata Consumer Products,FMCG
2026-04-17,1113.199951171875,1126.4000244140625,1091.0999755859375,1098.4000244140625,1287668,TATACONSUM.NS,Tata Consumer Products,FMCG
2026-04-20,1120.4000244140625,1129.5,1106.699951171875,1113.199951171875,1132404,TATACONSUM.NS,Tata Consumer Products,FMCG
2026-04-21,1142.0,1145.5999755859375,1120.5,1125.0,1072221,TATACONSUM.NS,Tata Consumer Products,FMCG
2026-04-22,1178.5999755859375,1194.9000244140625,1139.800048828125,1144.0,4284220,TATACONSUM.NS,Tata Consumer Products,FMCG
2026-04-23,1184.4000244140625,1188.9000244140625,1160.0999755859375,1178.0,1581113,TATACONSUM.NS,Tata Consumer Products,FMCG
2026-04-24,1174.0,1197.0,1162.0,1185.0,1235448,TATACONSUM.NS,Tata Consumer Products,FMCG
2026-04-27,1160.5,1183.9000244140625,1155.0,1168.0,1019797,TATACONSUM.NS,Tata Consumer Products,FMCG
2026-04-28,1147.699951171875,1159.800048828125,1144.0,1150.199951171875,1646292,TATACONSUM.NS,Tata Consumer Products,FMCG
2026-04-29,1168.0,1171.199951171875,1147.699951171875,1147.699951171875,1346355,TATACONSUM.NS,Tata Consumer Products,FMCG
2026-04-30,1144.5999755859375,1170.0,1139.4000244140625,1170.0,1433160,TATACONSUM.NS,Tata Consumer Products,FMCG
2026-05-01,1144.5999755859375,1144.5999755859375,1144.5999755859375,1144.5999755859375,0,TATACONSUM.NS,Tata Consumer Products,FMCG
2026-05-04,1160.4000244140625,1174.4000244140625,1149.699951171875,1149.699951171875,1313831,TATACONSUM.NS,Tata Consumer Products,FMCG
2026-05-05,1153.5,1166.800048828125,1149.0,1161.199951171875,1065572,TATACONSUM.NS,Tata Consumer Products,FMCG
2026-05-06,1152.199951171875,1166.9000244140625,1138.9000244140625,1160.0,1566762,TATACONSUM.NS,Tata Consumer Products,FMCG
2026-05-07,1151.699951171875,1162.199951171875,1135.5999755859375,1152.199951171875,1465163,TATACONSUM.NS,Tata Consumer Products,FMCG
2026-05-08,1176.199951171875,1194.0,1155.0,1155.0,3672201,TATACONSUM.NS,Tata Consumer Products,FMCG
2026-05-11,1271.0,1279.4000244140625,1200.0,1202.199951171875,19203071,TATACONSUM.NS,Tata Consumer Products,FMCG
2026-05-12,1253.0,1282.699951171875,1250.4000244140625,1269.699951171875,3357918,TATACONSUM.NS,Tata Consumer Products,FMCG
2026-05-13,1235.0,1277.9000244140625,1233.0,1249.0999755859375,2412317,TATACONSUM.NS,Tata Consumer Products,FMCG
2026-05-14,1228.300048828125,1250.0,1224.300048828125,1241.0,1390903,TATACONSUM.NS,Tata Consumer Products,FMCG
2026-05-15,1234.0,1255.0999755859375,1225.800048828125,1228.800048828125,2755516,TATACONSUM.NS,Tata Consumer Products,FMCG
2026-05-18,1231.0,1233.4000244140625,1215.0999755859375,1230.699951171875,1494098,TATACONSUM.NS,Tata Consumer Products,FMCG
2026-05-19,1210.9000244140625,1236.5999755859375,1206.4000244140625,1231.0,2163846,TATACONSUM.NS,Tata Consumer Products,FMCG
2026-05-20,,,,,1718101,TATACONSUM.NS,Tata Consumer Products,FMCG
