Date,Close,High,Low,Open,Volume,Ticker,Company,Sector
2021-05-21,2707.99658203125,2714.7654317164456,2685.6681130389425,2690.8545812685134,1685566,TCS.NS,TCS,IT
2021-05-24,2708.87548828125,2729.533795590875,2700.5242576667206,2708.87548828125,1652260,TCS.NS,TCS,IT
2021-05-25,2750.8359375,2763.4240595646675,2722.656297882168,2731.401643786127,1841613,TCS.NS,TCS,IT
2021-05-26,2790.146728515625,2795.88867999112,2741.826041540108,2756.136708237692,1923753,TCS.NS,TCS,IT
2021-05-27,2809.13916015625,2842.4866454694256,2793.061740172022,2793.194160468886,5959785,TCS.NS,TCS,IT
2021-05-28,2776.98388671875,2825.0395068850357,2769.960867380018,2817.530802754791,1763701,TCS.NS,TCS,IT
2021-05-31,2790.720703125,2800.6146992644194,2763.7337050232063,2782.637888857994,1652799,TCS.NS,TCS,IT
2021-06-01,2785.287841796875,2800.261039677647,2766.736923725916,2799.068610059735,1377441,TCS.NS,TCS,IT
2021-06-02,2764.484130859375,2790.9854410639764,2751.719376244468,2783.388528206253,2240078,TCS.NS,TCS,IT
2021-06-03,2774.907470703125,2786.6564256904326,2758.476575377336,2786.6564256904326,1281706,TCS.NS,TCS,IT
2021-06-04,2777.11669921875,2788.689025250581,2760.5533789450797,2763.203510188867,1836060,TCS.NS,TCS,IT
2021-06-07,2811.965576171875,2818.370059314613,2768.1502071066175,2778.2206184706743,2559821,TCS.NS,TCS,IT
2021-06-08,2826.938720703125,2854.190986460442,2815.499032089733,2825.039546487309,2574057,TCS.NS,TCS,IT
2021-06-09,2827.027587890625,2844.4742857613664,2814.616096398298,2828.5734978285386,1710925,TCS.NS,TCS,IT
2021-06-10,2841.647216796875,2848.0074881529035,2820.622800766818,2835.6402099785423,1874324,TCS.NS,TCS,IT
2021-06-11,2892.000244140625,2923.095077626024,2836.524114311623,2837.010014892447,3452954,TCS.NS,TCS,IT
2021-06-14,2894.25244140625,2922.8295591519113,2888.952179184316,2896.593304286982,1847360,TCS.NS,TCS,IT
2021-06-15,2882.238525390625,2913.377567002768,2872.3447453737463,2913.377567002768,1304985,TCS.NS,TCS,IT
2021-06-16,2892.485595703125,2910.4621884354497,2873.62541029358,2881.6642273428124,1635552,TCS.NS,TCS,IT
2021-06-17,2930.823974609375,2946.9898164726833,2879.80895402805,2884.6675274167474,2273413,TCS.NS,TCS,IT
2021-06-18,2912.75927734375,2966.380222751199,2893.0599254050558,2960.1081592410437,3380431,TCS.NS,TCS,IT
2021-06-21,2891.381591796875,2902.7770698023915,2872.4771929821286,2884.226151218749,1130569,TCS.NS,TCS,IT
2021-06-22,2916.2041015625,2939.03948321946,2901.893437333948,2918.6776002896086,1708688,TCS.NS,TCS,IT
2021-06-23,2881.045654296875,2940.7620256141804,2876.628769307968,2940.7620256141804,1467104,TCS.NS,TCS,IT
2021-06-24,2980.16064453125,2988.4643018161614,2896.151408071027,2901.0099814260343,4155204,TCS.NS,TCS,IT
2021-06-25,2986.5205078125,3003.1720320909585,2959.3124576059504,2981.617723144622,2722861,TCS.NS,TCS,IT
2021-06-28,2947.608154296875,2995.973044219031,2944.2954906035766,2995.973044219031,1355238,TCS.NS,TCS,IT
2021-06-29,2951.22998046875,2973.7118807948364,2938.553434922606,2952.245777697685,1497322,TCS.NS,TCS,IT
2021-06-30,2955.558349609375,2987.5807631708603,2949.153866897078,2955.7791938408336,1693146,TCS.NS,TCS,IT
2021-07-01,2951.80419921875,2969.913427434816,2943.7213860627653,2966.3799194902176,990310,TCS.NS,TCS,IT
2021-07-02,2937.626220703125,2950.21434389237,2910.9040644592897,2942.529006552582,1682274,TCS.NS,TCS,IT
2021-07-05,2933.69482421875,2980.513802142145,2916.910662321684,2952.245739999718,1972858,TCS.NS,TCS,IT
2021-07-06,2881.8408203125,2939.878645879054,2876.3639260649975,2926.6279909246714,2159420,TCS.NS,TCS,IT
2021-07-07,2893.01513671875,2899.8613076965835,2863.5546464924696,2893.0593486974058,2640710,TCS.NS,TCS,IT
2021-07-08,2878.48388671875,2913.377277397096,2854.985972804783,2913.377277397096,2485811,TCS.NS,TCS,IT
2021-07-09,2834.005859375,2899.2433376238587,2827.68980004082,2870.9752733935225,6365067,TCS.NS,TCS,IT
2021-07-12,2820.710693359375,2858.607473787245,2816.5146533406823,2857.7240969412046,1892226,TCS.NS,TCS,IT
2021-07-13,2815.808349609375,2839.173627711881,2804.721925322098,2839.173627711881,1809339,TCS.NS,TCS,IT
2021-07-14,2839.6591796875,2846.240294279619,2813.5553498698278,2815.3221036217087,2044279,TCS.NS,TCS,IT
2021-07-15,2835.5869140625,2861.172351997801,2827.663479475212,2857.409806666627,2232968,TCS.NS,TCS,IT
2021-07-16,2828.372314453125,2850.549246811429,2825.893417350475,2844.484821411991,1256526,TCS.NS,TCS,IT
2021-07-19,2819.341796875,2832.7983868188567,2811.728089019713,2815.2693082754054,1597058,TCS.NS,TCS,IT
2021-07-20,2838.10986328125,2846.254623330196,2794.154355044804,2819.3414467844154,1811945,TCS.NS,TCS,IT
2021-07-22,2847.4501953125,2855.0636869502946,2824.122327250977,2824.122327250977,2859334,TCS.NS,TCS,IT
2021-07-23,2844.351318359375,2869.759520258406,2838.8622562571436,2859.53420765034,1776193,TCS.NS,TCS,IT
2021-07-26,2830.806640625,2854.444237512469,2824.8751412021347,2832.9755943366367,1259611,TCS.NS,TCS,IT
2021-07-27,2817.88134765625,2841.8288897839234,2798.581656516541,2832.975840283039,1121367,TCS.NS,TCS,IT
2021-07-28,2831.027587890625,2836.91477805401,2773.1285272482296,2822.3515580665385,1660654,TCS.NS,TCS,IT
2021-07-29,2829.257080078125,2855.50628054373,2824.3879037521106,2833.196643150491,1731997,TCS.NS,TCS,IT
2021-07-30,2804.159423828125,2853.780814868341,2799.6444977783253,2849.7969421626153,2999943,TCS.NS,TCS,IT
2021-08-02,2850.150390625,2855.0195673734447,2803.7605022408247,2815.2694654644215,2608669,TCS.NS,TCS,IT
2021-08-03,2908.13818359375,2912.6533253560956,2849.752364570092,2858.649722667122,3804735,TCS.NS,TCS,IT
2021-08-04,2898.444091796875,2926.1098714268387,2887.15645370785,2921.5063289241934,2929598,TCS.NS,TCS,IT
2021-08-05,2907.296875,2934.7856343504254,2888.307128829039,2899.373439667464,2534521,TCS.NS,TCS,IT
2021-08-06,2930.182373046875,2942.753660136162,2890.520667973697,2897.2047635883696,2292362,TCS.NS,TCS,IT
2021-08-09,2941.60205078125,2954.261951939117,2930.3587236794956,2942.6643732539064,1510489,TCS.NS,TCS,IT
2021-08-10,2951.517333984375,2965.6822095736366,2935.316430440236,2935.316430440236,2040777,TCS.NS,TCS,IT
2021-08-11,2960.636474609375,2974.624334648893,2945.4978911610087,2965.7712860338665,1929707,TCS.NS,TCS,IT
2021-08-12,2967.32080078125,2981.707005901768,2944.524198821045,2944.524198821045,1310205,TCS.NS,TCS,IT
2021-08-13,3066.164794921875,3080.86094219364,2972.4110958089495,2975.288336631401,4363584,TCS.NS,TCS,IT
2021-08-16,3074.61962890625,3093.565283570846,3042.350308322489,3063.154973605649,2083489,TCS.NS,TCS,IT
2021-08-17,3145.5322265625,3152.39333868331,3065.8104870148636,3082.7198949552444,4336019,TCS.NS,TCS,IT
2021-08-18,3152.172119140625,3182.670826952774,3130.96911193571,3163.9467164708954,2631309,TCS.NS,TCS,IT
2021-08-20,3151.242919921875,3164.965146430876,3098.5672762260324,3103.87910584242,2836148,TCS.NS,TCS,IT
2021-08-23,3220.208251953125,3251.725195737372,3153.367725876846,3169.3918324910946,3744176,TCS.NS,TCS,IT
2021-08-24,3198.783203125,3246.722586873967,3182.1394299538442,3237.5595959017187,2511141,TCS.NS,TCS,IT
2021-08-25,3239.33056640625,3273.6361306173026,3193.3390209691447,3195.9506271458217,2123263,TCS.NS,TCS,IT
2021-08-26,3250.706787109375,3264.6503388708297,3229.503562472118,3240.2158378999643,1902533,TCS.NS,TCS,IT
2021-08-27,3293.466552734375,3301.744239038429,3232.33642943804,3245.5273844523076,3944728,TCS.NS,TCS,IT
2021-08-30,3276.77880859375,3311.3500054128417,3264.650175657606,3288.907441529894,2033114,TCS.NS,TCS,IT
2021-08-31,3352.162109375,3367.787867811746,3278.681815520326,3283.9493355267155,3207480,TCS.NS,TCS,IT
2021-09-01,3288.863037109375,3378.942800881244,3281.8249071480936,3360.6170346733647,2643336,TCS.NS,TCS,IT
2021-09-02,3396.693115234375,3416.523855854154,3295.104391712346,3305.728049074127,3403717,TCS.NS,TCS,IT
2021-09-03,3401.3857421875,3414.532390299756,3368.186808360249,3386.2912503795983,1746812,TCS.NS,TCS,IT
2021-09-06,3410.19482421875,3432.858718436517,3376.5532345717324,3408.158579512332,1723693,TCS.NS,TCS,IT
2021-09-07,3378.23486328125,3426.0856360966154,3371.4623672882394,3420.8181151977305,1585039,TCS.NS,TCS,IT
2021-09-08,3341.27294921875,3377.437735939863,3325.2047539161535,3373.011212039549,4147175,TCS.NS,TCS,IT
2021-09-09,3356.544921875,3371.860739920555,3333.172958897649,3355.0399467680836,1441148,TCS.NS,TCS,IT
2021-09-13,3404.30712890625,3410.5483552564024,3334.94340668906,3334.94340668906,1691473,TCS.NS,TCS,IT
2021-09-14,3440.206298828125,3449.590617426561,3386.291315708096,3408.379630212844,1991188,TCS.NS,TCS,IT
2021-09-15,3500.98193359375,3523.51289619719,3422.5881549493306,3436.841647844263,2461369,TCS.NS,TCS,IT
2021-09-16,3455.610107421875,3525.062222505283,3445.6947373534676,3479.2477012483864,2946666,TCS.NS,TCS,IT
2021-09-17,3388.814453125,3492.5278358637233,3368.585149673376,3470.3952133297325,6477148,TCS.NS,TCS,IT
2021-09-20,3384.963134765625,3427.015115647374,3371.1082001517175,3372.126214285933,2002008,TCS.NS,TCS,IT
2021-09-21,3419.887939453125,3427.5016467557025,3383.3248100645906,3415.505724170102,1568129,TCS.NS,TCS,IT
2021-09-22,3419.1796875,3449.8999355392543,3410.592274568024,3419.489630621101,1744067,TCS.NS,TCS,IT
2021-09-23,3425.46630859375,3434.0980321858647,3395.1446128983735,3426.130287331605,2003869,TCS.NS,TCS,IT
2021-09-24,3427.28076171875,3491.996417565266,3412.8502492141406,3443.835919440469,2320754,TCS.NS,TCS,IT
2021-09-27,3396.8701171875,3456.229845648555,3366.725446335667,3452.688626544407,1673362,TCS.NS,TCS,IT
2021-09-28,3345.699462890625,3408.4233928218655,3320.999546057928,3408.4233928218655,2253075,TCS.NS,TCS,IT
2021-09-29,3356.9873046875,3369.4701892693497,3295.2372926797393,3328.56914927478,2489161,TCS.NS,TCS,IT
2021-09-30,3342.512939453125,3368.58512538238,3319.9819731037724,3368.58512538238,2252412,TCS.NS,TCS,IT
2021-10-01,3302.364013671875,3373.0113819065105,3297.760471811483,3348.001520610222,1578374,TCS.NS,TCS,IT
2021-10-04,3340.520751953125,3349.6835272429826,3282.2233425522586,3297.5834677792773,1356860,TCS.NS,TCS,IT
2021-10-05,3393.638916015625,3399.5704149180474,3312.4565094913187,3323.4342025006117,1877966,TCS.NS,TCS,IT
2021-10-06,3373.807861328125,3415.01884159684,3359.7316019415425,3396.0290975092903,1678154,TCS.NS,TCS,IT
2021-10-07,3446.4033203125,3451.8037665978186,3381.9089887502187,3390.717729179186,1647233,TCS.NS,TCS,IT
2021-10-08,3484.249755859375,3532.2775413447675,3452.688726138807,3474.8213461781584,2934339,TCS.NS,TCS,IT
2021-10-11,3262.8798828125,3326.5332197772977,3240.2159905215995,3324.3199574886903,11845402,TCS.NS,TCS,IT
2021-10-12,3233.88623046875,3281.82540642427,3214.188195590698,3280.9401014859304,5752877,TCS.NS,TCS,IT
2021-10-13,3235.966796875,3253.89422314773,3226.936729091334,3231.3632540969465,3545655,TCS.NS,TCS,IT
2021-10-14,3203.368896484375,3255.3029971474057,3200.4861349746393,3215.387837781838,6442299,TCS.NS,TCS,IT
2021-10-18,3235.034912109375,3239.957825124647,3194.4988931682005,3196.27290026894,3590107,TCS.NS,TCS,IT
2021-10-19,3223.50390625,3273.1319287564406,3215.5652676856744,3254.4160669882417,3135441,TCS.NS,TCS,IT
2021-10-20,3201.06298828125,3219.8230275642086,3173.9649853308347,3203.856962964717,2933693,TCS.NS,TCS,IT
2021-10-21,3133.340087890625,3199.820961660556,3114.4912621672916,3196.849629655158,4871211,TCS.NS,TCS,IT
2021-10-22,3103.492431640625,3159.1519039386526,3091.2073459542025,3157.7326116490563,2691670,TCS.NS,TCS,IT
2021-10-25,3098.259033203125,3117.4183966686946,3060.162273714988,3107.173462267711,2595594,TCS.NS,TCS,IT
2021-10-26,3089.078369140625,3130.2352434991762,3082.3370561517813,3099.633623805007,3878763,TCS.NS,TCS,IT
2021-10-27,3095.4208984375,3114.491476363256,3089.433623972437,3089.433623972437,2510813,TCS.NS,TCS,IT
2021-10-28,3035.01513671875,3120.478002048936,3029.116650652961,3120.478002048936,2424942,TCS.NS,TCS,IT
2021-10-29,3013.81640625,3069.9193825417556,3003.349720722002,3015.8565577895124,3960501,TCS.NS,TCS,IT
2021-11-01,3083.578857421875,3092.981181072092,3027.29852908389,3049.473616415924,2020718,TCS.NS,TCS,IT
2021-11-02,3090.498046875,3116.5760838881283,3077.6808875558004,3099.1907258793763,3087414,TCS.NS,TCS,IT
2021-11-03,3097.637939453125,3122.1634993420716,3074.398491314584,3108.237587853043,1537639,TCS.NS,TCS,IT
2021-11-04,3112.184814453125,3116.265117267384,3108.9473382259107,3115.9989729006115,328991,TCS.NS,TCS,IT
2021-11-08,3106.9521484375,3147.089065064949,3087.8371757716013,3147.089065064949,2526082,TCS.NS,TCS,IT
2021-11-09,3109.568359375,3135.5576071808837,3100.964468091759,3111.6085108884126,1782692,TCS.NS,TCS,IT
2021-11-10,3090.587158203125,3121.9870038111503,3086.9503562669524,3102.739066065953,1516489,TCS.NS,TCS,IT
2021-11-11,3094.04638671875,3113.4275049599964,3047.7448350384984,3086.7729993987123,1284514,TCS.NS,TCS,IT
2021-11-12,3127.618896484375,3134.803495274356,3091.8282167841194,3109.83443207749,1747259,TCS.NS,TCS,IT
2021-11-15,3151.789794921875,3166.2479962691427,3129.3485615298887,3129.3485615298887,1809157,TCS.NS,TCS,IT
2021-11-16,3154.538818359375,3171.525063472704,3141.7660559672695,3165.7151478676415,2013204,TCS.NS,TCS,IT
2021-11-17,3123.9375,3160.260466102447,3110.188945926167,3149.3946733666758,1632914,TCS.NS,TCS,IT
2021-11-18,3082.9580078125,3123.00634559004,3061.5813534905255,3117.950252419845,2136598,TCS.NS,TCS,IT
2021-11-22,3067.612548828125,3118.6596390883306,3051.557916817855,3085.352617272779,3167936,TCS.NS,TCS,IT
2021-11-23,3072.802001953125,3087.614917705007,3022.730695618105,3055.7271838719826,2153461,TCS.NS,TCS,IT
2021-11-24,3054.21923828125,3098.347663033605,3037.100027177156,3079.853553174247,2161746,TCS.NS,TCS,IT
2021-11-25,3056.525634765625,3071.6934830271994,3046.014771982266,3054.7516275562534,1849619,TCS.NS,TCS,IT
2021-11-26,3057.368408203125,3095.642526457509,3026.3674595161992,3037.9872931567247,1941251,TCS.NS,TCS,IT
2021-11-29,3106.28662109375,3130.5462562837033,3021.5333834239445,3057.6343867946935,2981745,TCS.NS,TCS,IT
2021-11-30,3130.3681640625,3161.0585703001743,3096.5290687949237,3096.5290687949237,5588446,TCS.NS,TCS,IT
2021-12-01,3173.521484375,3184.3428848512376,3135.5576874510098,3135.5576874510098,2102118,TCS.NS,TCS,IT
2021-12-02,3231.2646484375,3235.7884524678047,3170.2389868311807,3183.632608442972,3152938,TCS.NS,TCS,IT
2021-12-03,3229.092041015625,3251.7106316157765,3220.5769368394936,3234.414062333308,2486263,TCS.NS,TCS,IT
2021-12-06,3136.799072265625,3244.658783850488,3124.026308562444,3229.091829206644,1849642,TCS.NS,TCS,IT
2021-12-07,3179.464111328125,3191.4386588251064,3126.06654283749,3159.950033925637,1484458,TCS.NS,TCS,IT
2021-12-08,3217.07275390625,3234.413714813899,3194.0994509747115,3194.0994509747115,1428660,TCS.NS,TCS,IT
2021-12-09,3194.765625,3224.0367475445964,3163.0552422433543,3202.083405636149,1567957,TCS.NS,TCS,IT
2021-12-10,3225.854736328125,3230.467111738171,3171.12665750973,3179.907906529748,1510718,TCS.NS,TCS,IT
2021-12-13,3201.77197265625,3248.2066906971236,3194.7203384161626,3237.562649111005,1883864,TCS.NS,TCS,IT
2021-12-14,3214.323486328125,3224.25788271104,3172.545532780773,3197.6477763888033,1747007,TCS.NS,TCS,IT
2021-12-15,3166.91357421875,3213.614229855621,3156.0919564259625,3210.953218900731,1603233,TCS.NS,TCS,IT
2021-12-16,3176.891845703125,3200.7077599220047,3166.602518405637,3177.2465604843114,2072320,TCS.NS,TCS,IT
2021-12-17,3179.33154296875,3238.7607860882194,3169.884824391468,3195.4305722072777,4333992,TCS.NS,TCS,IT
2021-12-20,3154.982421875,3198.5343770244094,3113.5150114130224,3183.4553186745993,2312310,TCS.NS,TCS,IT
2021-12-21,3200.574951171875,3229.7572813308107,3163.4093725133384,3177.8231801936154,2340989,TCS.NS,TCS,IT
2021-12-22,3220.488037109375,3225.8544517275404,3198.756450823021,3214.500763336604,1224328,TCS.NS,TCS,IT
2021-12-23,3248.82763671875,3255.746307245518,3219.8226659314073,3235.788728737679,1792861,TCS.NS,TCS,IT
2021-12-24,3256.10107421875,3286.3479803080686,3232.950412710677,3268.607910238929,2209923,TCS.NS,TCS,IT
2021-12-27,3278.453857421875,3281.9130845923037,3240.312705357694,3256.189982037391,1534135,TCS.NS,TCS,IT
2021-12-28,3287.72314453125,3304.088317180793,3276.458242438429,3290.783263554562,1456218,TCS.NS,TCS,IT
2021-12-29,3277.212158203125,3299.6089991071835,3268.6082665922886,3275.039042693454,1456923,TCS.NS,TCS,IT
2021-12-30,3311.84912109375,3317.3928926389353,3264.1726858051557,3265.370227080346,1966475,TCS.NS,TCS,IT
2021-12-31,3315.929931640625,3335.1334725940915,3309.676513068789,3319.8770542748616,1207141,TCS.NS,TCS,IT
2022-01-03,3386.358154296875,3397.2239489115395,3321.828639340396,3326.263657550463,2346158,TCS.NS,TCS,IT
2022-01-04,3445.787109375,3449.689838451158,3380.9914554484494,3398.1994545927564,2488606,TCS.NS,TCS,IT
2022-01-05,3424.67626953125,3432.703694867435,3381.6122044154104,3428.2686771738076,1733031,TCS.NS,TCS,IT
2022-01-06,3377.221923828125,3401.658917117096,3345.777688491704,3381.2578336506826,1810293,TCS.NS,TCS,IT
2022-01-07,3418.067626953125,3428.1793791658147,3367.419645820469,3388.353012835328,2460591,TCS.NS,TCS,IT
2022-01-10,3441.4404296875,3528.4997318754135,3424.720327996725,3528.4997318754135,3937092,TCS.NS,TCS,IT
2022-01-11,3473.4169921875,3481.4888108289488,3420.285568039854,3420.285568039854,1906106,TCS.NS,TCS,IT
2022-01-12,3423.744873046875,3485.0369042039447,3403.0334703465164,3481.4888900484816,3203744,TCS.NS,TCS,IT
2022-01-13,3457.450927734375,3479.7148026675522,3421.1725704534156,3475.2797850755724,6684507,TCS.NS,TCS,IT
2022-01-14,3519.762939453125,3527.613007244821,3423.877988650264,3439.6666946537052,3348123,TCS.NS,TCS,IT
2022-01-17,3565.000244140625,3586.155365505401,3514.574222074522,3541.539043469743,3442604,TCS.NS,TCS,IT
2022-01-18,3539.676025390625,3585.001771384683,3530.273702275697,3578.127494703116,2389041,TCS.NS,TCS,IT
2022-01-19,3478.409912109375,3564.91152862164,3474.722465771417,3564.91152862164,3102539,TCS.NS,TCS,IT
2022-01-20,3400.12744140625,3483.1635285665043,3386.310256981364,3474.277907320161,6176776,TCS.NS,TCS,IT
2022-01-21,3406.302978515625,3422.3415685992545,3350.856787511947,3382.7560817031394,3112358,TCS.NS,TCS,IT
2022-01-24,3351.07861328125,3420.6528490636674,3323.3110488936,3412.0783119544003,3258414,TCS.NS,TCS,IT
2022-01-25,3349.79052734375,3384.8887339958196,3307.406154089975,3349.4351892399127,3330501,TCS.NS,TCS,IT
2022-01-27,3242.58544921875,3317.35786790561,3221.1267599154967,3315.225405503914,5718297,TCS.NS,TCS,IT
2022-01-28,3278.838623046875,3314.1589665493984,3239.6974191245527,3239.6974191245527,3143862,TCS.NS,TCS,IT
2022-01-31,3319.890625,3339.2168534626967,3306.6953891380213,3331.2197934091673,2739393,TCS.NS,TCS,IT
2022-02-01,3377.114013671875,3383.6450329539907,3320.023889363237,3349.8796676041347,2105169,TCS.NS,TCS,IT
2022-02-02,3426.47314453125,3433.4039723342744,3377.1134762316,3401.3267935830777,1984212,TCS.NS,TCS,IT
2022-02-03,3398.39501953125,3449.842683269199,3390.7977694626597,3421.8529744416446,1960538,TCS.NS,TCS,IT
2022-02-04,3389.775390625,3398.483342391727,3348.9904779458116,3390.130945617294,2307366,TCS.NS,TCS,IT
2022-02-07,3357.876220703125,3404.7923435959337,3337.572489673576,3368.538966045395,1919149,TCS.NS,TCS,IT
2022-02-08,3326.2880859375,3376.2697091125106,3306.33990816381,3369.028014039471,2946443,TCS.NS,TCS,IT
2022-02-09,3341.482666015625,3356.9435617136155,3328.642985453299,3332.1082913026003,1638721,TCS.NS,TCS,IT
2022-02-10,3350.190185546875,3367.472674927871,3339.2163568872406,3367.472674927871,2112459,TCS.NS,TCS,IT
2022-02-11,3283.192626953125,3334.329421359059,3278.794287758808,3334.329421359059,3851488,TCS.NS,TCS,IT
2022-02-14,3317.669189453125,3370.538641551541,3296.5658367247656,3309.0057078067457,5951745,TCS.NS,TCS,IT
2022-02-15,3392.3525390625,3407.6357642925827,3330.3308590791657,3364.09621997698,3931683,TCS.NS,TCS,IT
2022-02-16,3388.17626953125,3424.607316053256,3381.8673917745273,3415.6327519656547,3256906,TCS.NS,TCS,IT
2022-02-17,3362.49658203125,3407.6355791127057,3357.8761025989347,3398.749958306675,3134372,TCS.NS,TCS,IT
2022-02-18,3371.115966796875,3390.708806246124,3338.8613332210016,3348.9908552959514,3688883,TCS.NS,TCS,IT
2022-02-21,3304.91796875,3401.238235819317,3292.6115131522834,3385.421786187314,7465922,TCS.NS,TCS,IT
2022-02-22,3186.739501953125,3259.1573238584433,3172.1671681225203,3243.2521466798876,5408531,TCS.NS,TCS,IT
2022-02-23,3166.65771484375,3219.1716057796148,3159.415803432267,3208.5978033646575,2426203,TCS.NS,TCS,IT
2022-02-24,3022.5771484375,3095.617125825377,3013.2029919298166,3086.8647024601314,5039136,TCS.NS,TCS,IT
2022-02-25,3128.4052734375,3136.6244735452315,3076.20224572623,3081.533618769083,2549723,TCS.NS,TCS,IT
2022-02-28,3158.127197265625,3166.6130082367754,3070.781504293489,3101.0815569965193,3288942,TCS.NS,TCS,IT
2022-03-02,3150.974853515625,3173.899802351873,3115.299166886402,3156.617310428963,2761341,TCS.NS,TCS,IT
2022-03-03,3149.419677734375,3179.8086775840598,3136.713412213718,3165.813823365856,1928039,TCS.NS,TCS,IT
2022-03-04,3131.6044921875,3164.3478813538386,3098.461076456285,3111.3007577444255,2370257,TCS.NS,TCS,IT
2022-03-07,3096.550537109375,3152.6189025616236,3049.1458706374888,3065.5398009688843,3054130,TCS.NS,TCS,IT
2022-03-08,3198.779296875,3206.8208277906424,3074.4250662664513,3074.4250662664513,3300992,TCS.NS,TCS,IT
2022-03-09,3227.79052734375,3246.805668073335,3196.202103688731,3203.2661284631563,2719654,TCS.NS,TCS,IT
2022-03-10,3217.438720703125,3273.4626015016374,3212.151819877421,3273.4626015016374,2005441,TCS.NS,TCS,IT
2022-03-11,3198.068359375,3234.2330122460926,3192.4705914053425,3201.7115509453934,1623423,TCS.NS,TCS,IT
2022-03-14,3237.031982421875,3241.7858768007827,3181.0525657618205,3181.0525657618205,1765688,TCS.NS,TCS,IT
2022-03-15,3193.4033203125,3251.2488011709297,3185.8505422829967,3251.2488011709297,3651133,TCS.NS,TCS,IT
2022-03-16,3248.493896484375,3259.245584012251,3213.2624981418494,3234.8101277526175,3090475,TCS.NS,TCS,IT
2022-03-17,3263.466552734375,3296.565491973189,3252.4039976373524,3284.6588462421337,3600452,TCS.NS,TCS,IT
2022-03-21,3222.548095703125,3300.075138230932,3212.1519626134377,3284.1254920661872,2413831,TCS.NS,TCS,IT
2022-03-22,3288.524169921875,3297.4542632536477,3221.0379154660395,3234.366348219692,2907611,TCS.NS,TCS,IT
2022-03-23,3298.6982421875,3314.159354710851,3278.794535574468,3294.7886552601967,1596195,TCS.NS,TCS,IT
2022-03-24,3331.974609375,3339.393972597933,3283.2368924122356,3287.6797028214537,1879046,TCS.NS,TCS,IT
2022-03-25,3294.2998046875,3358.320753023483,3262.80031885229,3340.904847554434,1690133,TCS.NS,TCS,IT
2022-03-28,3294.521728515625,3299.2311511378443,3253.2035899409116,3283.237032979891,1760990,TCS.NS,TCS,IT
2022-03-29,3292.43359375,3307.228065625652,3279.6826411134552,3283.01474891735,2689063,TCS.NS,TCS,IT
2022-03-30,3315.7138671875,3321.4450492066144,3293.18873172542,3321.4450492066144,1583455,TCS.NS,TCS,IT
2022-03-31,3323.17822265625,3336.24004386944,3305.6291188569076,3323.2226941539616,2168110,TCS.NS,TCS,IT
2022-04-01,3339.883056640625,3343.659445863298,3312.604241407199,3330.331013312687,1387014,TCS.NS,TCS,IT
2022-04-04,3350.190185546875,3358.764722999939,3320.6454958538197,3342.770605271368,1472994,TCS.NS,TCS,IT
2022-04-05,3389.687255859375,3408.1693937254495,3351.6567488325595,3351.6567488325595,2314947,TCS.NS,TCS,IT
2022-04-06,3336.862060546875,3384.799946643338,3315.358682300862,3384.799946643338,2051729,TCS.NS,TCS,IT
2022-04-07,3273.59619140625,3328.1095666362144,3269.0201830609085,3328.1095666362144,2494829,TCS.NS,TCS,IT
2022-04-08,3274.92919921875,3292.122964633607,3236.58782690362,3278.79453157841,2296773,TCS.NS,TCS,IT
2022-04-11,3284.48193359375,3298.6546772700985,3248.6730428025985,3278.795221068008,2291660,TCS.NS,TCS,IT
2022-04-12,3279.77197265625,3322.3340146067667,3241.7859391915695,3272.5745321735017,4483476,TCS.NS,TCS,IT
2022-04-13,3253.8701171875,3296.432374272563,3248.1834062092184,3293.89988537501,1621672,TCS.NS,TCS,IT
2022-04-18,3134.891845703125,3207.7094730408703,3129.960282212317,3207.7094730408703,3820792,TCS.NS,TCS,IT
2022-04-19,3084.9990234375,3166.4358794399823,3055.898611311743,3154.3958182118126,3170014,TCS.NS,TCS,IT
2022-04-20,3160.437744140625,3171.4113559966663,3092.1961309669464,3109.9673730989402,2640370,TCS.NS,TCS,IT
2022-04-21,3224.281005859375,3237.9205218344946,3169.856573377936,3181.0525434049096,2280996,TCS.NS,TCS,IT
2022-04-22,3209.974853515625,3213.9289112222373,3173.4993382444623,3182.029620635388,1581465,TCS.NS,TCS,IT
2022-04-25,3152.796142578125,3184.606710585191,3139.3789844211183,3161.5040949392046,1960694,TCS.NS,TCS,IT
2022-04-26,3151.10791015625,3188.071964429589,3126.094756154156,3176.7427973254776,1943469,TCS.NS,TCS,IT
2022-04-27,3164.34716796875,3170.789242910435,3115.565197597769,3150.841068029554,1727648,TCS.NS,TCS,IT
2022-04-28,3184.873779296875,3202.7337507159955,3143.777774418422,3188.161416300322,1703660,TCS.NS,TCS,IT
2022-04-29,3151.463623046875,3219.4831052544378,3142.7114152271593,3196.158346677765,2051115,TCS.NS,TCS,IT
2022-05-02,3147.642333984375,3152.573897085291,3103.5253119643658,3127.6496864948044,1324161,TCS.NS,TCS,IT
2022-05-04,3091.973876953125,3150.3523618271915,3079.1341983708458,3144.176898799808,2305825,TCS.NS,TCS,IT
2022-05-05,3121.87451171875,3139.290418532952,3096.950514238651,3120.719554345007,1612262,TCS.NS,TCS,IT
2022-05-06,3050.078125,3087.308787454845,3042.8806857502136,3073.536075926409,2010812,TCS.NS,TCS,IT
2022-05-09,3061.18603515625,3070.8712773534085,2973.8847900752394,3019.3346644811577,2481830,TCS.NS,TCS,IT
2022-05-10,3055.54296875,3078.690055200708,3040.6595533442382,3051.32229870956,1622685,TCS.NS,TCS,IT
2022-05-11,3031.774169921875,3064.1622181217003,3005.2505019723253,3052.211100141161,1841769,TCS.NS,TCS,IT
2022-05-12,3028.79736328125,3065.2728838583857,2976.772221615572,3001.5630194609157,2807195,TCS.NS,TCS,IT
2022-05-13,3034.350830078125,3056.56488405373,3005.250419370082,3052.21101624816,2187823,TCS.NS,TCS,IT
2022-05-16,3000.496337890625,3047.767794997648,2991.4330484759926,3034.439364407279,1195813,TCS.NS,TCS,IT
2022-05-17,3066.961669921875,3080.645442338295,2977.038993125452,2994.454900686488,1754076,TCS.NS,TCS,IT
2022-05-18,3064.473388671875,3105.5249193259233,3059.3641559719827,3078.8680530656147,1866781,TCS.NS,TCS,IT
2022-05-19,2898.4453125,3025.5541736674804,2870.055794697786,3018.4456763431513,4642963,TCS.NS,TCS,IT
2022-05-20,2926.03515625,2944.6060183878694,2905.6426983201104,2941.140712780899,3065125,TCS.NS,TCS,IT
2022-05-23,2951.5810546875,2966.8198074074676,2902.9322813770036,2936.519970994632,2293690,TCS.NS,TCS,IT
2022-05-24,2921.59228515625,2954.3358864396305,2910.5742015114233,2945.716660226276,1711510,TCS.NS,TCS,IT
2022-05-25,2833.61376953125,2945.611309765418,2821.4480525569816,2945.611309765418,3548046,TCS.NS,TCS,IT
2022-05-26,2886.660400390625,2899.6761119484217,2845.153478156193,2854.50145711165,2813186,TCS.NS,TCS,IT
2022-05-27,2917.388427734375,2933.1323360554616,2888.6733595010373,2910.1425040806,3103153,TCS.NS,TCS,IT
2022-05-30,3019.32177734375,3029.474979929779,2939.7965833136136,2949.323427865297,2094624,TCS.NS,TCS,IT
2022-05-31,3009.571533203125,3026.6124915565733,2974.3709951207434,3000.446972276188,4840965,TCS.NS,TCS,IT
2022-06-01,3001.385986328125,3030.727190529451,2987.8336778962866,3030.727190529451,1493835,TCS.NS,TCS,IT
2022-06-02,3062.036376953125,3070.0873052010297,2993.424621008395,3001.2071413022886,2657939,TCS.NS,TCS,IT
2022-06-03,3077.377685546875,3110.6102582693384,3069.371528604616,3094.5977259894203,1913622,TCS.NS,TCS,IT
2022-06-06,3069.14794921875,3088.872766865215,3021.021246154396,3057.563601837621,1084210,TCS.NS,TCS,IT
2022-06-07,3008.0947265625,3058.323697921214,3002.1013022067764,3042.400709313866,2308256,TCS.NS,TCS,IT
2022-06-08,3045.173583984375,3053.940192585429,2993.6030113678175,3023.7044453999356,2185707,TCS.NS,TCS,IT
2022-06-09,3065.703857421875,3074.5597904085103,2999.5073417133417,3028.043319910622,1279197,TCS.NS,TCS,IT
2022-06-10,3005.590087890625,3035.1996977943127,2998.523249928245,3025.3596751960995,1527582,TCS.NS,TCS,IT
2022-06-13,2880.085693359375,2945.745403330219,2855.7985936915675,2943.061760387616,3030921,TCS.NS,TCS,IT
2022-06-14,2871.989501953125,2897.3497923832656,2839.9198869193006,2853.606507263308,2611493,TCS.NS,TCS,IT
2022-06-15,2868.18798828125,2892.966912903787,2863.4468423639523,2879.101425225986,1404536,TCS.NS,TCS,IT
2022-06-16,2810.66845703125,2902.6727617050265,2802.6622999813585,2898.3341186445737,2032028,TCS.NS,TCS,IT
2022-06-17,2763.16845703125,2789.87079472127,2704.9783006224393,2765.9416424138412,5240434,TCS.NS,TCS,IT
2022-06-20,2784.18994140625,2807.761358689215,2745.3666618294546,2767.730352460193,1502769,TCS.NS,TCS,IT
2022-06-21,2873.2421875,2896.321559800145,2795.8190472258425,2799.934053640477,2964461,TCS.NS,TCS,IT
2022-06-22,2883.08251953125,2907.772123867537,2847.3453819322376,2862.4631509845726,3336315,TCS.NS,TCS,IT
2022-06-23,2959.87890625,2968.108699833873,2883.0819135631095,2883.0819135631095,3692578,TCS.NS,TCS,IT
2022-06-24,2945.834716796875,2992.261648742065,2931.8796872203643,2986.8943632734695,2132118,TCS.NS,TCS,IT
2022-06-27,2965.156982421875,3008.2741344642945,2957.821735542528,2996.73455740737,2037686,TCS.NS,TCS,IT
2022-06-28,2968.242919921875,2978.843395941268,2927.496452991012,2958.2688019152474,1400046,TCS.NS,TCS,IT
2022-06-29,2943.508544921875,2981.5268136224313,2926.064868694561,2926.064868694561,2133994,TCS.NS,TCS,IT
2022-06-30,2922.576904296875,2961.757919192694,2911.752789671412,2926.9601007080983,2719603,TCS.NS,TCS,IT
2022-07-01,2965.514404296875,2981.5267166470894,2909.1131426506226,2916.2247513559887,1502879,TCS.NS,TCS,IT
2022-07-04,2893.906005859375,2968.0639081040827,2884.960530635869,2962.741394025175,2622535,TCS.NS,TCS,IT
2022-07-05,2877.133544921875,2926.959803521567,2868.769437342766,2911.7524940289427,2170627,TCS.NS,TCS,IT
2022-07-06,2916.89599609375,2923.828739778401,2864.5649631192855,2879.101361167748,2182144,TCS.NS,TCS,IT
2022-07-07,2941.13818359375,2969.3609834462977,2920.7424562325778,2926.064970356502,1989921,TCS.NS,TCS,IT
2022-07-08,2921.1005859375,2956.479989245835,2907.2798683960555,2952.007250986764,2136916,TCS.NS,TCS,IT
2022-07-11,2785.4423828125,2884.9160330481313,2778.4648677976734,2868.0537232952515,6974600,TCS.NS,TCS,IT
2022-07-12,2759.410888671875,2805.480089247644,2755.4301956021764,2786.4261820294582,3734815,TCS.NS,TCS,IT
2022-07-13,2718.306396484375,2782.04291010001,2714.9518431361835,2776.675624742904,3863530,TCS.NS,TCS,IT
2022-07-14,2689.605224609375,2741.8501614442216,2661.128370626433,2740.9532526573576,4764908,TCS.NS,TCS,IT
2022-07-15,2685.88330078125,2716.6470988263773,2648.5718054355975,2707.364223712299,4574806,TCS.NS,TCS,IT
2022-07-18,2747.679931640625,2759.743310428452,2703.5520653201875,2711.3551275827026,3202795,TCS.NS,TCS,IT
2022-07-19,2757.32177734375,2761.537204754879,2717.678453631059,2717.678453631059,1865074,TCS.NS,TCS,IT
2022-07-20,2838.537353515625,2844.950164613829,2778.668683955497,2787.4135458013584,3402251,TCS.NS,TCS,IT
2022-07-21,2849.74853515625,2855.757780661632,2819.9263158701324,2840.5103301995564,2420640,TCS.NS,TCS,IT
2022-07-22,2844.09814453125,2867.4177761168103,2819.4331495849838,2856.654869231167,2075886,TCS.NS,TCS,IT
2022-07-25,2840.2861328125,2857.9551935626573,2824.4557790199847,2838.716542307275,1797504,TCS.NS,TCS,IT
2022-07-26,2794.677978515625,2842.214143830151,2777.2780357816973,2838.447170750544,2639367,TCS.NS,TCS,IT
2022-07-27,2860.107666015625,2864.816437135854,2789.3863207449663,2793.870864668994,1389808,TCS.NS,TCS,IT
2022-07-28,2924.371337890625,2927.5105189004753,2871.5881638933847,2884.4588936225273,2106333,TCS.NS,TCS,IT
2022-07-29,2961.5029296875,2975.3154558936158,2937.376171773738,2950.829803094839,2430257,TCS.NS,TCS,IT
2022-08-01,2958.72314453125,2984.015931899953,2933.7890331363833,2984.015931899953,1306913,TCS.NS,TCS,IT
2022-08-02,2952.44482421875,2971.369471032021,2934.3719781124923,2950.830344369699,1269114,TCS.NS,TCS,IT
2022-08-03,2995.22705078125,3003.747684703221,2939.2151378990916,2941.8609751646954,2895824,TCS.NS,TCS,IT
2022-08-04,3009.083984375,3038.6370840635946,2966.3912590118593,3004.6443298312643,2150567,TCS.NS,TCS,IT
2022-08-05,3018.14306640625,3028.861083003313,3009.1290889772326,3014.689879862934,1106933,TCS.NS,TCS,IT
2022-08-08,3026.573974609375,3030.56517513093,2992.087873696429,3018.098229912615,1068836,TCS.NS,TCS,IT
2022-08-10,3008.45703125,3036.0369831650146,2991.1915328966984,3036.0369831650146,1878359,TCS.NS,TCS,IT
2022-08-11,3069.6708984375,3075.231690164027,3027.112612317826,3049.4904469503285,1449248,TCS.NS,TCS,IT
2022-08-12,3050.880126953125,3066.5311414854314,3032.6728347901767,3066.5311414854314,1472354,TCS.NS,TCS,IT
2022-08-16,3042.94287109375,3062.8095351985526,3038.2789884704052,3059.35634824282,839942,TCS.NS,TCS,IT
2022-08-17,3050.47705078125,3065.589834875391,3023.56978286917,3036.126507894807,1622326,TCS.NS,TCS,IT
2022-08-18,3032.673095703125,3042.3148659889093,3015.4076000750924,3040.5210482613215,1430659,TCS.NS,TCS,IT
2022-08-19,3036.709228515625,3068.773720849505,3023.7040498067786,3037.8303646112154,1398410,TCS.NS,TCS,IT
2022-08-22,3008.7255859375,3035.22928589152,3002.3125563634576,3018.0982394990715,1536532,TCS.NS,TCS,IT
2022-08-23,2945.986572265625,2997.3792685403614,2932.891616907202,2977.692165242651,1849256,TCS.NS,TCS,IT
2022-08-24,2919.752197265625,2966.974358766676,2915.132985487199,2952.6238177327377,1691923,TCS.NS,TCS,IT
2022-08-25,2886.431640625,2940.20127537172,2883.3373492906517,2938.2730091845947,1946930,TCS.NS,TCS,IT
2022-08-26,2890.02001953125,2921.2324952677013,2885.1767987152125,2900.8727055826316,1457962,TCS.NS,TCS,IT
2022-08-29,2809.611572265625,2818.7151085660375,2763.375882019418,2802.8398673517304,2539173,TCS.NS,TCS,IT
2022-08-30,2880.10888671875,2893.876525731647,2818.1775032098362,2829.7475402706787,3431525,TCS.NS,TCS,IT
2022-09-01,2808.849853515625,2861.139691675106,2799.2529710714753,2861.139691675106,3546935,TCS.NS,TCS,IT
2022-09-02,2807.68359375,2836.922912111712,2798.624945047044,2836.922912111712,2052900,TCS.NS,TCS,IT
2022-09-05,2810.374267578125,2823.4243359042207,2791.4047318785147,2801.6294057785217,2147912,TCS.NS,TCS,IT
2022-09-06,2804.678955078125,2817.0563414080293,2786.112985069215,2812.257791314557,1936453,TCS.NS,TCS,IT
2022-09-07,2824.90380859375,2835.935610736674,2782.210865683748,2782.210865683748,1291534,TCS.NS,TCS,IT
2022-09-08,2842.88720703125,2855.309482883852,2834.321902214568,2843.201212734981,1346113,TCS.NS,TCS,IT
2022-09-09,2885.938720703125,2900.1548137963414,2841.8557375950854,2865.623822507905,1561185,TCS.NS,TCS,IT
2022-09-12,2908.63037109375,2932.7124601440546,2892.530901806751,2905.894755438751,1785928,TCS.NS,TCS,IT
2022-09-13,2896.4326171875,2927.017076901439,2892.530976189004,2927.017076901439,1972678,TCS.NS,TCS,IT
2022-09-14,2798.71435546875,2817.5494417731366,2792.794888299078,2811.809312583414,5090269,TCS.NS,TCS,IT
2022-09-15,2784.319580078125,2814.276253501851,2780.417938285631,2807.325208656137,2138023,TCS.NS,TCS,IT
2022-09-16,2698.529052734375,2775.349411164938,2690.7259911543956,2758.8910495969735,5322221,TCS.NS,TCS,IT
2022-09-19,2716.5576171875,2728.3967704245497,2679.784353680792,2723.015317228446,2072220,TCS.NS,TCS,IT
2022-09-20,2726.872314453125,2762.4346666011033,2717.63410850771,2735.5722874417543,1544295,TCS.NS,TCS,IT
2022-09-21,2691.802734375,2727.85842551412,2689.0671186515897,2715.839934791707,2253818,TCS.NS,TCS,IT
2022-09-22,2697.36328125,2717.5886173125486,2672.16027681335,2681.757156622946,2017983,TCS.NS,TCS,IT
2022-09-23,2674.627197265625,2710.9071180452506,2671.8915813587437,2694.3143035923686,2652374,TCS.NS,TCS,IT
2022-09-26,2685.70361328125,2713.9115701152955,2624.4449176434205,2654.715589532401,2925489,TCS.NS,TCS,IT
2022-09-27,2706.376953125,2713.148657204291,2669.2001335008163,2699.1567947222047,2227447,TCS.NS,TCS,IT
2022-09-28,2722.700927734375,2735.5267665048214,2672.7880439651785,2672.7880439651785,2739767,TCS.NS,TCS,IT
2022-09-29,2688.304931640625,2740.818988441174,2681.757453261362,2739.1596194850167,2493902,TCS.NS,TCS,IT
2022-09-30,2694.8076171875,2708.395699120603,2645.9709725023213,2682.520009335048,2817353,TCS.NS,TCS,IT
2022-10-03,2677.22802734375,2709.292518723233,2667.406919233083,2686.2420050783735,1763331,TCS.NS,TCS,IT
2022-10-04,2772.4794921875,2778.6234049291743,2711.355246320495,2717.588718557192,2145875,TCS.NS,TCS,IT
2022-10-06,2782.166259765625,2801.943142965374,2773.645626008208,2790.2833283499613,1790816,TCS.NS,TCS,IT
2022-10-07,2748.935791015625,2784.901922759827,2742.8369861368456,2778.085328049343,1939879,TCS.NS,TCS,IT
2022-10-10,2797.05517578125,2804.634011871847,2695.2111306923252,2699.6956750029613,3064063,TCS.NS,TCS,IT
2022-10-11,2753.1064453125,2820.7781703423966,2738.5765665760173,2780.417274423348,4730645,TCS.NS,TCS,IT
2022-10-12,2781.09033203125,2789.296961055594,2746.3800006423335,2766.8742380689673,1665247,TCS.NS,TCS,IT
2022-10-13,2783.377685546875,2789.386931927383,2737.6802167426417,2781.0905238501073,2054781,TCS.NS,TCS,IT
2022-10-14,2779.6552734375,2825.2631809472705,2754.4073741870056,2820.778636215608,2245977,TCS.NS,TCS,IT
2022-10-17,2798.17919921875,2813.1512922234274,2761.9401831157984,2763.019215303223,1517005,TCS.NS,TCS,IT
2022-10-18,2827.80859375,2837.385525165027,2813.2861167744586,2832.574556753205,1793722,TCS.NS,TCS,IT
2022-10-19,2807.26171875,2840.668030854225,2798.404213997578,2840.668030854225,1194289,TCS.NS,TCS,IT
2022-10-20,2839.138916015625,2841.566793102016,2792.109143222076,2792.109143222076,1587601,TCS.NS,TCS,IT
2022-10-21,2821.24462890625,2841.9269226796287,2811.8927230154723,2839.5890559762415,1021913,TCS.NS,TCS,IT
2022-10-24,2843.095703125,2857.753197352684,2837.0709054901563,2850.6493675283837,260949,TCS.NS,TCS,IT
2022-10-25,2843.45556640625,2863.373425161377,2833.6088212517743,2860.0013123108297,2069643,TCS.NS,TCS,IT
2022-10-27,2839.22900390625,2854.1563112448976,2818.501925922069,2842.1965071167756,2438421,TCS.NS,TCS,IT
2022-10-28,2844.489501953125,2858.2027604387918,2828.0785532735567,2832.574703596726,1355739,TCS.NS,TCS,IT
2022-10-31,2871.37646484375,2876.637048668789,2857.5734147297503,2876.637048668789,1919414,TCS.NS,TCS,IT
2022-11-01,2931.220458984375,2933.8283581273604,2880.6387633413156,2890.575300348696,2991060,TCS.NS,TCS,IT
2022-11-02,2915.033935546875,2940.4821892267983,2897.364153326128,2940.4821892267983,1405955,TCS.NS,TCS,IT
2022-11-03,2883.605712890625,2902.7593552031317,2873.0397607189666,2902.7593552031317,1422652,TCS.NS,TCS,IT
2022-11-04,2893.1826171875,2895.565708495487,2847.097078046765,2892.8230129901267,1464013,TCS.NS,TCS,IT
2022-11-07,2907.840087890625,2916.023168933433,2873.1299406493004,2903.6137506809055,1474498,TCS.NS,TCS,IT
2022-11-09,2891.968994140625,2922.318009880542,2879.0199490351015,2922.318009880542,1162267,TCS.NS,TCS,IT
2022-11-10,2882.61669921875,2900.01688836437,2850.5592360046676,2850.5592360046676,1573092,TCS.NS,TCS,IT
2022-11-11,2981.802001953125,3004.8673857085314,2927.038976756328,2940.1228186004687,3265394,TCS.NS,TCS,IT
2022-11-14,2999.3818359375,3011.5214416293475,2975.5522395794296,2989.040690348149,1342074,TCS.NS,TCS,IT
2022-11-15,2996.7744140625,3003.383623783829,2960.265583029861,2986.34325675643,1400708,TCS.NS,TCS,IT
2022-11-16,3017.231689453125,3028.516851149373,2986.7476584957576,3002.439179238099,1748235,TCS.NS,TCS,IT
2022-11-17,3011.521240234375,3021.412770136608,2983.420303012122,3003.428170314366,1417986,TCS.NS,TCS,IT
2022-11-18,3006.531005859375,3023.886191689514,2986.3433328677056,3012.4210072589017,1164540,TCS.NS,TCS,IT
2022-11-21,2952.621826171875,2997.763130116702,2943.179910784391,2987.691797611102,1304194,TCS.NS,TCS,IT
2022-11-22,2980.902587890625,2984.4995080635367,2927.218598217636,2949.4745417875265,1149739,TCS.NS,TCS,IT
2022-11-23,2974.922607421875,2994.435854215807,2959.3658847520182,2994.435854215807,1150011,TCS.NS,TCS,IT
2022-11-24,3039.532470703125,3051.0426596485013,2974.9229211016186,2982.0717563383823,1296591,TCS.NS,TCS,IT
2022-11-25,3048.0751953125,3060.394823210972,3010.6223497742653,3042.0954030126463,1588981,TCS.NS,TCS,IT
2022-11-28,3053.11083984375,3072.669093511846,3026.403751156413,3026.808360772863,2195437,TCS.NS,TCS,IT
2022-11-29,3054.9990234375,3083.459564145022,3042.094985565065,3042.094985565065,1576028,TCS.NS,TCS,IT
2022-11-30,3049.109130859375,3070.780442157209,3034.9012529379065,3042.0950929448704,3410702,TCS.NS,TCS,IT
2022-12-01,3125.408935546875,3129.320674205069,3075.366869477395,3079.8630198713677,2180856,TCS.NS,TCS,IT
2022-12-02,3092.587158203125,3119.3392540899144,3069.072378541606,3109.627744491306,2411749,TCS.NS,TCS,IT
2022-12-05,3080.672119140625,3092.586917220595,3063.6767591287817,3087.0567402668353,1475065,TCS.NS,TCS,IT
2022-12-06,3044.208984375,3064.531454764534,3028.6072529022326,3057.4276241423545,1166999,TCS.NS,TCS,IT
2022-12-07,3039.937255859375,3051.717038027653,3016.017648233855,3028.8766821146633,1167505,TCS.NS,TCS,IT
2022-12-08,3012.91552734375,3039.9374364011487,3002.9339851801747,3021.413208083765,1285619,TCS.NS,TCS,IT
2022-12-09,2960.93994140625,3034.092398588754,2946.192655434108,3034.092398588754,1797896,TCS.NS,TCS,IT
2022-12-12,2955.274658203125,2963.8623493913924,2909.9985553110337,2927.4435310812128,1527610,TCS.NS,TCS,IT
2022-12-13,2996.32470703125,3000.2362262470147,2938.5041676355268,2946.9568427685667,1378016,TCS.NS,TCS,IT
2022-12-14,3026.22412109375,3036.7000639995404,3004.237769399859,3011.3418189511494,1213311,TCS.NS,TCS,IT
2022-12-15,2972.045654296875,3025.6846448877172,2966.5152571554577,3020.33426940705,1415694,TCS.NS,TCS,IT
2022-12-16,2913.72998046875,2960.265132537034,2900.1965251865877,2944.978222678854,2703680,TCS.NS,TCS,IT
2022-12-19,2879.379638671875,2918.4511406152537,2872.590407855624,2901.815384614212,2120965,TCS.NS,TCS,IT
2022-12-20,2917.0576171875,2921.5987733776346,2844.84939183865,2876.5472548000416,1529971,TCS.NS,TCS,IT
2022-12-21,2939.17822265625,2952.2170574887764,2913.5051625782858,2921.5982324743363,1432566,TCS.NS,TCS,IT
2022-12-22,2931.220458984375,2962.0640968575535,2918.0918305939645,2962.0640968575535,1384101,TCS.NS,TCS,IT
2022-12-23,2903.029541015625,2937.649899386993,2892.82319170629,2892.82319170629,1360281,TCS.NS,TCS,IT
2022-12-26,2925.10498046875,2942.2803601173773,2900.0615583932095,2903.029061099328,870157,TCS.NS,TCS,IT
2022-12-27,2931.040283203125,2943.8993165416755,2905.861842359533,2939.762770587653,835883,TCS.NS,TCS,IT
2022-12-28,2928.8828125,2936.975884411259,2900.916665080089,2922.3183880420315,910795,TCS.NS,TCS,IT
2022-12-29,2939.35791015625,2941.8307925280833,2902.7142895554493,2905.5019902263957,1037927,TCS.NS,TCS,IT
2022-12-30,2928.522705078125,2966.5601832850143,2919.0807887627284,2954.915197070413,1163131,TCS.NS,TCS,IT
2023-01-02,2932.793701171875,2937.64967499698,2909.1889131762478,2932.3890915710945,709547,TCS.NS,TCS,IT
2023-01-03,2977.665771484375,2985.4440242743467,2918.271577635895,2924.2963755843903,1245178,TCS.NS,TCS,IT
2023-01-04,2980.633056640625,2992.053454899718,2955.050003400902,2973.484221029113,1231668,TCS.NS,TCS,IT
2023-01-05,2977.440673828125,3001.000456972908,2951.227986433968,2994.615835872255,1826057,TCS.NS,TCS,IT
2023-01-06,2887.92236328125,2968.8530692467866,2877.5362121079547,2967.4592187363287,2488376,TCS.NS,TCS,IT
2023-01-09,2985.3994140625,2991.739031210393,2896.555421767762,2903.6144670208473,2885060,TCS.NS,TCS,IT
2023-01-10,2955.2294921875,2965.6606483841506,2904.6030169681453,2953.970657956924,3864655,TCS.NS,TCS,IT
2023-01-11,2993.267333984375,3011.971364872046,2941.5165953316505,2958.5571821774433,2720512,TCS.NS,TCS,IT
2023-01-12,2998.347900390625,3012.4207633052556,2981.442331005253,2993.5369316546853,2250391,TCS.NS,TCS,IT
2023-01-13,3034.4970703125,3038.498600471692,2971.9555710443747,3006.036305057248,1742837,TCS.NS,TCS,IT
2023-01-16,3066.2255859375,3083.6532862672816,3033.1174683396407,3050.5451686694223,1843607,TCS.NS,TCS,IT
2023-01-17,3107.0126953125,3110.139707684702,3054.2237329495765,3062.5007620361607,1688475,TCS.NS,TCS,IT
2023-01-18,3117.68115234375,3135.1088531125965,3101.3570106168763,3108.4844527793143,2421189,TCS.NS,TCS,IT
2023-01-19,3102.138671875,3114.9219938480996,3091.0105761214827,3108.4843044601644,1585044,TCS.NS,TCS,IT
2023-01-20,3092.942138671875,3121.9575463467286,3086.0446139576375,3094.689421787962,1529349,TCS.NS,TCS,IT
2023-01-23,3140.580322265625,3144.3510582716053,3086.0440825392607,3115.8412943621524,1067916,TCS.NS,TCS,IT
2023-01-24,3160.26171875,3174.654462857429,3142.787990669495,3149.8694039858374,1387863,TCS.NS,TCS,IT
2023-01-25,3154.238037109375,3159.066304386822,3131.4762056585528,3150.145550703775,874110,TCS.NS,TCS,IT
2023-01-27,3137.0400390625,3169.1824569748724,3110.599529591221,3150.789059081809,1785879,TCS.NS,TCS,IT
2023-01-30,3157.824462890625,3180.6323213204782,3113.5884754099507,3145.2710585648842,1953798,TCS.NS,TCS,IT
2023-01-31,3088.894775390625,3171.9409995540527,3081.8133631503715,3171.9409995540527,2820375,TCS.NS,TCS,IT
2023-02-01,3134.556884765625,3144.351279049428,3085.492407490737,3092.8497664355737,2205161,TCS.NS,TCS,IT
2023-02-02,3182.425537109375,3190.334787824689,3145.3630208692275,3151.7086531782097,1813847,TCS.NS,TCS,IT
2023-02-03,3202.56640625,3222.5231973552636,3175.5279775823224,3222.5231973552636,1804469,TCS.NS,TCS,IT
2023-02-06,3182.01220703125,3194.151806260683,3160.767964511945,3194.151806260683,1138714,TCS.NS,TCS,IT
2023-02-07,3193.599853515625,3212.4070586382527,3183.345399100722,3190.2429235610102,1455647,TCS.NS,TCS,IT
2023-02-08,3237.33056640625,3255.53985339965,3198.658396691303,3198.658396691303,1986946,TCS.NS,TCS,IT
2023-02-09,3256.413330078125,3262.6211020458163,3223.71901947586,3232.6397728051547,1655427,TCS.NS,TCS,IT
2023-02-10,3253.37841796875,3257.7928785550507,3226.339987208153,3237.238165731009,1187821,TCS.NS,TCS,IT
2023-02-13,3202.658447265625,3263.908553895811,3194.3814179658048,3263.908553895811,1087939,TCS.NS,TCS,IT
2023-02-14,3218.936767578125,3241.6985980328905,3214.246361188052,3223.4430603616947,1579818,TCS.NS,TCS,IT
2023-02-15,3237.8359375,3242.756261571135,3182.1959052183624,3206.889133323468,1429449,TCS.NS,TCS,IT
2023-02-16,3272.2314453125,3287.8198047959163,3243.6756507734817,3243.8595398428197,1618931,TCS.NS,TCS,IT
2023-02-17,3219.902587890625,3254.6201310073884,3209.6483570199803,3242.8943382990774,1061369,TCS.NS,TCS,IT
2023-02-20,3207.165283203125,3239.07778776799,3195.8993255369815,3220.684387496735,1296082,TCS.NS,TCS,IT
2023-02-21,3173.781005859375,3227.029806293947,3168.0330686566454,3213.326813814157,1139541,TCS.NS,TCS,IT
2023-02-22,3128.30322265625,3170.1021750983955,3122.2793398488698,3140.6267096205747,1218430,TCS.NS,TCS,IT
2023-02-23,3139.5693359375,3175.068461467988,3134.2352052950296,3146.190914704899,1441570,TCS.NS,TCS,IT
2023-02-24,3127.29150390625,3158.1004459242777,3110.5995848333705,3147.5702703492466,977592,TCS.NS,TCS,IT
2023-02-27,3064.202392578125,3117.681110007593,3049.6255341549195,3117.681110007593,1128022,TCS.NS,TCS,IT
2023-02-28,3046.728759765625,3119.52054831469,3034.8188539926205,3061.121505031087,4116217,TCS.NS,TCS,IT
2023-03-01,3113.726318359375,3116.761273918401,3048.7057016935673,3056.063060853009,1669307,TCS.NS,TCS,IT
2023-03-02,3054.63720703125,3099.195163858581,3051.464391132479,3091.010192464214,1556538,TCS.NS,TCS,IT
2023-03-03,3073.6748046875,3088.2516630694918,3063.5126314585646,3084.5729833040723,1043190,TCS.NS,TCS,IT
2023-03-06,3100.989013671875,3131.429952365279,3089.1711657538017,3091.838118627816,1334132,TCS.NS,TCS,IT
2023-03-08,3118.049072265625,3123.1993140673653,3063.282903492702,3093.7698741232675,1844590,TCS.NS,TCS,IT
2023-03-09,3068.800537109375,3113.082552138474,3063.282517814595,3113.082552138474,1648500,TCS.NS,TCS,IT
2023-03-10,3063.42041015625,3069.1683469810705,3025.7139445854286,3046.7742953000575,1024404,TCS.NS,TCS,IT
2023-03-13,3018.31103515625,3099.1041377752385,3009.1603631874063,3065.2602354839933,1901233,TCS.NS,TCS,IT
2023-03-14,2956.692626953125,3038.9570525672148,2951.5884142286423,3016.517197373872,2670334,TCS.NS,TCS,IT
2023-03-15,2941.931640625,2998.4455295966354,2935.586008800938,2988.9268573317822,1780522,TCS.NS,TCS,IT
2023-03-16,2929.1484375,2961.1529928060677,2917.1927295918367,2950.300843799058,1901060,TCS.NS,TCS,IT
2023-03-17,2923.906982421875,2962.6249561150617,2891.4425853334556,2897.420440551225,6739966,TCS.NS,TCS,IT
2023-03-20,2890.798583984375,2915.0317523258964,2846.424509123387,2915.0317523258964,2289468,TCS.NS,TCS,IT
2023-03-21,2856.5869140625,2903.168107097095,2848.631634298453,2890.798591207588,1815297,TCS.NS,TCS,IT
2023-03-22,2879.302490234375,2890.9822527438723,2856.5866892222766,2878.6127378279625,1123939,TCS.NS,TCS,IT
2023-03-23,2873.646240234375,2893.6032551387784,2851.896138598652,2864.679459405179,1372218,TCS.NS,TCS,IT
2023-03-24,2869.830078125,2915.3537406365167,2856.4948638539495,2895.9486148857454,1329577,TCS.NS,TCS,IT
2023-03-27,2871.485107421875,2899.489008374501,2856.4944445361034,2883.164869163131,1524217,TCS.NS,TCS,IT
2023-03-28,2865.599365234375,2896.5463922339063,2860.3112632842117,2875.807790984465,1303530,TCS.NS,TCS,IT
2023-03-29,2886.751953125,2896.960379511943,2854.7476180791455,2877.6473103151966,1740616,TCS.NS,TCS,IT
2023-03-31,2948.36962890625,2954.8993749774395,2898.7995113379675,2933.7009389751283,2382581,TCS.NS,TCS,IT
2023-04-03,2942.94384765625,2965.889568062685,2918.8025114059446,2965.889568062685,1521830,TCS.NS,TCS,IT
2023-04-05,2979.546875,3002.1248181336805,2929.60874969603,2929.60874969603,2655065,TCS.NS,TCS,IT
2023-04-06,2961.98095703125,2995.686995347432,2956.7388832326774,2965.935582713961,1703464,TCS.NS,TCS,IT
2023-04-10,3001.25048828125,3009.1597387753586,2956.7385575069616,2961.3369067410313,2203187,TCS.NS,TCS,IT
2023-04-11,2955.635498046875,3010.033888866784,2935.7245077814828,3001.8028872526584,2348779,TCS.NS,TCS,IT
2023-04-12,2981.248046875,2998.997722073373,2942.0242127497345,2968.6486132828945,2417727,TCS.NS,TCS,IT
2023-04-13,2932.689208984375,2970.5335324422176,2924.550041227942,2952.1401359565075,4174070,TCS.NS,TCS,IT
2023-04-17,2887.303466796875,2909.283486192707,2823.6163302860664,2882.3373394653017,5505048,TCS.NS,TCS,IT
2023-04-18,2879.256591796875,2903.260066434997,2860.725332786317,2901.51255887594,2617302,TCS.NS,TCS,IT
2023-04-19,2841.412109375,2887.763380835499,2824.7659949796926,2879.2564345702986,3298034,TCS.NS,TCS,IT
2023-04-20,2855.39111328125,2862.9323614573923,2830.7439153761175,2841.7799540325545,2419999,TCS.NS,TCS,IT
2023-04-21,2906.938720703125,2910.2493976571473,2851.7124977803655,2860.173416034582,1929184,TCS.NS,TCS,IT
2023-04-24,2919.768310546875,2925.4241911378012,2875.0262311012816,2897.9721768285667,1640676,TCS.NS,TCS,IT
2023-04-25,2920.87158203125,2934.8505195080106,2894.66099006403,2927.3092712863568,2024090,TCS.NS,TCS,IT
2023-04-26,2941.2421875,2950.6688039321384,2925.469938598228,2925.469938598228,2000029,TCS.NS,TCS,IT
2023-04-27,2931.86181640625,2942.2081034997614,2915.951481125579,2929.1488349186,2434446,TCS.NS,TCS,IT
2023-04-28,2960.6474609375,2968.004820473883,2939.4950522704,2943.311592718381,2931312,TCS.NS,TCS,IT
2023-05-02,2960.785400390625,2975.1323416797973,2952.140592516893,2975.1323416797973,2321159,TCS.NS,TCS,IT
2023-05-03,2924.45849609375,2957.6586723706264,2918.2507236937186,2957.6586723706264,2468285,TCS.NS,TCS,IT
2023-05-04,2961.98095703125,2965.429719336731,2922.711095151928,2924.688295728886,1953253,TCS.NS,TCS,IT
2023-05-05,2971.177978515625,2983.409635057104,2952.186881840122,2961.3375539099493,1710027,TCS.NS,TCS,IT
2023-05-08,2989.47900390625,2993.387600899083,2971.7293303036295,2984.3287627630057,928235,TCS.NS,TCS,IT
2023-05-09,3019.505859375,3033.0709888734486,2985.2481594551896,2991.318069923626,1107375,TCS.NS,TCS,IT
2023-05-10,3022.771240234375,3040.888693365604,3003.6880887487146,3025.714139172187,1559987,TCS.NS,TCS,IT
2023-05-11,3018.49462890625,3043.831580870088,3009.160068749002,3043.1878568124844,1719623,TCS.NS,TCS,IT
2023-05-12,3011.275146484375,3025.7139187593248,2998.1238222356833,3015.7354107050955,1027479,TCS.NS,TCS,IT
2023-05-15,2993.571533203125,3027.553290878769,2987.409789819426,3020.1959317271803,1150390,TCS.NS,TCS,IT
2023-05-16,2996.422607421875,3021.1158357999793,2989.3411935953186,2994.629295895425,986306,TCS.NS,TCS,IT
2023-05-17,2950.94482421875,3016.517334349857,2941.3343184708624,2994.39922789193,1588815,TCS.NS,TCS,IT
2023-05-18,2942.8056640625,2969.567922023238,2938.345175471324,2966.8089124688054,1369364,TCS.NS,TCS,IT
2023-05-19,2963.95849609375,2974.672561589856,2945.7489855149392,2952.1406469944154,1152449,TCS.NS,TCS,IT
2023-05-22,3033.71484375,3042.6816246528992,2958.623891436203,2970.533570909172,1333243,TCS.NS,TCS,IT
2023-05-23,3032.197509765625,3060.615218187134,3025.805849243565,3040.4285099791427,1687418,TCS.NS,TCS,IT
2023-05-24,3037.9921875,3050.7294831346167,3012.839121506177,3012.839121506177,1016555,TCS.NS,TCS,IT
2023-05-25,3028.9326171875,3040.4284901842643,3004.6534232298413,3029.3924521073704,1374917,TCS.NS,TCS,IT
2023-05-26,3061.489013671875,3070.455795118888,3026.6336145765354,3028.932789306539,1791115,TCS.NS,TCS,IT
2023-05-29,3053.626220703125,3101.127084002137,3045.9468867778996,3090.826825426039,1210372,TCS.NS,TCS,IT
2023-05-30,3049.809326171875,3059.6957777547364,3036.152362656079,3048.7057671800108,1344224,TCS.NS,TCS,IT
2023-05-31,3025.254150390625,3060.3854958314014,3002.8600984079567,3043.1877135256354,5815424,TCS.NS,TCS,IT
2023-06-01,3056.98291015625,3071.6976293387106,3032.611656510299,3047.786210667212,1177314,TCS.NS,TCS,IT
2023-06-02,3040.06103515625,3067.926854638959,3032.5655904484856,3059.0521295537624,2030661,TCS.NS,TCS,IT
2023-06-05,3024.7021484375,3059.741660328517,3021.1615541519814,3048.7056218782786,1861468,TCS.NS,TCS,IT
2023-06-06,2972.64892578125,3024.6563011369967,2961.8888333525238,3016.5171330853027,2022849,TCS.NS,TCS,IT
2023-06-07,3011.826904296875,3015.45978007146,2980.6501840988403,2991.6862230402735,1567196,TCS.NS,TCS,IT
2023-06-08,2976.4658203125,3007.3207926165123,2973.293003831555,2999.043762912063,1759366,TCS.NS,TCS,IT
2023-06-09,2951.496826171875,2988.9273483672064,2947.8641747619263,2984.3289986004875,1775689,TCS.NS,TCS,IT
2023-06-12,2986.075927734375,2992.9734515668288,2953.059870134538,2956.7385495118465,2324605,TCS.NS,TCS,IT
2023-06-13,2983.133056640625,3002.7220694111443,2978.810653238192,2998.1237201471154,1371928,TCS.NS,TCS,IT
2023-06-14,2989.89306640625,2994.3075271171197,2966.7174283351833,2983.1334023931563,1658544,TCS.NS,TCS,IT
2023-06-15,2979.933349609375,3008.7940377982886,2974.096292953564,3006.8021323183016,2273810,TCS.NS,TCS,IT
2023-06-16,2941.575439453125,2964.2749262033685,2924.0644972966825,2962.0513934909673,4156189,TCS.NS,TCS,IT
2023-06-19,2974.46630859375,2978.6356017646413,2941.667959462191,2955.565603365162,1468186,TCS.NS,TCS,IT
2023-06-20,2990.494873046875,2994.942164191664,2965.8034836575825,2977.8017372658956,1528452,TCS.NS,TCS,IT
2023-06-21,3018.75341796875,3021.718203335577,2987.020465383,3011.156084779186,1645987,TCS.NS,TCS,IT
2023-06-22,3000.50146484375,3027.509130331622,2992.7188743583506,3020.421422075228,1529603,TCS.NS,TCS,IT
2023-06-23,2979.97900390625,3010.599962776281,2973.3079543613294,2999.3893332328184,1119505,TCS.NS,TCS,IT
2023-06-26,2955.24072265625,2977.7085764077715,2939.8144310753637,2969.4627329330415,1978803,TCS.NS,TCS,IT
2023-06-27,2962.375732421875,2973.7716202061024,2948.431716890738,2966.6839118331172,863542,TCS.NS,TCS,IT
2023-06-28,2979.14501953125,2993.5059172295346,2958.7154391788054,2972.242568780507,1575872,TCS.NS,TCS,IT
2023-06-30,3059.566650390625,3066.7471005505245,2977.8949109868468,2983.3612277258876,2672406,TCS.NS,TCS,IT
2023-07-03,3031.817138671875,3074.899831225918,3028.527984645769,3070.7305383981075,1687264,TCS.NS,TCS,IT
2023-07-04,3065.681884765625,3071.379829263524,3036.4504568371235,3048.21708545309,1656681,TCS.NS,TCS,IT
2023-07-05,3075.966064453125,3084.351023108038,3062.1147886368476,3076.0124351813415,1453008,TCS.NS,TCS,IT
2023-07-06,3078.698974609375,3083.8411486556433,3059.335012466021,3063.5506768174178,1848238,TCS.NS,TCS,IT
2023-07-07,3084.582275390625,3110.2001769257495,3059.3348872388206,3059.3348872388206,1789326,TCS.NS,TCS,IT
2023-07-10,3031.492919921875,3080.412670096129,3025.238980370586,3080.412670096129,1407431,TCS.NS,TCS,IT
2023-07-11,3031.909912109375,3052.849119462837,3021.162536512691,3052.849119462837,1110172,TCS.NS,TCS,IT
2023-07-12,3020.328857421875,3047.429265939349,3011.2492433903294,3039.8319316972584,1515240,TCS.NS,TCS,IT
2023-07-13,3095.0517578125,3119.974776122977,3032.2343603066984,3042.6575935366886,4585146,TCS.NS,TCS,IT
2023-07-14,3256.35693359375,3265.8075126422405,3105.660234929049,3117.704859945182,6306101,TCS.NS,TCS,IT
2023-07-17,3235.093505859375,3289.016319019273,3221.520230779472,3252.0486766783647,2743228,TCS.NS,TCS,IT
2023-07-18,3239.865234375,3265.0198799170403,3210.3558126880093,3220.5474184425743,2600090,TCS.NS,TCS,IT
2023-07-19,3215.034912109375,3258.3956097228456,3192.42794053721,3242.7838313695074,2405370,TCS.NS,TCS,IT
2023-07-20,3217.125244140625,3231.6162445859936,3191.812201185396,3207.650315621179,1715404,TCS.NS,TCS,IT
2023-07-21,3128.87744140625,3190.743301408389,3120.2849419514946,3162.086290650304,3770223,TCS.NS,TCS,IT
2023-07-24,3153.447509765625,3170.8182482458337,3132.4075869016933,3140.6748745909354,1680132,TCS.NS,TCS,IT
2023-07-25,3157.5341796875,3164.640544425158,3139.9312141674013,3156.0015544155326,1272980,TCS.NS,TCS,IT
2023-07-26,3147.4560546875,3177.6924112049487,3144.390576862288,3158.6495731471414,1066803,TCS.NS,TCS,IT
2023-07-27,3155.444580078125,3169.1461341109766,3144.437026978076,3153.633233546405,1701769,TCS.NS,TCS,IT
2023-07-28,3116.894287109375,3152.47192520402,3094.228757385738,3144.3903763886888,2599831,TCS.NS,TCS,IT
2023-07-31,3178.24951171875,3183.0798446211247,3122.003427202266,3125.2546433386306,2743678,TCS.NS,TCS,IT
2023-08-01,3206.67431640625,3214.0591758025353,3172.2578281403635,3172.2578281403635,1956167,TCS.NS,TCS,IT
2023-08-02,3196.084716796875,3201.4260004622265,3170.957642026737,3190.7899244338078,1914899,TCS.NS,TCS,IT
2023-08-03,3158.27734375,3189.2103843153136,3128.5984342456786,3176.902210546384,2026351,TCS.NS,TCS,IT
2023-08-04,3198.778564453125,3224.2773416333084,3159.4852515788793,3159.4852515788793,2248493,TCS.NS,TCS,IT
2023-08-07,3236.400146484375,3240.069331017348,3196.642369656952,3208.439595086255,1853889,TCS.NS,TCS,IT
2023-08-08,3223.90625,3241.8806958970467,3210.9013844925967,3236.4001647193836,1634225,TCS.NS,TCS,IT
2023-08-09,3216.3818359375,3220.5619711755417,3181.593866924947,3218.6111506830484,1794589,TCS.NS,TCS,IT
2023-08-10,3197.431640625,3218.61080881872,3186.2381232080143,3204.770008770933,1096701,TCS.NS,TCS,IT
2023-08-11,3203.655517578125,3220.236583715237,3171.329094804473,3193.7161307988767,1679974,TCS.NS,TCS,IT
2023-08-14,3204.631103515625,3209.4149453532923,3168.5425118958265,3196.1313591222456,1190425,TCS.NS,TCS,IT
2023-08-16,3212.57275390625,3219.632627647557,3191.0218826561636,3204.7699265389706,1328445,TCS.NS,TCS,IT
2023-08-17,3191.533203125,3214.802667601421,3170.5860359658495,3209.4148924679835,1843241,TCS.NS,TCS,IT
2023-08-18,3127.762939453125,3167.6134698101937,3117.9163083336994,3167.6134698101937,2526749,TCS.NS,TCS,IT
2023-08-21,3159.857177734375,3167.3815122350584,3132.314820516641,3135.101577474396,1375579,TCS.NS,TCS,IT
2023-08-22,3141.742919921875,3168.54232050071,3125.858543041599,3158.3242127535664,1222012,TCS.NS,TCS,IT
2023-08-23,3156.69873046875,3160.1821764304236,3136.0302844294856,3147.1773115068418,1330046,TCS.NS,TCS,IT
2023-08-24,3146.9453125,3170.447008335197,3137.981334949488,3165.755922072172,1152881,TCS.NS,TCS,IT
2023-08-25,3140.953369140625,3145.133503987289,3112.110393341278,3135.1011349979294,1158046,TCS.NS,TCS,IT
2023-08-28,3135.612060546875,3152.750567923211,3121.2603097126043,3152.750567923211,1037485,TCS.NS,TCS,IT
2023-08-29,3136.16943359375,3148.6170828467652,3125.8120786392947,3140.7212722469335,944517,TCS.NS,TCS,IT
2023-08-30,3149.917724609375,3165.8488209595616,3142.5793554875713,3156.466648681639,1188200,TCS.NS,TCS,IT
2023-08-31,3118.195068359375,3174.487418701091,3105.979648519252,3159.2532391652235,3417652,TCS.NS,TCS,IT
2023-09-01,3139.0029296875,3148.106380926571,3118.1952355297863,3126.741244673602,1277950,TCS.NS,TCS,IT
2023-09-04,3175.509521484375,3188.839599513233,3130.5034424257988,3137.8883029323442,1828332,TCS.NS,TCS,IT
2023-09-05,3185.588134765625,3201.9834627096716,3163.1081158549873,3176.902652296802,1501842,TCS.NS,TCS,IT
2023-09-06,3186.098876953125,3199.103741686018,3156.5594370607423,3189.907535196781,1314818,TCS.NS,TCS,IT
2023-09-07,3209.64697265625,3214.059337353484,3179.039140798069,3186.9349513089087,1885092,TCS.NS,TCS,IT
2023-09-08,3197.24609375,3218.704212548399,3190.88313491419,3209.6472526429598,1518917,TCS.NS,TCS,IT
2023-09-11,3233.2412109375,3237.932296351562,3200.1253456084146,3215.9169656012573,1783604,TCS.NS,TCS,IT
2023-09-12,3326.27294921875,3334.7259754079064,3235.424632526024,3243.7849028943087,4476016,TCS.NS,TCS,IT
2023-09-13,3314.2431640625,3333.7504596439576,3293.0172779174695,3317.26215028344,1754929,TCS.NS,TCS,IT
2023-09-14,3306.99755859375,3341.9712621721756,3293.5747267257207,3316.286746985026,2604721,TCS.NS,TCS,IT
2023-09-15,3342.529052734375,3350.9358144624653,3309.227218164352,3314.2435164908143,2952897,TCS.NS,TCS,IT
2023-09-18,3349.821044921875,3362.0364654202117,3321.1175395324153,3325.5763959350998,1395753,TCS.NS,TCS,IT
2023-09-20,3349.728271484375,3367.331240473756,3325.529887143737,3325.529887143737,1649396,TCS.NS,TCS,IT
2023-09-21,3330.45263671875,3348.7522918187597,3277.225543838165,3333.4716228348143,2004073,TCS.NS,TCS,IT
2023-09-22,3347.49853515625,3375.45908502732,3311.6424013468136,3329.2453693121192,1989083,TCS.NS,TCS,IT
2023-09-25,3322.882080078125,3362.6863447912865,3305.697080802258,3346.430264395196,1238778,TCS.NS,TCS,IT
2023-09-26,3330.823974609375,3339.416473196734,3284.6567572865497,3314.010681013223,1726062,TCS.NS,TCS,IT
2023-09-27,3334.168701171875,3357.112952975128,3302.956934967385,3334.818899053876,1541134,TCS.NS,TCS,IT
2023-09-28,3285.353759765625,3346.7088954834967,3276.6220132450994,3344.10787733265,1755753,TCS.NS,TCS,IT
2023-09-29,3277.783447265625,3314.80073078161,3256.3718204401093,3285.7720140406323,2243791,TCS.NS,TCS,IT
2023-10-03,3264.081787109375,3282.9851507659523,3232.7307740458355,3282.9851507659523,1948148,TCS.NS,TCS,IT
2023-10-04,3286.28271484375,3295.8041332105504,3230.12961480862,3238.4898845941034,1788138,TCS.NS,TCS,IT
2023-10-05,3334.215087890625,3366.4020365150864,3298.776696384458,3301.37771461772,2990768,TCS.NS,TCS,IT
2023-10-06,3363.986328125,3376.573222760342,3320.9310793974987,3335.7472883562837,2075691,TCS.NS,TCS,IT
2023-10-09,3379.73193359375,3417.492393516818,3372.9042894426652,3385.955644430069,4233074,TCS.NS,TCS,IT
2023-10-10,3370.953125,3388.6955636493985,3345.3615951414645,3381.3107050234767,1848148,TCS.NS,TCS,IT
2023-10-11,3353.30419921875,3390.553937299432,3348.7525873875215,3390.553937299432,2426417,TCS.NS,TCS,IT
2023-10-12,3290.741943359375,3333.5649718150416,3286.608299299206,3320.8853185860926,4241281,TCS.NS,TCS,IT
2023-10-13,3317.030029296875,3322.742789618248,3274.439008499951,3279.0836028382487,2890357,TCS.NS,TCS,IT
2023-10-16,3273.556396484375,3320.559552467454,3268.9582937059067,3312.5244954296677,1671104,TCS.NS,TCS,IT
2023-10-17,3257.764892578125,3282.938457297201,3254.3279381964744,3279.083534791144,1672065,TCS.NS,TCS,IT
2023-10-18,3239.37255859375,3272.3026895076964,3236.353572052656,3261.4343833171283,1408245,TCS.NS,TCS,IT
2023-10-19,3218.32421875,3238.0684358855883,3214.8317596869083,3231.223125172474,1514545,TCS.NS,TCS,IT
2023-10-20,3254.552978515625,3259.1629792610242,3207.5211938456205,3213.434955097758,1481211,TCS.NS,TCS,IT
2023-10-23,3175.949462890625,3240.0244989975004,3167.707394851243,3234.4831753695994,1106272,TCS.NS,TCS,IT
2023-10-25,3157.276611328125,3189.7796767932823,3145.262414223449,3157.6490493920073,1518537,TCS.NS,TCS,IT
2023-10-26,3107.590087890625,3142.0024058676267,3101.3036615496458,3136.7405251390774,1984471,TCS.NS,TCS,IT
2023-10-27,3120.81494140625,3131.1061000295,3107.8230386075074,3119.9302305469437,1108851,TCS.NS,TCS,IT
2023-10-30,3146.51953125,3150.524263288147,3104.796239719202,3119.930229639093,910972,TCS.NS,TCS,IT
2023-10-31,3137.392578125,3165.5650829081633,3119.976893370138,3165.5650829081633,999811,TCS.NS,TCS,IT
2023-11-01,3101.9091796875,3140.0470177894435,3083.608783594488,3124.5869734096973,1563475,TCS.NS,TCS,IT
2023-11-02,3129.336669921875,3144.0979943996585,3113.5971840186144,3113.5971840186144,1245384,TCS.NS,TCS,IT
2023-11-03,3120.768310546875,3155.2272412387383,3114.621718793595,3149.732529726521,1402598,TCS.NS,TCS,IT
2023-11-06,3148.1025390625,3159.325019444616,3128.311938084739,3143.213096467994,1099852,TCS.NS,TCS,IT
2023-11-07,3138.9755859375,3170.361105826031,3134.8312466684147,3146.0071156404942,1191144,TCS.NS,TCS,IT
2023-11-08,3149.313720703125,3168.312609208247,3138.137850435721,3139.907272278595,992899,TCS.NS,TCS,IT
2023-11-09,3117.55517578125,3158.579973678366,3112.5261256846,3157.2762132454977,2112352,TCS.NS,TCS,IT
2023-11-10,3104.51708984375,3117.5556054640406,3094.1795460261487,3108.754652895078,1338557,TCS.NS,TCS,IT
2023-11-13,3102.7470703125,3125.5178566599852,3098.509508077405,3125.5178566599852,1030990,TCS.NS,TCS,IT
2023-11-15,3170.50146484375,3178.6039257134944,3125.5651509217823,3150.757471869869,2059802,TCS.NS,TCS,IT
2023-11-16,3257.626708984375,3286.963369638234,3179.7214403793696,3194.4829939118117,3951984,TCS.NS,TCS,IT
2023-11-17,3261.91015625,3282.4458610340766,3252.690155264645,3257.626209552958,2021292,TCS.NS,TCS,IT
2023-11-20,3277.883056640625,3291.2007876890016,3251.4799704424486,3251.4799704424486,1475621,TCS.NS,TCS,IT
2023-11-21,3269.127685546875,3295.996426442188,3260.5595653542873,3277.8822521093884,1807236,TCS.NS,TCS,IT
2023-11-22,3287.708251953125,3290.0365583585913,3242.027062176816,3259.6289676526717,1798051,TCS.NS,TCS,IT
2023-11-23,3267.31201171875,3300.606789576356,3259.628601443918,3287.56827517058,2729804,TCS.NS,TCS,IT
2023-11-24,3219.6748046875,3263.8660077062705,3215.8562918450352,3254.273341378371,1989733,TCS.NS,TCS,IT
2023-11-28,3231.828369140625,3242.166138837972,3197.229832568979,3219.6747935926865,1689195,TCS.NS,TCS,IT
2023-11-29,3272.434326171875,3276.3924466659996,3237.090683940245,3241.9335153053853,1441634,TCS.NS,TCS,IT
2023-11-30,3248.080322265625,3275.135057994798,3241.9335030426573,3259.1163570597796,3266235,TCS.NS,TCS,IT
2023-12-01,3270.478271484375,3275.414325764336,3250.361843721189,3259.628456286476,1172141,TCS.NS,TCS,IT
2023-12-04,3271.2236328125,3304.1459737662194,3257.766068313779,3301.212171500063,1625213,TCS.NS,TCS,IT
2023-12-05,3289.058349609375,3295.0187221482606,3262.236218437115,3295.0187221482606,1377656,TCS.NS,TCS,IT
2023-12-06,3356.5791015625,3364.728172438132,3283.051017305754,3289.989550978767,1896572,TCS.NS,TCS,IT
2023-12-07,3366.637451171875,3381.2127840148296,3345.030815693545,3357.4174498180882,1967653,TCS.NS,TCS,IT
2023-12-08,3377.626953125,3394.6701987746455,3354.6699465710817,3383.494329807486,1641155,TCS.NS,TCS,IT
2023-12-11,3392.71484375,3402.121292502445,3366.731035421938,3374.0883926549964,1102503,TCS.NS,TCS,IT
2023-12-12,3419.909423828125,3444.4030235404603,3381.6319783454765,3389.0359467038065,2236866,TCS.NS,TCS,IT
2023-12-13,3346.75390625,3399.327014186455,3318.301959327764,3393.3200297320063,3850968,TCS.NS,TCS,IT
2023-12-14,3415.392333984375,3425.404050554102,3378.465488934795,3380.7005719171807,3290396,TCS.NS,TCS,IT
2023-12-15,3595.836181640625,3628.385857623635,3414.8801739559026,3414.8801739559026,8531230,TCS.NS,TCS,IT
2023-12-18,3594.15966796875,3659.1660225226565,3567.1047044603515,3593.135349665333,2521612,TCS.NS,TCS,IT
2023-12-19,3554.11279296875,3590.341373765734,3529.7121895342984,3580.934925794031,2004435,TCS.NS,TCS,IT
2023-12-20,3520.44580078125,3631.0403520286277,3507.87294653418,3564.4041790444217,2586083,TCS.NS,TCS,IT
2023-12-21,3527.383544921875,3545.264889298634,3486.265752436792,3498.279720293807,1517562,TCS.NS,TCS,IT
2023-12-22,3561.377197265625,3581.819680420596,3503.635202958494,3539.025457533832,2413058,TCS.NS,TCS,IT
2023-12-26,3534.881103515625,3570.6904075901484,3529.8518256722914,3557.51228537649,1285231,TCS.NS,TCS,IT
2023-12-27,3549.4560546875,3555.9753117984196,3509.2229705634127,3538.093966340341,1293976,TCS.NS,TCS,IT
2023-12-28,3538.931884765625,3574.4153590343085,3531.6677519692553,3561.376845478686,1682889,TCS.NS,TCS,IT
2023-12-29,3532.878662109375,3560.0734608663474,3506.8016322454937,3531.5749015656434,1574996,TCS.NS,TCS,IT
2024-01-01,3549.36328125,3568.8278306083957,3513.879802945062,3529.712285492124,825907,TCS.NS,TCS,IT
2024-01-02,3523.37890625,3549.3629379884974,3508.5243592421702,3549.3629379884974,1344068,TCS.NS,TCS,IT
2024-01-03,3438.2099609375,3512.808986774511,3433.8327905074707,3508.2919815403434,1803075,TCS.NS,TCS,IT
2024-01-04,3414.97314453125,3463.58813008378,3400.258204607658,3447.5228181063812,3598144,TCS.NS,TCS,IT
2024-01-05,3481.18994140625,3490.3635580837076,3422.4702454218473,3422.6098528337334,1963127,TCS.NS,TCS,IT
2024-01-08,3425.683349609375,3482.9130676229634,3420.188410832366,3481.190030173045,1067805,TCS.NS,TCS,IT
2024-01-09,3436.48681640625,3494.648088677372,3429.8279514524115,3455.1598780853456,1370944,TCS.NS,TCS,IT
2024-01-10,3458.046875,3473.1342532438607,3434.7172021085626,3436.579847012092,1292227,TCS.NS,TCS,IT
2024-01-11,3479.00146484375,3513.879443530223,3452.4121646346503,3468.244645562298,1777909,TCS.NS,TCS,IT
2024-01-12,3616.138916015625,3637.0470599000287,3559.142026578151,3583.7288487280734,6813450,TCS.NS,TCS,IT
2024-01-15,3635.696533203125,3692.6934202169923,3618.1876261142534,3688.036808085571,2801505,TCS.NS,TCS,IT
2024-01-16,3596.11572265625,3631.226536485312,3590.760618120525,3631.226536485312,1432672,TCS.NS,TCS,IT
2024-01-17,3617.8154296875,3641.4243183462013,3550.713598917996,3556.7205834939423,3458696,TCS.NS,TCS,IT
2024-01-18,3634.5791015625,3640.3532553051646,3596.7673189636566,3630.2949273227173,2239110,TCS.NS,TCS,IT
2024-01-19,3697.834716796875,3717.059837136614,3671.5760158450357,3699.6634019644803,2941975,TCS.NS,TCS,IT
2024-01-23,3618.30810546875,3689.253392795468,3603.772039730458,3657.4617018928593,2618854,TCS.NS,TCS,IT
2024-01-24,3602.88134765625,3642.1285897607904,3568.9326446510017,3638.7056721419845,2657709,TCS.NS,TCS,IT
2024-01-25,3573.34033203125,3620.887291071968,3543.7054208683003,3601.0993927441014,2205154,TCS.NS,TCS,IT
2024-01-29,3564.618896484375,3582.437301912737,3545.7221002052784,3564.431380113515,1646747,TCS.NS,TCS,IT
2024-01-30,3564.1962890625,3608.5078419941947,3551.488909043992,3570.6670909234226,1411621,TCS.NS,TCS,IT
2024-01-31,3578.638671875,3595.566200692752,3560.351363342525,3574.184071078628,2459358,TCS.NS,TCS,IT
2024-02-01,3614.463134765625,3662.057029330496,3568.4167652804376,3582.436989907515,2363107,TCS.NS,TCS,IT
2024-02-02,3719.638427734375,3736.612663128637,3631.2028376276817,3634.063205902369,2826510,TCS.NS,TCS,IT
2024-02-05,3726.203369140625,3771.8747052852855,3715.6999348975555,3735.300087307631,1691523,TCS.NS,TCS,IT
2024-02-06,3878.785400390625,3891.8208786976347,3741.8650260054624,3748.4297014896824,4474396,TCS.NS,TCS,IT
2024-02-07,3829.456298828125,3896.603639652877,3820.594033092657,3894.7280181656797,2124267,TCS.NS,TCS,IT
2024-02-08,3877.00341796875,3899.417002760364,3831.9415667460817,3835.6458733260915,2345173,TCS.NS,TCS,IT
2024-02-09,3876.62841796875,3924.5034728185747,3845.0240130368975,3879.3008122308597,2100596,TCS.NS,TCS,IT
2024-02-12,3864.436767578125,3900.917512535836,3850.2285690197773,3873.1582239962727,1013716,TCS.NS,TCS,IT
2024-02-13,3891.445556640625,3910.6706762721788,3827.67442810669,3868.891392141469,1257415,TCS.NS,TCS,IT
2024-02-14,3845.117919921875,3858.9973357555955,3797.6646047310915,3851.588722467118,1391283,TCS.NS,TCS,IT
2024-02-15,3848.025146484375,3888.444422362778,3829.081186690457,3871.2826692770527,1091582,TCS.NS,TCS,IT
2024-02-16,3871.563720703125,3889.9920672478725,3845.1177337734257,3857.4498528668705,1307556,TCS.NS,TCS,IT
2024-02-19,3848.58740234375,3871.5637647018066,3802.8224229354896,3866.640258482223,772291,TCS.NS,TCS,IT
2024-02-20,3779.986328125,3843.1479657037125,3760.620630178596,3828.236868254403,1193648,TCS.NS,TCS,IT
2024-02-21,3743.271728515625,3810.6535246443304,3733.0496825963114,3763.4346602864093,1885939,TCS.NS,TCS,IT
2024-02-22,3832.926025390625,3840.2877016688244,3724.0461165985157,3724.0461165985157,2982052,TCS.NS,TCS,IT
2024-02-23,3800.1025390625,3873.157895434478,3794.756835314285,3873.157895434478,2538072,TCS.NS,TCS,IT
2024-02-26,3752.227294921875,3798.133079811019,3735.065314473416,3785.0037308931537,1379284,TCS.NS,TCS,IT
2024-02-27,3849.150146484375,3867.5313277921664,3750.3049902620937,3750.3049902620937,2960475,TCS.NS,TCS,IT
2024-02-28,3862.795654296875,3896.509674983892,3834.7080400231876,3840.8976823678586,1939225,TCS.NS,TCS,IT
2024-02-29,3840.428955078125,3880.754817970432,3811.778790417747,3844.0863254782985,3772719,TCS.NS,TCS,IT
2024-03-01,3839.72509765625,3882.536061925083,3832.644581510238,3851.7760560015763,2043265,TCS.NS,TCS,IT
2024-03-04,3826.924072265625,3861.8105844645606,3822.4225351204777,3849.712918034811,1749271,TCS.NS,TCS,IT
2024-03-05,3762.5908203125,3811.2631094828985,3732.4870019050036,3809.3874878739007,2070859,TCS.NS,TCS,IT
2024-03-06,3811.544189453125,3818.7652862706927,3712.276832263034,3745.662985779128,1744204,TCS.NS,TCS,IT
2024-03-07,3853.08935546875,3867.5315494972733,3786.598435635506,3812.2007150112554,2688905,TCS.NS,TCS,IT
2024-03-11,3865.98388671875,3894.7276920199565,3834.707809455719,3834.707809455719,2304068,TCS.NS,TCS,IT
2024-03-12,3931.537353515625,3966.893004086542,3864.765040927229,3865.984469724928,4039801,TCS.NS,TCS,IT
2024-03-13,3890.9765625,3977.255146194866,3874.9399080779876,3943.493961270788,2837260,TCS.NS,TCS,IT
2024-03-14,3945.932861328125,3962.2506778621505,3831.894975087514,3895.1504974777836,2919608,TCS.NS,TCS,IT
2024-03-15,3956.857421875,3975.3791814488654,3917.2349235460983,3931.8648606659913,3373143,TCS.NS,TCS,IT
2024-03-18,3894.258544921875,3990.1496794717273,3861.7634989777794,3953.1061605013683,1526904,TCS.NS,TCS,IT
2024-03-19,3729.954833984375,3805.636117588947,3719.920304502826,3799.305894869941,8931209,TCS.NS,TCS,IT
2024-03-20,3723.95263671875,3768.1236148774233,3713.9181074283624,3738.11367070717,1817913,TCS.NS,TCS,IT
2024-03-21,3725.874755859375,3759.1200974295043,3702.476426060684,3741.9114094702163,3829582,TCS.NS,TCS,IT
2024-03-22,3667.68408203125,3693.098845711536,3615.2605510964886,3654.6486037932596,5852485,TCS.NS,TCS,IT
2024-03-26,3636.361083984375,3701.257540323518,3630.6872833100233,3634.0165571732955,3440925,TCS.NS,TCS,IT
2024-03-27,3602.037109375,3652.772761001774,3591.252286075508,3646.6769913107573,1968575,TCS.NS,TCS,IT
2024-03-28,3635.235595703125,3671.5288233376846,3601.661927465741,3610.6650016041267,4311783,TCS.NS,TCS,IT
2024-04-01,3673.170166015625,3688.690979343402,3646.2550439346555,3655.3048258696854,1569676,TCS.NS,TCS,IT
2024-04-02,3642.269287109375,3666.6993019354495,3632.140885633653,3648.0836677291272,2142666,TCS.NS,TCS,IT
2024-04-03,3701.8203125,3733.424488071944,3611.509094088183,3611.509094088183,3973090,TCS.NS,TCS,IT
2024-04-04,3754.337646484375,3778.1110105154908,3690.519582126367,3728.6414957560305,3394637,TCS.NS,TCS,IT
2024-04-05,3731.783203125,3753.1183964079287,3714.199252617092,3730.610939757806,1636819,TCS.NS,TCS,IT
2024-04-08,3725.499755859375,3781.8620387375217,3713.7301863711327,3735.299831392985,2302538,TCS.NS,TCS,IT
2024-04-09,3701.116943359375,3766.1072720566044,3680.954012876369,3736.2379090370728,1876992,TCS.NS,TCS,IT
2024-04-10,3736.847412109375,3742.052307422326,3674.3424188992844,3710.3542591400274,2101965,TCS.NS,TCS,IT
2024-04-12,3752.555908203125,3763.762930025122,3700.1323779568356,3724.0465524943843,4354821,TCS.NS,TCS,IT
2024-04-15,3696.099365234375,3811.450077595125,3675.326950485817,3752.555521752734,4200329,TCS.NS,TCS,IT
2024-04-16,3631.953369140625,3684.37689632826,3622.622198353119,3659.33739612377,3051420,TCS.NS,TCS,IT
2024-04-18,3621.824951171875,3691.2229435040135,3610.571222685582,3635.704595429841,3476284,TCS.NS,TCS,IT
2024-04-19,3588.2509765625,3612.962378176155,3564.5243218990936,3599.317187756726,2957749,TCS.NS,TCS,IT
2024-04-22,3624.263427734375,3636.8299998951316,3574.934491903105,3598.379760081903,1728883,TCS.NS,TCS,IT
2024-04-23,3633.735107421875,3652.772710601142,3620.5121138030436,3635.9390541705266,1807586,TCS.NS,TCS,IT
2024-04-24,3592.7998046875,3655.586186600659,3586.6101623523527,3648.0837008405756,1317312,TCS.NS,TCS,IT
2024-04-25,3612.634521484375,3632.7505162587627,3573.9967644173494,3574.184280775608,2856271,TCS.NS,TCS,IT
2024-04-26,3583.703125,3635.7046841917695,3566.07223748283,3615.400944510773,2039178,TCS.NS,TCS,IT
2024-04-29,3629.51513671875,3636.6425900369045,3581.686788233394,3599.3176762116937,1110693,TCS.NS,TCS,IT
2024-04-30,3583.04638671875,3640.3467125091584,3573.058794270598,3631.2030581143713,2203078,TCS.NS,TCS,IT
2024-05-02,3623.0439453125,3630.35891420508,3543.0955870607045,3543.0955870607045,2491044,TCS.NS,TCS,IT
2024-05-03,3604.38134765625,3651.4596252829774,3561.4298032069573,3648.2239953859785,2962234,TCS.NS,TCS,IT
2024-05-06,3677.202880859375,3694.9274124213143,3613.384813638277,3613.384813638277,2053831,TCS.NS,TCS,IT
2024-05-07,3731.501708984375,3739.988941315255,3670.12204659911,3686.3462169354693,2062112,TCS.NS,TCS,IT
2024-05-08,3729.626220703125,3736.5192209369857,3693.66131770256,3714.6681858171114,1247685,TCS.NS,TCS,IT
2024-05-09,3713.91796875,3724.0463703208047,3666.886852709913,3715.6060738380834,1726486,TCS.NS,TCS,IT
2024-05-10,3651.740966796875,3726.484662213695,3643.441479536376,3716.1687445881325,1672489,TCS.NS,TCS,IT
2024-05-13,3702.289306640625,3709.0414982162547,3629.327584853832,3642.925840662716,931326,TCS.NS,TCS,IT
2024-05-14,3658.58740234375,3700.4138550943817,3650.8035270075748,3691.2232635754413,1058317,TCS.NS,TCS,IT
2024-05-15,3639.080810546875,3682.735947564617,3634.485629369305,3661.682141626229,1115021,TCS.NS,TCS,IT
2024-05-16,3684.94189453125,3693.018499850829,3630.6731306245456,3675.6374588606977,2599399,TCS.NS,TCS,IT
2024-05-17,3621.793701171875,3702.93705093211,3617.9206390484646,3701.992424133403,2765804,TCS.NS,TCS,IT
2024-05-21,3608.663818359375,3631.854456042576,3599.0759470919206,3618.4880769854944,1908117,TCS.NS,TCS,IT
2024-05-22,3619.809814453125,3628.547612152418,3606.160003631016,3622.643694788031,1311168,TCS.NS,TCS,IT
2024-05-23,3677.857421875,3688.7679082914883,3613.6700725144915,3628.2645114562283,2095742,TCS.NS,TCS,IT
2024-05-24,3636.341064453125,3668.7418115804035,3631.429050950218,3663.4990864307915,1309452,TCS.NS,TCS,IT
2024-05-27,3634.02685546875,3691.9325288692844,3628.64252842061,3641.5365929797185,1841538,TCS.NS,TCS,IT
2024-05-28,3627.272705078125,3655.706066734782,3617.9209911096164,3644.370544047232,1801993,TCS.NS,TCS,IT
2024-05-29,3593.030029296875,3635.774396680819,3589.582233347775,3635.774396680819,1568095,TCS.NS,TCS,IT
2024-05-30,3529.220458984375,3584.2920197241397,3509.7137762005277,3567.855604818015,2919230,TCS.NS,TCS,IT
2024-05-31,3467.677734375,3542.161650427461,3451.4301994032935,3532.9042615855815,10956800,TCS.NS,TCS,IT
2024-06-03,3497.811767578125,3543.815050940118,3491.3409811408733,3526.1032967744277,2156773,TCS.NS,TCS,IT
2024-06-04,3509.288818359375,3537.627624429572,3392.6274000370645,3495.1194153242764,3395997,TCS.NS,TCS,IT
2024-06-05,3538.997314453125,3574.2792205302862,3495.1194421750433,3510.2334721952598,2799670,TCS.NS,TCS,IT
2024-06-06,3618.298583984375,3627.2725390345563,3534.3213495003415,3571.634109972148,4328036,TCS.NS,TCS,IT
2024-06-07,3678.330078125,3698.2145216133376,3624.8170534773285,3624.8170534773285,4552445,TCS.NS,TCS,IT
2024-06-10,3645.03173828125,3689.6180814133613,3629.161960387638,3679.3217405498876,1734661,TCS.NS,TCS,IT
2024-06-11,3638.797119140625,3665.1048380918546,3628.311669035547,3632.0901763711736,1419898,TCS.NS,TCS,IT
2024-06-12,3619.479736328125,3677.9050050406395,3615.512349289223,3659.862538168497,2177001,TCS.NS,TCS,IT
2024-06-13,3663.404296875,3674.5982165958594,3638.7023985417095,3643.2366532623782,1932323,TCS.NS,TCS,IT
2024-06-14,3619.85791015625,3673.654371216451,3616.0321247149845,3673.654371216451,1860730,TCS.NS,TCS,IT
2024-06-18,3603.846435546875,3629.2568087209993,3584.906618726297,3614.1900547154564,1774045,TCS.NS,TCS,IT
2024-06-19,3591.18798828125,3621.557881055292,3582.9225030243783,3615.7010098615556,1509050,TCS.NS,TCS,IT
2024-06-20,3577.5380859375,3598.981069597492,3570.736818650082,3585.8035709865335,2846526,TCS.NS,TCS,IT
2024-06-21,3599.7373046875,3663.0745905361437,3587.740588030383,3615.0874932858524,4642195,TCS.NS,TCS,IT
2024-06-24,3605.451904296875,3643.4258585651314,3581.363918973201,3597.8476118252383,1702154,TCS.NS,TCS,IT
2024-06-25,3625.90283203125,3634.593352796922,3582.875033532891,3605.6406325261373,1338808,TCS.NS,TCS,IT
2024-06-26,3642.33984375,3652.8250643098772,3628.312041577448,3631.618235835589,1639845,TCS.NS,TCS,IT
2024-06-27,3716.3037109375,3723.7191241208575,3606.679947095457,3618.865541478185,4526556,TCS.NS,TCS,IT
2024-06-28,3687.96484375,3740.722345851188,3682.013879060851,3700.8591386940006,2731571,TCS.NS,TCS,IT
2024-07-01,3757.91455078125,3780.113282123888,3668.9307461619287,3668.9307461619287,2658723,TCS.NS,TCS,IT
2024-07-02,3794.94384765625,3800.61160880511,3762.0237400230303,3772.4619129298726,2307449,TCS.NS,TCS,IT
2024-07-03,3745.681640625,3803.162277059337,3735.9992153513335,3797.399960989219,1821198,TCS.NS,TCS,IT
2024-07-04,3798.297607421875,3823.2358967427767,3761.598989570618,3778.3661175753045,2518001,TCS.NS,TCS,IT
2024-07-05,3789.654052734375,3803.7761780539627,3767.171887521997,3787.953678275629,1668616,TCS.NS,TCS,IT
2024-07-08,3772.083984375,3808.027083028784,3757.7729794930797,3799.2892844506714,1758882,TCS.NS,TCS,IT
2024-07-09,3764.810302734375,3785.072502499781,3754.9862757638116,3764.3379893103715,1305801,TCS.NS,TCS,IT
2024-07-10,3692.688232421875,3781.624995321451,3685.9342421919528,3763.1102154389605,2669716,TCS.NS,TCS,IT
2024-07-11,3706.432373046875,3759.6149115124776,3679.8884965924376,3713.3281952652137,4872189,TCS.NS,TCS,IT
2024-07-12,3952.27197265625,3967.386003323572,3751.3969204452933,3759.6151284962884,13509164,TCS.NS,TCS,IT
2024-07-15,3938.338623046875,4005.2180225102193,3926.8610373129627,4001.156311371623,4848030,TCS.NS,TCS,IT
2024-07-16,3947.07666015625,3962.2847850425974,3915.3841492662273,3940.9836318368075,2029521,TCS.NS,TCS,IT
2024-07-18,4076.58447265625,4085.5113814437846,3929.6479414580676,3929.6479414580676,5613364,TCS.NS,TCS,IT
2024-07-19,4073.60205078125,4126.955499689888,4057.3641651955472,4087.8043639433604,3903354,TCS.NS,TCS,IT
2024-07-22,4059.352783203125,4090.219237805453,4038.191243077126,4071.282819315056,1896386,TCS.NS,TCS,IT
2024-07-23,4073.5546875,4129.748596183281,4039.4215192139973,4055.2336119896318,2365208,TCS.NS,TCS,IT
2024-07-24,4077.247314453125,4108.350472060897,4041.1261912304362,4059.494423388743,1809793,TCS.NS,TCS,IT
2024-07-25,4092.633056640625,4112.042883745572,4046.901795265646,4066.5954836949645,2810342,TCS.NS,TCS,IT
2024-07-26,4154.50732421875,4187.26741308513,4106.408555000571,4118.670068060141,3552210,TCS.NS,TCS,IT
2024-07-29,4148.1171875,4195.363458517048,4138.5542038316435,4180.214323934273,1746803,TCS.NS,TCS,IT
2024-07-30,4133.20458984375,4164.118198879963,4097.177778242139,4157.585227320139,1797906,TCS.NS,TCS,IT
2024-07-31,4152.140625,4179.266948047126,4113.936313834336,4118.670417762799,2330091,TCS.NS,TCS,IT
2024-08-01,4163.26611328125,4184.285259071731,4132.920227203137,4165.443616342355,2202244,TCS.NS,TCS,IT
2024-08-02,4055.280517578125,4164.117750110982,4042.9246914447235,4132.872664673588,2811282,TCS.NS,TCS,IT
2024-08-05,3934.087646484375,4013.5734389112836,3891.9069640587004,4013.5734389112836,2787771,TCS.NS,TCS,IT
2024-08-06,3949.37939453125,4031.7999662691227,3939.532087639672,3949.14268931395,2203067,TCS.NS,TCS,IT
2024-08-07,3977.073974609375,4019.207504026678,3957.995163908957,4003.1587050867174,1237666,TCS.NS,TCS,IT
2024-08-08,3950.6572265625,4006.945912072743,3938.7748095989155,3958.6580478204482,2441283,TCS.NS,TCS,IT
2024-08-09,4003.86865234375,4027.4443989451242,3981.902223791584,3992.7435074037467,1302536,TCS.NS,TCS,IT
2024-08-12,3972.52880859375,4013.573584922349,3963.723559610809,4005.0521972685856,936912,TCS.NS,TCS,IT
2024-08-13,3973.760009765625,4008.839537848005,3960.5516737879557,3988.956299705632,1495593,TCS.NS,TCS,IT
2024-08-14,4066.83251953125,4077.200393436632,3965.4279074613096,3985.1692159262047,3226545,TCS.NS,TCS,IT
2024-08-16,4181.2080078125,4191.575880991633,4095.0949293450403,4118.670675923561,3457058,TCS.NS,TCS,IT
2024-08-19,4251.22607421875,4255.250063264502,4156.875458820732,4185.8954285347645,2055210,TCS.NS,TCS,IT
2024-08-20,4282.75439453125,4322.237007322546,4260.693654534821,4265.427758595415,2212298,TCS.NS,TCS,IT
2024-08-21,4309.45458984375,4317.502566118313,4253.6393224018875,4277.736095114591,1896990,TCS.NS,TCS,IT
2024-08-22,4262.58740234375,4318.402675534502,4258.042847258311,4317.5030108146375,1829872,TCS.NS,TCS,IT
2024-08-23,4226.513671875,4266.374923745363,4218.087058430003,4260.6939984141445,1809253,TCS.NS,TCS,IT
2024-08-26,4263.01318359375,4310.069896517647,4246.490976918167,4250.278259840725,1844164,TCS.NS,TCS,IT
2024-08-27,4257.9951171875,4270.161857070282,4248.195429331919,4265.427753015881,930697,TCS.NS,TCS,IT
2024-08-28,4266.421875,4319.8700965173775,4220.2643589002255,4259.510267771518,1848058,TCS.NS,TCS,IT
2024-08-29,4271.8662109375,4313.715878264525,4222.821074859477,4222.821074859477,2133641,TCS.NS,TCS,IT
2024-08-30,4311.58544921875,4348.038051973605,4249.14242918416,4260.693828489569,3637222,TCS.NS,TCS,IT
2024-09-02,4280.62451171875,4344.014356887433,4272.055967366194,4332.652505910395,1216500,TCS.NS,TCS,IT
2024-09-03,4272.38671875,4313.620577631577,4256.811332431798,4280.623781915076,1717263,TCS.NS,TCS,IT
2024-09-04,4241.046875,4248.384735865379,4200.759836723105,4238.869372185236,1265505,TCS.NS,TCS,IT
2024-09-05,4237.92236328125,4259.746395831193,4217.281394309991,4242.703622965008,1688793,TCS.NS,TCS,IT
2024-09-06,4219.74365234375,4278.636091754635,4203.884403748528,4236.029155230157,1649179,TCS.NS,TCS,IT
2024-09-09,4212.9267578125,4251.462553433798,4194.890004562873,4218.0871166522065,1184938,TCS.NS,TCS,IT
2024-09-10,4268.1259765625,4298.519014859862,4204.310350980651,4206.20399246566,1385591,TCS.NS,TCS,IT
2024-09-11,4241.14306640625,4307.420541525637,4233.473723250869,4281.004326048192,1325919,TCS.NS,TCS,IT
2024-09-12,4277.453125,4291.560664475195,4195.647426325353,4270.399124104948,2742216,TCS.NS,TCS,IT
2024-09-13,4282.09130859375,4305.193640770069,4265.427172128691,4289.097689177131,1458786,TCS.NS,TCS,IT
2024-09-16,4273.2392578125,4304.2947971775275,4255.43921052289,4286.258044672285,1155120,TCS.NS,TCS,IT
2024-09-17,4266.04296875,4294.589522896417,4228.501617164474,4273.238899164255,1699364,TCS.NS,TCS,IT
2024-09-18,4115.02587890625,4257.901071253871,4091.213423900801,4257.901071253871,2961779,TCS.NS,TCS,IT
2024-09-19,4067.684326171875,4187.031372404745,4054.097354431545,4156.590712046438,2927551,TCS.NS,TCS,IT
2024-09-20,4057.03271484375,4100.397388735434,4002.685288545634,4087.330983142617,5447908,TCS.NS,TCS,IT
2024-09-23,4041.5048828125,4080.229763925027,4026.8291593303416,4071.3297402117255,1702319,TCS.NS,TCS,IT
2024-09-24,4044.155517578125,4062.808072353835,4014.520211321431,4025.55058123155,3012026,TCS.NS,TCS,IT
2024-09-25,4047.42236328125,4061.4827451400292,4014.5203392742264,4026.21366904617,2713073,TCS.NS,TCS,IT
2024-09-26,4064.228515625,4087.2360774502895,4033.456837871287,4033.456837871287,3964251,TCS.NS,TCS,IT
2024-09-27,4079.5673828125,4145.181886032281,4071.37701220358,4104.468587471434,3012477,TCS.NS,TCS,IT
2024-09-30,4041.5048828125,4070.1462141244547,4033.504061536598,4058.926294354151,2503416,TCS.NS,TCS,IT
2024-10-01,4059.873779296875,4067.3064168036667,4017.3144516261195,4029.244026685226,1823365,TCS.NS,TCS,IT
2024-10-03,4007.65625,4051.446717559506,3986.116074065324,4035.918946931116,3350119,TCS.NS,TCS,IT
2024-10-04,4026.119140625,4069.436196462167,3999.4186065272825,4000.318271301223,2965463,TCS.NS,TCS,IT
2024-10-07,4045.62353515625,4068.7258712834955,4004.483984564525,4046.6175121163583,1472619,TCS.NS,TCS,IT
2024-10-08,4027.065673828125,4051.8249459382696,3980.3875920827627,4045.386749254377,1541867,TCS.NS,TCS,IT
2024-10-09,4026.781982421875,4066.595614866151,4020.8643520160745,4033.456884593668,1082504,TCS.NS,TCS,IT
2024-10-10,4002.590087890625,4065.5065138830532,3975.3218342504942,4027.065497608203,2378875,TCS.NS,TCS,IT
2024-10-11,3928.548583984375,4016.3662028055146,3893.752923696754,3922.6781107922484,5759183,TCS.NS,TCS,IT
2024-10-14,3916.666259765625,3943.8873583904956,3902.984976280472,3919.8382019814067,2137590,TCS.NS,TCS,IT
2024-10-15,3897.87158203125,3948.1954760800095,3877.2310740598678,3911.3637780765134,2759474,TCS.NS,TCS,IT
2024-10-16,3877.184326171875,3896.168132074836,3850.910045329815,3867.7635041374742,2359151,TCS.NS,TCS,IT
2024-10-17,3890.487060546875,3910.323143238336,3875.29053893895,3894.0847950246857,2522659,TCS.NS,TCS,IT
2024-10-18,3913.3134765625,3935.2384902660306,3872.4535818662375,3881.944889664929,2361000,TCS.NS,TCS,IT
2024-10-21,3872.311279296875,3929.35413147785,3862.9622484885167,3922.3779276034525,1595450,TCS.NS,TCS,IT
2024-10-22,3811.234375,3881.75483326371,3802.5499216715493,3859.1654759681237,1928049,TCS.NS,TCS,IT
2024-10-23,3859.402587890625,3904.2962832162098,3791.919304547543,3796.143121407225,1966476,TCS.NS,TCS,IT
2024-10-24,3841.986083984375,3871.504141566946,3800.319338767848,3800.319338767848,2676744,TCS.NS,TCS,IT
2024-10-25,3851.1455078125,3883.8430156937015,3827.5595160672574,3850.670942439126,1759676,TCS.NS,TCS,IT
2024-10-28,3882.75146484375,3923.7063623671393,3844.928513292037,3861.9653632236445,1532534,TCS.NS,TCS,IT
2024-10-29,3867.945068359375,3894.7580119042254,3853.5658302619245,3887.497254393904,1445885,TCS.NS,TCS,IT
2024-10-30,3876.866455078125,3898.0796180034267,3853.517979890609,3867.7074369038137,1935002,TCS.NS,TCS,IT
2024-10-31,3766.577880859375,3870.839986500922,3758.557772361112,3862.962154926698,3740372,TCS.NS,TCS,IT
2024-11-01,3781.52685546875,3795.5265346519595,3773.7915322018357,3786.889583476844,154895,TCS.NS,TCS,IT
2024-11-04,3762.496826171875,3788.8352062781723,3714.1861603951875,3764.537596456188,2269192,TCS.NS,TCS,IT
2024-11-05,3769.33056640625,3783.235239462336,3740.619360687802,3740.619360687802,967590,TCS.NS,TCS,IT
2024-11-06,3929.06884765625,3938.7024316660963,3773.031851752117,3799.9398000465167,3792017,TCS.NS,TCS,IT
2024-11-07,3939.746826171875,3991.8540128312807,3877.246703910295,3957.5907627391994,3724349,TCS.NS,TCS,IT
2024-11-08,3936.045166015625,3957.6378902806014,3908.1880861984155,3943.6382119110012,1648039,TCS.NS,TCS,IT
2024-11-11,3985.115478515625,4018.9041625726113,3908.188152909336,3918.2017604204366,1406487,TCS.NS,TCS,IT
2024-11-12,3983.88134765625,4003.4335339434815,3952.512761507312,4001.5352724290465,1587640,TCS.NS,TCS,IT
2024-11-13,3939.22509765625,3983.2646739668166,3920.9065952008664,3965.563477283957,1098813,TCS.NS,TCS,IT
2024-11-14,3935.00048828125,3948.383322519672,3907.0488699891157,3924.655057360299,1825432,TCS.NS,TCS,IT
2024-11-18,3815.03076171875,3998.6875479838523,3787.221186498161,3998.6875479838523,3313944,TCS.NS,TCS,IT
2024-11-19,3834.06103515625,3921.9504005395133,3809.9057047468586,3815.4104775297365,1776233,TCS.NS,TCS,IT
2024-11-21,3865.667236328125,3884.2700598437223,3819.302106879864,3839.138846704682,2384347,TCS.NS,TCS,IT
2024-11-22,4028.680419921875,4038.504015740722,3847.776008717878,3863.9112312507355,3096553,TCS.NS,TCS,IT
2024-11-25,4095.593505859375,4107.932203542215,4035.8932843747857,4062.2789294271743,4052167,TCS.NS,TCS,IT
2024-11-26,4131.28173828125,4144.474563456407,4090.7536685314544,4101.241378290607,2060669,TCS.NS,TCS,IT
2024-11-27,4112.15625,4154.724856872267,4104.088638616241,4137.213672581404,1558993,TCS.NS,TCS,IT
2024-11-28,4028.96533203125,4119.180494692463,4017.6707679424585,4099.2960186022865,2558544,TCS.NS,TCS,IT
2024-11-29,4053.59521484375,4080.028599301392,3982.2203960362835,4005.3318228209696,2017425,TCS.NS,TCS,IT
2024-12-02,4059.099609375,4070.0623467391047,4014.87002722247,4052.7879830735096,1670944,TCS.NS,TCS,IT
2024-12-03,4083.87255859375,4104.990718939741,4048.4701650537613,4094.882568586282,2010905,TCS.NS,TCS,IT
2024-12-04,4132.89453125,4163.789012881952,4070.8687487593297,4094.1224503683907,3302642,TCS.NS,TCS,IT
2024-12-05,4236.96728515625,4260.648284679668,4138.210407931244,4176.9347603164215,3746747,TCS.NS,TCS,IT
2024-12-06,4219.3603515625,4237.868399443609,4188.276322428843,4226.4788315167725,1842087,TCS.NS,TCS,IT
2024-12-09,4225.67236328125,4242.0448686697655,4190.934085246633,4205.07650413352,2066639,TCS.NS,TCS,IT
2024-12-10,4207.06884765625,4265.203099559396,4187.659404066042,4200.994504227562,2087828,TCS.NS,TCS,IT
2024-12-11,4202.22900390625,4222.350297163338,4182.819095248504,4206.405086397892,1635256,TCS.NS,TCS,IT
2024-12-12,4228.33056640625,4256.851762402647,4200.853043566135,4204.696838041356,1914642,TCS.NS,TCS,IT
2024-12-13,4246.31591796875,4266.247663475759,4170.8600242636485,4209.347553772588,1967048,TCS.NS,TCS,IT
2024-12-16,4190.60205078125,4247.359881247422,4173.327686669254,4232.1737900519,1646224,TCS.NS,TCS,IT
2024-12-17,4108.3125,4207.449393387959,4098.346627007046,4185.666657040545,3225027,TCS.NS,TCS,IT
2024-12-18,4126.677734375,4140.107840205238,4071.3908747482337,4092.366754522636,1575404,TCS.NS,TCS,IT
2024-12-19,4054.59130859375,4142.006337975124,4045.1950074358338,4064.177621267067,3015763,TCS.NS,TCS,IT
2024-12-20,3958.159423828125,4159.090570831168,3941.2650833812017,4108.7866456248585,4116989,TCS.NS,TCS,IT
2024-12-23,3946.76953125,4002.4836820374535,3905.5773564971237,3986.395733224167,2195338,TCS.NS,TCS,IT
2024-12-24,3966.892333984375,4003.433871215718,3946.7705748590906,3946.7705748590906,1181886,TCS.NS,TCS,IT
2024-12-26,3957.021240234375,3986.3020175795177,3932.3911110375443,3966.8921076893726,1208464,TCS.NS,TCS,IT
2024-12-27,3952.987060546875,3968.2681573970385,3936.2822676568094,3951.2310760757846,858100,TCS.NS,TCS,IT
2024-12-30,3947.24462890625,3985.684422832016,3902.825496858013,3939.8415947124545,1527169,TCS.NS,TCS,IT
2024-12-31,3886.50048828125,3929.353878987766,3826.9425360658684,3924.655496583325,1555429,TCS.NS,TCS,IT
2025-01-01,3903.252685546875,3923.706266508262,3877.6259252343875,3886.1205985527304,763161,TCS.NS,TCS,IT
2025-01-02,3963.332763671875,3970.21396166903,3888.541445300585,3910.4187239006465,1720835,TCS.NS,TCS,IT
2025-01-03,3891.341064453125,3967.31925896288,3884.1278097948166,3967.31925896288,1791953,TCS.NS,TCS,IT
2025-01-06,3886.690185546875,3938.5600852002444,3859.5449550545113,3896.6560578175076,2085593,TCS.NS,TCS,IT
2025-01-07,3823.38330078125,3929.7334436078268,3807.4853613249484,3905.6256161656233,2669054,TCS.NS,TCS,IT
2025-01-08,3899.408447265625,3916.113240154538,3813.3698426153405,3829.6473413152235,2181277,TCS.NS,TCS,IT
2025-01-09,3833.396728515625,3927.2656647049257,3820.535960823577,3892.3851104960186,2392472,TCS.NS,TCS,IT
2025-01-10,4048.6591796875,4078.4145191002203,3957.874923120298,3986.3488434305154,7894300,TCS.NS,TCS,IT
2025-01-13,4072.814697265625,4103.044601693763,4012.3548884093498,4029.0596808346854,4003771,TCS.NS,TCS,IT
2025-01-14,4017.7177734375,4094.4550879803073,4004.4299428133863,4083.1605246383615,3441709,TCS.NS,TCS,IT
2025-01-15,4033.42626953125,4039.9279080856195,3993.4204997024085,4003.4336440894426,1653474,TCS.NS,TCS,IT
2025-01-16,3992.328369140625,4075.567318807286,3978.613708278282,4043.2968742708517,2637705,TCS.NS,TCS,IT
2025-01-17,3986.52880859375,4021.6165011799776,3963.08887255939,4020.939695681563,1761466,TCS.NS,TCS,IT
2025-01-20,3941.582275390625,4007.3105183689017,3932.2063483825796,4007.3105183689017,1287799,TCS.NS,TCS,IT
2025-01-21,3901.033447265625,3973.672984292028,3895.3787707849365,3958.4974864018836,1971591,TCS.NS,TCS,IT
2025-01-22,4017.749755859375,4024.0807657149944,3909.1043123511595,3914.7106117823487,2409223,TCS.NS,TCS,IT
2025-01-23,4006.972412109375,4051.339039072567,4001.7524202557865,4028.7689459052554,1822998,TCS.NS,TCS,IT
2025-01-24,4013.642333984375,4038.4354105526413,3966.9073539751175,3966.9073539751175,1910099,TCS.NS,TCS,IT
2025-01-27,3929.354736328125,4017.5084152856,3906.0599315038703,3964.973867046099,1551782,TCS.NS,TCS,IT
2025-01-28,3905.335205078125,3964.974090445813,3893.7360609812577,3934.8163629909964,2468272,TCS.NS,TCS,IT
2025-01-29,3962.846923828125,3970.6282985895587,3918.577051208912,3918.577051208912,1217089,TCS.NS,TCS,IT
2025-01-30,3963.088623046875,3991.941585340912,3922.9267796325357,3962.9437281550117,1531251,TCS.NS,TCS,IT
2025-01-31,3975.026123046875,3990.5402596455497,3948.783156988766,3972.706388892682,1492943,TCS.NS,TCS,IT
2025-02-01,3937.08740234375,3997.741255116248,3920.510387972108,3975.6063179805924,437172,TCS.NS,TCS,IT
2025-02-03,3932.73779296875,3940.8089579536745,3865.1245003058734,3896.2488211358454,1265713,TCS.NS,TCS,IT
2025-02-04,3969.854736328125,3981.2608431833637,3930.2245680255955,3947.284879379769,2547132,TCS.NS,TCS,IT
2025-02-05,3954.43798828125,4011.3703550712034,3939.8423053663196,4011.3703550712034,1693912,TCS.NS,TCS,IT
2025-02-06,3946.366943359375,4001.221226388129,3916.209217331792,3968.2602324120217,2284536,TCS.NS,TCS,IT
2025-02-07,3894.799072265625,3953.374842814853,3874.1140268953372,3953.374842814853,1548940,TCS.NS,TCS,IT
2025-02-10,3902.096923828125,3916.644230568612,3880.2520112210996,3905.045086746592,1339511,TCS.NS,TCS,IT
2025-02-11,3831.14892578125,3905.045090759602,3822.884488602531,3884.1665374644367,1810908,TCS.NS,TCS,IT
2025-02-12,3818.1962890625,3887.404606196338,3808.5303361658844,3838.446649169052,1678002,TCS.NS,TCS,IT
2025-02-13,3779.532470703125,3851.3505477933163,3771.896462322554,3835.4501025039126,2277310,TCS.NS,TCS,IT
2025-02-14,3803.4072265625,3816.1178590800137,3769.7212893647547,3793.8861694247853,1681975,TCS.NS,TCS,IT
2025-02-17,3774.071533203125,3802.5860959459837,3727.3849307355754,3727.674956536778,1799806,TCS.NS,TCS,IT
2025-02-18,3743.816650390625,3793.3062796669183,3735.4073189681676,3768.174803332807,2149879,TCS.NS,TCS,IT
2025-02-19,3657.693359375,3745.508400554833,3642.2759755929487,3742.850263486918,4366672,TCS.NS,TCS,IT
2025-02-20,3653.150146484375,3661.4629603766616,3625.988960412709,3635.848185178673,2888572,TCS.NS,TCS,IT
2025-02-21,3659.52978515625,3689.4942392872176,3648.8972369162293,3649.960586134303,1833931,TCS.NS,TCS,IT
2025-02-24,3552.817626953125,3637.491230016548,3547.4045991108223,3618.1109478843173,2508516,TCS.NS,TCS,IT
2025-02-25,3508.305908203125,3535.8054964280086,3500.283120267886,3503.907852529123,4101954,TCS.NS,TCS,IT
2025-02-27,3491.87353515625,3516.4733357865325,3480.4192876480943,3491.0518348426112,3823856,TCS.NS,TCS,IT
2025-02-28,3366.892822265625,3479.7428149447355,3341.5196975733197,3465.1955095907815,7085018,TCS.NS,TCS,IT
2025-03-03,3376.36572265625,3405.5568531975428,3360.0301206751515,3368.584583379958,4990439,TCS.NS,TCS,IT
2025-03-04,3414.06298828125,3432.3799220820893,3348.576156481458,3357.952083726606,2797737,TCS.NS,TCS,IT
2025-03-05,3428.56201171875,3480.081589993446,3403.237261275363,3403.237261275363,2501894,TCS.NS,TCS,IT
2025-03-06,3481.28955078125,3488.877181911339,3417.9775618337376,3438.1793081878077,2786513,TCS.NS,TCS,IT
2025-03-07,3490.56884765625,3503.9079097926337,3454.998093954285,3479.743027656133,2051315,TCS.NS,TCS,IT
2025-03-10,3469.73876953125,3501.1049762137254,3462.9244613654673,3486.0259949428714,1004626,TCS.NS,TCS,IT
2025-03-11,3455.8681640625,3468.8688234276665,3419.4757100500633,3439.146018462038,1995450,TCS.NS,TCS,IT
2025-03-12,3389.076416015625,3450.020297279617,3370.3729384283747,3445.912267227522,3174167,TCS.NS,TCS,IT
2025-03-13,3393.7646484375,3406.572036816029,3367.714950970284,3385.3069391309236,1693004,TCS.NS,TCS,IT
2025-03-17,3380.8603515625,3412.5163478055665,3361.1902786941764,3372.4510196048896,2690906,TCS.NS,TCS,IT
2025-03-18,3380.8603515625,3380.8603515625,3380.8603515625,3380.8603515625,0,TCS.NS,TCS,IT
2025-03-19,3380.280517578125,3428.5135286476893,3347.077874633433,3428.5135286476893,3051244,TCS.NS,TCS,IT
2025-03-20,3444.123779296875,3459.3960314822807,3394.68252652922,3394.68252652922,2845192,TCS.NS,TCS,IT
2025-03-21,3458.574951171875,3495.45046975286,3349.2529215882914,3358.918875185949,4161925,TCS.NS,TCS,IT
2025-03-24,3507.725830078125,3527.831058731868,3447.4587570622184,3479.7429444303652,1834751,TCS.NS,TCS,IT
2025-03-25,3535.563720703125,3586.068321730188,3516.473464812513,3523.239631457287,3135390,TCS.NS,TCS,IT
2025-03-26,3514.346923828125,3557.5536826670163,3504.7293486525073,3525.897689430406,1734499,TCS.NS,TCS,IT
2025-03-27,3529.23291015625,3540.6387825331667,3489.892526436254,3494.097310621218,2528474,TCS.NS,TCS,IT
2025-03-28,3485.6875,3538.656968927356,3471.9135171595426,3529.0393930182477,2051919,TCS.NS,TCS,IT
2025-04-01,3432.186767578125,3464.277685548557,3407.248560702752,3453.3551110505427,2618493,TCS.NS,TCS,IT
2025-04-02,3425.5654296875,3445.0424669343693,3412.129849162714,3425.6138066504323,1764313,TCS.NS,TCS,IT
2025-04-03,3289.468505859375,3385.0165399960483,3282.7023391603534,3374.383992326158,4537821,TCS.NS,TCS,IT
2025-04-04,3189.1845703125,3286.0857531447828,3185.414942880682,3250.2735845869393,5317367,TCS.NS,TCS,IT
2025-04-07,3164.681396484375,3181.4516833870694,2953.963620596823,2996.4454369330797,6623955,TCS.NS,TCS,IT
2025-04-08,3182.949951171875,3237.127665022999,3146.5577324611054,3191.7460628104113,5557558,TCS.NS,TCS,IT
2025-04-09,3138.1484375,3160.766673429551,3104.7525222396634,3151.63239491897,2990265,TCS.NS,TCS,IT
2025-04-11,3123.552734375,3188.749540631033,3098.904554048043,3179.6636391398747,7108961,TCS.NS,TCS,IT
2025-04-15,3139.69482421875,3203.683386247662,3130.415650876791,3203.683386247662,3512160,TCS.NS,TCS,IT
2025-04-16,3164.439453125,3168.595859734791,3121.1359404182936,3139.6945212968367,2384391,TCS.NS,TCS,IT
2025-04-17,3188.701416015625,3193.2446031059244,3110.5039438899125,3137.0853169343413,2932346,TCS.NS,TCS,IT
2025-04-21,3210.642822265625,3241.960413439671,3174.3955010062373,3180.195072407739,2432946,TCS.NS,TCS,IT
2025-04-22,3203.683349609375,3222.531957851611,3184.931495290658,3211.6096198122023,2710498,TCS.NS,TCS,IT
2025-04-23,3298.98974609375,3306.625754540036,3225.818529364827,3252.593171873855,3543923,TCS.NS,TCS,IT
2025-04-24,3287.970703125,3298.5064976170884,3274.5348867157572,3287.4874054696716,2252175,TCS.NS,TCS,IT
2025-04-25,3332.820556640625,3361.625143451318,3291.256959211522,3305.7558885472554,2742991,TCS.NS,TCS,IT
2025-04-28,3328.470703125,3342.2930622298845,3291.2567864500143,3320.2546435993536,1593296,TCS.NS,TCS,IT
2025-04-29,3356.501953125,3378.250345909827,3315.808199342435,3339.5865365145787,1578332,TCS.NS,TCS,IT
2025-04-30,3338.330078125,3392.65268577439,3253.5597190937174,3356.0188189819924,2809332,TCS.NS,TCS,IT
2025-05-02,3316.388427734375,3374.867442563267,3305.755879583667,3356.0188344779217,1721761,TCS.NS,TCS,IT
2025-05-05,3338.91015625,3387.4331925936117,3331.2739118706236,3334.7537493074506,1284443,TCS.NS,TCS,IT
2025-05-06,3344.419677734375,3356.9854164079434,3322.1879862349847,3344.419677734375,1324763,TCS.NS,TCS,IT
2025-05-07,3330.017333984375,3343.9362109554654,3306.335750758935,3306.335750758935,1477128,TCS.NS,TCS,IT
2025-05-08,3333.6904296875,3360.851851961966,3314.1652518601954,3332.820588313161,2543591,TCS.NS,TCS,IT
2025-05-09,3325.3779296875,3331.0807476867326,3284.5876543425793,3285.4574957373147,2531757,TCS.NS,TCS,IT
2025-05-12,3499.46142578125,3509.22413241534,3385.209911911905,3387.916425868549,2228678,TCS.NS,TCS,IT
2025-05-13,3397.58251953125,3501.9748131612287,3393.232840630001,3499.461570957545,3062887,TCS.NS,TCS,IT
2025-05-14,3430.15673828125,3442.0459078220697,3391.396407841002,3403.3820953219624,2119499,TCS.NS,TCS,IT
2025-05-15,3460.314208984375,3479.7428677232297,3396.7124309124556,3444.9454390459973,3548330,TCS.NS,TCS,IT
2025-05-16,3442.335693359375,3473.8465567565913,3427.6434928317944,3473.8465567565913,1666727,TCS.NS,TCS,IT
2025-05-19,3401.255615234375,3431.413341631395,3386.659931697025,3431.413341631395,2537377,TCS.NS,TCS,IT
2025-05-20,3381.440185546875,3439.145874352896,3377.283778805233,3413.8211261851047,2038374,TCS.NS,TCS,IT
2025-05-21,3408.021728515625,3418.8475485914832,3381.4403579795026,3390.8162851170264,1440153,TCS.NS,TCS,IT
2025-05-22,3360.8515625,3380.956790168703,3336.0101126719387,3378.2502763697153,2034383,TCS.NS,TCS,IT
2025-05-23,3397.19580078125,3416.9142497236344,3349.8326329632987,3360.851724551366,1274331,TCS.NS,TCS,IT
2025-05-26,3419.137451171875,3426.5801874567637,3392.8461073678304,3403.3819012793415,967470,TCS.NS,TCS,IT
2025-05-27,3381.826904296875,3421.747337093333,3366.7481593177404,3414.014574749619,2467680,TCS.NS,TCS,IT
2025-05-28,3380.8603515625,3411.114831810162,3376.317400825417,3402.4154740639756,1222933,TCS.NS,TCS,IT
2025-05-29,3381.2470703125,3414.4978538154573,3370.034470581059,3387.626457620242,3188072,TCS.NS,TCS,IT
2025-05-30,3347.7060546875,3389.5596782127777,3337.7503119241223,3373.4175839622008,3404365,TCS.NS,TCS,IT
2025-06-02,3334.560546875,3344.4197718377163,3304.4028204069105,3334.7538187399196,1877585,TCS.NS,TCS,IT
2025-06-03,3291.4501953125,3357.468700034321,3286.9072447003623,3330.8873298742683,2848125,TCS.NS,TCS,IT
2025-06-04,3297.0087890625,3310.56402774214,3286.379348716646,3304.9078969735056,2544807,TCS.NS,TCS,IT
2025-06-05,3287.451904296875,3324.4113841471617,3280.235380032571,3324.4113841471617,3584683,TCS.NS,TCS,IT
2025-06-06,3300.226806640625,3306.7605099618336,3275.359545608902,3287.4520036268846,2070390,TCS.NS,TCS,IT
2025-06-09,3336.991455078125,3348.791310023286,3306.760665733127,3315.634960419095,1718678,TCS.NS,TCS,IT
2025-06-10,3376.97412109375,3399.3060406489903,3338.2592545088482,3354.6424396212137,2419874,TCS.NS,TCS,IT
2025-06-11,3385.750732421875,3402.4265208353168,3363.516665314218,3383.8979728571367,2847013,TCS.NS,TCS,IT
2025-06-12,3348.986083984375,3388.481144938844,3338.259030391803,3385.7505745896515,4060134,TCS.NS,TCS,IT
2025-06-13,3360.200927734375,3364.8818717382055,3309.003623498393,3309.003623498393,2178493,TCS.NS,TCS,IT
2025-06-16,3409.54541015625,3421.9302340050463,3341.1847251814343,3354.642349665819,1934088,TCS.NS,TCS,IT
2025-06-17,3428.073974609375,3432.6573046439225,3401.5489430536663,3422.905437301184,2111940,TCS.NS,TCS,IT
2025-06-18,3365.75927734375,3450.2105407013996,3357.665418209048,3431.7796073253016,2696327,TCS.NS,TCS,IT
2025-06-19,3339.039306640625,3365.3693479021017,3328.3122527933565,3364.394161188714,2672768,TCS.NS,TCS,IT
2025-06-20,3350.448974609375,3360.786049100129,3326.2642962767654,3340.0145242959966,2351248,TCS.NS,TCS,IT
2025-06-23,3309.393798828125,3340.014567071261,3286.3792966511382,3330.2626997221478,3123421,TCS.NS,TCS,IT
2025-06-24,3306.27294921875,3356.690292940616,3298.081476031171,3349.376392565029,3403048,TCS.NS,TCS,IT
2025-06-25,3359.3232421875,3364.3941654870573,3315.634829755361,3322.7537403887272,1757699,TCS.NS,TCS,IT
2025-06-26,3356.397705078125,3365.759354753242,3330.555256962972,3359.3232652421043,2879106,TCS.NS,TCS,IT
2025-06-27,3355.71533203125,3380.387367158931,3345.8658502962735,3369.2703330730474,1778433,TCS.NS,TCS,IT
2025-06-30,3376.096435546875,3378.924381810933,3344.8904604060604,3354.5447137321717,1468351,TCS.NS,TCS,IT
2025-07-01,3344.59814453125,3398.526022577794,3328.800165873544,3369.2704183662204,2375183,TCS.NS,TCS,IT
2025-07-02,3338.356689453125,3403.3039810516498,3335.1385257152824,3400.671024568939,3090585,TCS.NS,TCS,IT
2025-07-03,3316.4150390625,3350.058980842342,3313.294489180619,3344.8904436190446,2531870,TCS.NS,TCS,IT
2025-07-04,3334.943603515625,3341.964900305915,3305.980605453995,3323.4363525656718,1109320,TCS.NS,TCS,IT
2025-07-07,3327.044677734375,3341.0875101654565,3323.8265137554163,3333.481005692293,1639174,TCS.NS,TCS,IT
2025-07-08,3321.680908203125,3340.0144658805552,3309.1984707578945,3320.5107317732236,2325242,TCS.NS,TCS,IT
2025-07-09,3299.8369140625,3329.2875057764963,3283.4537293349335,3325.3867588452995,2034938,TCS.NS,TCS,IT
2025-07-10,3298.081298828125,3314.659472122057,3272.7264455550526,3296.130925499427,3035012,TCS.NS,TCS,IT
2025-07-11,3184.959716796875,3252.247598137654,3180.1813972680684,3218.0184502225306,7635550,TCS.NS,TCS,IT
2025-07-14,3142.734130859375,3190.8108827918168,3120.5974403831947,3184.9597625910983,3924009,TCS.NS,TCS,IT
2025-07-15,3171.599853515625,3178.523536457564,3126.448660244279,3126.448660244279,2590889,TCS.NS,TCS,IT
2025-07-16,3163.576171875,3175.1222359666176,3151.344969328223,3157.607249475903,2540733,TCS.NS,TCS,IT
2025-07-17,3140.18994140625,3172.2846643823304,3135.199754145851,3154.7696780470374,2947640,TCS.NS,TCS,IT
2025-07-18,3121.304931640625,3159.3685771406017,3118.46738821797,3155.6502438038765,3432645,TCS.NS,TCS,IT
2025-07-21,3090.28662109375,3128.839514334287,3084.2199924907163,3121.4028477301345,3844346,TCS.NS,TCS,IT
2025-07-22,3091.65673828125,3111.7159107005,3086.764257203384,3091.65673828125,3198036,TCS.NS,TCS,IT
2025-07-23,3110.7373046875,3113.5748480562365,3089.6996367952283,3091.6566291573,1922875,TCS.NS,TCS,IT
2025-07-24,3080.30615234375,3105.4534578423713,3072.478182452152,3097.0385335433134,2934778,TCS.NS,TCS,IT
2025-07-25,3068.368408203125,3089.014534530361,3058.3877948178133,3072.4780444334683,2568917,TCS.NS,TCS,IT
2025-07-28,3013.083251953125,3050.951005299135,3003.8852447797885,3043.123036074506,3374473,TCS.NS,TCS,IT
2025-07-29,2990.284423828125,3007.8973556438664,2975.802632112602,2994.1984086760676,4785312,TCS.NS,TCS,IT
2025-07-30,2987.93603515625,3003.0047807939304,2981.673516260727,2994.1983151611034,2880121,TCS.NS,TCS,IT
2025-07-31,2971.497314453125,2994.0027271024683,2950.166049468222,2976.2918502873677,2968371,TCS.NS,TCS,IT
2025-08-01,2938.424072265625,2971.4972914199097,2935.488583681943,2964.7455243430377,2053847,TCS.NS,TCS,IT
2025-08-04,3008.28857421875,3013.181055141491,2927.2692812506943,2944.392964480288,2519252,TCS.NS,TCS,IT
2025-08-05,2998.014404296875,3011.322048140622,2976.5854331255146,3008.2886143717656,1927996,TCS.NS,TCS,IT
2025-08-06,2967.093994140625,3000.8521121202134,2960.9294204705666,2997.1337788834585,1487081,TCS.NS,TCS,IT
2025-08-07,2981.47802734375,2985.9792055799644,2946.154217712285,2951.1446440658847,2543076,TCS.NS,TCS,IT
2025-08-08,2971.105712890625,2994.002666894786,2959.9509519667536,2982.5543093380406,2762140,TCS.NS,TCS,IT
2025-08-11,2975.411376953125,2984.3155492907413,2956.3307005130723,2971.1058502168585,1884215,TCS.NS,TCS,IT
2025-08-12,2970.127197265625,3029.8154640054736,2961.809979769089,2975.6068714078456,3358232,TCS.NS,TCS,IT
2025-08-13,2970.91015625,2978.9337774241835,2963.473728360306,2970.812449963036,2148166,TCS.NS,TCS,IT
2025-08-14,2957.30908203125,2990.1864106721328,2954.1779420022144,2968.757439673081,3342174,TCS.NS,TCS,IT
2025-08-18,2946.44775390625,2983.434958599791,2938.815435653507,2980.988718063058,2945609,TCS.NS,TCS,IT
2025-08-19,2951.34033203125,2959.9511467818434,2946.350144506624,2946.4478507969,2650784,TCS.NS,TCS,IT
2025-08-20,3031.96826171875,3036.664852119672,2946.1539583708727,2946.1539583708727,4952358,TCS.NS,TCS,IT
2025-08-21,3035.882568359375,3062.693270119804,3016.801891436903,3062.693270119804,3230726,TCS.NS,TCS,IT
2025-08-22,2988.327392578125,3029.1306363096523,2984.4134077810354,3019.639270954844,1593791,TCS.NS,TCS,IT
2025-08-25,3073.065185546875,3084.2199463957195,3010.9306783780526,3020.9112915939663,3448370,TCS.NS,TCS,IT
2025-08-26,3089.308349609375,3094.0051794435944,3052.9083364528824,3061.714802808035,5522097,TCS.NS,TCS,IT
2025-08-28,3027.173583984375,3078.8382300613293,3020.1284592672155,3077.3704857914763,3116051,TCS.NS,TCS,IT
2025-08-29,3018.3671875,3048.0156702082504,3011.028465982645,3026.4887537573413,2271789,TCS.NS,TCS,IT
2025-09-01,3045.667236328125,3063.7694152474464,3023.5531276055535,3023.5531276055535,1246862,TCS.NS,TCS,IT
2025-09-02,3044.5908203125,3087.1554035307527,3036.3715480748965,3053.98447906176,2185229,TCS.NS,TCS,IT
2025-09-03,3030.891845703125,3074.3369795089966,3021.5961322134785,3062.595025627338,1799774,TCS.NS,TCS,IT
2025-09-04,3029.130859375,3050.9513740037746,3024.336323201764,3048.9943814611165,1481391,TCS.NS,TCS,IT
2025-09-05,2982.75,3036.664997028233,2963.47367273015,3030.5006621101975,2802055,TCS.NS,TCS,IT
2025-09-08,2954.080078125,2998.9929589138555,2951.144589474992,2984.413460841752,2626187,TCS.NS,TCS,IT
2025-09-09,2983.826171875,2994.19832699537,2965.62628616296,2966.898378981974,2489301,TCS.NS,TCS,IT
2025-09-10,3043.123291015625,3055.550145422665,2987.740308555338,2990.675797260498,2079428,TCS.NS,TCS,IT
2025-09-11,3057.017822265625,3071.4996140027415,3043.221168990462,3071.4996140027415,2263446,TCS.NS,TCS,IT
2025-09-12,3066.02001953125,3080.991059765134,3053.8867617246956,3076.3921752202637,1447167,TCS.NS,TCS,IT
2025-09-15,3044.982177734375,3066.6070389449774,3029.4241839737238,3066.6070389449774,1732539,TCS.NS,TCS,IT
2025-09-16,3078.0556640625,3082.263245795216,3042.2428439695796,3060.7363278880744,2573429,TCS.NS,TCS,IT
2025-09-17,3104.57275390625,3113.966173979194,3074.8263264485827,3084.2199854121977,2418271,TCS.NS,TCS,IT
2025-09-18,3108.388916015625,3134.1234145595795,3093.4178759668794,3116.51048247651,2633138,TCS.NS,TCS,IT
2025-09-19,3101.050048828125,3112.107103450778,3076.3919928468,3101.8328935510035,4901694,TCS.NS,TCS,IT
2025-09-22,3007.70166015625,3040.089740964508,2999.090845838676,3028.445731768582,3634901,TCS.NS,TCS,IT
2025-09-23,2996.546630859375,3014.453158879609,2986.3703660594774,3003.983297445149,3177741,TCS.NS,TCS,IT
2025-09-24,2970.127197265625,2991.262810224855,2967.778901999341,2984.4133369924134,1625714,TCS.NS,TCS,IT
2025-09-25,2893.804443359375,2964.4520571099356,2887.5421635017433,2957.015390749667,4974361,TCS.NS,TCS,IT
2025-09-26,2836.758544921875,2891.260737711385,2829.126226471788,2877.7574418213358,3934636,TCS.NS,TCS,IT
2025-09-29,2833.82275390625,2866.3087778304835,2831.7678164651984,2853.2947314486933,3110035,TCS.NS,TCS,IT
2025-09-30,2826.288330078125,2852.610021207006,2823.0594837288886,2848.402439766557,2253458,TCS.NS,TCS,IT
2025-10-01,2851.53369140625,2861.9058470940704,2804.957413772581,2828.8326264436423,1952902,TCS.NS,TCS,IT
2025-10-03,2839.498046875,2861.1229086009284,2828.9304789544044,2861.1229086009284,2899519,TCS.NS,TCS,IT
2025-10-06,2924.137939453125,2929.22631078988,2833.3336834873367,2839.5959635916415,2112774,TCS.NS,TCS,IT
2025-10-07,2909.75390625,2939.891634958981,2891.9453243871753,2930.5959216848555,3062943,TCS.NS,TCS,IT
2025-10-08,2962.103515625,2977.5638026677234,2904.176590968716,2911.0260640606234,4121889,TCS.NS,TCS,IT
2025-10-09,2995.86181640625,3000.069397912704,2955.0585719818546,2968.757519004287,3211304,TCS.NS,TCS,IT
2025-10-10,2963.179931640625,3003.983173218589,2942.239970746985,2984.413250266025,8817365,TCS.NS,TCS,IT
2025-10-13,2942.533935546875,2970.2254277677166,2933.7274691163334,2961.908209472205,2866865,TCS.NS,TCS,IT
2025-10-14,2896.642333984375,2962.1036338769445,2891.9455044700007,2956.0370052457697,3611416,TCS.NS,TCS,IT
2025-10-15,2916.7763671875,2926.499513769408,2898.31197994854,2917.954894078994,4282226,TCS.NS,TCS,IT
2025-10-16,2917.66015625,2921.883430677564,2890.553079047838,2916.87439174088,3251495,TCS.NS,TCS,IT
2025-10-17,2909.311767578125,2935.4369375213087,2902.6331292681275,2916.972551528368,4374683,TCS.NS,TCS,IT
2025-10-20,2961.365478515625,2969.0262624451843,2925.320781572273,2932.1958010354274,3133039,TCS.NS,TCS,IT
2025-10-21,2953.017333984375,2977.669286180243,2942.508423286113,2976.981832168517,310644,TCS.NS,TCS,IT
2025-10-23,3018.330078125,3042.687339125331,2981.892616996725,3000.4550745732363,5564758,TCS.NS,TCS,IT
2025-10-24,3008.508544921875,3034.8300966289034,3003.6961270890743,3025.0086400055093,2684318,TCS.NS,TCS,IT
2025-10-27,3029.821044921875,3038.9550474990237,3005.5620951218402,3011.7496607245316,1946312,TCS.NS,TCS,IT
2025-10-28,3003.30322265625,3035.0265765381446,2985.919291823652,3021.0801556355614,3470737,TCS.NS,TCS,IT
2025-10-29,3003.0087890625,3021.080174034828,2991.714113509379,3003.3032409472494,2895420,TCS.NS,TCS,IT
2025-10-30,2981.106689453125,3009.0978400091353,2978.6513253692647,2994.6603471523654,2241536,TCS.NS,TCS,IT
2025-10-31,3003.4013671875,3012.6334402910475,2971.088871543434,2980.8120174669925,1868085,TCS.NS,TCS,IT
2025-11-03,2962.93701171875,3003.4013640895914,2956.2583734171585,2992.499451583931,2194877,TCS.NS,TCS,IT
2025-11-04,2936.81201171875,2975.214004338424,2922.8655907942766,2965.6872390451917,2670720,TCS.NS,TCS,IT
2025-11-06,2957.142333984375,2970.0085383136757,2936.61558517126,2936.7138956519902,2542721,TCS.NS,TCS,IT
2025-11-07,2938.383544921875,2950.3656744717186,2907.6423366423182,2947.419237380036,1830520,TCS.NS,TCS,IT
2025-11-10,2971.18701171875,2993.4816703122747,2938.579823663838,2939.5619693268272,1556656,TCS.NS,TCS,IT
2025-11-11,2992.597900390625,3001.142519888641,2964.1156755427983,2990.633609021809,2806868,TCS.NS,TCS,IT
2025-11-12,3075.8837890625,3080.4015151753365,3002.51755709654,3005.3656835637266,4460315,TCS.NS,TCS,IT
2025-11-13,3050.249755859375,3075.9819244274895,3046.61586484088,3075.8838537295965,1740435,TCS.NS,TCS,IT
2025-11-14,3050.54443359375,3057.517763723578,3022.356900982103,3034.830102963518,2210794,TCS.NS,TCS,IT
2025-11-17,3046.812255859375,3067.7320066302495,3031.4909272444793,3050.544457369475,2232853,TCS.NS,TCS,IT
2025-11-18,3031.98193359375,3049.5622448251693,3023.0443122614724,3046.6158078736476,2548350,TCS.NS,TCS,IT
2025-11-19,3091.499755859375,3098.6694669245953,3028.4460542827223,3041.705020306013,3151053,TCS.NS,TCS,IT
2025-11-20,3088.65185546875,3108.0000778660146,3082.0715272134535,3091.794673762747,2700767,TCS.NS,TCS,IT
2025-11-21,3094.34814453125,3113.4016740052466,3079.2229578295533,3088.6516518716926,4177037,TCS.NS,TCS,IT
2025-11-24,3085.115966796875,3122.1428110333977,3075.0981288018247,3101.616062202543,6703764,TCS.NS,TCS,IT
2025-11-25,3063.5087890625,3093.562543096727,3059.3838251197944,3089.142887490615,2737920,TCS.NS,TCS,IT
2025-11-26,3106.428466796875,3121.2589624366606,3061.348076121797,3063.115986297256,2508527,TCS.NS,TCS,IT
2025-11-27,3080.59814453125,3123.223169867727,3069.205159068128,3123.223169867727,2836233,TCS.NS,TCS,IT
2025-11-28,3081.48193359375,3091.1070087848907,3069.205113141185,3083.937297684263,1616690,TCS.NS,TCS,IT
2025-12-01,3077.455078125,3097.687374390369,3066.4550948216056,3081.8747335418534,1747647,TCS.NS,TCS,IT
2025-12-02,3079.714111328125,3087.8659682974553,3064.6872347092776,3075.0980746626374,2512003,TCS.NS,TCS,IT
2025-12-03,3123.22314453125,3154.5534946281955,3082.9551731709416,3083.9373188138757,3952112,TCS.NS,TCS,IT
2025-12-04,3171.544677734375,3191.9733551637537,3130.4909417024,3136.9731988901626,5025905,TCS.NS,TCS,IT
2025-12-05,3180.384033203125,3213.187842167148,3164.866083794654,3172.330486734928,5244013,TCS.NS,TCS,IT
2025-12-08,3178.71435546875,3201.6964674714213,3151.3125880977464,3185.0983021118977,2544725,TCS.NS,TCS,IT
2025-12-09,3151.01806640625,3175.964471029267,3124.401822284255,3172.330579931189,2734893,TCS.NS,TCS,IT
2025-12-10,3132.259033203125,3167.41989738469,3121.357359750894,3167.41989738469,1386849,TCS.NS,TCS,IT
2025-12-11,3134.91064453125,3151.1160479641035,3096.8035846478047,3147.7768486239356,1914362,TCS.NS,TCS,IT
2025-12-12,3163.0,3165.4553640739014,3128.8212841349605,3140.607031689688,1146554,TCS.NS,TCS,IT
2025-12-15,3172.52685546875,3180.384020730158,3140.2143592438706,3153.7680172761306,1562190,TCS.NS,TCS,IT
2025-12-16,3147.875244140625,3162.509118995985,3134.1252044928165,3162.509118995985,1734623,TCS.NS,TCS,IT
2025-12-17,3160.348388671875,3179.107227122374,3143.3572206041695,3143.3572206041695,1376350,TCS.NS,TCS,IT
2025-12-18,3222.2236328125,3229.09865265339,3163.4912725011322,3170.366292342023,2307422,TCS.NS,TCS,IT
2025-12-19,3223.402099609375,3258.661033366418,3220.259281411304,3240.09857605464,3902511,TCS.NS,TCS,IT
2025-12-22,3265.5361328125,3269.170263717588,3232.2414895890165,3250.9022578364156,2632816,TCS.NS,TCS,IT
2025-12-23,3250.902099609375,3260.625245626059,3234.6966963938,3260.625245626059,2365420,TCS.NS,TCS,IT
2025-12-24,3259.741455078125,3267.696930860065,3237.2504153109776,3245.107580613968,1367708,TCS.NS,TCS,IT
2025-12-26,3221.437744140625,3260.7235702886815,3213.384197736604,3253.9468611908032,1176664,TCS.NS,TCS,IT
2025-12-29,3193.446533203125,3229.294848891858,3184.9999848268185,3221.437683809396,2079473,TCS.NS,TCS,IT
2025-12-30,3188.83056640625,3209.160933545371,3181.6608551553877,3191.973384551631,2807593,TCS.NS,TCS,IT
2025-12-31,3148.955322265625,3188.0447669329633,3141.392848747715,3182.151893056932,3362634,TCS.NS,TCS,IT
2026-01-01,3169.77685546875,3176.3574233163417,3141.0982497161094,3157.59834501185,1255735,TCS.NS,TCS,IT
2026-01-02,3192.660888671875,3196.196709004467,3162.017991655493,3176.2591039024273,1184324,TCS.NS,TCS,IT
2026-01-05,3158.6787109375,3189.026915514335,3134.026759287417,3182.642968809425,2341703,TCS.NS,TCS,IT
2026-01-06,3197.669921875,3204.9377039238207,3147.7768738587542,3152.6876022111082,2912325,TCS.NS,TCS,IT
2026-01-07,3236.75927734375,3241.6700055592964,3165.651788913644,3185.0000101265678,1989442,TCS.NS,TCS,IT
2026-01-08,3146.6962890625,3228.2143763788763,3125.1873956711997,3228.2143763788763,4159336,TCS.NS,TCS,IT
2026-01-09,3150.52685546875,3172.0357492326657,3134.0267606372377,3134.0267606372377,1938673,TCS.NS,TCS,IT
2026-01-12,3181.75927734375,3193.937788002805,3117.6251157476318,3145.8126491306843,2228342,TCS.NS,TCS,IT
2026-01-13,3209.652099609375,3221.437847833155,3153.1787227037635,3187.0627488471305,5645341,TCS.NS,TCS,IT
2026-01-14,3135.5,3201.7948316366483,3126.1696162881753,3201.7948316366483,3539511,TCS.NS,TCS,IT
2026-01-15,3135.5,3135.5,3135.5,3135.5,0,TCS.NS,TCS,IT
2026-01-16,3206.699951171875,3221.89990234375,3171.0,3219.39990234375,4293470,TCS.NS,TCS,IT
2026-01-19,3163.60009765625,3220.0,3152.10009765625,3188.0,3387562,TCS.NS,TCS,IT
2026-01-20,3102.300048828125,3160.0,3091.10009765625,3151.60009765625,4499273,TCS.NS,TCS,IT
2026-01-21,3122.60009765625,3138.5,3082.0,3100.0,2015150,TCS.NS,TCS,IT
2026-01-22,3150.39990234375,3160.0,3122.300048828125,3150.0,2269827,TCS.NS,TCS,IT
2026-01-23,3162.5,3194.5,3152.0,3190.300048828125,2068857,TCS.NS,TCS,IT
2026-01-27,3158.0,3175.0,3130.0,3175.0,4279874,TCS.NS,TCS,IT
2026-01-28,3200.10009765625,3205.199951171875,3170.60009765625,3176.0,2751234,TCS.NS,TCS,IT
2026-01-29,3144.39990234375,3200.10009765625,3125.60009765625,3200.10009765625,2457641,TCS.NS,TCS,IT
2026-01-30,3123.89990234375,3141.0,3092.0,3141.0,3022068,TCS.NS,TCS,IT
2026-02-02,3169.60009765625,3198.0,3134.0,3198.0,2636272,TCS.NS,TCS,IT
2026-02-03,3225.300048828125,3350.0,3186.300048828125,3350.0,4366060,TCS.NS,TCS,IT
2026-02-04,2999.10009765625,3120.0,2986.0,3120.0,10852595,TCS.NS,TCS,IT
2026-02-05,2991.5,3029.699951171875,2972.300048828125,2990.0,3521545,TCS.NS,TCS,IT
2026-02-06,2941.60009765625,2985.0,2916.0,2976.60009765625,4687389,TCS.NS,TCS,IT
2026-02-09,2948.199951171875,2977.0,2937.5,2959.10009765625,2380318,TCS.NS,TCS,IT
2026-02-10,2984.60009765625,3011.60009765625,2943.5,2949.800048828125,3547763,TCS.NS,TCS,IT
2026-02-11,2909.800048828125,2998.0,2904.199951171875,2980.0,3363513,TCS.NS,TCS,IT
2026-02-12,2750.10009765625,2880.0,2740.0,2869.800048828125,10612156,TCS.NS,TCS,IT
2026-02-13,2692.199951171875,2713.0,2585.0,2585.0,11168735,TCS.NS,TCS,IT
2026-02-16,2706.60009765625,2719.800048828125,2671.0,2700.0,2918730,TCS.NS,TCS,IT
2026-02-17,2717.39990234375,2760.0,2695.199951171875,2716.0,4209118,TCS.NS,TCS,IT
2026-02-18,2694.89990234375,2730.0,2657.300048828125,2730.0,2950820,TCS.NS,TCS,IT
2026-02-19,2677.89990234375,2748.699951171875,2666.60009765625,2708.0,3238849,TCS.NS,TCS,IT
2026-02-20,2686.199951171875,2702.60009765625,2647.5,2667.0,2293482,TCS.NS,TCS,IT
2026-02-23,2676.300048828125,2704.0,2660.199951171875,2686.0,4699596,TCS.NS,TCS,IT
2026-02-24,2573.699951171875,2647.5,2561.300048828125,2641.0,7798833,TCS.NS,TCS,IT
2026-02-25,2629.300048828125,2654.199951171875,2595.0,2596.0,3621285,TCS.NS,TCS,IT
2026-02-26,2647.699951171875,2671.0,2635.0,2650.0,3464267,TCS.NS,TCS,IT
2026-02-27,2637.39990234375,2688.60009765625,2626.10009765625,2681.60009765625,5083717,TCS.NS,TCS,IT
2026-03-02,2613.5,2623.800048828125,2580.300048828125,2592.0,3374385,TCS.NS,TCS,IT
2026-03-04,2587.800048828125,2635.0,2580.39990234375,2625.0,3446434,TCS.NS,TCS,IT
2026-03-05,2578.800048828125,2609.5,2546.39990234375,2600.0,2960636,TCS.NS,TCS,IT
2026-03-06,2557.60009765625,2619.199951171875,2553.60009765625,2572.0,3998643,TCS.NS,TCS,IT
2026-03-09,2527.39990234375,2560.0,2505.0,2530.0,3653428,TCS.NS,TCS,IT
2026-03-10,2513.10009765625,2545.199951171875,2490.10009765625,2541.0,4323710,TCS.NS,TCS,IT
2026-03-11,2464.89990234375,2521.0,2460.10009765625,2508.10009765625,2720664,TCS.NS,TCS,IT
2026-03-12,2442.39990234375,2472.89990234375,2436.0,2459.800048828125,2752075,TCS.NS,TCS,IT
2026-03-13,2410.5,2445.89990234375,2397.0,2437.0,2466488,TCS.NS,TCS,IT
2026-03-16,2409.199951171875,2425.0,2366.10009765625,2410.0,3807907,TCS.NS,TCS,IT
2026-03-17,2391.699951171875,2420.0,2360.0,2420.0,2993367,TCS.NS,TCS,IT
2026-03-18,2440.800048828125,2482.89990234375,2410.0,2410.0,3082388,TCS.NS,TCS,IT
2026-03-19,2356.0,2424.0,2350.199951171875,2417.0,2757060,TCS.NS,TCS,IT
2026-03-20,2390.60009765625,2407.800048828125,2364.199951171875,2386.0,4206320,TCS.NS,TCS,IT
2026-03-23,2383.800048828125,2406.800048828125,2348.0,2365.0,3860515,TCS.NS,TCS,IT
2026-03-24,2398.800048828125,2435.39990234375,2379.10009765625,2404.10009765625,3420182,TCS.NS,TCS,IT
2026-03-25,2377.39990234375,2421.60009765625,2369.800048828125,2400.89990234375,5843778,TCS.NS,TCS,IT
2026-03-27,2389.800048828125,2422.10009765625,2385.0,2403.89990234375,4979411,TCS.NS,TCS,IT
2026-03-30,2358.89990234375,2398.0,2346.199951171875,2375.10009765625,6804756,TCS.NS,TCS,IT
2026-04-01,2408.199951171875,2472.0,2397.89990234375,2429.0,4132661,TCS.NS,TCS,IT
2026-04-02,2450.699951171875,2469.89990234375,2375.699951171875,2386.0,5378361,TCS.NS,TCS,IT
2026-04-06,2473.89990234375,2482.0,2448.199951171875,2474.0,2572417,TCS.NS,TCS,IT
2026-04-07,2539.800048828125,2543.89990234375,2448.0,2461.0,4516550,TCS.NS,TCS,IT
2026-04-08,2559.199951171875,2580.300048828125,2540.10009765625,2572.0,4769337,TCS.NS,TCS,IT
2026-04-09,2589.0,2605.0,2531.10009765625,2554.0,5628261,TCS.NS,TCS,IT
2026-04-10,2524.300048828125,2565.800048828125,2501.10009765625,2565.800048828125,10480239,TCS.NS,TCS,IT
2026-04-13,2472.60009765625,2504.89990234375,2470.0,2489.89990234375,3739587,TCS.NS,TCS,IT
2026-04-15,2554.89990234375,2559.0,2493.39990234375,2501.89990234375,5261384,TCS.NS,TCS,IT
2026-04-16,2576.89990234375,2594.0,2558.0,2572.0,3905403,TCS.NS,TCS,IT
2026-04-17,2581.5,2589.0,2555.89990234375,2570.0,2718206,TCS.NS,TCS,IT
2026-04-20,2579.60009765625,2594.0,2561.199951171875,2587.10009765625,2288558,TCS.NS,TCS,IT
2026-04-21,2610.5,2614.0,2560.0,2560.0,2719959,TCS.NS,TCS,IT
2026-04-22,2538.5,2580.0,2503.60009765625,2580.0,5232045,TCS.NS,TCS,IT
2026-04-23,2521.800048828125,2559.5,2516.300048828125,2529.0,2509050,TCS.NS,TCS,IT
2026-04-24,2396.89990234375,2505.0,2388.800048828125,2488.0,5107719,TCS.NS,TCS,IT
2026-04-27,2447.60009765625,2459.0,2396.89990234375,2396.89990234375,5853425,TCS.NS,TCS,IT
2026-04-28,2444.699951171875,2487.0,2427.39990234375,2444.0,4508363,TCS.NS,TCS,IT
2026-04-29,2474.699951171875,2487.89990234375,2447.60009765625,2451.0,2835961,TCS.NS,TCS,IT
2026-04-30,2473.89990234375,2491.0,2438.0,2479.0,3970446,TCS.NS,TCS,IT
2026-05-01,2473.89990234375,2473.89990234375,2473.89990234375,2473.89990234375,0,TCS.NS,TCS,IT
2026-05-04,2431.300048828125,2498.300048828125,2425.0,2494.0,2632358,TCS.NS,TCS,IT
2026-05-05,2427.300048828125,2460.39990234375,2412.199951171875,2430.0,3385720,TCS.NS,TCS,IT
2026-05-06,2435.39990234375,2471.0,2406.5,2441.89990234375,3147628,TCS.NS,TCS,IT
2026-05-07,2401.39990234375,2439.699951171875,2398.0,2438.199951171875,5829594,TCS.NS,TCS,IT
2026-05-08,2394.39990234375,2407.0,2375.10009765625,2398.0,3792199,TCS.NS,TCS,IT
2026-05-11,2392.89990234375,2415.0,2371.0,2371.0,1975188,TCS.NS,TCS,IT
2026-05-12,2300.300048828125,2375.0,2283.0,2375.0,6347884,TCS.NS,TCS,IT
2026-05-13,2272.800048828125,2309.199951171875,2269.0,2306.0,3171843,TCS.NS,TCS,IT
2026-05-14,2246.0,2265.0,2206.39990234375,2265.0,5633313,TCS.NS,TCS,IT
2026-05-15,2264.0,2304.89990234375,2252.0,2252.0,3410637,TCS.NS,TCS,IT
2026-05-18,2283.199951171875,2292.89990234375,2252.199951171875,2264.0,3773336,TCS.NS,TCS,IT
2026-05-19,2327.10009765625,2377.60009765625,2297.10009765625,2300.0,10394707,TCS.NS,TCS,IT
2026-05-20,,,,,2536699,TCS.NS,TCS,IT
