Date,Close,High,Low,Open,Volume,Ticker,Company,Sector
2021-05-21,822.9778442382812,827.5942421406887,815.7174888635809,819.9981794744571,1534262,TECHM.NS,Tech Mahindra,IT
2021-05-24,825.6637573242188,834.3090013173095,818.4453589694531,822.3902910525793,1830838,TECHM.NS,Tech Mahindra,IT
2021-05-25,833.1759643554688,840.7720275412454,825.7477292121578,830.9936362782413,2719646,TECHM.NS,Tech Mahindra,IT
2021-05-26,845.8919677734375,849.4172273820018,833.4696707414306,835.6939557120705,2013788,TECHM.NS,Tech Mahindra,IT
2021-05-27,855.9641723632812,866.2041934229142,845.1366506832321,845.2205647062738,6393813,TECHM.NS,Tech Mahindra,IT
2021-05-28,861.3779296875,867.043509249391,849.9208483038518,856.1320226857491,1839013,TECHM.NS,Tech Mahindra,IT
2021-05-31,857.5170288085938,866.2042309821411,850.2566724659971,860.3288146867196,1801746,TECHM.NS,Tech Mahindra,IT
2021-06-01,864.9451293945312,866.2041470501274,850.5503403737251,860.0768868092453,1262702,TECHM.NS,Tech Mahindra,IT
2021-06-02,853.572021484375,860.0768948696909,834.3090409273143,856.2998930970649,5252186,TECHM.NS,Tech Mahindra,IT
2021-06-03,851.3897094726562,856.7615387797541,845.22054327819,853.5720375415978,2024676,TECHM.NS,Tech Mahindra,IT
2021-06-04,855.4605712890625,861.9654448515777,848.577930940566,855.7543215942994,2315912,TECHM.NS,Tech Mahindra,IT
2021-06-07,868.2186889648438,872.0376481211833,855.6704680715297,860.2868154078982,1745475,TECHM.NS,Tech Mahindra,IT
2021-06-08,887.8173828125,890.4613406769182,870.4429782048322,872.0796603565941,4517995,TECHM.NS,Tech Mahindra,IT
2021-06-09,883.2008666992188,893.4408357642586,878.1227879455266,887.8172646719873,2163655,TECHM.NS,Tech Mahindra,IT
2021-06-10,893.818603515625,901.4566233144548,886.7680842939678,889.453947588353,3934077,TECHM.NS,Tech Mahindra,IT
2021-06-11,900.6173706054688,908.5072357232881,885.4252434663912,893.8186951961719,4988857,TECHM.NS,Tech Mahindra,IT
2021-06-14,897.4697265625,905.9470913765279,888.0270944148937,900.6172706117021,2757666,TECHM.NS,Tech Mahindra,IT
2021-06-15,895.455322265625,917.4042176818598,891.0907686180332,897.469771048791,3484298,TECHM.NS,Tech Mahindra,IT
2021-06-16,897.3859252929688,904.7721014476181,885.5091704299731,898.0993482085984,1881596,TECHM.NS,Tech Mahindra,IT
2021-06-17,906.70263671875,910.4376818109126,887.2298693970325,889.6638884679004,3161931,TECHM.NS,Tech Mahindra,IT
2021-06-18,898.686767578125,916.2291008549878,885.5090903452605,914.4664966172145,4396398,TECHM.NS,Tech Mahindra,IT
2021-06-21,892.14013671875,898.1414760844355,885.5092883802824,888.8666695684541,1074790,TECHM.NS,Tech Mahindra,IT
2021-06-22,887.3555908203125,899.777939173141,884.4178829965196,890.5871513937789,2437289,TECHM.NS,Tech Mahindra,IT
2021-06-23,886.72607421875,891.6363249341471,871.6178626861237,889.7057902546647,4130539,TECHM.NS,Tech Mahindra,IT
2021-06-24,906.4928588867188,908.423393921706,883.4108647946958,886.8102539991753,3617010,TECHM.NS,Tech Mahindra,IT
2021-06-25,914.466552734375,925.9655404542225,903.9747382238843,912.7039483884378,3200049,TECHM.NS,Tech Mahindra,IT
2021-06-28,927.5602416992188,929.9943629605239,907.4159594690269,915.7254963808047,2143755,TECHM.NS,Tech Mahindra,IT
2021-06-29,913.3333740234375,931.1694570658001,909.0107263472298,930.8336985402381,2956332,TECHM.NS,Tech Mahindra,IT
2021-06-30,919.4605102539062,927.4762966064128,909.2625496838511,913.3752585340903,1917370,TECHM.NS,Tech Mahindra,IT
2021-07-01,910.8153686523438,922.7340282574432,907.3320659462026,919.9222426244571,1459518,TECHM.NS,Tech Mahindra,IT
2021-07-02,914.3825073242188,921.1811816583029,902.2959182530074,912.3680587358317,1669409,TECHM.NS,Tech Mahindra,IT
2021-07-05,902.0022583007812,919.0409028482198,899.1064561465377,917.4042208395198,2597359,TECHM.NS,Tech Mahindra,IT
2021-07-06,880.9346923828125,902.0022339415046,879.4238302162594,902.0022339415046,3865594,TECHM.NS,Tech Mahindra,IT
2021-07-07,877.8709716796875,889.2860433918576,864.6092794590537,880.934601476257,3713891,TECHM.NS,Tech Mahindra,IT
2021-07-08,889.831787109375,892.5596588647936,877.1156875115216,880.4730681335753,2171947,TECHM.NS,Tech Mahindra,IT
2021-07-09,882.7813110351562,897.092187629124,880.4731117431699,885.6770109814506,1889035,TECHM.NS,Tech Mahindra,IT
2021-07-12,886.8521118164062,888.6147162326318,878.0389872761484,887.1878703859564,3224820,TECHM.NS,Tech Mahindra,IT
2021-07-13,881.4383544921875,891.3845743068937,879.6337418772359,891.3845743068937,1908081,TECHM.NS,Tech Mahindra,IT
2021-07-14,905.2337036132812,906.4927212817281,879.6336776881955,884.6697483619829,3173326,TECHM.NS,Tech Mahindra,IT
2021-07-15,933.7295532226562,939.8148060951411,903.4712193804705,904.8141512467095,5922995,TECHM.NS,Tech Mahindra,IT
2021-07-16,925.9237060546875,938.6398067135608,909.052887513007,933.687649391003,2323939,TECHM.NS,Tech Mahindra,IT
2021-07-19,918.411376953125,932.050734969459,911.6127020644994,913.2074782628486,1409001,TECHM.NS,Tech Mahindra,IT
2021-07-20,912.535888671875,925.12606430178,910.6054565507565,919.8801577893196,1230858,TECHM.NS,Tech Mahindra,IT
2021-07-22,964.0719604492188,967.345427507014,906.4928951909546,906.4928951909546,7309727,TECHM.NS,Tech Mahindra,IT
2021-07-23,974.759033203125,983.8085202487773,961.0555032068759,968.6829069610932,2840803,TECHM.NS,Tech Mahindra,IT
2021-07-26,965.4508056640625,981.2659434416597,962.305116222921,974.7588901996997,984581,TECHM.NS,Tech Mahindra,IT
2021-07-27,966.0108032226562,971.9144928884992,951.5316926414989,965.450576055756,1397105,TECHM.NS,Tech Mahindra,IT
2021-07-28,964.8906860351562,974.5002938708642,953.6434259597875,968.7259021950304,2533035,TECHM.NS,Tech Mahindra,IT
2021-07-29,972.0008544921875,983.6789355497168,961.0552244965633,972.7764404198468,3821405,TECHM.NS,Tech Mahindra,IT
2021-07-30,1042.45751953125,1066.3740132679245,1012.6803654267582,1021.2989217282624,20425030,TECHM.NS,Tech Mahindra,IT
2021-08-02,1043.44873046875,1046.2928965702345,1030.3916998213049,1042.8454735172847,2385223,TECHM.NS,Tech Mahindra,IT
2021-08-03,1056.8505859375,1060.0825449159022,1042.8454303644241,1043.707286091998,2603616,TECHM.NS,Tech Mahindra,IT
2021-08-04,1048.447509765625,1060.427325616513,1046.0342716060936,1055.9456126355262,1938175,TECHM.NS,Tech Mahindra,IT
2021-08-05,1075.76806640625,1080.766870730057,1048.8782150546087,1048.9213499153395,5790873,TECHM.NS,Tech Mahindra,IT
2021-08-06,1089.90283203125,1097.142441848399,1071.3299025224358,1079.0434699090304,3894726,TECHM.NS,Tech Mahindra,IT
2021-08-09,1109.59619140625,1126.273185058058,1091.1094268493068,1112.1387291032852,6585101,TECHM.NS,Tech Mahindra,IT
2021-08-10,1140.278076171875,1146.0093316583764,1105.2436255278778,1110.069995772449,6314469,TECHM.NS,Tech Mahindra,IT
2021-08-11,1140.752197265625,1143.4670637948354,1118.9903405776133,1140.2782397490935,3430349,TECHM.NS,Tech Mahindra,IT
2021-08-12,1195.006103515625,1202.116413282183,1135.7103872583796,1140.2351298370982,8613315,TECHM.NS,Tech Mahindra,IT
2021-08-13,1192.07568359375,1197.9793738551634,1177.208673378641,1189.4469817337897,4760344,TECHM.NS,Tech Mahindra,IT
2021-08-16,1178.889404296875,1206.5549537152165,1172.339321428804,1191.0415497190993,2912430,TECHM.NS,Tech Mahindra,IT
2021-08-17,1218.4053955078125,1231.4195011119182,1181.173270296338,1182.4660538829448,8042970,TECHM.NS,Tech Mahindra,IT
2021-08-18,1217.3712158203125,1228.1444124204922,1210.2609060641937,1222.1114223243915,2939739,TECHM.NS,Tech Mahindra,IT
2021-08-20,1205.9083251953125,1223.8349639328976,1181.302410699584,1181.302410699584,4051399,TECHM.NS,Tech Mahindra,IT
2021-08-23,1220.3875732421875,1243.6145404100123,1214.3545838264422,1219.9135105624416,3987240,TECHM.NS,Tech Mahindra,IT
2021-08-24,1261.1966552734375,1264.34244996335,1223.8352276400526,1225.472774690268,5366923,TECHM.NS,Tech Mahindra,IT
2021-08-25,1260.981201171875,1273.822873645836,1249.6909112222343,1260.8950366331921,3105863,TECHM.NS,Tech Mahindra,IT
2021-08-26,1249.2598876953125,1264.1268991218349,1244.5196811535227,1258.137043847282,1993944,TECHM.NS,Tech Mahindra,IT
2021-08-27,1245.7261962890625,1255.8098654629412,1233.4877827507846,1249.5614119064549,3097939,TECHM.NS,Tech Mahindra,IT
2021-08-30,1223.1455078125,1253.999982453252,1220.3014472651503,1249.6907041630348,2742699,TECHM.NS,Tech Mahindra,IT
2021-08-31,1247.66552734375,1253.1382904456298,1212.5879343563174,1227.972144027047,6392991,TECHM.NS,Tech Mahindra,IT
2021-09-01,1237.8834228515625,1265.419671248163,1230.2990503706812,1249.6908042294135,1829925,TECHM.NS,Tech Mahindra,IT
2021-09-02,1239.1763916015625,1251.8887654751204,1224.8695002291,1237.625008978255,3860958,TECHM.NS,Tech Mahindra,IT
2021-09-03,1242.7528076171875,1249.4321894162617,1228.2305598438259,1244.5196539178057,1919590,TECHM.NS,Tech Mahindra,IT
2021-09-06,1259.3004150390625,1265.1179407273794,1237.7108887351797,1247.9669921011657,1801171,TECHM.NS,Tech Mahindra,IT
2021-09-07,1236.9354248046875,1269.427452185901,1234.4361271043708,1266.0230585891445,1940043,TECHM.NS,Tech Mahindra,IT
2021-09-08,1230.6007080078125,1243.0976163463731,1223.7058620279172,1241.244605447876,2256454,TECHM.NS,Tech Mahindra,IT
2021-09-09,1235.2547607421875,1239.2624110439758,1218.6640374599358,1228.6615431756327,2303457,TECHM.NS,Tech Mahindra,IT
2021-09-13,1232.02294921875,1240.9001066404523,1224.1369470753175,1237.6250122966946,1937241,TECHM.NS,Tech Mahindra,IT
2021-09-14,1251.4576416015625,1255.7237853371705,1232.0227530126872,1236.762959477584,1554999,TECHM.NS,Tech Mahindra,IT
2021-09-15,1262.4892578125,1275.5463922611661,1239.3053192360846,1242.8820413098367,2410087,TECHM.NS,Tech Mahindra,IT
2021-09-16,1248.268798828125,1266.0661417394508,1241.0723241012997,1262.4894192084523,1800078,TECHM.NS,Tech Mahindra,IT
2021-09-17,1251.0267333984375,1268.6516410847846,1238.1419270444708,1250.5526706617,2861623,TECHM.NS,Tech Mahindra,IT
2021-09-20,1233.5740966796875,1286.8798503024525,1229.3078478709704,1241.0721991333205,2526342,TECHM.NS,Tech Mahindra,IT
2021-09-21,1259.7745361328125,1263.8683510377343,1224.1799559784313,1240.2104522489349,1713705,TECHM.NS,Tech Mahindra,IT
2021-09-22,1304.504638671875,1316.8292160571925,1255.2927040647335,1261.7566211814417,5145820,TECHM.NS,Tech Mahindra,IT
2021-09-23,1311.3134765625,1319.5011058936493,1296.2310014788038,1314.4161361097467,2015302,TECHM.NS,Tech Mahindra,IT
2021-09-24,1305.495849609375,1334.0232506653995,1302.307025777957,1318.639148309849,3592146,TECHM.NS,Tech Mahindra,IT
2021-09-27,1262.1014404296875,1314.3298720070622,1257.6197279058636,1312.606160699512,2728552,TECHM.NS,Tech Mahindra,IT
2021-09-28,1218.70703125,1262.6185347971814,1213.8375257569953,1262.1014424454881,3995669,TECHM.NS,Tech Mahindra,IT
2021-09-29,1202.59033203125,1214.3115485301012,1183.112414218998,1206.5979820845728,7948104,TECHM.NS,Tech Mahindra,IT
2021-09-30,1189.8780517578125,1208.8820135170026,1186.7753920357209,1196.2558054797246,3856630,TECHM.NS,Tech Mahindra,IT
2021-10-01,1181.81982421875,1192.8084862123974,1176.260896116533,1185.0517836286463,2661824,TECHM.NS,Tech Mahindra,IT
2021-10-04,1205.779296875,1211.381359100188,1182.509192247296,1193.4115830276405,2538936,TECHM.NS,Tech Mahindra,IT
2021-10-05,1217.84521484375,1224.6969254402281,1190.222698123121,1205.8222649427134,2481825,TECHM.NS,Tech Mahindra,IT
2021-10-06,1194.2303466796875,1229.781893558466,1189.3177061686063,1226.3344708308268,2769341,TECHM.NS,Tech Mahindra,IT
2021-10-07,1221.421875,1226.6792790175623,1185.6118332308938,1204.8311525163394,1956325,TECHM.NS,Tech Mahindra,IT
2021-10-08,1241.029052734375,1247.1051774023042,1222.5422903560254,1222.5422903560254,2665924,TECHM.NS,Tech Mahindra,IT
2021-10-11,1206.7703857421875,1236.288945342963,1194.1873127639872,1223.835171769378,3073366,TECHM.NS,Tech Mahindra,IT
2021-10-12,1184.5775146484375,1209.0542373604442,1172.9855976654012,1205.7361139852287,2965629,TECHM.NS,Tech Mahindra,IT
2021-10-13,1208.451171875,1215.2167190923747,1186.7754767306383,1195.3078704805612,1738985,TECHM.NS,Tech Mahindra,IT
2021-10-14,1233.143310546875,1257.9646942578443,1215.6475958684473,1234.1774954155383,4328124,TECHM.NS,Tech Mahindra,IT
2021-10-18,1275.244873046875,1281.5363568558282,1223.835156859916,1223.835156859916,3579606,TECHM.NS,Tech Mahindra,IT
2021-10-19,1326.482177734375,1352.9412126618483,1273.0040910086398,1291.059927078235,8645334,TECHM.NS,Tech Mahindra,IT
2021-10-20,1326.6546630859375,1358.715656474659,1306.4010519681738,1330.705343226688,5159270,TECHM.NS,Tech Mahindra,IT
2021-10-21,1313.6837158203125,1332.5583790637577,1272.1423079424537,1332.5583790637577,4261416,TECHM.NS,Tech Mahindra,IT
2021-10-22,1307.8228759765625,1346.1754542187725,1278.7783812781806,1319.50106267019,5223521,TECHM.NS,Tech Mahindra,IT
2021-10-25,1313.55419921875,1322.948447017471,1278.8214790108243,1319.501024354233,3890467,TECHM.NS,Tech Mahindra,IT
2021-10-26,1347.3389892578125,1404.8247194366259,1329.843277356266,1354.750926858841,16978043,TECHM.NS,Tech Mahindra,IT
2021-10-27,1351.2606201171875,1367.8513445757153,1316.4847589818828,1346.0894852210229,3624131,TECHM.NS,Tech Mahindra,IT
2021-10-28,1321.4833984375,1364.1882856213804,1315.1918096897377,1360.0083064812623,3054565,TECHM.NS,Tech Mahindra,IT
2021-10-29,1273.6932373046875,1329.6276850244747,1265.0316519216665,1316.3550881610877,3795495,TECHM.NS,Tech Mahindra,IT
2021-11-01,1311.87353515625,1318.5529161202746,1281.622424347677,1284.1648563092544,2271900,TECHM.NS,Tech Mahindra,IT
2021-11-02,1297.4681396484375,1325.6266418144257,1295.248598000184,1325.01738087273,2041689,TECHM.NS,Tech Mahindra,IT
2021-11-03,1304.387939453125,1338.4653201104409,1300.0792306171618,1303.9091586088832,2697346,TECHM.NS,Tech Mahindra,IT
2021-11-04,1310.7421875,1318.706674806579,1306.5206065245382,1313.484074114276,166444,TECHM.NS,Tech Mahindra,IT
2021-11-08,1354.5684814453125,1360.3134271721678,1309.3930707585343,1312.6136319958835,3050392,TECHM.NS,Tech Mahindra,IT
2021-11-09,1357.1798095703125,1368.3214003701255,1351.7831646150157,1358.7466323013778,2061369,TECHM.NS,Tech Mahindra,IT
2021-11-10,1363.6209716796875,1369.4963972524445,1346.1688453975019,1354.3508345251885,1299996,TECHM.NS,Tech Mahindra,IT
2021-11-11,1324.756103515625,1357.8761377094654,1318.706633737077,1357.8761377094654,3027565,TECHM.NS,Tech Mahindra,IT
2021-11-12,1379.636962890625,1383.5103490860681,1332.8947310028393,1339.161809089733,3713868,TECHM.NS,Tech Mahindra,IT
2021-11-15,1374.5447998046875,1393.9989632739318,1369.4962440423744,1379.6368134806005,2448280,TECHM.NS,Tech Mahindra,IT
2021-11-16,1392.6065673828125,1397.0457569484665,1371.8031856391174,1379.7241091784747,2864344,TECHM.NS,Tech Mahindra,IT
2021-11-17,1408.7529296875,1414.4543111046617,1388.3413084381139,1391.3878254158778,2304359,TECHM.NS,Tech Mahindra,IT
2021-11-18,1364.6220703125,1414.2367780196041,1357.440994196998,1410.276263236087,2938804,TECHM.NS,Tech Mahindra,IT
2021-11-22,1341.59912109375,1376.8516758741177,1323.0588460779973,1376.8516758741177,1951782,TECHM.NS,Tech Mahindra,IT
2021-11-23,1358.3548583984375,1361.7494635890178,1311.1338473687354,1324.7996089807702,1823592,TECHM.NS,Tech Mahindra,IT
2021-11-24,1338.8135986328125,1366.493423406272,1331.763109304955,1365.5359679118358,1644163,TECHM.NS,Tech Mahindra,IT
2021-11-25,1357.3101806640625,1362.0541060257865,1331.8065480583373,1332.6334172133743,1557493,TECHM.NS,Tech Mahindra,IT
2021-11-26,1329.4998779296875,1349.1716497657815,1314.484903117778,1343.9490498312043,1522173,TECHM.NS,Tech Mahindra,IT
2021-11-29,1337.5513916015625,1345.2547052855773,1287.7190836898192,1318.7064888435132,1995524,TECHM.NS,Tech Mahindra,IT
2021-11-30,1341.7294921875,1387.8624613649135,1328.7165556475766,1330.8926390993413,5662900,TECHM.NS,Tech Mahindra,IT
2021-12-01,1381.900146484375,1387.8191365424461,1349.1718694819524,1349.1718694819524,2761193,TECHM.NS,Tech Mahindra,IT
2021-12-02,1418.501953125,1420.9826673117557,1375.284909251194,1383.9892441198724,2664202,TECHM.NS,Tech Mahindra,IT
2021-12-03,1386.8616943359375,1425.9876364260008,1383.7280488314425,1414.4543929145436,2400296,TECHM.NS,Tech Mahindra,IT
2021-12-06,1350.695068359375,1409.7104971247516,1346.429923322536,1397.916081704628,2911781,TECHM.NS,Tech Mahindra,IT
2021-12-07,1372.3690185546875,1376.4600135612668,1336.9858750253659,1361.3580133721825,1758254,TECHM.NS,Tech Mahindra,IT
2021-12-08,1396.87158203125,1405.575916150951,1377.06922190893,1377.5914607052964,1604565,TECHM.NS,Tech Mahindra,IT
2021-12-09,1402.4422607421875,1410.1021172138694,1379.6369480148041,1386.6004152603048,1947954,TECHM.NS,Tech Mahindra,IT
2021-12-10,1395.000244140625,1402.4423866750774,1374.0228184306934,1402.2683424799425,1776362,TECHM.NS,Tech Mahindra,IT
2021-12-13,1425.9005126953125,1441.0025111170312,1390.4738091346728,1397.0456238857355,3163063,TECHM.NS,Tech Mahindra,IT
2021-12-14,1429.8609619140625,1449.271670026257,1415.0201355920685,1427.5108341399769,2725454,TECHM.NS,Tech Mahindra,IT
2021-12-15,1428.903564453125,1432.9946655184472,1406.533466754594,1426.640458679801,1622068,TECHM.NS,Tech Mahindra,IT
2021-12-16,1438.521728515625,1451.5782290505067,1429.4256360572135,1435.344625467989,2225836,TECHM.NS,Tech Mahindra,IT
2021-12-17,1429.9915771484375,1457.9760339159088,1416.108206073379,1452.9274773863874,3405084,TECHM.NS,Tech Mahindra,IT
2021-12-20,1390.9962158203125,1426.0746200661997,1372.3253545848765,1423.158689262564,2233189,TECHM.NS,Tech Mahindra,IT
2021-12-21,1421.3741455078125,1440.8284165559671,1397.4807917261153,1397.4807917261153,2237445,TECHM.NS,Tech Mahindra,IT
2021-12-22,1444.701904296875,1446.3992070058937,1420.3297679388015,1431.8630110368185,1656110,TECHM.NS,Tech Mahindra,IT
2021-12-23,1465.6358642578125,1471.9899645977855,1448.531825963696,1453.6238403211905,1715034,TECHM.NS,Tech Mahindra,IT
2021-12-24,1500.453125,1510.3759806745911,1462.6327303306532,1465.2440305090354,3343946,TECHM.NS,Tech Mahindra,IT
2021-12-27,1553.7236328125,1559.8166666666666,1482.9138963438215,1501.062411644345,4512000,TECHM.NS,Tech Mahindra,IT
2021-12-28,1572.0899658203125,1586.8003136208802,1545.9769601106984,1553.7238397220358,3605483,TECHM.NS,Tech Mahindra,IT
2021-12-29,1555.3341064453125,1585.0594322604886,1551.7653502813762,1567.2155451867159,1902921,TECHM.NS,Tech Mahindra,IT
2021-12-30,1566.7364501953125,1599.8564813339128,1554.5939475856194,1555.4643809269328,4650594,TECHM.NS,Tech Mahindra,IT
2021-12-31,1558.5545654296875,1578.0957527399776,1552.3744032921436,1566.9541627286546,2378048,TECHM.NS,Tech Mahindra,IT
2022-01-03,1553.549560546875,1582.4479066597123,1551.9827379396409,1562.471502814896,1779147,TECHM.NS,Tech Mahindra,IT
2022-01-04,1557.90185546875,1570.0879239577093,1538.055929999382,1560.6872000503067,2701533,TECHM.NS,Tech Mahindra,IT
2022-01-05,1512.4217529296875,1551.9393483692438,1508.4612380488704,1549.3280478994534,3138050,TECHM.NS,Tech Mahindra,IT
2022-01-06,1472.8603515625,1504.8487793746208,1471.032462652623,1501.4976319974999,4290750,TECHM.NS,Tech Mahindra,IT
2022-01-07,1483.0880126953125,1501.1060488647504,1475.4717200069722,1481.4777320634514,2103362,TECHM.NS,Tech Mahindra,IT
2022-01-10,1493.6636962890625,1501.497596794075,1468.856344689856,1496.2749964574,2330348,TECHM.NS,Tech Mahindra,IT
2022-01-11,1512.073486328125,1518.9063676481037,1484.089029707746,1484.089029707746,2704832,TECHM.NS,Tech Mahindra,IT
2022-01-12,1506.2412109375,1527.610390237027,1498.015659030156,1526.7399569662368,3013194,TECHM.NS,Tech Mahindra,IT
2022-01-13,1496.1009521484375,1522.3009759176182,1481.3035845291708,1505.849763607736,2768371,TECHM.NS,Tech Mahindra,IT
2022-01-14,1512.5958251953125,1520.4732909269974,1476.6904430693987,1492.3582461788883,1889385,TECHM.NS,Tech Mahindra,IT
2022-01-17,1499.2344970703125,1524.1288708545865,1497.1454356766926,1508.417505612279,2522806,TECHM.NS,Tech Mahindra,IT
2022-01-18,1445.572265625,1520.2554936696836,1436.2586707686976,1514.554112411561,4878369,TECHM.NS,Tech Mahindra,IT
2022-01-19,1453.710693359375,1459.3685100439843,1416.673818661027,1447.6176600067188,2610709,TECHM.NS,Tech Mahindra,IT
2022-01-20,1450.9254150390625,1456.4090815529005,1430.600816969609,1453.7107593393541,2440011,TECHM.NS,Tech Mahindra,IT
2022-01-21,1387.079345703125,1438.8265747494975,1382.9882445028054,1436.2152742508595,4079190,TECHM.NS,Tech Mahindra,IT
2022-01-24,1317.0963134765625,1382.2482318702616,1307.3473956958123,1382.2482318702616,3250275,TECHM.NS,Tech Mahindra,IT
2022-01-25,1306.1724853515625,1329.7177539651495,1275.1850740853572,1304.7798130061096,3910618,TECHM.NS,Tech Mahindra,IT
2022-01-27,1258.298583984375,1292.1584667070022,1244.7198433081935,1292.1584667070022,4434890,TECHM.NS,Tech Mahindra,IT
2022-01-28,1227.876953125,1290.7657691515903,1224.047024739,1258.6467539716225,7080683,TECHM.NS,Tech Mahindra,IT
2022-01-31,1287.3712158203125,1294.8569230725732,1246.025622344001,1250.8130068517844,4406035,TECHM.NS,Tech Mahindra,IT
2022-02-01,1310.655029296875,1318.66297369183,1283.8892035284016,1309.1317709198074,2542754,TECHM.NS,Tech Mahindra,IT
2022-02-02,1290.8092041015625,1296.945802244688,1256.035431301399,1288.1544459098184,9031146,TECHM.NS,Tech Mahindra,IT
2022-02-03,1265.8712158203125,1288.0672654109242,1261.344898818022,1287.2838541745596,2433692,TECHM.NS,Tech Mahindra,IT
2022-02-04,1260.5615234375,1275.1412819166328,1249.071845824229,1274.314412743325,2406272,TECHM.NS,Tech Mahindra,IT
2022-02-07,1257.1669921875,1275.837745968333,1248.2014857367146,1262.128420026664,2741520,TECHM.NS,Tech Mahindra,IT
2022-02-08,1248.3756103515625,1267.4816883141139,1236.1895420626595,1259.0819842784463,1981111,TECHM.NS,Tech Mahindra,IT
2022-02-09,1266.3065185546875,1280.3639325810245,1253.467626252115,1253.467626252115,2282701,TECHM.NS,Tech Mahindra,IT
2022-02-10,1278.2315673828125,1281.278084567586,1262.3897205236253,1275.1850501980389,1850405,TECHM.NS,Tech Mahindra,IT
2022-02-11,1240.280517578125,1262.0848095229228,1236.885806218758,1261.9977874376207,2426039,TECHM.NS,Tech Mahindra,IT
2022-02-14,1210.032958984375,1234.9708960472,1193.3641388574697,1209.9023727293093,2149302,TECHM.NS,Tech Mahindra,IT
2022-02-15,1253.119384765625,1255.6871206284386,1214.298078879454,1222.1319789743613,1955525,TECHM.NS,Tech Mahindra,IT
2022-02-16,1256.90576171875,1274.2708646092885,1243.7186751701247,1262.5635785131904,2164650,TECHM.NS,Tech Mahindra,IT
2022-02-17,1259.9959716796875,1272.0949115222472,1253.6417650503906,1272.0949115222472,1669669,TECHM.NS,Tech Mahindra,IT
2022-02-18,1251.6396484375,1257.7762463277884,1233.4911335388795,1252.074865131731,2374188,TECHM.NS,Tech Mahindra,IT
2022-02-21,1234.4486083984375,1253.4240990664916,1227.398119092004,1242.239051099943,2109461,TECHM.NS,Tech Mahindra,IT
2022-02-22,1229.53076171875,1236.6247090411528,1196.8459445142032,1201.63332829226,2111878,TECHM.NS,Tech Mahindra,IT
2022-02-23,1230.1834716796875,1240.3239350029903,1226.6146100121503,1237.7561991730004,1319711,TECHM.NS,Tech Mahindra,IT
2022-02-24,1160.28759765625,1218.6066291963616,1157.6762977365433,1192.9288466525811,4108603,TECHM.NS,Tech Mahindra,IT
2022-02-25,1209.641357421875,1218.6068647139045,1175.1722130707847,1179.4373583481006,1885454,TECHM.NS,Tech Mahindra,IT
2022-02-28,1227.3109130859375,1235.884659561293,1186.6181576343292,1201.1979149351728,4983140,TECHM.NS,Tech Mahindra,IT
2022-03-02,1213.6888427734375,1236.624742609177,1203.5918361455424,1218.6068129479368,2160190,TECHM.NS,Tech Mahindra,IT
2022-03-03,1241.803955078125,1256.5577601763728,1223.0896351136719,1227.1371720777317,2730530,TECHM.NS,Tech Mahindra,IT
2022-03-04,1265.2620849609375,1270.8328804823625,1217.3012214757423,1231.6633738921525,3567738,TECHM.NS,Tech Mahindra,IT
2022-03-07,1239.584228515625,1274.3145436823747,1228.2251359872982,1242.9789401492014,3341715,TECHM.NS,Tech Mahindra,IT
2022-03-08,1272.5301513671875,1276.8388607365541,1236.0155103072786,1236.0155103072786,2365949,TECHM.NS,Tech Mahindra,IT
2022-03-09,1309.7845458984375,1315.2247541801223,1272.5299570838326,1272.5299570838326,3667977,TECHM.NS,Tech Mahindra,IT
2022-03-10,1292.8983154296875,1328.2378925693029,1283.4541336623715,1327.4110232859389,2835942,TECHM.NS,Tech Mahindra,IT
2022-03-11,1294.1605224609375,1298.5561477209926,1281.7132813694338,1284.7597985068144,1116432,TECHM.NS,Tech Mahindra,IT
2022-03-14,1308.261474609375,1313.3970532122844,1294.3345394172593,1294.3345394172593,1372791,TECHM.NS,Tech Mahindra,IT
2022-03-15,1269.6142578125,1318.706727533886,1260.387684137998,1317.8362940503653,2188506,TECHM.NS,Tech Mahindra,IT
2022-03-16,1296.858642578125,1300.8626146544511,1278.1443259404061,1284.063208845476,1453944,TECHM.NS,Tech Mahindra,IT
2022-03-17,1299.9923095703125,1314.3108967924381,1294.3344923542381,1310.0022938756747,2346185,TECHM.NS,Tech Mahindra,IT
2022-03-21,1288.0675048828125,1323.0588882412421,1284.9338593547611,1301.2980512635902,2110200,TECHM.NS,Tech Mahindra,IT
2022-03-22,1338.9005126953125,1343.9055043689455,1283.9327326220584,1294.2473463856013,3030660,TECHM.NS,Tech Mahindra,IT
2022-03-23,1342.3389892578125,1359.3558997455693,1331.0668121339704,1349.171870707028,3741783,TECHM.NS,Tech Mahindra,IT
2022-03-24,1365.318359375,1368.2777479475687,1331.8936953853893,1331.8936953853893,2085571,TECHM.NS,Tech Mahindra,IT
2022-03-25,1332.241943359375,1370.8891030708091,1325.1478895764685,1367.450933486337,1755511,TECHM.NS,Tech Mahindra,IT
2022-03-28,1326.93212890625,1339.5534129663467,1320.0557901802163,1335.2448102198748,1928306,TECHM.NS,Tech Mahindra,IT
2022-03-29,1325.104248046875,1340.075766085076,1322.275339533578,1337.8561184422438,2311150,TECHM.NS,Tech Mahindra,IT
2022-03-30,1302.4296875,1335.5061604732928,1292.5937464563062,1335.5061604732928,3792481,TECHM.NS,Tech Mahindra,IT
2022-03-31,1305.17138671875,1314.006307437096,1294.5085770165595,1302.4296063700242,2036984,TECHM.NS,Tech Mahindra,IT
2022-04-01,1294.4215087890625,1307.9567908792355,1284.2809382645162,1304.7796876671223,2537230,TECHM.NS,Tech Mahindra,IT
2022-04-04,1304.47509765625,1309.3930678489078,1291.4185960407417,1294.4215489106757,1675276,TECHM.NS,Tech Mahindra,IT
2022-04-05,1296.118896484375,1325.2348512062913,1288.24143171449,1312.6135669090886,3207223,TECHM.NS,Tech Mahindra,IT
2022-04-06,1270.2669677734375,1289.9823056387727,1265.6101703095653,1289.9823056387727,2627895,TECHM.NS,Tech Mahindra,IT
2022-04-07,1278.2750244140625,1283.5846469545143,1262.7377030707796,1265.6101758201457,3336784,TECHM.NS,Tech Mahindra,IT
2022-04-08,1261.0404052734375,1291.2009442414058,1253.4241129206212,1283.8892823318863,5402943,TECHM.NS,Tech Mahindra,IT
2022-04-11,1261.4320068359375,1272.8782269887597,1249.6376983357434,1267.3074321278425,3268704,TECHM.NS,Tech Mahindra,IT
2022-04-12,1231.6632080078125,1254.81671420082,1224.2209602563837,1250.246939047434,2021088,TECHM.NS,Tech Mahindra,IT
2022-04-13,1227.7030029296875,1243.5884157972985,1221.5665099305495,1234.361841081177,1430399,TECHM.NS,Tech Mahindra,IT
2022-04-18,1170.3414306640625,1209.9025916074313,1157.850624661101,1209.9025916074313,3968044,TECHM.NS,Tech Mahindra,IT
2022-04-19,1132.60791015625,1185.399717703331,1119.072734388385,1185.399717703331,2677360,TECHM.NS,Tech Mahindra,IT
2022-04-20,1139.5714111328125,1149.7990039988413,1127.8641239282251,1136.263827830716,3025261,TECHM.NS,Tech Mahindra,IT
2022-04-21,1142.6177978515625,1148.1015703708829,1129.3436894754018,1143.662381607374,3728173,TECHM.NS,Tech Mahindra,IT
2022-04-22,1137.2213134765625,1152.4538989995933,1125.3398755177816,1135.9156632888742,1954666,TECHM.NS,Tech Mahindra,IT
2022-04-25,1105.798583984375,1129.778959781135,1099.0091611385058,1127.2112238192383,2686619,TECHM.NS,Tech Mahindra,IT
2022-04-26,1110.1942138671875,1119.1161560270373,1101.098227532678,1115.3733562392524,2568317,TECHM.NS,Tech Mahindra,IT
2022-04-27,1097.8341064453125,1109.367348792508,1084.7776056749026,1103.4919234458237,2382463,TECHM.NS,Tech Mahindra,IT
2022-04-28,1106.58203125,1117.984687614699,1088.2158013851074,1108.7581147644112,2576887,TECHM.NS,Tech Mahindra,IT
2022-04-29,1095.8756103515625,1118.3328337484027,1086.6054737312134,1117.6364445523482,3811317,TECHM.NS,Tech Mahindra,IT
2022-05-02,1071.6776123046875,1087.171370088608,1065.5845782049114,1079.3374691031818,2149957,TECHM.NS,Tech Mahindra,IT
2022-05-04,1055.66162109375,1082.7755352438105,1044.5200315885104,1072.765551607754,2797667,TECHM.NS,Tech Mahindra,IT
2022-05-05,1099.662109375,1102.0558014312164,1063.8002927071377,1073.1138883878725,3563713,TECHM.NS,Tech Mahindra,IT
2022-05-06,1123.5120849609375,1130.6931616225122,1069.5016416289097,1079.0764105110095,5745203,TECHM.NS,Tech Mahindra,IT
2022-05-09,1097.7470703125,1114.1547181532387,1053.2243820042336,1114.1547181532387,5712061,TECHM.NS,Tech Mahindra,IT
2022-05-10,1081.3394775390625,1106.712526667121,1074.9852710868768,1092.393939444559,2852416,TECHM.NS,Tech Mahindra,IT
2022-05-11,1065.802001953125,1101.6639173381623,1050.8741559976609,1081.9485820223406,3244609,TECHM.NS,Tech Mahindra,IT
2022-05-12,1055.66162109375,1073.1137462024312,1041.9522956791507,1052.353931825424,3110220,TECHM.NS,Tech Mahindra,IT
2022-05-13,1047.0008544921875,1074.593658620456,1040.1679731578251,1068.8922770190873,1892084,TECHM.NS,Tech Mahindra,IT
2022-05-16,1034.989013671875,1062.799321978774,1007.0480128327964,1035.8158830096158,3474480,TECHM.NS,Tech Mahindra,IT
2022-05-17,1042.953125,1053.2242803179493,1029.8531677451779,1040.8641701084055,4434968,TECHM.NS,Tech Mahindra,IT
2022-05-18,1020.1915893554688,1071.0683830925673,1017.1015080403615,1052.354063518012,5294021,TECHM.NS,Tech Mahindra,IT
2022-05-19,964.744873046875,1004.3931583736618,957.4767751409395,1003.6097470340939,4393100,TECHM.NS,Tech Mahindra,IT
2022-05-20,984.3731079101562,987.7678192644029,970.3155878976933,981.848829915764,2461651,TECHM.NS,Tech Mahindra,IT
2022-05-23,994.8182983398438,999.083443011549,971.098989519583,987.0714202633296,2783695,TECHM.NS,Tech Mahindra,IT
2022-05-24,956.0405883789062,1002.6087794065296,949.6429235726575,999.2576317703124,3666196,TECHM.NS,Tech Mahindra,IT
2022-05-25,922.7899780273438,953.0375382763503,909.6028909413501,949.686390981592,4711542,TECHM.NS,Tech Mahindra,IT
2022-05-26,938.8494873046875,948.3372330532371,919.1341486342696,931.3637809701364,2946857,TECHM.NS,Tech Mahindra,IT
2022-05-27,977.7144165039062,980.2821527947808,950.5133699730832,953.1246704400421,3367600,TECHM.NS,Tech Mahindra,IT
2022-05-30,1013.1844482421875,1018.8422651782478,988.3335328906313,994.8183252851757,2469771,TECHM.NS,Tech Mahindra,IT
2022-05-31,1027.328857421875,1037.5564482498412,999.8231875949228,1002.7391177716586,9674664,TECHM.NS,Tech Mahindra,IT
2022-06-01,998.0390014648438,1041.9088698679977,994.992484301487,1032.4646879124093,2419021,TECHM.NS,Tech Mahindra,IT
2022-06-02,997.5167236328125,1005.6988192310534,985.0694829217999,992.2941229855203,3206663,TECHM.NS,Tech Mahindra,IT
2022-06-03,999.1705322265625,1028.8522902459558,995.8628427681336,1009.7027552329178,3229236,TECHM.NS,Tech Mahindra,IT
2022-06-06,995.949951171875,1000.1280744020827,967.1386240652434,997.5167739467248,3938875,TECHM.NS,Tech Mahindra,IT
2022-06-07,983.8510131835938,992.1201313128325,975.494766702356,983.6768627336834,1656444,TECHM.NS,Tech Mahindra,IT
2022-06-08,978.541259765625,991.6848901026733,974.7984596150792,987.854961602278,1303551,TECHM.NS,Tech Mahindra,IT
2022-06-09,991.075439453125,993.9913700671948,967.617302026799,976.62626638839,1323539,TECHM.NS,Tech Mahindra,IT
2022-06-10,966.0504150390625,978.2800458903525,957.6942762787191,974.0149013005106,3119792,TECHM.NS,Tech Mahindra,IT
2022-06-13,915.6522827148438,944.0719516849573,913.9549802531432,941.1124571647528,2012004,TECHM.NS,Tech Mahindra,IT
2022-06-14,896.677001953125,919.6564653148381,888.1902761735322,900.0281493434818,5775453,TECHM.NS,Tech Mahindra,IT
2022-06-15,887.8856201171875,902.6394775550922,885.9271448765907,902.6394775550922,3238141,TECHM.NS,Tech Mahindra,IT
2022-06-16,848.9337768554688,899.6800389770456,845.1909234532268,891.3674628541349,5600443,TECHM.NS,Tech Mahindra,IT
2022-06-17,840.0117797851562,848.1068001434465,821.4280471110303,845.2778914663477,7043370,TECHM.NS,Tech Mahindra,IT
2022-06-20,852.4589233398438,860.1187797102625,825.2143687274022,839.968225384169,2985094,TECHM.NS,Tech Mahindra,IT
2022-06-21,870.5203857421875,874.4809000484543,853.0246963835036,862.9476579800039,3433536,TECHM.NS,Tech Mahindra,IT
2022-06-22,853.0247192382812,867.7785757729631,842.5795185945472,867.7785757729631,2719988,TECHM.NS,Tech Mahindra,IT
2022-06-23,862.6865844726562,869.1713244015052,845.4085014720243,853.9822498371656,2915172,TECHM.NS,Tech Mahindra,IT
2022-06-24,854.0692749023438,871.3038458430624,847.8021437074353,871.3038458430624,4056588,TECHM.NS,Tech Mahindra,IT
2022-06-27,876.7006225585938,891.4109166768776,866.9517568362313,866.9517568362313,3796002,TECHM.NS,Tech Mahindra,IT
2022-06-28,888.4513549804688,895.6759413553034,856.5499505900312,872.1742402701788,2755698,TECHM.NS,Tech Mahindra,IT
2022-06-29,888.7994995117188,894.2832722854118,872.6529710027172,877.3968435301477,3770663,TECHM.NS,Tech Mahindra,IT
2022-06-30,870.4334716796875,893.0647419433594,867.8221712646484,884.3604072265625,3264301,TECHM.NS,Tech Mahindra,IT
2022-07-01,879.7470703125,882.619489979926,861.1197738293661,867.8221218047202,1842102,TECHM.NS,Tech Mahindra,IT
2022-07-04,870.3899536132812,882.4454358480206,866.0812973378003,879.7471133583882,1814322,TECHM.NS,Tech Mahindra,IT
2022-07-05,873.2188110351562,889.4959264927634,869.5629800731048,874.7855805540242,3045188,TECHM.NS,Tech Mahindra,IT
2022-07-06,879.0507202148438,883.4028872559569,871.8260804249647,877.3968754884052,2188175,TECHM.NS,Tech Mahindra,IT
2022-07-07,888.494873046875,893.8480595871715,884.3603144899585,888.6689703483632,1901699,TECHM.NS,Tech Mahindra,IT
2022-07-08,893.4998168945312,900.6373277280572,883.0981279331384,897.4167668955301,2841036,TECHM.NS,Tech Mahindra,IT
2022-07-11,877.0052490234375,885.5354865688973,859.9882849814502,883.48998912568,2892507,TECHM.NS,Tech Mahindra,IT
2022-07-12,868.1267700195312,885.056711050723,865.6460559666724,870.4334398860457,2013304,TECHM.NS,Tech Mahindra,IT
2022-07-13,861.7725219726562,874.0891750463708,859.1612219395324,871.6519723075289,2067142,TECHM.NS,Tech Mahindra,IT
2022-07-14,849.368896484375,869.2147672712475,843.2758627174469,868.6925284848976,2212219,TECHM.NS,Tech Mahindra,IT
2022-07-15,847.6279907226562,860.7715662632398,840.0116988641684,853.0246881506492,2544737,TECHM.NS,Tech Mahindra,IT
2022-07-18,877.39697265625,889.58304172092,856.6806658717197,857.3770020500061,3946821,TECHM.NS,Tech Mahindra,IT
2022-07-19,877.1358032226562,879.9647119513861,862.5995538988515,870.3899439464543,2985845,TECHM.NS,Tech Mahindra,IT
2022-07-20,910.0380859375,915.4347303156532,885.4483432997819,888.9300767706092,5574762,TECHM.NS,Tech Mahindra,IT
2022-07-21,925.4967651367188,928.2300600521762,906.050344317513,918.5516187510401,4935223,TECHM.NS,Tech Mahindra,IT
2022-07-22,921.8672485351562,935.3094662705364,908.0218080249338,931.9937629863618,2985409,TECHM.NS,Tech Mahindra,IT
2022-07-25,911.6063842773438,922.046528423666,903.5410537700977,922.046528423666,2888919,TECHM.NS,Tech Mahindra,IT
2022-07-26,895.5653076171875,929.5293320853705,890.905382681377,909.5900429661615,5939871,TECHM.NS,Tech Mahindra,IT
2022-07-27,903.0033569335938,905.0644859442984,888.9786219168813,896.1478043516948,2546052,TECHM.NS,Tech Mahindra,IT
2022-07-28,930.2014770507812,935.0854391220074,909.9485573288634,915.146203968455,3428026,TECHM.NS,Tech Mahindra,IT
2022-07-29,939.7454833984375,957.0859227608598,935.6679668429384,945.4360004800628,6185909,TECHM.NS,Tech Mahindra,IT
2022-08-01,940.5968017578125,948.9757626354906,930.0223223108413,948.9757626354906,2540084,TECHM.NS,Tech Mahindra,IT
2022-08-02,925.3622436523438,940.5071641242838,923.0322811319794,937.3706466641266,2802273,TECHM.NS,Tech Mahindra,IT
2022-08-03,943.330078125,947.2282994845714,918.2826794990146,920.747086143842,3509019,TECHM.NS,Tech Mahindra,IT
2022-08-04,946.376953125,961.2977268775245,928.5883313073109,952.6051367434802,5360632,TECHM.NS,Tech Mahindra,IT
2022-08-05,948.303466796875,957.0409070046829,941.3583220163098,949.916576438606,2641829,TECHM.NS,Tech Mahindra,IT
2022-08-08,946.8698120117188,954.263031895871,940.1039612687185,946.3321451714813,2579239,TECHM.NS,Tech Mahindra,IT
2022-08-10,945.6150512695312,949.1549004775238,934.7269437455066,946.3320132185773,2823021,TECHM.NS,Tech Mahindra,IT
2022-08-11,965.3753051757812,980.2961892787376,959.0574188550987,960.6705287987353,3201408,TECHM.NS,Tech Mahindra,IT
2022-08-12,955.2040405273438,964.6135932019021,951.7090419410405,961.8355566718332,1771561,TECHM.NS,Tech Mahindra,IT
2022-08-16,965.778564453125,967.7948972623235,946.8251235611034,964.2551567545084,2222701,TECHM.NS,Tech Mahindra,IT
2022-08-17,989.795166015625,991.9459424423869,960.8495506311554,961.118438706888,4280823,TECHM.NS,Tech Mahindra,IT
2022-08-18,990.3778076171875,994.007140734688,975.098443182375,985.7626243608885,3041422,TECHM.NS,Tech Mahindra,IT
2022-08-19,989.481689453125,1017.1278292777923,985.7626539256138,994.7241325976648,4577717,TECHM.NS,Tech Mahindra,IT
2022-08-22,966.674560546875,985.7625518999719,963.5828944822225,982.1779608021537,2157609,TECHM.NS,Tech Mahindra,IT
2022-08-23,955.2040405273438,958.9678178399467,938.2668238345286,951.7090419410405,2875768,TECHM.NS,Tech Mahindra,IT
2022-08-24,959.7295532226562,961.9251812214385,945.5256308348391,955.293664858817,2180800,TECHM.NS,Tech Mahindra,IT
2022-08-25,959.4158325195312,976.4874922176087,954.8903516723477,967.8396438912678,2734931,TECHM.NS,Tech Mahindra,IT
2022-08-26,972.8133544921875,983.5671288266904,968.7358379664687,970.5281336888858,2624896,TECHM.NS,Tech Mahindra,IT
2022-08-29,928.005859375,938.804374279175,911.6511080100205,937.3705597375339,6118233,TECHM.NS,Tech Mahindra,IT
2022-08-30,964.3446044921875,968.2876766040745,934.0548751541864,939.1628737446275,4453769,TECHM.NS,Tech Mahindra,IT
2022-09-01,943.5541381835938,954.3975058075856,934.7718450771571,946.332174772592,6112823,TECHM.NS,Tech Mahindra,IT
2022-09-02,946.6907348632812,955.7418074575438,938.3117732447273,948.3037355691444,1645341,TECHM.NS,Tech Mahindra,IT
2022-09-05,954.4423217773438,959.5951719708706,945.25680621497,946.3321398894428,1677079,TECHM.NS,Tech Mahindra,IT
2022-09-06,953.232421875,959.7743449206606,941.2241282298334,954.4423089838762,3051076,TECHM.NS,Tech Mahindra,IT
2022-09-07,946.1976928710938,950.8128762129427,935.578362644969,942.747545500486,2615897,TECHM.NS,Tech Mahindra,IT
2022-09-08,976.4426879882812,979.4000196883798,956.2793611050166,958.878211781914,2634786,TECHM.NS,Tech Mahindra,IT
2022-09-09,1009.6450805664062,1014.7530799765561,973.4406825541358,988.137530387995,3394349,TECHM.NS,Tech Mahindra,IT
2022-09-12,1030.6595458984375,1044.0121697767654,1021.5636239998859,1021.6084751463628,5230075,TECHM.NS,Tech Mahindra,IT
2022-09-13,1028.2847900390625,1043.5193032418485,1024.3865688334295,1035.946897789447,2483685,TECHM.NS,Tech Mahindra,IT
2022-09-14,998.93603515625,1005.3435146146866,981.2819650222053,996.5164795476642,5179539,TECHM.NS,Tech Mahindra,IT
2022-09-15,970.5280151367188,1007.5389610408829,966.0472763780082,1003.9543700339144,3392174,TECHM.NS,Tech Mahindra,IT
2022-09-16,925.8998413085938,962.4178632950744,921.239916616001,954.3973844319465,6635089,TECHM.NS,Tech Mahindra,IT
2022-09-19,931.5457153320312,942.6131197009926,916.8488683149455,928.4091977719908,2485826,TECHM.NS,Tech Mahindra,IT
2022-09-20,946.466552734375,955.0246988768675,940.955221700094,944.5398130208562,2321528,TECHM.NS,Tech Mahindra,IT
2022-09-21,950.0511474609375,956.1448870922511,938.2667815730771,938.4459673825393,2760138,TECHM.NS,Tech Mahindra,IT
2022-09-22,939.5214233398438,960.6704906204151,934.0100922100071,940.955238014399,3867282,TECHM.NS,Tech Mahindra,IT
2022-09-23,927.6026611328125,940.8656936916656,915.863145626195,930.2015118982293,3230711,TECHM.NS,Tech Mahindra,IT
2022-09-26,925.6310424804688,942.9714797447077,908.2905505197114,922.1360443405125,3314114,TECHM.NS,Tech Mahindra,IT
2022-09-27,916.3111572265625,936.474483424702,913.2194362702098,927.4681539656481,4448875,TECHM.NS,Tech Mahindra,IT
2022-09-28,922.7633666992188,928.7676227303626,903.809873119974,910.4861853197431,1965519,TECHM.NS,Tech Mahindra,IT
2022-09-29,902.5104370117188,936.0263869635061,897.6264752074701,934.547721199316,3176310,TECHM.NS,Tech Mahindra,IT
2022-09-30,903.8546752929688,912.9953940561381,882.3023310201213,897.0439736949726,3848885,TECHM.NS,Tech Mahindra,IT
2022-10-03,901.0765991210938,912.5024833963737,895.3860825567193,905.1092641594278,2431236,TECHM.NS,Tech Mahindra,IT
2022-10-04,921.5089111328125,928.4092060693503,912.1889512782163,915.8631357170618,2715420,TECHM.NS,Tech Mahindra,IT
2022-10-06,924.197265625,936.4744466710305,920.6574161955383,926.1238958716604,2397633,TECHM.NS,Tech Mahindra,IT
2022-10-07,917.5208740234375,928.8123140663669,915.0116712023997,922.9426117985338,1539126,TECHM.NS,Tech Mahindra,IT
2022-10-10,922.4498291015625,925.7207908510412,899.2844275111519,903.4066860177438,1660433,TECHM.NS,Tech Mahindra,IT
2022-10-11,900.4940795898438,927.5129571775366,896.6406550548836,927.0648832851803,2310765,TECHM.NS,Tech Mahindra,IT
2022-10-12,910.3966064453125,912.995402346016,894.5347788441015,903.13777617195,2192421,TECHM.NS,Tech Mahindra,IT
2022-10-13,907.7529907226562,914.9669700960577,898.8811049812148,913.0402303078429,1344162,TECHM.NS,Tech Mahindra,IT
2022-10-14,913.9363403320312,940.8656263154883,910.5309895255884,927.5130018022383,3492929,TECHM.NS,Tech Mahindra,IT
2022-10-17,916.9832153320312,921.1950661382756,902.8240913558736,913.174587269328,1426207,TECHM.NS,Tech Mahindra,IT
2022-10-18,913.5330810546875,926.5719657926239,908.6938610992196,921.5984111827871,2395805,TECHM.NS,Tech Mahindra,IT
2022-10-19,913.3538818359375,923.0322674877668,910.7550312430424,918.1034544089487,1304927,TECHM.NS,Tech Mahindra,IT
2022-10-20,933.472412109375,935.0406708171021,902.420867817771,905.1093113167316,1852905,TECHM.NS,Tech Mahindra,IT
2022-10-21,933.0243530273438,935.8919823812766,924.0180234054128,933.4724269509612,1202009,TECHM.NS,Tech Mahindra,IT
2022-10-24,939.2973022460938,941.9857455424753,936.4744149062853,941.8513014990488,231316,TECHM.NS,Tech Mahindra,IT
2022-10-25,970.0800170898438,973.2165344661157,941.8513607033957,944.0021373543054,3097049,TECHM.NS,Tech Mahindra,IT
2022-10-27,964.1205444335938,983.9702391697698,956.3241026891901,979.7583884605931,2342818,TECHM.NS,Tech Mahindra,IT
2022-10-28,940.0142822265625,968.7358657595405,936.5193929820201,968.7358657595405,1542568,TECHM.NS,Tech Mahindra,IT
2022-10-31,952.9636840820312,966.3163094652788,943.6437241867613,943.8677611583157,2629847,TECHM.NS,Tech Mahindra,IT
2022-11-01,959.6847534179688,967.8396769656438,938.401242003215,957.9820506261789,4709472,TECHM.NS,Tech Mahindra,IT
2022-11-02,969.6318969726562,984.5975211262014,955.6071623513293,959.7742714026939,4104485,TECHM.NS,Tech Mahindra,IT
2022-11-03,943.50927734375,959.9088273704007,941.0897218153173,958.8782354256786,3460133,TECHM.NS,Tech Mahindra,IT
2022-11-04,944.2262573242188,948.841440890814,930.873631726973,943.6437393102311,2531080,TECHM.NS,Tech Mahindra,IT
2022-11-07,944.0916748046875,956.9962245591257,935.9814937366203,948.9756363893664,2588984,TECHM.NS,Tech Mahindra,IT
2022-11-09,937.8919677734375,956.3544089602739,934.5642587680459,954.5765887712395,2697639,TECHM.NS,Tech Mahindra,IT
2022-11-10,930.962890625,942.7241718949925,916.512063633889,925.4013873050459,3285774,TECHM.NS,Tech Mahindra,IT
2022-11-11,965.2437133789062,971.8993538471118,953.8471449707554,956.4000208120265,5299457,TECHM.NS,Tech Mahindra,IT
2022-11-14,971.3068237304688,979.6035042438751,962.2807182357102,968.2525652984807,2229790,TECHM.NS,Tech Mahindra,IT
2022-11-15,972.7655029296875,976.0021730564567,957.3117998218398,970.9876826764375,1577944,TECHM.NS,Tech Mahindra,IT
2022-11-16,972.6743774414062,980.1049629074898,965.5173541572387,971.8994329854736,2335937,TECHM.NS,Tech Mahindra,IT
2022-11-17,965.1071166992188,968.1157442101019,954.8502043549361,966.4290742168553,2089630,TECHM.NS,Tech Mahindra,IT
2022-11-18,967.2040405273438,970.9877238698931,953.6649381858293,966.4290960582974,1617331,TECHM.NS,Tech Mahindra,IT
2022-11-21,950.56494140625,964.514385448435,946.1887259793024,961.96150964509,1475958,TECHM.NS,Tech Mahindra,IT
2022-11-22,957.9044799804688,959.955862486416,944.5933090896914,950.5650447191191,1696991,TECHM.NS,Tech Mahindra,IT
2022-11-23,951.8870849609375,965.1982554518521,949.4253592509759,962.7365297418905,1704144,TECHM.NS,Tech Mahindra,IT
2022-11-24,974.9080810546875,976.4579698222749,953.6648332718016,956.673571814309,2208145,TECHM.NS,Tech Mahindra,IT
2022-11-25,984.8001708984375,987.3074156410738,966.4288826162002,975.546136225787,1943246,TECHM.NS,Tech Mahindra,IT
2022-11-28,982.1106567382812,994.6925130620454,976.8227156545926,980.1049051711262,1749691,TECHM.NS,Tech Mahindra,IT
2022-11-29,979.6946411132812,989.6323596276266,978.0991215524957,981.1077488046382,1233868,TECHM.NS,Tech Mahindra,IT
2022-11-30,981.9285278320312,986.4871560949468,969.34666930853,979.8771451137192,3909954,TECHM.NS,Tech Mahindra,IT
2022-12-01,1004.265625,1010.1462098795665,992.0941119945109,995.0572198304164,4264917,TECHM.NS,Tech Mahindra,IT
2022-12-02,1016.3460083007812,1017.7592273536059,1002.9436878740025,1004.2656453404894,3418928,TECHM.NS,Tech Mahindra,IT
2022-12-05,1002.6700439453125,1021.1324839452149,999.4790049329838,1021.1324839452149,2760688,TECHM.NS,Tech Mahindra,IT
2022-12-06,992.686767578125,999.3879277351579,984.7091694638915,992.8690681600324,1838107,TECHM.NS,Tech Mahindra,IT
2022-12-07,982.8855590820312,991.3190185780832,979.375327445293,990.1337311040419,1478573,TECHM.NS,Tech Mahindra,IT
2022-12-08,979.3298950195312,986.8516298333608,975.8197743653325,982.9311659580063,1110431,TECHM.NS,Tech Mahindra,IT
2022-12-09,943.9093627929688,980.7429803720962,939.2594741598696,979.1474609023952,3138360,TECHM.NS,Tech Mahindra,IT
2022-12-12,940.9918823242188,952.2061506831403,931.6011206436754,942.724183062658,1689393,TECHM.NS,Tech Mahindra,IT
2022-12-13,953.4368896484375,954.9867783960987,939.2139948827212,948.057687232761,1983827,TECHM.NS,Tech Mahindra,IT
2022-12-14,971.0787353515625,973.7683921526923,958.2234290194525,958.2234290194525,1983937,TECHM.NS,Tech Mahindra,IT
2022-12-15,932.4672241210938,966.4289978668877,930.1879104468794,966.4289978668877,5184673,TECHM.NS,Tech Mahindra,IT
2022-12-16,930.6893920898438,942.2683172287934,921.7544931962362,925.4013952464686,2994364,TECHM.NS,Tech Mahindra,IT
2022-12-19,936.0685424804688,937.3449804614122,920.6148395067204,929.9144508966116,1529622,TECHM.NS,Tech Mahindra,IT
2022-12-20,928.0909423828125,934.5185957411318,915.3723610966794,934.5185957411318,2149130,TECHM.NS,Tech Mahindra,IT
2022-12-21,935.47607421875,939.578839321478,930.1880213462723,934.0628550544043,2037666,TECHM.NS,Tech Mahindra,IT
2022-12-22,926.1763305664062,943.6358962191428,923.2132226797278,939.077268701176,1925482,TECHM.NS,Tech Mahindra,IT
2022-12-23,907.8506469726562,925.8572252078659,905.3434019019309,916.3296828096479,1504806,TECHM.NS,Tech Mahindra,IT
2022-12-26,912.63720703125,917.6516971797734,905.3434031788524,912.0445632093199,966423,TECHM.NS,Tech Mahindra,IT
2022-12-27,920.4324340820312,923.2131856269249,905.5257449554771,920.569215161004,1615647,TECHM.NS,Tech Mahindra,IT
2022-12-28,926.5410766601562,929.4130343596507,913.7313439991384,916.55767090395,1077963,TECHM.NS,Tech Mahindra,IT
2022-12-29,923.76025390625,926.0395675727937,918.1075448837606,920.842721283613,1977329,TECHM.NS,Tech Mahindra,IT
2022-12-30,926.6777954101562,936.9347070079045,925.4013574857358,932.4672299197402,1317151,TECHM.NS,Tech Mahindra,IT
2023-01-02,920.3869018554688,931.6466896390564,916.4664932940158,928.045418394319,1348611,TECHM.NS,Tech Mahindra,IT
2023-01-03,933.424560546875,934.336341698849,919.0648838483966,923.5779362259515,1439615,TECHM.NS,Tech Mahindra,IT
2023-01-04,930.2335815429688,938.4846867652514,922.7574207909306,933.4246210160193,1702044,TECHM.NS,Tech Mahindra,IT
2023-01-05,922.3471069335938,934.4729890780657,915.8282474726506,930.8717179388514,1376035,TECHM.NS,Tech Mahindra,IT
2023-01-06,899.0980834960938,922.3470826965681,898.0495769595029,920.3868507011352,2346808,TECHM.NS,Tech Mahindra,IT
2023-01-09,925.6293334960938,930.8717552322204,907.5316041963893,909.8564931412095,2190779,TECHM.NS,Tech Mahindra,IT
2023-01-10,914.1415405273438,924.535177221502,910.8592955339477,923.5778766328342,1411099,TECHM.NS,Tech Mahindra,IT
2023-01-11,917.5149536132812,927.1792775012401,914.6886267638394,919.429610591205,1294200,TECHM.NS,Tech Mahindra,IT
2023-01-12,913.138671875,924.0338028306345,909.263838464018,920.8427635510023,1948321,TECHM.NS,Tech Mahindra,IT
2023-01-13,914.597412109375,919.930983760262,899.2348048098318,915.7826440709827,2837817,TECHM.NS,Tech Mahindra,IT
2023-01-16,943.1343994140625,944.3196870824834,914.6886083181283,919.2016606747765,4286551,TECHM.NS,Tech Mahindra,IT
2023-01-17,953.7105102539062,957.3117814854569,939.8978465764069,942.7241733866309,2466876,TECHM.NS,Tech Mahindra,IT
2023-01-18,955.8074340820312,958.6793917513373,951.3855875344941,953.7105321464609,1138627,TECHM.NS,Tech Mahindra,IT
2023-01-19,960.3204345703125,960.958597849903,948.2855921848015,951.7501933172837,1768051,TECHM.NS,Tech Mahindra,IT
2023-01-20,954.1207885742188,964.1497696294662,949.8812425055759,959.591141877081,1160517,TECHM.NS,Tech Mahindra,IT
2023-01-23,971.26123046875,975.1815833855762,954.8045404928968,960.5028249312645,1344952,TECHM.NS,Tech Mahindra,IT
2023-01-24,976.09326171875,982.201889118206,971.261183525331,975.5462486980288,1578750,TECHM.NS,Tech Mahindra,IT
2023-01-25,958.3602905273438,973.4492809163843,956.4000584251276,970.9876665612592,1049973,TECHM.NS,Tech Mahindra,IT
2023-01-27,939.16845703125,964.2865401904386,931.3276396416979,958.2235430870529,1651820,TECHM.NS,Tech Mahindra,IT
2023-01-30,944.638671875,955.4425956883567,928.5011766899463,939.1683194333405,2654212,TECHM.NS,Tech Mahindra,IT
2023-01-31,925.4014282226562,938.0288047626321,908.1242180145543,934.5186836731258,5797831,TECHM.NS,Tech Mahindra,IT
2023-02-01,933.3789672851562,943.1800162700798,914.7341699471659,928.1821208799679,1939670,TECHM.NS,Tech Mahindra,IT
2023-02-02,926.9057006835938,952.0693008360432,921.8455799199845,936.6155989816864,3860090,TECHM.NS,Tech Mahindra,IT
2023-02-03,922.0279541015625,936.2509047821484,914.4606438511983,934.0171106101311,2980262,TECHM.NS,Tech Mahindra,IT
2023-02-06,916.6031494140625,926.67776005016,908.9902642442586,917.1957932093522,2003960,TECHM.NS,Tech Mahindra,IT
2023-02-07,913.9592895507812,919.429642855712,908.99037416934,916.2841785759146,1697633,TECHM.NS,Tech Mahindra,IT
2023-02-08,921.800048828125,931.0085096984064,915.6914768938409,918.563434456524,2611176,TECHM.NS,Tech Mahindra,IT
2023-02-09,926.3131103515625,927.8630548349588,914.0959663616244,921.8000579856439,1782899,TECHM.NS,Tech Mahindra,IT
2023-02-10,927.5438842773438,931.4187175233054,915.4635218046396,922.2558876829044,1116554,TECHM.NS,Tech Mahindra,IT
2023-02-13,914.0047607421875,927.9541489537294,912.1813098479387,925.4013288312422,1682312,TECHM.NS,Tech Mahindra,IT
2023-02-14,922.7117919921875,935.156811825096,916.9679324041291,917.2414389278825,2440189,TECHM.NS,Tech Mahindra,IT
2023-02-15,976.8226928710938,980.1048823110733,919.2927822047295,925.3102037077675,6712218,TECHM.NS,Tech Mahindra,IT
2023-02-16,1030.4779052734375,1040.3245867096305,979.2389687903027,980.1050636310067,14422445,TECHM.NS,Tech Mahindra,IT
2023-02-17,1029.5205078125,1038.4554632520994,1010.2831198215407,1010.2831198215407,5333732,TECHM.NS,Tech Mahindra,IT
2023-02-20,1043.1962890625,1054.7296390786264,1021.1325761317856,1029.7939685186177,4590531,TECHM.NS,Tech Mahindra,IT
2023-02-21,1034.306884765625,1050.2620800254078,1031.2071072936978,1044.8373581549256,3494288,TECHM.NS,Tech Mahindra,IT
2023-02-22,1026.3294677734375,1034.1247662044905,1019.3092251413888,1022.9561275569215,2674708,TECHM.NS,Tech Mahindra,IT
2023-02-23,1029.15576171875,1048.0284345521259,1024.825065708204,1027.5146113442765,2576193,TECHM.NS,Tech Mahindra,IT
2023-02-24,1020.220947265625,1040.2789104826436,1017.4857704633042,1036.6320080795492,1913493,TECHM.NS,Tech Mahindra,IT
2023-02-27,1015.61669921875,1019.5371638614438,1000.0262135393522,1011.1037019649821,2247105,TECHM.NS,Tech Mahindra,IT
2023-02-28,1003.1258544921875,1035.264174302094,999.9348156458138,1019.3089800702256,3894204,TECHM.NS,Tech Mahindra,IT
2023-03-01,1027.423583984375,1029.3381854539289,1000.1629667342428,1003.1260748854609,2084324,TECHM.NS,Tech Mahindra,IT
2023-03-02,1011.8330078125,1024.779465438088,1007.4566808799709,1021.1325634258528,1838692,TECHM.NS,Tech Mahindra,IT
2023-03-03,989.3589477539062,1020.7678466847092,986.8972221292015,1019.3091081448564,2388401,TECHM.NS,Tech Mahindra,IT
2023-03-06,993.8263549804688,999.2510768010983,989.2220970156859,995.6041750609484,2076844,TECHM.NS,Tech Mahindra,IT
2023-03-08,983.113525390625,992.3219295036001,975.1814477786662,984.6634140244892,2230530,TECHM.NS,Tech Mahindra,IT
2023-03-09,966.428955078125,987.7177215938017,964.012860431508,986.4869145231427,2550755,TECHM.NS,Tech Mahindra,IT
2023-03-10,967.5686645507812,969.1185533471748,949.1518543935496,952.7531255176126,1400844,TECHM.NS,Tech Mahindra,IT
2023-03-13,1033.71435546875,1061.8865827219868,1025.691127023963,1025.691127023963,13080169,TECHM.NS,Tech Mahindra,IT
2023-03-14,1016.847412109375,1037.7714661176915,1001.4392301514515,1028.4262805014328,4325522,TECHM.NS,Tech Mahindra,IT
2023-03-15,1016.0269165039062,1032.2555635799367,1012.5167955980385,1025.6000342260638,2583351,TECHM.NS,Tech Mahindra,IT
2023-03-16,1019.0810546875,1023.5029005701444,1003.8552851921172,1008.3682813548423,2396839,TECHM.NS,Tech Mahindra,IT
2023-03-17,1027.6514892578125,1032.5291987545936,1015.8445764555439,1024.1868876050687,2507004,TECHM.NS,Tech Mahindra,IT
2023-03-20,1011.1036376953125,1036.4496525719803,999.2512055131313,1036.4496525719803,4007438,TECHM.NS,Tech Mahindra,IT
2023-03-21,998.931884765625,1011.878339994599,990.5439449134674,1007.4108635976951,3354949,TECHM.NS,Tech Mahindra,IT
2023-03-22,1002.5332641601562,1008.6418913398023,997.0173920656633,1000.1628002925869,1750203,TECHM.NS,Tech Mahindra,IT
2023-03-23,1002.396484375,1013.8386830950402,991.1366975186127,991.1366975186127,1720354,TECHM.NS,Tech Mahindra,IT
2023-03-24,1004.6759033203125,1019.3091425954568,999.8438247878219,1007.4567107048119,1943460,TECHM.NS,Tech Mahindra,IT
2023-03-27,1005.63330078125,1015.3432003323965,993.8720187035779,993.8720187035779,1455300,TECHM.NS,Tech Mahindra,IT
2023-03-28,975.8197631835938,1007.0918783653788,972.0815999196267,1001.9862382637207,2431154,TECHM.NS,Tech Mahindra,IT
2023-03-29,985.6663208007812,991.4102354150774,971.0787142066131,980.7429813163283,1642278,TECHM.NS,Tech Mahindra,IT
2023-03-31,1004.584716796875,1008.3683998690501,995.1027493673929,998.3394194001897,2281085,TECHM.NS,Tech Mahindra,IT
2023-04-03,1005.8156127929688,1007.4567633506665,989.3134020956523,1007.0920508606641,1508662,TECHM.NS,Tech Mahindra,IT
2023-04-05,1006.0889892578125,1016.5738314657553,1001.6215124928984,1004.721401143733,1947605,TECHM.NS,Tech Mahindra,IT
2023-04-06,996.2880249023438,1007.4110313145445,987.398701413167,1006.5449366206245,1355815,TECHM.NS,Tech Mahindra,IT
2023-04-10,1009.508056640625,1013.6108213774801,994.5557362296075,999.5702264635415,940829,TECHM.NS,Tech Mahindra,IT
2023-04-11,1001.3026123046875,1018.3974668284416,995.9690399522015,1010.1919366570397,1384483,TECHM.NS,Tech Mahindra,IT
2023-04-12,1011.9241333007812,1015.2063227724203,994.5101988781116,1005.633205224948,1376719,TECHM.NS,Tech Mahindra,IT
2023-04-13,990.9088134765625,1003.1259571403301,981.016614299473,1003.1259571403301,2725180,TECHM.NS,Tech Mahindra,IT
2023-04-17,939.0316162109375,946.3710508631264,913.5489334921509,943.6358744155451,4349422,TECHM.NS,Tech Mahindra,IT
2023-04-18,934.700927734375,946.1431271505487,921.7544702955479,943.4535814731705,2735592,TECHM.NS,Tech Mahindra,IT
2023-04-19,924.3985595703125,938.1655931486519,920.8428076580548,934.7009915326832,1953837,TECHM.NS,Tech Mahindra,IT
2023-04-20,931.60107421875,933.4245251589501,920.8882999450747,925.4925024396185,1250758,TECHM.NS,Tech Mahindra,IT
2023-04-21,910.5857543945312,929.5952069582644,906.1182776209336,924.763073408585,4269272,TECHM.NS,Tech Mahindra,IT
2023-04-24,917.2870483398438,918.5179112136775,903.5200148726561,913.5489958651881,1625433,TECHM.NS,Tech Mahindra,IT
2023-04-25,908.9902954101562,917.2869749448469,906.6198314423323,917.195824656587,1984203,TECHM.NS,Tech Mahindra,IT
2023-04-26,908.35205078125,914.0047596762901,905.069861434352,908.9902697229538,1589700,TECHM.NS,Tech Mahindra,IT
2023-04-27,914.597412109375,919.6119021100504,905.34337648557,910.8137292135796,3543950,TECHM.NS,Tech Mahindra,IT
2023-04-28,933.3334350585938,936.0685559979667,894.4483189923263,895.2688942272553,5146250,TECHM.NS,Tech Mahindra,IT
2023-05-02,960.45703125,971.7169284262961,930.324575026971,930.324575026971,4762884,TECHM.NS,Tech Mahindra,IT
2023-05-03,947.8297729492188,957.9955341621339,946.5989658280614,948.1033351070815,2217136,TECHM.NS,Tech Mahindra,IT
2023-05-04,953.1632690429688,954.6221187096693,938.0286497550824,941.8123324007049,1744298,TECHM.NS,Tech Mahindra,IT
2023-05-05,944.9122924804688,957.9498998296838,940.4904462421174,953.6648346697582,1222282,TECHM.NS,Tech Mahindra,IT
2023-05-08,951.2487182617188,954.5765383860744,943.9093952256785,949.0605549405938,1487285,TECHM.NS,Tech Mahindra,IT
2023-05-09,955.3060302734375,958.6337393366249,948.0577457196515,955.8530433184397,1747630,TECHM.NS,Tech Mahindra,IT
2023-05-10,953.8015747070312,958.2234207551148,946.5077713140332,955.4882444827406,1186977,TECHM.NS,Tech Mahindra,IT
2023-05-11,951.8870849609375,965.3350365403978,950.8840978413492,961.8704350054684,1451786,TECHM.NS,Tech Mahindra,IT
2023-05-12,953.9840087890625,960.5028687428245,942.7698512796126,951.8871067968677,1140016,TECHM.NS,Tech Mahindra,IT
2023-05-15,970.4862060546875,975.4551770220005,950.0180122096695,953.664914367864,2122222,TECHM.NS,Tech Mahindra,IT
2023-05-16,963.8761596679688,977.1874410808031,960.0469570636245,975.4551403618408,1343911,TECHM.NS,Tech Mahindra,IT
2023-05-17,961.095458984375,972.264096369839,947.2827953875105,964.6055799037404,2803566,TECHM.NS,Tech Mahindra,IT
2023-05-18,956.1264038085938,966.383314787589,952.7986950599831,965.5172201560945,909923,TECHM.NS,Tech Mahindra,IT
2023-05-19,977.5064697265625,983.5238354761152,956.4000031651864,963.283574874544,2624323,TECHM.NS,Tech Mahindra,IT
2023-05-22,1006.9551391601562,1012.4254919167935,975.6373918873303,977.3696925191878,2996190,TECHM.NS,Tech Mahindra,IT
2023-05-23,994.2366333007812,1020.4031099894762,990.4985811016269,1006.5449272481087,1414119,TECHM.NS,Tech Mahindra,IT
2023-05-24,1001.75830078125,1005.9522154357246,989.2220763118601,989.450007665849,1782245,TECHM.NS,Tech Mahindra,IT
2023-05-25,1001.1657104492188,1002.8980110909347,986.0767207863908,1000.1628346970504,1200289,TECHM.NS,Tech Mahindra,IT
2023-05-26,1016.3460083007812,1021.4972796710745,1001.9863315743967,1001.9863315743967,2104054,TECHM.NS,Tech Mahindra,IT
2023-05-29,1015.7078857421875,1028.4720433447553,1012.1065030704041,1028.4720433447553,1432241,TECHM.NS,Tech Mahindra,IT
2023-05-30,1001.4392700195312,1021.8619426333678,998.3393811888808,1016.5738904343398,2822485,TECHM.NS,Tech Mahindra,IT
2023-05-31,1017.0753784179688,1027.9248223242466,999.2511012097494,1001.4392645662114,7599886,TECHM.NS,Tech Mahindra,IT
2023-06-01,1021.8619384765625,1036.3582842320434,1018.9443502323902,1022.9559645089948,1412280,TECHM.NS,Tech Mahindra,IT
2023-06-02,1023.9588623046875,1038.6376202447443,1018.9443721746013,1028.426339406778,1907589,TECHM.NS,Tech Mahindra,IT
2023-06-05,1011.4226684570312,1034.3982179994232,1009.735998528796,1024.8706196789724,1754521,TECHM.NS,Tech Mahindra,IT
2023-06-06,990.36181640625,1004.7214929157077,976.9594961819358,1002.8980419303798,3284841,TECHM.NS,Tech Mahindra,IT
2023-06-07,998.9775390625,1001.986277589485,988.4926963033744,998.3393757602239,2086377,TECHM.NS,Tech Mahindra,IT
2023-06-08,976.7315673828125,1004.2656328159807,974.6345542263126,1003.8097700684473,4054486,TECHM.NS,Tech Mahindra,IT
2023-06-09,969.2098388671875,983.7518160979622,966.5201818610485,983.7518160979622,2782697,TECHM.NS,Tech Mahindra,IT
2023-06-12,979.8768920898438,983.7517251127624,968.3891740925827,971.8992946897171,1767945,TECHM.NS,Tech Mahindra,IT
2023-06-13,984.1165161132812,991.8661827778745,980.4696141534725,984.2532971956971,1846534,TECHM.NS,Tech Mahindra,IT
2023-06-14,982.4754028320312,989.1765631774305,976.5036674239982,984.6635663495097,1321534,TECHM.NS,Tech Mahindra,IT
2023-06-15,986.03125,987.8547012251503,974.9537615482861,983.7063051700814,1389325,TECHM.NS,Tech Mahindra,IT
2023-06-16,982.1106567382812,990.9999802968101,976.8682351524822,987.854571863177,4392418,TECHM.NS,Tech Mahindra,IT
2023-06-19,997.06298828125,999.0688511655444,979.2388214661582,983.7518181902407,2188899,TECHM.NS,Tech Mahindra,IT
2023-06-20,1009.5992431640625,1012.881432812415,992.1396770094865,997.0630171293254,3318866,TECHM.NS,Tech Mahindra,IT
2023-06-21,1021.0413208007812,1021.8162651493789,1006.6360146372903,1009.5991222542749,1985965,TECHM.NS,Tech Mahindra,IT
2023-06-22,1020.2665405273438,1026.8309200935548,1012.3800921118734,1018.3063082988729,2360795,TECHM.NS,Tech Mahindra,IT
2023-06-23,1017.0298461914062,1019.3091600555734,997.4733777547006,1015.6622578729059,3492348,TECHM.NS,Tech Mahindra,IT
2023-06-26,1013.7474975585938,1026.602803478219,1010.4653083676732,1014.020948402651,1432154,TECHM.NS,Tech Mahindra,IT
2023-06-27,1020.8591918945312,1022.0444797876977,1009.0067581414179,1011.1037717079007,1227245,TECHM.NS,Tech Mahindra,IT
2023-06-28,1010.2828979492188,1027.4688995563058,1007.1830093165881,1021.1324525161236,1876800,TECHM.NS,Tech Mahindra,IT
2023-06-30,1031.0247802734375,1032.5291496377938,1012.5623385249472,1016.2548713924929,2478834,TECHM.NS,Tech Mahindra,IT
2023-07-03,1022.4544677734375,1036.5406928407212,1016.6650333886845,1035.720117671672,1899656,TECHM.NS,Tech Mahindra,IT
2023-07-04,1046.660888671875,1053.954692774118,1021.2237246063788,1024.369244402242,2773593,TECHM.NS,Tech Mahindra,IT
2023-07-05,1071.2774658203125,1080.3490900555823,1045.2932889897772,1049.2137531697751,3732838,TECHM.NS,Tech Mahindra,IT
2023-07-06,1075.15234375,1079.4830400678397,1059.4250781746873,1071.277510202459,2520085,TECHM.NS,Tech Mahindra,IT
2023-07-07,1053.95458984375,1079.7564638534427,1049.6238940809837,1066.7187457761138,2261102,TECHM.NS,Tech Mahindra,IT
2023-07-10,1045.8858642578125,1057.5558831521323,1035.3553908727,1057.5558831521323,2088505,TECHM.NS,Tech Mahindra,IT
2023-07-11,1058.9234619140625,1063.2541577301126,1044.0167733114217,1052.7237957331138,1212566,TECHM.NS,Tech Mahindra,IT
2023-07-12,1057.0545654296875,1065.8071079581018,1051.6297319357657,1063.071931462059,1274203,TECHM.NS,Tech Mahindra,IT
2023-07-13,1071.50537109375,1086.6856226049263,1051.6753418903556,1057.054544484912,3215610,TECHM.NS,Tech Mahindra,IT
2023-07-14,1120.191650390625,1123.245908809062,1078.5713556177925,1079.4374503965075,6033106,TECHM.NS,Tech Mahindra,IT
2023-07-17,1132.727783203125,1158.5751788633647,1112.8977535826032,1126.8015674544633,4880073,TECHM.NS,Tech Mahindra,IT
2023-07-18,1137.4232177734375,1147.3154174132937,1116.8637627654984,1133.2748221367465,2666872,TECHM.NS,Tech Mahindra,IT
2023-07-19,1134.8245849609375,1150.3239170900765,1122.4251415165477,1144.2154012981996,2293881,TECHM.NS,Tech Mahindra,IT
2023-07-20,1142.3463134765625,1144.6712578011695,1126.52789979534,1135.0981409497858,2000345,TECHM.NS,Tech Mahindra,IT
2023-07-21,1118.16064453125,1139.539561735368,1104.9684111523504,1122.277399811384,5032086,TECHM.NS,Tech Mahindra,IT
2023-07-24,1087.05126953125,1126.4408920036765,1080.8761935831265,1119.4705610233377,2669308,TECHM.NS,Tech Mahindra,IT
2023-07-25,1082.0457763671875,1089.7178235197553,1071.2861339735666,1089.0629344499837,2557865,TECHM.NS,Tech Mahindra,IT
2023-07-26,1069.60205078125,1091.869879789781,1066.0934714760128,1083.449289457212,3170213,TECHM.NS,Tech Mahindra,IT
2023-07-27,1029.089599609375,1052.573664754021,1012.6226922297559,1039.4749702593042,17594818,TECHM.NS,Tech Mahindra,IT
2023-07-28,1020.809326171875,1029.1830883424059,1015.1956002354618,1029.1830883424059,4244321,TECHM.NS,Tech Mahindra,IT
2023-07-31,1043.6851806640625,1046.959854023385,1017.1603492958591,1024.504950988031,4766331,TECHM.NS,Tech Mahindra,IT
2023-08-01,1069.8826904296875,1080.1745221697195,1047.8020560842938,1047.89559534871,3805214,TECHM.NS,Tech Mahindra,IT
2023-08-02,1071.894287109375,1078.396807772814,1053.13503922639,1069.4148684652855,2357217,TECHM.NS,Tech Mahindra,IT
2023-08-03,1069.227783203125,1073.110519197114,1049.111930598428,1066.6079985746358,2348236,TECHM.NS,Tech Mahindra,IT
2023-08-04,1099.5418701171875,1105.7637732693038,1069.2278378717497,1079.6599217587902,3580506,TECHM.NS,Tech Mahindra,IT
2023-08-07,1107.44775390625,1116.0554209118616,1096.6412863116193,1104.0327146161883,1694290,TECHM.NS,Tech Mahindra,IT
2023-08-08,1127.797607421875,1131.072281012408,1099.4482446534976,1109.6465366777534,5137402,TECHM.NS,Tech Mahindra,IT
2023-08-09,1148.9425048828125,1156.8952828074898,1122.9321972798398,1129.247638572966,3396984,TECHM.NS,Tech Mahindra,IT
2023-08-10,1156.2406005859375,1159.4216209553724,1137.340985846826,1141.4577415274337,3715680,TECHM.NS,Tech Mahindra,IT
2023-08-11,1141.878662109375,1169.8537542810648,1137.0603050824207,1156.2405365624295,2933959,TECHM.NS,Tech Mahindra,IT
2023-08-14,1141.223876953125,1142.5804819113214,1125.5522229756996,1134.0663524435104,1842625,TECHM.NS,Tech Mahindra,IT
2023-08-16,1148.80224609375,1159.2344433047836,1141.457643932071,1142.3932649516873,2341456,TECHM.NS,Tech Mahindra,IT
2023-08-17,1152.4512939453125,1154.462902159642,1136.3586566537977,1146.1358514982812,2636308,TECHM.NS,Tech Mahindra,IT
2023-08-18,1132.8499755859375,1147.02454265575,1127.563693985829,1147.02454265575,1794430,TECHM.NS,Tech Mahindra,IT
2023-08-21,1140.3817138671875,1145.2001852011538,1126.8152084052458,1127.4233849406785,1175945,TECHM.NS,Tech Mahindra,IT
2023-08-22,1135.0953369140625,1144.2644682807343,1131.3996796962208,1140.381618338372,1003208,TECHM.NS,Tech Mahindra,IT
2023-08-23,1123.6807861328125,1140.381597622286,1121.996622700452,1135.0953162940068,1569035,TECHM.NS,Tech Mahindra,IT
2023-08-24,1121.9031982421875,1138.1830276451444,1119.6576848397872,1128.5460849734732,1218843,TECHM.NS,Tech Mahindra,IT
2023-08-25,1112.921142578125,1120.1253783545008,1102.5824851864975,1113.388953062605,1213340,TECHM.NS,Tech Mahindra,IT
2023-08-28,1108.47705078125,1119.283519708348,1106.1848248689832,1112.9680775536542,950013,TECHM.NS,Tech Mahindra,IT
2023-08-29,1120.8740234375,1130.1366947205715,1111.7517181549326,1115.6345683739262,1419344,TECHM.NS,Tech Mahindra,IT
2023-08-30,1120.1253662109375,1142.9545404483777,1117.646062039307,1130.1832915182188,2016339,TECHM.NS,Tech Mahindra,IT
2023-08-31,1124.5694580078125,1136.3115456004414,1120.873801259225,1121.8094221283895,2817747,TECHM.NS,Tech Mahindra,IT
2023-09-01,1148.9893798828125,1150.720255838001,1126.5344765639275,1127.423270802349,1686038,TECHM.NS,Tech Mahindra,IT
2023-09-04,1175.8416748046875,1184.4961689299657,1146.6503457099893,1155.4919183479524,3466873,TECHM.NS,Tech Mahindra,IT
2023-09-05,1173.783447265625,1185.0576125189725,1168.2632601657492,1177.7130100355405,2199985,TECHM.NS,Tech Mahindra,IT
2023-09-06,1168.543701171875,1178.5080868021419,1156.2870899745333,1173.7832696878259,1753376,TECHM.NS,Tech Mahindra,IT
2023-09-07,1187.537109375,1192.7765648171073,1158.9071258774466,1168.5439549093526,2554884,TECHM.NS,Tech Mahindra,IT
2023-09-08,1181.642578125,1195.7237208351062,1177.9937473414614,1190.109994446209,1731105,TECHM.NS,Tech Mahindra,IT
2023-09-11,1187.1627197265625,1192.9168118968457,1182.1571700640507,1183.5606016074587,1293853,TECHM.NS,Tech Mahindra,IT
2023-09-12,1184.49609375,1201.1501919375776,1170.9764170375481,1189.9227408119852,2335224,TECHM.NS,Tech Mahindra,IT
2023-09-13,1179.2567138671875,1187.0691262597702,1173.1751774567927,1179.1631746108753,1204376,TECHM.NS,Tech Mahindra,IT
2023-09-14,1197.45458984375,1206.3429899066618,1180.7537767783795,1180.7537767783795,3288631,TECHM.NS,Tech Mahindra,IT
2023-09-15,1216.3541259765625,1219.769051255196,1191.981153257133,1195.9107157700648,4316210,TECHM.NS,Tech Mahindra,IT
2023-09-18,1206.76416015625,1218.178692077885,1200.4018908878083,1217.2430709626178,1967717,TECHM.NS,Tech Mahindra,IT
2023-09-20,1192.3087158203125,1206.1559536673774,1187.349992559347,1199.466240016859,2843560,TECHM.NS,Tech Mahindra,IT
2023-09-21,1208.494873046875,1212.5648015059166,1184.4026325848554,1193.8055549955313,2960250,TECHM.NS,Tech Mahindra,IT
2023-09-22,1221.3128662109375,1235.0197368907086,1201.337380430053,1206.9979332420885,3252940,TECHM.NS,Tech Mahindra,IT
2023-09-25,1215.7926025390625,1229.780204323092,1212.611582665878,1221.3127890079204,2100302,TECHM.NS,Tech Mahindra,IT
2023-09-26,1199.7469482421875,1219.1610855174504,1196.7997190183303,1216.3073955586324,1141475,TECHM.NS,Tech Mahindra,IT
2023-09-27,1205.68798828125,1210.599998383725,1182.6249084816059,1188.1918075797932,1568115,TECHM.NS,Tech Mahindra,IT
2023-09-28,1150.345947265625,1192.0279058828835,1143.3287902062575,1192.0279058828835,6570797,TECHM.NS,Tech Mahindra,IT
2023-09-29,1144.0775146484375,1152.3577384534349,1132.1015190106434,1145.2002142719236,2861162,TECHM.NS,Tech Mahindra,IT
2023-10-03,1137.90234375,1151.4688497907844,1134.487418081396,1142.0190994598606,1622290,TECHM.NS,Tech Mahindra,IT
2023-10-04,1127.42333984375,1137.2473606473677,1109.693367030413,1132.1014449883298,2340603,TECHM.NS,Tech Mahindra,IT
2023-10-05,1127.984619140625,1145.1532411062017,1122.2773540631463,1135.8438581347725,2497613,TECHM.NS,Tech Mahindra,IT
2023-10-06,1138.5572509765625,1144.2645164008468,1127.4233379092564,1129.2945799638776,1446719,TECHM.NS,Tech Mahindra,IT
2023-10-09,1134.5809326171875,1148.7087881714458,1124.756911215599,1125.7860715677396,1451064,TECHM.NS,Tech Mahindra,IT
2023-10-10,1148.708740234375,1152.170492422991,1134.9083297937664,1136.966650412151,1503359,TECHM.NS,Tech Mahindra,IT
2023-10-11,1152.310791015625,1159.1408699425,1143.3288523338713,1150.9073595274901,1622663,TECHM.NS,Tech Mahindra,IT
2023-10-12,1121.57568359375,1152.6850821167884,1112.734110750769,1152.6850821167884,2452842,TECHM.NS,Tech Mahindra,IT
2023-10-13,1117.2249755859375,1125.5051983144267,1104.0327427730765,1110.5820895522388,3266079,TECHM.NS,Tech Mahindra,IT
2023-10-16,1108.3365478515625,1121.1077965844424,1104.781256789903,1118.3477604831844,2638043,TECHM.NS,Tech Mahindra,IT
2023-10-17,1120.499755859375,1125.5521324132667,1111.9388003391077,1113.3890586631649,1163897,TECHM.NS,Tech Mahindra,IT
2023-10-18,1110.6756591796875,1124.6164348331567,1102.2083577105757,1122.7451928450814,2337078,TECHM.NS,Tech Mahindra,IT
2023-10-19,1096.688232421875,1109.1319238125373,1092.6183037121907,1095.1912615898887,3107691,TECHM.NS,Tech Mahindra,IT
2023-10-20,1095.33154296875,1100.2903803334468,1074.4672615965037,1094.6766539031742,2962470,TECHM.NS,Tech Mahindra,IT
2023-10-23,1081.5311279296875,1095.5654439504624,1077.4144865995052,1089.1564624766197,1203959,TECHM.NS,Tech Mahindra,IT
2023-10-25,1068.6195068359375,1090.8405047301271,1063.3332255472217,1087.1915601283515,1555285,TECHM.NS,Tech Mahindra,IT
2023-10-26,1043.638427734375,1047.895549087162,1027.4522525120128,1029.2299553036673,7099401,TECHM.NS,Tech Mahindra,IT
2023-10-27,1048.4102783203125,1053.462540934583,1042.328741117928,1047.8488142862282,1382498,TECHM.NS,Tech Mahindra,IT
2023-10-30,1054.3514404296875,1065.5788936296597,1043.685337047402,1048.4102692870144,2255915,TECHM.NS,Tech Mahindra,IT
2023-10-31,1060.198974609375,1063.941458664503,1043.732067609122,1054.3513432732375,1194765,TECHM.NS,Tech Mahindra,IT
2023-11-01,1052.667236328125,1064.7367708967704,1047.8487650059208,1058.1405967105468,1288497,TECHM.NS,Tech Mahindra,IT
2023-11-02,1054.9368896484375,1068.649650652384,1053.3292328113134,1063.921112375161,2493118,TECHM.NS,Tech Mahindra,IT
2023-11-03,1071.581298828125,1074.3238740599772,1055.4097213476537,1062.975382432583,1108121,TECHM.NS,Tech Mahindra,IT
2023-11-06,1080.1400146484375,1082.6461630074436,1072.763448807368,1075.7424509909856,572330,TECHM.NS,Tech Mahindra,IT
2023-11-07,1086.6180419921875,1087.8475080601697,1074.8440284453807,1079.9980887337495,902481,TECHM.NS,Tech Mahindra,IT
2023-11-08,1077.3028564453125,1090.2590046385355,1075.3168935355022,1089.2187493469992,806162,TECHM.NS,Tech Mahindra,IT
2023-11-09,1062.9281005859375,1079.052462704447,1056.544573746976,1078.106755024601,6042108,TECHM.NS,Tech Mahindra,IT
2023-11-10,1076.357177734375,1077.8702868756855,1060.611122378663,1061.0839762004991,706806,TECHM.NS,Tech Mahindra,IT
2023-11-13,1069.92626953125,1080.1399577822676,1066.75817216171,1078.6740648260159,435537,TECHM.NS,Tech Mahindra,IT
2023-11-15,1110.0244140625,1114.847500249093,1081.4167561068957,1082.8353176584133,2816201,TECHM.NS,Tech Mahindra,IT
2023-11-16,1141.6583251953125,1148.9875601009921,1104.0192268163637,1111.206582474011,2294942,TECHM.NS,Tech Mahindra,IT
2023-11-17,1137.4498291015625,1148.0417081673659,1132.9577179494258,1146.3867198481576,1176628,TECHM.NS,Tech Mahindra,IT
2023-11-20,1146.0086669921875,1156.1276934695509,1137.4499659063413,1139.4832606030557,1077366,TECHM.NS,Tech Mahindra,IT
2023-11-21,1139.10498046875,1154.8510375339097,1135.2276017973165,1153.7161189725955,1129326,TECHM.NS,Tech Mahindra,IT
2023-11-22,1149.4130859375,1151.8719027069296,1138.631995779264,1139.5777034169541,750622,TECHM.NS,Tech Mahindra,IT
2023-11-23,1145.157470703125,1154.61454765097,1141.4218560430259,1149.0348491631746,651637,TECHM.NS,Tech Mahindra,IT
2023-11-24,1132.81591796875,1148.9874961592088,1130.2152218566262,1146.2450362497798,884921,TECHM.NS,Tech Mahindra,IT
2023-11-28,1137.118896484375,1143.360543858561,1121.6092680035179,1130.2151844923824,910795,TECHM.NS,Tech Mahindra,IT
2023-11-29,1155.3712158203125,1167.5708699801498,1141.1383821695447,1141.4693568232183,1898448,TECHM.NS,Tech Mahindra,IT
2023-11-30,1154.6617431640625,1161.6127869509482,1143.0768241096953,1155.654782402998,2978406,TECHM.NS,Tech Mahindra,IT
2023-12-01,1154.2835693359375,1160.1942424093409,1145.7722001102366,1160.1942424093409,1017856,TECHM.NS,Tech Mahindra,IT
2023-12-04,1157.45166015625,1181.3779953499118,1151.8719617194529,1170.7861154422683,1581599,TECHM.NS,Tech Mahindra,IT
2023-12-05,1154.3306884765625,1159.673959574584,1143.2186240321168,1157.5461174469242,1499843,TECHM.NS,Tech Mahindra,IT
2023-12-06,1158.680908203125,1179.2973801111466,1152.4865926735274,1156.600397655118,2637916,TECHM.NS,Tech Mahindra,IT
2023-12-07,1156.8369140625,1164.1661485476702,1153.8579117960903,1159.4376101701412,1076885,TECHM.NS,Tech Mahindra,IT
2023-12-08,1158.775634765625,1170.7387442359309,1151.1626419728586,1163.2204145628393,2642571,TECHM.NS,Tech Mahindra,IT
2023-12-11,1166.34130859375,1173.1503575997847,1158.7756472791202,1164.1661347886618,1558876,TECHM.NS,Tech Mahindra,IT
2023-12-12,1159.5794677734375,1177.4060340355302,1152.4866603394885,1170.7387488704865,1114846,TECHM.NS,Tech Mahindra,IT
2023-12-13,1150.074951171875,1166.9558081840833,1132.0592912543893,1159.4374791902787,3025706,TECHM.NS,Tech Mahindra,IT
2023-12-14,1196.0364990234375,1200.8597007163028,1163.362366789432,1167.9490261110986,5287733,TECHM.NS,Tech Mahindra,IT
2023-12-15,1235.1888427734375,1252.873646585974,1193.956008843719,1201.048816817048,5900381,TECHM.NS,Tech Mahindra,IT
2023-12-18,1221.6177978515625,1260.675568086187,1216.6055013716555,1234.148423608507,2671348,TECHM.NS,Tech Mahindra,IT
2023-12-19,1211.877197265625,1230.318499108954,1200.2922768768672,1229.4201228885966,1717860,TECHM.NS,Tech Mahindra,IT
2023-12-20,1180.810546875,1242.6598501778994,1170.9751642416475,1220.9085742615437,2860865,TECHM.NS,Tech Mahindra,IT
2023-12-21,1182.2291259765625,1190.2204249915608,1159.4375943955265,1165.111840371361,3337533,TECHM.NS,Tech Mahindra,IT
2023-12-22,1205.919189453125,1211.3570086952504,1175.0418101462287,1191.5916947961757,2297352,TECHM.NS,Tech Mahindra,IT
2023-12-26,1212.3973388671875,1218.7808661974163,1192.111953750485,1205.777384598802,1720830,TECHM.NS,Tech Mahindra,IT
2023-12-27,1210.647705078125,1221.3814641171075,1198.448052963534,1217.976939570504,1584695,TECHM.NS,Tech Mahindra,IT
2023-12-28,1216.1328125,1219.0172672614235,1201.5690057729473,1215.2344363312095,2284964,TECHM.NS,Tech Mahindra,IT
2023-12-29,1203.554931640625,1221.807021047815,1199.2519154136644,1216.1327748282633,1187193,TECHM.NS,Tech Mahindra,IT
2024-01-01,1226.7247314453125,1233.0137105609938,1196.5566335800588,1203.8858680477492,1776828,TECHM.NS,Tech Mahindra,IT
2024-01-02,1208.708984375,1228.5688460108147,1203.7440189660463,1227.5285906327438,1615064,TECHM.NS,Tech Mahindra,IT
2024-01-03,1176.6494140625,1204.8315482601595,1172.67748810251,1196.3201793948992,2231707,TECHM.NS,Tech Mahindra,IT
2024-01-04,1179.7703857421875,1186.5794351781537,1164.8281575251915,1182.2292027361289,3355191,TECHM.NS,Tech Mahindra,IT
2024-01-05,1180.5269775390625,1202.7983247866782,1177.92628134324,1186.7686253204697,1756868,TECHM.NS,Tech Mahindra,IT
2024-01-08,1162.2274169921875,1186.1538676757561,1155.0873932134768,1182.3237053622172,1320667,TECHM.NS,Tech Mahindra,IT
2024-01-09,1168.563720703125,1183.269405896946,1165.679266095025,1173.1977114348845,994439,TECHM.NS,Tech Mahindra,IT
2024-01-10,1173.5286865234375,1178.7772948965999,1161.6127928102637,1169.3675496310887,808638,TECHM.NS,Tech Mahindra,IT
2024-01-11,1181.567138671875,1193.293936398853,1173.5286237987693,1173.5286237987693,930492,TECHM.NS,Tech Mahindra,IT
2024-01-12,1237.032958984375,1240.5320311722799,1198.2116131086555,1202.7510560836736,5023455,TECHM.NS,Tech Mahindra,IT
2024-01-15,1265.0257568359375,1325.4091622225128,1261.432021885035,1262.5196086814517,6012767,TECHM.NS,Tech Mahindra,IT
2024-01-16,1248.71240234375,1259.871683331924,1239.3498735337164,1257.88572035836,1883106,TECHM.NS,Tech Mahindra,IT
2024-01-17,1254.7176513671875,1262.0468858108247,1234.3849364590326,1235.0942172116427,2313059,TECHM.NS,Tech Mahindra,IT
2024-01-18,1281.5758056640625,1295.1466879955292,1235.0942493772627,1254.6703524819893,4533782,TECHM.NS,Tech Mahindra,IT
2024-01-19,1314.4390869140625,1321.9574165606687,1281.4338668131147,1299.3077645015092,4463826,TECHM.NS,Tech Mahindra,IT
2024-01-23,1292.451416015625,1339.4058251275537,1283.0888869526118,1320.6807670015276,2683661,TECHM.NS,Tech Mahindra,IT
2024-01-24,1331.509033203125,1333.9206338760973,1291.411121391243,1298.4092656131475,2008135,TECHM.NS,Tech Mahindra,IT
2024-01-25,1250.272705078125,1282.710404580867,1240.8156296354339,1274.8137696747826,8424862,TECHM.NS,Tech Mahindra,IT
2024-01-29,1242.990966796875,1265.3569783290015,1239.8228689008376,1265.3569783290015,2495791,TECHM.NS,Tech Mahindra,IT
2024-01-30,1246.30078125,1268.1466044870565,1243.6055375841054,1252.0695747236118,2293154,TECHM.NS,Tech Mahindra,IT
2024-01-31,1261.2431640625,1263.4655541867603,1241.0523266855835,1246.53736237069,1798462,TECHM.NS,Tech Mahindra,IT
2024-02-01,1241.2413330078125,1263.7964381419024,1238.6406368815105,1257.7912174479168,2286420,TECHM.NS,Tech Mahindra,IT
2024-02-02,1265.451416015625,1280.4881911270272,1251.2185847817213,1251.6441070580654,1838847,TECHM.NS,Tech Mahindra,IT
2024-02-05,1260.3919677734375,1279.637096847083,1255.8998560893829,1272.7334997351857,953919,TECHM.NS,Tech Mahindra,IT
2024-02-06,1277.698486328125,1288.432246071957,1255.9944244629876,1257.7912922547766,2713529,TECHM.NS,Tech Mahindra,IT
2024-02-07,1246.4427490234375,1284.9330062493793,1242.7072497843021,1278.1239569842,2004588,TECHM.NS,Tech Mahindra,IT
2024-02-08,1238.167724609375,1257.4601835062515,1231.3113442363233,1254.0083275402187,2308756,TECHM.NS,Tech Mahindra,IT
2024-02-09,1239.8701171875,1249.705384841248,1235.0469155985336,1245.4970317841828,1085349,TECHM.NS,Tech Mahindra,IT
2024-02-12,1247.19921875,1258.736805197522,1239.917201024487,1246.820912624562,1149683,TECHM.NS,Tech Mahindra,IT
2024-02-13,1256.3251953125,1262.330530832445,1229.4198606921725,1250.178096009039,1127361,TECHM.NS,Tech Mahindra,IT
2024-02-14,1222.7054443359375,1248.2867670145063,1213.011940918979,1238.8770220698098,3426103,TECHM.NS,Tech Mahindra,IT
2024-02-15,1229.7508544921875,1236.9855407202858,1221.4286968784172,1233.864659463358,1703763,TECHM.NS,Tech Mahindra,IT
2024-02-16,1231.83154296875,1238.1204064731219,1227.5285269936057,1234.2430282052362,1994659,TECHM.NS,Tech Mahindra,IT
2024-02-19,1238.876953125,1246.4426139074428,1217.5512006173608,1232.2096683833436,1496111,TECHM.NS,Tech Mahindra,IT
2024-02-20,1248.8543701171875,1251.7860409472255,1231.3114458142054,1238.8771075396382,2113200,TECHM.NS,Tech Mahindra,IT
2024-02-21,1226.20458984375,1253.0627118119082,1222.0434528442604,1248.334173276769,1769508,TECHM.NS,Tech Mahindra,IT
2024-02-22,1255.9942626953125,1258.263984064038,1228.805168714222,1236.0398550707987,2201424,TECHM.NS,Tech Mahindra,IT
2024-02-23,1250.4619140625,1269.6598251331593,1244.834999839803,1266.20796919428,1660506,TECHM.NS,Tech Mahindra,IT
2024-02-26,1227.7650146484375,1252.9681478008447,1224.6914646406522,1250.4619993213146,1196507,TECHM.NS,Tech Mahindra,IT
2024-02-27,1225.6844482421875,1234.195817108038,1214.0048663886741,1224.6914090307068,1488661,TECHM.NS,Tech Mahindra,IT
2024-02-28,1216.0382080078125,1235.1415725786776,1201.9944719240175,1231.3114102636277,1289779,TECHM.NS,Tech Mahindra,IT
2024-02-29,1204.689697265625,1215.4234562754377,1195.6109266850779,1210.5058225484672,2251498,TECHM.NS,Tech Mahindra,IT
2024-03-01,1202.7510986328125,1217.1258094908464,1199.1573631968868,1217.1258094908464,1560034,TECHM.NS,Tech Mahindra,IT
2024-03-04,1210.55322265625,1215.7072835935332,1201.143361502756,1206.3447540035452,1843831,TECHM.NS,Tech Mahindra,IT
2024-03-05,1203.4130859375,1210.4113462252326,1190.740579272066,1205.6828075771482,1420379,TECHM.NS,Tech Mahindra,IT
2024-03-06,1201.9945068359375,1205.1626045954429,1182.22919248626,1198.6845298304884,2064350,TECHM.NS,Tech Mahindra,IT
2024-03-07,1218.21337890625,1222.8945857751887,1196.8404082895186,1205.7772997457955,2073691,TECHM.NS,Tech Mahindra,IT
2024-03-11,1219.0172119140625,1225.9209242253871,1206.2501581042566,1218.2133834664562,1577732,TECHM.NS,Tech Mahindra,IT
2024-03-12,1222.1380615234375,1236.6546510910393,1208.330637261678,1224.6914260415272,1963068,TECHM.NS,Tech Mahindra,IT
2024-03-13,1207.85791015625,1228.8526917854076,1197.5497878816216,1222.1381897487279,2001399,TECHM.NS,Tech Mahindra,IT
2024-03-14,1223.1309814453125,1227.0083597705857,1189.747570245517,1202.9401459520575,2129097,TECHM.NS,Tech Mahindra,IT
2024-03-15,1212.586181640625,1222.7998694184628,1199.6300343057387,1222.7998694184628,2499025,TECHM.NS,Tech Mahindra,IT
2024-03-18,1203.554931640625,1217.5513363831512,1199.2046992942023,1212.397275577526,630807,TECHM.NS,Tech Mahindra,IT
2024-03-19,1184.2623291015625,1203.5547870183732,1181.0942317648999,1201.0486388173163,1243420,TECHM.NS,Tech Mahindra,IT
2024-03-20,1195.658203125,1202.9401057009334,1179.2974149442327,1184.0259530955727,1139621,TECHM.NS,Tech Mahindra,IT
2024-03-21,1213.1064453125,1217.5512249338258,1201.6634062390838,1205.777211283132,1420041,TECHM.NS,Tech Mahindra,IT
2024-03-22,1194.0977783203125,1210.4112351593,1168.9891942257832,1190.1730685139617,2990908,TECHM.NS,Tech Mahindra,IT
2024-03-26,1186.248291015625,1202.5617469237027,1183.080193681461,1193.7194040562943,2144358,TECHM.NS,Tech Mahindra,IT
2024-03-27,1185.728271484375,1194.5706147274598,1178.8718911737374,1189.7001973492693,2128854,TECHM.NS,Tech Mahindra,IT
2024-03-28,1180.337646484375,1196.2727966449922,1174.5688531444525,1191.591590146546,2436133,TECHM.NS,Tech Mahindra,IT
2024-04-01,1176.98046875,1192.6791922081463,1174.5688681334655,1184.1204920401888,1397037,TECHM.NS,Tech Mahindra,IT
2024-04-02,1169.6512451171875,1183.978623383837,1168.0434728775283,1176.4602938886085,1320357,TECHM.NS,Tech Mahindra,IT
2024-04-03,1187.0050048828125,1194.4287870024564,1172.6775105962358,1172.6775105962358,1819093,TECHM.NS,Tech Mahindra,IT
2024-04-04,1209.796630859375,1219.0172813584009,1179.2030084460466,1191.5917567971956,2460669,TECHM.NS,Tech Mahindra,IT
2024-04-05,1194.8070068359375,1206.675567969191,1191.7806732454128,1205.7771919248855,1184658,TECHM.NS,Tech Mahindra,IT
2024-04-08,1196.4620361328125,1201.0486950687223,1187.903335868775,1201.0486950687223,686932,TECHM.NS,Tech Mahindra,IT
2024-04-09,1183.4586181640625,1211.4515425057618,1175.2782236136109,1196.414767250262,1198161,TECHM.NS,Tech Mahindra,IT
2024-04-10,1197.549560546875,1204.3112774224564,1184.025895910071,1192.0170788227513,1994380,TECHM.NS,Tech Mahindra,IT
2024-04-12,1174.66357421875,1200.8124166177984,1170.7861955289106,1196.2729732366727,2887322,TECHM.NS,Tech Mahindra,IT
2024-04-15,1152.581298828125,1173.292321255635,1145.2520639022437,1167.9490494791667,2153147,TECHM.NS,Tech Mahindra,IT
2024-04-16,1130.877197265625,1147.2852010807112,1126.3377545964197,1139.577661031642,2085459,TECHM.NS,Tech Mahindra,IT
2024-04-18,1115.6041259765625,1142.2730372880403,1112.199601300626,1134.4237325411364,3242357,TECHM.NS,Tech Mahindra,IT
2024-04-19,1128.8441162109375,1139.4359971841122,1099.8108180599993,1099.9054811924025,2572144,TECHM.NS,Tech Mahindra,IT
2024-04-22,1142.462158203125,1150.6424369171345,1130.2151750259711,1131.1608826639215,1364143,TECHM.NS,Tech Mahindra,IT
2024-04-23,1135.0855712890625,1151.8718815497423,1133.7143414167285,1151.8718815497423,1460983,TECHM.NS,Tech Mahindra,IT
2024-04-24,1121.3255615234375,1142.3675576196993,1117.3536354037483,1142.3675576196993,1375843,TECHM.NS,Tech Mahindra,IT
2024-04-25,1125.67578125,1128.749330892096,1109.125898561791,1120.6634848873,3357065,TECHM.NS,Tech Mahindra,IT
2024-04-26,1209.3236083984375,1273.8681528936033,1173.6231460586205,1182.1345145634775,20431926,TECHM.NS,Tech Mahindra,IT
2024-04-29,1218.355224609375,1239.822742315199,1215.2343431541042,1219.9628814543148,4120529,TECHM.NS,Tech Mahindra,IT
2024-04-30,1194.901611328125,1221.0031192824215,1191.6389661248984,1218.355207137973,2613213,TECHM.NS,Tech Mahindra,IT
2024-05-02,1198.1170654296875,1205.1625413659356,1185.4445596136993,1194.6178777989549,2124221,TECHM.NS,Tech Mahindra,IT
2024-05-03,1182.56005859375,1202.940104177344,1175.561914492891,1201.0486889192034,2322455,TECHM.NS,Tech Mahindra,IT
2024-05-06,1193.719482421875,1196.9821276405492,1177.5005731193776,1189.700224905303,1363667,TECHM.NS,Tech Mahindra,IT
2024-05-07,1222.27978515625,1224.502290449993,1188.65994803957,1199.15727968643,2350444,TECHM.NS,Tech Mahindra,IT
2024-05-08,1217.125732421875,1229.4199317392677,1210.8367535286434,1223.745685900471,1332284,TECHM.NS,Tech Mahindra,IT
2024-05-09,1200.197509765625,1216.0854438569854,1192.9156073153988,1212.3971610740457,2420777,TECHM.NS,Tech Mahindra,IT
2024-05-10,1195.7528076171875,1204.0749658932887,1180.4796055740678,1197.2659168089485,1322206,TECHM.NS,Tech Mahindra,IT
2024-05-13,1193.530517578125,1197.5969916562058,1182.1820245257009,1195.7529077123231,593453,TECHM.NS,Tech Mahindra,IT
2024-05-14,1206.2501220703125,1214.2886371919099,1186.011955028548,1195.3271524044214,1386032,TECHM.NS,Tech Mahindra,IT
2024-05-15,1205.304443359375,1213.295627112714,1196.3202203606193,1205.7772972014147,1008105,TECHM.NS,Tech Mahindra,IT
2024-05-16,1236.938232421875,1241.3357959328455,1211.7352167638533,1217.1257040077367,4868225,TECHM.NS,Tech Mahindra,IT
2024-05-17,1234.52685546875,1248.3341648091325,1227.3395000326584,1238.0259277838843,1925387,TECHM.NS,Tech Mahindra,IT
2024-05-21,1252.0223388671875,1254.9540093951448,1233.297281849045,1236.0398570304856,1453689,TECHM.NS,Tech Mahindra,IT
2024-05-22,1258.1695556640625,1262.8980941959908,1239.8701346340667,1257.7912494929412,1411627,TECHM.NS,Tech Mahindra,IT
2024-05-23,1264.884033203125,1270.9838016160181,1253.157234778694,1263.4654716705609,1440740,TECHM.NS,Tech Mahindra,IT
2024-05-24,1249.9891357421875,1271.9768394728521,1246.442731914661,1264.884031817799,1288301,TECHM.NS,Tech Mahindra,IT
2024-05-27,1257.5074462890625,1269.896309156456,1246.6791396131168,1251.171251058717,980450,TECHM.NS,Tech Mahindra,IT
2024-05-28,1243.7000732421875,1258.1221145082843,1240.1064535366584,1256.8454323044407,1608944,TECHM.NS,Tech Mahindra,IT
2024-05-29,1216.60546875,1242.6597587269198,1214.3830790280554,1242.6597587269198,1405567,TECHM.NS,Tech Mahindra,IT
2024-05-30,1173.4813232421875,1217.835035449432,1168.279931128057,1210.5531326667806,2610479,TECHM.NS,Tech Mahindra,IT
2024-05-31,1161.754638671875,1187.099652535082,1157.5936169284344,1178.3045242877795,4649449,TECHM.NS,Tech Mahindra,IT
2024-06-03,1177.7369384765625,1193.293897787421,1169.4147808487937,1186.8630399198894,1091287,TECHM.NS,Tech Mahindra,IT
2024-06-04,1172.0155029296875,1185.6336003416154,1128.843926867061,1177.7369647810367,2471911,TECHM.NS,Tech Mahindra,IT
2024-06-05,1198.1170654296875,1215.18701953936,1169.6039562044218,1191.5916594441653,2709585,TECHM.NS,Tech Mahindra,IT
2024-06-06,1245.922607421875,1251.7387330719318,1205.0207479447356,1215.2344376444862,3205121,TECHM.NS,Tech Mahindra,IT
2024-06-07,1302.806884765625,1306.0223139856553,1254.9540989565276,1257.7912220137011,5790599,TECHM.NS,Tech Mahindra,IT
2024-06-10,1267.5792236328125,1303.1851396889313,1262.6615900375327,1302.8068335409494,2532308,TECHM.NS,Tech Mahindra,IT
2024-06-11,1276.185302734375,1286.020686620809,1268.3359975171686,1275.6652327271165,1465705,TECHM.NS,Tech Mahindra,IT
2024-06-12,1296.1868896484375,1306.0222723550282,1283.4671678580276,1290.701854511775,2786009,TECHM.NS,Tech Mahindra,IT
2024-06-13,1313.54052734375,1321.011640486539,1300.678927047827,1305.076490484764,1953367,TECHM.NS,Tech Mahindra,IT
2024-06-14,1296.99072265625,1319.9714649452715,1290.0397944517133,1319.2621842010774,1733356,TECHM.NS,Tech Mahindra,IT
2024-06-18,1296.896240234375,1315.9049420466656,1295.7614371636967,1305.502157275052,950760,TECHM.NS,Tech Mahindra,IT
2024-06-19,1306.1641845703125,1311.6492198454628,1287.1081517406917,1302.2394746120005,1313197,TECHM.NS,Tech Mahindra,IT
2024-06-20,1317.46533203125,1323.0450303729974,1296.9907378865184,1310.750830662598,1987190,TECHM.NS,Tech Mahindra,IT
2024-06-21,1323.8016357421875,1362.1027961775244,1310.7981553474742,1331.5563924186297,6836535,TECHM.NS,Tech Mahindra,IT
2024-06-24,1325.598388671875,1332.5021008077697,1306.0222861714194,1314.533655161675,1111433,TECHM.NS,Tech Mahindra,IT
2024-06-25,1350.2340087890625,1354.2532660381282,1319.0256583845526,1322.8558202931436,2201375,TECHM.NS,Tech Mahindra,IT
2024-06-26,1336.332275390625,1356.9014173073253,1333.4478208067828,1355.0100019586632,1565878,TECHM.NS,Tech Mahindra,IT
2024-06-27,1354.48974609375,1365.412715341142,1316.4250141822308,1328.1044802640324,4286657,TECHM.NS,Tech Mahindra,IT
2024-06-28,1352.69287109375,1374.113171773974,1349.193799077099,1362.7646803346845,2222285,TECHM.NS,Tech Mahindra,IT
2024-07-01,1392.1761474609375,1398.2286992442355,1346.829513807995,1352.6928548038886,3837301,TECHM.NS,Tech Mahindra,IT
2024-07-02,1392.2235107421875,1416.6700298917408,1390.1902162489046,1399.6472925499174,2092643,TECHM.NS,Tech Mahindra,IT
2024-07-03,1399.458251953125,1404.3758856449178,1381.6789016344949,1399.600015748926,896602,TECHM.NS,Tech Mahindra,IT
2024-07-04,1379.929443359375,1410.9959188870541,1374.3970762834053,1401.5388416827172,1322999,TECHM.NS,Tech Mahindra,IT
2024-07-05,1382.0098876953125,1390.1902821721708,1371.2287971123499,1387.3531591473297,1334838,TECHM.NS,Tech Mahindra,IT
2024-07-08,1387.9205322265625,1398.654291028721,1380.8750563696947,1382.0098593792475,807698,TECHM.NS,Tech Mahindra,IT
2024-07-09,1386.1708984375,1389.6227542255674,1376.0045418567713,1386.4073253347262,1049695,TECHM.NS,Tech Mahindra,IT
2024-07-10,1383.9012451171875,1392.8382515370463,1363.2375563731114,1392.1761869265977,802718,TECHM.NS,Tech Mahindra,IT
2024-07-11,1381.3006591796875,1395.8645810132439,1363.0012380659468,1395.8645810132439,1408434,TECHM.NS,Tech Mahindra,IT
2024-07-12,1423.33740234375,1429.720929239285,1381.7262640617453,1394.918840135384,4372156,TECHM.NS,Tech Mahindra,IT
2024-07-15,1417.6632080078125,1444.5685465437177,1410.9959223850913,1437.5702863065915,2374623,TECHM.NS,Tech Mahindra,IT
2024-07-16,1433.8818359375,1436.5298634297073,1408.2531827265618,1421.7295162050827,1794159,TECHM.NS,Tech Mahindra,IT
2024-07-18,1455.7750244140625,1461.7802448059542,1423.2899902500762,1425.1814055195116,2752497,TECHM.NS,Tech Mahindra,IT
2024-07-19,1436.5587158203125,1483.3233794213972,1431.8388736153217,1481.4451312615975,2504915,TECHM.NS,Tech Mahindra,IT
2024-07-22,1440.55615234375,1450.4773334311253,1421.8212910834902,1425.5296965768678,2225781,TECHM.NS,Tech Mahindra,IT
2024-07-23,1438.485107421875,1447.4430596935554,1406.3132600121319,1436.1733360808826,1640492,TECHM.NS,Tech Mahindra,IT
2024-07-24,1476.91796875,1483.37155119334,1419.2205712619436,1438.485136861857,2561617,TECHM.NS,Tech Mahindra,IT
2024-07-25,1473.7393798828125,1490.6440845082202,1449.5623717422286,1468.9232381184895,3283912,TECHM.NS,Tech Mahindra,IT
2024-07-26,1484.4793701171875,1487.850669285408,1391.1425210578514,1473.7393506792541,7133745,TECHM.NS,Tech Mahindra,IT
2024-07-29,1469.26025390625,1497.5309808028574,1454.522931565326,1488.8138352960311,1755979,TECHM.NS,Tech Mahindra,IT
2024-07-30,1481.493408203125,1494.8821881798383,1464.1070894828815,1464.1070894828815,1622543,TECHM.NS,Tech Mahindra,IT
2024-07-31,1497.2420654296875,1504.3217697878338,1478.555413237922,1481.4450980846411,2398955,TECHM.NS,Tech Mahindra,IT
2024-08-01,1487.657958984375,1511.3052617052585,1481.0598683880844,1497.2421514925145,1315921,TECHM.NS,Tech Mahindra,IT
2024-08-02,1452.2593994140625,1477.1589474095913,1447.0580601631502,1469.4049118222717,2894949,TECHM.NS,Tech Mahindra,IT
2024-08-05,1402.7974853515625,1429.671577942904,1374.285951713012,1415.9455749207132,2186582,TECHM.NS,Tech Mahindra,IT
2024-08-06,1428.8529052734375,1447.7321567216889,1411.6110949272354,1411.6110949272354,1665788,TECHM.NS,Tech Mahindra,IT
2024-08-07,1419.46142578125,1459.5317000522111,1416.9088472376193,1445.6130979736379,3002937,TECHM.NS,Tech Mahindra,IT
2024-08-08,1412.5260009765625,1433.428124266342,1408.2396823549645,1415.9455082502036,2333194,TECHM.NS,Tech Mahindra,IT
2024-08-09,1451.2960205078125,1453.752299685017,1426.1076947375523,1430.3458051570428,1521252,TECHM.NS,Tech Mahindra,IT
2024-08-12,1456.8828125,1468.4415521694216,1434.6322621526797,1451.2960412938141,1809860,TECHM.NS,Tech Mahindra,IT
2024-08-13,1448.117431640625,1467.6228044718857,1440.1707982649261,1452.8372737679617,580901,TECHM.NS,Tech Mahindra,IT
2024-08-14,1468.34521484375,1473.2094471130952,1449.6585626789483,1456.4011606448971,2833790,TECHM.NS,Tech Mahindra,IT
2024-08-16,1527.005859375,1530.5697570251837,1474.9915315717526,1501.094994786326,3224481,TECHM.NS,Tech Mahindra,IT
2024-08-19,1536.0120849609375,1543.766002493779,1517.9033452652377,1529.4620852629396,1640507,TECHM.NS,Tech Mahindra,IT
2024-08-20,1568.713623046875,1573.5779731098064,1536.589981996765,1542.1285448530452,2442281,TECHM.NS,Tech Mahindra,IT
2024-08-21,1545.644287109375,1568.1356439905903,1543.0917086443033,1556.5769045999964,1935929,TECHM.NS,Tech Mahindra,IT
2024-08-22,1552.0015869140625,1561.0559563835154,1537.312355447537,1546.0296185307952,1562554,TECHM.NS,Tech Mahindra,IT
2024-08-23,1539.6240234375,1557.4918365212766,1534.470775933057,1553.7353404966354,1020913,TECHM.NS,Tech Mahindra,IT
2024-08-26,1579.8388671875,1582.5840442348301,1549.8342831246755,1550.7975113926211,1510157,TECHM.NS,Tech Mahindra,IT
2024-08-27,1564.860595703125,1584.5104755730508,1562.4525250715549,1583.5472473204227,1083351,TECHM.NS,Tech Mahindra,IT
2024-08-28,1567.509521484375,1603.7750898246534,1556.7695026217864,1560.4298171266898,3033590,TECHM.NS,Tech Mahindra,IT
2024-08-29,1586.774169921875,1595.3469255968707,1560.4781069953265,1560.4781069953265,2194339,TECHM.NS,Tech Mahindra,IT
2024-08-30,1576.3231201171875,1602.5710914115311,1571.1216637572218,1586.437017313173,1926984,TECHM.NS,Tech Mahindra,IT
2024-09-02,1586.099853515625,1600.8853839363878,1575.4080432403073,1576.3230630637174,1582818,TECHM.NS,Tech Mahindra,IT
2024-09-03,1583.6435546875,1598.2364863053829,1572.0848155971491,1578.7311140904158,1739553,TECHM.NS,Tech Mahindra,IT
2024-09-04,1584.799560546875,1589.3266865000314,1549.7380270980736,1560.1890305808643,1643875,TECHM.NS,Tech Mahindra,IT
2024-09-05,1579.212890625,1596.936315902525,1572.8556069878405,1592.2164734389294,1080904,TECHM.NS,Tech Mahindra,IT
2024-09-06,1563.560302734375,1590.482486079952,1554.6022327136463,1579.2127622565888,1672937,TECHM.NS,Tech Mahindra,IT
2024-09-09,1521.1300048828125,1571.314290757085,1516.8436862043072,1563.5120478693116,2965098,TECHM.NS,Tech Mahindra,IT
2024-09-10,1548.2930908203125,1554.3613581611387,1520.455771269977,1533.4593524623397,2541973,TECHM.NS,Tech Mahindra,IT
2024-09-11,1543.6695556640625,1567.1723482631182,1539.3350285791307,1552.723924646679,1395340,TECHM.NS,Tech Mahindra,IT
2024-09-12,1582.8248291015625,1588.9413050009148,1546.9445766238305,1560.3334728768023,2356422,TECHM.NS,Tech Mahindra,IT
2024-09-13,1595.154296875,1598.8627023686129,1577.7679787698426,1589.2304192259398,1373924,TECHM.NS,Tech Mahindra,IT
2024-09-16,1588.363525390625,1608.5913204380495,1585.955454551646,1590.3862813790506,1060407,TECHM.NS,Tech Mahindra,IT
2024-09-17,1590.81982421875,1610.517796890912,1580.7540174392307,1588.3635449001877,1499644,TECHM.NS,Tech Mahindra,IT
2024-09-18,1546.36669921875,1587.5447080553508,1530.56973196161,1587.5447080553508,2930297,TECHM.NS,Tech Mahindra,IT
2024-09-19,1536.6861572265625,1575.2152870286218,1528.691433341579,1560.4297569833961,3032379,TECHM.NS,Tech Mahindra,IT
2024-09-20,1562.404541015625,1569.3879463245714,1524.2125146717597,1548.871136108413,3984683,TECHM.NS,Tech Mahindra,IT
2024-09-23,1548.052490234375,1571.025463221947,1535.8676279015292,1565.197884581407,1535902,TECHM.NS,Tech Mahindra,IT
2024-09-24,1576.9010009765625,1583.0656855134355,1539.3350978825413,1542.6583060128821,1781972,TECHM.NS,Tech Mahindra,IT
2024-09-25,1543.814208984375,1582.6804486610201,1531.5812562016276,1576.9010786695017,2505756,TECHM.NS,Tech Mahindra,IT
2024-09-26,1547.8597412109375,1560.2854103717002,1537.3124378709606,1550.7976346943901,2173853,TECHM.NS,Tech Mahindra,IT
2024-09-27,1550.0750732421875,1603.5824499741204,1545.5479474649753,1565.2459182964453,3539822,TECHM.NS,Tech Mahindra,IT
2024-09-30,1519.20361328125,1546.9446350900923,1510.1974522782054,1546.9446350900923,3460691,TECHM.NS,Tech Mahindra,IT
2024-10-01,1565.63134765625,1582.4878433941908,1521.9007580540758,1521.9007580540758,5176596,TECHM.NS,Tech Mahindra,IT
2024-10-03,1545.06640625,1571.16986974144,1537.4568791410172,1555.613709133786,2332279,TECHM.NS,Tech Mahindra,IT
2024-10-04,1557.0103759765625,1587.7855914512095,1532.4962621841876,1532.4962621841876,2927576,TECHM.NS,Tech Mahindra,IT
2024-10-07,1559.033203125,1572.0367851009953,1541.3578698553288,1565.197770144653,1619326,TECHM.NS,Tech Mahindra,IT
2024-10-08,1569.195068359375,1574.8781383688856,1544.6327487701355,1565.245856177027,1311331,TECHM.NS,Tech Mahindra,IT
2024-10-09,1597.8031005859375,1608.3986115511452,1572.0367443750918,1578.7311338159334,2177241,TECHM.NS,Tech Mahindra,IT
2024-10-10,1560.1407470703125,1614.3223360486977,1552.0978147116134,1611.4808597482383,1518162,TECHM.NS,Tech Mahindra,IT
2024-10-11,1586.4852294921875,1589.326705964158,1544.0549755518455,1544.0549755518455,1019027,TECHM.NS,Tech Mahindra,IT
2024-10-14,1630.2640380859375,1634.598565809061,1587.4003750461595,1587.4003750461595,2070051,TECHM.NS,Tech Mahindra,IT
2024-10-15,1613.744384765625,1640.8110743974426,1602.33015380488,1637.4879840506737,2503380,TECHM.NS,Tech Mahindra,IT
2024-10-16,1599.248046875,1615.7673187058342,1592.0238343839937,1608.591314664068,1070524,TECHM.NS,Tech Mahindra,IT
2024-10-17,1636.52490234375,1647.024114462507,1595.1060849212772,1599.6332109557522,3771316,TECHM.NS,Tech Mahindra,IT
2024-10-18,1625.8331298828125,1639.799940737907,1585.0885242866962,1632.6720275438179,3119646,TECHM.NS,Tech Mahindra,IT
2024-10-21,1638.6439208984375,1697.0637402383009,1627.904019523757,1680.8333670583795,5898020,TECHM.NS,Tech Mahindra,IT
2024-10-22,1634.1650390625,1663.4470856696043,1629.2524806081205,1640.7631294805826,2484594,TECHM.NS,Tech Mahindra,IT
2024-10-23,1672.1160888671875,1684.6862649781285,1623.6175683917083,1634.164988627053,4198781,TECHM.NS,Tech Mahindra,IT
2024-10-24,1671.9234619140625,1683.7230081669488,1664.5066513020213,1671.2492491608134,1570443,TECHM.NS,Tech Mahindra,IT
2024-10-25,1653.3331298828125,1678.328974232892,1647.457460906376,1671.9234826711995,1743714,TECHM.NS,Tech Mahindra,IT
2024-10-28,1639.9444580078125,1664.41036378911,1630.9381789596557,1647.1204621112774,1271473,TECHM.NS,Tech Mahindra,IT
2024-10-29,1636.043212890625,1660.701833030477,1618.5605963133944,1646.1571097027247,1499121,TECHM.NS,Tech Mahindra,IT
2024-10-30,1622.9915771484375,1649.1914590732317,1620.390907610676,1641.437423747379,1305424,TECHM.NS,Tech Mahindra,IT
2024-10-31,1563.4151611328125,1622.845661130728,1550.683553803254,1619.7355732013204,3638913,TECHM.NS,Tech Mahindra,IT
2024-11-01,1558.555908203125,1573.4742474766692,1553.8423123505227,1573.4742474766692,249236,TECHM.NS,Tech Mahindra,IT
2024-11-04,1592.3287353515625,1594.1266902107493,1562.8321914535059,1568.6148318854744,2746587,TECHM.NS,Tech Mahindra,IT
2024-11-05,1586.7403564453125,1607.4899766117576,1578.1392397296818,1592.2315037326264,1376651,TECHM.NS,Tech Mahindra,IT
2024-11-06,1645.927978515625,1650.0098284420396,1589.0243378016403,1603.5539012640595,3164061,TECHM.NS,Tech Mahindra,IT
2024-11-07,1604.5743408203125,1667.2606188232864,1598.111313236646,1647.337073101411,1285140,TECHM.NS,Tech Mahindra,IT
2024-11-08,1634.0709228515625,1639.0274886666773,1603.6511405664967,1613.3213021211056,1883257,TECHM.NS,Tech Mahindra,IT
2024-11-11,1656.2298583984375,1667.21203474787,1619.2012422169616,1625.7614343268278,1587351,TECHM.NS,Tech Mahindra,IT
2024-11-12,1639.5621337890625,1662.4013217819747,1636.646492768691,1661.9153816119128,1414446,TECHM.NS,Tech Mahindra,IT
2024-11-13,1628.4825439453125,1641.5057631889813,1616.8686222647561,1632.758840827406,1063556,TECHM.NS,Tech Mahindra,IT
2024-11-14,1640.0479736328125,1644.4214348958333,1616.2369067563657,1616.2369067563657,1919974,TECHM.NS,Tech Mahindra,IT
2024-11-18,1614.098876953125,1640.533974104454,1587.3235267808645,1637.375363076113,1617013,TECHM.NS,Tech Mahindra,IT
2024-11-19,1651.8563232421875,1675.910359904434,1617.3059322176875,1618.0834838881242,1982317,TECHM.NS,Tech Mahindra,IT
2024-11-21,1654.3831787109375,1676.4934547078085,1637.4239155662306,1663.859011281025,2212146,TECHM.NS,Tech Mahindra,IT
2024-11-22,1698.3121337890625,1700.6446701693226,1654.383192951364,1666.5316963509188,2344087,TECHM.NS,Tech Mahindra,IT
2024-11-25,1683.8797607421875,1718.0900180112476,1679.2633293810936,1710.509304321096,3913302,TECHM.NS,Tech Mahindra,IT
2024-11-26,1696.31982421875,1712.4530127566761,1682.373366258975,1683.879709474621,1291712,TECHM.NS,Tech Mahindra,IT
2024-11-27,1707.3994140625,1717.3125459900307,1686.7469570153646,1692.0436573676534,2088228,TECHM.NS,Tech Mahindra,IT
2024-11-28,1665.1710205078125,1710.5092583851695,1658.8052759845266,1707.593617603831,1787990,TECHM.NS,Tech Mahindra,IT
2024-11-29,1664.150634765625,1681.3528680997624,1652.6824001177145,1659.9715021470488,1556942,TECHM.NS,Tech Mahindra,IT
2024-12-02,1696.8543701171875,1698.846772196424,1657.930635106196,1661.9153206269364,1370756,TECHM.NS,Tech Mahindra,IT
2024-12-03,1700.3045654296875,1711.4811887520318,1688.7391662642372,1710.5093084631321,1824151,TECHM.NS,Tech Mahindra,IT
2024-12-04,1710.1204833984375,1724.6986873123326,1691.654758440837,1693.1125788322265,1811165,TECHM.NS,Tech Mahindra,IT
2024-12-05,1736.701416015625,1743.5045779643617,1705.7470528764188,1710.1205141291782,2762694,TECHM.NS,Tech Mahindra,IT
2024-12-06,1732.668212890625,1746.4688654294666,1725.6706036828944,1746.4688654294666,1180840,TECHM.NS,Tech Mahindra,IT
2024-12-09,1727.857421875,1750.113505171295,1721.3943939495414,1729.0722722881412,1069659,TECHM.NS,Tech Mahindra,IT
2024-12-10,1713.9595947265625,1727.0313376436163,1703.9978213946283,1716.5349826778015,1625591,TECHM.NS,Tech Mahindra,IT
2024-12-11,1713.2305908203125,1719.9851112551623,1700.8391173531543,1715.3686799634759,1285654,TECHM.NS,Tech Mahindra,IT
2024-12-12,1739.27685546875,1756.867864102321,1711.5297457723873,1718.3329074590067,3018243,TECHM.NS,Tech Mahindra,IT
2024-12-13,1745.8857421875,1753.855112952945,1711.4811568737362,1730.9187622896786,1503188,TECHM.NS,Tech Mahindra,IT
2024-12-16,1725.6220703125,1743.0672737995337,1716.3405662280327,1743.0672737995337,1075193,TECHM.NS,Tech Mahindra,IT
2024-12-17,1720.9569091796875,1738.8395290551389,1711.4810769817477,1727.4684592349774,1160899,TECHM.NS,Tech Mahindra,IT
2024-12-18,1728.8779296875,1737.6733754248307,1711.0439494944414,1712.5017699784146,1337600,TECHM.NS,Tech Mahindra,IT
2024-12-19,1705.0181884765625,1719.1590943621682,1686.212328311984,1691.0230883641789,2402819,TECHM.NS,Tech Mahindra,IT
2024-12-20,1638.6387939453125,1721.0541705266028,1632.8560350952766,1720.228096015949,2921154,TECHM.NS,Tech Mahindra,IT
2024-12-23,1664.247802734375,1676.4934704431093,1638.4443340385506,1643.3523768708812,1301223,TECHM.NS,Tech Mahindra,IT
2024-12-24,1656.958740234375,1676.8336448307605,1648.017370329311,1669.301572537413,711026,TECHM.NS,Tech Mahindra,IT
2024-12-26,1650.9329833984375,1666.4345450397282,1643.1094183307832,1659.096801474114,659638,TECHM.NS,Tech Mahindra,IT
2024-12-27,1663.5189208984375,1668.2325165739696,1650.9329999694357,1657.007251777526,647945,TECHM.NS,Tech Mahindra,IT
2024-12-30,1691.8978271484375,1723.7269075494994,1646.1709293884837,1666.7747446662913,6781500,TECHM.NS,Tech Mahindra,IT
2024-12-31,1658.22216796875,1680.3810868994412,1635.1400101816698,1680.3810868994412,1459630,TECHM.NS,Tech Mahindra,IT
2025-01-01,1655.9381103515625,1669.3014635479046,1643.6924431500954,1652.7794995960635,721479,TECHM.NS,Tech Mahindra,IT
2025-01-02,1678.3885498046875,1686.892501989767,1648.3089035308394,1660.9433467772433,1238954,TECHM.NS,Tech Mahindra,IT
2025-01-03,1641.943115234375,1681.20710283931,1634.0709085805636,1664.053391922756,2448088,TECHM.NS,Tech Mahindra,IT
2025-01-06,1638.8817138671875,1663.1787201295979,1627.8994195814878,1656.812857033756,945693,TECHM.NS,Tech Mahindra,IT
2025-01-07,1624.15771484375,1657.0558378081735,1614.7790466382876,1645.3932747268257,1305847,TECHM.NS,Tech Mahindra,IT
2025-01-08,1616.9658203125,1622.9914306100377,1588.0523819027048,1621.0476700446734,673344,TECHM.NS,Tech Mahindra,IT
2025-01-09,1596.60498046875,1622.5541366364146,1592.134236245282,1616.9171835254429,774065,TECHM.NS,Tech Mahindra,IT
2025-01-10,1657.6390380859375,1665.8028564424906,1590.287803579275,1606.6153216546477,2208899,TECHM.NS,Tech Mahindra,IT
2025-01-13,1612.9810791015625,1653.168303673186,1603.5052466731006,1650.3013043935111,1401093,TECHM.NS,Tech Mahindra,IT
2025-01-14,1601.1728515625,1623.47745779078,1575.7096342461605,1622.9429947892884,2480288,TECHM.NS,Tech Mahindra,IT
2025-01-15,1628.82275390625,1631.7870362992303,1603.7483131552863,1611.3775498416462,1079742,TECHM.NS,Tech Mahindra,IT
2025-01-16,1640.1937255859375,1674.4038628880037,1623.9632542486283,1647.3370216869464,2334315,TECHM.NS,Tech Mahindra,IT
2025-01-17,1613.6129150390625,1652.0993513225533,1603.9912763087566,1637.375340999875,2502285,TECHM.NS,Tech Mahindra,IT
2025-01-20,1627.5106201171875,1639.707764538867,1579.3053841202018,1616.236833102705,4856268,TECHM.NS,Tech Mahindra,IT
2025-01-21,1594.36962890625,1655.6467291516742,1590.0933318674038,1627.510723341278,2500061,TECHM.NS,Tech Mahindra,IT
2025-01-22,1636.59765625,1641.2627287817152,1589.2671367818207,1596.507596997745,2478559,TECHM.NS,Tech Mahindra,IT
2025-01-23,1665.2197265625,1680.8669756350253,1624.0119781937713,1624.0119781937713,2255334,TECHM.NS,Tech Mahindra,IT
2025-01-24,1674.5982666015625,1687.5728438580902,1657.3959154625188,1670.6621042411932,1257165,TECHM.NS,Tech Mahindra,IT
2025-01-27,1607.392822265625,1665.7056391906415,1598.743064027535,1661.9152823629695,1174799,TECHM.NS,Tech Mahindra,IT
2025-01-28,1601.998779296875,1617.8404747571208,1591.9398424812694,1609.3850454367646,1820874,TECHM.NS,Tech Mahindra,IT
2025-01-29,1633.8765869140625,1637.6183023342828,1607.5386545625233,1617.1601746037381,1146508,TECHM.NS,Tech Mahindra,IT
2025-01-30,1623.13720703125,1656.9586877121396,1610.4055992858657,1637.618246708922,868832,TECHM.NS,Tech Mahindra,IT
2025-01-31,1627.3648681640625,1647.3370551371886,1618.4236171487926,1627.8994497668384,1065425,TECHM.NS,Tech Mahindra,IT
2025-02-01,1600.103759765625,1638.4930318583754,1590.6764496133733,1627.4135726407692,410470,TECHM.NS,Tech Mahindra,IT
2025-02-03,1608.170166015625,1617.2573410587288,1560.0135718948966,1584.164771836142,1415698,TECHM.NS,Tech Mahindra,IT
2025-02-04,1612.3980712890625,1629.7946338796314,1598.7917469867957,1615.993980970997,1467006,TECHM.NS,Tech Mahindra,IT
2025-02-05,1614.293212890625,1624.0120160988768,1598.1600232924739,1616.0911677566046,1449280,TECHM.NS,Tech Mahindra,IT
2025-02-06,1622.6513671875,1637.3267363701214,1603.6025365415833,1623.0401430451177,1288106,TECHM.NS,Tech Mahindra,IT
2025-02-07,1644.5186767578125,1647.9202579005928,1611.2804170463091,1627.8995469020608,1582031,TECHM.NS,Tech Mahindra,IT
2025-02-10,1651.2733154296875,1655.8411055070267,1626.150114091117,1635.6745887414972,1235699,TECHM.NS,Tech Mahindra,IT
2025-02-11,1622.1654052734375,1660.9434534555642,1616.4312877042362,1658.0278125191296,1800036,TECHM.NS,Tech Mahindra,IT
2025-02-12,1632.9532470703125,1642.4777215497772,1621.8739064623524,1632.7589184636838,1889477,TECHM.NS,Tech Mahindra,IT
2025-02-13,1628.191162109375,1641.9431738501496,1594.418320687399,1627.8995505556738,1555491,TECHM.NS,Tech Mahindra,IT
2025-02-14,1612.446533203125,1646.3651783741523,1605.5948484781245,1637.6182559388706,961944,TECHM.NS,Tech Mahindra,IT
2025-02-17,1618.1319580078125,1621.0475987275872,1585.1366713174532,1609.3365130191273,1114005,TECHM.NS,Tech Mahindra,IT
2025-02-18,1657.055908203125,1660.8947879253944,1617.2574574524008,1621.0963371746702,2654136,TECHM.NS,Tech Mahindra,IT
2025-02-19,1638.395751953125,1664.247742544982,1627.9480393992314,1646.41376391309,1113961,TECHM.NS,Tech Mahindra,IT
2025-02-20,1611.231689453125,1646.0250507374942,1608.4618543981724,1632.7588612621932,1485087,TECHM.NS,Tech Mahindra,IT
2025-02-21,1603.1165771484375,1618.1320805372018,1596.0218034046604,1611.1345897349634,1479239,TECHM.NS,Tech Mahindra,IT
2025-02-24,1568.3232421875,1597.722622191025,1559.139020517526,1584.1649390329235,1672609,TECHM.NS,Tech Mahindra,IT
2025-02-25,1549.1285400390625,1568.6147872992037,1544.317780060988,1562.8321470316007,1425126,TECHM.NS,Tech Mahindra,IT
2025-02-27,1543.5888671875,1550.829327876936,1525.7548876328863,1530.7114533734064,2208643,TECHM.NS,Tech Mahindra,IT
2025-02-28,1446.011962890625,1528.6704231305212,1436.8277422585131,1525.8519467624599,4155992,TECHM.NS,Tech Mahindra,IT
2025-03-03,1451.06591796875,1488.4346677550427,1434.6896401322365,1457.8204385455854,2851006,TECHM.NS,Tech Mahindra,IT
2025-03-04,1446.40087890625,1457.2858909799654,1392.7531329693563,1433.5234647315428,2386196,TECHM.NS,Tech Mahindra,IT
2025-03-05,1494.8489990234375,1505.442517548451,1445.6718817645713,1446.4007919570577,1967418,TECHM.NS,Tech Mahindra,IT
2025-03-06,1461.17333984375,1507.1919653925304,1458.7436391764534,1497.6674913216364,2246380,TECHM.NS,Tech Mahindra,IT
2025-03-07,1450.385498046875,1464.8178963371872,1440.3265609740954,1459.7155249167324,893696,TECHM.NS,Tech Mahindra,IT
2025-03-10,1445.0401611328125,1457.820410458713,1440.812505670028,1450.3855026378278,798491,TECHM.NS,Tech Mahindra,IT
2025-03-11,1437.6053466796875,1445.5748366237578,1412.7252337861894,1423.318753184416,1769157,TECHM.NS,Tech Mahindra,IT
2025-03-12,1397.85546875,1447.1297520045314,1369.185000191146,1439.3547096834864,2665932,TECHM.NS,Tech Mahindra,IT
2025-03-13,1400.139404296875,1415.3007135349212,1382.0138126328982,1401.451418999043,995812,TECHM.NS,Tech Mahindra,IT
2025-03-17,1399.6048583984375,1407.2827368366268,1385.1238175584137,1402.3746936487798,1747569,TECHM.NS,Tech Mahindra,IT
2025-03-18,1399.6048583984375,1399.6048583984375,1399.6048583984375,1399.6048583984375,0,TECHM.NS,Tech Mahindra,IT
2025-03-19,1356.890625,1391.5381793906993,1355.18983457474,1390.4204933836977,5557840,TECHM.NS,Tech Mahindra,IT
2025-03-20,1370.8857421875,1381.0418434048802,1360.6809995022422,1363.6938045674874,2863413,TECHM.NS,Tech Mahindra,IT
2025-03-21,1369.6221923828125,1390.8577513436232,1343.1870980015963,1350.9621397181565,4056023,TECHM.NS,Tech Mahindra,IT
2025-03-24,1417.6331787109375,1426.38010113568,1373.8499251186634,1376.036655724849,3072831,TECHM.NS,Tech Mahindra,IT
2025-03-25,1414.57177734375,1442.173201604833,1408.6918540707736,1432.5515629025679,2056315,TECHM.NS,Tech Mahindra,IT
2025-03-26,1376.47412109375,1422.8327641085884,1369.8652875758576,1422.8327641085884,2231144,TECHM.NS,Tech Mahindra,IT
2025-03-27,1383.8603515625,1389.7887975307144,1366.4636708588703,1367.5813569061088,2541022,TECHM.NS,Tech Mahindra,IT
2025-03-28,1378.369140625,1389.7887333641813,1368.941949818808,1375.3076941631216,1642693,TECHM.NS,Tech Mahindra,IT
2025-04-01,1355.918701171875,1377.1056186057253,1346.4428691071635,1362.5760568949229,1578367,TECHM.NS,Tech Mahindra,IT
2025-04-02,1383.0343017578125,1385.9499426438729,1357.862578380612,1357.862578380612,1617949,TECHM.NS,Tech Mahindra,IT
2025-04-03,1330.84423828125,1360.6323926040195,1322.0001514568698,1357.7167517627254,1943422,TECHM.NS,Tech Mahindra,IT
2025-04-04,1283.80517578125,1320.9795955464115,1281.7642509726688,1312.0383446527574,1757493,TECHM.NS,Tech Mahindra,IT
2025-04-07,1251.7818603515625,1257.418813699544,1175.3920904272206,1209.9910063180864,3044730,TECHM.NS,Tech Mahindra,IT
2025-04-08,1277.439453125,1304.311966370835,1254.843236803111,1277.0506772886906,2868814,TECHM.NS,Tech Mahindra,IT
2025-04-09,1236.9605712890625,1263.3956662728356,1228.7967535730454,1253.7255053725326,3724878,TECHM.NS,Tech Mahindra,IT
2025-04-11,1246.1934814453125,1275.447053967721,1238.3697977838378,1239.1473494581971,1803181,TECHM.NS,Tech Mahindra,IT
2025-04-15,1265.0965576171875,1277.245061545438,1250.6156358449,1277.245061545438,1511866,TECHM.NS,Tech Mahindra,IT
2025-04-16,1271.899658203125,1277.6337755070315,1247.4083229252851,1255.6693051963134,1093342,TECHM.NS,Tech Mahindra,IT
2025-04-17,1270.05322265625,1272.0941475573557,1240.0220976785386,1258.6821519711211,3027966,TECHM.NS,Tech Mahindra,IT
2025-04-21,1334.8775634765625,1349.9417078041101,1266.3600037932006,1267.331884072397,3759267,TECHM.NS,Tech Mahindra,IT
2025-04-22,1337.793212890625,1356.7448784564565,1322.923397068496,1335.3635121770567,2471135,TECHM.NS,Tech Mahindra,IT
2025-04-23,1399.1187744140625,1408.6432482527227,1368.4073824558095,1379.0009008344684,5944062,TECHM.NS,Tech Mahindra,IT
2025-04-24,1404.5614013671875,1426.234380118114,1393.9680007112513,1404.367072756848,2501415,TECHM.NS,Tech Mahindra,IT
2025-04-25,1420.8890380859375,1432.4544377048817,1336.3354496362272,1414.4746516552307,8211667,TECHM.NS,Tech Mahindra,IT
2025-04-28,1420.4029541015625,1438.3827383306962,1396.591888500818,1427.983667339746,2079431,TECHM.NS,Tech Mahindra,IT
2025-04-29,1453.2525634765625,1462.5825900090365,1422.1523959431665,1424.9707537157012,2652788,TECHM.NS,Tech Mahindra,IT
2025-04-30,1460.7359619140625,1468.3166750397631,1448.1015191297095,1453.2525317199572,1858465,TECHM.NS,Tech Mahindra,IT
2025-05-02,1452.0863037109375,1476.286146428657,1447.907289686437,1462.6798224984389,1582577,TECHM.NS,Tech Mahindra,IT
2025-05-05,1452.572265625,1464.1376648665937,1448.587580141824,1456.848562651858,846022,TECHM.NS,Tech Mahindra,IT
2025-05-06,1454.1273193359375,1462.4855851821,1444.3113516154235,1454.8077067575541,1545773,TECHM.NS,Tech Mahindra,IT
2025-05-07,1453.1553955078125,1462.58270571984,1438.9659666756625,1447.2269493302804,1272555,TECHM.NS,Tech Mahindra,IT
2025-05-08,1460.5416259765625,1475.800097807332,1446.1577514239775,1458.6950298513666,2829448,TECHM.NS,Tech Mahindra,IT
2025-05-09,1451.697509765625,1459.083894717233,1436.536201302876,1438.382797540778,923174,TECHM.NS,Tech Mahindra,IT
2025-05-12,1528.8648681640625,1532.169284894235,1474.7311831937768,1479.2018088227248,1891418,TECHM.NS,Tech Mahindra,IT
2025-05-13,1528.28173828125,1555.8831619243363,1521.0898004912042,1555.3000574846526,3724272,TECHM.NS,Tech Mahindra,IT
2025-05-14,1558.118408203125,1564.1441370860373,1533.724237047299,1539.4583543928486,2354571,TECHM.NS,Tech Mahindra,IT
2025-05-15,1583.2900390625,1590.3848121074036,1555.2026770410312,1560.8396297592606,2972408,TECHM.NS,Tech Mahindra,IT
2025-05-16,1571.530517578125,1589.8990798228194,1556.2720436195052,1589.0243637849317,1159095,TECHM.NS,Tech Mahindra,IT
2025-05-19,1552.870361328125,1580.4716664141824,1548.3024528221656,1571.5304152789427,681874,TECHM.NS,Tech Mahindra,IT
2025-05-20,1531.683349609375,1573.960142571309,1529.0593202599339,1566.6710403364928,1869716,TECHM.NS,Tech Mahindra,IT
2025-05-21,1553.259033203125,1557.924106053762,1525.2689520124957,1532.6552184945617,930031,TECHM.NS,Tech Mahindra,IT
2025-05-22,1521.5758056640625,1544.998097654667,1514.1895389576696,1544.998097654667,1789310,TECHM.NS,Tech Mahindra,IT
2025-05-23,1535.8624267578125,1558.8959415310796,1523.7139234728133,1530.711413909882,1159290,TECHM.NS,Tech Mahindra,IT
2025-05-26,1556.369140625,1559.284781533388,1538.486519326008,1538.486519326008,711029,TECHM.NS,Tech Mahindra,IT
2025-05-27,1547.6221923828125,1559.1875915229418,1534.1130326691398,1556.369114963758,1394001,TECHM.NS,Tech Mahindra,IT
2025-05-28,1535.8624267578125,1556.9521810054798,1533.7242189970161,1555.785972145211,820958,TECHM.NS,Tech Mahindra,IT
2025-05-29,1555.008544921875,1559.7707823182457,1539.9443996429443,1547.330666503776,1799251,TECHM.NS,Tech Mahindra,IT
2025-05-30,1529.642333984375,1550.1489833278124,1523.9082168388777,1550.1489833278124,2780942,TECHM.NS,Tech Mahindra,IT
2025-06-02,1505.5396728515625,1524.8801135708604,1498.7365110956696,1520.9925925674931,2120693,TECHM.NS,Tech Mahindra,IT
2025-06-03,1500.3887939453125,1520.8954437188318,1490.7671556366988,1512.148521372406,2316285,TECHM.NS,Tech Mahindra,IT
2025-06-04,1512.926025390625,1522.5476641507228,1500.5831929554754,1501.3607446556232,1439090,TECHM.NS,Tech Mahindra,IT
2025-06-05,1518.8544921875,1526.1435940146648,1503.498736883183,1516.1331800502685,1529586,TECHM.NS,Tech Mahindra,IT
2025-06-06,1526.921142578125,1529.2536790668796,1511.662669053651,1520.798367762595,828051,TECHM.NS,Tech Mahindra,IT
2025-06-09,1534.6961669921875,1546.7475065103267,1526.921124546644,1530.711481466393,598108,TECHM.NS,Tech Mahindra,IT
2025-06-10,1565.6019287109375,1587.5663987773116,1534.5989248052495,1534.696089103341,3324373,TECHM.NS,Tech Mahindra,IT
2025-06-11,1591.453857421875,1602.6304799320133,1559.478974513152,1572.5021931655533,2660949,TECHM.NS,Tech Mahindra,IT
2025-06-12,1598.1600341796875,1611.3775829054055,1566.5739235376936,1589.9962157015943,2316173,TECHM.NS,Tech Mahindra,IT
2025-06-13,1612.349365234375,1622.0681679181266,1559.4790549072213,1559.867830742117,2511076,TECHM.NS,Tech Mahindra,IT
2025-06-16,1646.26806640625,1658.027794326624,1604.768706350371,1611.377539855535,2160406,TECHM.NS,Tech Mahindra,IT
2025-06-17,1670.2734375,1676.4934950643064,1636.8407318998673,1644.8102214358546,2105126,TECHM.NS,Tech Mahindra,IT
2025-06-18,1662.5955810546875,1684.074230585827,1660.360327548268,1668.8156386996143,1299278,TECHM.NS,Tech Mahindra,IT
2025-06-19,1636.6463623046875,1646.3651649311998,1614.0015047298227,1636.6463623046875,3056884,TECHM.NS,Tech Mahindra,IT
2025-06-20,1648.4061279296875,1660.4574671931982,1622.2625245313793,1632.7588790661825,3425550,TECHM.NS,Tech Mahindra,IT
2025-06-23,1634.50830078125,1644.4214321725888,1628.5797361687896,1632.758868823847,732380,TECHM.NS,Tech Mahindra,IT
2025-06-24,1629.9404296875,1660.4574948778288,1627.6078932366836,1651.0303034097055,1923989,TECHM.NS,Tech Mahindra,IT
2025-06-25,1657.055908203125,1665.8028308857222,1628.6770509546805,1642.2833751276091,1416375,TECHM.NS,Tech Mahindra,IT
2025-06-26,1642.6719970703125,1655.5980522121797,1623.3316744641927,1647.3370698559697,2528268,TECHM.NS,Tech Mahindra,IT
2025-06-27,1627.31640625,1653.9459503317719,1615.8481711971017,1650.2527577180638,6183785,TECHM.NS,Tech Mahindra,IT
2025-06-30,1639.5621337890625,1641.9918346393724,1613.3213646057166,1633.3420758847221,1546996,TECHM.NS,Tech Mahindra,IT
2025-07-01,1624.206298828125,1649.669633697109,1622.359821180903,1642.4776957986103,1689051,TECHM.NS,Tech Mahindra,IT
2025-07-02,1629.9404296875,1651.2246320148852,1620.6104025219663,1627.8995047821852,1931642,TECHM.NS,Tech Mahindra,IT
2025-07-03,1624.8865966796875,1645.3932460123078,1623.040000496488,1637.5210397973249,1713273,TECHM.NS,Tech Mahindra,IT
2025-07-04,1638.048828125,1646.658751517565,1623.501197324542,1627.9545684845302,1310544,TECHM.NS,Tech Mahindra,IT
2025-07-07,1607.0732421875,1630.824555219481,1598.7602584652216,1630.824555219481,1550115,TECHM.NS,Tech Mahindra,IT
2025-07-08,1618.4541015625,1626.767085397165,1602.2240132768072,1606.1825655023213,1318755,TECHM.NS,Tech Mahindra,IT
2025-07-09,1598.0675048828125,1619.4436617111448,1595.29647013609,1617.8602650581981,1173847,TECHM.NS,Tech Mahindra,IT
2025-07-10,1583.519775390625,1600.6405614993353,1573.623395167191,1598.067526802327,1631315,TECHM.NS,Tech Mahindra,IT
2025-07-11,1585.8948974609375,1590.348268467848,1561.450887145174,1563.6280424263846,2559235,TECHM.NS,Tech Mahindra,IT
2025-07-14,1560.3621826171875,1581.4415202899029,1547.892768007525,1581.4415202899029,2068336,TECHM.NS,Tech Mahindra,IT
2025-07-15,1562.638427734375,1578.373696354596,1536.9078393106297,1538.491235975622,2574760,TECHM.NS,Tech Mahindra,IT
2025-07-16,1591.239013671875,1594.3068674058604,1560.9561140945243,1563.628088455158,2207039,TECHM.NS,Tech Mahindra,IT
2025-07-17,1547.4969482421875,1587.2804697641882,1544.726034225231,1566.9928900304992,7617296,TECHM.NS,Tech Mahindra,IT
2025-07-18,1532.850341796875,1557.6902317507486,1522.0632632990162,1556.7005937382005,3619191,TECHM.NS,Tech Mahindra,IT
2025-07-21,1527.80322265625,1537.3037234813082,1515.4327474138765,1534.9285680736882,988104,TECHM.NS,Tech Mahindra,IT
2025-07-22,1531.16796875,1536.710038568854,1525.2301403487377,1533.939003659427,1404790,TECHM.NS,Tech Mahindra,IT
2025-07-23,1530.5740966796875,1536.8088643612866,1518.5995011186883,1534.9285280124377,2887100,TECHM.NS,Tech Mahindra,IT
2025-07-24,1483.071533203125,1537.8975044334593,1480.0036794596128,1537.8975044334593,2207437,TECHM.NS,Tech Mahindra,IT
2025-07-25,1446.7518310546875,1485.7435928117823,1440.6160029091184,1474.659574615958,1179664,TECHM.NS,Tech Mahindra,IT
2025-07-28,1435.56884765625,1450.8092969007384,1430.1258386978911,1446.850744931023,1070496,TECHM.NS,Tech Mahindra,IT
2025-07-29,1438.73583984375,1443.9808490051942,1421.5161136793113,1435.5689256127514,1458817,TECHM.NS,Tech Mahindra,IT
2025-07-30,1448.038330078125,1450.9083045517857,1433.589638872449,1436.261734060516,1299448,TECHM.NS,Tech Mahindra,IT
2025-07-31,1448.5330810546875,1458.0337024254131,1432.2040541812037,1434.975088881902,1382994,TECHM.NS,Tech Mahindra,IT
2025-08-01,1423.8912353515625,1444.6736338278047,1417.5575278453375,1441.5067196719808,1620011,TECHM.NS,Tech Mahindra,IT
2025-08-04,1459.716064453125,1461.6953404727226,1404.395275544292,1420.130544061176,1581473,TECHM.NS,Tech Mahindra,IT
2025-08-05,1470.00830078125,1472.3834561284712,1446.0589888377804,1454.8667911474568,2929677,TECHM.NS,Tech Mahindra,IT
2025-08-06,1443.8818359375,1466.148690844007,1438.2409476833525,1464.7631734887404,1039973,TECHM.NS,Tech Mahindra,IT
2025-08-07,1466.6435546875,1476.5399349485492,1434.9751378521423,1439.923327982667,1587489,TECHM.NS,Tech Mahindra,IT
2025-08-08,1465.0601806640625,1480.4985099489693,1458.5285937518431,1458.5285937518431,1371665,TECHM.NS,Tech Mahindra,IT
2025-08-11,1465.7528076171875,1506.921723974621,1454.4709103332407,1465.0601093440916,888886,TECHM.NS,Tech Mahindra,IT
2025-08-12,1493.6607666015625,1501.6768106960017,1465.653961287868,1467.2373580167628,2532937,TECHM.NS,Tech Mahindra,IT
2025-08-13,1490.6917724609375,1502.9631870556111,1483.7643064389158,1499.3015747661393,1815196,TECHM.NS,Tech Mahindra,IT
2025-08-14,1471.2947998046875,1514.0472348621527,1469.6124634885196,1494.2544744111287,1715172,TECHM.NS,Tech Mahindra,IT
2025-08-18,1455.9554443359375,1484.4570683708275,1452.887590555723,1484.4570683708275,1249405,TECHM.NS,Tech Mahindra,IT
2025-08-19,1481.191162109375,1484.0611365011343,1449.2259268509702,1456.747151570276,1807647,TECHM.NS,Tech Mahindra,IT
2025-08-20,1508.3072509765625,1516.1254153342131,1471.9875847146798,1472.5813433533351,2329633,TECHM.NS,Tech Mahindra,IT
2025-08-21,1505.536376953125,1515.8285157769797,1493.4627205552604,1512.166903403734,1251760,TECHM.NS,Tech Mahindra,IT
2025-08-22,1489.4052734375,1513.7503454402436,1483.4674451048588,1513.7503454402436,969599,TECHM.NS,Tech Mahindra,IT
2025-08-25,1511.2762451171875,1523.7456604118722,1489.4052683280731,1500.2912869005706,1386218,TECHM.NS,Tech Mahindra,IT
2025-08-26,1486.6341552734375,1510.6824069955344,1483.368422356699,1505.2393979955505,1510822,TECHM.NS,Tech Mahindra,IT
2025-08-28,1480.1026611328125,1493.5617146128054,1467.2373663288404,1484.4570927660116,1771867,TECHM.NS,Tech Mahindra,IT
2025-08-29,1466.0498046875,1489.1082983486128,1463.3777095179885,1483.269530604464,2279980,TECHM.NS,Tech Mahindra,IT
2025-09-01,1489.9000244140625,1494.2544558201962,1469.6124452041734,1469.6124452041734,1241192,TECHM.NS,Tech Mahindra,IT
2025-09-02,1497.12451171875,1504.150917812897,1483.0715787250285,1486.4363723041126,1137022,TECHM.NS,Tech Mahindra,IT
2025-09-03,1492.572021484375,1500.3901860455867,1481.7850636525886,1497.1244530452432,1431929,TECHM.NS,Tech Mahindra,IT
2025-09-04,1484.8529052734375,1495.145164814133,1479.8057755464433,1490.4937936497095,1038934,TECHM.NS,Tech Mahindra,IT
2025-09-05,1462.5860595703125,1491.7803812731152,1446.949730471727,1483.4673977119105,1875965,TECHM.NS,Tech Mahindra,IT
2025-09-08,1445.564208984375,1472.4824356394215,1443.881872670807,1467.0394265238017,1308412,TECHM.NS,Tech Mahindra,IT
2025-09-09,1482.6756591796875,1484.45705596902,1450.5124229670255,1451.4031213616918,1749566,TECHM.NS,Tech Mahindra,IT
2025-09-10,1510.1876220703125,1520.0840022935781,1486.2384302521791,1487.425947556802,1660976,TECHM.NS,Tech Mahindra,IT
2025-09-11,1505.4373779296875,1515.6306983333695,1490.097987904113,1510.187688969456,896908,TECHM.NS,Tech Mahindra,IT
2025-09-12,1509.69287109375,1514.1462423949115,1496.8275762237279,1513.1566043279868,770698,TECHM.NS,Tech Mahindra,IT
2025-09-15,1504.0518798828125,1512.067923517255,1489.998947807403,1512.067923517255,825515,TECHM.NS,Tech Mahindra,IT
2025-09-16,1515.630615234375,1518.1047102641405,1494.3533979783913,1507.1197524930658,1011289,TECHM.NS,Tech Mahindra,IT
2025-09-17,1531.16796875,1533.3452449803865,1509.7918106665413,1522.3602865991368,1946337,TECHM.NS,Tech Mahindra,IT
2025-09-18,1534.631591796875,1550.6637998124208,1525.8239102784069,1539.876721496892,2246114,TECHM.NS,Tech Mahindra,IT
2025-09-19,1537.6995849609375,1541.2622576282095,1525.6259287815897,1534.9285502167145,2621234,TECHM.NS,Tech Mahindra,IT
2025-09-22,1489.8011474609375,1494.3534583384994,1438.2410291190852,1483.4674397678216,5723501,TECHM.NS,Tech Mahindra,IT
2025-09-23,1456.648193359375,1496.0357131949572,1452.9864602836687,1496.0357131949572,1380054,TECHM.NS,Tech Mahindra,IT
2025-09-24,1437.350341796875,1454.7679474832075,1424.0891676383237,1454.7679474832075,2122106,TECHM.NS,Tech Mahindra,IT
2025-09-25,1429.334228515625,1445.0693762561637,1422.1098227085765,1436.9543928829876,1581629,TECHM.NS,Tech Mahindra,IT
2025-09-26,1393.1134033203125,1426.563216979923,1388.956971925995,1424.9798202966317,1851067,TECHM.NS,Tech Mahindra,IT
2025-09-29,1396.082275390625,1410.2341470835258,1377.4771535123537,1400.3377671039923,2708118,TECHM.NS,Tech Mahindra,IT
2025-09-30,1385.7901611328125,1411.9165080921323,1378.0709362913815,1393.4103255283771,2225340,TECHM.NS,Tech Mahindra,IT
2025-10-01,1401.327392578125,1408.8486171342686,1378.9615981853487,1386.4828227414923,1683484,TECHM.NS,Tech Mahindra,IT
2025-10-03,1386.0870361328125,1409.046711499703,1382.8213030334825,1408.254952733269,2568702,TECHM.NS,Tech Mahindra,IT
2025-10-06,1424.3861083984375,1427.0580828388636,1382.6233097738498,1390.3425349657455,3036770,TECHM.NS,Tech Mahindra,IT
2025-10-07,1423.990234375,1430.8187611773226,1411.8176378662758,1425.0788120842565,1105550,TECHM.NS,Tech Mahindra,IT
2025-10-08,1443.090087890625,1457.5388993811462,1417.2605601691457,1417.2605601691457,1154614,TECHM.NS,Tech Mahindra,IT
2025-10-09,1451.403076171875,1460.1119389512437,1436.9543854380586,1443.0900927561904,1354036,TECHM.NS,Tech Mahindra,IT
2025-10-10,1442.1004638671875,1462.388043128704,1435.0740581376979,1461.6953448419429,937053,TECHM.NS,Tech Mahindra,IT
2025-10-13,1435.8658447265625,1446.355983704215,1424.2870072694188,1439.923336496499,1229414,TECHM.NS,Tech Mahindra,IT
2025-10-14,1452.78857421875,1464.4663508622946,1442.79325464713,1444.8714702720538,1430713,TECHM.NS,Tech Mahindra,IT
2025-10-15,1443.8818359375,1463.6745958543952,1425.4745933758713,1454.7678538917924,2810322,TECHM.NS,Tech Mahindra,IT
2025-10-16,1448.6322021484375,1451.502055802019,1432.8969332504778,1450.8093575005526,1619438,TECHM.NS,Tech Mahindra,IT
2025-10-17,1432.5999755859375,1449.819701319002,1425.1776904256014,1449.819701319002,1433539,TECHM.NS,Tech Mahindra,IT
2025-10-20,1444.4000244140625,1455.0,1439.0,1440.0,1800507,TECHM.NS,Tech Mahindra,IT
2025-10-21,1448.699951171875,1457.300048828125,1442.0,1450.0,114229,TECHM.NS,Tech Mahindra,IT
2025-10-23,1463.4000244140625,1487.5,1460.9000244140625,1465.0,3244860,TECHM.NS,Tech Mahindra,IT
2025-10-24,1453.699951171875,1468.0,1450.0,1465.4000244140625,969361,TECHM.NS,Tech Mahindra,IT
2025-10-27,1462.800048828125,1475.5999755859375,1457.0,1457.9000244140625,1036807,TECHM.NS,Tech Mahindra,IT
2025-10-28,1447.4000244140625,1469.5999755859375,1435.300048828125,1469.0,1432913,TECHM.NS,Tech Mahindra,IT
2025-10-29,1452.199951171875,1461.199951171875,1442.5999755859375,1453.0,1311858,TECHM.NS,Tech Mahindra,IT
2025-10-30,1433.800048828125,1458.0999755859375,1432.5,1453.199951171875,1797868,TECHM.NS,Tech Mahindra,IT
2025-10-31,1424.4000244140625,1437.5,1420.300048828125,1433.800048828125,1757591,TECHM.NS,Tech Mahindra,IT
2025-11-03,1419.800048828125,1424.0,1414.0,1419.0999755859375,2136091,TECHM.NS,Tech Mahindra,IT
2025-11-04,1409.199951171875,1425.300048828125,1405.5999755859375,1419.9000244140625,1191278,TECHM.NS,Tech Mahindra,IT
2025-11-06,1413.5999755859375,1420.9000244140625,1410.0,1412.0,2502412,TECHM.NS,Tech Mahindra,IT
2025-11-07,1386.699951171875,1409.800048828125,1385.0,1400.0999755859375,1209479,TECHM.NS,Tech Mahindra,IT
2025-11-10,1397.800048828125,1404.300048828125,1383.5999755859375,1386.699951171875,2883323,TECHM.NS,Tech Mahindra,IT
2025-11-11,1408.0,1410.4000244140625,1392.199951171875,1405.0,2488036,TECHM.NS,Tech Mahindra,IT
2025-11-12,1456.0999755859375,1460.199951171875,1414.0,1415.0,2958869,TECHM.NS,Tech Mahindra,IT
2025-11-13,1451.4000244140625,1463.800048828125,1442.300048828125,1463.0,1178211,TECHM.NS,Tech Mahindra,IT
2025-11-14,1439.199951171875,1445.800048828125,1422.9000244140625,1444.199951171875,1220596,TECHM.NS,Tech Mahindra,IT
2025-11-17,1452.800048828125,1455.9000244140625,1438.300048828125,1440.0,999416,TECHM.NS,Tech Mahindra,IT
2025-11-18,1422.0,1451.0999755859375,1419.5,1444.0,1553597,TECHM.NS,Tech Mahindra,IT
2025-11-19,1433.9000244140625,1443.5,1417.800048828125,1427.5,5777445,TECHM.NS,Tech Mahindra,IT
2025-11-20,1456.0,1464.699951171875,1430.699951171875,1445.300048828125,2818268,TECHM.NS,Tech Mahindra,IT
2025-11-21,1461.5,1469.0,1440.0,1455.0,2615232,TECHM.NS,Tech Mahindra,IT
2025-11-24,1494.699951171875,1513.800048828125,1461.800048828125,1470.0,6808658,TECHM.NS,Tech Mahindra,IT
2025-11-25,1494.699951171875,1502.0,1483.5,1501.199951171875,1675981,TECHM.NS,Tech Mahindra,IT
2025-11-26,1520.4000244140625,1522.699951171875,1496.199951171875,1498.0,1592891,TECHM.NS,Tech Mahindra,IT
2025-11-27,1509.800048828125,1532.0,1505.0,1523.0,1426194,TECHM.NS,Tech Mahindra,IT
2025-11-28,1517.300048828125,1525.300048828125,1503.699951171875,1515.800048828125,1247146,TECHM.NS,Tech Mahindra,IT
2025-12-01,1529.5,1532.0,1509.699951171875,1515.300048828125,1527101,TECHM.NS,Tech Mahindra,IT
2025-12-02,1536.699951171875,1539.0,1520.0,1523.0999755859375,1754978,TECHM.NS,Tech Mahindra,IT
2025-12-03,1541.699951171875,1550.800048828125,1530.300048828125,1537.9000244140625,2142830,TECHM.NS,Tech Mahindra,IT
2025-12-04,1562.300048828125,1577.9000244140625,1541.0999755859375,1545.0999755859375,2422663,TECHM.NS,Tech Mahindra,IT
2025-12-05,1570.800048828125,1583.0,1556.5999755859375,1567.0999755859375,2223397,TECHM.NS,Tech Mahindra,IT
2025-12-08,1591.800048828125,1595.699951171875,1572.699951171875,1581.0,2833786,TECHM.NS,Tech Mahindra,IT
2025-12-09,1561.5999755859375,1586.0,1559.0,1579.0999755859375,1533609,TECHM.NS,Tech Mahindra,IT
2025-12-10,1550.800048828125,1572.9000244140625,1548.199951171875,1563.0,735586,TECHM.NS,Tech Mahindra,IT
2025-12-11,1568.199951171875,1572.0,1541.0,1550.0,1248064,TECHM.NS,Tech Mahindra,IT
2025-12-12,1578.4000244140625,1580.5,1558.699951171875,1575.0,754479,TECHM.NS,Tech Mahindra,IT
2025-12-15,1575.4000244140625,1588.699951171875,1567.699951171875,1571.0,784781,TECHM.NS,Tech Mahindra,IT
2025-12-16,1578.199951171875,1580.300048828125,1564.699951171875,1570.0,999338,TECHM.NS,Tech Mahindra,IT
2025-12-17,1579.4000244140625,1586.199951171875,1570.300048828125,1578.199951171875,582251,TECHM.NS,Tech Mahindra,IT
2025-12-18,1605.5999755859375,1608.800048828125,1574.5999755859375,1581.0,1748780,TECHM.NS,Tech Mahindra,IT
2025-12-19,1612.5,1624.0,1595.0,1611.0,1802793,TECHM.NS,Tech Mahindra,IT
2025-12-22,1646.699951171875,1649.800048828125,1612.800048828125,1615.9000244140625,1466208,TECHM.NS,Tech Mahindra,IT
2025-12-23,1633.0,1646.5,1628.800048828125,1646.5,1161166,TECHM.NS,Tech Mahindra,IT
2025-12-24,1631.5,1636.5999755859375,1615.300048828125,1630.0,955523,TECHM.NS,Tech Mahindra,IT
2025-12-26,1612.300048828125,1633.699951171875,1608.0,1630.5,461192,TECHM.NS,Tech Mahindra,IT
2025-12-29,1612.4000244140625,1629.800048828125,1610.0999755859375,1614.0,891096,TECHM.NS,Tech Mahindra,IT
2025-12-30,1604.5999755859375,1616.199951171875,1599.0,1614.9000244140625,1973547,TECHM.NS,Tech Mahindra,IT
2025-12-31,1590.9000244140625,1614.800048828125,1588.300048828125,1614.800048828125,729913,TECHM.NS,Tech Mahindra,IT
2026-01-01,1607.699951171875,1613.5,1587.199951171875,1591.0,565878,TECHM.NS,Tech Mahindra,IT
2026-01-02,1612.0,1619.0999755859375,1601.9000244140625,1611.0,637080,TECHM.NS,Tech Mahindra,IT
2026-01-05,1596.9000244140625,1610.0999755859375,1576.0999755859375,1601.9000244140625,907810,TECHM.NS,Tech Mahindra,IT
2026-01-06,1601.800048828125,1625.4000244140625,1596.0999755859375,1603.9000244140625,570335,TECHM.NS,Tech Mahindra,IT
2026-01-07,1625.199951171875,1633.9000244140625,1595.800048828125,1599.0,1309781,TECHM.NS,Tech Mahindra,IT
2026-01-08,1577.9000244140625,1632.800048828125,1574.5,1625.0,1657201,TECHM.NS,Tech Mahindra,IT
2026-01-09,1582.199951171875,1606.4000244140625,1578.0999755859375,1583.0,1410053,TECHM.NS,Tech Mahindra,IT
2026-01-12,1586.0999755859375,1594.0,1562.800048828125,1572.0999755859375,652320,TECHM.NS,Tech Mahindra,IT
2026-01-13,1614.800048828125,1622.9000244140625,1582.0,1582.0,2573438,TECHM.NS,Tech Mahindra,IT
2026-01-14,1588.5,1613.0,1583.0999755859375,1612.9000244140625,1570385,TECHM.NS,Tech Mahindra,IT
2026-01-15,1588.5,1588.5,1588.5,1588.5,0,TECHM.NS,Tech Mahindra,IT
2026-01-16,1670.5,1680.699951171875,1600.0,1600.0,3733401,TECHM.NS,Tech Mahindra,IT
2026-01-19,1718.300048828125,1736.0,1673.5,1690.0,10621562,TECHM.NS,Tech Mahindra,IT
2026-01-20,1678.5,1716.699951171875,1675.0,1715.0,1825981,TECHM.NS,Tech Mahindra,IT
2026-01-21,1686.699951171875,1694.300048828125,1660.0999755859375,1678.5,1766163,TECHM.NS,Tech Mahindra,IT
2026-01-22,1687.4000244140625,1712.5999755859375,1682.699951171875,1695.0,3123567,TECHM.NS,Tech Mahindra,IT
2026-01-23,1701.0999755859375,1709.699951171875,1689.199951171875,1699.0,1831521,TECHM.NS,Tech Mahindra,IT
2026-01-27,1745.0999755859375,1749.0,1700.0,1720.0,2932973,TECHM.NS,Tech Mahindra,IT
2026-01-28,1762.9000244140625,1765.699951171875,1739.9000244140625,1748.0,2534826,TECHM.NS,Tech Mahindra,IT
2026-01-29,1768.4000244140625,1776.5999755859375,1736.0999755859375,1751.0999755859375,1893136,TECHM.NS,Tech Mahindra,IT
2026-01-30,1743.0999755859375,1760.0,1731.0,1757.0999755859375,1672787,TECHM.NS,Tech Mahindra,IT
2026-02-02,1724.0,1729.5999755859375,1709.199951171875,1713.699951171875,1030696,TECHM.NS,Tech Mahindra,IT
2026-02-03,1716.5,1854.0,1712.699951171875,1845.0,2711705,TECHM.NS,Tech Mahindra,IT
2026-02-04,1645.300048828125,1656.0,1598.0,1651.0,4823180,TECHM.NS,Tech Mahindra,IT
2026-02-05,1646.199951171875,1659.0999755859375,1630.0,1630.0999755859375,1720981,TECHM.NS,Tech Mahindra,IT
2026-02-06,1619.9000244140625,1645.9000244140625,1600.0,1645.0,1988639,TECHM.NS,Tech Mahindra,IT
2026-02-09,1621.699951171875,1636.0,1613.5999755859375,1625.0,933821,TECHM.NS,Tech Mahindra,IT
2026-02-10,1644.5999755859375,1658.5,1611.0999755859375,1625.0,1527966,TECHM.NS,Tech Mahindra,IT
2026-02-11,1634.4000244140625,1658.0,1625.0,1655.0,1521823,TECHM.NS,Tech Mahindra,IT
2026-02-12,1536.5999755859375,1611.0,1528.0,1605.0,5343729,TECHM.NS,Tech Mahindra,IT
2026-02-13,1534.4000244140625,1548.0,1464.4000244140625,1482.5999755859375,7058376,TECHM.NS,Tech Mahindra,IT
2026-02-16,1512.699951171875,1541.9000244140625,1494.699951171875,1526.0,1873472,TECHM.NS,Tech Mahindra,IT
2026-02-17,1523.800048828125,1547.5,1506.0,1512.699951171875,1781501,TECHM.NS,Tech Mahindra,IT
2026-02-18,1504.800048828125,1528.5999755859375,1481.699951171875,1524.5999755859375,1989222,TECHM.NS,Tech Mahindra,IT
2026-02-19,1479.300048828125,1532.800048828125,1472.300048828125,1506.800048828125,1108260,TECHM.NS,Tech Mahindra,IT
2026-02-20,1456.9000244140625,1477.300048828125,1453.0999755859375,1465.0,1599813,TECHM.NS,Tech Mahindra,IT
2026-02-23,1440.9000244140625,1470.0,1430.0,1459.5,2660793,TECHM.NS,Tech Mahindra,IT
2026-02-24,1345.4000244140625,1423.199951171875,1335.300048828125,1420.0,7441035,TECHM.NS,Tech Mahindra,IT
2026-02-25,1361.800048828125,1397.699951171875,1351.4000244140625,1355.0999755859375,2683571,TECHM.NS,Tech Mahindra,IT
2026-02-26,1361.800048828125,1396.5999755859375,1360.4000244140625,1366.4000244140625,1587449,TECHM.NS,Tech Mahindra,IT
2026-02-27,1357.800048828125,1410.4000244140625,1354.0,1391.0,2601590,TECHM.NS,Tech Mahindra,IT
2026-03-02,1345.4000244140625,1362.800048828125,1322.199951171875,1335.0,1564363,TECHM.NS,Tech Mahindra,IT
2026-03-04,1351.199951171875,1362.199951171875,1321.0,1321.0,1820421,TECHM.NS,Tech Mahindra,IT
2026-03-05,1333.300048828125,1366.699951171875,1319.300048828125,1358.0,1210010,TECHM.NS,Tech Mahindra,IT
2026-03-06,1331.699951171875,1359.5,1326.5999755859375,1330.0,1033627,TECHM.NS,Tech Mahindra,IT
2026-03-09,1336.300048828125,1340.4000244140625,1304.0999755859375,1305.0,1032250,TECHM.NS,Tech Mahindra,IT
2026-03-10,1336.5999755859375,1347.9000244140625,1316.699951171875,1340.0,1069187,TECHM.NS,Tech Mahindra,IT
2026-03-11,1334.4000244140625,1355.4000244140625,1330.199951171875,1343.9000244140625,1499971,TECHM.NS,Tech Mahindra,IT
2026-03-12,1349.800048828125,1356.5,1327.0,1334.4000244140625,3067753,TECHM.NS,Tech Mahindra,IT
2026-03-13,1332.800048828125,1342.5,1319.800048828125,1342.5,1150005,TECHM.NS,Tech Mahindra,IT
2026-03-16,1339.5,1346.4000244140625,1315.9000244140625,1324.0,2062060,TECHM.NS,Tech Mahindra,IT
2026-03-17,1341.800048828125,1354.800048828125,1318.199951171875,1340.9000244140625,1634005,TECHM.NS,Tech Mahindra,IT
2026-03-18,1385.199951171875,1404.699951171875,1344.300048828125,1346.800048828125,2969039,TECHM.NS,Tech Mahindra,IT
2026-03-19,1340.5999755859375,1379.300048828125,1331.0999755859375,1364.0999755859375,1219405,TECHM.NS,Tech Mahindra,IT
2026-03-20,1384.800048828125,1391.0,1355.5999755859375,1360.699951171875,3397016,TECHM.NS,Tech Mahindra,IT
2026-03-23,1384.0,1414.5999755859375,1357.5999755859375,1366.0,3647386,TECHM.NS,Tech Mahindra,IT
2026-03-24,1432.699951171875,1439.199951171875,1400.0,1414.0,3988700,TECHM.NS,Tech Mahindra,IT
2026-03-25,1408.5,1428.699951171875,1393.0,1422.4000244140625,4938929,TECHM.NS,Tech Mahindra,IT
2026-03-27,1391.5999755859375,1421.0,1385.5,1395.0,2584016,TECHM.NS,Tech Mahindra,IT
2026-03-30,1384.0,1422.0,1367.0999755859375,1380.0,3048646,TECHM.NS,Tech Mahindra,IT
2026-04-01,1404.5,1422.800048828125,1395.0,1412.5999755859375,1624500,TECHM.NS,Tech Mahindra,IT
2026-04-02,1441.5,1447.0,1383.5,1390.0,2501510,TECHM.NS,Tech Mahindra,IT
2026-04-06,1449.5,1464.9000244140625,1433.699951171875,1435.0,1476736,TECHM.NS,Tech Mahindra,IT
2026-04-07,1473.4000244140625,1482.0,1431.300048828125,1435.0,1673236,TECHM.NS,Tech Mahindra,IT
2026-04-08,1451.4000244140625,1493.0,1445.800048828125,1484.0,2736951,TECHM.NS,Tech Mahindra,IT
2026-04-09,1461.5999755859375,1464.0,1433.5999755859375,1452.0,1805451,TECHM.NS,Tech Mahindra,IT
2026-04-10,1440.199951171875,1461.0,1426.0,1461.0,2045026,TECHM.NS,Tech Mahindra,IT
2026-04-13,1435.4000244140625,1439.4000244140625,1412.9000244140625,1425.5999755859375,1285567,TECHM.NS,Tech Mahindra,IT
2026-04-15,1483.800048828125,1485.699951171875,1450.0,1455.0,1678561,TECHM.NS,Tech Mahindra,IT
2026-04-16,1491.0,1511.5,1479.5,1489.800048828125,1768783,TECHM.NS,Tech Mahindra,IT
2026-04-17,1511.4000244140625,1522.5,1474.9000244140625,1486.0,1859402,TECHM.NS,Tech Mahindra,IT
2026-04-20,1504.4000244140625,1531.300048828125,1496.199951171875,1510.9000244140625,1341688,TECHM.NS,Tech Mahindra,IT
2026-04-21,1500.800048828125,1510.9000244140625,1489.0,1501.0,2001948,TECHM.NS,Tech Mahindra,IT
2026-04-22,1462.5999755859375,1502.800048828125,1404.0999755859375,1463.4000244140625,11668801,TECHM.NS,Tech Mahindra,IT
2026-04-23,1421.5,1473.9000244140625,1413.9000244140625,1470.199951171875,4101549,TECHM.NS,Tech Mahindra,IT
2026-04-24,1358.5,1426.699951171875,1347.4000244140625,1407.0999755859375,3693260,TECHM.NS,Tech Mahindra,IT
2026-04-27,1396.0999755859375,1400.5,1360.199951171875,1362.9000244140625,1834277,TECHM.NS,Tech Mahindra,IT
2026-04-28,1408.0999755859375,1413.0,1383.5999755859375,1392.5,2009200,TECHM.NS,Tech Mahindra,IT
2026-04-29,1459.800048828125,1464.0,1405.199951171875,1414.0,3334783,TECHM.NS,Tech Mahindra,IT
2026-04-30,1473.5,1482.0,1445.5999755859375,1459.699951171875,2635309,TECHM.NS,Tech Mahindra,IT
2026-05-01,1473.5,1473.5,1473.5,1473.5,0,TECHM.NS,Tech Mahindra,IT
2026-05-04,1471.5999755859375,1492.4000244140625,1455.199951171875,1484.0,1483759,TECHM.NS,Tech Mahindra,IT
2026-05-05,1452.199951171875,1483.800048828125,1447.0999755859375,1465.0,711081,TECHM.NS,Tech Mahindra,IT
2026-05-06,1466.699951171875,1480.5999755859375,1455.4000244140625,1467.9000244140625,877900,TECHM.NS,Tech Mahindra,IT
2026-05-07,1448.199951171875,1475.9000244140625,1444.0,1467.0,1147147,TECHM.NS,Tech Mahindra,IT
2026-05-08,1463.0,1469.800048828125,1448.4000244140625,1453.5,1360644,TECHM.NS,Tech Mahindra,IT
2026-05-11,1457.4000244140625,1475.4000244140625,1451.800048828125,1460.0,1348443,TECHM.NS,Tech Mahindra,IT
2026-05-12,1392.9000244140625,1447.0,1388.9000244140625,1447.0,1474910,TECHM.NS,Tech Mahindra,IT
2026-05-13,1375.0,1399.9000244140625,1371.5999755859375,1392.9000244140625,2142904,TECHM.NS,Tech Mahindra,IT
2026-05-14,1343.4000244140625,1374.0,1327.300048828125,1370.0,2337353,TECHM.NS,Tech Mahindra,IT
2026-05-15,1370.5,1387.699951171875,1350.0,1350.0,5306932,TECHM.NS,Tech Mahindra,IT
2026-05-18,1430.0,1437.699951171875,1363.699951171875,1363.699951171875,6204623,TECHM.NS,Tech Mahindra,IT
2026-05-19,1467.0999755859375,1506.800048828125,1445.5999755859375,1446.300048828125,6697277,TECHM.NS,Tech Mahindra,IT
2026-05-20,,,,,2216258,TECHM.NS,Tech Mahindra,IT
