Date,Close,High,Low,Open,Volume,Ticker,Company,Sector
2021-05-21,236.84156799316406,238.3198123673899,235.20163843775995,235.5942984213121,10395006,WIPRO.NS,Wipro,IT
2021-05-24,237.8578338623047,239.52084095927015,235.4325846344703,236.47197111886442,14873624,WIPRO.NS,Wipro,IT
2021-05-25,239.08203125,242.45425799293895,238.2274356915401,239.0127557208962,15909128,WIPRO.NS,Wipro,IT
2021-05-26,243.56292724609375,245.04117160904823,237.7885572307762,237.85786094902645,17646380,WIPRO.NS,Wipro,IT
2021-05-27,249.86854553222656,251.76252758091587,242.54662758364557,243.56292232484017,58822252,WIPRO.NS,Wipro,IT
2021-05-28,248.85227966308594,249.59138781779822,246.05748994692104,248.99085891769838,11757252,WIPRO.NS,Wipro,IT
2021-05-31,249.01393127441406,249.7068556884205,245.31833439971305,248.8522601892125,10772410,WIPRO.NS,Wipro,IT
2021-06-01,250.7462615966797,252.68645574416956,249.29113713243882,250.33052383339748,11930088,WIPRO.NS,Wipro,IT
2021-06-02,250.83865356445312,251.7625528409336,246.21915718205068,250.35361208333453,9427136,WIPRO.NS,Wipro,IT
2021-06-03,249.01393127441406,254.02610145282725,248.66746906741082,252.0859074545759,11275982,WIPRO.NS,Wipro,IT
2021-06-04,250.00714111328125,251.99351884922794,249.66067889671493,251.06961960505112,9543432,WIPRO.NS,Wipro,IT
2021-06-07,253.26388549804688,254.62664255015704,250.70007068197026,251.62396994507304,8696866,WIPRO.NS,Wipro,IT
2021-06-08,254.34945678710938,256.61302126808135,253.67965237503728,254.07229828522907,10859468,WIPRO.NS,Wipro,IT
2021-06-09,251.39297485351562,255.57361304283802,250.4690756649288,255.45812564426464,12413798,WIPRO.NS,Wipro,IT
2021-06-10,256.0355529785156,256.6129899495993,252.0165860207401,252.0165860207401,11441488,WIPRO.NS,Wipro,IT
2021-06-11,256.05865478515625,258.20673167926526,254.76520155861527,256.3820251405829,11224718,WIPRO.NS,Wipro,IT
2021-06-14,259.43084716796875,259.98519224812514,255.4580924513115,255.8738583102193,11904318,WIPRO.NS,Wipro,IT
2021-06-15,257.7217102050781,260.53959167383795,257.30594425944633,259.3847175972695,7674490,WIPRO.NS,Wipro,IT
2021-06-16,256.4975280761719,259.86975468379495,255.68911623621995,258.6456051003968,10994538,WIPRO.NS,Wipro,IT
2021-06-17,258.09124755859375,259.384700801563,253.8643974339836,255.22715439512655,8798696,WIPRO.NS,Wipro,IT
2021-06-18,253.97994995117188,259.59265031694764,252.24763850434888,258.69184272556504,20014232,WIPRO.NS,Wipro,IT
2021-06-21,250.4459991455078,251.64705688608026,247.23544362972675,251.64705688608026,10781642,WIPRO.NS,Wipro,IT
2021-06-22,257.0980529785156,258.6686929499607,250.51527095479796,251.87802796014483,11505842,WIPRO.NS,Wipro,IT
2021-06-23,249.5220947265625,259.08442915901344,248.7136829038561,258.69178326605135,22485404,WIPRO.NS,Wipro,IT
2021-06-24,253.63343811035156,254.3263625537066,249.08324554372066,250.33051518079327,17337360,WIPRO.NS,Wipro,IT
2021-06-25,252.91738891601562,254.53421240680294,249.68374193444097,254.00295912462144,10079644,WIPRO.NS,Wipro,IT
2021-06-28,252.87124633789062,254.44185820998084,251.41609368160164,253.95681672294077,6519660,WIPRO.NS,Wipro,IT
2021-06-29,250.65386962890625,255.80461952126208,249.91476146456483,253.05601345576952,15855760,WIPRO.NS,Wipro,IT
2021-06-30,252.06280517578125,253.148375434707,250.37667789345107,251.69322294748144,8586644,WIPRO.NS,Wipro,IT
2021-07-01,249.1525115966797,252.17830410707205,248.52889089944108,251.76253817880186,8658748,WIPRO.NS,Wipro,IT
2021-07-02,248.80606079101562,250.5152800703307,246.49631262847308,249.4989852397784,8314614,WIPRO.NS,Wipro,IT
2021-07-05,247.76666259765625,250.79245510603346,247.3971085478659,250.79245510603346,6878338,WIPRO.NS,Wipro,IT
2021-07-06,246.0343475341797,248.66746591303607,245.68788533157138,247.85905410695003,8386882,WIPRO.NS,Wipro,IT
2021-07-07,245.82650756835938,247.78979350133645,242.56974011163956,246.7041949507072,10755374,WIPRO.NS,Wipro,IT
2021-07-08,245.2952423095703,248.04384812137565,243.90939348296257,246.63490745335776,9131020,WIPRO.NS,Wipro,IT
2021-07-09,242.89309692382812,245.27214867013112,241.71513106888023,243.63223320970042,11449216,WIPRO.NS,Wipro,IT
2021-07-12,242.9161834716797,245.82648847893597,241.6920339609255,245.17974776728664,7731112,WIPRO.NS,Wipro,IT
2021-07-13,242.45423889160156,244.6023158327889,241.41485228041407,243.90939142533057,8344716,WIPRO.NS,Wipro,IT
2021-07-14,259.4771423339844,260.2162505480148,242.8007418764016,243.10102044813516,58696166,WIPRO.NS,Wipro,IT
2021-07-15,266.0367736816406,267.76908460196256,258.2298145226572,259.15371368016224,62132402,WIPRO.NS,Wipro,IT
2021-07-16,266.8913879394531,272.2038084696197,262.52595847345685,267.9307745649205,73815654,WIPRO.NS,Wipro,IT
2021-07-19,265.066650390625,269.7785415150228,263.31124771158045,264.48921344388907,21715702,WIPRO.NS,Wipro,IT
2021-07-20,262.43359375,267.07621044542856,259.40782907934585,265.9444281256715,21047054,WIPRO.NS,Wipro,IT
2021-07-22,269.8710021972656,270.24055629333355,263.77326092904866,266.59114263113327,24086770,WIPRO.NS,Wipro,IT
2021-07-23,276.7771301269531,278.0012797206588,269.64000275510597,270.93345607088656,28114910,WIPRO.NS,Wipro,IT
2021-07-26,272.7581481933594,277.4007360553355,271.7418534297271,277.2159449364329,12199806,WIPRO.NS,Wipro,IT
2021-07-27,273.2200927734375,274.6983371119889,269.8478663791945,272.042126948792,7966274,WIPRO.NS,Wipro,IT
2021-07-28,273.45111083984375,274.0978234561164,269.3166556838788,272.9891611731475,9147860,WIPRO.NS,Wipro,IT
2021-07-29,272.7581481933594,276.24586205010934,271.5801823470619,274.2132725228447,11668940,WIPRO.NS,Wipro,IT
2021-07-30,271.2337341308594,273.9361281643632,270.2405311570868,272.0190259387715,6356412,WIPRO.NS,Wipro,IT
2021-08-02,273.5896911621094,275.0448438959151,268.97019447722784,271.7188006437664,9247796,WIPRO.NS,Wipro,IT
2021-08-03,276.8926086425781,279.01756557918736,274.46737318017625,279.01756557918736,10331214,WIPRO.NS,Wipro,IT
2021-08-04,275.6915283203125,279.01757123231397,274.5366542671986,278.7865964216912,9018712,WIPRO.NS,Wipro,IT
2021-08-05,277.5855407714844,283.8680443895906,276.01490076937404,276.01490076937404,22588728,WIPRO.NS,Wipro,IT
2021-08-06,276.245849609375,280.1262373702482,275.46052968215486,278.9020597017728,10540400,WIPRO.NS,Wipro,IT
2021-08-09,275.6915283203125,279.94147047480504,275.09099945172676,277.1697727473317,9293502,WIPRO.NS,Wipro,IT
2021-08-10,278.9482421875,281.3042019590733,273.9822842099313,276.4306395363993,14055564,WIPRO.NS,Wipro,IT
2021-08-11,277.7471923828125,280.1724277424961,276.4537391633477,278.04747089588716,8565026,WIPRO.NS,Wipro,IT
2021-08-12,279.8722229003906,281.28119208398516,277.4701069441448,278.09372777986766,7905016,WIPRO.NS,Wipro,IT
2021-08-13,284.3299865722656,286.6166427938054,279.9414652523038,279.9414652523038,16729368,WIPRO.NS,Wipro,IT
2021-08-16,283.6601257324219,286.8244971807383,282.02021041002047,284.6071167049215,7144852,WIPRO.NS,Wipro,IT
2021-08-17,293.29180908203125,294.2849837939735,282.3435980437951,283.52156387176484,23645544,WIPRO.NS,Wipro,IT
2021-08-18,290.7510986328125,295.2781992156992,288.53371792716706,293.68446740670413,13847154,WIPRO.NS,Wipro,IT
2021-08-20,286.4318542480469,291.92906596584635,285.48486317267253,287.5636364482017,12341386,WIPRO.NS,Wipro,IT
2021-08-23,290.49700927734375,294.23881814244265,288.02559007123887,289.1804641292631,14072750,WIPRO.NS,Wipro,IT
2021-08-24,292.6681823730469,293.79996460529264,288.30275273162334,293.79996460529264,8967436,WIPRO.NS,Wipro,IT
2021-08-25,291.7904968261719,296.9412183146143,290.8203856802244,293.3380168179316,12815436,WIPRO.NS,Wipro,IT
2021-08-26,290.543212890625,294.9548260277308,289.1804559018942,292.0445491233425,8416702,WIPRO.NS,Wipro,IT
2021-08-27,293.3149108886719,293.79995234076716,288.85708586832783,290.7972798718757,8743108,WIPRO.NS,Wipro,IT
2021-08-30,292.1600036621094,295.41674240771215,291.28228822364576,293.7768271154745,8743710,WIPRO.NS,Wipro,IT
2021-08-31,296.08660888671875,296.8257169864449,290.52012171175005,293.15321193900354,15591816,WIPRO.NS,Wipro,IT
2021-09-01,296.59478759765625,299.0431152724675,293.45353540005857,297.4031995409071,9450444,WIPRO.NS,Wipro,IT
2021-09-02,300.9370422363281,303.50085661896253,295.9941763753428,297.9574619775203,9077556,WIPRO.NS,Wipro,IT
2021-09-03,302.6231689453125,303.3623052157281,300.03626248677233,301.6530860721514,7549940,WIPRO.NS,Wipro,IT
2021-09-06,317.10528564453125,318.14467216942364,303.3391941983228,303.3391941983228,24676832,WIPRO.NS,Wipro,IT
2021-09-07,311.469482421875,318.7451877954672,310.77655810058053,318.7451877954672,12812218,WIPRO.NS,Wipro,IT
2021-09-08,305.903076171875,312.0008174361484,304.8867812619677,312.0008174361484,13432462,WIPRO.NS,Wipro,IT
2021-09-09,305.97235107421875,306.9886459820307,302.11508262760714,305.30254661229674,11611460,WIPRO.NS,Wipro,IT
2021-09-13,309.8527526855469,310.360886063392,303.89359044267246,305.9723640350466,11177578,WIPRO.NS,Wipro,IT
2021-09-14,311.0999755859375,312.13936222545124,309.50624376631635,309.96819338387803,7322676,WIPRO.NS,Wipro,IT
2021-09-15,311.37713623046875,314.37980876537233,309.50624590544686,311.35404438846444,8290832,WIPRO.NS,Wipro,IT
2021-09-16,308.5130310058594,314.4721921610879,307.19648591571564,314.0102425582071,9315692,WIPRO.NS,Wipro,IT
2021-09-17,307.3119812011719,311.5388314540462,306.1571071643392,310.15298260984696,10815562,WIPRO.NS,Wipro,IT
2021-09-20,306.0415954589844,309.73719208339475,301.83786557678343,303.8473349632407,9092860,WIPRO.NS,Wipro,IT
2021-09-21,308.3975524902344,309.0442932309669,303.54708152024165,305.1177214933537,7367102,WIPRO.NS,Wipro,IT
2021-09-22,308.6516418457031,311.5850105782696,306.2725900865719,309.0442877344142,9583304,WIPRO.NS,Wipro,IT
2021-09-23,311.4925842285156,312.73985368579304,310.1529474149066,310.8458717583759,6462586,WIPRO.NS,Wipro,IT
2021-09-24,312.5089111328125,322.9720810763015,311.8159867178839,314.3567095726222,24253176,WIPRO.NS,Wipro,IT
2021-09-27,302.06884765625,313.3634925560691,300.72918256950254,313.22491331834203,16798164,WIPRO.NS,Wipro,IT
2021-09-28,295.46295166015625,302.0688534689728,293.4534821865321,302.0688534689728,16224924,WIPRO.NS,Wipro,IT
2021-09-29,295.9941711425781,298.6503810279778,289.80403595766865,291.0051216925122,17679132,WIPRO.NS,Wipro,IT
2021-09-30,292.9222412109375,298.7659151510228,292.2062249427671,295.0703182106159,12027918,WIPRO.NS,Wipro,IT
2021-10-01,293.9154357910156,295.53225940636895,291.12064632350956,293.2456032256217,8417708,WIPRO.NS,Wipro,IT
2021-10-04,296.1328125,297.31077844860306,293.77688060279394,295.6015873285591,10494244,WIPRO.NS,Wipro,IT
2021-10-05,298.81207275390625,300.0362504116347,292.8991238043804,294.007814067801,10912148,WIPRO.NS,Wipro,IT
2021-10-06,293.6844482421875,300.47511277097306,293.0608275813987,300.4520209307892,9673198,WIPRO.NS,Wipro,IT
2021-10-07,297.010498046875,299.59740450344424,294.21570863331084,295.1857915057329,7448686,WIPRO.NS,Wipro,IT
2021-10-08,305.4179992675781,308.37445988679025,297.9575017064733,298.4887550418462,22091966,WIPRO.NS,Wipro,IT
2021-10-11,301.56072998046875,307.7970503402471,293.3380317377209,299.782235081859,20422932,WIPRO.NS,Wipro,IT
2021-10-12,304.4709777832031,305.99543405789547,296.8257173488576,301.1911468183097,18680432,WIPRO.NS,Wipro,IT
2021-10-13,310.7073059082031,311.67741703596545,303.0389534258002,307.1965000429224,18925882,WIPRO.NS,Wipro,IT
2021-10-14,327.1758117675781,341.7734081871542,321.05497942600323,321.97887864737305,118377606,WIPRO.NS,Wipro,IT
2021-10-18,327.8687438964844,332.9732815755998,324.47342545614464,332.14177789583977,21198892,WIPRO.NS,Wipro,IT
2021-10-19,328.70025634765625,337.2001408890994,327.060340786419,331.2640711766518,21865148,WIPRO.NS,Wipro,IT
2021-10-20,324.26556396484375,333.8741110905038,321.4014704824877,329.6472604952751,16108782,WIPRO.NS,Wipro,IT
2021-10-21,321.655517578125,327.52228344243196,314.9110643452477,327.4991916002636,15916912,WIPRO.NS,Wipro,IT
2021-10-22,315.2344055175781,325.9054295662014,313.31730347735805,324.1731186365441,10758302,WIPRO.NS,Wipro,IT
2021-10-25,308.4437255859375,316.0658932946749,305.2562623569456,315.3960607963895,17621916,WIPRO.NS,Wipro,IT
2021-10-26,308.6516418457031,313.57138825352325,307.1964893025193,309.991278791727,12193966,WIPRO.NS,Wipro,IT
2021-10-27,310.014404296875,311.60813625647745,306.48050632923776,308.65167536151,12631178,WIPRO.NS,Wipro,IT
2021-10-28,303.4546813964844,310.2453174653201,302.57696594240264,309.9681590035911,10357542,WIPRO.NS,Wipro,IT
2021-10-29,298.7658996582031,304.6095732952586,297.6110256742132,304.07831998455697,13522634,WIPRO.NS,Wipro,IT
2021-11-01,302.784912109375,303.4778366035477,299.1124066512256,300.7754141591722,8802466,WIPRO.NS,Wipro,IT
2021-11-02,302.0226745605469,305.3487176688939,300.7754048705206,303.500919074831,8079378,WIPRO.NS,Wipro,IT
2021-11-03,301.422119140625,305.74133669622097,300.3596406815381,304.60958271305225,6871182,WIPRO.NS,Wipro,IT
2021-11-04,301.9764709472656,303.80117757752976,299.06619399269056,302.5769998116752,1565810,WIPRO.NS,Wipro,IT
2021-11-08,304.12451171875,305.34868945226054,299.1123697735835,301.630000764379,9504460,WIPRO.NS,Wipro,IT
2021-11-09,304.17071533203125,307.7739165205558,303.3623035437971,306.3187640236682,8284130,WIPRO.NS,Wipro,IT
2021-11-10,301.4682922363281,304.4247809009897,300.9832508041229,302.99274844492373,8091390,WIPRO.NS,Wipro,IT
2021-11-11,296.479248046875,300.1517530109362,294.16950004371273,300.1517530109362,12067796,WIPRO.NS,Wipro,IT
2021-11-12,304.9098205566406,306.04160268863546,298.32703891390395,299.3433336486578,12126506,WIPRO.NS,Wipro,IT
2021-11-15,304.3786315917969,307.6584627848593,303.57021971510994,305.6027812308216,9435996,WIPRO.NS,Wipro,IT
2021-11-16,305.556640625,308.92886786131135,302.4153882431644,304.14769965173247,11327094,WIPRO.NS,Wipro,IT
2021-11-17,305.7182312011719,308.58232428113763,303.96282840866553,305.55656012370144,8854994,WIPRO.NS,Wipro,IT
2021-11-18,300.9370422363281,307.6353107614042,298.0729493658837,306.45734503913036,7842498,WIPRO.NS,Wipro,IT
2021-11-22,297.51861572265625,305.0945999691743,294.7238264556442,303.96281788058604,11582434,WIPRO.NS,Wipro,IT
2021-11-23,296.9411926269531,299.7821939008747,289.2035369471845,296.8950089457371,9134924,WIPRO.NS,Wipro,IT
2021-11-24,294.03094482421875,299.1585745320883,292.4603047756843,297.6341463644921,7985552,WIPRO.NS,Wipro,IT
2021-11-25,294.123291015625,296.47922249776155,292.4140720015438,294.2618702448395,6661362,WIPRO.NS,Wipro,IT
2021-11-26,287.07861328125,293.06086683880767,286.2471095570912,291.9521764098168,8277074,WIPRO.NS,Wipro,IT
2021-11-29,291.3054504394531,292.34483719629486,278.9945086588516,284.8150632190974,10376060,WIPRO.NS,Wipro,IT
2021-11-30,294.37738037109375,298.18846454223774,291.2592205947032,291.3054042762871,26850200,WIPRO.NS,Wipro,IT
2021-12-01,293.24560546875,298.39635487512754,292.5295892155069,296.84880677149476,9453644,WIPRO.NS,Wipro,IT
2021-12-02,298.78900146484375,299.38953031751583,290.5663040636034,294.21571725280273,10210456,WIPRO.NS,Wipro,IT
2021-12-03,295.9941711425781,302.09191077939767,295.60152530714936,297.8419693237257,13405010,WIPRO.NS,Wipro,IT
2021-12-06,288.4875183105469,297.5879308522505,287.86389764350616,294.3773755698895,9409906,WIPRO.NS,Wipro,IT
2021-12-07,292.1369934082031,293.13016831839286,287.7946550712743,290.1044035068383,8557090,WIPRO.NS,Wipro,IT
2021-12-08,296.43310546875,301.6531310406803,294.83937348654547,295.18583573506083,15360658,WIPRO.NS,Wipro,IT
2021-12-09,297.1260070800781,299.1585685310443,294.6545596472598,296.4561744788407,6865604,WIPRO.NS,Wipro,IT
2021-12-10,294.8393249511719,298.3732505823543,293.3841724688814,296.64093962494434,8525212,WIPRO.NS,Wipro,IT
2021-12-13,298.1422424316406,303.29296285164025,295.7400992004195,297.264527033353,13123680,WIPRO.NS,Wipro,IT
2021-12-14,298.835205078125,301.1449530592663,295.3012793889125,298.41943916345326,8609412,WIPRO.NS,Wipro,IT
2021-12-15,293.9847106933594,298.74278551312227,293.49964110016685,298.74278551312227,7123544,WIPRO.NS,Wipro,IT
2021-12-16,297.6341247558594,300.22105946003256,295.37058860926993,297.49554551344227,12437240,WIPRO.NS,Wipro,IT
2021-12-17,309.87579345703125,312.64749112336455,300.31343086914796,304.88674329666463,104600018,WIPRO.NS,Wipro,IT
2021-12-20,307.6353454589844,312.9708577641218,306.2725884835612,308.3744535498073,26298202,WIPRO.NS,Wipro,IT
2021-12-21,319.11474609375,322.0250226433632,309.9681505684672,312.2778983372337,27362096,WIPRO.NS,Wipro,IT
2021-12-22,316.7357482910156,321.47073159792546,314.6800669723973,321.47073159792546,12327754,WIPRO.NS,Wipro,IT
2021-12-23,320.8470458984375,324.28857559470725,318.32941527793616,318.7913648158204,12944908,WIPRO.NS,Wipro,IT
2021-12-24,322.6487121582031,324.47341876473695,318.8145360174253,322.32534179075196,13182426,WIPRO.NS,Wipro,IT
2021-12-27,323.179931640625,323.826672364212,319.27648004343763,323.2954190416108,10188656,WIPRO.NS,Wipro,IT
2021-12-28,325.8823547363281,326.82934578827144,324.0807399973792,324.7505725641764,10158044,WIPRO.NS,Wipro,IT
2021-12-29,325.0738830566406,327.9841593953417,323.3877560295719,325.7898991740348,7898416,WIPRO.NS,Wipro,IT
2021-12-30,329.87823486328125,332.5575653981588,325.21255466112535,325.7206879997157,18087350,WIPRO.NS,Wipro,IT
2021-12-31,330.45562744140625,332.0493591635905,327.5684425081614,330.66351039563295,8549558,WIPRO.NS,Wipro,IT
2022-01-03,332.0032043457031,335.74498506641714,330.7559347070758,331.67983396603415,9280810,WIPRO.NS,Wipro,IT
2022-01-04,333.296630859375,334.0357389290219,328.70022677675104,333.8740678497758,10228800,WIPRO.NS,Wipro,IT
2022-01-05,329.6010437011719,332.9963620253529,324.7505728408183,332.6037161385336,14711264,WIPRO.NS,Wipro,IT
2022-01-06,326.02093505859375,329.0236075033417,323.3416329776981,326.0440268999047,12883220,WIPRO.NS,Wipro,IT
2022-01-07,328.6771545410156,333.29665073976497,326.87553974543647,327.06033087145335,13120326,WIPRO.NS,Wipro,IT
2022-01-10,320.3620300292969,327.5222484365847,318.7452065179738,327.5222484365847,27537820,WIPRO.NS,Wipro,IT
2022-01-11,320.662353515625,322.64873132630896,318.2833015942911,321.05499943110647,15487458,WIPRO.NS,Wipro,IT
2022-01-12,319.3688659667969,324.1731534050529,315.6039933929803,323.364741551175,23460682,WIPRO.NS,Wipro,IT
2022-01-13,300.1517639160156,307.65844519902487,299.34335208553773,306.3649919092936,61505934,WIPRO.NS,Wipro,IT
2022-01-14,295.55535888671875,299.9207884000384,294.0309307918744,299.9207884000384,26514548,WIPRO.NS,Wipro,IT
2022-01-17,298.7197265625,301.02947461232935,292.43719494986414,295.41677557317735,20457876,WIPRO.NS,Wipro,IT
2022-01-18,292.552734375,300.2672998722917,291.55955945406384,299.75916648903797,14329980,WIPRO.NS,Wipro,IT
2022-01-19,286.94000244140625,291.79047319277885,285.946799533297,291.4901946777228,17382766,WIPRO.NS,Wipro,IT
2022-01-20,284.19140625,287.51744908734116,282.0202374398491,286.709037268308,16827124,WIPRO.NS,Wipro,IT
2022-01-21,279.9576721191406,282.7107530218229,277.9911897945208,282.2480512983829,19646694,WIPRO.NS,Wipro,IT
2022-01-24,265.0124206542969,280.165902586079,263.0228088274988,280.165902586079,26150716,WIPRO.NS,Wipro,IT
2022-01-25,260.3622741699219,264.6653946941826,254.80985330221176,260.26972817391214,34712370,WIPRO.NS,Wipro,IT
2022-01-27,252.05674743652344,257.6785843067996,248.5633553001652,256.799439793062,31351744,WIPRO.NS,Wipro,IT
2022-01-28,255.48077392578125,261.4033504774322,252.93591438677657,254.53221277747593,29899780,WIPRO.NS,Wipro,IT
2022-01-31,264.9429931640625,265.77587885162626,260.29284653349947,263.2772782710784,26252174,WIPRO.NS,Wipro,IT
2022-02-01,266.81695556640625,269.4774904307995,262.0973924196161,268.32073614193285,20920202,WIPRO.NS,Wipro,IT
2022-02-02,272.0685729980469,272.993976307564,266.0534514861853,269.29236306949537,16368826,WIPRO.NS,Wipro,IT
2022-02-03,267.5572204589844,272.4387170603902,266.58555832183754,270.5416516531734,14082780,WIPRO.NS,Wipro,IT
2022-02-04,264.5497131347656,267.3490529425465,262.8377110919755,266.97889720815,13633558,WIPRO.NS,Wipro,IT
2022-02-07,257.7248840332031,265.4982680649843,257.07709026344025,264.61915165296284,15091358,WIPRO.NS,Wipro,IT
2022-02-08,259.2286682128906,261.79665740373235,256.54500357884814,259.7607865480441,13953814,WIPRO.NS,Wipro,IT
2022-02-09,263.2541198730469,264.08697722791726,260.6398441502721,261.14883293013133,10207476,WIPRO.NS,Wipro,IT
2022-02-10,265.4288635253906,265.9378241411934,261.9817299261506,264.8504863523998,11603824,WIPRO.NS,Wipro,IT
2022-02-11,259.78387451171875,261.88916159363015,257.77110517673674,261.88916159363015,15442458,WIPRO.NS,Wipro,IT
2022-02-14,250.6455535888672,257.79430155881573,249.85895493437735,254.48597261834732,16241546,WIPRO.NS,Wipro,IT
2022-02-15,260.6629943847656,261.54213892126546,251.36270140464833,252.45003911567682,13676992,WIPRO.NS,Wipro,IT
2022-02-16,260.91754150390625,263.87881591114603,257.979368296063,261.4959187210713,14607822,WIPRO.NS,Wipro,IT
2022-02-17,261.3802185058594,264.8504814799623,259.64508701880794,264.66538949158115,14228840,WIPRO.NS,Wipro,IT
2022-02-18,260.24658203125,261.7503625864013,256.96138295073825,258.650255486029,13411838,WIPRO.NS,Wipro,IT
2022-02-21,264.1101379394531,264.98928250991236,256.9845483472181,257.1464826539002,17534002,WIPRO.NS,Wipro,IT
2022-02-22,261.0331726074219,263.27726453240354,257.3084013687206,257.3778179194191,21490124,WIPRO.NS,Wipro,IT
2022-02-23,262.39813232421875,264.1564214410726,260.33913227713265,263.36982287422825,14408512,WIPRO.NS,Wipro,IT
2022-02-24,248.5402374267578,257.6785962949957,245.76402713767288,253.5605397364245,26953888,WIPRO.NS,Wipro,IT
2022-02-25,256.9151306152344,258.5345866389234,253.32919227706586,253.56054313759287,15922624,WIPRO.NS,Wipro,IT
2022-02-28,257.16961669921875,259.15922849629743,251.75600079288088,254.94865403640827,18316874,WIPRO.NS,Wipro,IT
2022-03-02,256.8919982910156,258.3263623137381,254.67103570312503,256.7994522996303,16354110,WIPRO.NS,Wipro,IT
2022-03-03,263.5317687988281,266.49307121361574,259.27490716797325,260.5010780680977,25911326,WIPRO.NS,Wipro,IT
2022-03-04,266.19232177734375,268.36702573757003,256.3599091964414,259.57569213582207,26948372,WIPRO.NS,Wipro,IT
2022-03-07,264.595947265625,268.2050430014098,260.15402238614007,260.5010486498833,21112334,WIPRO.NS,Wipro,IT
2022-03-08,271.8141174316406,273.3410273828568,264.66537056791213,264.66537056791213,22039998,WIPRO.NS,Wipro,IT
2022-03-09,270.911865234375,275.95532543098284,269.36182572203353,272.0686195692784,23527232,WIPRO.NS,Wipro,IT
2022-03-10,272.18426513671875,276.0015540230391,270.4953926966462,275.30750149825354,16161966,WIPRO.NS,Wipro,IT
2022-03-11,271.2357482910156,272.99400914236236,269.4774874396689,271.60590401113,9927188,WIPRO.NS,Wipro,IT
2022-03-14,276.7650451660156,277.9911877796011,271.14320797053904,271.32829995500225,15006442,WIPRO.NS,Wipro,IT
2022-03-15,271.9298400878906,279.3330685225253,270.3566427491006,279.3330685225253,13853244,WIPRO.NS,Wipro,IT
2022-03-16,276.81134033203125,277.366588117143,274.1508050927347,275.42323498978953,11150296,WIPRO.NS,Wipro,IT
2022-03-17,278.1763000488281,282.71077158811505,277.1583505421946,279.9345610651548,16881290,WIPRO.NS,Wipro,IT
2022-03-21,277.62103271484375,285.0242602539062,276.6956292724609,279.98080019649115,15592952,WIPRO.NS,Wipro,IT
2022-03-22,282.2712097167969,282.7107820474096,275.839672045306,279.1942598846574,15580500,WIPRO.NS,Wipro,IT
2022-03-23,282.8033142089844,284.5615752043085,281.1838580899354,284.0757440168085,11393836,WIPRO.NS,Wipro,IT
2022-03-24,282.5025329589844,284.00631356740854,280.30469976205666,280.8599474810739,7751490,WIPRO.NS,Wipro,IT
2022-03-25,279.17108154296875,284.0988663352785,276.34861224551315,282.7107611251713,11986194,WIPRO.NS,Wipro,IT
2022-03-28,277.7135925292969,281.7853622302217,276.2792001775697,281.3226604860013,11476810,WIPRO.NS,Wipro,IT
2022-03-29,278.77777099609375,280.0964595292738,277.2277316156141,279.0091218433934,9402006,WIPRO.NS,Wipro,IT
2022-03-30,277.9911804199219,281.92414493653166,277.3896738479487,279.98079211540437,15488764,WIPRO.NS,Wipro,IT
2022-03-31,273.8731994628906,279.14798289854184,273.0866007755084,277.6210726471974,14476178,WIPRO.NS,Wipro,IT
2022-04-01,278.45391845703125,279.1942582308027,272.67014635447964,273.7806418945994,8567994,WIPRO.NS,Wipro,IT
2022-04-04,280.2121276855469,280.62857049631384,277.1583078768211,279.9345179724153,8855948,WIPRO.NS,Wipro,IT
2022-04-05,279.5356750488281,284.36449470043925,279.02244886686043,282.47495781399056,12862488,WIPRO.NS,Wipro,IT
2022-04-06,276.9229431152344,278.9991127767855,275.7332368747161,278.9991127767855,8235902,WIPRO.NS,Wipro,IT
2022-04-07,270.9977111816406,276.1997964408889,269.43476764292797,276.1997964408889,15721530,WIPRO.NS,Wipro,IT
2022-04-08,272.3040771484375,273.8670206458087,270.8344216096967,273.4004669479453,8636632,WIPRO.NS,Wipro,IT
2022-04-11,266.4488220214844,272.5840149202161,265.04916084089274,272.4673764885001,17164216,WIPRO.NS,Wipro,IT
2022-04-12,260.66357421875,265.0025182053982,259.49718989566287,265.0025182053982,16338532,WIPRO.NS,Wipro,IT
2022-04-13,260.8968200683594,263.8361025178857,258.7506560833038,261.27005731214143,11204576,WIPRO.NS,Wipro,IT
2022-04-18,251.2858123779297,256.5345415227394,250.07278414382267,256.5345415227394,18930062,WIPRO.NS,Wipro,IT
2022-04-19,247.48342895507812,254.5283788073693,245.43058117598665,253.80522622934143,13286008,WIPRO.NS,Wipro,IT
2022-04-20,250.30606079101562,252.19559758637388,247.9032978384312,250.07278394032502,8660976,WIPRO.NS,Wipro,IT
2022-04-21,251.56578063964844,253.10540227623093,250.70263914064807,252.40557167085888,13388782,WIPRO.NS,Wipro,IT
2022-04-22,250.86593627929688,252.33556338429042,247.57673830963094,249.6062355634605,9782424,WIPRO.NS,Wipro,IT
2022-04-25,246.97018432617188,247.8100037488252,244.1475401978772,247.25013362578213,9473768,WIPRO.NS,Wipro,IT
2022-04-26,246.9235382080078,250.88924453728146,245.92043639307366,250.53932927293377,8718740,WIPRO.NS,Wipro,IT
2022-04-27,242.11802673339844,245.87377798846148,240.04185725818488,245.87377798846148,16275078,WIPRO.NS,Wipro,IT
2022-04-28,243.79763793945312,245.71052525557326,240.7417168031757,244.4741465210544,13241338,WIPRO.NS,Wipro,IT
2022-04-29,237.3825225830078,246.57363638964566,236.54273159801392,246.57363638964566,24151260,WIPRO.NS,Wipro,IT
2022-05-02,230.944091796875,242.1413810961174,229.82436571456867,240.50844307331124,43822854,WIPRO.NS,Wipro,IT
2022-05-04,229.4277801513672,235.07308272411265,228.26139591063833,233.27684814577242,17267854,WIPRO.NS,Wipro,IT
2022-05-05,233.8134002685547,235.0031208296592,231.5506118175975,233.7434200562756,10869532,WIPRO.NS,Wipro,IT
2022-05-06,226.32521057128906,229.0312164299541,224.41233748729297,228.61132093300117,18441782,WIPRO.NS,Wipro,IT
2022-05-09,225.41542053222656,228.3080592088449,221.4263920353942,224.87888661716858,16675250,WIPRO.NS,Wipro,IT
2022-05-10,222.849365234375,225.69534556613414,222.14953470548775,225.34543030169053,14969534,WIPRO.NS,Wipro,IT
2022-05-11,220.1667022705078,224.85557579839494,215.80442204875447,223.96911232120033,21029342,WIPRO.NS,Wipro,IT
2022-05-12,221.0531463623047,222.07957023931888,215.6177983836872,218.39379870691448,14573000,WIPRO.NS,Wipro,IT
2022-05-13,218.650390625,223.71250116317134,217.88057986069032,223.71250116317134,16775318,WIPRO.NS,Wipro,IT
2022-05-16,218.34713745117188,221.30975637318065,216.94747631366437,221.1464597261869,7314066,WIPRO.NS,Wipro,IT
2022-05-17,227.04835510253906,228.14475914440914,218.4870918657599,219.7467925501364,11321450,WIPRO.NS,Wipro,IT
2022-05-18,224.5289764404297,231.0607284823331,224.22571937181638,229.03121696455236,15390968,WIPRO.NS,Wipro,IT
2022-05-19,210.48570251464844,221.0531411531335,209.94916859807122,217.48400813458414,22945978,WIPRO.NS,Wipro,IT
2022-05-20,214.42807006835938,215.64111246074185,212.28192033385008,215.54779603129393,12731912,WIPRO.NS,Wipro,IT
2022-05-23,217.41403198242188,218.25382297724693,213.44832539046783,216.38760811044503,14111568,WIPRO.NS,Wipro,IT
2022-05-24,214.59136962890625,219.09360976848268,213.68158426268351,218.55707588705647,13779460,WIPRO.NS,Wipro,IT
2022-05-25,207.54641723632812,215.0112764702707,206.7766064754456,214.6846831835501,15481506,WIPRO.NS,Wipro,IT
2022-05-26,211.51211547851562,212.14196579950206,207.14983568571452,208.08294305366817,11583082,WIPRO.NS,Wipro,IT
2022-05-27,217.85726928710938,218.32382301575672,212.86513869534693,214.61471517777443,11414472,WIPRO.NS,Wipro,IT
2022-05-30,222.1962127685547,224.64561983844428,220.7498933653829,220.7498933653829,12291148,WIPRO.NS,Wipro,IT
2022-05-31,223.03599548339844,224.29569619627313,219.46686244770586,222.03290785400748,31587004,WIPRO.NS,Wipro,IT
2022-06-01,219.63015747070312,223.4559035616048,218.58041163042893,223.4559035616048,10514566,WIPRO.NS,Wipro,IT
2022-06-02,221.21644592285156,222.2895280335048,218.39380158104993,220.12004182117772,10535040,WIPRO.NS,Wipro,IT
2022-06-03,221.84629821777344,227.6782198323311,221.37974448860882,223.7824933461886,23269778,WIPRO.NS,Wipro,IT
2022-06-06,220.77322387695312,221.84629172740193,216.57424043731777,220.2133537230993,13791156,WIPRO.NS,Wipro,IT
2022-06-07,218.183837890625,219.630157227687,217.01745362494424,219.28024194798277,4701342,WIPRO.NS,Wipro,IT
2022-06-08,219.4668731689453,220.21336198940878,216.62089254985403,219.77013024779578,5627652,WIPRO.NS,Wipro,IT
2022-06-09,221.6363525390625,222.1495645100523,216.59757775028558,217.90392255090467,7402238,WIPRO.NS,Wipro,IT
2022-06-10,215.05792236328125,217.97388283442842,212.88843638227715,217.97388283442842,17453098,WIPRO.NS,Wipro,IT
2022-06-13,208.12960815429688,211.3488258326062,207.6163962373284,209.97248672411192,14130822,WIPRO.NS,Wipro,IT
2022-06-14,208.0363006591797,211.67542821381414,204.35052912307097,205.2836365619891,13056384,WIPRO.NS,Wipro,IT
2022-06-15,205.33030700683594,210.25244334495525,204.9570554661917,209.22603364388704,11391596,WIPRO.NS,Wipro,IT
2022-06-16,197.02561950683594,208.4328630334488,195.83591328100758,208.08294776254766,17944686,WIPRO.NS,Wipro,IT
2022-06-17,189.0475616455078,195.3693584752629,187.57790612561095,194.08633582258955,41550546,WIPRO.NS,Wipro,IT
2022-06-20,193.4564971923828,194.972796782712,188.55768313131927,190.82047152142843,20750838,WIPRO.NS,Wipro,IT
2022-06-21,198.3553009033203,199.1017896641487,194.38959448938883,195.95255221779135,12187804,WIPRO.NS,Wipro,IT
2022-06-22,191.87020874023438,197.21225428975734,191.4269770308876,197.21225428975734,16202862,WIPRO.NS,Wipro,IT
2022-06-23,195.5093231201172,196.32579209858483,191.89353192976046,192.4534020673739,19655010,WIPRO.NS,Wipro,IT
2022-06-24,195.36935424804688,198.75186844099812,193.96969320268772,196.4191000320662,15362102,WIPRO.NS,Wipro,IT
2022-06-27,198.23866271972656,200.9680046908298,197.81876724065427,199.21842832962116,12447870,WIPRO.NS,Wipro,IT
2022-06-28,199.33506774902344,200.19819493914724,193.9463782248296,196.88566083110098,12091828,WIPRO.NS,Wipro,IT
2022-06-29,196.30247497558594,198.19201182022212,194.73951718758013,195.95255969042447,16684176,WIPRO.NS,Wipro,IT
2022-06-30,194.10968017578125,197.35223440317355,193.6198044381017,196.83902243535812,12123284,WIPRO.NS,Wipro,IT
2022-07-01,196.8856658935547,197.4455360415683,191.94019371306555,193.61978991901705,8907248,WIPRO.NS,Wipro,IT
2022-07-04,196.092529296875,196.76903790845307,194.0863539298553,196.39580061536245,6372716,WIPRO.NS,Wipro,IT
2022-07-05,192.96661376953125,197.37553770543045,192.7100006908774,196.46576653044602,11513210,WIPRO.NS,Wipro,IT
2022-07-06,194.10968017578125,195.29940077000214,192.73335516901523,195.29940077000214,10522910,WIPRO.NS,Wipro,IT
2022-07-07,196.32579040527344,197.79544594431064,194.64620848309764,195.95255314214302,10706024,WIPRO.NS,Wipro,IT
2022-07-08,195.53265380859375,198.14535731328965,194.34293335939248,197.81876403591943,9535432,WIPRO.NS,Wipro,IT
2022-07-11,191.84689331054688,193.61979173237867,189.21085343022486,193.50315330362423,16689574,WIPRO.NS,Wipro,IT
2022-07-12,190.89044189453125,193.54980365729767,190.3539079916823,190.82046168774033,9777472,WIPRO.NS,Wipro,IT
2022-07-13,189.74740600585938,192.22013505772526,189.11755562831925,192.22013505772526,11956780,WIPRO.NS,Wipro,IT
2022-07-14,187.2979736328125,191.56693679996349,186.85474195790195,191.56693679996349,13161242,WIPRO.NS,Wipro,IT
2022-07-15,183.75218200683594,188.53435754671656,182.42250108227563,187.06471620402965,22328354,WIPRO.NS,Wipro,IT
2022-07-18,188.8376007080078,189.28083239625758,185.0585130778457,186.1549170660781,13632394,WIPRO.NS,Wipro,IT
2022-07-19,189.25750732421875,190.2605949409654,187.18135188268994,188.02114285529433,12897178,WIPRO.NS,Wipro,IT
2022-07-20,192.26678466796875,194.78617182721794,189.9340161430919,191.6602563086473,25237412,WIPRO.NS,Wipro,IT
2022-07-21,193.15322875976562,194.78616668406315,187.83451951109998,190.75048009020273,45382342,WIPRO.NS,Wipro,IT
2022-07-22,191.68359375,194.73951484169532,190.84378853287535,193.96970407123132,15468542,WIPRO.NS,Wipro,IT
2022-07-25,193.5264892578125,193.9230627918098,190.6105283285537,191.52031383371863,12535662,WIPRO.NS,Wipro,IT
2022-07-26,189.0475616455078,193.80640075984306,188.62765193234372,193.52646569709657,15186298,WIPRO.NS,Wipro,IT
2022-07-27,189.7240753173828,190.07399062200287,187.53128128461782,188.9309425030981,14084158,WIPRO.NS,Wipro,IT
2022-07-28,194.08636474609375,194.55291850750262,191.7069377152903,192.12683325294012,15898464,WIPRO.NS,Wipro,IT
2022-07-29,197.67880249023438,197.95872331141564,194.92612435185112,196.23248321574744,15919784,WIPRO.NS,Wipro,IT
2022-08-01,200.15155029296875,201.03799953289538,197.16560926675223,198.84520554340213,10365748,WIPRO.NS,Wipro,IT
2022-08-02,200.43145751953125,201.3878868384428,198.1220111803809,200.12820048461452,16912426,WIPRO.NS,Wipro,IT
2022-08-03,201.71449279785156,202.01774985185898,199.45170453041504,200.15153507262704,12034938,WIPRO.NS,Wipro,IT
2022-08-04,203.1841278076172,205.42357977822928,199.26507974000185,203.90728031697842,17789134,WIPRO.NS,Wipro,IT
2022-08-05,205.28363037109375,206.21673778187144,203.48739575772885,203.48739575772885,12967586,WIPRO.NS,Wipro,IT
2022-08-08,203.34744262695312,206.58998245272704,203.044185555203,206.58998245272704,9557496,WIPRO.NS,Wipro,IT
2022-08-10,200.6880645751953,203.41740647761588,198.8918300419381,202.95085279303422,11329742,WIPRO.NS,Wipro,IT
2022-08-11,204.5604705810547,206.21673048131396,203.5573687595095,204.35051572582694,9154644,WIPRO.NS,Wipro,IT
2022-08-12,203.46408081054688,204.5838068946213,202.95086886923664,203.93063453208535,7092398,WIPRO.NS,Wipro,IT
2022-08-16,203.93064880371094,205.19033539716736,203.69737192661634,204.58382121195766,4774208,WIPRO.NS,Wipro,IT
2022-08-17,206.7066192626953,207.56974648944012,203.7206783122526,204.0006133909387,10401476,WIPRO.NS,Wipro,IT
2022-08-18,202.9741973876953,206.1001131177679,202.50764365115256,206.1001131177679,16888260,WIPRO.NS,Wipro,IT
2022-08-19,201.76116943359375,206.45002879922137,201.08466081912863,204.79376872668965,17253908,WIPRO.NS,Wipro,IT
2022-08-22,195.95254516601562,201.03797741913502,195.5093134757619,201.03797741913502,12900580,WIPRO.NS,Wipro,IT
2022-08-23,194.3896026611328,195.2527298821845,191.28702330154275,193.61979187839083,17028776,WIPRO.NS,Wipro,IT
2022-08-24,194.15631103515625,195.71926871037766,193.31652010660451,194.9261217593434,7429170,WIPRO.NS,Wipro,IT
2022-08-25,193.71311950683594,195.99922999658983,193.59648107125574,195.62597845987904,8753902,WIPRO.NS,Wipro,IT
2022-08-26,194.66952514648438,197.11893199374393,194.2262934503163,195.25271725297475,7904194,WIPRO.NS,Wipro,IT
2022-08-29,188.6510009765625,189.5841084237194,186.1549357077999,188.95425804927055,23519514,WIPRO.NS,Wipro,IT
2022-08-30,192.9432830810547,194.06302338716668,189.53744665788417,190.89044958333182,19750992,WIPRO.NS,Wipro,IT
2022-09-01,191.4969940185547,192.0568499804828,188.88429014861816,191.24038091100832,11778706,WIPRO.NS,Wipro,IT
2022-09-02,190.21395874023438,192.57004934835203,189.93402365855462,192.4767329084289,9815080,WIPRO.NS,Wipro,IT
2022-09-05,189.18751525878906,190.35389944657445,188.48768474611785,189.8873457714603,18018508,WIPRO.NS,Wipro,IT
2022-09-06,188.6976318359375,190.05063459051564,187.2046544417279,189.88733796332275,18226162,WIPRO.NS,Wipro,IT
2022-09-07,190.09730529785156,190.75047761146507,187.08802832408657,187.6012402269574,12248532,WIPRO.NS,Wipro,IT
2022-09-08,192.59336853027344,193.31653533390607,191.10040517990615,191.28702381894087,14064948,WIPRO.NS,Wipro,IT
2022-09-09,194.6228790283203,195.69596111381966,191.91687318123212,194.55289881880913,14671342,WIPRO.NS,Wipro,IT
2022-09-12,196.8856658935547,198.00539195149258,195.04277304125844,195.88257826327884,11678424,WIPRO.NS,Wipro,IT
2022-09-13,197.1889190673828,198.75187681483558,196.65238515834085,198.23866489563017,9408334,WIPRO.NS,Wipro,IT
2022-09-14,194.226318359375,197.2122737180181,190.82048171591632,190.82048171591632,17583964,WIPRO.NS,Wipro,IT
2022-09-15,193.6431121826172,196.37245424137936,192.80332119750082,195.81259833066488,10640314,WIPRO.NS,Wipro,IT
2022-09-16,187.3912811279297,192.57002977942778,186.71478684054603,192.57002977942778,20192486,WIPRO.NS,Wipro,IT
2022-09-19,187.53126525878906,189.51411848218774,185.22181875041852,188.95424834740427,13584188,WIPRO.NS,Wipro,IT
2022-09-20,188.9075927734375,191.00708445112272,188.69765214852248,189.42080469782283,8989822,WIPRO.NS,Wipro,IT
2022-09-21,186.97140502929688,189.37415386203048,186.38821287387174,189.37415386203048,19290112,WIPRO.NS,Wipro,IT
2022-09-22,185.66506958007812,186.7847957268654,184.28873032921865,185.68839157222538,16500324,WIPRO.NS,Wipro,IT
2022-09-23,183.9854736328125,186.3415643683237,183.65888031351233,185.73505019029818,13966710,WIPRO.NS,Wipro,IT
2022-09-26,184.19540405273438,186.248251823376,179.4365646233762,182.88905932422577,18994144,WIPRO.NS,Wipro,IT
2022-09-27,185.875,187.27466116602122,182.88905902677266,185.12851119717075,12454694,WIPRO.NS,Wipro,IT
2022-09-28,185.71168518066406,186.8547473829863,184.45199879733957,184.75525583935723,8921590,WIPRO.NS,Wipro,IT
2022-09-29,183.26229858398438,187.50794035456798,182.67910642423635,187.08804484716737,11883068,WIPRO.NS,Wipro,IT
2022-09-30,183.9387969970703,185.08185926210385,180.78955950885162,183.09900602878093,13570530,WIPRO.NS,Wipro,IT
2022-10-03,184.05545043945312,185.68838852953698,182.2358937009777,183.7755153478207,8140834,WIPRO.NS,Wipro,IT
2022-10-04,189.18751525878906,189.42079209634616,186.15491637054708,186.5981480571408,12591696,WIPRO.NS,Wipro,IT
2022-10-06,191.3570098876953,192.6866908684247,190.0973233570753,190.98377259819824,11203878,WIPRO.NS,Wipro,IT
2022-10-07,190.40057373046875,192.10349194073473,189.5374465110467,191.19370650224593,7580186,WIPRO.NS,Wipro,IT
2022-10-10,191.89353942871094,192.9199633084172,186.50484965547707,186.76144850635885,18714926,WIPRO.NS,Wipro,IT
2022-10-11,188.67430114746094,194.972775687356,187.69453559363743,193.5731146784904,22723292,WIPRO.NS,Wipro,IT
2022-10-12,190.33059692382812,191.10040771888006,187.36797793623825,188.6043424541204,12610118,WIPRO.NS,Wipro,IT
2022-10-13,176.87051391601562,183.0523505597937,176.40396020705126,180.5562853692164,84896212,WIPRO.NS,Wipro,IT
2022-10-14,176.0307159423828,180.7895696649278,175.5408402230428,180.55629280084403,27864794,WIPRO.NS,Wipro,IT
2022-10-17,175.00430297851562,176.80053764565886,173.74460224101526,176.03071261824778,16909538,WIPRO.NS,Wipro,IT
2022-10-18,176.96380615234375,179.2732525769372,176.54391068553272,179.01665374668838,22328480,WIPRO.NS,Wipro,IT
2022-10-19,176.38063049316406,177.85028612115332,175.91407676696807,177.85028612115332,10198278,WIPRO.NS,Wipro,IT
2022-10-20,177.99024963378906,178.50346158913229,175.424204095163,175.89075782945864,11868814,WIPRO.NS,Wipro,IT
2022-10-21,178.48011779785156,178.83003308374833,177.38372795917982,178.45679580736086,8931540,WIPRO.NS,Wipro,IT
2022-10-24,179.4832305908203,180.27636341090476,179.15663727555062,180.27636341090476,3472470,WIPRO.NS,Wipro,IT
2022-10-25,179.4598846435547,180.29968987816483,178.9933309259122,180.29968987816483,5783256,WIPRO.NS,Wipro,IT
2022-10-27,178.5267791748047,180.53296872561987,177.8036265997289,180.08973699374135,11723118,WIPRO.NS,Wipro,IT
2022-10-28,178.8067169189453,180.01975946386077,178.22352475678306,178.59676204533093,7609676,WIPRO.NS,Wipro,IT
2022-10-31,180.34632873535156,181.20945593608434,179.50653776269158,180.34632873535156,6638382,WIPRO.NS,Wipro,IT
2022-11-01,183.07568359375,183.3556186836331,180.36967761375686,181.0228499980907,11540196,WIPRO.NS,Wipro,IT
2022-11-02,183.79884338378906,184.21873888347332,182.25920756749395,183.28563144502402,6716614,WIPRO.NS,Wipro,IT
2022-11-03,181.25611877441406,183.70552578487911,179.87977961615505,181.83931091976288,10312476,WIPRO.NS,Wipro,IT
2022-11-04,182.21253967285156,183.07566685520487,179.92642941765632,181.25611029446125,9023630,WIPRO.NS,Wipro,IT
2022-11-07,182.65579223632812,184.218750138842,180.8362354677989,183.35562285792327,8252598,WIPRO.NS,Wipro,IT
2022-11-09,182.399169921875,184.00877160176617,181.55936474106824,183.84547496343527,6862546,WIPRO.NS,Wipro,IT
2022-11-10,181.44273376464844,182.46915761505767,180.55628456916187,181.3960755463409,5494908,WIPRO.NS,Wipro,IT
2022-11-11,186.48150634765625,189.3508085513581,185.3384441685621,185.9216362521636,28417046,WIPRO.NS,Wipro,IT
2022-11-14,185.01185607910156,187.85783637426294,184.54530239917636,187.85783637426294,17623428,WIPRO.NS,Wipro,IT
2022-11-15,185.29177856445312,186.41150447269357,183.8221374200071,185.71167400028236,12462712,WIPRO.NS,Wipro,IT
2022-11-16,185.8050079345703,187.41462386803371,184.84857856071386,186.1549232037503,11039528,WIPRO.NS,Wipro,IT
2022-11-17,185.1051788330078,185.68837095283456,184.28870986525035,185.64171273563065,6057616,WIPRO.NS,Wipro,IT
2022-11-18,183.75218200683594,186.10827255319992,183.26229206721408,185.6183968516674,9546202,WIPRO.NS,Wipro,IT
2022-11-21,181.3260955810547,184.03211562753953,180.8362198833916,183.75218055540807,7904612,WIPRO.NS,Wipro,IT
2022-11-22,181.39608764648438,181.6760227369137,179.38991226823947,181.48940408932418,8410828,WIPRO.NS,Wipro,IT
2022-11-23,181.3727569580078,182.86573454331594,181.0228416712721,182.30586438930303,6717760,WIPRO.NS,Wipro,IT
2022-11-24,185.8050079345703,186.5048384729303,181.55936648756878,181.90928175674875,13370266,WIPRO.NS,Wipro,IT
2022-11-25,187.92782592773438,188.67431470036894,184.7086082237174,186.15492755105518,13648550,WIPRO.NS,Wipro,IT
2022-11-28,189.25750732421875,191.0304199436234,187.55458915093874,187.92782641918757,13679200,WIPRO.NS,Wipro,IT
2022-11-29,189.02423095703125,190.77380735285362,187.9744851195378,188.02114333771092,9102602,WIPRO.NS,Wipro,IT
2022-11-30,189.8406982421875,190.35391016131868,187.85784501134043,189.8406982421875,13892346,WIPRO.NS,Wipro,IT
2022-12-01,193.01327514648438,194.24963962795962,192.05683149999277,192.61670164613855,15852984,WIPRO.NS,Wipro,IT
2022-12-02,192.40675354003906,193.106584128258,190.84379571206549,193.0599259080921,11726622,WIPRO.NS,Wipro,IT
2022-12-05,192.38340759277344,193.59644997558541,191.59026066298804,192.80330304580005,9947062,WIPRO.NS,Wipro,IT
2022-12-06,191.91688537597656,192.50007755577587,190.26061104249231,191.52031184609496,8832518,WIPRO.NS,Wipro,IT
2022-12-07,189.56077575683594,191.05375339557827,189.0942220244902,190.8204765294054,6568616,WIPRO.NS,Wipro,IT
2022-12-08,188.3477325439453,190.3539077390973,188.16109967529866,190.0039924675181,8940712,WIPRO.NS,Wipro,IT
2022-12-09,183.84548950195312,189.42081220672185,182.53914476817715,189.42081220672185,15423336,WIPRO.NS,Wipro,IT
2022-12-12,184.91854858398438,185.45508245289716,181.02282262068957,183.308932739158,10365880,WIPRO.NS,Wipro,IT
2022-12-13,185.57174682617188,186.3182356446808,184.7552777955099,185.85168191287397,6813842,WIPRO.NS,Wipro,IT
2022-12-14,186.6448211669922,188.72099104054837,186.2715838638787,186.994736477945,9995152,WIPRO.NS,Wipro,IT
2022-12-15,184.3820343017578,186.5048480148208,183.84548613776016,186.5048480148208,7766926,WIPRO.NS,Wipro,IT
2022-12-16,181.83929443359375,184.19538479195603,181.04614749259295,182.60910514804263,18012634,WIPRO.NS,Wipro,IT
2022-12-19,181.51272583007812,182.18923444450633,179.94978220034767,181.2328049781259,8838046,WIPRO.NS,Wipro,IT
2022-12-20,181.46607971191406,181.90929721435086,178.69007931196222,181.39608526165935,8778558,WIPRO.NS,Wipro,IT
2022-12-21,181.72267150878906,183.47224793538203,180.95286072870604,182.37584386043255,10215214,WIPRO.NS,Wipro,IT
2022-12-22,181.3727569580078,182.86573454331594,180.08973423997688,182.00260732174996,9093800,WIPRO.NS,Wipro,IT
2022-12-23,176.1940155029297,180.01976183228325,175.8907584222335,179.15663457330945,12120710,WIPRO.NS,Wipro,IT
2022-12-26,177.52369689941406,178.036908857648,175.56416550909907,176.35731255710516,7261148,WIPRO.NS,Wipro,IT
2022-12-27,180.36965942382812,180.7195746913712,177.40704064434559,178.45678644697483,7685840,WIPRO.NS,Wipro,IT
2022-12-28,180.9295196533203,181.745988630525,178.80670600782378,179.62317498502844,7676002,WIPRO.NS,Wipro,IT
2022-12-29,182.30587768554688,182.93572809522638,179.5298771797438,180.2063858120089,9485398,WIPRO.NS,Wipro,IT
2022-12-30,183.2389678955078,184.89522785534294,182.67909775348767,183.35560632192124,8256556,WIPRO.NS,Wipro,IT
2023-01-02,183.37892150878906,183.7754949915001,182.18921529874464,183.35559951960727,5559512,WIPRO.NS,Wipro,IT
2023-01-03,185.2451629638672,185.57175628802014,182.74911176190503,183.37894794148608,5994422,WIPRO.NS,Wipro,IT
2023-01-04,181.81597900390625,185.45509209698903,181.30276709639747,185.45509209698903,8926522,WIPRO.NS,Wipro,IT
2023-01-05,180.50962829589844,182.9823715119509,179.03998695095473,181.95594765048168,9568980,WIPRO.NS,Wipro,IT
2023-01-06,178.2235107421875,181.39607015964015,177.9435756787443,180.55627920739937,8484754,WIPRO.NS,Wipro,IT
2023-01-09,182.79574584960938,183.3556160212461,179.6698443992258,180.08973990890837,7347432,WIPRO.NS,Wipro,IT
2023-01-10,183.37892150878906,183.7754949915001,180.71957402807544,182.88904583126222,7879496,WIPRO.NS,Wipro,IT
2023-01-11,183.75218200683594,184.75526963831499,182.65577793787958,183.3556085046914,7656600,WIPRO.NS,Wipro,IT
2023-01-12,184.05545043945312,185.64173030791653,182.18923547935728,184.63864261448308,9510500,WIPRO.NS,Wipro,IT
2023-01-13,183.7755126953125,185.0352134704315,180.3230179165845,184.7552783828395,13621860,WIPRO.NS,Wipro,IT
2023-01-16,185.9683074951172,187.08803352646075,181.48938913165395,181.9559428312212,23867444,WIPRO.NS,Wipro,IT
2023-01-17,184.91854858398438,187.57789594045616,183.70550620334154,186.64478860735983,14310032,WIPRO.NS,Wipro,IT
2023-01-18,188.11447143554688,188.41772851533761,185.68838632104098,185.92166318827847,16080426,WIPRO.NS,Wipro,IT
2023-01-19,188.20774841308594,188.4876834638677,186.03827668618132,187.60123433479885,9447456,WIPRO.NS,Wipro,IT
2023-01-20,188.0911102294922,189.14085599266593,187.22798308770948,188.27772885088322,9265614,WIPRO.NS,Wipro,IT
2023-01-23,189.88734436035156,190.23725961408684,187.7878528379398,189.0475534466221,8815290,WIPRO.NS,Wipro,IT
2023-01-24,190.16798400878906,191.85171714417572,189.48980915866605,191.00984343990316,9552640,WIPRO.NS,Wipro,IT
2023-01-25,187.80609130859375,189.84060175139075,187.08115753241947,189.41967200157472,6355554,WIPRO.NS,Wipro,IT
2023-01-27,186.1691131591797,188.76487253257056,184.36846861075864,187.80607312913207,7410134,WIPRO.NS,Wipro,IT
2023-01-30,188.13348388671875,189.3261205240334,184.7660174341751,186.1691260772084,7261256,WIPRO.NS,Wipro,IT
2023-01-31,186.54327392578125,188.2737658080777,186.00541853362367,188.156840102254,9566846,WIPRO.NS,Wipro,IT
2023-02-01,188.20362854003906,188.9051828320172,186.30943766096152,187.7826988194839,7029896,WIPRO.NS,Wipro,IT
2023-02-02,191.50094604492188,191.75817691444598,188.2036322438391,188.2036322438391,10835460,WIPRO.NS,Wipro,IT
2023-02-03,190.77598571777344,193.1612730581105,189.9575057471882,192.95080107069683,8850236,WIPRO.NS,Wipro,IT
2023-02-06,189.25596618652344,189.9809142092445,187.8294781219689,189.60674334401972,5958022,WIPRO.NS,Wipro,IT
2023-02-07,187.3150177001953,189.6535322782252,186.63684276330252,189.6535322782252,6683580,WIPRO.NS,Wipro,IT
2023-02-08,190.23814392089844,190.63569421826597,187.54885239650957,187.54885239650957,8300976,WIPRO.NS,Wipro,IT
2023-02-09,190.96307373046875,191.2670920107048,188.74148512567146,190.23814000027207,5277374,WIPRO.NS,Wipro,IT
2023-02-10,189.79380798339844,190.3550571042713,188.39069945437433,190.3550571042713,5160140,WIPRO.NS,Wipro,IT
2023-02-13,187.36175537109375,189.72364893843616,186.70697426785446,189.72364893843616,4825356,WIPRO.NS,Wipro,IT
2023-02-14,189.4664306640625,190.0978323771063,187.78269752033194,188.48425180745647,4638822,WIPRO.NS,Wipro,IT
2023-02-15,190.54214477539062,190.75261677437803,187.24484527897997,188.34394986883643,5227672,WIPRO.NS,Wipro,IT
2023-02-16,191.71139526367188,193.27820266501325,191.0799935618587,191.19691927429972,11189362,WIPRO.NS,Wipro,IT
2023-02-17,190.02767944335938,190.82278006957978,188.95196850027017,190.2849245980352,5616244,WIPRO.NS,Wipro,IT
2023-02-20,190.37844848632812,190.72922564060082,188.11010097389197,189.55996845969187,6497188,WIPRO.NS,Wipro,IT
2023-02-21,188.36732482910156,190.82276481756284,188.063320828019,190.54214024996415,5761172,WIPRO.NS,Wipro,IT
2023-02-22,184.81277465820312,187.24483513924093,184.48539123358978,186.84728486999234,6883372,WIPRO.NS,Wipro,IT
2023-02-23,184.25155639648438,186.47314508988276,183.99431124703742,185.11679531117528,6078322,WIPRO.NS,Wipro,IT
2023-02-24,183.9475555419922,185.44421061816217,183.59677834662367,185.1869797174895,5106634,WIPRO.NS,Wipro,IT
2023-02-27,182.56781005859375,183.94752489998044,180.27606895191013,183.69029404215735,5554710,WIPRO.NS,Wipro,IT
2023-02-28,181.02438354492188,183.90076750940707,180.3929961118967,183.26936580322354,10061602,WIPRO.NS,Wipro,IT
2023-03-01,182.8484344482422,183.22259101802018,181.14130763158983,181.51547847452605,4542612,WIPRO.NS,Wipro,IT
2023-03-02,181.49209594726562,182.5678211296639,181.14131878905818,181.79611423623936,4438972,WIPRO.NS,Wipro,IT
2023-03-03,182.61459350585938,183.08229638150695,181.98319176910334,182.6847460825747,4393936,WIPRO.NS,Wipro,IT
2023-03-06,184.1580047607422,185.51434022688795,183.38629788113846,183.549996740002,6727722,WIPRO.NS,Wipro,IT
2023-03-08,183.62014770507812,183.8072259964988,181.86626196083674,183.17582427394015,4908842,WIPRO.NS,Wipro,IT
2023-03-09,182.45089721679688,184.20478302520016,182.21704577567644,183.71368643495168,4157054,WIPRO.NS,Wipro,IT
2023-03-10,181.9832000732422,182.35735668156988,180.81394283076847,181.42195088759092,4567396,WIPRO.NS,Wipro,IT
2023-03-13,180.27606201171875,183.62013440047173,179.48096148934326,181.93640135336685,5982520,WIPRO.NS,Wipro,IT
2023-03-14,177.46986389160156,181.07116751113995,176.48768498694227,180.79054292792884,8094852,WIPRO.NS,Wipro,IT
2023-03-15,175.7393341064453,179.4575772239484,175.34178385596428,179.4575772239484,7687926,WIPRO.NS,Wipro,IT
2023-03-16,174.38302612304688,176.18368511173645,173.05007002632033,175.55228335295445,7686620,WIPRO.NS,Wipro,IT
2023-03-17,176.09010314941406,176.95535617888316,174.85069359143995,176.41750081672345,9044282,WIPRO.NS,Wipro,IT
2023-03-20,171.71710205078125,175.83289577923483,170.7816963315634,175.38857235334294,8184754,WIPRO.NS,Wipro,IT
2023-03-21,171.3663330078125,173.16699195706883,170.92202383407343,172.58236335491802,7211152,WIPRO.NS,Wipro,IT
2023-03-22,171.3663330078125,173.05006623663868,171.10910213212983,172.04450789557114,5374846,WIPRO.NS,Wipro,IT
2023-03-23,169.0745849609375,170.6647718403782,168.53672952316236,170.6647718403782,9485192,WIPRO.NS,Wipro,IT
2023-03-24,169.19151306152344,171.57680055088574,168.8407359093572,169.93984050744322,7906696,WIPRO.NS,Wipro,IT
2023-03-27,168.95767211914062,170.2438550902898,167.99888688627513,169.19152356844046,6227714,WIPRO.NS,Wipro,IT
2023-03-28,166.5957794189453,170.2672357814983,166.2216085334106,169.7761534436113,7813096,WIPRO.NS,Wipro,IT
2023-03-29,167.9287109375,168.72381153131866,166.03452001002947,167.43762862983252,8823840,WIPRO.NS,Wipro,IT
2023-03-31,170.82846069335938,171.06231211114633,168.98102878357943,169.93982816040057,7914212,WIPRO.NS,Wipro,IT
2023-04-03,172.09127807617188,172.30173580542802,170.78170146600024,172.09127807617188,4053500,WIPRO.NS,Wipro,IT
2023-04-05,172.93312072753906,173.93867895354097,171.74048422488804,172.90974129539202,6443110,WIPRO.NS,Wipro,IT
2023-04-06,171.48326110839844,173.26054064750073,171.10910450709238,172.58236575032916,6429614,WIPRO.NS,Wipro,IT
2023-04-10,174.59349060058594,175.10796665623815,171.9275925773774,172.11467088675272,5624940,WIPRO.NS,Wipro,IT
2023-04-11,173.16697692871094,175.3184128525446,172.39527009547658,174.6870111623863,6784354,WIPRO.NS,Wipro,IT
2023-04-12,174.0556182861328,174.66364057428706,172.74605597391533,173.33068455493364,5578210,WIPRO.NS,Wipro,IT
2023-04-13,172.2549591064453,173.00328654349664,171.17924822848062,173.00328654349664,6724634,WIPRO.NS,Wipro,IT
2023-04-17,169.00442504882812,169.28504960905408,164.63140061535125,168.3496439237396,13603290,WIPRO.NS,Wipro,IT
2023-04-18,172.06788635253906,172.53558923160176,168.02225930327845,169.9866171046055,8024898,WIPRO.NS,Wipro,IT
2023-04-19,168.7471923828125,172.06788566553118,168.5601140865662,172.06788566553118,7475944,WIPRO.NS,Wipro,IT
2023-04-20,169.70599365234375,170.10354395682555,167.9053347013327,168.6068890245973,4423266,WIPRO.NS,Wipro,IT
2023-04-21,172.13804626464844,172.44206456752087,170.0801563637167,170.2906283775269,5299988,WIPRO.NS,Wipro,IT
2023-04-24,176.768310546875,177.07231456655046,173.30729779007976,175.38858133113965,17779044,WIPRO.NS,Wipro,IT
2023-04-25,175.69256591796875,177.2126001213787,174.96763223791322,176.88521670300042,7528552,WIPRO.NS,Wipro,IT
2023-04-26,175.1781005859375,176.62798230724957,174.64024515131683,176.62798230724957,7008146,WIPRO.NS,Wipro,IT
2023-04-27,175.10792541503906,176.136877284006,174.0088209807236,176.04333101477022,8491700,WIPRO.NS,Wipro,IT
2023-04-28,180.06561279296875,181.4687214640828,177.727098341112,177.727098341112,27709406,WIPRO.NS,Wipro,IT
2023-05-02,181.63241577148438,183.40968100102344,181.21148603534715,181.93641978796356,9746608,WIPRO.NS,Wipro,IT
2023-05-03,180.11236572265625,181.63239994576995,178.68586350322406,181.63239994576995,4828488,WIPRO.NS,Wipro,IT
2023-05-04,179.4575958251953,180.60345928575674,179.15357754303693,179.94867812641323,6253358,WIPRO.NS,Wipro,IT
2023-05-05,177.44647216796875,179.78498659894663,177.2593938681224,179.0132796913558,7902194,WIPRO.NS,Wipro,IT
2023-05-08,177.89077758789062,179.13018725604894,177.54000045879914,178.19478157847163,9613544,WIPRO.NS,Wipro,IT
2023-05-09,178.80279541015625,179.34066511088892,177.75046398844898,178.89634169023805,5716698,WIPRO.NS,Wipro,IT
2023-05-10,179.48095703125,179.85511357768738,178.66247709690555,179.59788273615635,3670402,WIPRO.NS,Wipro,IT
2023-05-11,179.9019012451172,180.93085324066539,179.1769675254072,180.39299780928457,4049964,WIPRO.NS,Wipro,IT
2023-05-12,179.24713134765625,180.18253712116,178.45203073091432,179.87853309940317,4580358,WIPRO.NS,Wipro,IT
2023-05-15,180.4163818359375,181.00101042257373,178.89634751068334,179.24712466266507,5089694,WIPRO.NS,Wipro,IT
2023-05-16,180.97763061523438,181.84286950314498,180.76715861521575,181.23486148356042,4059352,WIPRO.NS,Wipro,IT
2023-05-17,178.80279541015625,181.16470338721652,178.35848626266377,180.62684795964225,5376102,WIPRO.NS,Wipro,IT
2023-05-18,178.94313049316406,180.22931345449695,178.7794316252716,180.15916087487437,4237016,WIPRO.NS,Wipro,IT
2023-05-19,180.62684631347656,181.56225201313586,179.36404290967317,179.97205090518844,7281582,WIPRO.NS,Wipro,IT
2023-05-22,185.09339904785156,185.49094931673628,180.2526717961378,180.767147775097,12197390,WIPRO.NS,Wipro,IT
2023-05-23,185.98204040527344,188.06332385251395,185.23371297069488,185.67803639930176,12725634,WIPRO.NS,Wipro,IT
2023-05-24,186.94082641601562,187.29160353768205,183.97091059794184,184.50876599653213,8256974,WIPRO.NS,Wipro,IT
2023-05-25,184.3217010498047,186.6134422224664,183.64352618960746,186.6134422224664,13605054,WIPRO.NS,Wipro,IT
2023-05-26,187.87625122070312,188.27378724724613,184.74263623853273,184.8127888153839,7926180,WIPRO.NS,Wipro,IT
2023-05-29,186.9875946044922,189.88735799746058,186.77713688489249,188.9519522930396,7959308,WIPRO.NS,Wipro,IT
2023-05-30,188.25039672851562,188.88179842931743,186.82390874828332,187.08113960597825,7378972,WIPRO.NS,Wipro,IT
2023-05-31,188.78826904296875,189.32612451283143,187.31500779137633,187.89963640495742,11783582,WIPRO.NS,Wipro,IT
2023-06-01,190.4252166748047,190.82276696060433,188.97533495356055,189.41965838001164,7065484,WIPRO.NS,Wipro,IT
2023-06-02,189.3962860107422,191.6646335487828,188.95196256771783,191.15017180190293,6320754,WIPRO.NS,Wipro,IT
2023-06-05,189.04550170898438,191.64124687255236,188.81165027899956,191.24369658694647,7252860,WIPRO.NS,Wipro,IT
2023-06-06,187.05775451660156,188.6479413005372,184.99985062463543,188.6479413005372,13707400,WIPRO.NS,Wipro,IT
2023-06-07,188.3907012939453,188.76487213590022,187.54884187757358,188.20362300954693,8215860,WIPRO.NS,Wipro,IT
2023-06-08,186.87066650390625,189.30272701359118,186.49650993618155,188.9987230181701,10615052,WIPRO.NS,Wipro,IT
2023-06-09,185.81834411621094,187.24484643033955,185.23371553004972,186.82391670293526,12018232,WIPRO.NS,Wipro,IT
2023-06-12,185.02325439453125,186.9875978439515,184.55555153421807,186.9875978439515,11973622,WIPRO.NS,Wipro,IT
2023-06-13,184.99986267089844,186.37959183287708,184.5087803715684,186.12236096621064,13016186,WIPRO.NS,Wipro,IT
2023-06-14,185.42080688476562,185.74819032698173,183.66692113774045,185.35064003635762,18512564,WIPRO.NS,Wipro,IT
2023-06-15,181.9130401611328,185.88851462530786,181.5856424371724,185.72481576332765,28702320,WIPRO.NS,Wipro,IT
2023-06-16,178.33509826660156,181.7727172088877,177.32953995273581,180.3228354601432,41110648,WIPRO.NS,Wipro,IT
2023-06-19,177.7972412109375,178.66249436550692,176.3707531824659,178.66249436550692,10629440,WIPRO.NS,Wipro,IT
2023-06-20,178.89634704589844,180.0422247819919,178.00771445115188,178.5689493289692,11802658,WIPRO.NS,Wipro,IT
2023-06-21,180.29945373535156,181.11793374582334,179.17696971847917,179.71482515644317,8829264,WIPRO.NS,Wipro,IT
2023-06-22,178.80279541015625,180.53330167956048,178.4754119761868,180.53330167956048,9356174,WIPRO.NS,Wipro,IT
2023-06-23,177.7036895751953,179.13017744611693,176.8384365161897,178.80277976763142,6470406,WIPRO.NS,Wipro,IT
2023-06-26,178.1480255126953,178.61572839630605,177.2827723233836,177.72709577207752,4100400,WIPRO.NS,Wipro,IT
2023-06-27,178.94313049316406,179.71483741533189,178.42865445399897,179.71483741533189,5880750,WIPRO.NS,Wipro,IT
2023-06-28,178.52218627929688,179.48097142716887,178.1012422893448,179.48097142716887,7140112,WIPRO.NS,Wipro,IT
2023-06-30,182.00656127929688,182.28718584401554,179.13019160553674,180.06559730582677,9070810,WIPRO.NS,Wipro,IT
2023-07-03,183.15245056152344,184.22816147566593,182.1702716594338,184.22816147566593,9036924,WIPRO.NS,Wipro,IT
2023-07-04,185.18695068359375,185.84173182432528,183.80722155552934,184.15799869590248,12617234,WIPRO.NS,Wipro,IT
2023-07-05,184.22816467285156,184.9297190046394,183.2693794620053,184.32171095968704,12366958,WIPRO.NS,Wipro,IT
2023-07-06,185.3038787841797,185.65465592907162,183.877376497724,184.5087782131612,9037242,WIPRO.NS,Wipro,IT
2023-07-07,185.14019775390625,185.88852525635644,183.90078791058934,184.74264743012085,9065220,WIPRO.NS,Wipro,IT
2023-07-10,182.3807373046875,185.1401813443063,182.2404178817626,185.1401813443063,5630400,WIPRO.NS,Wipro,IT
2023-07-11,183.36289978027344,183.7136769237938,181.3985563404546,182.40411463058123,9634838,WIPRO.NS,Wipro,IT
2023-07-12,183.2693634033203,184.2515422363933,182.56780913300506,184.22814853015456,6848220,WIPRO.NS,Wipro,IT
2023-07-13,184.4152374267578,186.426368347957,182.9887493709571,183.26937394986382,13595726,WIPRO.NS,Wipro,IT
2023-07-14,189.4430389404297,189.65351093803375,183.50322114449003,184.6257051610082,31366784,WIPRO.NS,Wipro,IT
2023-07-17,194.213623046875,198.7503467418213,189.79382507320918,190.3550742446192,45759860,WIPRO.NS,Wipro,IT
2023-07-18,195.12564086914062,196.57550833123594,192.81050597952864,195.49979745165064,17769026,WIPRO.NS,Wipro,IT
2023-07-19,195.47642517089844,196.90291325122197,193.69914565604174,196.4352103693901,10830990,WIPRO.NS,Wipro,IT
2023-07-20,195.3361053466797,196.43520997138955,193.93299670402692,195.73365565006316,8255710,WIPRO.NS,Wipro,IT
2023-07-21,189.2793731689453,193.79270339063137,187.54886669466813,189.4196783325202,23514212,WIPRO.NS,Wipro,IT
2023-07-24,188.97532653808594,190.82275846285964,188.71809568569574,190.0276579266679,6808460,WIPRO.NS,Wipro,IT
2023-07-25,187.26821899414062,189.65350639280013,187.08114070806423,189.65350639280013,6458200,WIPRO.NS,Wipro,IT
2023-07-26,188.36732482910156,188.7648751104365,187.7359231202941,188.7181019703103,5329662,WIPRO.NS,Wipro,IT
2023-07-27,187.05775451660156,190.1679755138735,186.61343111420936,188.9519452885729,8948358,WIPRO.NS,Wipro,IT
2023-07-28,186.49652099609375,188.41410563400828,185.4675689640931,187.57223189696435,6760060,WIPRO.NS,Wipro,IT
2023-07-31,189.4430389404297,189.88736236952332,186.59006289478396,186.9642194759038,6762180,WIPRO.NS,Wipro,IT
2023-08-01,190.33168029785156,190.82276258052343,188.97533061588499,189.65350545686826,7181804,WIPRO.NS,Wipro,IT
2023-08-02,188.3907012939453,189.84058297605944,186.61343618242358,189.84058297605944,5399618,WIPRO.NS,Wipro,IT
2023-08-03,186.91744995117188,188.01655455506835,185.7014196292685,188.01655455506835,6821698,WIPRO.NS,Wipro,IT
2023-08-04,191.22032165527344,191.75817710226997,187.2214535444893,187.47869868742427,12481540,WIPRO.NS,Wipro,IT
2023-08-07,192.29603576660156,193.16128894702516,190.84615398767002,191.73480087592944,8822866,WIPRO.NS,Wipro,IT
2023-08-08,194.72808837890625,195.26594381262066,191.7347929331768,192.88065637488867,15724284,WIPRO.NS,Wipro,IT
2023-08-09,195.40625,195.73364771260594,192.95080997493147,194.33053912685247,9309388,WIPRO.NS,Wipro,IT
2023-08-10,195.8037872314453,196.80934546288822,194.35390560154366,195.07885355307332,9901644,WIPRO.NS,Wipro,IT
2023-08-11,193.18466186523438,197.44076077343814,192.85727842500864,195.8038007528335,7571468,WIPRO.NS,Wipro,IT
2023-08-14,194.16683959960938,194.6579361668213,191.52432129353662,193.27820701966792,5792180,WIPRO.NS,Wipro,IT
2023-08-16,195.8037872314453,196.52873518297497,193.62897192317166,193.69912449314995,8131780,WIPRO.NS,Wipro,IT
2023-08-17,195.28932189941406,196.62227789423193,193.86283389725017,195.803797895872,6340960,WIPRO.NS,Wipro,IT
2023-08-18,192.5532684326172,194.7280838234643,190.8227621839407,194.12006155653228,10602392,WIPRO.NS,Wipro,IT
2023-08-21,193.9096221923828,195.1958051474692,192.52989294948088,192.60004552876276,7334260,WIPRO.NS,Wipro,IT
2023-08-22,195.07887268066406,195.5465755572549,193.04436231286218,194.09669378519152,6350240,WIPRO.NS,Wipro,IT
2023-08-23,194.213623046875,195.47642654596788,193.9096190261776,195.14902881711882,6134234,WIPRO.NS,Wipro,IT
2023-08-24,193.02098083496094,196.43520608866706,192.6935831155496,195.85057749911746,5776956,WIPRO.NS,Wipro,IT
2023-08-25,191.61788940429688,192.36620264750184,190.40185897434856,191.75819456910776,6598510,WIPRO.NS,Wipro,IT
2023-08-28,190.8461456298828,192.90404962503564,190.65906734118488,192.43634676671155,3401974,WIPRO.NS,Wipro,IT
2023-08-29,190.86953735351562,192.64680248741757,190.40183450005108,191.59447106712233,3998562,WIPRO.NS,Wipro,IT
2023-08-30,190.4486083984375,191.85171696441864,190.19136326411257,191.75817068408986,4018182,WIPRO.NS,Wipro,IT
2023-08-31,191.00985717773438,191.75818465541178,190.09784510729332,190.82277887660487,22061952,WIPRO.NS,Wipro,IT
2023-09-01,194.72808837890625,195.38286952747853,190.5889152183064,190.79938721431395,8476130,WIPRO.NS,Wipro,IT
2023-09-04,203.02981567382812,204.15229969034607,194.564390999276,195.49979672523403,27634648,WIPRO.NS,Wipro,IT
2023-09-05,201.97747802734375,204.6199962673649,201.25253004810156,203.82489571546273,17973426,WIPRO.NS,Wipro,IT
2023-09-06,200.78482055664062,203.70796326374963,199.19463377860487,202.86610387336535,13531912,WIPRO.NS,Wipro,IT
2023-09-07,202.4451904296875,202.84274072439968,199.59220006389054,201.0888549593391,9322650,WIPRO.NS,Wipro,IT
2023-09-08,201.11221313476562,202.72579357731914,200.78481545063212,202.72579357731914,5748410,WIPRO.NS,Wipro,IT
2023-09-11,203.38058471679688,204.61999439967184,201.15899620617188,202.51533160013236,8253314,WIPRO.NS,Wipro,IT
2023-09-12,203.4507598876953,206.4908287136034,199.6623635730856,204.4329388245437,14545328,WIPRO.NS,Wipro,IT
2023-09-13,203.77813720703125,204.8304686182545,201.81377953015118,203.42736006995682,7445670,WIPRO.NS,Wipro,IT
2023-09-14,204.12890625,207.30927979077018,203.59103657595352,205.0409182063355,14895010,WIPRO.NS,Wipro,IT
2023-09-15,206.28033447265625,207.54313786583558,204.97077221341397,205.6957059152877,19835876,WIPRO.NS,Wipro,IT
2023-09-18,203.96522521972656,206.28034587093603,203.54429548979383,206.28034587093603,6025196,WIPRO.NS,Wipro,IT
2023-09-20,201.1590118408203,204.3160062855001,200.66791525219682,203.09997594106568,9102700,WIPRO.NS,Wipro,IT
2023-09-21,200.6211395263672,201.69685035231635,197.8616813436004,201.06544866179922,8893070,WIPRO.NS,Wipro,IT
2023-09-22,195.73365783691406,199.59220664731916,194.84502520793748,198.49310201032947,19818260,WIPRO.NS,Wipro,IT
2023-09-25,193.67575073242188,196.31826894881058,192.69357190449065,195.7336403932751,9301132,WIPRO.NS,Wipro,IT
2023-09-26,193.11451721191406,194.93855559792044,192.55328231715168,194.93855559792044,6480566,WIPRO.NS,Wipro,IT
2023-09-27,194.4007110595703,194.82164082258004,191.8984976445125,192.8105240253336,7773994,WIPRO.NS,Wipro,IT
2023-09-28,189.58335876464844,194.79824284327609,188.95195704365796,194.79824284327609,16876116,WIPRO.NS,Wipro,IT
2023-09-29,189.91075134277344,191.40740628874823,187.78270891858867,189.4196690212414,12780272,WIPRO.NS,Wipro,IT
2023-10-03,189.630126953125,190.86953665564275,188.7648738227475,190.0978298048795,5728104,WIPRO.NS,Wipro,IT
2023-10-04,189.3728790283203,189.630124156887,187.38514193767435,188.34394133352785,6905870,WIPRO.NS,Wipro,IT
2023-10-05,190.2615203857422,191.94525355979877,189.41966093529328,190.79939010075213,8125304,WIPRO.NS,Wipro,IT
2023-10-06,190.7526092529297,191.66462124187694,190.33167954471108,190.82276182543976,6365004,WIPRO.NS,Wipro,IT
2023-10-09,189.70028686523438,192.22587950778518,188.67133484230385,189.0455057020781,6030450,WIPRO.NS,Wipro,IT
2023-10-10,190.70584106445312,191.17354392420654,189.98090734109877,190.0744393491543,5128014,WIPRO.NS,Wipro,IT
2023-10-11,196.97305297851562,198.2826295261048,191.2904661896171,191.2904661896171,19092228,WIPRO.NS,Wipro,IT
2023-10-12,195.07887268066406,197.32384077903637,193.9563886314779,197.25368820217957,10234398,WIPRO.NS,Wipro,IT
2023-10-13,192.24925231933594,193.8160597339866,191.31384661186192,192.64680259964408,10914054,WIPRO.NS,Wipro,IT
2023-10-16,191.85171508789062,192.64680137027472,190.8929156799533,192.22587165922923,5277652,WIPRO.NS,Wipro,IT
2023-10-17,192.4129638671875,193.55884164370562,192.24926500294788,192.5532832964612,5979388,WIPRO.NS,Wipro,IT
2023-10-18,190.56553649902344,193.46528567447425,190.35506450222684,191.2904702245965,4881066,WIPRO.NS,Wipro,IT
2023-10-19,184.8829345703125,185.56110942555463,182.4508882658702,183.31614141019887,25629102,WIPRO.NS,Wipro,IT
2023-10-20,183.2693634033203,185.23370679630813,182.87181312884337,184.7660039494313,8429336,WIPRO.NS,Wipro,IT
2023-10-23,179.20034790039062,183.80722392463468,178.7560387474196,182.8016656305693,8837826,WIPRO.NS,Wipro,IT
2023-10-25,178.59234619140625,181.32841087272428,178.2415690341388,179.784982816852,6678294,WIPRO.NS,Wipro,IT
2023-10-26,176.90859985351562,177.9843106800438,175.41194505097747,177.16583070715905,10995582,WIPRO.NS,Wipro,IT
2023-10-27,178.82620239257812,179.76160817020565,177.282774295597,177.282774295597,6202812,WIPRO.NS,Wipro,IT
2023-10-30,178.66249084472656,179.76159541005225,177.91416342111174,179.59789655595551,4688744,WIPRO.NS,Wipro,IT
2023-10-31,178.56895446777344,179.6446796592415,177.32954468628913,179.2237499204754,6153536,WIPRO.NS,Wipro,IT
2023-11-01,178.17141723632812,180.32283905844787,177.79724636971142,179.52775272906075,4241952,WIPRO.NS,Wipro,IT
2023-11-02,179.4342041015625,180.13575841000585,178.70927035876795,179.50435667777504,4742730,WIPRO.NS,Wipro,IT
2023-11-03,179.38743591308594,180.86071142002535,178.96650617102867,180.53331369111453,5291528,WIPRO.NS,Wipro,IT
2023-11-06,179.9019012451172,180.74377495233622,179.13019438503528,180.53330295724183,4939936,WIPRO.NS,Wipro,IT
2023-11-07,179.2705078125,181.00101417407393,179.06005008084423,180.01883527353627,5692178,WIPRO.NS,Wipro,IT
2023-11-08,178.7560577392578,180.46317050448314,178.42865999330883,179.8785418675457,7102052,WIPRO.NS,Wipro,IT
2023-11-09,178.12464904785156,179.59791030115886,177.5867935773628,179.13020740974957,9231126,WIPRO.NS,Wipro,IT
2023-11-10,177.39968872070312,178.56894586827738,176.3239778541982,177.8673915797328,10710700,WIPRO.NS,Wipro,IT
2023-11-13,178.498779296875,179.08340782481784,177.72707249462192,178.9431026873745,3585902,WIPRO.NS,Wipro,IT
2023-11-15,183.1758270263672,183.45645160429427,179.71482862702376,180.32283665156666,10792518,WIPRO.NS,Wipro,IT
2023-11-16,185.72482299804688,186.84730709467206,182.0767318425655,183.17583650363667,13843576,WIPRO.NS,Wipro,IT
2023-11-17,184.92971801757812,186.61345125951388,184.50878827538403,186.14574837415168,7886928,WIPRO.NS,Wipro,IT
2023-11-20,187.17469787597656,187.5956276124243,183.90077772313552,183.90077772313552,8610496,WIPRO.NS,Wipro,IT
2023-11-21,187.38514709472656,188.29717337656265,187.10452252545713,188.29717337656265,5440248,WIPRO.NS,Wipro,IT
2023-11-22,187.19805908203125,188.29716359523314,186.6602036782135,188.25039045725816,5318582,WIPRO.NS,Wipro,IT
2023-11-23,188.25039672851562,189.41965385105297,187.31499103048571,187.31499103048571,9677360,WIPRO.NS,Wipro,IT
2023-11-24,185.21034240722656,188.71811404372707,184.9998703997728,188.25041115886032,6250566,WIPRO.NS,Wipro,IT
2023-11-28,185.60787963867188,186.49651220268626,183.85399394397578,185.67803221182805,8145314,WIPRO.NS,Wipro,IT
2023-11-29,190.00428771972656,191.07999859324556,186.14573910757213,186.14573910757213,15544086,WIPRO.NS,Wipro,IT
2023-11-30,193.18466186523438,193.86283672589119,188.9753360979653,190.33168581927893,19825958,WIPRO.NS,Wipro,IT
2023-12-01,190.65907287597656,193.51206324920693,190.12121742792172,193.51206324920693,9830426,WIPRO.NS,Wipro,IT
2023-12-04,190.56553649902344,193.16128166933584,190.23813878693062,193.0209765202438,10662472,WIPRO.NS,Wipro,IT
2023-12-05,189.11566162109375,191.2904771497043,188.06333014533132,190.54214969008584,11165368,WIPRO.NS,Wipro,IT
2023-12-06,195.85057067871094,196.6222775354103,189.86397983946685,190.23813641448518,22082070,WIPRO.NS,Wipro,IT
2023-12-07,195.61671447753906,197.13674872034122,194.86838707260486,196.43519445443255,11250552,WIPRO.NS,Wipro,IT
2023-12-08,197.6512451171875,198.53987775782028,194.09670028149685,195.8739655627624,15479122,WIPRO.NS,Wipro,IT
2023-12-11,196.7158203125,197.4641477223684,195.14901292034136,196.43519574965458,10084242,WIPRO.NS,Wipro,IT
2023-12-12,197.4641571044922,200.13005489529326,196.5053576586447,196.76260280062473,11903364,WIPRO.NS,Wipro,IT
2023-12-13,196.27149963378906,198.44631504812236,194.09668421945574,198.09553790796673,9696816,WIPRO.NS,Wipro,IT
2023-12-14,203.1701202392578,203.91844767250421,197.95523618666837,198.0721619020769,24681376,WIPRO.NS,Wipro,IT
2023-12-15,208.85269165039062,210.23242069905794,202.7491754683907,203.94181196776526,41567234,WIPRO.NS,Wipro,IT
2023-12-18,208.2447052001953,212.1032539209176,206.72467085566834,208.59548235662461,20182072,WIPRO.NS,Wipro,IT
2023-12-19,205.18125915527344,209.2268862124446,203.45075279009401,208.40840617248446,16064694,WIPRO.NS,Wipro,IT
2023-12-20,202.02426147460938,210.23244117727268,200.80823115154396,206.72466963371417,26449942,WIPRO.NS,Wipro,IT
2023-12-21,202.98304748535156,204.15230467132707,199.80267364876173,200.59775997132968,10663008,WIPRO.NS,Wipro,IT
2023-12-22,216.38272094726562,218.08983349710155,202.98303713395313,203.5910451303906,46080814,WIPRO.NS,Wipro,IT
2023-12-26,219.86712646484375,222.53302431358006,209.6945888376961,212.33710725172563,54628644,WIPRO.NS,Wipro,IT
2023-12-27,220.26466369628906,222.3459328222598,217.06089630781915,219.11878600047044,25262992,WIPRO.NS,Wipro,IT
2023-12-28,219.56312561035156,223.28135499131406,218.72125185139373,221.01299313887566,16839956,WIPRO.NS,Wipro,IT
2023-12-29,220.4283447265625,222.32254980916113,217.99629850101053,220.26466014964544,15961140,WIPRO.NS,Wipro,IT
2024-01-01,223.1644287109375,226.13434488515725,219.02525532428155,221.2234645929253,20347278,WIPRO.NS,Wipro,IT
2024-01-02,219.44618225097656,223.56196160899177,217.15442687453353,223.56196160899177,14282514,WIPRO.NS,Wipro,IT
2024-01-03,213.22573852539062,216.9673615371041,212.80480879120466,216.9673615371041,19534364,WIPRO.NS,Wipro,IT
2024-01-04,211.58876037597656,215.0731522171319,211.12105753948097,213.7401962784879,15170336,WIPRO.NS,Wipro,IT
2024-01-05,213.55311584472656,216.54641111347786,212.10323421158145,212.82816789157516,16889130,WIPRO.NS,Wipro,IT
2024-01-08,210.62998962402344,215.14331944913994,210.02196733125015,213.9740622782207,10082886,WIPRO.NS,Wipro,IT
2024-01-09,210.8170623779297,216.31257093686628,210.4429058023293,214.2079080845076,14465048,WIPRO.NS,Wipro,IT
2024-01-10,212.15000915527344,213.27249310646536,209.99857325614684,211.14445091302144,8874676,WIPRO.NS,Wipro,IT
2024-01-11,209.62442016601562,213.69342634057182,208.92286590076546,212.78141435964142,8638818,WIPRO.NS,Wipro,IT
2024-01-12,217.6923065185547,219.3526459975455,212.8048058185143,212.8048058185143,36086734,WIPRO.NS,Wipro,IT
2024-01-15,231.3258514404297,247.41482794558638,228.7768649895715,239.44049940821077,127844264,WIPRO.NS,Wipro,IT
2024-01-16,226.8358917236328,231.51292041896545,224.7312288107331,231.51292041896545,25912492,WIPRO.NS,Wipro,IT
2024-01-17,225.61985778808594,229.8759566871802,220.7557508776176,222.22901203837677,28668932,WIPRO.NS,Wipro,IT
2024-01-18,225.73678588867188,228.7067019485662,219.0720200343425,225.61986017192925,26144924,WIPRO.NS,Wipro,IT
2024-01-19,226.85928344726562,230.74122603857958,226.18112281360038,228.23901269639498,15498620,WIPRO.NS,Wipro,IT
2024-01-23,219.77357482910156,227.30359385889423,218.44061880060593,223.5853503488525,19972336,WIPRO.NS,Wipro,IT
2024-01-24,224.06216430664062,224.5074352964128,219.37516148208087,220.757833036765,11708750,WIPRO.NS,Wipro,IT
2024-01-25,220.28915405273438,224.67150497812025,219.60953285602577,224.06218596985764,12852980,WIPRO.NS,Wipro,IT
2024-01-29,221.6952362060547,223.57003735790292,220.2891353421685,220.2891353421685,10051300,WIPRO.NS,Wipro,IT
2024-01-30,221.46090698242188,226.33538757697656,220.99220665018396,222.35143475295413,11828014,WIPRO.NS,Wipro,IT
2024-01-31,224.1090545654297,224.92928012330015,219.82044950928383,221.46090062502475,10584480,WIPRO.NS,Wipro,IT
2024-02-01,220.92189025878906,223.89814003788726,220.5703650322089,223.82782354969277,7828120,WIPRO.NS,Wipro,IT
2024-02-02,226.4525604248047,228.02270938302317,222.63265561549025,222.63265561549025,16296222,WIPRO.NS,Wipro,IT
2024-02-05,226.0775909423828,229.42879520260007,224.57774427171316,226.38224327447566,11566604,WIPRO.NS,Wipro,IT
2024-02-06,234.1861114501953,235.19381427499238,226.42912689474963,227.17905026562138,29024038,WIPRO.NS,Wipro,IT
2024-02-07,232.10040283203125,235.1469548942664,230.858335548395,234.79542965631617,9103534,WIPRO.NS,Wipro,IT
2024-02-08,229.12416076660156,234.39703951558627,227.36653451694,232.4284923945257,11303840,WIPRO.NS,Wipro,IT
2024-02-09,229.8740692138672,231.88947479432915,226.2650711611165,230.0849757679538,7893788,WIPRO.NS,Wipro,IT
2024-02-12,235.02978515625,239.41212177941034,230.1318610080605,230.1318610080605,48873500,WIPRO.NS,Wipro,IT
2024-02-13,239.78709411621094,240.44327172413398,230.45996031550723,235.80314127087928,22373576,WIPRO.NS,Wipro,IT
2024-02-14,241.1463165283203,242.31806733749582,232.96749015883574,236.20153383503916,22594656,WIPRO.NS,Wipro,IT
2024-02-15,243.02110290527344,245.05993774520698,240.46668057663325,242.2946231696187,14570776,WIPRO.NS,Wipro,IT
2024-02-16,254.50428771972656,255.44168841114362,244.16945081829346,244.8959306327019,34942644,WIPRO.NS,Wipro,IT
2024-02-19,251.19996643066406,255.86354078547805,249.04392758659327,255.86354078547805,18602758,WIPRO.NS,Wipro,IT
2024-02-20,249.3251495361328,252.23109734169898,246.65355189864138,251.12963438742884,10374126,WIPRO.NS,Wipro,IT
2024-02-21,244.38037109375,251.3639890632972,243.4898289962164,251.17652608979455,13115574,WIPRO.NS,Wipro,IT
2024-02-22,248.90328979492188,249.81726110577247,244.40377833608287,245.03651230125843,14596482,WIPRO.NS,Wipro,IT
2024-02-23,251.29367065429688,253.68403067831838,249.95785767024168,250.75465388064728,19860994,WIPRO.NS,Wipro,IT
2024-02-26,249.77040100097656,251.4577106359911,246.5597867856682,251.34053556113741,8820636,WIPRO.NS,Wipro,IT
2024-02-27,249.09078979492188,251.8795624092717,247.26284711131186,250.28596988472975,10399260,WIPRO.NS,Wipro,IT
2024-02-28,242.64614868164062,248.85642759649994,241.38065216245653,248.41115659437276,12789056,WIPRO.NS,Wipro,IT
2024-02-29,243.06796264648438,245.71613076812264,240.53699820632337,242.4586579816602,14462764,WIPRO.NS,Wipro,IT
2024-03-01,243.3023223876953,246.1614114772042,242.57584261994688,244.8490563149495,9420630,WIPRO.NS,Wipro,IT
2024-03-04,243.95851135253906,246.72385462438982,243.04454002660896,245.1068328334668,5662370,WIPRO.NS,Wipro,IT
2024-03-05,240.58387756347656,243.9585257155638,239.34182452958305,242.66959978719146,10521548,WIPRO.NS,Wipro,IT
2024-03-06,240.51358032226562,241.3103479794192,234.3501596798078,240.771359776474,11091922,WIPRO.NS,Wipro,IT
2024-03-07,241.61502075195312,243.91166381788676,239.27151909577512,240.7947951722908,9707982,WIPRO.NS,Wipro,IT
2024-03-11,241.16973876953125,243.23203157624292,240.11516307211664,242.50555181724107,11131512,WIPRO.NS,Wipro,IT
2024-03-12,239.43556213378906,244.8959180193378,237.9825882762082,240.32608988404874,11652760,WIPRO.NS,Wipro,IT
2024-03-13,236.41244506835938,243.11486841139475,232.85031967738382,240.8182253371664,13580480,WIPRO.NS,Wipro,IT
2024-03-14,242.76333618164062,243.20860720655952,232.0769603159742,234.88916223268663,12825472,WIPRO.NS,Wipro,IT
2024-03-15,242.3180694580078,242.90394486772254,237.34984312290723,241.26349372052132,13649086,WIPRO.NS,Wipro,IT
2024-03-18,239.1309051513672,243.04454131773954,238.56845905494563,242.78676186731207,6393960,WIPRO.NS,Wipro,IT
2024-03-19,231.93637084960938,238.56847793542434,231.13957453388622,238.56847793542434,9617386,WIPRO.NS,Wipro,IT
2024-03-20,231.30360412597656,234.93603154639464,229.28819850447428,232.49878420093285,8385344,WIPRO.NS,Wipro,IT
2024-03-21,234.56106567382812,236.83425063572383,233.62366509453992,234.1860968599542,11644580,WIPRO.NS,Wipro,IT
2024-03-22,228.30392456054688,230.01467783656372,224.7652286270561,229.31162736941172,28646502,WIPRO.NS,Wipro,IT
2024-03-26,224.90585327148438,230.1084297272015,224.53088443022622,227.78835740258748,18273346,WIPRO.NS,Wipro,IT
2024-03-27,221.3671417236328,225.42141068376674,220.8750121395091,224.83553532000147,14320668,WIPRO.NS,Wipro,IT
2024-03-28,225.02304077148438,226.40569822106127,222.77327051056673,223.4294624430841,15455150,WIPRO.NS,Wipro,IT
2024-04-01,227.2962188720703,227.97582573288165,225.70262639050296,226.71034349019942,6041008,WIPRO.NS,Wipro,IT
2024-04-02,225.53860473632812,226.24165523201043,224.7886813468805,225.89012998416928,6932654,WIPRO.NS,Wipro,IT
2024-04-03,226.4759979248047,228.58514934226153,223.07792064112422,224.976151195396,13794516,WIPRO.NS,Wipro,IT
2024-04-04,228.4445343017578,230.57712935106778,224.78867750808175,227.69461092511693,16004046,WIPRO.NS,Wipro,IT
2024-04-05,227.3430938720703,228.32736744538963,226.17134302373762,228.02271508554298,6414344,WIPRO.NS,Wipro,IT
2024-04-08,224.9292755126953,230.41307485149022,224.13249356925562,229.66315149608945,26640770,WIPRO.NS,Wipro,IT
2024-04-09,223.0076141357422,227.43683803215106,222.72640537703612,226.82753331682247,15801250,WIPRO.NS,Wipro,IT
2024-04-10,223.7106475830078,224.71836467140176,221.74211490415954,223.80439336449498,10771534,WIPRO.NS,Wipro,IT
2024-04-12,220.64068603515625,224.97616419941582,220.28916077859466,222.63266248900524,13170046,WIPRO.NS,Wipro,IT
2024-04-15,215.2974853515625,219.51578804540725,214.7584828680686,218.62526033742628,12176472,WIPRO.NS,Wipro,IT
2024-04-16,210.14178466796875,214.89908990436874,208.47789000258084,212.34466751994407,21439424,WIPRO.NS,Wipro,IT
2024-04-18,208.26698303222656,213.4695592695721,207.56393257592578,212.0868876507413,21986258,WIPRO.NS,Wipro,IT
2024-04-19,212.20407104492188,212.74307355516106,204.82204096439725,206.22814193211624,20470106,WIPRO.NS,Wipro,IT
2024-04-22,216.53955078125,218.48465427495057,210.9151468648539,212.20407276236133,18881740,WIPRO.NS,Wipro,IT
2024-04-23,216.58641052246094,218.78929334045404,215.69588281716167,218.78929334045404,10322712,WIPRO.NS,Wipro,IT
2024-04-24,215.55528259277344,217.78160919834875,214.94597787479248,217.43008394483687,5915168,WIPRO.NS,Wipro,IT
2024-04-25,216.07086181640625,216.7973416390346,213.63361426970545,215.08658821856173,11805090,WIPRO.NS,Wipro,IT
2024-04-26,217.75816345214844,223.0075982591932,216.35206254432603,216.49266691366904,21478294,WIPRO.NS,Wipro,IT
2024-04-29,216.98480224609375,219.35173295936585,216.35205400183762,219.18768499921092,7249940,WIPRO.NS,Wipro,IT
2024-04-30,216.72703552246094,218.76588487316099,216.30520807490902,217.0082585886953,8902956,WIPRO.NS,Wipro,IT
2024-05-02,214.38351440429688,217.00823894556763,213.46955740126376,216.72701590478897,14937276,WIPRO.NS,Wipro,IT
2024-05-03,214.360107421875,216.5395611834561,212.41500383473485,215.7896377645251,9730626,WIPRO.NS,Wipro,IT
2024-05-06,214.96939086914062,216.82076278535357,213.72733792830323,215.03969305379218,6918126,WIPRO.NS,Wipro,IT
2024-05-07,217.43006896972656,218.10969013448153,212.78993880367014,216.44579546696352,9278528,WIPRO.NS,Wipro,IT
2024-05-08,217.10198974609375,218.6018221589237,216.21144771244036,217.9456445843357,8205680,WIPRO.NS,Wipro,IT
2024-05-09,213.68048095703125,217.664433824877,212.8133824721332,216.42238079150374,9233484,WIPRO.NS,Wipro,IT
2024-05-10,211.78225708007812,214.43041121026087,211.0557629517415,213.7507899778814,6654714,WIPRO.NS,Wipro,IT
2024-05-13,211.8291015625,212.43840621741535,208.5716288290123,211.78222867283012,7111608,WIPRO.NS,Wipro,IT
2024-05-14,213.89138793945312,215.55526830770268,211.94628452631116,212.18063467978845,4909420,WIPRO.NS,Wipro,IT
2024-05-15,214.8053436279297,215.48496479025175,213.0945903788409,213.89138661717723,4793424,WIPRO.NS,Wipro,IT
2024-05-16,217.6878662109375,219.11739644491414,213.77421573457067,216.5395447220328,14621472,WIPRO.NS,Wipro,IT
2024-05-17,216.07086181640625,217.66444014912622,215.6255907615053,217.66444014912622,6876820,WIPRO.NS,Wipro,IT
2024-05-21,216.0239715576172,217.85189991892292,215.46153976376843,217.00824507635056,8467448,WIPRO.NS,Wipro,IT
2024-05-22,216.21144104003906,217.21915812032728,215.06313389584702,216.96136437511018,7765884,WIPRO.NS,Wipro,IT
2024-05-23,218.3206024169922,219.35174883809788,216.4223718504096,216.77389708893222,13171332,WIPRO.NS,Wipro,IT
2024-05-24,217.31289672851562,220.52349672540754,216.53954407468288,218.88304563393268,8205526,WIPRO.NS,Wipro,IT
2024-05-27,212.06346130371094,216.6098457354718,211.6650631788849,216.53954354958444,40983758,WIPRO.NS,Wipro,IT
2024-05-28,213.7507781982422,214.31322431153265,212.36812081710127,212.78994825026973,15778126,WIPRO.NS,Wipro,IT
2024-05-29,211.2900848388672,213.4929819215162,210.68078018380137,212.7899314870875,9756036,WIPRO.NS,Wipro,IT
2024-05-30,204.79861450195312,210.68079791015185,203.93151603248188,210.44644774562443,20724568,WIPRO.NS,Wipro,IT
2024-05-31,205.38449096679688,207.23584869390075,204.11899435041784,205.0798243084693,21438004,WIPRO.NS,Wipro,IT
2024-06-03,208.14981079101562,211.17291921212257,206.95461641686776,211.00888554629688,8964424,WIPRO.NS,Wipro,IT
2024-06-04,205.3610382080078,208.99346561479234,195.4480295005349,208.99346561479234,17730732,WIPRO.NS,Wipro,IT
2024-06-05,211.61817932128906,213.25863032377967,205.7828550338477,206.08752166290262,12267428,WIPRO.NS,Wipro,IT
2024-06-06,216.07086181640625,216.53956216741798,212.13378172862767,213.23523041422513,15425568,WIPRO.NS,Wipro,IT
2024-06-07,227.10873413085938,227.97583258280136,219.49235393769075,220.28915020241553,72672440,WIPRO.NS,Wipro,IT
2024-06-10,222.7498321533203,228.9132386409775,221.8593043857575,228.9132386409775,18311752,WIPRO.NS,Wipro,IT
2024-06-11,223.12478637695312,224.6012038593448,222.32800439810572,224.6012038593448,9371714,WIPRO.NS,Wipro,IT
2024-06-12,223.52317810058594,227.0384304746891,222.89042981252769,224.03875130950746,13875116,WIPRO.NS,Wipro,IT
2024-06-13,226.1947784423828,227.48370432893392,224.1090562863424,224.97615474346927,12995932,WIPRO.NS,Wipro,IT
2024-06-14,223.8043975830078,227.6008729472298,223.19509290265046,227.3196499010655,11322596,WIPRO.NS,Wipro,IT
2024-06-18,230.53025817871094,231.06926069283247,224.99958575035404,225.44485678144505,31870984,WIPRO.NS,Wipro,IT
2024-06-19,232.35816955566406,233.01434710317028,228.1398669313555,230.7177185350996,20880284,WIPRO.NS,Wipro,IT
2024-06-20,229.85061645507812,233.17839133280856,228.84291370501262,233.17839133280856,12571126,WIPRO.NS,Wipro,IT
2024-06-21,229.9209442138672,234.7954391534893,229.24133730850002,233.3893381448135,95171176,WIPRO.NS,Wipro,IT
2024-06-24,229.9209442138672,231.95979353716695,229.40538528689868,229.71003764472528,9934518,WIPRO.NS,Wipro,IT
2024-06-25,232.87374877929688,233.41275126789063,229.33505290381956,229.92092828350803,9258210,WIPRO.NS,Wipro,IT
2024-06-26,232.10040283203125,234.30328574102677,231.4442109449787,232.873755494802,12812090,WIPRO.NS,Wipro,IT
2024-06-27,239.41212463378906,239.951141460201,229.28820887292332,230.67086627460867,42137138,WIPRO.NS,Wipro,IT
2024-06-28,241.3103485107422,241.98996969674948,237.09205993081633,239.97456404050502,16405832,WIPRO.NS,Wipro,IT
2024-07-01,247.16909790039062,251.12962125518663,240.95881877116275,242.73990284115155,30757528,WIPRO.NS,Wipro,IT
2024-07-02,252.25450134277344,255.44165758756452,247.6143570372955,248.08305732644698,36276968,WIPRO.NS,Wipro,IT
2024-07-03,252.62945556640625,255.652578149447,250.98900455623476,253.9886978462836,16049384,WIPRO.NS,Wipro,IT
2024-07-04,248.73927307128906,257.22273767708566,247.9893353722806,253.75437236846525,19524632,WIPRO.NS,Wipro,IT
2024-07-05,250.801513671875,251.45770552058508,248.1533741983706,249.04388758482523,10376090,WIPRO.NS,Wipro,IT
2024-07-08,253.66062927246094,254.50428416150137,250.75468144825643,251.19995249189395,12176360,WIPRO.NS,Wipro,IT
2024-07-09,253.56686401367188,255.41823593262316,251.97327154002355,254.9729649231747,8681444,WIPRO.NS,Wipro,IT
2024-07-10,251.01246643066406,254.6683234349948,249.23141082416439,253.56688905664868,9233748,WIPRO.NS,Wipro,IT
2024-07-11,250.3328399658203,252.88726253836919,248.41118001612216,251.55147801323736,8807618,WIPRO.NS,Wipro,IT
2024-07-12,262.5425109863281,264.7219504369816,253.8246673621174,255.44168928176285,54186042,WIPRO.NS,Wipro,IT
2024-07-15,262.3315734863281,265.7062214945412,260.66769308026113,265.7062214945412,16099478,WIPRO.NS,Wipro,IT
2024-07-16,262.3315734863281,263.69078724307144,260.784868159663,263.3392620048659,11239032,WIPRO.NS,Wipro,IT
2024-07-18,268.6590270996094,269.2214732007658,260.7614096034311,260.8551553881567,25019786,WIPRO.NS,Wipro,IT
2024-07-19,261.1598205566406,271.79932340076317,259.98806977220414,271.79932340076317,26523490,WIPRO.NS,Wipro,IT
2024-07-22,237.06861877441406,246.88789630919507,235.0766423922326,244.19286943918488,76014568,WIPRO.NS,Wipro,IT
2024-07-23,234.60794067382812,238.09976379741474,227.95240467739822,238.09976379741474,25847632,WIPRO.NS,Wipro,IT
2024-07-24,234.39703369140625,237.32641070138783,234.27985861100697,235.52191160251942,12240276,WIPRO.NS,Wipro,IT
2024-07-25,237.56076049804688,237.86541284589825,231.2098625679824,232.47535915579414,21887890,WIPRO.NS,Wipro,IT
2024-07-26,245.9739227294922,247.73154893317167,238.33411321893814,239.03716370040993,26153996,WIPRO.NS,Wipro,IT
2024-07-29,245.7864532470703,248.6689429803416,245.05994488305888,247.47376291497562,12011554,WIPRO.NS,Wipro,IT
2024-07-30,244.4272003173828,246.9816226097322,243.60697481296208,245.7864425961582,10816526,WIPRO.NS,Wipro,IT
2024-07-31,244.66156005859375,246.02080239068675,243.46637999813763,244.56781427582933,7758508,WIPRO.NS,Wipro,IT
2024-08-01,244.4506378173828,246.91131441325822,242.5524073077182,245.13025897958767,10759752,WIPRO.NS,Wipro,IT
2024-08-02,235.35784912109375,243.3726269870687,234.81884664520257,241.3806507430725,15652228,WIPRO.NS,Wipro,IT
2024-08-05,227.3196563720703,232.4050577310106,225.09332984059128,229.66315798415351,21938080,WIPRO.NS,Wipro,IT
2024-08-06,229.42880249023438,234.04550341945009,228.069574447539,229.545977568115,11271584,WIPRO.NS,Wipro,IT
2024-08-07,233.1315460205078,234.39704265867312,230.90521940774983,233.74086504405375,7079826,WIPRO.NS,Wipro,IT
2024-08-08,228.3976593017578,231.5379571546469,227.9524025816965,231.5379571546469,13160570,WIPRO.NS,Wipro,IT
2024-08-09,230.2724609375,232.68627902253954,229.49910827209058,232.17070581106705,6065948,WIPRO.NS,Wipro,IT
2024-08-12,229.21788024902344,231.53795249853513,228.44452760038564,230.38963102077716,7338468,WIPRO.NS,Wipro,IT
2024-08-13,229.8975067138672,230.92865313820266,228.3273577828285,229.21788552915535,6289418,WIPRO.NS,Wipro,IT
2024-08-14,232.07696533203125,232.873761613761,229.87408236515307,231.06926248414877,11121756,WIPRO.NS,Wipro,IT
2024-08-16,241.96653747558594,242.52898357469255,233.3893274376002,234.818857676065,25931140,WIPRO.NS,Wipro,IT
2024-08-19,243.60699462890625,245.22401647630969,240.77136337582942,241.84936840503246,11466562,WIPRO.NS,Wipro,IT
2024-08-20,245.9036407470703,247.28628384138884,243.56013908592297,243.67731416898033,9543812,WIPRO.NS,Wipro,IT
2024-08-21,246.7003936767578,247.520619209121,244.21628778589715,245.31775066510264,6454402,WIPRO.NS,Wipro,IT
2024-08-22,243.25546264648438,248.6689455446344,242.81019162732986,247.3800196828274,11496506,WIPRO.NS,Wipro,IT
2024-08-23,240.16204833984375,244.40378038951596,239.66990443617465,243.677300636345,11277706,WIPRO.NS,Wipro,IT
2024-08-26,243.7241668701172,245.97392268901726,241.82593629189515,241.84936558650088,17351380,WIPRO.NS,Wipro,IT
2024-08-27,242.3883819580078,245.2474424674489,241.84936514706857,243.72416642727842,7965796,WIPRO.NS,Wipro,IT
2024-08-28,250.56716918945312,252.20762024110513,242.71643915654712,243.72415624544035,34375566,WIPRO.NS,Wipro,IT
2024-08-29,252.48887634277344,254.01215243246963,250.3094083407904,250.7546793807566,25685318,WIPRO.NS,Wipro,IT
2024-08-30,252.34825134277344,254.0355609690623,251.08275481945884,253.8949566014042,19434804,WIPRO.NS,Wipro,IT
2024-09-02,249.55947875976562,254.035560872895,249.27824141736002,252.34825124724486,15735982,WIPRO.NS,Wipro,IT
2024-09-03,251.24679565429688,253.49655142265053,248.1768143427895,249.8172654290969,15056686,WIPRO.NS,Wipro,IT
2024-09-04,243.32577514648438,247.5909364854662,242.20088296992836,247.47376140904146,20402128,WIPRO.NS,Wipro,IT
2024-09-05,245.99734497070312,246.53636176725539,243.48980976823037,244.2866060124916,12069118,WIPRO.NS,Wipro,IT
2024-09-06,244.00537109375,248.36430688306228,242.99768258681615,245.99734742064334,14579954,WIPRO.NS,Wipro,IT
2024-09-09,241.3103485107422,244.54439216432323,240.6541852265123,242.36492423162332,11919540,WIPRO.NS,Wipro,IT
2024-09-10,246.41920471191406,247.47378048100927,240.91197569552796,242.22433093118448,10287272,WIPRO.NS,Wipro,IT
2024-09-11,241.07598876953125,246.65353380340355,240.56042988046912,246.0676584261983,8261524,WIPRO.NS,Wipro,IT
2024-09-12,248.4346160888672,249.34858749756313,242.66960747530698,243.93510414833221,15779474,WIPRO.NS,Wipro,IT
2024-09-13,258.06640625,258.95694837507466,248.8095741587643,250.19224593940146,35919706,WIPRO.NS,Wipro,IT
2024-09-16,258.67572021484375,260.99576393249436,257.31647783259405,259.19127912827776,11088578,WIPRO.NS,Wipro,IT
2024-09-17,258.67572021484375,260.08182118660653,256.4025064795087,257.31647783259405,8728238,WIPRO.NS,Wipro,IT
2024-09-18,252.23110961914062,257.3399263675241,249.65325764484083,257.3399263675241,16665520,WIPRO.NS,Wipro,IT
2024-09-19,249.98130798339844,258.46480106712386,248.01278949559256,255.06672369609075,20969182,WIPRO.NS,Wipro,IT
2024-09-20,252.67633056640625,253.4496975357465,248.87986942483846,252.11391306928303,16664232,WIPRO.NS,Wipro,IT
2024-09-23,250.70782470703125,253.28567659140745,249.3485822705716,252.67634326025052,8544290,WIPRO.NS,Wipro,IT
2024-09-24,252.88723754882812,253.98870040248872,248.1064888353461,249.4423018356755,12355694,WIPRO.NS,Wipro,IT
2024-09-25,251.317138671875,252.81698554482819,248.7627159892641,252.53574816459962,8065196,WIPRO.NS,Wipro,IT
2024-09-26,253.98870849609375,254.55112598026426,251.08276086336096,252.48886178818037,11403400,WIPRO.NS,Wipro,IT
2024-09-27,253.94183349609375,261.9566263167798,253.426274575113,257.2696230089627,26462384,WIPRO.NS,Wipro,IT
2024-09-30,253.77780151367188,255.20733181063895,250.28597830464867,252.16077964026402,8199446,WIPRO.NS,Wipro,IT
2024-10-01,256.26190185546875,257.5976863344701,253.19192045820077,253.19192045820077,9411274,WIPRO.NS,Wipro,IT
2024-10-03,248.48147583007812,254.22305451298524,246.65353321468234,253.14502093574376,14035368,WIPRO.NS,Wipro,IT
2024-10-04,250.07504272460938,254.01213674071784,247.49719103975647,247.49719103975647,11922754,WIPRO.NS,Wipro,IT
2024-10-07,249.09078979492188,253.8949680558179,246.5129380451728,252.16077115727455,9878074,WIPRO.NS,Wipro,IT
2024-10-08,246.98162841796875,250.1922140250405,243.8647599849928,249.13763835169922,11502804,WIPRO.NS,Wipro,IT
2024-10-09,248.95018005371094,252.48886165790805,247.70811279454935,248.31741747355073,8841688,WIPRO.NS,Wipro,IT
2024-10-10,246.0676727294922,251.9732854321209,245.3411929409685,250.75467601957777,12620244,WIPRO.NS,Wipro,IT
2024-10-11,247.61436462402344,250.47345363976524,243.8881914896627,243.8881914896627,8436982,WIPRO.NS,Wipro,IT
2024-10-14,257.5742492675781,258.65225425758405,251.36397016903481,252.48886235429111,33136266,WIPRO.NS,Wipro,IT
2024-10-15,249.79383850097656,259.1209576014352,248.8095506755513,259.1209576014352,21601252,WIPRO.NS,Wipro,IT
2024-10-16,249.4188995361328,252.53573965983412,247.94248200945412,249.81728338570707,12553622,WIPRO.NS,Wipro,IT
2024-10-17,247.82530212402344,252.16078022264702,246.09110516313436,250.73124992237834,23755278,WIPRO.NS,Wipro,IT
2024-10-18,257.1524353027344,261.7222633035247,245.97391579802175,249.34856373542928,74653054,WIPRO.NS,Wipro,IT
2024-10-21,256.8946533203125,263.36274110979775,256.3790943723156,258.535104564011,23966964,WIPRO.NS,Wipro,IT
2024-10-22,255.65257263183594,260.36300470936936,254.90263502191155,257.69140740045356,18478300,WIPRO.NS,Wipro,IT
2024-10-23,256.47283935546875,259.8943462172314,254.129337586152,256.6134437401879,12698576,WIPRO.NS,Wipro,IT
2024-10-24,256.33221435546875,258.01952405079675,255.51198880217376,256.47281872887993,9576604,WIPRO.NS,Wipro,IT
2024-10-25,254.71519470214844,258.72257671791584,253.3325230362926,257.66800099759826,10124540,WIPRO.NS,Wipro,IT
2024-10-28,261.81597900390625,262.378425091504,254.36366131662385,254.7151865454729,11185858,WIPRO.NS,Wipro,IT
2024-10-29,263.5033264160156,264.0657725231426,259.3084528179905,262.37843420176176,12055630,WIPRO.NS,Wipro,IT
2024-10-30,264.932861328125,271.26031577824386,262.9877435172464,263.6439354216193,20755492,WIPRO.NS,Wipro,IT
2024-10-31,258.6288146972656,265.4249689126901,256.98836367974934,264.7219184766117,15680094,WIPRO.NS,Wipro,IT
2024-11-01,258.41790771484375,260.08181672195786,257.7851737312912,258.58196998971823,1962810,WIPRO.NS,Wipro,IT
2024-11-04,253.47312927246094,258.9334994850865,250.3797185796895,258.25387829445106,9855560,WIPRO.NS,Wipro,IT
2024-11-05,254.83236694335938,255.60570529865896,253.28566162556328,254.5042710014761,6862260,WIPRO.NS,Wipro,IT
2024-11-06,264.3001403808594,265.2140831830394,253.5668908591009,256.59001385603284,19554884,WIPRO.NS,Wipro,IT
2024-11-07,264.0657653808594,267.01857160441347,259.8708918962945,265.2843747406764,11997142,WIPRO.NS,Wipro,IT
2024-11-08,266.69049072265625,271.2837482860708,264.81568938189946,264.81568938189946,20852658,WIPRO.NS,Wipro,IT
2024-11-11,268.79962158203125,273.34602020555536,265.3077986316712,266.6904702357032,16139444,WIPRO.NS,Wipro,IT
2024-11-12,267.4638366699219,271.70556864813176,266.7138990283183,269.5026715246649,11260890,WIPRO.NS,Wipro,IT
2024-11-13,266.69049072265625,268.84650082164734,265.0734688448139,267.1591910578455,11391200,WIPRO.NS,Wipro,IT
2024-11-14,265.61248779296875,269.29177401068847,264.4407369456442,266.66706355556084,9783520,WIPRO.NS,Wipro,IT
2024-11-18,259.1209411621094,265.6124572747471,253.23875830582824,265.6124572747471,15289764,WIPRO.NS,Wipro,IT
2024-11-19,263.4095764160156,267.06543314305475,259.9880698459302,260.5973745325706,12919778,WIPRO.NS,Wipro,IT
2024-11-21,261.1363830566406,266.0342782959199,260.26927033908703,263.40956806413783,11672608,WIPRO.NS,Wipro,IT
2024-11-22,267.93255615234375,268.8464989137181,261.487926589228,263.3861572118334,14733232,WIPRO.NS,Wipro,IT
2024-11-25,272.9945068359375,275.3848670226988,268.98712482533307,269.7370338937139,23297474,WIPRO.NS,Wipro,IT
2024-11-26,276.0644836425781,276.6972176206119,271.5180848968043,274.1896823954299,15771340,WIPRO.NS,Wipro,IT
2024-11-27,273.2054138183594,279.34537624941964,272.73671352263887,277.2362249186774,13659676,WIPRO.NS,Wipro,IT
2024-11-28,268.1903381347656,274.6583970538431,267.41697113704186,274.54122196977573,11896556,WIPRO.NS,Wipro,IT
2024-11-29,270.8384704589844,272.1977128398497,267.9090934374621,269.5026859800492,8540112,WIPRO.NS,Wipro,IT
2024-12-02,273.9787902832031,274.4474906441725,271.00255443392757,272.99453096804734,11194000,WIPRO.NS,Wipro,IT
2024-12-03,273.39288330078125,277.65807325800534,271.1899861368519,276.86127701481433,15445286,WIPRO.NS,Wipro,IT
2024-12-04,275.59576416015625,278.40796583525986,273.533471488869,276.2050688016564,14036431,WIPRO.NS,Wipro,IT
2024-12-05,280.5639953613281,282.0638420813867,275.50203771242764,276.53318412041773,13487264,WIPRO.NS,Wipro,IT
2024-12-06,278.7360534667969,280.42336297882645,277.65804857815607,280.42336297882645,7894350,WIPRO.NS,Wipro,IT
2024-12-09,284.7354431152344,286.56338579786535,275.3614367575312,276.5331875522441,9285213,WIPRO.NS,Wipro,IT
2024-12-10,288.8131408691406,291.5315969845345,284.4542336453129,286.8445938175806,17028502,WIPRO.NS,Wipro,IT
2024-12-11,289.6568298339844,290.5004847819637,286.4227858249966,288.8600334803149,8608406,WIPRO.NS,Wipro,IT
2024-12-12,289.7505187988281,294.1562842662282,288.20381359636644,288.7193724614554,12958440,WIPRO.NS,Wipro,IT
2024-12-13,290.5473327636719,291.5784505569044,285.1572792144073,289.75053651755866,7382211,WIPRO.NS,Wipro,IT
2024-12-16,289.84429931640625,291.90656363113567,287.8757521831477,290.59420841136273,7221189,WIPRO.NS,Wipro,IT
2024-12-17,289.51617431640625,292.7033305610442,288.0631862557892,291.5315798382218,10568517,WIPRO.NS,Wipro,IT
2024-12-18,293.0314636230469,293.6407683546974,289.23497363562603,289.65681539218355,10965226,WIPRO.NS,Wipro,IT
2024-12-19,293.17205810546875,293.7813628165425,282.2982046653291,287.17269956831524,12405595,WIPRO.NS,Wipro,IT
2024-12-20,286.0946960449219,299.96821452376685,285.34475834429355,295.74991150702635,22214824,WIPRO.NS,Wipro,IT
2024-12-23,288.6256408691406,291.203492535669,285.9071848331499,287.4070315242057,6693583,WIPRO.NS,Wipro,IT
2024-12-24,286.1883850097656,289.84427014958453,283.8448835648537,288.2506777241663,8837902,WIPRO.NS,Wipro,IT
2024-12-26,285.95404052734375,287.73512454649966,284.96978134386995,286.282136457567,6516148,WIPRO.NS,Wipro,IT
2024-12-27,289.7505187988281,291.4378283638418,285.625962056532,286.0946623365019,8063921,WIPRO.NS,Wipro,IT
2024-12-30,284.6885681152344,290.031734266796,283.7042803400973,289.7505255351542,13709891,WIPRO.NS,Wipro,IT
2024-12-31,282.95440673828125,284.0324118207817,276.7675564029234,282.11075183055044,9337030,WIPRO.NS,Wipro,IT
2025-01-01,281.5013732910156,284.3604621284538,280.23590543620924,281.2201645693241,7878201,WIPRO.NS,Wipro,IT
2025-01-02,284.78228759765625,285.3916208664818,278.54857940000534,279.3453756223808,8800435,WIPRO.NS,Wipro,IT
2025-01-03,276.01763916015625,284.7823125527354,275.59579741511095,284.3136122169954,12535720,WIPRO.NS,Wipro,IT
2025-01-06,275.87701416015625,279.15791660531636,272.36176154034183,276.5332060920679,9173687,WIPRO.NS,Wipro,IT
2025-01-07,275.64263916015625,278.8766827219958,273.06478747112936,275.87698931370414,7381943,WIPRO.NS,Wipro,IT
2025-01-08,278.9235534667969,279.7672369420987,271.1899980626469,274.6583919292054,7937785,WIPRO.NS,Wipro,IT
2025-01-09,274.002197265625,279.34539238841666,273.1116838166247,278.40799174281796,7964702,WIPRO.NS,Wipro,IT
2025-01-10,281.7357482910156,284.2667414383746,275.8769943454597,275.8769943454597,19505556,WIPRO.NS,Wipro,IT
2025-01-13,273.5803527832031,280.51711104414244,272.0805062007096,280.23590232557234,9541248,WIPRO.NS,Wipro,IT
2025-01-14,274.51776123046875,276.11132502693494,268.6121205056024,273.5334734727269,7670070,WIPRO.NS,Wipro,IT
2025-01-15,274.33026123046875,276.2519494942262,271.5649468126628,274.658357139617,4662694,WIPRO.NS,Wipro,IT
2025-01-16,270.0182189941406,277.9392651434681,268.7527511279784,277.3768190878434,10345666,WIPRO.NS,Wipro,IT
2025-01-17,264.3001403808594,269.7839116227367,262.94089791489023,269.7839116227367,9358955,WIPRO.NS,Wipro,IT
2025-01-20,281.45452880859375,286.28213615414626,278.3611182862153,283.0949798507754,39380165,WIPRO.NS,Wipro,IT
2025-01-21,279.6734924316406,286.7039973765929,279.1579049046921,283.4699536590357,15619474,WIPRO.NS,Wipro,IT
2025-01-22,289.7505187988281,290.594173581335,280.6108633394152,280.6108633394152,30859317,WIPRO.NS,Wipro,IT
2025-01-23,297.81219482421875,304.28025351993773,291.20350314671674,291.6253448776712,39904371,WIPRO.NS,Wipro,IT
2025-01-24,300.0619201660156,302.3116757525023,296.7810182586241,299.03077384511084,17479586,WIPRO.NS,Wipro,IT
2025-01-27,288.6725158691406,299.17138504862663,287.54762374656946,297.9058885625328,12372895,WIPRO.NS,Wipro,IT
2025-01-28,290.2499694824219,294.0740796754033,288.2900955031316,290.6323746665909,12077491,WIPRO.NS,Wipro,IT
2025-01-29,298.7108154296875,300.86187738666854,291.63618831954506,291.63618831954506,16338112,WIPRO.NS,Wipro,IT
2025-01-30,295.41253662109375,299.9058781363986,292.49666403020615,297.3245918743047,9984186,WIPRO.NS,Wipro,IT
2025-01-31,298.18499755859375,301.81791988250086,295.9383269014854,297.99380954721744,15597644,WIPRO.NS,Wipro,IT
2025-02-01,291.3971862792969,299.4756307667261,290.01096383380866,298.80639980983835,6046117,WIPRO.NS,Wipro,IT
2025-02-03,299.81024169921875,300.19264687922254,287.0950579406672,289.6763439630714,14877076,WIPRO.NS,Wipro,IT
2025-02-04,302.3437194824219,304.8293970034145,299.57124536024196,304.0167677325222,15366864,WIPRO.NS,Wipro,IT
2025-02-05,303.1563415527344,307.3150672250492,301.0530692751639,303.825543331492,9628027,WIPRO.NS,Wipro,IT
2025-02-06,303.9689636230469,309.3705133109035,300.71844669347786,305.92880838148284,15062390,WIPRO.NS,Wipro,IT
2025-02-07,304.0167541503906,304.97278167916545,300.1926440352914,304.97278167916545,8589587,WIPRO.NS,Wipro,IT
2025-02-10,305.02056884765625,306.88483418351484,301.961298286416,304.781561967451,12304840,WIPRO.NS,Wipro,IT
2025-02-11,299.23663330078125,306.3112315756385,297.89820052050766,305.45081258658024,10627890,WIPRO.NS,Wipro,IT
2025-02-12,296.5597839355469,301.86572563753896,295.7471546109734,299.6668737481264,9668342,WIPRO.NS,Wipro,IT
2025-02-13,294.9822998046875,299.8580463253531,293.4526790085659,296.6553480791362,8832731,WIPRO.NS,Wipro,IT
2025-02-14,294.5521240234375,298.6630312373382,291.1582083694977,296.41636043063266,7371341,WIPRO.NS,Wipro,IT
2025-02-17,291.92303466796875,296.65535380159326,288.72033635997207,294.5521105785314,7507772,WIPRO.NS,Wipro,IT
2025-02-18,298.4718322753906,298.99763579197605,291.92303729501725,291.92303729501725,10368789,WIPRO.NS,Wipro,IT
2025-02-19,300.28826904296875,302.58272940235975,294.7432915674903,297.5635846018467,7835672,WIPRO.NS,Wipro,IT
2025-02-20,299.5234069824219,300.47943449168673,296.60753474942175,297.51577255348104,7697134,WIPRO.NS,Wipro,IT
2025-02-21,292.8790588378906,299.0454193049779,291.6362054620812,299.0454193049779,8722925,WIPRO.NS,Wipro,IT
2025-02-24,282.075927734375,289.96315532321836,280.450698342668,289.62856900845134,12600963,WIPRO.NS,Wipro,IT
2025-02-25,278.4908447265625,283.2709830100644,277.3436290439112,281.40674658488786,10810040,WIPRO.NS,Wipro,IT
2025-02-27,281.5501403808594,282.7929646443696,278.5386591457014,281.0721265601788,15555649,WIPRO.NS,Wipro,IT
2025-02-28,265.4410705566406,281.07212843212847,264.8196584207469,281.07212843212847,17458839,WIPRO.NS,Wipro,IT
2025-03-03,271.08160400390625,273.7584986875257,267.0184868583757,267.1619143334405,11471554,WIPRO.NS,Wipro,IT
2025-03-04,267.6877136230469,270.6514048590025,264.1504000227699,266.7316860743931,9331785,WIPRO.NS,Wipro,IT
2025-03-05,272.5634765625,274.3321334703956,266.39708682773204,269.0261627467088,10285712,WIPRO.NS,Wipro,IT
2025-03-06,273.3282775878906,279.16005162477023,271.033817245282,275.7661654071248,9782051,WIPRO.NS,Wipro,IT
2025-03-07,272.2766418457031,275.0491451553082,270.4601952872919,274.7623193772562,8097300,WIPRO.NS,Wipro,IT
2025-03-10,268.54815673828125,273.0892880028726,265.7278927214502,271.94207234668045,8165123,WIPRO.NS,Wipro,IT
2025-03-11,265.5366516113281,267.01848264133116,261.18673793565813,264.81963094991136,8602609,WIPRO.NS,Wipro,IT
2025-03-12,256.7412109375,265.48888718012614,250.67045876671983,265.48888718012614,18584311,WIPRO.NS,Wipro,IT
2025-03-13,252.3912811279297,259.17908278127226,251.76986903603944,256.7411949468078,8683943,WIPRO.NS,Wipro,IT
2025-03-17,248.42376708984375,253.53852036662278,247.5155292383579,252.3912756253402,12697926,WIPRO.NS,Wipro,IT
2025-03-18,248.42376708984375,248.42376708984375,248.42376708984375,248.42376708984375,0,WIPRO.NS,Wipro,IT
2025-03-19,254.01654052734375,254.78135092364772,244.98206819581512,250.4792267992334,14044300,WIPRO.NS,Wipro,IT
2025-03-20,256.21539306640625,261.9037688737735,255.7373792733719,257.3626378399473,17038774,WIPRO.NS,Wipro,IT
2025-03-21,252.67808532714844,257.69723027318094,248.75839547171705,252.39128871477692,22659168,WIPRO.NS,Wipro,IT
2025-03-24,257.5538330078125,259.7048951362335,253.72972255728627,255.30716228299886,9269617,WIPRO.NS,Wipro,IT
2025-03-25,259.0834655761719,262.62077917496083,257.5060259566859,260.0394931244234,12563930,WIPRO.NS,Wipro,IT
2025-03-26,255.6417694091797,260.278509013699,255.02035731645256,260.0395021183696,7308412,WIPRO.NS,Wipro,IT
2025-03-27,260.230712890625,261.521326753075,257.74503540533806,258.1274405933101,14783522,WIPRO.NS,Wipro,IT
2025-03-28,250.71823120117188,259.8961017437606,250.09681911340022,259.08347247099175,14283389,WIPRO.NS,Wipro,IT
2025-04-01,251.05284118652344,251.4352463724932,247.13312238513114,248.9017791928424,8388635,WIPRO.NS,Wipro,IT
2025-04-02,252.00888061523438,253.87311692555642,249.61881162073414,251.24404103160617,7136992,WIPRO.NS,Wipro,IT
2025-04-03,245.0776824951172,249.04519122265188,244.07385059181817,248.4715688242457,12262561,WIPRO.NS,Wipro,IT
2025-04-04,235.46958923339844,242.78319417909,234.08335219904274,241.87497092125852,14639785,WIPRO.NS,Wipro,IT
2025-04-07,232.21908569335938,233.12732353468408,217.97428105597103,220.89016799643343,13011904,WIPRO.NS,Wipro,IT
2025-04-08,236.37782287597656,238.52888496483783,233.1273348879378,233.98775388835296,13806651,WIPRO.NS,Wipro,IT
2025-04-09,226.24392700195312,231.64549172561502,223.71045968255785,230.11584172171595,19063559,WIPRO.NS,Wipro,IT
2025-04-11,229.20761108398438,234.2267558522468,227.86917831424364,234.2267558522468,11205821,WIPRO.NS,Wipro,IT
2025-04-15,233.27073669433594,234.27456860177384,230.7372693645474,234.27456860177384,10694621,WIPRO.NS,Wipro,IT
2025-04-16,236.76022338867188,237.52504836712504,230.59384844032286,233.27072857099728,16203319,WIPRO.NS,Wipro,IT
2025-04-17,226.48292541503906,227.3433589804182,221.94179445919988,224.6664788678326,54875421,WIPRO.NS,Wipro,IT
2025-04-21,227.9647674560547,230.2114380442893,226.9609356062515,226.9609356062515,16298364,WIPRO.NS,Wipro,IT
2025-04-22,223.85385131835938,228.49059090191665,223.2324392284416,227.9647728170045,18367713,WIPRO.NS,Wipro,IT
2025-04-23,232.88832092285156,234.56136916342427,225.71811417753992,226.76973574749184,31898042,WIPRO.NS,Wipro,IT
2025-04-24,232.07568359375,234.37014383740578,230.88064917771626,234.03554295360982,23000820,WIPRO.NS,Wipro,IT
2025-04-25,230.30703735351562,235.32618213035408,227.58236751306862,233.22292437952927,16620430,WIPRO.NS,Wipro,IT
2025-04-28,229.9246368408203,231.31087393747262,228.25158854779977,229.9246368408203,14218414,WIPRO.NS,Wipro,IT
2025-04-29,230.78504943847656,232.88832176160133,229.3032183760337,230.97626662263193,16647246,WIPRO.NS,Wipro,IT
2025-04-30,230.8806610107422,232.69710758108045,228.68179465498002,230.92846530739808,14206640,WIPRO.NS,Wipro,IT
2025-05-02,231.052734375,234.99157785344963,230.16363574375234,231.3969048811204,10822257,WIPRO.NS,Wipro,IT
2025-05-05,232.85964965820312,236.01452906962498,232.02789572604007,233.27073452426686,12170446,WIPRO.NS,Wipro,IT
2025-05-06,230.5843048095703,235.08718674636222,230.0298070374891,233.7487539088033,8869045,WIPRO.NS,Wipro,IT
2025-05-07,233.3089599609375,233.70093476268548,225.63205980019728,225.63205980019728,9130056,WIPRO.NS,Wipro,IT
2025-05-08,230.9475860595703,235.02025823803473,228.7869544247762,232.41986209217805,11434833,WIPRO.NS,Wipro,IT
2025-05-09,231.36822509765625,232.26689334025846,226.10051848106667,226.19612707242462,10582438,WIPRO.NS,Wipro,IT
2025-05-12,245.96678161621094,246.59776333804783,234.1120451219244,234.3128027502575,19791711,WIPRO.NS,Wipro,IT
2025-05-13,240.50787353515625,245.65130675971545,239.59963563280942,245.65130675971545,11714159,WIPRO.NS,Wipro,IT
2025-05-14,241.81761169433594,242.5346323593957,239.72390901830983,240.5078586142634,8839105,WIPRO.NS,Wipro,IT
2025-05-15,245.2880096435547,245.79470310723363,239.59963372293012,242.06618669463595,12083645,WIPRO.NS,Wipro,IT
2025-05-16,243.1273651123047,245.69908156861143,242.381664786632,245.69908156861143,6640387,WIPRO.NS,Wipro,IT
2025-05-19,240.67994689941406,243.5384746583959,240.23061276300297,243.12737520712,6788784,WIPRO.NS,Wipro,IT
2025-05-20,238.7296600341797,243.4046344463817,238.34724023889126,241.87498444087518,9366429,WIPRO.NS,Wipro,IT
2025-05-21,239.88644409179688,241.02411927198438,237.19045384040393,238.7296588628064,5313593,WIPRO.NS,Wipro,IT
2025-05-22,235.12542724609375,238.90173329983332,234.22675897963038,238.05086933031822,11469037,WIPRO.NS,Wipro,IT
2025-05-23,236.4829864501953,239.47535749023734,234.8003831348431,235.27839693227736,7437642,WIPRO.NS,Wipro,IT
2025-05-26,239.23635864257812,239.81953607858665,237.28605411423132,237.56331029525484,3690751,WIPRO.NS,Wipro,IT
2025-05-27,237.33384704589844,239.95336787014628,237.08528512638918,239.95336787014628,6861143,WIPRO.NS,Wipro,IT
2025-05-28,236.54989624023438,239.140737391071,236.10057670009755,238.61491930645585,6205160,WIPRO.NS,Wipro,IT
2025-05-29,239.14073181152344,240.6703817332923,237.19044201969984,238.67227305837383,11785042,WIPRO.NS,Wipro,IT
2025-05-30,238.69140625,240.0680883113749,237.59198035844764,239.00689710471704,13858429,WIPRO.NS,Wipro,IT
2025-06-02,236.78890991210938,237.49637559055304,235.37399314304562,236.71244054108845,5846259,WIPRO.NS,Wipro,IT
2025-06-03,235.3931121826172,238.52888148156134,234.9246534162675,237.09484010992873,8573438,WIPRO.NS,Wipro,IT
2025-06-04,236.0049591064453,238.82523743186326,235.67034363231838,235.67034363231838,6698150,WIPRO.NS,Wipro,IT
2025-06-05,237.0374755859375,238.5193212216614,236.0240887062802,236.04319875424977,6468060,WIPRO.NS,Wipro,IT
2025-06-06,237.6588897705078,238.98776750731147,236.23441802954062,236.23441802954062,4445411,WIPRO.NS,Wipro,IT
2025-06-09,240.24017333984375,242.25739219424057,238.26120375928954,238.62449892167552,9193904,WIPRO.NS,Wipro,IT
2025-06-10,243.66275024414062,244.5518634996342,240.75643275281624,241.77937470124814,10739851,WIPRO.NS,Wipro,IT
2025-06-11,247.53468322753906,250.09683023683849,242.92662311522986,244.7621797999991,17268454,WIPRO.NS,Wipro,IT
2025-06-12,248.19430541992188,251.43525291234172,245.0489956960389,248.56717017950135,14528657,WIPRO.NS,Wipro,IT
2025-06-13,248.76792907714844,250.71823351466082,242.83100595890886,243.78703354142425,8692116,WIPRO.NS,Wipro,IT
2025-06-16,251.33009338378906,253.64366368660225,246.65510472024687,248.5671597955976,10935361,WIPRO.NS,Wipro,IT
2025-06-17,251.34921264648438,253.77753085038947,250.1541781805768,251.33010259826244,7528454,WIPRO.NS,Wipro,IT
2025-06-18,250.08724975585938,253.92092966647772,249.551876648098,251.33964354462043,5016660,WIPRO.NS,Wipro,IT
2025-06-19,253.90179443359375,254.72399333206667,250.29758092368093,251.29185778614354,14184486,WIPRO.NS,Wipro,IT
2025-06-20,254.81959533691406,255.45057703087332,251.3109613361813,254.30333228264814,12904674,WIPRO.NS,Wipro,IT
2025-06-23,251.66470336914062,253.53853852582162,250.29759086374162,252.39129370236992,6214062,WIPRO.NS,Wipro,IT
2025-06-24,253.31863403320312,256.83680859480046,253.0700575212962,253.82532749356554,6319428,WIPRO.NS,Wipro,IT
2025-06-25,257.5633850097656,258.0891884905033,254.15992927555354,254.20771898265866,5331739,WIPRO.NS,Wipro,IT
2025-06-26,256.7124938964844,259.370249180491,255.4409901582738,257.2670061850603,8564099,WIPRO.NS,Wipro,IT
2025-06-27,253.3950958251953,258.12744396820415,252.86929233181482,257.17141639795153,8906108,WIPRO.NS,Wipro,IT
2025-06-30,254.2842254638672,255.01078658303396,251.33964418799587,254.39894410501742,7119563,WIPRO.NS,Wipro,IT
2025-07-01,252.9170684814453,256.5499905590356,252.1044684308101,253.825306294754,3886095,WIPRO.NS,Wipro,IT
2025-07-02,255.25936889648438,256.88462748481066,252.8215101896419,253.34731369875792,8750887,WIPRO.NS,Wipro,IT
2025-07-03,255.30715942382812,258.9400818165316,254.73356620319072,256.5978025215564,9357962,WIPRO.NS,Wipro,IT
2025-07-04,258.1752624511719,259.4659056499897,255.73740354557657,256.50221401676157,7141779,WIPRO.NS,Wipro,IT
2025-07-07,255.97637939453125,258.65324489441184,255.54615532192918,258.1752311140299,4849218,WIPRO.NS,Wipro,IT
2025-07-08,257.7928161621094,258.41422821794356,255.59396452588237,256.02415940654697,5519016,WIPRO.NS,Wipro,IT
2025-07-09,256.024169921875,257.553819859123,253.203906113981,256.2153871048982,11564433,WIPRO.NS,Wipro,IT
2025-07-10,253.3950958251953,255.78516475082685,251.57864927684457,255.78516475082685,6911031,WIPRO.NS,Wipro,IT
2025-07-11,246.94190979003906,250.5270131794162,246.41610629652217,249.52319590064903,13109857,WIPRO.NS,Wipro,IT
2025-07-14,243.07000732421875,248.13694172600904,240.58432983110347,246.94190727505418,10388421,WIPRO.NS,Wipro,IT
2025-07-15,246.0814971923828,248.42377647110078,241.68377900674525,242.83100920352794,8750149,WIPRO.NS,Wipro,IT
2025-07-16,251.24404907226562,252.39129389660022,244.79086258059118,246.08150571405562,12179338,WIPRO.NS,Wipro,IT
2025-07-17,249.1407928466797,252.72589626683822,246.65511530690716,252.24788247748376,7484171,WIPRO.NS,Wipro,IT
2025-07-18,255.21157836914062,259.94389746296383,253.9209352796809,256.7890180670817,30319126,WIPRO.NS,Wipro,IT
2025-07-21,248.9017791748047,255.40275486275578,247.80235332435427,255.21156685760755,12190000,WIPRO.NS,Wipro,IT
2025-07-22,248.28036499023438,250.62261496899794,247.37212715265252,250.192420079337,6724044,WIPRO.NS,Wipro,IT
2025-07-23,249.9055938720703,250.24020934720517,246.79850435773062,248.80616803289453,6510321,WIPRO.NS,Wipro,IT
2025-07-24,250.33583068847656,251.8176617851558,248.80618070683067,250.47922899208316,8139900,WIPRO.NS,Wipro,IT
2025-07-25,247.8023681640625,250.52702351184462,244.79085785226582,250.28801660936216,8427780,WIPRO.NS,Wipro,IT
2025-07-28,243.75680541992188,247.60738980612828,242.7332285894722,247.60738980612828,8998911,WIPRO.NS,Wipro,IT
2025-07-29,245.46275329589844,246.34009633443347,241.02726376828457,242.9281836016165,12923128,WIPRO.NS,Wipro,IT
2025-07-30,243.90301513671875,246.14513218703763,242.92818293003742,245.12155539507043,6057152,WIPRO.NS,Wipro,IT
2025-07-31,242.05084228515625,243.85427296047746,239.85746979845484,241.85587881684572,7338764,WIPRO.NS,Wipro,IT
2025-08-01,236.64051818847656,240.68606589658398,236.10435749981247,240.29613896378774,7436999,WIPRO.NS,Wipro,IT
2025-08-04,239.8574676513672,240.21815080825093,235.0320511987707,236.64051839138318,5234393,WIPRO.NS,Wipro,IT
2025-08-05,239.7209930419922,240.7348119985049,238.37571982827956,239.85746895680657,7383968,WIPRO.NS,Wipro,IT
2025-08-06,233.92074584960938,239.80872590831794,233.2870959823132,239.80872590831794,7700190,WIPRO.NS,Wipro,IT
2025-08-07,236.2213592529297,237.05970071274936,232.60472504073846,233.0921411684065,6190830,WIPRO.NS,Wipro,IT
2025-08-08,233.0336456298828,237.12793798708202,232.3999957607658,236.2993246485287,8922847,WIPRO.NS,Wipro,IT
2025-08-11,235.53895568847656,238.5901852899006,232.61445903528065,233.0336446237802,3047287,WIPRO.NS,Wipro,IT
2025-08-12,235.63644409179688,240.09141957743057,235.03205287869676,236.59177549712652,8101435,WIPRO.NS,Wipro,IT
2025-08-13,235.56820678710938,236.77700412958293,234.07671463760067,236.77700412958293,5820844,WIPRO.NS,Wipro,IT
2025-08-14,240.5983428955078,242.17756636517944,236.30908698725327,236.98172361315326,12857225,WIPRO.NS,Wipro,IT
2025-08-18,239.0386199951172,242.7429706054472,238.59993358753013,242.3822874367516,5789317,WIPRO.NS,Wipro,IT
2025-08-19,240.7445831298828,241.27098600900808,238.61944105359495,239.28233472982822,4090961,WIPRO.NS,Wipro,IT
2025-08-20,244.52691650390625,246.52532557896734,239.12635241728586,239.12635241728586,10099384,WIPRO.NS,Wipro,IT
2025-08-21,243.62033081054688,246.3791078589765,243.32787816102336,246.3791078589765,7607486,WIPRO.NS,Wipro,IT
2025-08-22,242.38229370117188,246.6325629702745,241.37821765850688,245.65773070556986,13572686,WIPRO.NS,Wipro,IT
2025-08-25,247.451416015625,250.81459919486161,244.2929690295729,244.2929690295729,16391069,WIPRO.NS,Wipro,IT
2025-08-26,245.6869659423828,248.40675619622257,244.9850855462151,246.63255439625433,15797327,WIPRO.NS,Wipro,IT
2025-08-28,244.34169006347656,245.99891673776128,242.81121121251053,245.67722032009752,5851451,WIPRO.NS,Wipro,IT
2025-08-29,243.13291931152344,246.73005275714573,242.4017951111859,244.19548291273827,10117017,WIPRO.NS,Wipro,IT
2025-09-01,244.0590057373047,246.62281934658193,243.123160220783,243.142661030958,3198345,WIPRO.NS,Wipro,IT
2025-09-02,244.61463928222656,246.77876797811365,243.31812553289043,244.05899265747667,5046939,WIPRO.NS,Wipro,IT
2025-09-03,243.2791290283203,246.04764899259635,242.85020046700103,245.56023287741706,3862765,WIPRO.NS,Wipro,IT
2025-09-04,238.80465698242188,244.03950139425618,238.2879970809629,243.2206458758789,5021036,WIPRO.NS,Wipro,IT
2025-09-05,237.53736877441406,241.09551535487674,235.19777736172693,239.90621883891225,6233782,WIPRO.NS,Wipro,IT
2025-09-08,236.41632080078125,240.77382213657367,236.1043673417334,238.21000856602762,6596932,WIPRO.NS,Wipro,IT
2025-09-09,242.8794403076172,243.5618347576162,238.83389256709856,238.83389256709856,12836972,WIPRO.NS,Wipro,IT
2025-09-10,249.31333923339844,250.69761406985873,242.97692982961703,243.02567441536718,15261331,WIPRO.NS,Wipro,IT
2025-09-11,247.5196533203125,249.26459645464794,245.82343989732132,249.26459645464794,5865301,WIPRO.NS,Wipro,IT
2025-09-12,245.5992431640625,249.45957060265388,244.5074357874524,248.4652524024239,5345794,WIPRO.NS,Wipro,IT
2025-09-15,244.95584106445312,245.45300014582503,243.31813006128027,245.17030534459616,3700703,WIPRO.NS,Wipro,IT
2025-09-16,247.61712646484375,248.0947996068193,243.90301809234163,245.65771906058336,7316998,WIPRO.NS,Wipro,IT
2025-09-17,247.75360107421875,249.06963051215138,246.4863310966648,246.92500261772264,7339871,WIPRO.NS,Wipro,IT
2025-09-18,250.46363830566406,253.26140205244997,249.557051469507,250.53188370180976,10498239,WIPRO.NS,Wipro,IT
2025-09-19,249.44007873535156,251.17527893538278,248.28976895541248,250.53188608599783,10741757,WIPRO.NS,Wipro,IT
2025-09-22,244.02975463867188,245.44325840137773,240.98828283204853,242.29455445414862,15784007,WIPRO.NS,Wipro,IT
2025-09-23,243.34738159179688,245.6577292858718,242.48952444389133,243.92252905470636,8674114,WIPRO.NS,Wipro,IT
2025-09-24,238.43421936035156,242.8502083166328,238.10277996125882,242.08009737465142,7888797,WIPRO.NS,Wipro,IT
2025-09-25,235.90940856933594,239.45779742555374,235.20752814724804,239.27257691489723,7957740,WIPRO.NS,Wipro,IT
2025-09-26,229.8166961669922,235.47072602537375,229.09531496833094,235.37323685334195,16999628,WIPRO.NS,Wipro,IT
2025-09-29,233.60879516601562,234.72984628139795,230.34310124332197,230.9182635642424,8894412,WIPRO.NS,Wipro,IT
2025-09-30,233.3455810546875,235.42197841930238,232.98489789736342,233.89148471164037,5590909,WIPRO.NS,Wipro,IT
2025-10-01,235.0028076171875,237.43988813817003,231.85408887425157,233.95973001432264,9479378,WIPRO.NS,Wipro,IT
2025-10-03,234.91506958007812,235.32449733686522,232.0685612175871,234.91506958007812,10968346,WIPRO.NS,Wipro,IT
2025-10-06,236.0361328125,236.8452453490659,233.29685662380936,233.95973540089406,6064946,WIPRO.NS,Wipro,IT
2025-10-07,237.40089416503906,238.83389874750486,236.04587794672727,236.786745094051,6587728,WIPRO.NS,Wipro,IT
2025-10-08,238.1222686767578,240.14992146342618,236.46505689070705,237.1279356552237,7360563,WIPRO.NS,Wipro,IT
2025-10-09,240.1986541748047,240.5885959894731,237.04020728716665,237.8493198184994,4629760,WIPRO.NS,Wipro,IT
2025-10-10,242.44078063964844,244.9266058832664,240.05244457215662,241.75840103104505,7070200,WIPRO.NS,Wipro,IT
2025-10-13,238.96063232421875,241.46594345215223,238.35622621913274,239.86721916970842,6717589,WIPRO.NS,Wipro,IT
2025-10-14,242.16781616210938,243.85427172283678,238.94112392245552,239.6137605282582,7888607,WIPRO.NS,Wipro,IT
2025-10-15,243.91278076171875,245.78445687329972,242.28479783482518,243.7080594468892,13278925,WIPRO.NS,Wipro,IT
2025-10-16,247.4221649169922,247.67563081561443,242.5382608193318,244.0979834561764,10661302,WIPRO.NS,Wipro,IT
2025-10-17,234.8370819091797,243.70806129004103,233.09213873523723,243.70806129004103,43802251,WIPRO.NS,Wipro,IT
2025-10-20,235.1685333251953,235.8509129135795,233.24811263554014,234.83707906104348,9871824,WIPRO.NS,Wipro,IT
2025-10-21,235.28550720214844,236.0653759596895,234.31067497391194,234.93456700499294,2082336,WIPRO.NS,Wipro,IT
2025-10-23,238.15151977539062,241.56343262353442,237.24491805515171,238.63893589655402,18964626,WIPRO.NS,Wipro,IT
2025-10-24,236.86473083496094,239.69175322388642,236.06537614206434,238.83389610245257,6803979,WIPRO.NS,Wipro,IT
2025-10-27,237.77133178710938,239.54551870335686,236.94271844519798,237.1669256922204,9550336,WIPRO.NS,Wipro,IT
2025-10-28,236.27984619140625,238.5414492830063,235.32449987384408,237.52763028499794,8780789,WIPRO.NS,Wipro,IT
2025-10-29,236.18235778808594,237.46914350586005,235.55846573925115,237.46914350586005,8776917,WIPRO.NS,Wipro,IT
2025-10-30,235.83140563964844,238.60968337840853,234.44714569122434,236.77699407004698,8344622,WIPRO.NS,Wipro,IT
2025-10-31,234.6128692626953,237.06945062894138,234.44714956980002,236.01663004340736,5659566,WIPRO.NS,Wipro,IT
2025-11-03,234.44715881347656,235.2172697549134,233.47232655229786,234.61287851290575,4902693,WIPRO.NS,Wipro,IT
2025-11-04,231.9320831298828,234.7785914657564,231.5421561865202,234.4471520764222,6848284,WIPRO.NS,Wipro,IT
2025-11-06,234.00848388671875,234.56413053267985,232.37075797674785,233.95973929941277,7141517,WIPRO.NS,Wipro,IT
2025-11-07,230.5380859375,233.2286176133613,230.0604127763982,232.69245689676944,5520619,WIPRO.NS,Wipro,IT
2025-11-10,233.8037567138672,235.47072635951724,231.05473758082863,231.46416532937656,8566758,WIPRO.NS,Wipro,IT
2025-11-11,235.60720825195312,235.95814845600435,232.79968661954322,235.0320607959346,8831094,WIPRO.NS,Wipro,IT
2025-11-12,239.04835510253906,240.1011756715635,236.0068833751967,236.64051836014002,13152546,WIPRO.NS,Wipro,IT
2025-11-13,239.1555938720703,239.80872968420658,237.8590652152293,239.80872968420658,6211124,WIPRO.NS,Wipro,IT
2025-11-14,238.21974182128906,239.71123390899896,236.0556131303455,237.78107030280245,6841554,WIPRO.NS,Wipro,IT
2025-11-17,237.90780639648438,238.61942975254223,236.58203398156658,237.82981803387048,6559062,WIPRO.NS,Wipro,IT
2025-11-18,234.8370819091797,237.85906781908002,234.25219148693935,236.81599017687407,4730012,WIPRO.NS,Wipro,IT
2025-11-19,239.87696838378906,240.63733631548203,234.48613259278574,235.12952541952873,13298452,WIPRO.NS,Wipro,IT
2025-11-20,240.0621795654297,241.56342952924817,239.5260337388253,241.27097688534437,6705862,WIPRO.NS,Wipro,IT
2025-11-21,238.3367462158203,241.02727791672132,237.4788890612896,238.8339053168725,5516450,WIPRO.NS,Wipro,IT
2025-11-24,241.04676818847656,243.10366477606482,238.85339568452147,238.85339568452147,19711070,WIPRO.NS,Wipro,IT
2025-11-25,239.45779418945312,241.75839890303692,237.85906988847182,241.75839890303692,8188793,WIPRO.NS,Wipro,IT
2025-11-26,243.89328002929688,244.24422023000196,239.43828956131182,239.8087305717115,8202096,WIPRO.NS,Wipro,IT
2025-11-27,243.2791290283203,245.57973368695687,241.4561975174728,244.09798453187923,5268129,WIPRO.NS,Wipro,IT
2025-11-28,243.24989318847656,245.647987098301,242.34330632454626,244.68289780384242,7049965,WIPRO.NS,Wipro,IT
2025-12-01,243.98101806640625,244.4391904208848,242.59675803523524,243.805555398611,3865446,WIPRO.NS,Wipro,IT
2025-12-02,243.873779296875,245.121563372053,242.60649441199627,243.70805960131725,8535708,WIPRO.NS,Wipro,IT
2025-12-03,248.280029296875,250.65862237799195,244.24422435793778,244.29296894561833,17215454,WIPRO.NS,Wipro,IT
2025-12-04,250.46363830566406,252.2865698201472,249.0696353533556,249.557051469507,10687381,WIPRO.NS,Wipro,IT
2025-12-05,253.36865234375,254.528705095151,251.21428141237067,251.7016975348242,7886562,WIPRO.NS,Wipro,IT
2025-12-08,254.80165100097656,256.44911983647165,253.17366810009898,253.46613561647285,9684253,WIPRO.NS,Wipro,IT
2025-12-09,250.9315643310547,255.23057797425164,250.58060926348844,254.80164941918085,8560580,WIPRO.NS,Wipro,IT
2025-12-10,251.4872283935547,253.81706194413258,250.77559015869068,251.51647217035628,7944200,WIPRO.NS,Wipro,IT
2025-12-11,252.72525024414062,253.4368884667086,251.233758153992,251.8089055874984,6473376,WIPRO.NS,Wipro,IT
2025-12-12,254.04129028320312,254.25575456816978,250.88281356373759,252.96896885836975,4008271,WIPRO.NS,Wipro,IT
2025-12-15,255.15257263183594,255.89345462984815,252.03312741558292,253.44661626763695,4023911,WIPRO.NS,Wipro,IT
2025-12-16,252.69601440429688,255.1623387811405,252.28657177377085,255.1525809388959,2982041,WIPRO.NS,Wipro,IT
2025-12-17,254.5677032470703,255.53277763653588,251.80891137183292,252.48154799161765,4923276,WIPRO.NS,Wipro,IT
2025-12-18,257.2095031738281,258.32079650390807,254.43122522434786,254.60668789496253,9008412,WIPRO.NS,Wipro,IT
2025-12-19,257.7944030761719,260.2802134395507,256.67332217747196,260.2802134395507,12750745,WIPRO.NS,Wipro,IT
2025-12-22,265.8075256347656,266.2266963670133,260.0852352744315,260.77738759923454,14651313,WIPRO.NS,Wipro,IT
2025-12-23,264.5694580078125,265.622293462953,263.40940528846386,265.15436328849967,7572420,WIPRO.NS,Wipro,IT
2025-12-24,261.31353759765625,264.1600609341609,260.47519611983154,264.1210593132444,4694861,WIPRO.NS,Wipro,IT
2025-12-26,259.5978088378906,262.112892630566,259.05190517349195,260.47518163736993,2899112,WIPRO.NS,Wipro,IT
2025-12-29,257.58966064453125,260.66040598902146,256.9657834829414,259.29561705835073,3755074,WIPRO.NS,Wipro,IT
2025-12-30,257.0145263671875,258.05760405355176,256.40037726681373,257.3557236173418,5117699,WIPRO.NS,Wipro,IT
2025-12-31,256.6538391113281,257.94062484889497,254.6846886337934,257.35571953640823,5705044,WIPRO.NS,Wipro,IT
2026-01-01,260.62139892578125,261.30376362734427,257.1119969978968,257.84312115997614,3639755,WIPRO.NS,Wipro,IT
2026-01-02,262.2298583984375,265.5442818855403,259.45158071457286,260.6213912392056,8286204,WIPRO.NS,Wipro,IT
2026-01-05,256.6733093261719,262.86349981760594,255.113601587763,262.66855122506394,7006599,WIPRO.NS,Wipro,IT
2026-01-06,258.9154357910156,259.402851886349,256.332136435652,256.67330390277135,4083654,WIPRO.NS,Wipro,IT
2026-01-07,263.98455810546875,265.64178480959305,257.8431269069261,258.3305430258428,10242615,WIPRO.NS,Wipro,IT
2026-01-08,255.6010284423828,264.08205118733326,254.77241507805792,264.08205118733326,9269522,WIPRO.NS,Wipro,IT
2026-01-09,255.35731506347656,257.3069795274099,253.89506671552655,254.7724097743928,4735387,WIPRO.NS,Wipro,IT
2026-01-12,256.4783630371094,257.8431221952334,252.53027469631817,254.13877165896557,3802164,WIPRO.NS,Wipro,IT
2026-01-13,257.5506896972656,258.1843247033359,254.72365240176612,256.8195655172956,6931244,WIPRO.NS,Wipro,IT
2026-01-14,253.6513671875,257.3557178937383,253.06646187874662,257.3557178937383,5625861,WIPRO.NS,Wipro,IT
2026-01-15,253.6513671875,253.6513671875,253.6513671875,253.6513671875,0,WIPRO.NS,Wipro,IT
2026-01-16,260.7189025878906,263.00973462344757,256.3808870853084,256.62459515288,12028289,WIPRO.NS,Wipro,IT
2026-01-19,239.75997924804688,245.6577170977665,235.47072347084665,245.6577170977665,65833247,WIPRO.NS,Wipro,IT
2026-01-20,233.86224365234375,239.80872614486398,233.37482754229322,239.75998155890707,16796201,WIPRO.NS,Wipro,IT
2026-01-21,233.5210723876953,236.4943137751243,231.6201524431948,233.86225475607444,14397792,WIPRO.NS,Wipro,IT
2026-01-22,234.59336853027344,236.78674103216582,233.17986478178355,235.90939798131257,8537915,WIPRO.NS,Wipro,IT
2026-01-23,232.39999389648438,237.42038872406175,231.86384807852525,236.2018484564108,13546802,WIPRO.NS,Wipro,IT
2026-01-27,234.8000030517578,236.39999389648438,231.75,235.1999969482422,15677537,WIPRO.NS,Wipro,IT
2026-01-28,237.35000610351562,238.10000610351562,234.9499969482422,235.5,10155128,WIPRO.NS,Wipro,IT
2026-01-29,239.8000030517578,240.89999389648438,235.4499969482422,236.1999969482422,12201949,WIPRO.NS,Wipro,IT
2026-01-30,236.89999389648438,238.0,235.3000030517578,238.0,11362317,WIPRO.NS,Wipro,IT
2026-02-02,242.3000030517578,244.0800018310547,239.2899932861328,244.0,12335721,WIPRO.NS,Wipro,IT
2026-02-03,242.69000244140625,259.8900146484375,242.27999877929688,259.2099914550781,25915412,WIPRO.NS,Wipro,IT
2026-02-04,233.33999633789062,235.9199981689453,226.25999450683594,235.91000366210938,25995324,WIPRO.NS,Wipro,IT
2026-02-05,233.38999938964844,235.57000732421875,231.6999969482422,233.33999633789062,10102736,WIPRO.NS,Wipro,IT
2026-02-06,230.72000122070312,232.92999267578125,228.60000610351562,232.92999267578125,12279085,WIPRO.NS,Wipro,IT
2026-02-09,230.0800018310547,232.92999267578125,229.61000061035156,231.85000610351562,9112474,WIPRO.NS,Wipro,IT
2026-02-10,231.47000122070312,232.86000061035156,227.1999969482422,229.97999572753906,12435622,WIPRO.NS,Wipro,IT
2026-02-11,229.80999755859375,233.0,229.5,231.47000122070312,7874912,WIPRO.NS,Wipro,IT
2026-02-12,219.0800018310547,226.25999450683594,218.5,226.1999969482422,40899346,WIPRO.NS,Wipro,IT
2026-02-13,214.08999633789062,216.47999572753906,209.00999450683594,210.64999389648438,23721186,WIPRO.NS,Wipro,IT
2026-02-16,213.25999450683594,216.91000366210938,210.11000061035156,214.6199951171875,20754327,WIPRO.NS,Wipro,IT
2026-02-17,215.69000244140625,219.38999938964844,212.25999450683594,213.25999450683594,26941553,WIPRO.NS,Wipro,IT
2026-02-18,211.9499969482422,216.39999389648438,210.25999450683594,216.1999969482422,22679760,WIPRO.NS,Wipro,IT
2026-02-19,211.2100067138672,215.44000244140625,210.39999389648438,214.0,14151588,WIPRO.NS,Wipro,IT
2026-02-20,209.86000061035156,211.9600067138672,208.25,209.6999969482422,17690420,WIPRO.NS,Wipro,IT
2026-02-23,205.88999938964844,211.74000549316406,204.27999877929688,210.36000061035156,20946229,WIPRO.NS,Wipro,IT
2026-02-24,200.13999938964844,203.2899932861328,199.36000061035156,203.0,25036686,WIPRO.NS,Wipro,IT
2026-02-25,201.9199981689453,205.47999572753906,201.30999755859375,201.30999755859375,13979068,WIPRO.NS,Wipro,IT
2026-02-26,201.0800018310547,204.6300048828125,199.1199951171875,203.7100067138672,14378069,WIPRO.NS,Wipro,IT
2026-02-27,200.9600067138672,204.0,200.0500030517578,204.0,13288519,WIPRO.NS,Wipro,IT
2026-03-02,198.57000732421875,200.36000061035156,194.6999969482422,195.0,10486866,WIPRO.NS,Wipro,IT
2026-03-04,195.5500030517578,197.1199951171875,194.50999450683594,196.00999450683594,19562075,WIPRO.NS,Wipro,IT
2026-03-05,195.67999267578125,196.97000122070312,193.22000122070312,196.39999389648438,13149281,WIPRO.NS,Wipro,IT
2026-03-06,195.39999389648438,198.92999267578125,195.0,195.60000610351562,9022914,WIPRO.NS,Wipro,IT
2026-03-09,198.75,199.5,193.02999877929688,194.0,25862728,WIPRO.NS,Wipro,IT
2026-03-10,200.92999267578125,201.30999755859375,197.4199981689453,200.5,12982340,WIPRO.NS,Wipro,IT
2026-03-11,202.22999572753906,205.9499969482422,201.5800018310547,202.69000244140625,29199002,WIPRO.NS,Wipro,IT
2026-03-12,202.50999450683594,203.8000030517578,199.6999969482422,201.05999755859375,19042475,WIPRO.NS,Wipro,IT
2026-03-13,197.5800018310547,202.07000732421875,196.0399932861328,200.60000610351562,12629652,WIPRO.NS,Wipro,IT
2026-03-16,195.11000061035156,198.2899932861328,192.77000427246094,196.24000549316406,12631649,WIPRO.NS,Wipro,IT
2026-03-17,191.32000732421875,195.11000061035156,188.25,195.0,21778468,WIPRO.NS,Wipro,IT
2026-03-18,194.3000030517578,198.0,192.69000244140625,193.0,24529164,WIPRO.NS,Wipro,IT
2026-03-19,188.41000366210938,192.7899932861328,187.67999267578125,191.97999572753906,13685195,WIPRO.NS,Wipro,IT
2026-03-20,190.89999389648438,192.3000030517578,188.41000366210938,191.19000244140625,24395304,WIPRO.NS,Wipro,IT
2026-03-23,187.5399932861328,190.6199951171875,187.0,189.41000366210938,12014988,WIPRO.NS,Wipro,IT
2026-03-24,188.74000549316406,191.5,187.8000030517578,191.5,11843191,WIPRO.NS,Wipro,IT
2026-03-25,189.0500030517578,190.6199951171875,187.89999389648438,189.0,13862888,WIPRO.NS,Wipro,IT
2026-03-27,191.60000610351562,192.2899932861328,187.89999389648438,189.0500030517578,26269256,WIPRO.NS,Wipro,IT
2026-03-30,187.63999938964844,191.6300048828125,186.5,189.99000549316406,27946986,WIPRO.NS,Wipro,IT
2026-04-01,191.17999267578125,194.49000549316406,190.41000366210938,191.50999450683594,11769673,WIPRO.NS,Wipro,IT
2026-04-02,194.91000366210938,195.33999633789062,188.5800018310547,190.5,16623045,WIPRO.NS,Wipro,IT
2026-04-06,197.2899932861328,201.17999267578125,196.11000061035156,197.0,23282287,WIPRO.NS,Wipro,IT
2026-04-07,204.72000122070312,205.27000427246094,197.00999450683594,197.00999450683594,24771466,WIPRO.NS,Wipro,IT
2026-04-08,203.4199981689453,209.0,202.8000030517578,207.6999969482422,22084158,WIPRO.NS,Wipro,IT
2026-04-09,202.8699951171875,204.16000366210938,201.6300048828125,203.7100067138672,14540807,WIPRO.NS,Wipro,IT
2026-04-10,204.8800048828125,208.6999969482422,200.6199951171875,208.6999969482422,51219565,WIPRO.NS,Wipro,IT
2026-04-13,202.97000122070312,203.39999389648438,200.30999755859375,203.00999450683594,21930624,WIPRO.NS,Wipro,IT
2026-04-15,209.75,210.49000549316406,205.10000610351562,206.5,27890080,WIPRO.NS,Wipro,IT
2026-04-16,210.25999450683594,212.97999572753906,208.2100067138672,212.97999572753906,36305074,WIPRO.NS,Wipro,IT
2026-04-17,204.32000732421875,206.4499969482422,202.5,205.0,80542603,WIPRO.NS,Wipro,IT
2026-04-20,202.47999572753906,205.1999969482422,202.0,204.5,27927164,WIPRO.NS,Wipro,IT
2026-04-21,205.00999450683594,205.6999969482422,202.47999572753906,203.0,21530723,WIPRO.NS,Wipro,IT
2026-04-22,204.0,205.3800048828125,202.1999969482422,203.5,21790433,WIPRO.NS,Wipro,IT
2026-04-23,202.75999450683594,204.89999389648438,202.3000030517578,204.0,20307250,WIPRO.NS,Wipro,IT
2026-04-24,199.36000061035156,202.75,197.8800048828125,202.75,39363394,WIPRO.NS,Wipro,IT
2026-04-27,205.0500030517578,205.25,199.36000061035156,199.36000061035156,42632215,WIPRO.NS,Wipro,IT
2026-04-28,201.5800018310547,205.67999267578125,201.02000427246094,204.55999755859375,23455983,WIPRO.NS,Wipro,IT
2026-04-29,200.67999267578125,203.60000610351562,200.3000030517578,201.5800018310547,15667662,WIPRO.NS,Wipro,IT
2026-04-30,200.64999389648438,202.14999389648438,200.0,200.88999938964844,15300274,WIPRO.NS,Wipro,IT
2026-05-01,200.64999389648438,200.64999389648438,200.64999389648438,200.64999389648438,0,WIPRO.NS,Wipro,IT
2026-05-04,200.75,203.3699951171875,200.05999755859375,202.39999389648438,8446995,WIPRO.NS,Wipro,IT
2026-05-05,199.77999877929688,202.3000030517578,199.60000610351562,200.0,8899200,WIPRO.NS,Wipro,IT
2026-05-06,199.1199951171875,201.1300048828125,198.25,200.50999450683594,13166683,WIPRO.NS,Wipro,IT
2026-05-07,197.36000061035156,200.27999877929688,197.19000244140625,199.5,19303572,WIPRO.NS,Wipro,IT
2026-05-08,197.91000366210938,198.94000244140625,196.6999969482422,198.0,15970687,WIPRO.NS,Wipro,IT
2026-05-11,196.67999267578125,198.24000549316406,196.14999389648438,197.8800048828125,9199527,WIPRO.NS,Wipro,IT
2026-05-12,189.57000732421875,196.13999938964844,189.10000610351562,196.10000610351562,27435195,WIPRO.NS,Wipro,IT
2026-05-13,187.8000030517578,191.3000030517578,187.30999755859375,190.6699981689453,17242394,WIPRO.NS,Wipro,IT
2026-05-14,188.3000030517578,190.17999267578125,187.0,188.25,18280387,WIPRO.NS,Wipro,IT
2026-05-15,190.0,191.89999389648438,188.8000030517578,189.89999389648438,17902610,WIPRO.NS,Wipro,IT
2026-05-18,192.1699981689453,192.75,189.1999969482422,190.99000549316406,16327369,WIPRO.NS,Wipro,IT
2026-05-19,195.1699981689453,198.0,192.39999389648438,192.39999389648438,20534622,WIPRO.NS,Wipro,IT
2026-05-20,,,,,16190126,WIPRO.NS,Wipro,IT
